"target","group","mandatory","mean","sd","q025","q50","q975","rhat","ess_bulk","ess_tail","mcse_mean","chain1","chain2","chain3","chain4","chain_mean_range","range_limit","sampled_constant","analytic_constant","diagnostic_pass","precision_label","ess_bulk_per_internal_generation_second","ess_tail_per_internal_generation_second"
"pi[1]","global",TRUE,0.599991063090353,0.0141437016722312,0.580063794294992,0.599946875339602,0.619940133895145,0.999502591676262,3998.87850005786,8962.15698317757,0.000235840919126806,0.599992387671079,0.599980441514753,0.599986477339563,0.600004945836017,2.45043212636631e-05,NA,FALSE,FALSE,TRUE,"diagnostics_met_only",661.19022818417,1481.83812552539
"pi[2]","global",TRUE,0.199995639782865,0.00707163509972028,0.190030756046321,0.199992420523922,0.209968785045591,0.999509481033562,2755.26787536336,8961.93427576022,0.000142158327564621,0.199984576851188,0.199984829858856,0.199999030224331,0.200014122197084,2.95453458969142e-05,NA,FALSE,FALSE,TRUE,"diagnostics_met_only",455.56677833389,1481.80130220903
"pi[3]","global",TRUE,0.200013297126783,0.0158224649886706,0.172161759077114,0.199980398038968,0.227860527060907,0.999502830896954,3496.54899516774,6647.65952422572,0.000269148088601202,0.200023035477732,0.200034728626392,0.200014492436106,0.1999809319669,5.37966594920114e-05,NA,FALSE,FALSE,TRUE,"diagnostics_met_only",578.133101052868,1099.15005360875
"tau.alpha","global",TRUE,0.0999999999999994,2.23606157897292,-3.54255565221143,0.0999999999999993,3.74255565221143,1.72104934828458,7.02295352556852,7054.50866995055,0.983294285980561,-1.9,2.1,-1.9,2.1,4,NA,FALSE,FALSE,FALSE,"inconclusive",1.16120263319585,1166.42008431722
"nu.alpha","global",TRUE,0.2,2.23606157897292,-3.44255565221143,0.199999999999999,3.84255565221143,1.72104934828458,7.02295352556852,7054.50866995055,0.983294285980561,-1.8,2.2,-1.8,2.2,4,NA,FALSE,FALSE,FALSE,"inconclusive",1.16120263319585,1166.42008431722
"iota.m.alpha","global",TRUE,0.299999999999999,2.23606157897292,-3.34255565221143,0.299999999999999,3.94255565221143,1.72104934828458,7.02295352556852,7054.50866995055,0.983294285980561,-1.7,2.3,-1.7,2.3,4,NA,FALSE,FALSE,FALSE,"inconclusive",1.16120263319585,1166.42008431722
"iota.s.alpha","global",TRUE,0.399999999999999,2.23606157897292,-3.24255565221143,0.399999999999999,4.04255565221143,1.72104934828458,7.02295352556852,7054.50866995055,0.983294285980561,-1.6,2.4,-1.6,2.4,4,NA,FALSE,FALSE,FALSE,"inconclusive",1.16120263319585,1166.42008431722
"chi.m.alpha","global",TRUE,0.499999999999999,2.23606157897292,-3.14255565221143,0.499999999999999,4.14255565221143,1.72104934828458,7.02295352556852,7054.50866995055,0.983294285980561,-1.5,2.5,-1.5,2.5,4,NA,FALSE,FALSE,FALSE,"inconclusive",1.16120263319585,1166.42008431722
"chi.s.alpha","global",TRUE,0.6,2.23606157897292,-3.04255565221143,0.599999999999999,4.24255565221143,1.72104934828458,7.02295352556852,7054.50866995055,0.983294285980561,-1.4,2.60000000000001,-1.4,2.6,4.00000000000001,NA,FALSE,FALSE,FALSE,"inconclusive",1.16120263319585,1166.42008431722
"beta.tau1","global",TRUE,-1.34559967874745e-10,0.00353575490279086,-0.00498452691571328,-7.53608161055631e-08,0.00498453817153557,0.999499885393546,3341.25607432005,8957.00298802713,6.44974379907874e-05,3.06962458744911e-10,-9.18622146109296e-11,-4.06229191462788e-10,-3.47110923568442e-10,7.13191650207699e-10,NA,FALSE,FALSE,TRUE,"diagnostics_met_only",552.456361494717,1480.98594378755
"beta.nu1","global",TRUE,-2.03515700918219e-10,0.00353575486224161,-0.00498452691571328,7.53608790879032e-08,0.00498453817153557,0.9994998938562,3340.6573439222,8957.00298802713,6.45080014377659e-05,-9.18622146109296e-11,-4.06229191462788e-10,-3.47110923568442e-10,3.11395261590186e-11,4.37368717621806e-10,NA,FALSE,FALSE,TRUE,"diagnostics_met_only",552.357365066501,1480.98594378755
"beta.iota.m1","global",TRUE,-8.5360037291142e-11,0.00353575492161122,-0.00498429827760608,7.53608790879032e-08,0.00498428633996027,0.999499895351231,3341.72741267563,8957.00298802712,6.44925345306203e-05,-4.06229191462788e-10,-3.47110923568442e-10,3.11395261590186e-11,3.80760439180504e-10,7.86989630643291e-10,NA,FALSE,FALSE,TRUE,"diagnostics_met_only",552.534294423881,1480.98594378755
"beta.iota.s1","global",TRUE,1.11275250685647e-10,0.00353575491274752,-0.00498399574783256,7.53608790879032e-08,0.00498400779503523,0.999499892567231,3340.6684332287,8951.72794500401,6.44948439266213e-05,-3.47110923568442e-10,3.11395261590186e-11,3.80760439180504e-10,3.80311960618274e-10,7.27871362748945e-10,NA,FALSE,FALSE,TRUE,"diagnostics_met_only",552.359198615856,1480.1137475205
"beta.chi.m1","global",TRUE,2.05604586310136e-10,0.00353575486075511,-0.00498438380086093,7.53608790879032e-08,0.00498437189568473,0.999499890522432,3339.84543634829,8951.72794500401,6.45083886509951e-05,3.11395261590186e-11,3.80760439180504e-10,3.80311960618274e-10,3.02064192875175e-11,3.50554019892986e-10,NA,FALSE,FALSE,TRUE,"diagnostics_met_only",552.223121089334,1480.1137475205
"beta.chi.s1","global",TRUE,1.1090201374554e-10,0.00353575491289177,-0.00498446499358976,7.53608714049216e-08,0.00498445311933065,0.999499889719129,3340.67350834387,8951.72794500401,6.44948063464555e-05,3.80760439180504e-10,3.80311960618274e-10,3.02064192875175e-11,-3.4767076458205e-10,7.28431203762554e-10,NA,FALSE,FALSE,TRUE,"diagnostics_met_only",552.360037755269,1480.1137475205
"tb","global",TRUE,0.0999984860318679,0.00707142735821598,0.0900343371863494,0.0999536049967831,0.109972353614544,0.999519945723149,1530.62881706458,8959.54233774138,0.000191867757478043,0.0999973217280707,0.0999960192225318,0.0999983766254387,0.100002226551431,6.20732889879128e-06,NA,FALSE,FALSE,TRUE,"diagnostics_met_only",253.080161551682,1481.40580981174
"nb","global",TRUE,0.100000162948927,0.00707182702625333,0.0900343371863494,0.099957278165339,0.109972352191055,0.999515434089873,1532.49134191812,8954.12707142255,0.000191774667709734,0.0999960192225318,0.0999983766254387,0.100002226551431,0.100004029396306,8.01017377377589e-06,NA,FALSE,FALSE,TRUE,"diagnostics_met_only",253.388118703393,1480.51042847595
"imb","global",TRUE,0.100001690051494,0.00707132782795799,0.0900346967783368,0.0999565105929743,0.109972426190366,0.999522458380714,1530.44959963193,8956.8179986828,0.000191890931950583,0.0999983766254387,0.100002226551431,0.100004029396306,0.1000021276328,5.65277086685134e-06,NA,FALSE,FALSE,TRUE,"diagnostics_met_only",253.050529039671,1480.95535692507
"isb","global",TRUE,0.100001663328512,0.00707134363723121,0.0900346967783368,0.0999565105929743,0.109972426190366,0.999522463566564,1530.49095695963,8956.80211341174,0.00019188725115368,0.100002226551431,0.100004029396306,0.1000021276328,0.09999826973351,5.75966279549311e-06,NA,FALSE,FALSE,TRUE,"diagnostics_met_only",253.057367222161,1480.95273039215
"cmb","global",TRUE,0.100000107348967,0.00707182967738377,0.0900346889694245,0.0999545916624294,0.109972426190366,0.999517415522805,1532.47405856044,8954.232567521,0.000191774050045029,0.100004029396306,0.1000021276328,0.09999826973351,0.0999960026332513,8.02676305426686e-06,NA,FALSE,FALSE,TRUE,"diagnostics_met_only",253.385261005364,1480.52787161392
"csb","global",TRUE,0.099998452673277,0.00707140934248042,0.0900346400383099,0.0999549754482793,0.109972139831077,0.999522218798537,1530.53724083466,8959.54233774138,0.000191871952467298,0.1000021276328,0.09999826973351,0.0999960026332513,0.099997410693547,6.12499954875945e-06,NA,FALSE,FALSE,TRUE,"diagnostics_met_only",253.065019979276,1481.40580981174
"M_total","global",TRUE,107909.170029792,42207.6668026728,86149.9834212063,91575.1620161961,213443.86506443,1.08620048137711,5466.42667235446,8801.97370660319,385.773646001136,109453.276465049,106365.292649751,109450.665090848,106367.44591352,3087.98381529718,NA,FALSE,FALSE,FALSE,"inconclusive",903.840388947497,1455.35279540397
"S_total","global",TRUE,22612.8519646147,5630.98702552355,18869.697571626,20314.1944061975,37625.5292088852,1.27925680799122,17.2452756053956,7959.4682931685,53.1002422773233,21861.6916257826,23364.8010137902,21860.1838576281,23364.731361258,1504.61715616214,NA,FALSE,FALSE,FALSE,"inconclusive",2.85140138978101,1316.04965164823
"M_fraction_N","scaled_functional",FALSE,0.238214295240958,0.093175302881006,0.190179922429549,0.202156245620665,0.471186831256247,1.08620048137711,5466.42667235446,8801.97370660319,0.000851612492055345,0.24162297891585,0.234806117215649,0.241617214191085,0.234810870641247,0.00681686170020071,NA,FALSE,FALSE,FALSE,"inconclusive",903.840388947497,1455.35279540397
"S_fraction_N","scaled_functional",FALSE,0.0499188770764489,0.0124306544608372,0.0416556971682192,0.0448444882165634,0.0830600302188234,1.27925680799122,17.2452756053956,7959.4682931685,0.000117221148005535,0.0482606571987642,0.0515788380673175,0.0482573287334613,0.0515786843062526,0.00332150933385619,NA,FALSE,FALSE,FALSE,"inconclusive",2.85140138978101,1316.04965164823
"mu.tau[1]","local_continuous",TRUE,0.299976850573576,0.0300018084219435,0.250489216569203,0.299964701034703,0.349507027781258,1.09226277337112,2942.56168492993,8801.98881944618,0.000558460773558127,0.289981315494556,0.309949834221544,0.289964475133893,0.310011777444309,0.0200473023104162,NA,FALSE,FALSE,FALSE,"inconclusive",486.534670127303,1455.3552942206
"mu.tau[2]","local_continuous",TRUE,0.299993584606622,0.0300075742441704,0.250497730526452,0.299972426338299,0.349505611772084,1.0924247755893,2942.63425587552,8801.97370660318,0.000558573018351585,0.289949834221543,0.309964475133892,0.29001177744431,0.310048251626743,0.0200984174051999,NA,FALSE,FALSE,FALSE,"inconclusive",486.546669291588,1455.35279540397
"mu.tau[3]","local_continuous",TRUE,0.300016216922754,0.0300053327688294,0.250476616509261,0.300168797788832,0.34954916994231,1.09224629148562,2942.98799624853,8796.88219531665,0.000558532278284748,0.289964475133893,0.310011777444309,0.290048251626743,0.310040363486072,0.0200758883521788,NA,FALSE,FALSE,FALSE,"inconclusive",486.605158109876,1454.51094499283
"mu.tau[4]","local_continuous",TRUE,0.300023939474894,0.0299995670263967,0.250495584168942,0.300019823905826,0.349505611772084,1.09227499141504,2942.54742721035,8801.98881944618,0.000558401908670815,0.29001177744431,0.310048251626743,0.290040363486072,0.309995365342452,0.0200364741824336,NA,FALSE,FALSE,FALSE,"inconclusive",486.532312700123,1455.3552942206
"mu.tau[5]","local_continuous",TRUE,0.300009652184219,0.0299989654659969,0.25051204680772,0.299956717935418,0.349509694439788,1.09197387252071,2943.36640166827,8796.88219531665,0.000558337992665624,0.290048251626743,0.310040363486072,0.289995365342453,0.309954628281609,0.0200449981436192,NA,FALSE,FALSE,FALSE,"inconclusive",486.667725143563,1454.51094499283
"mu.tau[6]","local_continuous",TRUE,0.299986490719886,0.0299988390720113,0.250500690348203,0.300011489409386,0.349477335844107,1.09199248546758,2943.27359047849,8796.86710381319,0.000558343241378535,0.290040363486072,0.309995365342452,0.289954628281608,0.309955605769412,0.0200407370608444,NA,FALSE,FALSE,FALSE,"inconclusive",486.652379378057,1454.50844970456
"mu.tau[7]","local_continuous",TRUE,0.299975749625389,0.0300002799259788,0.250491896874579,0.299972426159075,0.349504615287496,1.09224105763149,2942.47840279734,8796.88219531665,0.000558423264713578,0.289995365342453,0.309954628281609,0.289955605769411,0.309997399108083,0.0200417933386721,NA,FALSE,FALSE,FALSE,"inconclusive",486.520899933422,1454.51094499283
"mu.tau[8]","local_continuous",TRUE,0.299987304213473,0.0300063929701826,0.250526309739618,0.299863901263884,0.349500865171727,1.09228243478936,2942.8581173826,8796.88219531665,0.000558551854024987,0.289954628281608,0.309955605769412,0.289997399108083,0.310041583694788,0.0200869554131798,NA,FALSE,FALSE,FALSE,"inconclusive",486.583683429663,1454.51094499283
"mu.tau[9]","local_continuous",TRUE,0.30001053124914,0.0300068953164556,0.250491896874579,0.300059663959835,0.349491549274335,1.09235710988953,2942.81597266439,8796.86710381319,0.000558560929475029,0.289955605769411,0.309997399108083,0.290041583694788,0.310047536424279,0.0200919306548679,NA,FALSE,FALSE,FALSE,"inconclusive",486.576715056943,1454.50844970456
"mu.tau[10]","local_continuous",TRUE,0.300024075902916,0.0300007761437988,0.250488226389397,0.300035299240256,0.349510588224136,1.092244668247,2942.47631078825,8796.99835108033,0.00055843627745731,0.289997399108083,0.310041583694788,0.290047536424279,0.310009784384513,0.020044184586705,NA,FALSE,FALSE,FALSE,"inconclusive",486.520554032448,1454.53015064159
"mu.tau[11]","local_continuous",TRUE,0.300015485282582,0.0299987807344187,0.250530712415225,0.300096405453888,0.349486780815226,1.09201039204488,2943.40433281434,8802.03940972253,0.000558347241299413,0.290041583694788,0.310047536424279,0.290009784384513,0.309963036626749,0.0200377520397662,NA,FALSE,FALSE,FALSE,"inconclusive",486.673996827767,1455.36365901497
"mu.tau[12]","local_continuous",TRUE,0.299992657564857,0.0299990320494797,0.250488226389397,0.300011863232989,0.349505568005698,1.09200713218042,2943.31388006683,8802.05452285146,0.000558335994588681,0.290047536424279,0.310009784384513,0.289963036626748,0.309950272823887,0.0200467477577649,NA,FALSE,FALSE,FALSE,"inconclusive",486.65904101634,1455.36615787888
"mu.tau[13]","local_continuous",TRUE,0.299976580448141,0.0299992685193635,0.250494567811378,0.299964697711887,0.3495047134958,1.09221442715643,2942.54930214741,8801.90800456279,0.000558391164225671,0.290009784384513,0.309963036626749,0.289950272823886,0.309983227957415,0.0200329551335283,NA,FALSE,FALSE,FALSE,"inconclusive",486.532622709559,1455.34193197136
"mu.tau[14]","local_continuous",TRUE,0.299982035159399,0.0300046747649729,0.250515001918787,0.299853654304008,0.349477742343791,1.09224202974668,2942.86325131692,8802.03940972253,0.000558519791452764,0.289963036626748,0.309950272823887,0.289983227957413,0.310031603229547,0.0200685666027988,NA,FALSE,FALSE,FALSE,"inconclusive",486.584532294465,1455.36365901497
"mu.tau[15]","local_continuous",TRUE,0.300004006662257,0.0300078141702827,0.250494567811378,0.299996124349193,0.349509792146552,1.0924547463215,2942.30231225368,8801.98881944618,0.000558577245809196,0.289950272823886,0.309983227957415,0.290031603229548,0.31005092263818,0.020100649814294,NA,FALSE,FALSE,FALSE,"inconclusive",486.491784433479,1455.3552942206
"mu.tau[16]","local_continuous",TRUE,0.300022294458313,0.0300024515981984,0.250500292431996,0.300019563029896,0.349511059608368,1.09229370370259,2942.4050712811,8796.93272690825,0.000558474897942242,0.289983227957413,0.310031603229547,0.29005092263818,0.310023424008112,0.0200483752721333,NA,FALSE,FALSE,FALSE,"inconclusive",486.50877501341,1454.51930008404
"mu.tau[17]","local_continuous",TRUE,0.300020084832213,0.0299987699046875,0.25050728377592,0.300184021887241,0.34954703188849,1.09201015612595,2943.02323424737,8802.03940972253,0.000558363008005125,0.290031603229548,0.31005092263818,0.290023424008112,0.309974389453011,0.0200274986300681,NA,FALSE,FALSE,FALSE,"inconclusive",486.610984498572,1455.36365901497
"mu.tau[18]","local_continuous",TRUE,0.299999409304001,0.0299991319658682,0.250498423242026,0.299996124563094,0.349507923991144,1.09208826898639,2942.98019875351,8801.90800456279,0.000558333520900391,0.29005092263818,0.310023424008112,0.289974389453011,0.309948901116702,0.0200490345551017,NA,FALSE,FALSE,FALSE,"inconclusive",486.603868841519,1455.34193197136
"mu.tau[19]","local_continuous",TRUE,0.299979276858967,0.0299988022098147,0.250503395071368,0.299925304271582,0.349507386372912,1.09205001530547,2942.86837932183,8807.07110748027,0.000558366467414054,0.290023424008112,0.309974389453011,0.289948901116702,0.309970392858043,0.0200254883363086,NA,FALSE,FALSE,FALSE,"inconclusive",486.585380178874,1456.19561962306
"mu.tau[20]","local_continuous",TRUE,0.299978197174229,0.0300027710150475,0.25049837555787,0.299931424445307,0.349474469800348,1.09224705599052,2942.56732487312,8796.93272690825,0.000558481678351164,0.289974389453011,0.309948901116702,0.289970392858043,0.310019105269158,0.0200487124111151,NA,FALSE,FALSE,FALSE,"inconclusive",486.535602657593,1454.51930008404
"mu.tau[21]","local_continuous",TRUE,0.299997162906956,0.0300078902215805,0.250491424304848,0.29999612465362,0.349507386372912,1.09246312325201,2942.23567621886,8801.97370660319,0.000558578581225387,0.289948901116702,0.309970392858043,0.290019105269158,0.310050252383918,0.0201013512672159,NA,FALSE,FALSE,FALSE,"inconclusive",486.480766570579,1455.35279540397
"mu.tau[22]","local_continuous",TRUE,0.300018737049943,0.0300043501374542,0.250523441582109,0.30002460745384,0.349508783163484,1.09228182138044,2942.70505731749,8801.98881944618,0.000558513519686999,0.289970392858043,0.310019105269158,0.290050252383918,0.310035197688654,0.0200648048306109,NA,FALSE,FALSE,FALSE,"inconclusive",486.558375879214,1455.3552942206
"mu.tau[23]","local_continuous",TRUE,0.300023084435624,0.0299991511879072,0.250494665941232,0.300076862101524,0.349494655538472,1.09214886906862,2942.72666555819,8801.90800456279,0.000558386360955049,0.290019105269158,0.310050252383918,0.290035197688653,0.309987782400764,0.0200311471147598,NA,FALSE,FALSE,FALSE,"inconclusive",486.561948670336,1455.34193197136
"mu.tau[24]","local_continuous",TRUE,0.300006208097651,0.02999905970626,0.250490985155874,0.300019587474063,0.349515314679857,1.0920399856592,2943.2037519624,8801.98881944618,0.000558335256360464,0.290050252383918,0.310035197688654,0.289987782400764,0.309951599917267,0.0200474152878901,NA,FALSE,FALSE,FALSE,"inconclusive",486.640832004365,1455.3552942206
"mu.tau[25]","local_continuous",TRUE,0.299983624063328,0.0299987600428428,0.250532591285688,0.299823821546139,0.34948961326279,1.09200670939251,2943.37071870239,8802.03940972253,0.000558349451262639,0.290035197688653,0.309987782400764,0.289951599917267,0.309959916246627,0.0200361824834968,NA,FALSE,FALSE,FALSE,"inconclusive",486.668438938888,1455.36365901497
"mu.tau[26]","local_continuous",TRUE,0.29997609598966,0.0300010361020168,0.250485928525728,0.299996150959985,0.349502779838666,1.092195978786,2942.65935923494,8796.88219531665,0.000558442718409369,0.289987782400764,0.309951599917267,0.289959916246627,0.310005085393982,0.020045169147355,NA,FALSE,FALSE,FALSE,"inconclusive",486.550819979322,1454.51094499283
"mu.tau[27]","local_continuous",TRUE,0.29999054515286,0.0300071067877735,0.250493833058803,0.299980411222929,0.349506427768021,1.09242315554862,2942.59573126445,8801.8120792824,0.000558564715744534,0.289951599917267,0.309959916246627,0.290005085393982,0.310045579053563,0.0200939791362958,NA,FALSE,FALSE,FALSE,"inconclusive",486.540299481555,1455.32607130992
"mu.tau[28]","local_continuous",TRUE,0.300013687058917,0.0300061266312612,0.25051783529092,0.30016526136382,0.349480599496443,1.09226507946534,2942.90870823489,8796.88219531665,0.000558546992954475,0.289959916246627,0.310005085393982,0.290045579053563,0.310044167541496,0.020084251294869,NA,FALSE,FALSE,FALSE,"inconclusive",486.592048319261,1454.51094499283
"mu.tau[29]","local_continuous",TRUE,0.300024245146127,0.0300000662178936,0.250493833058803,0.30003057515461,0.349507484305482,1.09224931567613,2942.46800061683,8801.98881944618,0.000558417278940997,0.290005085393982,0.310045579053563,0.290044167541496,0.310002148595467,0.0200404936595812,NA,FALSE,FALSE,FALSE,"inconclusive",486.519179996169,1455.3552942206
"mu.tau[30]","local_continuous",TRUE,0.3000125123578,0.0299988717627313,0.250502611636506,0.300003849080243,0.349508754698787,1.09203481792366,2943.13033248055,8796.99835108033,0.000558341605343277,0.290045579053563,0.310044167541496,0.290002148595467,0.309958154240675,0.0200420189460289,NA,FALSE,FALSE,FALSE,"inconclusive",486.628692539774,1454.53015064159
"mu.tau[31]","local_continuous",TRUE,0.299989275765416,0.029998931125279,0.25051010766744,0.299922501652536,0.34947476767088,1.09193744138853,2943.45085894326,8796.95307530342,0.000558339180280306,0.290044167541496,0.310002148595467,0.289958154240675,0.309952632684023,0.0200439943547924,NA,FALSE,FALSE,FALSE,"inconclusive",486.68168964009,1454.52266456736
"mu.tau[32]","local_continuous",TRUE,0.29997589898485,0.0299997358509405,0.250496101659752,0.299972426221215,0.349505154419796,1.09224345576523,2942.63951254067,8802.03940972253,0.000558407379798035,0.290002148595467,0.309958154240675,0.289952632684024,0.309990660419237,0.0200380277352129,NA,FALSE,FALSE,FALSE,"inconclusive",486.547538449185,1455.36365901497
"mu.tau[33]","local_continuous",TRUE,0.299984680566466,0.030005634255431,0.250500725823391,0.29993327213599,0.349510149728768,1.09227703724313,2942.85208392821,8796.98325908037,0.000558537908433203,0.289958154240675,0.309952632684023,0.289990660419236,0.310037274921931,0.0200791206812565,NA,FALSE,FALSE,FALSE,"inconclusive",486.58268583469,1454.52765527123
"mu.tau[34]","local_continuous",TRUE,0.300007546764624,0.0300074221324979,0.250501174736742,0.300058986047148,0.349471595971997,1.09237762852195,2942.76913899561,8802.03940972253,0.000558570326464115,0.289952632684024,0.309990660419237,0.290037274921931,0.310049619033305,0.020096986349281,NA,FALSE,FALSE,FALSE,"inconclusive",486.568971394777,1455.36365901497
"mu.tau[35]","local_continuous",TRUE,0.30002347450219,0.0300015150350495,0.250492353083092,0.300035299914769,0.349510149728768,1.09228649482572,2942.39297803366,8802.05452285146,0.000558454078654109,0.289990660419236,0.310037274921931,0.290049619033306,0.310016343634288,0.0200466145026951,NA,FALSE,FALSE,FALSE,"inconclusive",486.506775468528,1455.36615787888
"mu.tau[36]","local_continuous",TRUE,0.300017819890701,0.02999873989233,0.250525813428632,0.300007406536866,0.34950134857943,1.09205241686073,2943.01307930956,8802.05452285146,0.000558353738844018,0.290037274921931,0.310049619033305,0.290016343634288,0.309968041973279,0.0200332753990166,NA,FALSE,FALSE,FALSE,"inconclusive",486.609305441396,1455.36615787888
"mu.tau[37]","local_continuous",TRUE,0.299995781753882,0.0299990983534065,0.250492353083092,0.30004328274297,0.349491061171112,1.09197224720711,2943.30961230799,8802.03940972254,0.000558334296682248,0.290049619033306,0.310016343634288,0.28996804197328,0.309949122374656,0.0200483016610085,NA,FALSE,FALSE,FALSE,"inconclusive",486.658335368384,1455.36365901497
"mu.tau[38]","local_continuous",TRUE,0.299977621853091,0.0299989864644172,0.250492336472155,0.299988162539231,0.349506472991812,1.09216517818495,2942.56991215014,8802.03940972253,0.00055837861274445,0.290016343634288,0.309968041973279,0.289949122374655,0.30997697943014,0.0200278570554841,NA,FALSE,FALSE,FALSE,"inconclusive",486.536030448105,1455.36365901497
"mu.tau[39]","local_continuous",TRUE,0.299980036317366,0.0300037828216963,0.250522769453034,0.299815978168767,0.349487270954014,1.0922538762203,2942.67273955789,8796.93272690825,0.000558502357236024,0.28996804197328,0.309949122374656,0.28997697943014,0.310026001491389,0.0200579595181092,NA,FALSE,FALSE,FALSE,"inconclusive",486.553032334307,1454.51930008404
"mu.tau[40]","local_continuous",TRUE,0.300000805299387,0.0300079603514157,0.250488680847116,0.300023783803995,0.3495053084902,1.09238859848147,2942.40854328071,8802.03940972253,0.000558579810745347,0.289949122374655,0.30997697943014,0.290026001491388,0.310051117901366,0.0201019955267109,NA,FALSE,FALSE,FALSE,"inconclusive",486.509349087419,1455.36365901497
"mu.tau[41]","local_continuous",TRUE,0.300020833892866,0.0300033333126008,0.25049106633348,0.30002757380861,0.34950517107237,1.09238260814532,2942.22873201852,8796.93272690825,0.000558493305488192,0.28997697943014,0.310026001491389,0.290051117901367,0.310029236748571,0.0200522573184317,NA,FALSE,FALSE,FALSE,"inconclusive",486.479618389305,1454.51930008404
"mu.tau[42]","local_continuous",TRUE,0.300021707901324,0.0299988884738839,0.250521975380327,0.300148044468649,0.349484607901272,1.09204249057738,2942.8930588734,8807.10137584952,0.00055837297742372,0.290026001491388,0.310051117901366,0.290029236748571,0.309980475463971,0.0200251164099783,NA,FALSE,FALSE,FALSE,"inconclusive",486.589460792559,1456.20062431374
"mu.tau[43]","local_continuous",TRUE,0.300002623765416,0.029999119257566,0.250495025255073,0.300016349653028,0.34950517107237,1.09207019653628,2943.00483522985,8801.98881944618,0.000558333808286359,0.290051117901367,0.310029236748571,0.289980475463971,0.309949664947754,0.0200487612846,NA,FALSE,FALSE,FALSE,"inconclusive",486.607942332978,1455.3552942206
"mu.tau[44]","local_continuous",TRUE,0.299981127351684,0.0299987412981863,0.250494706770374,0.299956717229652,0.349507467691217,1.09207747861611,2942.87966389462,8802.03940972253,0.000558357571980451,0.290029236748571,0.309980475463971,0.289949664947755,0.309965132246439,0.0200308105162162,NA,FALSE,FALSE,FALSE,"inconclusive",486.587246014323,1455.36365901497
"mu.tau[45]","local_continuous",TRUE,0.299976982363778,0.0300019175853985,0.25050691672263,0.299873844399351,0.349470078357716,1.0921644463663,2942.80705749947,8802.03940972253,0.000558463220902975,0.289980475463971,0.309949664947754,0.28996513224644,0.310012656796948,0.0200475245505077,NA,FALSE,FALSE,FALSE,"inconclusive",486.57524098867,1455.36365901497
"mu.tau[46]","local_continuous",TRUE,0.299993999684463,0.0300076236757238,0.250489671533978,0.299988136790461,0.349506444396994,1.09245539618822,2942.51037632846,8802.03940972254,0.000558573891154581,0.289949664947755,0.309965132246439,0.290012656796949,0.310048544746711,0.0200988797989558,NA,FALSE,FALSE,FALSE,"inconclusive",486.526186562246,1455.36365901497
"mu.tau[47]","local_continuous",TRUE,0.300016533667581,0.0300052207535551,0.250472490993638,0.29998041152774,0.349511140614758,1.09229218798226,2942.81866858684,8801.90800456279,0.000558530172467838,0.28996513224644,0.310012656796948,0.290048544746711,0.310039800880224,0.0200746686337842,NA,FALSE,FALSE,FALSE,"inconclusive",486.577160811316,1455.34193197136
"mu.tau[48]","local_continuous",TRUE,0.300023866672973,0.0299995098320071,0.25049885883271,0.300150129172299,0.349473973622132,1.0921682205982,2942.83906363733,8801.98881944618,0.000558399971553655,0.290012656796949,0.310048544746711,0.290039800880224,0.30999446426801,0.0200358879497623,NA,FALSE,FALSE,FALSE,"inconclusive",486.580533008819,1455.3552942206
"mu.tau[49]","local_continuous",TRUE,0.300009256769301,0.0299989776798056,0.250490968570357,0.300006475613306,0.349507842714309,1.09207463061871,2943.07478867852,8801.98881944618,0.000558337598997716,0.290048544746711,0.310039800880224,0.28999446426801,0.309954217182258,0.0200453366122144,NA,FALSE,FALSE,FALSE,"inconclusive",486.619508710073,1455.3552942206
"mu.tau[50]","local_continuous",TRUE,0.299986136234623,0.0299988277890049,0.250522946616702,0.299923235976851,0.349504140737055,1.09200783841723,2943.23352901748,8802.00918368807,0.000558343879686255,0.290039800880224,0.30999446426801,0.289954217182258,0.309956062608,0.0200402470857519,NA,FALSE,FALSE,FALSE,"inconclusive",486.645755459239,1455.35866132409
"mu.tau[51]","local_continuous",TRUE,0.299975761981897,0.0300003615144279,0.250490968570357,0.300011862664128,0.349483044575599,1.09215350283696,2942.73548560939,8796.99835108033,0.00055842548158407,0.28999446426801,0.309954217182258,0.289956062607999,0.30999830386932,0.0200422412613203,NA,FALSE,FALSE,FALSE,"inconclusive",486.563407012134,1454.53015064159
"mu.tau[52]","local_continuous",TRUE,0.299987672051235,0.0300064858538095,0.250491440898838,0.299996150876887,0.349504140737055,1.09237970385861,2942.57761905688,8796.98325908037,0.000558553541028502,0.289954217182258,0.309956062608,0.289998303869319,0.310042104545364,0.0200878873631063,NA,FALSE,FALSE,FALSE,"inconclusive",486.537304738242,1454.52765527123
"mu.tau[53]","local_continuous",TRUE,0.300010916379815,0.0300068135903172,0.250525151189251,0.300076221994416,0.349490102055554,1.09229811520837,2942.92891509929,8796.98325908037,0.00055855946092969,0.289956062607999,0.30999830386932,0.290042104545364,0.310047194496576,0.0200911318885764,NA,FALSE,FALSE,FALSE,"inconclusive",486.595389401337,1454.52765527123
"mu.tau[54]","local_continuous",TRUE,0.300024124239136,0.0300006851384877,0.250489573896775,0.300058989992834,0.349502656936966,1.09219449084122,2942.61153092277,8796.88219531665,0.000558433967890473,0.289998303869319,0.310042104545364,0.290047194496576,0.310008894045285,0.0200438006760458,NA,FALSE,FALSE,FALSE,"inconclusive",486.542911858923,1454.51094499283
"mu.tau[55]","local_continuous",TRUE,0.30001515238425,0.0299987895862055,0.250492711570374,0.300027315116437,0.349505970831313,1.09211835323679,2942.99980181752,8802.03940972254,0.000558346486472814,0.290042104545364,0.310047194496576,0.290008894045285,0.309962416449775,0.0200383004512902,NA,FALSE,FALSE,FALSE,"inconclusive",486.607110088875,1455.36365901497
"mu.tau[56]","local_continuous",TRUE,0.299992249497163,0.0299990212100098,0.2505181818753,0.299833461535668,0.349481092559605,1.09193370717717,2943.48230317141,8802.03940972253,0.000558336297147291,0.290047194496576,0.310008894045285,0.289962416449776,0.309950492997017,0.0200464775955095,NA,FALSE,FALSE,FALSE,"inconclusive",486.686888751887,1455.36365901497
"mu.tau[57]","local_continuous",TRUE,0.299976472386641,0.0299993152335856,0.250493376221977,0.299980437075376,0.349505970831313,1.09221454955491,2942.55618915162,8802.03940972254,0.000558392965462501,0.290008894045285,0.309962416449775,0.289950492997017,0.309984086054488,0.0200335930574705,NA,FALSE,FALSE,FALSE,"inconclusive",486.5337614338,1455.36365901497
"mu.tau[58]","local_continuous",TRUE,0.299982326455338,0.0300047914811173,0.250489037959271,0.299963264973348,0.349509210341861,1.09231897676924,2942.62417066772,8801.90800456279,0.000558522027606601,0.289962416449776,0.309950492997017,0.289984086054487,0.310032310320072,0.0200698938702962,NA,FALSE,FALSE,FALSE,"inconclusive",486.545001763842,1455.34193197136
"mu.tau[59]","local_continuous",TRUE,0.300004429499491,0.0300077802093016,0.250515778812813,0.300052486530531,0.349472004683348,1.09234556389113,2942.65360146394,8801.90800456279,0.000558576648768047,0.289950492997017,0.309984086054488,0.290032310320071,0.310050828626388,0.0201003356293705,NA,FALSE,FALSE,FALSE,"inconclusive",486.549867966921,1455.34193197136
"mu.tau[60]","local_continuous",TRUE,0.30002246008224,0.0300023371304107,0.250491978135127,0.300026118895275,0.349509775570596,1.09231654689258,2942.32873052467,8801.98881944618,0.000558472433049658,0.289984086054487,0.310032310320072,0.290050828626388,0.310022615328012,0.0200482242655843,NA,FALSE,FALSE,FALSE,"inconclusive",486.496152533842,1455.3552942206
"mu.tau[61]","local_continuous",TRUE,0.300019840968957,0.0299987611396398,0.250500265239499,0.299987260828094,0.349510604784962,1.09206664317541,2942.8603246414,8802.03940972254,0.000558361807252134,0.290032310320071,0.310050828626388,0.290022615328012,0.309973609601357,0.0200282132983755,NA,FALSE,FALSE,FALSE,"inconclusive",486.584048386474,1455.36365901497
"mu.tau[62]","local_continuous",TRUE,0.299998980160317,0.0299991306153759,0.250506796462112,0.300058974058963,0.349471098448292,1.09198209402012,2943.29262850894,8802.00918368807,0.00055833355111269,0.290050828626388,0.310022615328012,0.289973609601357,0.309948867085509,0.0200490057266544,NA,FALSE,FALSE,FALSE,"inconclusive",486.655527200552,1455.35866132409
"mu.tau[63]","local_continuous",TRUE,0.299979056987578,0.0299988170655937,0.250488209850665,0.299980411985091,0.349508380058299,1.09213294022643,2942.6151043714,8807.07110748027,0.000558367781553861,0.290022615328012,0.309973609601357,0.289948867085509,0.309971135935432,0.0200247425158485,NA,FALSE,FALSE,FALSE,"inconclusive",486.543502706911,1456.19561962306
"mu.tau[64]","local_continuous",TRUE,0.299978388723876,0.0300028884795651,0.250520087589871,0.29988554632657,0.349501831754398,1.09226359795841,2942.52082507168,8796.93272690825,0.000558484138116765,0.289973609601357,0.309948867085509,0.289971135935432,0.310019942273205,0.0200488063377727,NA,FALSE,FALSE,FALSE,"inconclusive",486.527914198359,1454.51930008404
"mu.tau[65]","local_continuous",TRUE,0.299997589767777,0.0300079114659029,0.250488209850665,0.300058989386383,0.349485396466931,1.09235556387116,2942.52967437682,8802.03940972253,0.000558578953875319,0.289948867085509,0.309971135935432,0.290019942273206,0.310050413776962,0.0201015466914529,NA,FALSE,FALSE,FALSE,"inconclusive",486.529377377119,1455.36365901497
"mu.tau[66]","local_continuous",TRUE,0.300019006768069,0.0300042311742676,0.250494208680353,0.300019588236539,0.349511871089063,1.09238838696342,2942.34539178384,8802.03940972253,0.000558511201126706,0.289971135935432,0.310019942273205,0.290050413776962,0.310034535086674,0.0200633991512421,NA,FALSE,FALSE,FALSE,"inconclusive",486.498907371667,1455.36365901497
"mu.tau[67]","local_continuous",TRUE,0.300022949033452,0.0299991125699145,0.250529185681563,0.300090456124172,0.349503492754319,1.09210471381362,2942.85982896409,8802.03940972253,0.000558384671625586,0.290019942273206,0.310050413776962,0.290034535086675,0.309986904996965,0.0200304715037558,NA,FALSE,FALSE,FALSE,"inconclusive",486.583966429247,1455.36365901497
"mu.tau[68]","local_continuous",TRUE,0.300005792063314,0.0299990688704862,0.250491880272114,0.300043282626895,0.349519511048752,1.09199995382364,2943.28242325966,8802.03940972253,0.000558335021639582,0.290050413776962,0.310034535086674,0.289986904996965,0.309951314392656,0.0200476300897093,NA,FALSE,FALSE,FALSE,"inconclusive",486.653839824679,1455.36365901497
"mu.tau[69]","local_continuous",TRUE,0.299983309896877,0.0299987540265876,0.250495482931523,0.299996150984184,0.349508282223799,1.09212051216501,2942.98832805307,8802.00918368807,0.000558350303744749,0.290034535086675,0.309986904996965,0.289951314392655,0.309960485111213,0.0200355906043099,NA,FALSE,FALSE,FALSE,"inconclusive",486.605212971737,1455.35866132409
"mu.tau[70]","local_continuous",TRUE,0.299976172534281,0.0300011339098353,0.25052090164662,0.299808093306882,0.349483940580644,1.09212883134104,2942.84611256003,8802.03940972254,0.000558445087715593,0.289986904996965,0.309951314392656,0.289960485111213,0.31000598563629,0.0200455005250766,NA,FALSE,FALSE,FALSE,"inconclusive",486.581698505295,1455.36365901497
"mu.tau[71]","local_continuous",TRUE,0.299990942033781,0.0300071785720277,0.250490610781822,0.299996150984184,0.34950326232389,1.09240857157876,2942.63032628156,8802.00918368807,0.000558565996611128,0.289951314392655,0.309960485111213,0.29000598563629,0.310045982994965,0.0200946686023095,NA,FALSE,FALSE,FALSE,"inconclusive",486.546019557137,1455.35866132409
"mu.tau[72]","local_continuous",TRUE,0.30001403938565,0.0300060261697912,0.250491799020464,0.300011837787316,0.349507027781258,1.0923506318236,2942.62610581558,8796.98325908037,0.000558545149985112,0.289960485111213,0.31000598563629,0.290045982994965,0.310043703800132,0.0200832186889189,NA,FALSE,FALSE,FALSE,"inconclusive",486.545321728766,1454.52765527123
"mu.tau[73]","local_continuous",TRUE,0.300024228991098,0.0299999925448973,0.250518626065547,0.300191886860655,0.349474877405905,1.09214706040732,2942.79347384358,8802.03940972253,0.000558415147101842,0.29000598563629,0.310045982994965,0.290043703800132,0.310001243533007,0.0200399973586751,NA,FALSE,FALSE,FALSE,"inconclusive",486.572995013819,1455.36365901497
"mu.tau[74]","local_continuous",TRUE,0.300012142573869,0.0299988840793271,0.250494290128391,0.300011837787316,0.349511952021402,1.09207415154307,2943.01592209766,8796.98325908037,0.000558341053454825,0.290045982994965,0.310043703800132,0.290001243533007,0.30995763996737,0.0200424602671245,NA,FALSE,FALSE,FALSE,"inconclusive",486.60977547911,1454.52765527123
"mu.tau[75]","local_continuous",TRUE,0.299988892330223,0.0299989185170029,0.250503096947433,0.299948986710653,0.349510685832825,1.09200725374355,2943.22825085187,8796.98325908037,0.000558339650774769,0.290043703800132,0.310001243533007,0.289957639967371,0.309952982020381,0.0200436035656361,NA,FALSE,FALSE,FALSE,"inconclusive",486.644882746672,1454.52765527123
"mu.tau[76]","local_continuous",TRUE,0.299975854426944,0.0299998013533944,0.250509619007501,0.299925475975277,0.349473477211344,1.09213534649445,2942.90254248743,8802.00918368807,0.000558409417963352,0.290001243533007,0.30995763996737,0.28995298202038,0.309991552187017,0.0200385701666367,NA,FALSE,FALSE,FALSE,"inconclusive",486.591028850435,1455.35866132409
"mu.tau[77]","local_continuous",TRUE,0.29998501585218,0.0300057411077416,0.250490627360684,0.29998041191592,0.349510685832825,1.0923516411893,2942.60472906641,8796.98325908037,0.000558539891194803,0.289957639967371,0.309952982020381,0.289991552187018,0.310037889233952,0.0200802492665808,NA,FALSE,FALSE,FALSE,"inconclusive",486.541787213361,1454.52765527123
"mu.tau[78]","local_continuous",TRUE,0.300007953633819,0.0300073611456265,0.250517236348703,0.29994100990169,0.349504615287496,1.09237694243174,2942.73677853844,8801.8120792824,0.000558569244575236,0.28995298202038,0.309991552187017,0.290037889233952,0.310049391093926,0.020096409073546,NA,FALSE,FALSE,FALSE,"inconclusive",486.563620790087,1455.32607130992
"mu.tau[79]","local_continuous",TRUE,0.300023578881205,0.0300014111393069,0.250495584168942,0.300098529531375,0.349488816493131,1.09218819804101,2942.65886470428,8801.98881944617,0.000558451663056529,0.289991552187018,0.310037889233952,0.290049391093926,0.310015483009924,0.0200463370469341,NA,FALSE,FALSE,FALSE,"inconclusive",486.550738211687,1455.3552942206
"mu.tau[80]","local_continuous",TRUE,0.30001752581395,0.0299987422682868,0.250491896874579,0.300019588250668,0.349509291494283,1.09215203212972,2942.74321989767,8801.98881944618,0.000558352784223819,0.290037889233952,0.310049391093926,0.290015483009923,0.309967339918001,0.020033908084003,NA,FALSE,FALSE,FALSE,"inconclusive",486.564685829641,1455.3552942206
"mu.tau[81]","local_continuous",TRUE,0.299995359594175,0.0299990912784066,0.250526309739618,0.29987960040253,0.349501170406552,1.09195259596322,2943.3831094323,8802.03940972254,0.000558334466641744,0.290049391093926,0.310015483009924,0.289967339918001,0.309949224354848,0.0200481430919237,NA,FALSE,FALSE,FALSE,"inconclusive",486.670487670685,1455.36365901497
"mu.tau[82]","local_continuous",TRUE,0.299977459742114,0.0299990172959714,0.250491896874579,0.300011863071673,0.349502197832387,1.09210266697864,2942.77306956924,8802.00918368807,0.000558380187894771,0.290015483009923,0.309967339918001,0.289949224354849,0.309977791685684,0.0200285673308358,NA,FALSE,FALSE,FALSE,"inconclusive",486.56962129121,1455.35866132409
"mu.tau[83]","local_continuous",TRUE,0.299980283299204,0.0300039027393028,0.250492792904965,0.299980437080614,0.349505568005698,1.09235736885829,2942.37616272041,8801.90800456279,0.000558504739699444,0.289967339918001,0.309949224354848,0.289977791685685,0.310026777238283,0.0200594373202827,NA,FALSE,FALSE,FALSE,"inconclusive",486.503995158799,1455.34193197136
"mu.tau[84]","local_continuous",TRUE,0.300001234300078,0.0300079520689915,0.25052362920344,0.299963449208344,0.349492818456435,1.09231082925799,2942.64243339139,8802.05452285146,0.000558579665632608,0.289949224354849,0.309977791685684,0.290026777238283,0.310051143921495,0.020101919566646,NA,FALSE,FALSE,FALSE,"inconclusive",486.548021394079,1455.36615787888
"mu.tau[85]","local_continuous",TRUE,0.300021050491152,0.030003213998226,0.250493294856877,0.300043282793869,0.349500467713161,1.09235254160093,2942.29053270987,8796.93272690825,0.000558490868360645,0.289977791685685,0.310026777238283,0.290051143921493,0.310028489119145,0.0200506974334606,NA,FALSE,FALSE,FALSE,"inconclusive",486.489836757584,1454.51930008404
"mu.tau[86]","local_continuous",TRUE,0.30002151295774,0.0299988669111351,0.250491522117916,0.300013376988973,0.349509792146552,1.09213459589198,2942.59891260743,8807.10137584952,0.000558371548455659,0.290026777238283,0.310051143921495,0.290028489119144,0.309979641552038,0.0200243666832114,NA,FALSE,FALSE,FALSE,"inconclusive",486.54082549726,1456.20062431374
"mu.tau[87]","local_continuous",TRUE,0.300002196510194,0.0299991232475592,0.250521481104233,0.300151020230988,0.349472501783369,1.09197581568265,2943.28757604417,8802.05452285146,0.00055833371730607,0.290051143921493,0.310028489119145,0.289979641552038,0.309949511448099,0.0200488475671075,NA,FALSE,FALSE,FALSE,"inconclusive",486.654691806244,1455.36615787888
"mu.tau[88]","local_continuous",TRUE,0.299980860601306,0.0299987446748776,0.250491522117916,0.299980412678486,0.349509193759672,1.09210680863641,2942.7766431355,8802.00918368807,0.000558358662048866,0.290028489119144,0.309979641552038,0.2899495114481,0.309965800285939,0.0200301301039381,NA,FALSE,FALSE,FALSE,"inconclusive",486.570212158647,1455.35866132409
"mu.tau[89]","local_continuous",TRUE,0.29997712136731,0.0300020279985643,0.250500292431996,0.299933274780626,0.349511059608368,1.09223518161525,2942.57775974532,8801.90800456279,0.000558465674101276,0.289979641552038,0.309949511448099,0.289965800285939,0.310013532183165,0.0200477318972265,NA,FALSE,FALSE,FALSE,"inconclusive",486.537328000218,1455.34193197136
"mu.tau[90]","local_continuous",TRUE,0.2999944166427,0.0300076699189114,0.250501565532276,0.299971143265643,0.349468543375868,1.09234307678529,2942.78837776733,8801.98881944618,0.000558574706795722,0.2899495114481,0.309965800285939,0.290013532183165,0.310048822653597,0.0200993112054962,NA,FALSE,FALSE,FALSE,"inconclusive",486.572152408619,1455.3552942206
"mu.tau[91]","local_continuous",TRUE,0.300016845231042,0.0300051075763236,0.250488323878575,0.300004112552993,0.349511059608368,1.09234574374253,2942.58537444338,8802.03940972253,0.000558528036804998,0.289965800285939,0.310013532183165,0.290048822653596,0.310039225801469,0.0200734255155301,NA,FALSE,FALSE,FALSE,"inconclusive",486.538587044209,1455.36365901497
"mu.tau[92]","local_continuous",TRUE,0.30002378639165,0.0299994548559935,0.25051439289376,0.29997242674971,0.34950652577838,1.09218921858151,2942.73260005572,8802.03940972253,0.000558398062401752,0.290013532183165,0.310048822653597,0.290039225801468,0.309993564928369,0.0200352904704313,NA,FALSE,FALSE,FALSE,"inconclusive",486.562929903392,1455.36365901497
"mu.tau[93]","local_continuous",TRUE,0.300008858453471,0.0299989896810155,0.250493281152227,0.300084302576569,0.349486116860904,1.09197469176343,2943.34573696708,8802.05452285146,0.000558337225064068,0.290048822653596,0.310039225801469,0.289993564928369,0.30995382043045,0.0200456608730996,NA,FALSE,FALSE,FALSE,"inconclusive",486.664308360959,1455.36615787888
"mu.tau[94]","local_continuous",TRUE,0.299985786094024,0.0299988169121867,0.250494665941232,0.299996150880943,0.34950652577838,1.09212607104789,2942.9013852919,8801.90800456279,0.000558344541875179,0.290039225801468,0.309993564928369,0.28995382043045,0.309956533215808,0.0200397444979187,NA,FALSE,FALSE,FALSE,"inconclusive",486.590837515195,1455.34193197136
"mu.tau[95]","local_continuous",TRUE,0.29997578193418,0.0300004451500604,0.250523441582109,0.299849675856954,0.349498548631913,1.09213583576605,2942.78669667519,8796.75095178677,0.000558427719448115,0.289993564928369,0.30995382043045,0.289956533215807,0.309999209162094,0.0200426759462863,NA,FALSE,FALSE,FALSE,"inconclusive",486.571874450263,1454.48924467374
"mu.tau[96]","local_continuous",TRUE,0.299988043752364,0.0300065765277561,0.250491424304848,0.300035301339603,0.34949388184169,1.09231669922738,2942.7739764655,8796.95307530342,0.000558555183899372,0.28995382043045,0.309956533215808,0.289999209162093,0.310042612201104,0.0200887917706537,NA,FALSE,FALSE,FALSE,"inconclusive",486.569771240989,1454.52266456736
"mu.tau[97]","local_continuous",TRUE,0.300011298089485,0.0300067293757743,0.250490029044389,0.300019587474063,0.349502674583177,1.09239060888272,2942.6127759281,8796.98325908037,0.00055855794451449,0.289956533215807,0.309999209162094,0.290042612201104,0.310046837778935,0.0200903045631277,NA,FALSE,FALSE,FALSE,"inconclusive",486.54311771298,1454.52765527123
"mu.tau[98]","local_continuous",TRUE,0.300024165015237,0.0300005960493395,0.250526486147709,0.30014209311813,0.34948961326279,1.09212658996066,2942.80740730646,8796.98325908037,0.000558431676341047,0.289999209162093,0.310042612201104,0.290046837778935,0.310008000918818,0.0200434030390108,NA,FALSE,FALSE,FALSE,"inconclusive",486.575298827126,1454.52765527123
"mu.tau[99]","local_continuous",TRUE,0.300014814737423,0.0299987990568807,0.250490985155874,0.300038010793898,0.349502779838666,1.09209172030727,2943.04961821685,8802.05452285146,0.000558345756857072,0.290042612201104,0.310046837778935,0.290008000918818,0.309961808050837,0.0200388368601171,NA,FALSE,FALSE,FALSE,"inconclusive",486.615346927389,1455.36615787888
"mu.tau[100]","local_continuous",TRUE,0.299991843858344,0.0299990100067787,0.250488761837218,0.299988136792608,0.349506427768021,1.09204765805108,2943.11665927245,8802.03940972253,0.000558336618377382,0.290046837778935,0.310008000918818,0.289961808050837,0.309950728684786,0.0200461928679809,NA,FALSE,FALSE,FALSE,"inconclusive",486.626431758011,1455.36365901497
"mu.tau[101]","local_continuous",TRUE,0.299976371698289,0.0299993641409458,0.250524343928308,0.299836437600402,0.349475373160403,1.09212519189708,2942.86285410763,8802.00918368807,0.000558394795938473,0.290008000918818,0.309961808050837,0.289950728684786,0.309984949138716,0.0200342204539306,NA,FALSE,FALSE,FALSE,"inconclusive",486.584466618324,1455.35866132409
"mu.tau[102]","local_continuous",TRUE,0.29998262328986,0.0300049073790673,0.250488761837218,0.299980411222929,0.349507484305482,1.09233855517527,2942.5641872316,8802.03940972253,0.000558524238704143,0.289961808050837,0.309950728684786,0.289984949138716,0.310033007285101,0.0200711992342639,NA,FALSE,FALSE,FALSE,"inconclusive",486.535083867658,1455.36365901497
"mu.tau[103]","local_continuous",TRUE,0.300004850948597,0.0300077429230257,0.250497495706126,0.299980412304216,0.349508754698787,1.09239995440441,2942.52894305093,8801.98881944617,0.000558575992761267,0.289950728684786,0.309984949138716,0.2900330072851,0.310050718685785,0.0200999900009988,NA,FALSE,FALSE,FALSE,"inconclusive",486.529256456834,1455.3552942206
"mu.tau[104]","local_continuous",TRUE,0.300022618667565,0.030002223644703,0.250504237233059,0.3001997544055,0.34947141303257,1.09219666503061,2942.69382112383,8801.97370660319,0.000558469969667784,0.289984949138716,0.310033007285101,0.290050718685784,0.310021799560659,0.020048058146385,NA,FALSE,FALSE,FALSE,"inconclusive",486.556518042961,1455.35279540397
"mu.tau[105]","local_continuous",TRUE,0.300019590887885,0.0299987538831757,0.250490956627542,0.300003849080243,0.349510230818104,1.09212689905654,2942.68705868123,8801.98881944618,0.000558360636327123,0.2900330072851,0.310050718685785,0.290021799560659,0.309972838019999,0.0200289191251256,NA,FALSE,FALSE,FALSE,"inconclusive",486.555399914225,1455.3552942206
"mu.tau[106]","local_continuous",TRUE,0.299998551336232,0.0299991285499517,0.250511557225604,0.299952864502403,0.349505072914006,1.09201806825218,2943.17192288052,8802.03940972253,0.000558333597467929,0.290050718685784,0.310021799560659,0.289972838019998,0.309948849078487,0.0200489615406611,NA,FALSE,FALSE,FALSE,"inconclusive",486.635569259345,1455.36365901497
"mu.tau[107]","local_continuous",TRUE,0.299978843679366,0.0299988336537045,0.250490956627542,0.299977089934969,0.34947684101148,1.09204527219129,2942.86491434085,8807.10137584952,0.000558369126229209,0.290021799560659,0.309972838019999,0.289948849078487,0.30997188805832,0.0200239889415118,NA,FALSE,FALSE,FALSE,"inconclusive",486.584807265351,1456.20062431374
"mu.tau[108]","local_continuous",TRUE,0.299978587046124,0.0300030065525422,0.250493735019934,0.299964698261121,0.349505072914006,1.09236269734122,2942.23370525464,8796.98325908037,0.000558486593577491,0.289972838019998,0.309948849078487,0.289971888058321,0.310020773027689,0.0200488849693687,NA,FALSE,FALSE,FALSE,"inconclusive",486.480440683637,1454.52765527123
"mu.tau[109]","local_continuous",TRUE,0.299998017383924,0.0300079292697205,0.250514149947532,0.299941011143938,0.34950134857943,1.09233528053289,2942.58062200655,8802.03940972254,0.000558579266045175,0.289948849078487,0.30997188805832,0.290020773027689,0.310050559371201,0.0201017102927138,NA,FALSE,FALSE,FALSE,"inconclusive",486.537801257697,1455.36365901497
"mu.tau[110]","local_continuous",TRUE,0.300019270529802,0.0300041118309215,0.250492353083092,0.300074695691512,0.349491061171112,1.09229801418529,2942.58005164181,8802.00918368807,0.000558508863709023,0.289971888058321,0.310020773027689,0.290050559371201,0.310033861661997,0.0200619736036763,NA,FALSE,FALSE,FALSE,"inconclusive",486.537706951357,1455.35866132409
"mu.tau[111]","local_continuous",TRUE,0.30002280643945,0.0299990760642602,0.250492336472155,0.300027315164727,0.349506506680811,1.09220296390108,2942.51104657099,8802.05452285146,0.000558383012591626,0.290020773027689,0.310050559371201,0.290033861661996,0.309986031696914,0.0200297863435113,NA,FALSE,FALSE,FALSE,"inconclusive",486.526297382769,1455.36615787888
"mu.tau[112]","local_continuous",TRUE,0.300005374213845,0.0299990775136382,0.250524101444541,0.300061989203614,0.349498171183903,1.09194000343055,2943.45233925785,8802.03940972253,0.000558334804467185,0.290050559371201,0.310033861661997,0.289986031696914,0.30995104412527,0.0200478299650834,NA,FALSE,FALSE,FALSE,"inconclusive",486.681934401099,1455.36365901497
"mu.tau[113]","local_continuous",TRUE,0.299983000960816,0.0299987489032268,0.250493751652234,0.300011863179256,0.349499983881462,1.0920987187964,2942.98661194615,8802.03940972253,0.000558351183052407,0.290033861661996,0.309986031696914,0.28995104412527,0.309961066359082,0.0200349875716442,NA,FALSE,FALSE,FALSE,"inconclusive",486.604929223901,1455.36365901497
"mu.tau[114]","local_continuous",TRUE,0.299976256546017,0.030001233416708,0.250489947938767,0.299964698411179,0.349508738108124,1.09223610723787,2942.51211442391,8801.90800456279,0.000558447470736646,0.289986031696914,0.30995104412527,0.289961066359082,0.310006884002802,0.0200458176437199,NA,FALSE,FALSE,FALSE,"inconclusive",486.526473945752,1455.34193197136
"mu.tau[115]","local_continuous",TRUE,0.299991341753312,0.0300072475543738,0.250527214537204,0.299882131707253,0.349472998650826,1.09232649316145,2942.86886233115,8801.90800456279,0.000558567225430584,0.28995104412527,0.309961066359082,0.290006884002802,0.310046372526093,0.0200953284008233,NA,FALSE,FALSE,FALSE,"inconclusive",486.585460041526,1455.34193197136
"mu.tau[116]","local_continuous",TRUE,0.300014387312682,0.0300059238847966,0.250489947938767,0.30002757380861,0.349508738108124,1.09234159184209,2942.63030431432,8796.98325908037,0.000558543268101286,0.289961066359082,0.310006884002802,0.290046372526093,0.310043226362752,0.0200821600036697,NA,FALSE,FALSE,FALSE,"inconclusive",486.546015924987,1454.52765527123
"mu.tau[117]","local_continuous",TRUE,0.300024205243123,0.0299999210324421,0.250499808467439,0.299996124639927,0.349506444396994,1.09222198817291,2942.59180250223,8802.03940972254,0.000558413039470849,0.290006884002802,0.310046372526093,0.290043226362753,0.310000338080845,0.0200394885232918,NA,FALSE,FALSE,FALSE,"inconclusive",486.539649884628,1455.36365901497
"mu.tau[118]","local_continuous",TRUE,0.300011768984665,0.029998896544173,0.250507771322411,0.300184021801543,0.349476101232766,1.09195520569391,2943.37778978772,8796.99835108033,0.000558340523763476,0.290046372526093,0.310043226362752,0.290000338080846,0.309957138968969,0.0200428882819058,NA,FALSE,FALSE,FALSE,"inconclusive",486.669608099822,1454.53015064159
"mu.tau[119]","local_continuous",TRUE,0.299988512375981,0.0299989059170133,0.250493699662517,0.299980411208804,0.349507467691217,1.09207761246938,2943.00748180466,8796.88219531665,0.000558340142524499,0.290043226362753,0.310000338080845,0.289957138968969,0.309953346091358,0.0200431991118759,NA,FALSE,FALSE,FALSE,"inconclusive",486.60837992802,1454.51094499283
"mu.tau[120]","local_continuous",TRUE,0.299975817435843,0.0299998690546853,0.250513902198317,0.299925304348962,0.349507842714309,1.09218258533403,2942.7284415073,8801.8120792824,0.000558411481901224,0.290000338080846,0.309957138968969,0.289953346091358,0.309992446602197,0.020039100510839,NA,FALSE,FALSE,FALSE,"inconclusive",486.562242312715,1455.32607130992
"mu.tau[121]","local_continuous",TRUE,0.299985355833667,0.0300058463729791,0.25049885883271,0.29999131769269,0.349485649446311,1.09225709704918,2942.87972730658,8796.75095178677,0.000558541838262964,0.289957138968969,0.309953346091358,0.289992446602198,0.310038491672142,0.0200813527031728,NA,FALSE,FALSE,FALSE,"inconclusive",486.587256499104,1454.48924467374
"mu.tau[122]","local_continuous",TRUE,0.300008358010483,0.0300072971988608,0.250495123434866,0.300006475613306,0.349506068891612,1.09245607682981,2942.48756696349,8802.00918368807,0.000558568108543883,0.289953346091358,0.309992446602197,0.290038491672142,0.310049147676232,0.0200958015848743,NA,FALSE,FALSE,FALSE,"inconclusive",486.522415172534,1455.35866132409
"mu.tau[123]","local_continuous",TRUE,0.300023675871006,0.0300013087924369,0.250522946616702,0.300053067326516,0.349509238918026,1.0921674410465,2942.72010211502,8802.03940972253,0.000558449258436257,0.289992446602198,0.310038491672142,0.290049147676232,0.310014617533451,0.0200460450699445,NA,FALSE,FALSE,FALSE,"inconclusive",486.560863444944,1455.36365901497
"mu.tau[124]","local_continuous",TRUE,0.300017226244913,0.0299987456943292,0.250495123434866,0.300058990078381,0.349488232712673,1.09206544621015,2943.05004063925,8802.03940972253,0.00055835185729333,0.290038491672142,0.310049147676232,0.290014617533451,0.309966648097827,0.0200345301427811,NA,FALSE,FALSE,FALSE,"inconclusive",486.615416772362,1455.36365901497
"mu.tau[125]","local_continuous",TRUE,0.29999493888869,0.0299990836108136,0.250489573896775,0.300003875543881,0.349509238918026,1.0920589797719,2943.07876703078,8801.98881944618,0.000558334653633856,0.290049147676232,0.310014617533451,0.289966648097826,0.30994934224725,0.0200479694356248,NA,FALSE,FALSE,FALSE,"inconclusive",486.620166506412,1455.3552942206
"mu.tau[126]","local_continuous",TRUE,0.299977304694865,0.0299990501699182,0.250528789814001,0.299813774021052,0.34949596120158,1.09207491313453,2942.87833392908,8801.97370660318,0.000558381793678704,0.290014617533451,0.309966648097827,0.289949342247251,0.309978610900931,0.0200292686536805,NA,FALSE,FALSE,FALSE,"inconclusive",486.587026112612,1455.35279540397
"mu.tau[127]","local_continuous",TRUE,0.299980536459916,0.0300040225272223,0.250491440898838,0.299996150876887,0.3495022971207,1.09231101467801,2942.53074314878,8801.98881944618,0.000558507106907954,0.289966648097826,0.30994934224725,0.289978610900931,0.310027544593656,0.0200608964958295,NA,FALSE,FALSE,FALSE,"inconclusive",486.52955409206,1455.3552942206
"mu.tau[128]","local_continuous",TRUE,0.30000166291396,0.030007940310352,0.250492711570374,0.300002124149242,0.349511043056016,1.0924220146779,2942.30829723124,8802.03940972253,0.000558579459570962,0.289949342247251,0.309978610900931,0.290027544593656,0.310051153914001,0.0201018116667501,NA,FALSE,FALSE,FALSE,"inconclusive",486.492774013102,1455.36365901497
"mu.tau[129]","local_continuous",TRUE,0.300021260492578,0.0300030950618686,0.250524839550032,0.300193747608402,0.349475868682322,1.09224527877315,2942.60009304297,8796.85201238405,0.000558488423445881,0.289978610900931,0.310027544593656,0.290051153914001,0.310027732561722,0.0200491216607907,NA,FALSE,FALSE,FALSE,"inconclusive",486.541020675094,1454.50595442858
"mu.tau[130]","local_continuous",TRUE,0.300021311272367,0.029998847194989,0.250493376221977,0.300019588943574,0.349511043056016,1.09213684407255,2942.58426935602,8807.10137584952,0.000558370150231468,0.290027544593656,0.310051153914001,0.290027732561723,0.309978814020092,0.0200236093203452,NA,FALSE,FALSE,FALSE,"inconclusive",486.538404324739,1456.20062431374
"mu.tau[131]","local_continuous",TRUE,0.300001768566625,0.0299991265452458,0.250497013088034,0.299980412692627,0.349509210341861,1.09205914620011,2943.0417549478,8802.03940972253,0.000558333642633924,0.290051153914001,0.310027732561722,0.289978814020091,0.309949373770685,0.0200489185416307,NA,FALSE,FALSE,FALSE,"inconclusive",486.614046783698,1455.36365901497
"mu.tau[132]","local_continuous",TRUE,0.299980599848883,0.029998749418504,0.250510596560045,0.299888081878248,0.349473716980779,1.09200429825654,2943.06640971249,8802.03940972253,0.000558359781361134,0.290027732561723,0.309978814020092,0.289949373770684,0.309966479043035,0.0200294402494075,NA,FALSE,FALSE,FALSE,"inconclusive",486.618123299023,1455.36365901497
"mu.tau[133]","local_continuous",TRUE,0.29997726754061,0.0300021395925808,0.250496559821296,0.299964697686433,0.349509775570596,1.09228966797244,2942.414912946,8802.05452285146,0.000558468132017925,0.289978814020091,0.309949373770685,0.289966479043035,0.31001440332863,0.0200479242855949,NA,FALSE,FALSE,FALSE,"inconclusive",486.510402272817,1455.36615787888
"mu.tau[134]","local_continuous",TRUE,0.299994835350664,0.0300077129333356,0.250505909251883,0.299941010056213,0.349508380058299,1.09238064570779,2942.61714180696,8802.00918368807,0.000558575464742406,0.289949373770684,0.309966479043035,0.29001440332863,0.310049085260306,0.0200997114896224,NA,FALSE,FALSE,FALSE,"inconclusive",486.543839584485,1455.35866132409
"mu.tau[135]","local_continuous",TRUE,0.300017151515499,0.0300049933284072,0.250496245499181,0.300135902274859,0.349482940681308,1.09224578291224,2942.85241987525,8802.03940972253,0.000558525872562178,0.289966479043035,0.31001440332863,0.290049085260306,0.310038638430025,0.0200721593869898,NA,FALSE,FALSE,FALSE,"inconclusive",486.58274138149,1455.36365901497
"mu.tau[136]","local_continuous",TRUE,0.300023698656083,0.0299994020950597,0.25049327823305,0.300011837092283,0.349505530307761,1.09226398439295,2942.46408950031,8802.03940972253,0.000558396181594,0.29001440332863,0.310049085260306,0.290038638430025,0.30999266760537,0.0200346819316763,NA,FALSE,FALSE,FALSE,"inconclusive",486.51853331685,1455.36365901497
"mu.tau[137]","local_continuous",TRUE,0.300008457361556,0.0299990014271311,0.250520087589871,0.299973010618101,0.349511871089063,1.09197350246413,2943.34215695166,8802.05452285146,0.000558336870567608,0.290049085260306,0.310038638430025,0.289992667605369,0.309953438150521,0.0200459708246559,NA,FALSE,FALSE,FALSE,"inconclusive",486.663716427193,1455.36615787888
"mu.tau[138]","local_continuous",TRUE,0.299985440407817,0.0299988064977426,0.25049327823305,0.300043282794717,0.349485396466931,1.09204890081059,2943.15879509615,8802.03940972253,0.000558345228302192,0.290038638430025,0.30999266760537,0.289953438150522,0.309957017445353,0.0200392294548479,NA,FALSE,FALSE,FALSE,"inconclusive",486.633398660077,1455.36365901497
"mu.tau[139]","local_continuous",TRUE,0.299975809475987,0.0300005308014596,0.250491880272114,0.299988162773782,0.34950692510424,1.09223535459797,2942.48507691967,8796.98325908037,0.00055842997754869,0.289992667605369,0.309953438150521,0.289957017445354,0.310000114702703,0.020043097257349,NA,FALSE,FALSE,FALSE,"inconclusive",486.52200345894,1454.52765527123
"mu.tau[140]","local_continuous",TRUE,0.299988419200374,0.0300066649151826,0.250531660021667,0.299854490928659,0.349498632324627,1.09228028314312,2942.91692687579,8796.99835108033,0.000558556781604991,0.289953438150522,0.309957017445353,0.290000114702703,0.310043106502916,0.0200896683523947,NA,FALSE,FALSE,FALSE,"inconclusive",486.593407221526,1454.53015064159
"mu.tau[141]","local_continuous",TRUE,0.300011676258529,0.0300066427447063,0.250489135537628,0.300043282626895,0.349494368598743,1.09233346349462,2942.74120649038,8796.99835108033,0.000558556381191016,0.289957017445354,0.310000114702703,0.290043106502916,0.310046466383145,0.0200894489377911,NA,FALSE,FALSE,FALSE,"inconclusive",486.564352924997,1454.53015064159
"mu.tau[142]","local_continuous",TRUE,0.300024198218441,0.0300005089148604,0.250490610781822,0.300027573843412,0.349508282223799,1.0922255249163,2942.51846499771,8796.95307530342,0.000558429403640409,0.290000114702703,0.310043106502916,0.290046466383145,0.310007105285,0.0200429918002132,NA,FALSE,FALSE,FALSE,"inconclusive",486.527523974489,1454.52266456736
"mu.tau[143]","local_continuous",TRUE,0.300014472447914,0.029998809089157,0.25052771150446,0.30011361651029,0.349478730928952,1.09200666471217,2943.27819776537,8802.03940972253,0.000558345052099952,0.290043106502916,0.310046466383145,0.290007105285,0.309961211620594,0.0200393610981447,NA,FALSE,FALSE,FALSE,"inconclusive",486.65314116491,1455.36365901497
"mu.nu[1]","local_continuous",TRUE,0.600045762167909,0.0282884861772384,0.560125920821674,0.60007779602347,0.639877294094486,0.999518881995295,1412.80076828722,8607.01122412137,0.000800044338721204,0.59995369984327,0.600059162861535,0.600110231817747,0.600059954149083,0.000156531974476848,NA,FALSE,FALSE,TRUE,"diagnostics_met_only",233.598010629501,1423.11693520525
"mu.nu[2]","local_continuous",TRUE,0.600045975935153,0.0282885527223398,0.560127787846317,0.60007779602658,0.639875652080128,0.999518921142907,1412.82160450834,8607.01122412137,0.000800047573623015,0.600059162861535,0.600110231817747,0.600059954149083,0.599954554912245,0.000155676905502111,NA,FALSE,FALSE,TRUE,"diagnostics_met_only",233.601455771882,1423.11693520525
"mu.nu[3]","local_continuous",TRUE,0.600003919639646,0.0282814312075148,0.560125399454159,0.600011348999534,0.639878607934311,0.999516571286473,1413.06156308695,8653.56196974666,0.000799701350219991,0.600110231817747,0.600059954149083,0.599954554912245,0.599890937679507,0.000219294138239845,NA,FALSE,FALSE,TRUE,"diagnostics_met_only",233.641131462789,1430.81381774912
"mu.nu[4]","local_continuous",TRUE,0.599958259645525,0.028287291976462,0.560123293546816,0.599934155840754,0.639878607934311,0.999515953552239,1412.86954273767,8653.49809687522,0.000799986285097608,0.600059954149083,0.599954554912245,0.599890937679507,0.599927591841264,0.000169016469576455,NA,FALSE,FALSE,TRUE,"diagnostics_met_only",233.609382066413,1430.80325675847
"mu.nu[5]","local_continuous",TRUE,0.599950975540813,0.0282895354476821,0.560123299545614,0.599922203973024,0.639875692764683,0.999516903383713,1412.95063689548,8653.51270422308,0.000800095345396629,0.599954554912245,0.599890937679507,0.599927591841264,0.600030817730236,0.000139880050728847,NA,FALSE,FALSE,TRUE,"diagnostics_met_only",233.622790491977,1430.80567199456
"mu.nu[6]","local_continuous",TRUE,0.59998876429779,0.028281807542221,0.560123299545614,0.599993256476972,0.639874679121191,0.999513636092472,1412.82164629277,8653.44883211594,0.000799719647883392,0.599890937679507,0.599927591841264,0.600030817730236,0.600105709940152,0.000214772260644813,NA,FALSE,FALSE,TRUE,"diagnostics_met_only",233.601462680683,1430.79511113028
"mu.nu[7]","local_continuous",TRUE,0.600036883107562,0.0282859960023795,0.560126152221056,0.600077796027447,0.639873988331263,0.999513726894992,1412.49223141746,8653.51270422308,0.000799923281975353,0.599927591841264,0.600030817730236,0.600105709940152,0.600083412918599,0.000178118098887348,NA,FALSE,FALSE,TRUE,"diagnostics_met_only",233.546995935427,1430.80567199456
"mu.nu[8]","local_continuous",TRUE,0.600051091758337,0.028290237730349,0.560124950277375,0.600089747887245,0.639875922563187,0.999517422483807,1412.65584034962,8653.49809687521,0.00080012948369293,0.600030817730236,0.600105709940152,0.600083412918599,0.599984426444365,0.000121283495786884,NA,FALSE,FALSE,TRUE,"diagnostics_met_only",233.574047676856,1430.80325675847
"mu.nu[9]","local_continuous",TRUE,0.600018326882119,0.0282825190565851,0.560124446902099,0.600005208364093,0.639877933987018,0.999514840219986,1412.56322939843,8655.98210838124,0.000799754241742558,0.600105709940152,0.600083412918599,0.599984426444365,0.59989975822536,0.000205951714791985,NA,FALSE,FALSE,TRUE,"diagnostics_met_only",233.558735019582,1431.21397294663
"mu.nu[10]","local_continuous",TRUE,0.599968712354999,0.0282847014848324,0.560124446902099,0.599910252111314,0.639876332270248,0.999514987004588,1412.46158769318,8656.04057913522,0.000799860347585254,0.600083412918599,0.599984426444365,0.59989975822536,0.599907251831671,0.000183654693239332,NA,FALSE,FALSE,TRUE,"diagnostics_met_only",233.541929182073,1431.22364073003
"mu.nu[11]","local_continuous",TRUE,0.599947863544403,0.0282906036492644,0.560124440932669,0.59984961656994,0.639876332270248,0.999515115406997,1412.64052336693,8656.04057913522,0.000800147270944543,0.599984426444365,0.59989975822536,0.599907251831671,0.600000017676214,0.000100259450854567,NA,FALSE,FALSE,TRUE,"diagnostics_met_only",233.571515106966,1431.22364073003
"mu.nu[12]","local_continuous",TRUE,0.599974948750643,0.0282835090492384,0.560126565954767,0.599934155840061,0.639874219587976,0.999513405816628,1412.46281669413,8656.04057913522,0.000799802374184463,0.59989975822536,0.599907251831671,0.600000017676214,0.600092767269328,0.000193009043968351,NA,FALSE,FALSE,TRUE,"diagnostics_met_only",233.542132389902,1431.22364073003
"mu.nu[13]","local_continuous",TRUE,0.600025065960013,0.0282835115514326,0.560126565954767,0.600065844157564,0.639874219587976,0.999513333262397,1412.46281334265,8656.04057913522,0.000799802495837073,0.599907251831671,0.600000017676214,0.600092767269328,0.600100227062838,0.000192975231167569,NA,FALSE,FALSE,TRUE,"diagnostics_met_only",233.542131835756,1431.22364073003
"mu.nu[14]","local_continuous",TRUE,0.600052137641344,0.028290604068793,0.560124627671657,0.600150383435482,0.639876102891216,0.999515650363155,1412.63940221546,8656.04057913522,0.000800147291337654,0.600000017676214,0.600092767269328,0.600100227062838,0.600015538556998,0.000100209386624139,NA,FALSE,FALSE,TRUE,"diagnostics_met_only",233.571329731392,1431.22364073003
"mu.nu[15]","local_continuous",TRUE,0.600031274215669,0.0282846986334998,0.560124667011841,0.600089747886045,0.639876102891216,0.999515357814296,1412.46180190446,8656.04057913522,0.000799860208962298,0.600092767269328,0.600100227062838,0.600015538556998,0.599916563973512,0.000183663089326602,NA,FALSE,FALSE,TRUE,"diagnostics_met_only",233.541964600604,1431.22364073003
"mu.nu[16]","local_continuous",TRUE,0.599981657420336,0.0282825210102658,0.560122611550111,0.599994791636059,0.639876102891216,0.99951510962939,1412.56379706772,8655.98210838124,0.000799754336729732,0.600100227062838,0.600015538556998,0.599916563973512,0.599894300087995,0.000205926974843784,NA,FALSE,FALSE,TRUE,"diagnostics_met_only",233.558828880244,1431.21397294663
"mu.nu[17]","local_continuous",TRUE,0.599948904708155,0.0282902389555311,0.560123119843656,0.599901699954792,0.63987449779643,0.999517908384522,1412.65548835002,8653.49809687522,0.000800129543249084,0.600015538556998,0.599916563973512,0.599894300087995,0.599969216214115,0.000121238469003027,NA,FALSE,FALSE,TRUE,"diagnostics_met_only",233.573989475864,1430.80325675847
"mu.nu[18]","local_continuous",TRUE,0.599963128771658,0.0282859930290746,0.560126334135937,0.599922203973886,0.639873966369312,0.999513741519893,1412.49209323907,8653.51270422308,0.000799923137427251,0.599916563973512,0.599894300087995,0.599969216214115,0.600072434811011,0.00017813472301631,NA,FALSE,FALSE,TRUE,"diagnostics_met_only",233.54697308847,1430.80567199456
"mu.nu[19]","local_continuous",TRUE,0.600011252072458,0.0282818087917029,0.560124966097763,0.600013760547577,0.639876561414337,0.999513619363645,1412.82110440016,8653.44883211594,0.000799719708633806,0.599894300087995,0.599969216214115,0.600072434811011,0.600109057176714,0.000214757088718986,NA,FALSE,FALSE,TRUE,"diagnostics_met_only",233.601373082037,1430.79511113028
"mu.nu[20]","local_continuous",TRUE,0.600049030269732,0.028289537380963,0.560123348660534,0.600084813034925,0.639876561414337,0.999516878977428,1412.95154115866,8653.51270422308,0.000800095439375176,0.599969216214115,0.600072434811011,0.600109057176714,0.600045412877088,0.000139840962598226,NA,FALSE,FALSE,TRUE,"diagnostics_met_only",233.622940006391,1430.80567199456
"mu.nu[21]","local_continuous",TRUE,0.600041730263128,0.0282872891180371,0.560122364215495,0.600065844158927,0.639876796324588,0.999515818871282,1412.87000211328,8653.49809687522,0.00079998614613902,0.600072434811011,0.600109057176714,0.600045412877088,0.599940016187702,0.000169040989011382,NA,FALSE,FALSE,TRUE,"diagnostics_met_only",233.609458021376,1430.80325675847
"mu.nu[22]","local_continuous",TRUE,0.599996063645054,0.0282814316532217,0.560122364215495,0.599981633975345,0.63987559673486,0.99951639315388,1413.0629696878,8653.56196974666,0.000799701371890685,0.600109057176714,0.600045412877088,0.599940016187702,0.599889768338712,0.00021928883800193,NA,FALSE,FALSE,TRUE,"diagnostics_met_only",233.641364035681,1430.81381774912
"mu.nu[23]","local_continuous",TRUE,0.599954016093563,0.0282885552097714,0.560124027994744,0.599922203972838,0.639871853397513,0.999518380592884,1412.82377413264,8607.01122412137,0.000800047694542359,0.600045412877088,0.599940016187702,0.599889768338712,0.599940866970749,0.000155644538376798,NA,FALSE,FALSE,TRUE,"diagnostics_met_only",233.601814506058,1423.11693520525
"mu.nu[24]","local_continuous",TRUE,0.599954245933585,0.0282884836613639,0.560122160158649,0.59992220398266,0.639873110795168,0.999518206964899,1412.80138786594,8607.01122412137,0.000800044216418978,0.599940016187702,0.599889768338712,0.599940866970749,0.600046332237176,0.000156563898464634,NA,FALSE,FALSE,TRUE,"diagnostics_met_only",233.598113073071,1423.11693520525
"mu.nu[25]","local_continuous",TRUE,0.599996541851263,0.0282814196510914,0.560123577712356,0.600028782750514,0.639875602752326,0.999515558191224,1413.00787879643,8653.51270422308,0.000799700788335616,0.599889768338712,0.599940866970749,0.600046332237176,0.600109199858413,0.000219431519701385,NA,FALSE,FALSE,TRUE,"diagnostics_met_only",233.632255092003,1430.80567199456
"mu.nu[26]","local_continuous",TRUE,0.600042017174942,0.0282873706566656,0.560123577712356,0.6000894185048,0.639877245090372,0.999515771040537,1412.81982655203,8653.43422504273,0.000799990110028806,0.599940866970749,0.600046332237176,0.600109199858413,0.600071669633427,0.000168332887663825,NA,FALSE,FALSE,TRUE,"diagnostics_met_only",233.601161797624,1430.7926959396
"mu.nu[27]","local_continuous",TRUE,0.600048862101751,0.0282894815208076,0.560123571720692,0.60010137035441,0.639877245090372,0.999515656693319,1412.90325543807,8653.40501111012,0.000800092723960238,0.600046332237176,0.600109199858413,0.600071669633427,0.59996824667799,0.000140953180423176,NA,FALSE,FALSE,TRUE,"diagnostics_met_only",233.614956256294,1430.7878655936
"mu.nu[28]","local_continuous",TRUE,0.60001078343755,0.0282817737418478,0.560125643793214,0.600018366024864,0.639875366696738,0.999512636673764,1412.79746005835,8653.48348959864,0.000799718004492173,0.600109199858413,0.600071669633427,0.59996824667799,0.599894017580369,0.000215182278044179,NA,FALSE,FALSE,TRUE,"diagnostics_met_only",233.597463633986,1430.80084153417
"mu.nu[29]","local_continuous",TRUE,0.599962790530595,0.0282860780634858,0.560123853802009,0.599898629641936,0.639875325750298,0.99951406925555,1412.50259953127,8653.56196974666,0.000799927271396062,0.600071669633427,0.59996824667799,0.599894017580369,0.599917228230596,0.000177652053057864,NA,FALSE,FALSE,TRUE,"diagnostics_met_only",233.548710239958,1430.81381774912
"mu.nu[30]","local_continuous",TRUE,0.599949007838211,0.0282902032318108,0.560121981303868,0.599886677802538,0.639875416073688,0.999515524996273,1412.66721858252,8653.56196974666,0.000800127806716742,0.59996824667799,0.599894017580369,0.599917228230596,0.600016538863891,0.000122521283522081,NA,FALSE,FALSE,TRUE,"diagnostics_met_only",233.575928998433,1430.81381774912
"mu.nu[31]","local_continuous",TRUE,0.599982107104214,0.028282465705955,0.560123522554102,0.599971217248755,0.63987696995297,0.999515319715853,1412.56613681903,8656.0259613397,0.000799751647854372,0.599894017580369,0.599917228230596,0.600016538863891,0.600100643741996,0.000206626161627033,NA,FALSE,FALSE,TRUE,"diagnostics_met_only",233.559215743887,1431.22122376648
"mu.nu[32]","local_continuous",TRUE,0.600031657016084,0.028284780389916,0.56012217580354,0.60007779602347,0.639878840881171,0.999515785462178,1412.45406774767,8656.0259613397,0.000799864183701821,0.599917228230596,0.600016538863891,0.600100643741996,0.600092217227854,0.000183415511399776,NA,FALSE,FALSE,TRUE,"diagnostics_met_only",233.54068580484,1431.22122376648
"mu.nu[33]","local_continuous",TRUE,0.600052101613361,0.0282905913260031,0.560125399454159,0.600114857354603,0.639876975958688,0.999514596367709,1412.63164201343,8656.0259613397,0.000800146671915758,0.600016538863891,0.600100643741996,0.600092217227854,0.599999006619703,0.000101637122292608,NA,FALSE,FALSE,TRUE,"diagnostics_met_only",233.570046629204,1431.22122376648
"mu.nu[34]","local_continuous",TRUE,0.600024644227592,0.0282834403997778,0.560125920821674,0.60007779602658,0.639875646061402,0.999513164866381,1412.45959815071,8656.04057913522,0.00079979903655628,0.600100643741996,0.600092217227854,0.599999006619703,0.599906709320817,0.000193934421179098,NA,FALSE,FALSE,TRUE,"diagnostics_met_only",233.541600223332,1431.22364073003
"mu.nu[35]","local_continuous",TRUE,0.599974529052628,0.0282835810141333,0.56012515664493,0.599946107714524,0.639875646061402,0.999512486202044,1412.47043001777,8656.02596133969,0.000799805872997545,0.600092217227854,0.599999006619703,0.599906709320817,0.599900183042139,0.000192034185714784,NA,FALSE,FALSE,TRUE,"diagnostics_met_only",233.543391206642,1431.22122376648
"mu.nu[36]","local_continuous",TRUE,0.599947831749212,0.0282906149020082,0.560123299545614,0.599886677798819,0.639875646061402,0.999515004739332,1412.65506166888,8656.02596133969,0.000800147817935738,0.599999006619703,0.599906709320817,0.599900183042139,0.59998542801419,9.88235775642998e-05,NA,FALSE,FALSE,TRUE,"diagnostics_met_only",233.573918926734,1431.22122376648
"mu.nu[37]","local_continuous",TRUE,0.599969097694984,0.0282846201552194,0.560120576555619,0.599922203973024,0.639876768604986,0.999515563391694,1412.47190324395,8656.0259613397,0.00079985639358763,0.599906709320817,0.599900183042139,0.59998542801419,0.600084070402791,0.000183887360652446,NA,FALSE,FALSE,TRUE,"diagnostics_met_only",233.543634795627,1431.22122376648
"mu.nu[38]","local_continuous",TRUE,0.600018775077475,0.0282825754958144,0.560122432322627,0.599994791635989,0.639875922563187,0.999516291352569,1412.56630853456,8656.02596133969,0.000799756985793474,0.599900183042139,0.59998542801419,0.600084070402791,0.600105418850779,0.000205235808639737,NA,FALSE,FALSE,TRUE,"diagnostics_met_only",233.559244136005,1431.22122376648
"mu.nu[39]","local_continuous",TRUE,0.60005119074032,0.0282902720826645,0.560124950277375,0.600077796027447,0.639875922563187,0.999519040219554,1412.65140530051,8653.51270422308,0.000800131153559756,0.59998542801419,0.600084070402791,0.600105418850779,0.600029845693523,0.000119990836588424,NA,FALSE,FALSE,TRUE,"diagnostics_met_only",233.57331436847,1430.80567199456
"mu.nu[40]","local_continuous",TRUE,0.600036541872594,0.0282859109743839,0.560124950277375,0.600077796027447,0.639875911873672,0.999516382249026,1412.47555143891,8653.48348959864,0.000799919148309793,0.600084070402791,0.600105418850779,0.600029845693523,0.599926832543282,0.000178586307496231,NA,FALSE,FALSE,TRUE,"diagnostics_met_only",233.544238002465,1430.80084153417
"mu.nu[41]","local_continuous",TRUE,0.599988296575726,0.0282818439582586,0.560124950277375,0.59999325647707,0.63987610662641,0.9995163681815,1412.9860422731,8653.52731164222,0.00079972141844795,0.600105418850779,0.600029845693523,0.599926832543282,0.59989108921532,0.000214329635458421,NA,FALSE,FALSE,TRUE,"diagnostics_met_only",233.628644555738,1430.80808724243
"mu.nu[42]","local_continuous",TRUE,0.599950811353162,0.0282895901642811,0.560124440932669,0.599934155840213,0.63987815325822,0.999517691477999,1413.15039062459,8653.52731164222,0.000800098005218601,0.600029845693523,0.599926832543282,0.59989108921532,0.599955477960525,0.000138756478202495,NA,FALSE,FALSE,TRUE,"diagnostics_met_only",233.655818555653,1430.80808724243
"mu.nu[43]","local_continuous",TRUE,0.599958549945656,0.0282872100234077,0.560124626391346,0.599946107716163,0.63987815325822,0.999516957245086,1413.05775540444,8653.52731164222,0.000799982301053071,0.599926832543282,0.59989108921532,0.599955477960525,0.600060800063499,0.000169710848178406,NA,FALSE,FALSE,TRUE,"diagnostics_met_only",233.640501885655,1430.80808724243
"mu.nu[44]","local_continuous",TRUE,0.600004397526957,0.0282814446982249,0.560124769394134,0.600017160250132,0.639876336975019,0.999515925009114,1413.25840804768,8653.54736219543,0.000799702006151029,0.59989108921532,0.599955477960525,0.600060800063499,0.600110222868487,0.000219133653166392,NA,FALSE,FALSE,TRUE,"diagnostics_met_only",233.673678579311,1430.8114024794
"mu.nu[45]","local_continuous",TRUE,0.600046202042254,0.0282886234461259,0.560124769394134,0.600089747886045,0.63987811277295,0.999516520444834,1412.85608712637,8606.99680811835,0.000800051011653745,0.599955477960525,0.600060800063499,0.600110222868487,0.600058307276507,0.00015474490796219,NA,FALSE,FALSE,TRUE,"diagnostics_met_only",233.607157262958,1423.11455160687
"mu.nu[46]","local_continuous",TRUE,0.600045528612974,0.0282884138266254,0.560124769394134,0.600065844157848,0.639876102891216,0.999517678342344,1412.79322032335,8607.02564019436,0.000800040821594654,0.600060800063499,0.600110222868487,0.600058307276507,0.599952784243403,0.000157438625083328,NA,FALSE,FALSE,TRUE,"diagnostics_met_only",233.596762619602,1423.1193188152
"mu.nu[47]","local_continuous",TRUE,0.600002996386892,0.0282814095348935,0.560122611550111,0.599970887864852,0.639876102891216,0.999515005627241,1412.98290388749,8653.51270422308,0.000799700296476249,0.600110222868487,0.600058307276507,0.599952784243403,0.599890671159168,0.0002195517093182,NA,FALSE,FALSE,TRUE,"diagnostics_met_only",233.628125642773,1430.80567199456
"mu.nu[48]","local_continuous",TRUE,0.59995770929652,0.0282874489118321,0.560120754413581,0.599901699954792,0.63987657938241,0.999515275792355,1412.79560273964,8653.56196974666,0.000799993914289803,0.600058307276507,0.599952784243403,0.599890671159168,0.599929074506999,0.000167636117338055,NA,FALSE,FALSE,TRUE,"diagnostics_met_only",233.597156537639,1430.81381774912
"mu.nu[49]","local_continuous",TRUE,0.599951304083894,0.0282894265075571,0.560123119843656,0.599901699954792,0.639875826538044,0.999513631163542,1412.87688645744,8653.51270422308,0.000800090049710368,0.599952784243403,0.599890671159168,0.599929074506999,0.600032686426003,0.000142015266834217,NA,FALSE,FALSE,TRUE,"diagnostics_met_only",233.610596305793,1430.80567199456
"mu.nu[50]","local_continuous",TRUE,0.599989669671963,0.0282817412706823,0.560124966097763,0.599975822725846,0.639875826538044,0.999511301554772,1412.79163675782,8653.51270422308,0.00079971642572637,0.599890671159168,0.599929074506999,0.600032686426003,0.600106246595681,0.000215575436512405,NA,FALSE,FALSE,TRUE,"diagnostics_met_only",233.596500786677,1430.80567199456
"mu.nu[51]","local_continuous",TRUE,0.600037532915989,0.0282861601046008,0.560126102552033,0.600089747887517,0.639875826538044,0.999512826567602,1412.52476382499,8653.57657736916,0.000799931259836559,0.599929074506999,0.600032686426003,0.600106246595681,0.600082124135271,0.000177172088681843,NA,FALSE,FALSE,TRUE,"diagnostics_met_only",233.552374971063,1430.81623303061
"mu.nu[52]","local_continuous",TRUE,0.600050888570146,0.0282901674208164,0.560125208722466,0.600102905510869,0.639876796324588,0.999514081752286,1412.67950167204,8653.56196974666,0.000800126065940422,0.600032686426003,0.600106246595681,0.600082124135271,0.599982497123628,0.000123749472052959,NA,FALSE,FALSE,TRUE,"diagnostics_met_only",233.577959932546,1430.81381774912
"mu.nu[53]","local_continuous",TRUE,0.600017457507596,0.0282824134675933,0.560122364215495,0.600030317909317,0.639878662612949,0.99951529419899,1412.56948250993,8656.0259613397,0.000799749108040855,0.600106246595681,0.600082124135271,0.599982497123628,0.599898962175802,0.000207284419878939,NA,FALSE,FALSE,TRUE,"diagnostics_met_only",233.559768933519,1431.22122376648
"mu.nu[54]","local_continuous",TRUE,0.599967976093071,0.028284859681702,0.560123342662996,0.599935361613781,0.639876790323482,0.999515972113708,1412.45201020045,8656.0259613397,0.000799868038610877,0.600082124135271,0.599982497123628,0.599898962175802,0.599908320937582,0.000183161959469436,NA,FALSE,FALSE,TRUE,"diagnostics_met_only",233.540345601927,1431.22122376648
"mu.nu[55]","local_continuous",TRUE,0.599947937310891,0.0282905775687202,0.560122160158649,0.599874725963989,0.63987559673486,0.99951614840485,1412.62399535197,8656.0259613397,0.00080014600317954,0.599982497123628,0.599898962175802,0.599908320937582,0.600001969006551,0.000103006830749486,NA,FALSE,FALSE,TRUE,"diagnostics_met_only",233.568782300259,1431.22122376648
"mu.nu[56]","local_continuous",TRUE,0.599975764724978,0.0282833725570343,0.560124034021651,0.59992220398266,0.639875144935901,0.999514443681666,1412.45346929498,8656.0259613397,0.000799795738143668,0.599898962175802,0.599908320937582,0.600001969006551,0.600093806779976,0.00019484460417396,NA,FALSE,FALSE,TRUE,"diagnostics_met_only",233.540586854329,1431.22122376648
"mu.nu[57]","local_continuous",TRUE,0.600025873939154,0.0282836512394732,0.560125462357384,0.600042269792153,0.639875366696738,0.999514484781948,1412.47775658568,8655.9967259627,0.000799809287230184,0.599908320937582,0.600001969006551,0.600093806779976,0.600099399032503,0.000191078094920583,NA,FALSE,FALSE,TRUE,"diagnostics_met_only",233.544602610066,1431.21638987479
"mu.nu[58]","local_continuous",TRUE,0.600052194772995,0.0282906242938172,0.560123571720692,0.600113322202193,0.639877245090372,0.999517393033362,1412.67178447413,8655.96749087112,0.000800148274467542,0.600001969006551,0.600093806779976,0.600099399032503,0.60001360427295,9.74300259513061e-05,NA,FALSE,FALSE,TRUE,"diagnostics_met_only",233.576683940829,1431.21155603028
"mu.nu[59]","local_continuous",TRUE,0.600030527973253,0.0282845421138633,0.560123757783383,0.60007659025277,0.639877245090372,0.999516243156632,1412.48952236895,8655.9967259627,0.000799852599447323,0.600093806779976,0.600099399032503,0.60001360427295,0.599915301807583,0.000184097224919633,NA,FALSE,FALSE,TRUE,"diagnostics_met_only",233.54654801074,1431.21638987479
"mu.nu[60]","local_continuous",TRUE,0.59998079389569,0.0282826310592127,0.560123757783383,0.599981633975903,0.639875422086541,0.999516891662836,1412.57344997282,8656.0259613397,0.000799759687258005,0.600099399032503,0.60001360427295,0.599915301807583,0.599894870469722,0.000204528562781192,NA,FALSE,FALSE,TRUE,"diagnostics_met_only",233.560424929369,1431.22122376648
"mu.nu[61]","local_continuous",TRUE,0.599948717821855,0.0282903038757748,0.560121981303868,0.599898629641936,0.639873293151554,0.999519263448421,1412.64910462657,8653.43422504273,0.000800132699022258,0.60001360427295,0.599915301807583,0.599894870469722,0.599971094737167,0.000118733803228355,NA,FALSE,FALSE,TRUE,"diagnostics_met_only",233.572933966033,1430.7926959396
"mu.nu[62]","local_continuous",TRUE,0.599963790346108,0.0282858289520652,0.560125406780572,0.599935361614644,0.639871670044465,0.999518083860046,1412.46375565411,8653.43422504273,0.000799915160757774,0.599915301807583,0.599894870469722,0.599971094737167,0.600073894369957,0.000179023900235276,NA,FALSE,FALSE,TRUE,"diagnostics_met_only",233.542287641222,1430.7926959396
"mu.nu[63]","local_continuous",TRUE,0.600012153859159,0.0282818804320074,0.560123528547027,0.60003031790891,0.639875416073688,0.99951669529998,1412.79263891373,8653.56196974666,0.000799723191816805,0.599894870469722,0.599971094737167,0.600073894369957,0.60010875585979,0.000213885390068724,NA,FALSE,FALSE,TRUE,"diagnostics_met_only",233.596666487058,1430.81381774912
"mu.nu[64]","local_continuous",TRUE,0.60004934317015,0.0282896418271887,0.56012217580354,0.600082401492032,0.639876975958688,0.999516693044193,1413.0075009367,8653.56196974666,0.000800100516594549,0.599971094737167,0.600073894369957,0.60010875585979,0.600043627713686,0.000137661122623034,NA,FALSE,FALSE,TRUE,"diagnostics_met_only",233.632192615195,1430.81381774912
"mu.nu[65]","local_continuous",TRUE,0.600041166598063,0.0282871305540745,0.560123528547027,0.600065844159505,0.63987674122836,0.99951622097618,1412.90299584682,8653.57657736916,0.000799978437743556,0.600073894369957,0.60010875585979,0.600043627713686,0.599938388448818,0.000170367410972649,NA,FALSE,FALSE,TRUE,"diagnostics_met_only",233.614913334462,1430.81623303061
"mu.nu[66]","local_continuous",TRUE,0.599995141645566,0.0282814591756005,0.560123293546816,0.599978234273609,0.63987674122836,0.999513017514723,1413.11156283289,8653.51270422308,0.00079970271005442,0.60010875585979,0.600043627713686,0.599938388448818,0.599889794559971,0.000218961299819243,NA,FALSE,FALSE,TRUE,"diagnostics_met_only",233.64939861655,1430.80567199456
"mu.nu[67]","local_continuous",TRUE,0.59995358344173,0.0282886908649231,0.56012515664493,0.599904111495848,0.639873775011582,0.999513455108282,1412.9107118907,8653.51270422308,0.000800054289016316,0.600043627713686,0.599938388448818,0.599889794559971,0.599942523044449,0.000153833153714644,NA,FALSE,FALSE,TRUE,"diagnostics_met_only",233.616189135367,1430.80567199456
"mu.nu[68]","local_continuous",TRUE,0.599954700407507,0.0282883432400034,0.560123299545614,0.599922203973024,0.639874679121191,0.999516093266833,1412.78660960284,8653.56196974666,0.000800037390213448,0.599938388448818,0.599889794559971,0.599942523044449,0.600048095576791,0.000158301016819795,NA,FALSE,FALSE,TRUE,"diagnostics_met_only",233.595669577189,1430.81381774912
"mu.nu[69]","local_continuous",TRUE,0.599997465609712,0.028281400862093,0.560122432322627,0.600018695409377,0.639875922563187,0.99951381901034,1412.96729394604,8700.4749791854,0.000799699874796164,0.599889794559971,0.599942523044449,0.600048095576791,0.600109449257637,0.000219654697665828,NA,FALSE,FALSE,TRUE,"diagnostics_met_only",233.625544633936,1438.57059841029
"mu.nu[70]","local_continuous",TRUE,0.60004256091866,0.0282875267174414,0.560124476837353,0.600113322193295,0.639875922563187,0.999514651164711,1412.78480133754,8653.57657736916,0.000799997696688716,0.599942523044449,0.600048095576791,0.600109449257637,0.600070175795762,0.000166926213187812,NA,FALSE,FALSE,TRUE,"diagnostics_met_only",233.595370591524,1430.81623303061
"mu.nu[71]","local_continuous",TRUE,0.600048525915271,0.0282893704251644,0.560124446902099,0.600138431622489,0.639875922563187,0.999514449874561,1412.855002953,8653.57657736916,0.000800087323484557,0.600048095576791,0.600109449257637,0.600070175795762,0.599966383030895,0.000143066226742095,NA,FALSE,FALSE,TRUE,"diagnostics_met_only",233.606978001489,1430.81623303061
"mu.nu[72]","local_continuous",TRUE,0.600009876409171,0.0282817101389048,0.560126383855365,0.600039528858315,0.639874219587976,0.9995129576417,1412.78761445634,8653.57657736916,0.000799714912081118,0.600109449257637,0.600070175795762,0.599966383030895,0.599893497552392,0.000215951705244799,NA,FALSE,FALSE,TRUE,"diagnostics_met_only",233.595835723601,1430.81623303061
"mu.nu[73]","local_continuous",TRUE,0.599962146578027,0.0282862421000148,0.560126383855365,0.59992220397417,0.639874219587976,0.999513434264618,1412.54086722558,8653.52731164222,0.000799935246046961,0.600070175795762,0.599966383030895,0.599893497552392,0.599918529933057,0.000176678243370088,NA,FALSE,FALSE,TRUE,"diagnostics_met_only",233.555037570367,1430.80808724243
"mu.nu[74]","local_continuous",TRUE,0.599949219008474,0.0282901303085836,0.560124626391346,0.599861568373905,0.639876152126752,0.999515209942249,1412.69053764039,8653.52731164222,0.000800124261909081,0.599966383030895,0.599893497552392,0.599918529933057,0.600018465517552,0.00012496796516015,NA,FALSE,FALSE,TRUE,"diagnostics_met_only",233.579784662763,1430.80808724243
"mu.nu[75]","local_continuous",TRUE,0.599982979248342,0.028282362357877,0.560124627671657,0.599957730214965,0.639876152126752,0.999515167520215,1412.57666147057,8656.04057913522,0.000799746623098461,0.599893497552392,0.599918529933057,0.600018465517552,0.600101423990369,0.000207926437976624,NA,FALSE,FALSE,TRUE,"diagnostics_met_only",233.56095593098,1431.22364073003
"mu.nu[76]","local_continuous",TRUE,0.600032388288789,0.0282849393353388,0.560124627671657,0.600065844157848,0.63987811277295,0.999515698713204,1412.44904427746,8655.98210838124,0.000799871911104098,0.599918529933057,0.600018465517552,0.600101423990369,0.60009113371418,0.000182894057311311,NA,FALSE,FALSE,TRUE,"diagnostics_met_only",233.539855204607,1431.21397294663
"mu.nu[77]","local_continuous",TRUE,0.60005201968589,0.0282905623817249,0.560124769394134,0.600113322195804,0.639876102891216,0.999518137551762,1412.61728357328,8656.01134361552,0.00080014526494528,0.600018465517552,0.600101423990369,0.60009113371418,0.599997055521459,0.000104368468909266,NA,FALSE,FALSE,TRUE,"diagnostics_met_only",233.567672548492,1431.21880681474
"mu.nu[78]","local_continuous",TRUE,0.600023824423685,0.0282833055422744,0.560126334135937,0.600065844157848,0.639874169989156,0.999514233869151,1412.45832300565,8656.02596133969,0.000799792479980786,0.600101423990369,0.60009113371418,0.599997055521459,0.59990568446873,0.000195739521638538,NA,FALSE,FALSE,TRUE,"diagnostics_met_only",233.541389385855,1431.22122376648
"mu.nu[79]","local_continuous",TRUE,0.599973725096216,0.0282837222054395,0.560123119843656,0.59994610771512,0.63987449779643,0.999515304000696,1412.49927783362,8656.01134361552,0.000799812737464568,0.60009113371418,0.599997055521459,0.59990568446873,0.599901026680493,0.000190107033687048,NA,FALSE,FALSE,TRUE,"diagnostics_met_only",233.548161017463,1431.21880681474
"mu.nu[80]","local_continuous",TRUE,0.599947782794113,0.028290632241278,0.560123119843656,0.599901699954792,0.639875873277242,0.999518116533613,1412.70286485357,8656.0259613397,0.000800148660790119,0.599997055521459,0.59990568446873,0.599901026680493,0.59998736450577,9.60288409660448e-05,NA,FALSE,FALSE,TRUE,"diagnostics_met_only",233.581822892455,1431.22122376648
"mu.nu[81]","local_continuous",TRUE,0.599969848750291,0.0282844645338922,0.560123113840244,0.59994610771512,0.639878429486158,0.999516167120495,1412.52328608012,8656.01134361553,0.00079984882773071,0.59990568446873,0.599901026680493,0.59998736450577,0.600085319346171,0.000184292665677876,NA,FALSE,FALSE,TRUE,"diagnostics_met_only",233.55213063494,1431.21880681474
"mu.nu[82]","local_continuous",TRUE,0.600019635626402,0.0282826876830415,0.560125208722466,0.600046875264271,0.639878429486158,0.999517031011668,1412.60020589872,8656.0259613397,0.000799762440276199,0.599901026680493,0.59998736450577,0.600085319346171,0.600104831973173,0.000203805292679826,NA,FALSE,FALSE,TRUE,"diagnostics_met_only",233.564848858916,1431.22122376648
"mu.nu[83]","local_continuous",TRUE,0.600051369598153,0.028290334324903,0.560127980528545,0.600089747887517,0.639875832561383,0.999519633460343,1412.65647901604,8653.56196974666,0.000800134179152644,0.59998736450577,0.600085319346171,0.600104831973173,0.600027962567497,0.000117467467403487,NA,FALSE,FALSE,TRUE,"diagnostics_met_only",233.574153276462,1430.81381774912
"mu.nu[84]","local_continuous",TRUE,0.600035874598265,0.0282857469878229,0.560126102552033,0.600054221669696,0.639876790323482,0.999518351330375,1412.45921856651,8653.56196974666,0.000799911176020845,0.600085319346171,0.600104831973173,0.600027962567497,0.59992538450622,0.000179447466952976,NA,FALSE,FALSE,TRUE,"diagnostics_met_only",233.541537461393,1430.81381774912
"mu.nu[85]","local_continuous",TRUE,0.599987396658177,0.0282819182015142,0.560124027994744,0.599947313487255,0.63987559673486,0.999515790896231,1412.74108829566,8656.0259613397,0.000799725028184215,0.600104831973173,0.600027962567497,0.59992538450622,0.599891407585816,0.000213424387357497,NA,FALSE,FALSE,TRUE,"diagnostics_met_only",233.588142906029,1431.22122376648
"mu.nu[86]","local_continuous",TRUE,0.599950506172437,0.0282896923535019,0.560122160158649,0.59989862964217,0.639876790323482,0.999517937890694,1413.1447217637,8653.56196974666,0.000800102972716523,0.600027962567497,0.59992538450622,0.599891407585816,0.599957270030215,0.000136554981681414,NA,FALSE,FALSE,TRUE,"diagnostics_met_only",233.654881243999,1430.81381774912
"mu.nu[87]","local_continuous",TRUE,0.599959120083506,0.0282870507349381,0.560122160158649,0.599910581497532,0.639877025004661,0.999515824395551,1413.03810328971,8653.53275471548,0.000799974557420904,0.59992538450622,0.599891407585816,0.599957270030215,0.600062418211774,0.000171010625957813,NA,FALSE,FALSE,TRUE,"diagnostics_met_only",233.637252528061,1430.80898722148
"mu.nu[88]","local_continuous",TRUE,0.600005318801272,0.0282814750808093,0.560124034021651,0.600018366024864,0.639875366696738,0.999512632474632,1413.24678955408,8653.51270422308,0.000799703483380085,0.599891407585816,0.599957270030215,0.600062418211774,0.600110179377284,0.000218771791468564,NA,FALSE,FALSE,TRUE,"diagnostics_met_only",233.671757532089,1430.80567199456
"mu.nu[89]","local_continuous",TRUE,0.600046627437677,0.0282887574450416,0.56012545631999,0.600113322202193,0.639877018997682,0.99951431845989,1413.09706218731,8653.49809687522,0.000800057525603509,0.599957270030215,0.600062418211774,0.600110179377284,0.600056642131439,0.000152909347069352,NA,FALSE,FALSE,TRUE,"diagnostics_met_only",233.647001023034,1430.80325675847
"mu.nu[90]","local_continuous",TRUE,0.600045067022915,0.0282882719236134,0.560123853802009,0.60010137035441,0.639877245090372,0.999513673927338,1412.78658428067,8653.49809687522,0.000800033923350236,0.600062418211774,0.600110179377284,0.600056642131439,0.599951028371165,0.000159151006118852,NA,FALSE,FALSE,TRUE,"diagnostics_met_only",233.595665390323,1430.80325675847
"mu.nu[91]","local_continuous",TRUE,0.600002072195122,0.028281393635409,0.560123757783383,0.60000487897902,0.639877204454225,0.99951342114737,1412.95946404668,8700.55438499089,0.000799699523427616,0.600110179377284,0.600056642131439,0.599951028371165,0.599890438900601,0.000219740476682939,NA,FALSE,FALSE,TRUE,"diagnostics_met_only",233.624250007718,1438.58372767706
"mu.nu[92]","local_continuous",TRUE,0.59995717220069,0.0282876040491145,0.560121880072796,0.599898629641936,0.639877294094486,0.999515155236879,1412.7769669221,8653.57657736916,0.000800001456040527,0.600056642131439,0.599951028371165,0.599890438900601,0.599930579399556,0.000166203230837825,NA,FALSE,FALSE,TRUE,"diagnostics_met_only",233.594075218602,1430.81623303061
"mu.nu[93]","local_continuous",TRUE,0.599951647887433,0.0282893132911983,0.560123522554102,0.599897094488031,0.639875416073688,0.999513951946572,1412.84254132376,8653.51270422308,0.000800084546136623,0.599951028371165,0.599890438900601,0.599930579399556,0.600034544878409,0.000144105977807452,NA,FALSE,FALSE,TRUE,"diagnostics_met_only",233.604917546918,1430.80567199456
"mu.nu[94]","local_continuous",TRUE,0.599990578283483,0.0282816803562761,0.560124083277987,0.599957730208795,0.639873293151554,0.999512919345169,1412.79223291073,8653.57657736916,0.000799713464031144,0.599890438900601,0.599930579399556,0.600034544878409,0.600106749955366,0.00021631105476505,NA,FALSE,FALSE,TRUE,"diagnostics_met_only",233.596599356933,1430.81623303061
"mu.nu[95]","local_continuous",TRUE,0.600038170962248,0.0282863240240321,0.560124083277987,0.600065844159505,0.639875652080128,0.999513150032459,1412.56077452954,8653.51270422308,0.000799939228778101,0.599930579399556,0.600034544878409,0.600106749955366,0.600080809615663,0.00017617055581054,NA,FALSE,FALSE,TRUE,"diagnostics_met_only",233.558329121947,1430.80567199456
"mu.nu[96]","local_continuous",TRUE,0.600050669434357,0.0282900919067375,0.560124083277987,0.600101370356509,0.63987674122836,0.999515380677876,1412.70706214399,8653.52731164222,0.000800122395187648,0.600034544878409,0.600106749955366,0.600080809615663,0.59998057328799,0.000126176667376021,NA,FALSE,FALSE,TRUE,"diagnostics_met_only",233.582516888887,1430.80808724243
"mu.nu[97]","local_continuous",TRUE,0.600016582662192,0.0282823123928289,0.560123293546816,0.60005422166986,0.63987863638019,0.99951529633985,1412.58884951511,8656.0259613397,0.000799744193806443,0.600106749955366,0.600080809615663,0.59998057328799,0.599898197789751,0.000208552165615106,NA,FALSE,FALSE,TRUE,"diagnostics_met_only",233.562971149986,1431.22122376648
"mu.nu[98]","local_continuous",TRUE,0.599967249866883,0.0282850193258613,0.560123299545614,0.599975163956232,0.639877522344521,0.999516992788478,1412.45177085918,8656.02596133969,0.000799875799967668,0.600080809615663,0.59998057328799,0.599898197789751,0.599909418774129,0.000182611825911283,NA,FALSE,FALSE,TRUE,"diagnostics_met_only",233.540306028303,1431.22122376648
"mu.nu[99]","local_continuous",TRUE,0.599948027392926,0.0282905457697743,0.560123299545614,0.599922203973024,0.639874679121191,0.999519612403894,1412.61788425998,8656.02596133969,0.000800144457444138,0.59998057328799,0.599898197789751,0.599909418774129,0.600003919719836,0.000105721930085179,NA,FALSE,FALSE,TRUE,"diagnostics_met_only",233.567771868382,1431.22122376648
"mu.nu[100]","local_continuous",TRUE,0.59997658829423,0.0282832393765055,0.560123299545614,0.599957730208225,0.639874679121191,0.99951645986963,1412.45913664586,8655.9967259627,0.000799789263089182,0.599898197789751,0.599909418774129,0.600003919719836,0.600094816893203,0.000196619103451923,NA,FALSE,FALSE,TRUE,"diagnostics_met_only",233.541523916314,1431.21638987479
"mu.nu[101]","local_continuous",TRUE,0.60002667380985,0.028283793889787,0.560124492286497,0.600030317909728,0.639874679121191,0.999518173880523,1412.59971783643,8656.04057913522,0.000799816222618986,0.599909418774129,0.600003919719836,0.600094816893203,0.60009853985223,0.000189121078100984,NA,FALSE,FALSE,TRUE,"diagnostics_met_only",233.564768160786,1431.22364073003
"mu.nu[102]","local_continuous",TRUE,0.600052235547706,0.0282906387419014,0.560121254193763,0.600077796027447,0.639875922563187,0.999519470097027,1412.82004491737,8656.04057913522,0.000800148976782507,0.600003919719836,0.600094816893203,0.60009853985223,0.600011665725555,9.46201323935858e-05,NA,FALSE,FALSE,TRUE,"diagnostics_met_only",233.601197903005,1431.22364073003
"mu.nu[103]","local_continuous",TRUE,0.600029772163898,0.028284387439622,0.560121254193763,0.600039528858315,0.639876158111496,0.999517369568917,1412.63327611206,8656.04057913522,0.000799845079620104,0.600094816893203,0.60009853985223,0.600011665725555,0.599914066184605,0.000184473667624752,NA,FALSE,FALSE,TRUE,"diagnostics_met_only",233.57031681747,1431.22364073003
"mu.nu[104]","local_continuous",TRUE,0.599979936389904,0.0282827453495495,0.560123070779147,0.599946107715317,0.639874448238205,0.999516612423586,1412.70632898519,8656.01134361552,0.00079976524398478,0.60009853985223,0.600011665725555,0.599914066184605,0.599895473797225,0.00020306605500553,NA,FALSE,FALSE,TRUE,"diagnostics_met_only",233.582395665541,1431.21880681474
"mu.nu[105]","local_continuous",TRUE,0.599948547006503,0.0282903634205114,0.560122660535418,0.599897094493211,0.639874448238205,0.999516777359246,1412.67557353485,8653.54736219543,0.000800135593487438,0.600011665725555,0.599914066184605,0.599895473797225,0.599972982318629,0.000116191928330456,NA,FALSE,FALSE,TRUE,"diagnostics_met_only",233.577310438964,1430.8114024794
"mu.nu[106]","local_continuous",TRUE,0.599964463268036,0.028285665107344,0.560124769394134,0.599957730214965,0.639874448238205,0.999516619528269,1412.46433370734,8653.57657736916,0.000799907195347812,0.599914066184605,0.599895473797225,0.599972982318629,0.600075330771688,0.000179856974463322,NA,FALSE,FALSE,TRUE,"diagnostics_met_only",233.542383218807,1430.81623303061
"mu.nu[107]","local_continuous",TRUE,0.60001305183705,0.0282819572549374,0.560124769394134,0.600053892286052,0.63987811277295,0.999514335560489,1412.7132282825,8656.01134361552,0.000799726926974261,0.599895473797225,0.599972982318629,0.600075330771688,0.600108420460662,0.000212946663437075,NA,FALSE,FALSE,TRUE,"diagnostics_met_only",233.583536422371,1431.21880681474
"mu.nu[108]","local_continuous",TRUE,0.600049640607272,0.0282897417273927,0.560122611550111,0.600113322195804,0.639879738460925,0.999515855992806,1412.93968206728,8653.49809687522,0.000800105372815326,0.599972982318629,0.600075330771688,0.600108420460662,0.600041828878111,0.000135438142032651,NA,FALSE,FALSE,TRUE,"diagnostics_met_only",233.620979177792,1430.80325675847
"mu.nu[109]","local_continuous",TRUE,0.600040590032097,0.0282869705910101,0.560124442939888,0.600077796027809,0.639876102891216,0.999513227766813,1412.8230113791,8653.51270422308,0.000799970661300911,0.600075330771688,0.600108420460662,0.600041828878111,0.599936780017928,0.000171640442733656,NA,FALSE,FALSE,TRUE,"diagnostics_met_only",233.601688389402,1430.80567199456
"mu.nu[110]","local_continuous",TRUE,0.599994221168603,0.0282814924088646,0.560123119843656,0.599993256477046,0.63987449779643,0.999511448513669,1413.02791084752,8653.51270422308,0.000799704325885477,0.600108420460662,0.600041828878111,0.599936780017928,0.599889855317709,0.000218565142952709,NA,FALSE,FALSE,TRUE,"diagnostics_met_only",233.635567269762,1430.80567199456
"mu.nu[111]","local_continuous",TRUE,0.599953165336044,0.028288823165622,0.560123119843656,0.599898300260435,0.639873938682036,0.999513033880395,1412.92685755701,8653.51270422308,0.000800060720401527,0.600041828878111,0.599936780017928,0.599889855317709,0.599944197130428,0.000151973560402419,NA,FALSE,FALSE,TRUE,"diagnostics_met_only",233.618858723051,1430.80567199456
"mu.nu[112]","local_continuous",TRUE,0.599955169077538,0.0282881998997988,0.560123113840244,0.599910252111427,0.639874728629008,0.999513115624979,1412.79457473177,8653.49809687522,0.000800030422091012,0.599936780017928,0.599889855317709,0.599944197130428,0.600049843844084,0.000159988526375554,NA,FALSE,FALSE,TRUE,"diagnostics_met_only",233.596986562792,1430.80325675847
"mu.nu[113]","local_continuous",TRUE,0.599998390162395,0.0282813878571075,0.560121296938287,0.600006743523057,0.639878429486158,0.999514704039493,1412.95861529606,8700.56918720863,0.000799699242480813,0.599889855317709,0.599944197130428,0.600049843844084,0.600109664357357,0.000219809039647689,NA,FALSE,FALSE,TRUE,"diagnostics_met_only",233.624109671968,1438.5861751337
"mu.nu[114]","local_continuous",TRUE,0.600043091324522,0.028287680882621,0.560123348660534,0.6000777960273,0.639876820270271,0.999516508433282,1412.78068331093,8653.51270422308,0.000800005191167453,0.599944197130428,0.600049843844084,0.600109664357357,0.600068659966217,0.000165467226928673,NA,FALSE,FALSE,TRUE,"diagnostics_met_only",233.594689700881,1430.80567199456
"mu.nu[115]","local_continuous",TRUE,0.600048174521609,0.0282892551235575,0.560125208722466,0.600113322201598,0.639877473390818,0.99951609755345,1412.8341167575,8653.51270422308,0.000800081718536419,0.600049843844084,0.600109664357357,0.600068659966217,0.59996452991878,0.000145134438576555,NA,FALSE,FALSE,TRUE,"diagnostics_met_only",233.603524596148,1430.80567199456
"mu.nu[116]","local_continuous",TRUE,0.600008966285697,0.0282816519321338,0.560125225524654,0.60004226979193,0.63987559673486,0.999514808869316,1412.79501857154,8653.51270422308,0.0007997120820306,0.600109664357357,0.600068659966217,0.59996452991878,0.599893010900436,0.000216653456920568,NA,FALSE,FALSE,TRUE,"diagnostics_met_only",233.597059948999,1430.80567199456
"mu.nu[117]","local_continuous",TRUE,0.599961514488066,0.0282864058509801,0.560124034021651,0.599936567388009,0.639873722712622,0.999516234193138,1412.57720306258,8653.43422504273,0.000799943206781923,0.600068659966217,0.59996452991878,0.599893010900436,0.599919857166828,0.000175649065781047,NA,FALSE,FALSE,TRUE,"diagnostics_met_only",233.561045479924,1430.7926959396
"mu.nu[118]","local_continuous",TRUE,0.599949446092621,0.0282900522273074,0.560122160158649,0.59989862964217,0.639877025004661,0.999517735789578,1412.72500479595,8653.40501111012,0.000800120466360679,0.59996452991878,0.599893010900436,0.599919857166828,0.600020386384439,0.000127375484003212,NA,FALSE,FALSE,TRUE,"diagnostics_met_only",233.585483597213,1430.7878655936
"mu.nu[119]","local_continuous",TRUE,0.59998385672648,0.0282822635881134,0.560122160158649,0.599957730208949,0.639877018997682,0.999516163764009,1412.60491567468,8655.9967259627,0.000799741820926607,0.599893010900436,0.599919857166828,0.600020386384439,0.600102172454213,0.000209161553776704,NA,FALSE,FALSE,TRUE,"diagnostics_met_only",233.565627591713,1431.21638987479
"mu.nu[120]","local_continuous",TRUE,0.600033109411564,0.0282850996281991,0.560123798563301,0.600042269792153,0.639877018997682,0.999517679500572,1412.4560179025,8656.0259613397,0.000799879703982648,0.599919857166828,0.600020386384439,0.600102172454213,0.600090021640777,0.00018231528738466,NA,FALSE,FALSE,TRUE,"diagnostics_met_only",233.541008251074,1431.22122376648
"mu.nu[121]","local_continuous",TRUE,0.600051921456349,0.0282905277380717,0.560127445618691,0.60010137035441,0.639877245090372,0.999518797692102,1412.622785445,8655.9967259627,0.00080014358092896,0.600020386384439,0.600102172454213,0.600090021640777,0.599995105345965,0.000107067108247705,NA,FALSE,FALSE,TRUE,"diagnostics_met_only",233.568582249504,1431.21638987479
"mu.nu[122]","local_continuous",TRUE,0.600022997153614,0.0282831740804688,0.560127588938885,0.600040734633978,0.639875325750298,0.999516780977293,1412.46697604995,8655.9967259627,0.000799786088477483,0.600102172454213,0.600090021640777,0.599995105345965,0.599904689173502,0.000197483280711008,NA,FALSE,FALSE,TRUE,"diagnostics_met_only",233.54282011408,1431.21638987479
"mu.nu[123]","local_continuous",TRUE,0.599972929373904,0.0282838662700459,0.560123853802009,0.599945778329309,0.63987696995297,0.999517147672788,1412.50530174625,8656.04057913522,0.000799819741600807,0.600090021640777,0.599995105345965,0.599904689173502,0.599901901335372,0.000188120305404937,NA,FALSE,FALSE,TRUE,"diagnostics_met_only",233.549157034763,1431.22364073003
"mu.nu[124]","local_continuous",TRUE,0.599947750202984,0.028290643793651,0.560123522554102,0.599897094488031,0.639877294094486,0.9995174994208,1412.75069122869,8656.0259613397,0.000800149222345756,0.599995105345965,0.599904689173502,0.599901901335372,0.599989304957095,9.32040105925402e-05,NA,FALSE,FALSE,TRUE,"diagnostics_met_only",233.589730692575,1431.22122376648
"mu.nu[125]","local_continuous",TRUE,0.599970609254478,0.0282843108552169,0.560123528547027,0.599957730208795,0.63987696995297,0.999516367453739,1412.55386937573,8656.04057913522,0.000799841356290441,0.599904689173502,0.599901901335372,0.599989304957095,0.600086541551943,0.00018464021657072,NA,FALSE,FALSE,TRUE,"diagnostics_met_only",233.557187396781,1431.22364073003
"mu.nu[126]","local_continuous",TRUE,0.600020490021863,0.028282804040659,0.560123528547027,0.600052686511843,0.639876975958688,0.999513750958248,1412.62372903885,8656.0259613397,0.000799768097504591,0.599901901335372,0.599989304957095,0.600086541551943,0.600104212243041,0.000202310907668757,NA,FALSE,FALSE,TRUE,"diagnostics_met_only",233.568738267006,1431.22122376648
"mu.nu[127]","local_continuous",TRUE,0.600051532357642,0.028290391153486,0.560125412819226,0.600113322201385,0.639875646061402,0.999514343292072,1412.70551828143,8656.04057913522,0.000800136941583755,0.599989304957095,0.600086541551943,0.600104212243041,0.600026070678486,0.00011490728594632,NA,FALSE,FALSE,TRUE,"diagnostics_met_only",233.582261620606,1431.22364073003
"mu.nu[128]","local_continuous",TRUE,0.600035196081458,0.0282855833362892,0.560125176035643,0.60005422166986,0.639875646061402,0.999515360389191,1412.47259187837,8656.0259613397,0.000799903219986219,0.600086541551943,0.600104212243041,0.600026070678486,0.599923959852363,0.000180252390678426,NA,FALSE,FALSE,TRUE,"diagnostics_met_only",233.543748657137,1431.22122376648
"mu.nu[129]","local_continuous",TRUE,0.599986500690297,0.0282819975800331,0.560123299545614,0.599940296471228,0.63987674122836,0.999513505128419,1412.69735016592,8656.01134361553,0.000799728887591449,0.600104212243041,0.600026070678486,0.599923959852363,0.5998917599873,0.000212452255741735,NA,FALSE,FALSE,TRUE,"diagnostics_met_only",233.580911072408,1431.21880681474
"mu.nu[130]","local_continuous",TRUE,0.599950216502222,0.0282897899333942,0.560123299545614,0.599869244131302,0.639875881838777,0.999515275988367,1412.8856560927,8653.51270422308,0.000800107716139316,0.600026070678486,0.599923959852363,0.5998917599873,0.59995907549074,0.000134310691186412,NA,FALSE,FALSE,TRUE,"diagnostics_met_only",233.612046311624,1430.80567199456
"mu.nu[131]","local_continuous",TRUE,0.599959703032415,0.0282868901474034,0.560123299545614,0.599886677798817,0.639875922563187,0.999514147570446,1412.75428743276,8653.49809687522,0.000799966750604327,0.599923959852363,0.5998917599873,0.59995907549074,0.60006401679926,0.000172256811960203,NA,FALSE,FALSE,TRUE,"diagnostics_met_only",233.590325303036,1430.80325675847
"mu.nu[132]","local_continuous",TRUE,0.600006238408767,0.0282815111543334,0.560126383855365,0.599994791635988,0.639874679121191,0.999513937296611,1412.95798979315,8653.51270422308,0.000799705237306349,0.5998917599873,0.59995907549074,0.60006401679926,0.600110101357771,0.000218341370471276,NA,FALSE,FALSE,TRUE,"diagnostics_met_only",233.624006248868,1430.80567199456
"mu.nu[133]","local_continuous",TRUE,0.600047038220869,0.0282888880060747,0.560126383855365,0.600089747887245,0.639874679121191,0.999514135831396,1412.88148855583,8653.52731164222,0.000800063872409684,0.59995907549074,0.60006401679926,0.600110101357771,0.600054959235705,0.000151025867031307,NA,FALSE,FALSE,TRUE,"diagnostics_met_only",233.611357234761,1430.80808724243
"mu.nu[134]","local_continuous",TRUE,0.600044591309631,0.0282881271911258,0.560123070779147,0.600114857347613,0.639876158111496,0.999514819365232,1412.78069031488,8653.52731164222,0.000800026887532573,0.60006401679926,0.600110101357771,0.600054959235705,0.599949287845789,0.000160813511981828,NA,FALSE,FALSE,TRUE,"diagnostics_met_only",233.594690858942,1430.80808724243
"mu.nu[135]","local_continuous",TRUE,0.600001147353962,0.028281383529,0.560123070779147,0.600006743523104,0.639876152126752,0.999515258790255,1412.94423827024,8700.55438499089,0.00079969903204387,0.600110101357771,0.600054959235705,0.599949287845789,0.599890240976584,0.000219860381186709,NA,FALSE,FALSE,TRUE,"diagnostics_met_only",233.621732518227,1438.58372767706
"mu.nu[136]","local_continuous",TRUE,0.599956648526352,0.0282877571938865,0.560122660535418,0.599922203975392,0.639876152126752,0.999515658252574,1412.77060705066,8653.46888239334,0.000800008900899313,0.600054959235705,0.599949287845789,0.599890240976584,0.599932106047328,0.000164718259120566,NA,FALSE,FALSE,TRUE,"diagnostics_met_only",233.593023652557,1430.79842632165
"mu.nu[137]","local_continuous",TRUE,0.599952006843688,0.0282891959404642,0.560124627671656,0.599910252111106,0.639874448238205,0.999517297192226,1412.83141303452,8653.51270422308,0.00080007884156953,0.599949287845789,0.599890240976584,0.599932106047328,0.600036392505048,0.000146151528464422,NA,FALSE,FALSE,TRUE,"diagnostics_met_only",233.603077552004,1430.80567199456
"mu.nu[138]","local_continuous",TRUE,0.599991489847606,0.0282816248753895,0.560126565954767,0.599981304590281,0.639874169989156,0.999514047775498,1412.81056624421,8653.51270422308,0.000799710766512922,0.599890240976584,0.599932106047328,0.600036392505048,0.600107219861461,0.000216978884876817,NA,FALSE,FALSE,TRUE,"diagnostics_met_only",233.599630662071,1430.80567199456
"mu.nu[139]","local_continuous",TRUE,0.600038797046388,0.0282864875552165,0.560124769394134,0.600065844157848,0.639876102891216,0.999515917743926,1412.60702896714,8653.53275471548,0.000799947178811867,0.599932106047328,0.600036392505048,0.600107219861461,0.600079469771715,0.000175113814132377,NA,FALSE,FALSE,TRUE,"diagnostics_met_only",233.565977011763,1430.80898722148
"mu.nu[140]","local_continuous",TRUE,0.600050434419643,0.0282900112827227,0.560124391575259,0.600077796027809,0.639876102891216,0.999518380853498,1412.74923404461,8653.56196974666,0.000800118476032191,0.600036392505048,0.600107219861461,0.600079469771715,0.599978655540348,0.000128564321112523,NA,FALSE,FALSE,TRUE,"diagnostics_met_only",233.589489756054,1430.81381774912
"mu.nu[141]","local_continuous",TRUE,0.600015702620069,0.0282822159590311,0.560121302895968,0.600017160250462,0.6398761088747,0.999516219976685,1412.62842137149,8656.02596133969,0.000799739505203081,0.600107219861461,0.600079469771715,0.599978655540348,0.599897465306751,0.000209754554710062,NA,FALSE,FALSE,TRUE,"diagnostics_met_only",233.569514115656,1431.22122376648
"mu.nu[142]","local_continuous",TRUE,0.599966533904019,0.0282851802171843,0.560121302895968,0.599922203973886,0.639874728629008,0.999517437755033,1412.47265795085,8656.0259613397,0.00079988362192538,0.600079469771715,0.599978655540348,0.599897465306751,0.599910544997262,0.000182004464964636,NA,FALSE,FALSE,TRUE,"diagnostics_met_only",233.543759581821,1431.22122376648
"mu.nu[143]","local_continuous",TRUE,0.599948133762278,0.0282905082922654,0.560124424912031,0.599910252111427,0.639872831181832,0.999519741404525,1412.63227854879,8656.01134361553,0.000800142635674207,0.599978655540348,0.599897465306751,0.599910544997262,0.600005869204748,0.000108403897996823,NA,FALSE,FALSE,TRUE,"diagnostics_met_only",233.570151876454,1431.21880681474
"mu.iota.m[1]","local_continuous",TRUE,0.0799913189650908,0.0106067136960593,0.0650465228898382,0.0799741570735354,0.0949536981781935,0.999503918540748,3423.29433759281,8959.55823483055,0.00019107993146908,0.0799929933104583,0.0799811878330788,0.0799866781752099,0.080004416541616,2.32287085372151e-05,NA,FALSE,FALSE,TRUE,"diagnostics_met_only",566.02088915225,1481.4084382987
"mu.iota.m[2]","local_continuous",TRUE,0.0799975942274833,0.0106078373350253,0.0650481886721051,0.080039391328362,0.0949536981781935,0.999503027742516,3424.02230034979,8959.55823483055,0.000191092204649599,0.0799811878330788,0.0799866781752099,0.080004416541616,0.0800180943600285,3.69065269497232e-05,NA,FALSE,FALSE,TRUE,"diagnostics_met_only",566.141253364714,1481.4084382987
"mu.iota.m[3]","local_continuous",TRUE,0.0800060813460329,0.0106073335316292,0.0650467667725354,0.0799956415616953,0.094953458633906,0.999503606121091,3423.81545764356,8956.98710190108,0.000191086701688556,0.0799866781752099,0.080004416541616,0.0800180943600285,0.0800151363072771,3.14161848186251e-05,NA,FALSE,FALSE,TRUE,"diagnostics_met_only",566.107053181806,1480.98331711327
"mu.iota.m[4]","local_continuous",TRUE,0.0800089773030853,0.0106066291977616,0.0650467667725354,0.0799984990287629,0.094953458633906,0.999502455795507,3423.1167003494,8956.98710190108,0.000191079008539616,0.080004416541616,0.0800180943600285,0.0800151363072771,0.0799982620034198,1.98323566086428e-05,NA,FALSE,FALSE,TRUE,"diagnostics_met_only",565.991517914915,1480.98331711327
"mu.iota.m[5]","local_continuous",TRUE,0.0800036195690821,0.0106077192226533,0.0650458344374804,0.080025842927432,0.0949539577312482,0.999502220372954,3423.70709025966,8956.97121585528,0.000191090914518451,0.0800180943600285,0.0800151363072771,0.0799982620034198,0.0799829856056032,3.5108754425292e-05,NA,FALSE,FALSE,TRUE,"diagnostics_met_only",566.089135294256,1480.98069045226
"mu.iota.m[6]","local_continuous",TRUE,0.0799949340199573,0.0106075163313792,0.0650458344374804,0.0799635896453633,0.094954150338675,0.999503147036316,3423.40779556874,8956.90254936664,0.000191088698368,0.0800151363072771,0.0799982620034198,0.0799829856056032,0.079983352163529,3.2150701673922e-05,NA,FALSE,FALSE,TRUE,"diagnostics_met_only",566.039648738218,1480.96933686618
"mu.iota.m[7]","local_continuous",TRUE,0.0799909061095208,0.0106065951683853,0.0650465044176382,0.0799920639352107,0.094954150338675,0.999502715219096,3422.82469791546,8956.9184351053,0.00019107863685586,0.0799982620034198,0.0799829856056032,0.079983352163529,0.0799990246655306,1.60390599274196e-05,NA,FALSE,FALSE,TRUE,"diagnostics_met_only",565.943237089196,1480.97196347641
"mu.iota.m[8]","local_continuous",TRUE,0.0799952390800522,0.0106075647463288,0.0650470308968535,0.0800242393946739,0.094954150338675,0.999503818929193,3423.37960589626,8956.9184351053,0.00019108922719559,0.0799829856056032,0.079983352163529,0.0799990246655306,0.0800155938855457,3.2608279942517e-05,NA,FALSE,FALSE,TRUE,"diagnostics_met_only",566.034987747397,1480.97196347641
"mu.iota.m[9]","local_continuous",TRUE,0.0800039492184276,0.0106076789277993,0.0650463355538083,0.0799893299881538,0.0949517672594468,0.999503081246922,3423.66654289775,8959.55823483055,0.000191090474382572,0.079983352163529,0.0799990246655306,0.0800155938855457,0.0800178261591045,3.44739955755458e-05,NA,FALSE,FALSE,TRUE,"diagnostics_met_only",566.082431034681,1481.4084382987
"mu.iota.m[10]","local_continuous",TRUE,0.0800090284635934,0.0106066143191766,0.0650472010618088,0.0800303248774435,0.0949525606780552,0.999502485078544,3423.11739769966,8959.62694409309,0.000191078846029134,0.0799990246655306,0.0800155938855457,0.0800178261591045,0.0800036691441924,1.88014935739444e-05,NA,FALSE,FALSE,TRUE,"diagnostics_met_only",565.991633217536,1481.41979895719
"mu.iota.m[11]","local_continuous",TRUE,0.0800058069809683,0.0106073862102623,0.0650463355538083,0.0800181539091012,0.0949525606780552,0.999502118685191,3423.8217891363,8959.61104669648,0.000191087277083701,0.0800155938855457,0.0800178261591045,0.0800036691441924,0.0799861387350307,3.16874240738618e-05,NA,FALSE,FALSE,TRUE,"diagnostics_met_only",566.108100055605,1481.41717041939
"mu.iota.m[12]","local_continuous",TRUE,0.0799972465868213,0.0106078083697463,0.0650460023832559,0.0799575041752985,0.0949524873153614,0.999502958389486,3424.05893137569,8956.9184351053,0.000191091888263854,0.0800178261591045,0.0800036691441924,0.0799861387350307,0.0799813523089575,3.64738501470729e-05,NA,FALSE,FALSE,TRUE,"diagnostics_met_only",566.147310081959,1480.97196347641
"mu.iota.m[13]","local_continuous",TRUE,0.0799912176680527,0.010606685124318,0.0650460023832559,0.0800136719534372,0.0949541320005415,0.999503824891648,3423.2268465466,8956.83388403408,0.00019107961939499,0.0800036691441924,0.0799861387350307,0.0799813523089575,0.0799937104840303,2.23168352349312e-05,NA,FALSE,FALSE,TRUE,"diagnostics_met_only",566.009729918418,1480.95798347124
"mu.iota.m[14]","local_continuous",TRUE,0.0799932631847747,0.0106071978357014,0.0650465751944715,0.0799869246865559,0.0949541320005415,0.999503232916189,3423.62543652554,8956.83388403408,0.000191085219522079,0.0799861387350307,0.0799813523089575,0.0799937104840303,0.0800118512110802,3.04989021227137e-05,NA,FALSE,FALSE,TRUE,"diagnostics_met_only",566.075634346155,1480.95798347124
"mu.iota.m[15]","local_continuous",TRUE,0.0800015024983464,0.0106078943473138,0.0650467128531498,0.0799802425582699,0.0949541320005415,0.999503303103767,3423.71490646927,8959.37313059487,0.000191092827391891,0.0799813523089575,0.0799937104840303,0.0800118512110802,0.0800190959893176,3.77436803601638e-05,NA,FALSE,FALSE,TRUE,"diagnostics_met_only",566.090427656956,1481.37783243963
"mu.iota.m[16]","local_continuous",TRUE,0.0800083604218675,0.0106068019425606,0.0650486309754256,0.0800327301712952,0.0949538849852075,0.999503041144476,3423.2046784511,8959.62694409309,0.00019108089534126,0.0799937104840303,0.0800118512110802,0.0800190959893176,0.0800087840030422,2.53855052873286e-05,NA,FALSE,FALSE,TRUE,"diagnostics_met_only",566.006064558714,1481.41979895719
"mu.iota.m[17]","local_continuous",TRUE,0.0800075318120797,0.0106070146283344,0.0650476716819915,0.0799863280462217,0.0949535293823039,0.9995030890029,3423.35754037793,8959.62694409309,0.0001910832184141,0.0800118512110802,0.0800190959893176,0.0800087840030422,0.0799903960448791,2.86999444385205e-05,NA,FALSE,FALSE,TRUE,"diagnostics_met_only",566.031339348203,1481.41979895719
"mu.iota.m[18]","local_continuous",TRUE,0.0799997784890005,0.0106079300126882,0.0650473028200215,0.0799802425576269,0.0949535293823039,0.999504153962222,3423.68652187696,8962.25243403734,0.000191093216963611,0.0800190959893176,0.0800087840030422,0.0799903960448791,0.0799808379187633,3.82580705543117e-05,NA,FALSE,FALSE,TRUE,"diagnostics_met_only",566.085734437328,1481.85390774427
"mu.iota.m[19]","local_continuous",TRUE,0.0799922288221127,0.0106069554668998,0.0650472938401077,0.0800045845209653,0.0949537750159769,0.999503654773703,3423.29887290511,8962.25243403734,0.000191082572218011,0.0800087840030422,0.0799903960448791,0.0799808379187633,0.0799888973217662,2.79460842788487e-05,NA,FALSE,FALSE,TRUE,"diagnostics_met_only",566.021639038543,1481.85390774427
"mu.iota.m[20]","local_continuous",TRUE,0.0799918239403358,0.010606851182984,0.0650463477065863,0.0799696751225991,0.0949537925091912,0.999502979625663,3423.20730958536,8962.18879980923,0.000191081433171035,0.0799903960448791,0.0799808379187633,0.0799888973217662,0.0800071644759345,2.63265571712051e-05,NA,FALSE,FALSE,TRUE,"diagnostics_met_only",566.006499600755,1481.84338621184
"mu.iota.m[21]","local_continuous",TRUE,0.0799989360901084,0.010607912525294,0.065046593682207,0.0800097447255939,0.0949537925091912,0.999502566550301,3423.69341022505,8962.18879980923,0.00019109302594931,0.0799808379187633,0.0799888973217662,0.0800071644759345,0.0800188446439692,3.80067252058747e-05,NA,FALSE,FALSE,TRUE,"diagnostics_met_only",566.086873383771,1481.84338621184
"mu.iota.m[22]","local_continuous",TRUE,0.0800070263937288,0.0106071334663818,0.065046593682207,0.0800358556274319,0.0949537925091912,0.99950264387653,3423.56101985481,8959.61104669648,0.000191084516437665,0.0799888973217662,0.0800071644759345,0.0800188446439692,0.0800131991332451,2.99473222030028e-05,NA,FALSE,FALSE,TRUE,"diagnostics_met_only",566.064983441602,1481.41717041939
"mu.iota.m[23]","local_continuous",TRUE,0.0800086566633588,0.0106067205207954,0.0650459902747279,0.0799741570731188,0.0949521236843393,0.99950429334998,3423.23949356662,8959.61104669648,0.000191080006012129,0.0800071644759345,0.0800188446439692,0.0800131991332451,0.0799954184002863,2.34262436829141e-05,NA,FALSE,FALSE,TRUE,"diagnostics_met_only",566.011821026227,1481.41717041939
"mu.iota.m[24]","local_continuous",TRUE,0.080002328036619,0.0106078432779145,0.0650468579265097,0.0800120684199232,0.0949529046782644,0.999503174755745,3423.97009623158,8959.57925214423,0.000191092269563409,0.0800188446439692,0.0800131991332451,0.0799954184002863,0.0799818499689753,3.69946749939065e-05,NA,FALSE,FALSE,TRUE,"diagnostics_met_only",566.132621731413,1481.41191338364
"mu.iota.m[25]","local_continuous",TRUE,0.079993859023748,0.0106073217608179,0.0650466767611311,0.0799998974366812,0.0949529046782644,0.999503204904264,3423.7503521417,8956.97121585528,0.000191086573119169,0.0800131991332451,0.0799954184002863,0.0799818499689753,0.0799849685924851,3.13491642697783e-05,NA,FALSE,FALSE,TRUE,"diagnostics_met_only",566.096288383217,1480.98069045226
"mu.iota.m[26]","local_continuous",TRUE,0.0799910359961225,0.0106066330516101,0.065046150450162,0.0799484167843309,0.0949519560795246,0.999504283167549,3423.12114687314,8956.98710190108,0.000191079050633067,0.0799954184002863,0.0799818499689753,0.0799849685924851,0.0800019070227431,2.00570537678413e-05,NA,FALSE,FALSE,TRUE,"diagnostics_met_only",565.992253120559,1480.98331711327
"mu.iota.m[27]","local_continuous",TRUE,0.0799964544323224,0.0106077277858221,0.0650464368313421,0.0800258429272039,0.0949538109222525,0.999503547403363,3423.69910011506,8956.97121585528,0.000191091008053007,0.0799818499689753,0.0799849685924851,0.0800019070227431,0.080017092145086,3.52421761106586e-05,NA,FALSE,FALSE,TRUE,"diagnostics_met_only",566.087814172463,1480.98069045226
"mu.iota.m[28]","local_continuous",TRUE,0.0800051326470939,0.0106075053506363,0.0650461401061536,0.0800179278265207,0.0949538109222525,0.999504498319974,3423.40786372711,8959.38902690855,0.000191088578427498,0.0799849685924851,0.0800019070227431,0.080017092145086,0.0800165628280612,3.2123552600849e-05,NA,FALSE,FALSE,TRUE,"diagnostics_met_only",566.03966000779,1481.38046079837
"mu.iota.m[29]","local_continuous",TRUE,0.0800090919297977,0.0106065957442974,0.0650461401061536,0.0799924135369214,0.094953612258097,0.999504056252212,3422.82358209065,8959.48952672515,0.000191078643146221,0.0800019070227431,0.080017092145086,0.0800165628280612,0.0800008057233004,1.62864217855968e-05,NA,FALSE,FALSE,TRUE,"diagnostics_met_only",565.943052594354,1481.39707783154
"mu.iota.m[30]","local_continuous",TRUE,0.0800046921341751,0.0106075752477265,0.065046173791687,0.080025842925636,0.094953612258097,0.999502686436771,3423.37771399077,8959.55823483055,0.000191089341900552,0.080017092145086,0.0800165628280612,0.0800008057233004,0.079984307840253,3.27843048329585e-05,NA,FALSE,FALSE,TRUE,"diagnostics_met_only",566.034674932337,1481.4084382987
"mu.iota.m[31]","local_continuous",TRUE,0.0799959784120308,0.0106076696117849,0.0650468643439826,0.0799757606048769,0.0949530927369051,0.9995024962116,3423.60885193676,8959.61104669649,0.000191090372624952,0.0800165628280612,0.0800008057233004,0.079984307840253,0.079982237256509,3.43255715522378e-05,NA,FALSE,FALSE,TRUE,"diagnostics_met_only",566.072892185311,1481.41717041939
"mu.iota.m[32]","local_continuous",TRUE,0.0799909621193189,0.0106066115712671,0.0650468643439826,0.0799696751238335,0.0949530927369051,0.999501530277037,3423.04653596287,8959.61104669649,0.000191078816015262,0.0800008057233004,0.079984307840253,0.079982237256509,0.0799964976572139,1.85684667913938e-05,NA,FALSE,FALSE,TRUE,"diagnostics_met_only",565.979916660528,1481.41717041939
"mu.iota.m[33]","local_continuous",TRUE,0.0799942552124249,0.0106073978134243,0.0650478238564387,0.0800168580639967,0.0949540433317708,0.999503204030847,3423.70614182024,8959.61104669648,0.000191087403822205,0.079984307840253,0.079982237256509,0.0799964976572139,0.0800139780957241,3.17408392151025e-05,NA,FALSE,FALSE,TRUE,"diagnostics_met_only",566.088978475569,1481.41717041939
"mu.iota.m[34]","local_continuous",TRUE,0.080002830036734,0.0106078014604845,0.0650464183780456,0.0799863280460745,0.0949540648358198,0.999502815085877,3423.97025572965,8956.95532988971,0.000191091812794515,0.079982237256509,0.0799964976572139,0.0800139780957241,0.0800186071374894,3.63698809804358e-05,NA,FALSE,FALSE,TRUE,"diagnostics_met_only",566.132648103447,1480.97806380452
"mu.iota.m[35]","local_continuous",TRUE,0.0800088029383212,0.010606679271523,0.0650461585084231,0.0800152545310588,0.0949540648358198,0.999502453616609,3423.2040385403,8956.93944400439,0.000191079555468032,0.0799964976572139,0.0800139780957241,0.0800186071374894,0.080006128862858,2.21094802754784e-05,NA,FALSE,FALSE,TRUE,"diagnostics_met_only",566.005958753357,1480.97543717004
"mu.iota.m[36]","local_continuous",TRUE,0.0800066824590128,0.0106072096163595,0.0650461585084231,0.0800319284085694,0.0949536032202244,0.999502432699146,3423.61892409456,8956.97121585528,0.000191085348198425,0.0800139780957241,0.0800186071374894,0.080006128862858,0.0799880157399798,3.05913975095634e-05,NA,FALSE,FALSE,TRUE,"diagnostics_met_only",566.074557555317,1480.98069045226
"mu.iota.m[37]","local_continuous",TRUE,0.0799984181577057,0.0106078903951105,0.0650461553860497,0.0799606086701549,0.0949516828112574,0.999502524197939,3423.72616710604,8959.57925214423,0.000191092784222135,0.0800186071374894,0.080006128862858,0.0799880157399798,0.0799809208904957,3.76862469936567e-05,NA,FALSE,FALSE,TRUE,"diagnostics_met_only",566.092289534728,1481.41191338364
"mu.iota.m[38]","local_continuous",TRUE,0.079991608194909,0.0106067934511848,0.0650464215085049,0.0800059619727647,0.0949526475984803,0.999503436083398,3423.17175993487,8959.62694409309,0.000191080802594093,0.080006128862858,0.0799880157399798,0.0799809208904957,0.0799913672863025,2.52079723622595e-05,NA,FALSE,FALSE,TRUE,"diagnostics_met_only",566.000621682354,1481.41979895719
"mu.iota.m[39]","local_continuous",TRUE,0.0799925136190121,0.0106070256480329,0.0650464215085049,0.080009210953478,0.0949526475984803,0.999503157435069,3423.35639524253,8959.64284157001,0.000191083338777906,0.0799880157399798,0.0799809208904957,0.0799913672863025,0.0800097505592705,2.88296687747103e-05,NA,FALSE,FALSE,TRUE,"diagnostics_met_only",566.031150007032,1481.42242750827
"mu.iota.m[40]","local_continuous",TRUE,0.0800003019872703,0.0106079293323189,0.0650461665300427,0.079980387034441,0.0949523957032447,0.999502978457173,3423.66713722731,8962.23652535972,0.000191093209531955,0.0799809208904957,0.0799913672863025,0.0800097505592705,0.0800191692130123,3.82483225165875e-05,NA,FALSE,FALSE,TRUE,"diagnostics_met_only",566.082529303457,1481.85127734122
"mu.iota.m[41]","local_continuous",TRUE,0.0800078127098248,0.010606945013448,0.065046661394573,0.0800364103545192,0.0949540464787822,0.999504047985473,3423.28676886568,8962.26834279537,0.000191082458039393,0.0799913672863025,0.0800097505592705,0.0800191692130123,0.080010963780714,2.78019267097862e-05,NA,FALSE,FALSE,TRUE,"diagnostics_met_only",566.019637709272,1481.85653816061
"mu.iota.m[42]","local_continuous",TRUE,0.0800081404629966,0.0106068605638413,0.0650459168111987,0.0800124180217476,0.0949540464787822,0.999503872450765,3423.20615692974,8962.23652535972,0.000191081535633799,0.0800097505592705,0.0800191692130123,0.080010963780714,0.0799926782989891,2.64909140232084e-05,NA,FALSE,FALSE,TRUE,"diagnostics_met_only",566.006309016161,1481.85127734122
"mu.iota.m[43]","local_continuous",TRUE,0.0800009839120309,0.0106079151709466,0.0650459168111987,0.0799680715919609,0.0949533756065369,0.999503694505195,3423.67406432918,8962.25243403734,0.00019109305484769,0.0800191692130123,0.080010963780714,0.0799926782989891,0.0799811243554079,3.80448576044051e-05,NA,FALSE,FALSE,TRUE,"diagnostics_met_only",566.083674657603,1481.85390774427
"mu.iota.m[44]","local_continuous",TRUE,0.0799929227568816,0.0106071218836417,0.0650465853544331,0.08000793606449,0.0949536153872966,0.999503527879224,3423.52502366508,8959.61104669648,0.000191084389923472,0.080010963780714,0.0799926782989891,0.0799811243554079,0.0799869245924152,2.98394253061274e-05,NA,FALSE,FALSE,TRUE,"diagnostics_met_only",566.059031690655,1481.41717041939
"mu.iota.m[45]","local_continuous",TRUE,0.0799913683864169,0.0106067275154541,0.0650473896901535,0.0799818460909421,0.0949528484454104,0.999501918594055,3423.22125872988,8959.61104669648,0.000191080082411175,0.0799926782989891,0.0799811243554079,0.0799869245924152,0.0800047462988553,2.36219434473495e-05,NA,FALSE,FALSE,TRUE,"diagnostics_met_only",566.008806006924,1481.41717041939
"mu.iota.m[46]","local_continuous",TRUE,0.0799977498816738,0.0106078490388757,0.0650473896901535,0.0799874584594538,0.0949526540506871,0.999501809433411,3423.92495048741,8959.61104669648,0.000191092332490046,0.0799811243554079,0.0799869245924152,0.0800047462988553,0.080018204280017,3.70799246090653e-05,NA,FALSE,FALSE,TRUE,"diagnostics_met_only",566.125157157311,1481.41717041939
"mu.iota.m[47]","local_continuous",TRUE,0.0800062001253429,0.0106073099714981,0.0650482828108472,0.0800576686675242,0.0949536153872966,0.999502621541611,3423.72055614542,8956.9343209242,0.000191086444347677,0.0799869245924152,0.0800047462988553,0.080018204280017,0.080014925330084,3.12796876018179e-05,NA,FALSE,FALSE,TRUE,"diagnostics_met_only",566.091361796532,1480.9745900999
"mu.iota.m[48]","local_continuous",TRUE,0.080008950002365,0.0106066371027971,0.0650466799012118,0.0799924135367956,0.0949535447113054,0.999503253851236,3423.09580979429,8956.9343209242,0.000191079094881944,0.0800047462988553,0.080018204280017,0.080014925330084,0.0799979241005035,2.02801795134988e-05,NA,FALSE,FALSE,TRUE,"diagnostics_met_only",565.988063788739,1480.9745900999
"mu.iota.m[49]","local_continuous",TRUE,0.0800034712884878,0.0106077362032506,0.0650458984622734,0.0799903368813145,0.0949535447113054,0.99950357421963,3423.70137073506,8956.84976946561,0.000191091099995687,0.080018204280017,0.080014925330084,0.0799979241005035,0.079982831443347,3.53728366700168e-05,NA,FALSE,FALSE,TRUE,"diagnostics_met_only",566.088189605665,1480.96061003069
"mu.iota.m[50]","local_continuous",TRUE,0.0799948010879836,0.0106074942938537,0.0650458984622734,0.0800075864626998,0.0949538689114911,0.999503193212441,3423.41918636665,8959.57413200003,0.000191088457656478,0.080014925330084,0.0799979241005035,0.079982831443347,0.0799835234779998,3.20938867370418e-05,NA,FALSE,FALSE,TRUE,"diagnostics_met_only",566.041532137343,1481.41106679895
"mu.iota.m[51]","local_continuous",TRUE,0.0799909107432112,0.0106065965292417,0.0650459933904635,0.0799550988845259,0.0949531813501795,0.999504670178573,3422.85285947025,8959.62694409309,0.000191078651719721,0.0799979241005035,0.079982831443347,0.0799835234779998,0.0799993639509945,1.65325076475209e-05,NA,FALSE,FALSE,TRUE,"diagnostics_met_only",565.947893430928,1481.41979895719
"mu.iota.m[52]","local_continuous",TRUE,0.0799953770192132,0.0106075856511815,0.0650469443676314,0.0800136719539146,0.0949531813501795,0.999502462110684,3423.38855833853,8959.61104669648,0.000191089455535747,0.079982831443347,0.0799835234779998,0.0799993639509945,0.0800157892045116,3.29577611646314e-05,NA,FALSE,FALSE,TRUE,"diagnostics_met_only",566.036467979254,1481.41717041939
"mu.iota.m[53]","local_continuous",TRUE,0.0800040936424306,0.0106076601682588,0.0650469443676314,0.0800319284082,0.0949528180189272,0.999503023716567,3423.54572993911,8959.61104669648,0.000191090269474575,0.0799835234779998,0.0799993639509945,0.0800157892045116,0.0800176979362162,3.41744582164349e-05,NA,FALSE,FALSE,TRUE,"diagnostics_met_only",566.062455347075,1481.41717041939
"mu.iota.m[54]","local_continuous",TRUE,0.0800090465896761,0.010606609027429,0.0650463508609492,0.0800075864631199,0.0949518639577397,0.999503281631044,3422.99938818574,8959.54233774138,0.00019107878823035,0.0799993639509945,0.0800157892045116,0.0800176979362162,0.080003335266982,1.8333985221719e-05,NA,FALSE,FALSE,TRUE,"diagnostics_met_only",565.972121062457,1481.40580981174
"mu.iota.m[55]","local_continuous",TRUE,0.0800056821440939,0.0106074093742451,0.065046225907926,0.0800303248774275,0.0949535262498971,0.999501826776593,3423.65579683969,8959.57925214423,0.00019108753009828,0.0800157892045116,0.0800176979362162,0.080003335266982,0.0799859061686657,3.17917675504847e-05,NA,FALSE,FALSE,TRUE,"diagnostics_met_only",566.080654239368,1481.41191338364
"mu.iota.m[56]","local_continuous",TRUE,0.0799970935614363,0.0106077943823975,0.065045399716801,0.0799947372311464,0.0949535262498971,0.999503019202709,3423.90609440911,8956.98710190108,0.000191091735481131,0.0800176979362162,0.080003335266982,0.0799859061686657,0.0799814348738812,3.6263062334993e-05,NA,FALSE,FALSE,TRUE,"diagnostics_met_only",566.122039419496,1480.98331711327
"mu.iota.m[57]","local_continuous",TRUE,0.0799911771449905,0.0106066736015795,0.0650455427411168,0.079957504174668,0.0949538966862173,0.999503844729016,3423.18803030417,8956.98710190108,0.000191079493538277,0.080003335266982,0.0799859061686657,0.0799814348738812,0.0799940322704329,2.19003931007516e-05,NA,FALSE,FALSE,TRUE,"diagnostics_met_only",566.003311888917,1480.98331711327
"mu.iota.m[58]","local_continuous",TRUE,0.0799933724207517,0.0106072214136533,0.0650460880434189,0.080019757442355,0.0949541351120338,0.999503095333663,3423.60381052415,8956.98710190108,0.000191085477056535,0.0799859061686657,0.0799814348738812,0.0799940322704329,0.0800121163700268,3.06814961455598e-05,NA,FALSE,FALSE,TRUE,"diagnostics_met_only",566.07205861841,1480.98331711327
"mu.iota.m[59]","local_continuous",TRUE,0.0800016610623092,0.0106078862462159,0.0650479179617814,0.079997944300154,0.0949541351120338,0.999503519374362,3423.7365195364,8959.48952672515,0.000191092738903934,0.0799814348738812,0.0799940322704329,0.0800121163700268,0.0800190607348957,3.76258610144675e-05,NA,FALSE,FALSE,TRUE,"diagnostics_met_only",566.094001246098,1481.39707783154
"mu.iota.m[60]","local_continuous",TRUE,0.08000842253084,0.0106067851068734,0.0650477547236673,0.079992968265659,0.0949532862148,0.999503168035735,3423.16348817933,8959.57413200003,0.000191080711453266,0.0799940322704329,0.0800121163700268,0.0800190607348957,0.0800084807480044,2.50284644628118e-05,NA,FALSE,FALSE,TRUE,"diagnostics_met_only",565.999253997904,1481.41106679895
"mu.iota.m[61]","local_continuous",TRUE,0.080007440363359,0.0106070367420219,0.0650487278427419,0.0800471012796837,0.0949539729881899,0.999503893791205,3423.37945534393,8959.62694409309,0.000191083459953206,0.0800121163700268,0.0800190607348957,0.0800084807480044,0.079990103600509,2.8957134386734e-05,NA,FALSE,FALSE,TRUE,"diagnostics_met_only",566.034962854485,1481.41979895719
"mu.iota.m[62]","local_continuous",TRUE,0.0799996175601187,0.0106079284430583,0.0650463324265563,0.0799741570724548,0.0949534432892081,0.9995031449473,3423.66594894028,8962.23652535972,0.000191093199818585,0.0800190607348957,0.0800084807480044,0.079990103600509,0.0799808251570658,3.8235577829851e-05,NA,FALSE,FALSE,TRUE,"diagnostics_met_only",566.082332827427,1481.85127734122
"mu.iota.m[63]","local_continuous",TRUE,0.0799921463703416,0.0106069346595583,0.0650462443290993,0.0799757606050995,0.0949534432892081,0.999503208387098,3423.25699076586,8962.23652535972,0.000191082344948293,0.0800084807480044,0.079990103600509,0.0799808251570658,0.0799891759757872,2.76555909385773e-05,NA,FALSE,FALSE,TRUE,"diagnostics_met_only",566.014714081658,1481.85127734122
"mu.iota.m[64]","local_continuous",TRUE,0.0799918957714535,0.0106068700707285,0.0650462443290993,0.0800136719531929,0.0949539792448585,0.999503341683034,3423.20467120136,8962.22061676248,0.000191081639473165,0.079990103600509,0.0799808251570658,0.0799891759757872,0.0800074783524521,2.66531953862642e-05,NA,FALSE,FALSE,TRUE,"diagnostics_met_only",566.006063360014,1481.84864695147
"mu.iota.m[65]","local_continuous",TRUE,0.0799990961629165,0.0106079176121452,0.0650462618149547,0.0799802425577546,0.0949537403719401,0.999502074342753,3423.6700607059,8962.23652535971,0.000191093081512826,0.0799808251570658,0.0799891759757872,0.0800074783524521,0.0800189051663608,3.80800092949635e-05,NA,FALSE,FALSE,TRUE,"diagnostics_met_only",566.083012682854,1481.85127734122
"mu.iota.m[66]","local_continuous",TRUE,0.0800071275380258,0.010607110345032,0.0650470277454804,0.0800242393946881,0.0949537403719401,0.999503071839251,3423.49556916977,8959.62694409309,0.000191084263891354,0.0799891759757872,0.0800074783524521,0.0800189051663608,0.080012950657503,2.97291905735769e-05,NA,FALSE,FALSE,TRUE,"diagnostics_met_only",566.054161569076,1481.41979895719
"mu.iota.m[67]","local_continuous",TRUE,0.0800086058875445,0.0106067346778432,0.0650470277454804,0.0800258429274403,0.0949536828772168,0.999502774564841,3423.21881257799,8959.62694409309,0.000191080160642273,0.0800074783524521,0.0800189051663608,0.080012950657503,0.079995089373862,2.38157924987853e-05,NA,FALSE,FALSE,TRUE,"diagnostics_met_only",566.008401550593,1481.41979895719
"mu.iota.m[68]","local_continuous",TRUE,0.0800021720237429,0.0106078546161038,0.0650467648507805,0.0799589841839201,0.0949520143342397,0.999502864349663,3423.8772418244,8959.61104669648,0.000191092393409789,0.0800189051663608,0.080012950657503,0.079995089373862,0.0799817428972459,3.7162269114932e-05,NA,FALSE,FALSE,TRUE,"diagnostics_met_only",566.117268820172,1481.41717041939
"mu.iota.m[69]","local_continuous",TRUE,0.0799937412113289,0.0106072981673645,0.0650467869515948,0.0800015009712325,0.0949530156024826,0.99950308964073,3423.67406699571,8956.98710190108,0.000191086315414432,0.080012950657503,0.079995089373862,0.0799817428972459,0.0799851819167047,3.1207760257182e-05,NA,FALSE,FALSE,TRUE,"diagnostics_met_only",566.083675098498,1480.98331711327
"mu.iota.m[70]","local_continuous",TRUE,0.0799910647003552,0.0106066413500529,0.0650467476827762,0.0799892274243411,0.0949530156024826,0.999502267481718,3423.10040700123,8957.00298802713,0.00019107914127238,0.079995089373862,0.0799817428972459,0.0799851819167047,0.0800022446136087,2.05017163627808e-05,NA,FALSE,FALSE,TRUE,"diagnostics_met_only",565.988823908933,1480.98594378755
"mu.iota.m[71]","local_continuous",TRUE,0.0799966032626678,0.0106077444723016,0.065046060646745,0.0799680715916083,0.0949539608689169,0.999501809325327,3423.72271991216,8956.98710190108,0.000191091190317682,0.0799817428972459,0.0799851819167047,0.0800022446136087,0.080017243623112,3.55007258660972e-05,NA,FALSE,FALSE,TRUE,"diagnostics_met_only",566.091719562197,1480.98331711327
"mu.iota.m[72]","local_continuous",TRUE,0.0800052647696187,0.010607483164496,0.0650465228898382,0.0800424958250029,0.0949539608689169,0.999503626199015,3423.45057768637,8959.57925214423,0.000191088336092786,0.0799851819167047,0.0800022446136087,0.080017243623112,0.0800163889250493,3.20617064072382e-05,NA,FALSE,FALSE,TRUE,"diagnostics_met_only",566.046722501054,1481.41191338364
"mu.iota.m[73]","local_continuous",TRUE,0.0800090858716619,0.0106065975229722,0.0650465228898382,0.0800106909679588,0.0949536981781935,0.999502940589083,3422.84355034406,8959.57925214423,0.000191078662573675,0.0800022446136087,0.080017243623112,0.0800163889250493,0.0800004663248777,1.67772982342523e-05,NA,FALSE,FALSE,TRUE,"diagnostics_met_only",565.946354223554,1481.41191338364
"mu.iota.m[74]","local_continuous",TRUE,0.0800045534652008,0.010607595953434,0.0650465228898382,0.0799802216017263,0.0949527648644378,0.999503558873318,3423.39568614451,8959.5951493802,0.000191089568065567,0.080017243623112,0.0800163889250493,0.0800004663248777,0.079984114987764,3.31286353480037e-05,NA,FALSE,FALSE,TRUE,"diagnostics_met_only",566.037646518602,1481.41454189487
"mu.iota.m[75]","local_continuous",TRUE,0.0799958346238335,0.0106076506001801,0.0650484670451234,0.0800045845209435,0.0949536981781935,0.999502535132109,3423.50991656141,8959.5951493802,0.000191090164963764,0.0800163889250493,0.0800004663248777,0.079984114987764,0.0799823682576426,3.40206674066396e-05,NA,FALSE,FALSE,TRUE,"diagnostics_met_only",566.056533822985,1481.41454189487
"mu.iota.m[76]","local_continuous",TRUE,0.079990945410104,0.0106066066884596,0.0650467667725354,0.0799591286586951,0.0949530062454888,0.999503784733556,3422.97052008949,8959.54745791326,0.000191078762683106,0.0800004663248777,0.079984114987764,0.0799823682576426,0.0799968320701317,1.80980672351005e-05,NA,FALSE,FALSE,TRUE,"diagnostics_met_only",565.967347898394,1481.406656401
"mu.iota.m[77]","local_continuous",TRUE,0.0799943809445675,0.0106074208891018,0.0650467667725354,0.0799770145358807,0.0949539639868236,0.999503351829689,3423.61706863802,8959.5951493802,0.000191087655872353,0.079984114987764,0.0799823682576426,0.0799968320701317,0.0800142084627319,3.18402050892702e-05,NA,FALSE,FALSE,TRUE,"diagnostics_met_only",566.074250766869,1481.41454189487
"mu.iota.m[78]","local_continuous",TRUE,0.0800029826126821,0.0106077871377031,0.0650467667725354,0.0800381583589341,0.0949542084754578,0.999502513064872,3423.85496245691,8956.9184351053,0.000191091656347928,0.0799823682576426,0.0799968320701317,0.0800142084627319,0.0800185216602223,3.6153402579675e-05,NA,FALSE,FALSE,TRUE,"diagnostics_met_only",566.11358506232,1480.97196347641
"mu.iota.m[79]","local_continuous",TRUE,0.0800088420804517,0.0106066681162648,0.0650460795930114,0.0799936674697596,0.0949542258694569,0.999503162041776,3423.15013503391,8956.84976946561,0.000191079433625136,0.0799968320701317,0.0800142084627319,0.0800185216602223,0.080005806128721,2.16895900906067e-05,NA,FALSE,FALSE,TRUE,"diagnostics_met_only",565.99704613656,1480.96061003069
"mu.iota.m[80]","local_continuous",TRUE,0.0800065721802314,0.0106072332238858,0.0650465044176382,0.0800181539088079,0.094954150338675,0.999502529941841,3423.59924390924,8956.9343209242,0.000191085606056025,0.0800142084627319,0.0800185216602223,0.080005806128721,0.07998775246925,3.07691909722518e-05,NA,FALSE,FALSE,TRUE,"diagnostics_met_only",566.071303556421,1480.9745900999
"mu.iota.m[81]","local_continuous",TRUE,0.0799982598478155,0.01060788190193,0.0650465044176382,0.0800120684196515,0.0949525562233109,0.999502446264074,3423.7561292684,8959.55823483055,0.000191092691451492,0.0800185216602223,0.080005806128721,0.07998775246925,0.0799809591330685,3.75625271538255e-05,NA,FALSE,FALSE,TRUE,"diagnostics_met_only",566.097243595965,1481.4084382987
"mu.iota.m[82]","local_continuous",TRUE,0.0799915474032929,0.0106067769122416,0.0650463355538083,0.0799423313323408,0.0949515706535877,0.999504546682343,3423.18297477329,8959.61104669648,0.000191080621947345,0.080005806128721,0.07998775246925,0.0799809591330685,0.0799916718821318,2.48469956525138e-05,NA,FALSE,FALSE,TRUE,"diagnostics_met_only",566.002475987647,1481.41717041939
"mu.iota.m[83]","local_continuous",TRUE,0.0799926062372017,0.0106070479068247,0.0650463355538083,0.0800059829288071,0.0949525606780552,0.99950256072831,3423.37615777906,8959.61104669648,0.000191083581902029,0.07998775246925,0.0799809591330685,0.0799916718821318,0.0800100414643564,2.90823312879274e-05,NA,FALSE,FALSE,TRUE,"diagnostics_met_only",566.034417622198,1481.41717041939
"mu.iota.m[84]","local_continuous",TRUE,0.0800004628625291,0.0106079273451852,0.0650463355538083,0.0800136719534372,0.094953982362077,0.999503084179538,3423.66051514603,8962.25243403734,0.000191093187826546,0.0799809591330685,0.0799916718821318,0.0800100414643564,0.0800191789705602,3.82198374916931e-05,NA,FALSE,FALSE,TRUE,"diagnostics_met_only",566.081434382611,1481.85390774427
"mu.iota.m[85]","local_continuous",TRUE,0.0800078939341819,0.0106069244084758,0.0650462568377998,0.0799924135372263,0.0949543934469985,0.999502704148919,3423.24519517381,8962.20470824566,0.000191082232980153,0.0799916718821318,0.0800100414643564,0.0800191789705602,0.0800106834196796,2.75070884283996e-05,NA,FALSE,FALSE,TRUE,"diagnostics_met_only",566.012763752283,1481.84601657501
"mu.iota.m[86]","local_continuous",TRUE,0.0800080673591526,0.0106068797006657,0.0650460023832559,0.0800364103541783,0.0949542267993714,0.999502686247652,3423.22057651864,8962.1728914532,0.000191081744656589,0.0800100414643564,0.0800191789705602,0.0800106834196796,0.0799923655820144,2.68133885457794e-05,NA,FALSE,FALSE,TRUE,"diagnostics_met_only",566.008693207447,1481.84075586197
"mu.iota.m[87]","local_continuous",TRUE,0.0800008236913229,0.0106079198481246,0.0650460023832559,0.0799863280461062,0.0949541320005415,0.999502774337089,3423.67846382835,8962.18879980923,0.000191093105936363,0.0800191789705602,0.0800106834196796,0.0799923655820144,0.0799810667930373,3.81121775228366e-05,NA,FALSE,FALSE,TRUE,"diagnostics_met_only",566.084402088021,1481.84338621184
"mu.iota.m[88]","local_continuous",TRUE,0.0799928227254896,0.0106070988541688,0.0650460023832559,0.0799613894772477,0.0949531759965217,0.999503156942307,3423.46465719365,8959.5951493802,0.000191084138380809,0.0800106834196796,0.0799923655820144,0.0799810667930373,0.079987175107227,2.96166266422343e-05,NA,FALSE,FALSE,TRUE,"diagnostics_met_only",566.049050461913,1481.41454189487
"mu.iota.m[89]","local_continuous",TRUE,0.0799914205127414,0.0106067420057179,0.0650480231935605,0.0800045845208158,0.0949535293823039,0.999503078369545,3423.19181488604,8959.57413200003,0.000191080240680907,0.0799923655820144,0.0799810667930373,0.079987175107227,0.0800050745686869,2.40077756496065e-05,NA,FALSE,FALSE,TRUE,"diagnostics_met_only",566.003937646502,1481.41106679895
"mu.iota.m[90]","local_continuous",TRUE,0.0799979062410125,0.0106078600078512,0.0650472938401077,0.0799818460911002,0.0949529350973303,0.999502224470823,3423.85590358821,8959.5951493802,0.000191092452303551,0.0799810667930373,0.079987175107227,0.0800050745686869,0.0800183084950988,3.72417020614579e-05,NA,FALSE,FALSE,TRUE,"diagnostics_met_only",566.113740672654,1481.41454189487
"mu.iota.m[91]","local_continuous",TRUE,0.0800063169616408,0.0106072863521162,0.0650472938401077,0.0800068663032763,0.0949535293823039,0.999503889097349,3423.65029655828,8956.95532988971,0.000191086186359843,0.079987175107227,0.0800050745686869,0.0800183084950988,0.0800147096755505,3.1133387871779e-05,NA,FALSE,FALSE,TRUE,"diagnostics_met_only",566.079744801303,1480.97806380452
"mu.iota.m[92]","local_continuous",TRUE,0.0800089198968687,0.0106066457920463,0.0650472938401077,0.0800509049695318,0.0949538935657916,0.9995047494995,3423.11811179523,8956.97121585528,0.000191079189789834,0.0800050745686869,0.0800183084950988,0.0800147096755505,0.0799975868481386,2.07216469602228e-05,NA,FALSE,FALSE,TRUE,"diagnostics_met_only",565.991751288895,1480.98069045226
"mu.iota.m[93]","local_continuous",TRUE,0.0800033219200518,0.0106077525903838,0.0650459840154265,0.0799750823587932,0.0949537925091912,0.999502482425848,3423.73074589907,8956.93944400439,0.000191091278990688,0.0800183084950988,0.0800147096755505,0.0799975868481386,0.0799826826614189,3.56258336798587e-05,NA,FALSE,FALSE,TRUE,"diagnostics_met_only",566.093046610296,1480.97543717004
"mu.iota.m[94]","local_continuous",TRUE,0.079994669785259,0.0106074719660508,0.0650459840154265,0.0799854027605228,0.0949536307006018,0.999503380774629,3423.46223266886,8959.38902690855,0.000191088213774516,0.0800147096755505,0.0799975868481386,0.0799826826614189,0.0799836999559277,3.20270141316165e-05,NA,FALSE,FALSE,TRUE,"diagnostics_met_only",566.048649581491,1481.38046079837
"mu.iota.m[95]","local_continuous",TRUE,0.0799909182253176,0.0106065987251774,0.065046593682207,0.0800015009712411,0.094953080494825,0.999503186449329,3422.8547968897,8959.47362994341,0.000191078675704679,0.0799975868481386,0.0799826826614189,0.0799836999559277,0.079999703435785,1.70207743660361e-05,NA,FALSE,FALSE,TRUE,"diagnostics_met_only",565.948213771445,1481.39444939541
"mu.iota.m[96]","local_continuous",TRUE,0.0799955164071364,0.0106076061512557,0.065046593682207,0.0799741570731188,0.0949512343302973,0.999502745193282,3423.4060171795,8959.55823483055,0.000191089679454748,0.0799826826614189,0.0799836999559277,0.079999703435785,0.0800159795754137,3.32969139948264e-05,NA,FALSE,FALSE,TRUE,"diagnostics_met_only",566.039354692378,1481.4084382987
"mu.iota.m[97]","local_continuous",TRUE,0.0800042367835569,0.0106076409105469,0.0650468579265097,0.0800308796035447,0.0949521195355738,0.999503101393341,3423.48977046053,8959.61104669648,0.000191090059125268,0.0799836999559277,0.079999703435785,0.0800159795754137,0.0800175641671009,3.38642111731985e-05,NA,FALSE,FALSE,TRUE,"diagnostics_met_only",566.053202787786,1481.41717041939
"mu.iota.m[98]","local_continuous",TRUE,0.0800090618807141,0.0106066045550921,0.0650468579265097,0.0800364103545578,0.0949529046782644,0.99950257735053,3422.93415769676,8959.61104669648,0.000191078739381536,0.079999703435785,0.0800159795754137,0.0800175641671009,0.0800030003445565,1.78607313159607e-05,NA,FALSE,FALSE,TRUE,"diagnostics_met_only",565.96133559801,1481.41717041939
"mu.iota.m[99]","local_continuous",TRUE,0.0800055555265338,0.0106074323543859,0.0650459015750251,0.0799954154791503,0.094952924500052,0.999502847001876,3423.55995429647,8959.62694409309,0.000191087781105011,0.0800159795754137,0.0800175641671009,0.0800030003445565,0.0799856780190638,3.18861480371607e-05,NA,FALSE,FALSE,TRUE,"diagnostics_met_only",566.064807258014,1481.41979895719
"mu.iota.m[100]","local_continuous",TRUE,0.0799969414468789,0.0106077797286712,0.0650454848024025,0.0800136719537117,0.0949537934253587,0.999502225433299,3423.82021568117,8956.95532988971,0.000191091575419704,0.0800175641671009,0.0800030003445565,0.0799856780190638,0.0799815232567945,3.60409103063869e-05,NA,FALSE,FALSE,TRUE,"diagnostics_met_only",566.107839894374,1480.97806380452
"mu.iota.m[101]","local_continuous",TRUE,0.0799911393868584,0.0106066628172982,0.0650454848024025,0.0799753293971079,0.0949536122580967,0.999503565057621,3423.14181583848,8956.95532988971,0.000191079375747386,0.0800030003445565,0.0799856780190638,0.0799815232567945,0.0799943559270186,2.14770877619425e-05,NA,FALSE,FALSE,TRUE,"diagnostics_met_only",565.995670608215,1480.97806380452
"mu.iota.m[102]","local_continuous",TRUE,0.0799934837336974,0.0106072450433557,0.0650461401061536,0.0799668992690988,0.0949536122580967,0.999502795833026,3423.61489653083,8956.97121585528,0.000191085735156471,0.0799856780190638,0.0799815232567945,0.0799943559270186,0.0800123777319127,3.085447511815e-05,NA,FALSE,FALSE,TRUE,"diagnostics_met_only",566.073891622161,1480.98069045226
"mu.iota.m[103]","local_continuous",TRUE,0.0800018191057238,0.0106078773636141,0.0650485549589687,0.0800471012815316,0.0949537980148353,0.999502037335594,3423.77191418153,8959.61104669648,0.000191092641879675,0.0799815232567945,0.0799943559270186,0.0800123777319127,0.0800190195071692,3.74962503746495e-05,NA,FALSE,FALSE,TRUE,"diagnostics_met_only",566.099853535306,1481.41717041939
"mu.iota.m[104]","local_continuous",TRUE,0.0800084820003369,0.0106067688698579,0.0650478306052562,0.0800001025633184,0.0949530927369051,0.999502935306488,3423.16892023589,8959.61104669648,0.00019108053410438,0.0799943559270186,0.0800123777319127,0.0800190195071692,0.0800081748352472,2.46635801505329e-05,NA,FALSE,FALSE,TRUE,"diagnostics_met_only",566.000152155405,1481.41717041939
"mu.iota.m[105]","local_continuous",TRUE,0.080007346582957,0.010607059138942,0.0650478306052562,0.0800002051266361,0.094953372468404,0.999502746311792,3423.39301690965,8959.61104669648,0.000191083704586154,0.0800123777319127,0.0800190195071692,0.0800081748352472,0.0799898142574995,2.92052496696643e-05,NA,FALSE,FALSE,TRUE,"diagnostics_met_only",566.03720517686,1481.41717041939
"mu.iota.m[106]","local_continuous",TRUE,0.079999456751087,0.0106079260390434,0.0650468289872281,0.0800319284078492,0.0949540433317708,0.999502607583286,3423.66149709222,8962.25243403734,0.000191093173559594,0.0800190195071692,0.0800081748352472,0.0799898142574995,0.0799808184044325,3.82011027366957e-05,NA,FALSE,FALSE,TRUE,"diagnostics_met_only",566.081596741438,1481.85390774427
"mu.iota.m[107]","local_continuous",TRUE,0.0799920663797622,0.0106069142634131,0.065045466538947,0.0799619861157259,0.09495335710801,0.999504966661788,3423.25170806632,8962.22061676248,0.000191082122170065,0.0800081748352472,0.0799898142574995,0.0799808184044325,0.0799894580218701,2.73564308146679e-05,NA,FALSE,FALSE,TRUE,"diagnostics_met_only",566.013840619432,1481.84864695147
"mu.iota.m[108]","local_continuous",TRUE,0.0799919701422963,0.010606889450635,0.065045466538947,0.0799848270756102,0.0949540648358198,0.99950441378947,3423.22340306936,8962.22061676248,0.000191081851151106,0.0799898142574995,0.0799808184044325,0.0799894580218701,0.0800077898853836,2.69714809511407e-05,NA,FALSE,FALSE,TRUE,"diagnostics_met_only",566.009160560409,1481.84864695147
"mu.iota.m[109]","local_continuous",TRUE,0.0799992565189716,0.0106079218781845,0.0650461585084231,0.0800303248772902,0.0949540648358198,0.999502758876646,3423.66694395341,8962.25243403734,0.000191093128110647,0.0799808184044325,0.0799894580218701,0.0800077898853836,0.0800189597642003,3.81413597677766e-05,NA,FALSE,FALSE,TRUE,"diagnostics_met_only",566.082497346794,1481.85390774427
"mu.iota.m[110]","local_continuous",TRUE,0.0800072264486756,0.0106070874146534,0.0650464183780456,0.0800015009711204,0.0949536206791409,0.999502732191041,3423.44251224966,8959.5951493802,0.00019108401343117,0.0799894580218701,0.0800077898853836,0.0800189597642003,0.0800126981232485,2.9501742330143e-05,NA,FALSE,FALSE,TRUE,"diagnostics_met_only",566.045388930169,1481.41454189487
"mu.iota.m[111]","local_continuous",TRUE,0.0800085524147938,0.0106067494967812,0.0650471143595952,0.0800303039213156,0.0949533422012497,0.999502002985951,3423.18616859343,8959.62694409309,0.000191080322501989,0.0800077898853836,0.0800189597642003,0.0800126981232485,0.079994761886343,2.41978778572349e-05,NA,FALSE,FALSE,TRUE,"diagnostics_met_only",566.003004066373,1481.41979895719
"mu.iota.m[112]","local_continuous",TRUE,0.080002015330192,0.0106078652124286,0.0650471143595952,0.080018153909003,0.0949533422012497,0.999501817809074,3423.83322047403,8959.62694409309,0.000191092509152875,0.0800189597642003,0.0800126981232485,0.079994761886343,0.0799816415469763,3.73182172239694e-05,NA,FALSE,FALSE,TRUE,"diagnostics_met_only",566.109990157744,1481.41979895719
"mu.iota.m[113]","local_continuous",TRUE,0.0799936253603059,0.0106072745294559,0.0650461665300427,0.079946813260385,0.0949523957032447,0.999503181893244,3423.64050710659,8956.9184351053,0.00019108605722435,0.0800126981232485,0.079994761886343,0.0799816415469763,0.0799853998846556,3.1056576272212e-05,NA,FALSE,FALSE,TRUE,"diagnostics_met_only",566.078126175031,1480.97196347641
"mu.iota.m[114]","local_continuous",TRUE,0.0799910962047564,0.010606650427385,0.0650459168111987,0.0800015009712154,0.0949533756065369,0.999502824089631,3423.10354124683,8956.84976946561,0.000191079240419101,0.079994761886343,0.0799816415469763,0.0799853998846556,0.0800025815010506,2.09399540743449e-05,NA,FALSE,FALSE,TRUE,"diagnostics_met_only",565.989342137373,1480.96061003069
"mu.iota.m[115]","local_continuous",TRUE,0.0799967531574919,0.0106077605549535,0.0650459168111987,0.0799941615467839,0.0949540464787822,0.99950296970643,3423.74586100865,8956.83388403408,0.000191091365986919,0.0799816415469763,0.0799853998846556,0.0800025815010506,0.0800173896972847,3.57481503083928e-05,NA,FALSE,FALSE,TRUE,"diagnostics_met_only",566.095545801694,1480.95798347124
"mu.iota.m[116]","local_continuous",TRUE,0.0800053952422558,0.0106074607020273,0.065046607669279,0.0799924135369166,0.0949540464787822,0.999502689515799,3423.48050370511,8959.55823483055,0.000191088090739999,0.0799853998846556,0.0800025815010506,0.0800173896972847,0.0800162098860321,3.19898126290574e-05,NA,FALSE,FALSE,TRUE,"diagnostics_met_only",566.051670586163,1481.4084382987
"mu.iota.m[117]","local_continuous",TRUE,0.0800090769661712,0.0106066001354805,0.0650485383817923,0.0800576686675242,0.0949537947277473,0.999505155136874,3422.89407780035,8959.61104669648,0.00019107869110862,0.0800025815010506,0.0800173896972847,0.0800162098860321,0.0800001267803171,1.72629169675476e-05,NA,FALSE,FALSE,TRUE,"diagnostics_met_only",565.95470863101,1481.41717041939
"mu.iota.m[118]","local_continuous",TRUE,0.0800044133692493,0.010607616241451,0.0650473896901535,0.0799912831237573,0.0949528484454104,0.999502550639519,3423.4235907756,8959.62694409308,0.000191089789668386,0.0800173896972847,0.0800162098860321,0.0800001267803171,0.0799839271133631,3.3462583921548e-05,NA,FALSE,FALSE,TRUE,"diagnostics_met_only",566.042260379564,1481.41979895719
"mu.iota.m[119]","local_continuous",TRUE,0.079995692140993,0.0106076311023956,0.0650473896901535,0.0799752874851406,0.0949528484454104,0.999503085085387,3423.4504452008,8959.61104669649,0.000191089951992254,0.0800162098860321,0.0800001267803171,0.0799839271133631,0.0799825047842594,3.37051017726964e-05,NA,FALSE,FALSE,TRUE,"diagnostics_met_only",566.04670059537,1481.41717041939
"mu.iota.m[120]","local_continuous",TRUE,0.079990931538441,0.0106066026279951,0.0650473852414326,0.0799924135367952,0.0949536153872966,0.999503076759045,3422.90779794318,8959.52644073253,0.000191078718332946,0.0800001267803171,0.0799839271133631,0.0799825047842594,0.079997167475824,1.7621996057704e-05,NA,FALSE,FALSE,TRUE,"diagnostics_met_only",565.956977173144,1481.40318133805
"mu.iota.m[121]","local_continuous",TRUE,0.079994508437625,0.0106074437665047,0.0650458984622734,0.0799635896466539,0.0949538782920599,0.999502132703248,3423.53358473385,8959.61104669648,0.00019108790575701,0.0799839271133631,0.0799825047842594,0.079997167475824,0.0800144343770532,3.19295927937585e-05,NA,FALSE,FALSE,TRUE,"diagnostics_met_only",566.060447211285,1481.41717041939
"mu.iota.m[122]","local_continuous",TRUE,0.080003134253931,0.0106077721576235,0.0650458984622734,0.0800085933565974,0.0949544969300859,0.999504172335362,3423.79601994068,8956.98710190108,0.000191091492721816,0.0799825047842594,0.079997167475824,0.0800144343770532,0.0800184303785874,3.59255943280096e-05,NA,FALSE,FALSE,TRUE,"diagnostics_met_only",566.103839275905,1480.98331711327
"mu.iota.m[123]","local_continuous",TRUE,0.0800088784516272,0.0106066577063405,0.0650466799012118,0.0800430924621347,0.0949544969300859,0.999505564332095,3423.13636907978,8956.98710190108,0.000191079319923166,0.079997167475824,0.0800144343770532,0.0800184303785874,0.080005481575044,2.12629027634276e-05,NA,FALSE,FALSE,TRUE,"diagnostics_met_only",565.994770019805,1480.98331711327
"mu.iota.m[124]","local_continuous",TRUE,0.0800064598418424,0.010607256868359,0.0650459933904635,0.079994818838843,0.094953208107598,0.999502906542642,3423.6122922272,8956.97121585528,0.000191085864317413,0.0800144343770532,0.0800184303785874,0.080005481575044,0.079987493036685,3.09373419024178e-05,NA,FALSE,FALSE,TRUE,"diagnostics_met_only",566.073461016402,1480.98069045226
"mu.iota.m[125]","local_continuous",TRUE,0.0799981020832589,0.01060787263269,0.0650465905453335,0.0800059829286081,0.0949522068542954,0.99950300615863,3423.78990596174,8959.55823483055,0.000191092590204017,0.0800184303785874,0.080005481575044,0.079987493036685,0.0799810033427189,3.74270358685647e-05,NA,FALSE,FALSE,TRUE,"diagnostics_met_only",566.102828366689,1481.4084382987
"mu.iota.m[126]","local_continuous",TRUE,0.0799914892605744,0.010606760982243,0.0650469443676314,0.079999897436682,0.0949522068542954,0.999502988976449,3423.16838603803,8959.55823483055,0.000191080447951904,0.080005481575044,0.079987493036685,0.0799810033427189,0.0799919790878494,2.44782323250703e-05,NA,FALSE,FALSE,TRUE,"diagnostics_met_only",566.00006382904,1481.4084382987
"mu.iota.m[127]","local_continuous",TRUE,0.0799927011724686,0.0106070704348538,0.0650462407422225,0.0799446130989372,0.0949514827775441,0.999503640702317,3423.42408034568,8959.57413200003,0.000191083827967133,0.079987493036685,0.0799810033427189,0.0799919790878494,0.0800103292226209,2.93258799020507e-05,NA,FALSE,FALSE,TRUE,"diagnostics_met_only",566.042341326998,1481.41106679895
"mu.iota.m[128]","local_continuous",TRUE,0.0800006235927349,0.0106079245250423,0.0650463508609492,0.0800204356896173,0.0949538966862173,0.999502228048223,3423.66553097265,8962.25243403734,0.000191093157022201,0.0799810033427189,0.0799919790878494,0.0800103292226209,0.0800191827177502,3.81793750313664e-05,NA,FALSE,FALSE,TRUE,"diagnostics_met_only",566.082263719023,1481.85390774427
"mu.iota.m[129]","local_continuous",TRUE,0.0800079726847166,0.0106069042275499,0.0650463508609492,0.080019757442355,0.0949544786585179,0.999502474081944,3423.22736513716,8962.23652535971,0.000191082012552757,0.0799919790878494,0.0800103292226209,0.0800191827177502,0.0800103997106457,2.72036299008849e-05,NA,FALSE,FALSE,TRUE,"diagnostics_met_only",566.009815664212,1481.85127734122
"mu.iota.m[130]","local_continuous",TRUE,0.0800079917271378,0.0106068993175804,0.0650462433974609,0.0799924135370515,0.0949544786585179,0.999502640147412,3423.22702558705,8962.23652535971,0.00019108195892334,0.0800103292226209,0.0800191827177502,0.0800103997106457,0.0799920552575343,2.71274602159921e-05,NA,FALSE,FALSE,TRUE,"diagnostics_met_only",566.009759521669,1481.85127734122
"mu.iota.m[131]","local_continuous",TRUE,0.0800006632124843,0.0106079237016887,0.0650470363951435,0.080019757442355,0.0949541351120338,0.999502108373511,3423.66500953508,8962.26834279537,0.000191093148028732,0.0800191827177502,0.0800103997106457,0.0799920552575343,0.0799810151640067,3.81675537435844e-05,NA,FALSE,FALSE,TRUE,"diagnostics_met_only",566.082177502494,1481.85653816061
"mu.iota.m[132]","local_continuous",TRUE,0.0799927249433313,0.0106070760300709,0.065046950815805,0.0799680715925249,0.0949531791402209,0.999504260062408,3423.4293039096,8959.62694409309,0.000191083889081596,0.0800103997106457,0.0799920552575343,0.0799810151640067,0.0799874296411383,2.93845466390608e-05,NA,FALSE,FALSE,TRUE,"diagnostics_met_only",566.043205011508,1481.41979895719
"mu.iota.m[133]","local_continuous",TRUE,0.0799914753277289,0.0106067571486853,0.0650470581613634,0.0799635896453789,0.0949531791402209,0.999504733294837,3423.1886791147,8959.62694409309,0.000191080406079879,0.0799920552575343,0.0799810151640067,0.0799874296411383,0.0800054012482362,2.43860842295274e-05,NA,FALSE,FALSE,TRUE,"diagnostics_met_only",566.003419165791,1481.41979895719
"mu.iota.m[134]","local_continuous",TRUE,0.079998063256499,0.0106078702282052,0.0650479157674394,0.0800106700124019,0.0949534432892081,0.999502480297026,3423.80014579228,8959.61104669648,0.000191092563939948,0.0799810151640067,0.0799874296411383,0.0800054012482362,0.080018406972615,3.73918086082892e-05,NA,FALSE,FALSE,TRUE,"diagnostics_met_only",566.104521460364,1481.41717041939
"mu.iota.m[135]","local_continuous",TRUE,0.0800064318183122,0.0106072627030886,0.0650463324265563,0.0799924135372191,0.0949539792448585,0.999502707880476,3423.61771961975,8956.98710190108,0.000191085928048425,0.0799874296411383,0.0800054012482362,0.080018406972615,0.0800144894112594,3.09773314766809e-05,NA,FALSE,FALSE,TRUE,"diagnostics_met_only",566.074358402737,1480.98331711327
"mu.iota.m[136]","local_continuous",TRUE,0.080008886996031,0.010606655254616,0.0650463324265563,0.0800201886511827,0.0949543965504048,0.999501974747735,3423.11942366387,8956.98710190108,0.000191079293144313,0.0800054012482362,0.080018406972615,0.0800144894112594,0.0799972503520135,2.11566206014258e-05,NA,FALSE,FALSE,TRUE,"diagnostics_met_only",565.991968198391,1480.98331711327
"mu.iota.m[137]","local_continuous",TRUE,0.0800031715105834,0.0106077683635152,0.0650462443290993,0.0800319284084719,0.0949543903303262,0.999501884216391,3423.78258435372,8956.98710190108,0.000191091451279114,0.080018406972615,0.0800144894112594,0.0799972503520135,0.0799825393064456,3.58676661693369e-05,NA,FALSE,FALSE,TRUE,"diagnostics_met_only",566.101617783353,1480.98331711327
"mu.iota.m[138]","local_continuous",TRUE,0.0799945401529316,0.0106074493759553,0.0650460696566852,0.0799556745648597,0.0949537066382181,0.999503520291247,3423.52022425457,8959.57925214423,0.000191087967027792,0.0800144894112594,0.0799972503520135,0.0799825393064456,0.0799838815420076,3.19501048138271e-05,NA,FALSE,FALSE,TRUE,"diagnostics_met_only",566.058238137329,1481.41191338364
"mu.iota.m[139]","local_continuous",TRUE,0.0799909285534951,0.0106066017534393,0.0650465075513045,0.0799865541292327,0.0949522909111067,0.999502478747408,3422.89008135146,8959.57925214423,0.000191078708780668,0.0799972503520135,0.0799825393064456,0.0799838815420076,0.0800000430135139,1.75037070682532e-05,NA,FALSE,FALSE,TRUE,"diagnostics_met_only",565.954047842503,1481.41191338364
"mu.iota.m[140]","local_continuous",TRUE,0.0799956572001401,0.0106076262208582,0.0650470277454804,0.0800103623224894,0.0949522909111067,0.99950301675822,3423.44563556419,8959.5951493802,0.000191089898671944,0.0799825393064456,0.0799838815420076,0.0800000430135139,0.0800161649385938,3.36256321481765e-05,NA,FALSE,FALSE,TRUE,"diagnostics_met_only",566.045905351222,1481.41454189487
"mu.iota.m[141]","local_continuous",TRUE,0.0800043785969485,0.0106076211787995,0.0650465075513045,0.0799893299876397,0.094951322454918,0.999502606917316,3423.42928116915,8959.62694409308,0.000191089843598293,0.0799838815420076,0.0800000430135139,0.0800161649385938,0.0800174248936793,3.3543351671661e-05,NA,FALSE,FALSE,TRUE,"diagnostics_met_only",566.043201251513,1481.41979895719
"mu.iota.m[142]","local_continuous",TRUE,0.0800090743319154,0.0106066009077727,0.0650467869515948,0.080044099351845,0.0949534617688318,0.999505889867058,3422.89434166965,8959.5951493802,0.00019107869954393,0.0800000430135139,0.0800161649385938,0.0800174248936793,0.080002664481875,1.73818801654235e-05,NA,FALSE,FALSE,TRUE,"diagnostics_met_only",565.954752260193,1481.41454189487
"mu.iota.m[143]","local_continuous",TRUE,0.0800054271679677,0.0106074551218819,0.0650458313272476,0.0800242393952784,0.0949539608689169,0.999505586488624,3423.51261270101,8959.54745791326,0.000191088029789285,0.0800161649385938,0.0800174248936793,0.080002664481875,0.079985454357723,3.19705359562578e-05,NA,FALSE,FALSE,TRUE,"diagnostics_met_only",566.056979613263,1481.406656401
"mu.iota.s[1]","local_continuous",TRUE,0.199985531608485,0.0176778561600988,0.17507753814973,0.199956928455892,0.224922830296989,0.999503870258376,3423.29433759281,8959.55823483055,0.000318466552448467,0.199988322184097,0.199968646388465,0.199977796958683,0.200007360902694,3.8714514229099e-05,NA,FALSE,FALSE,TRUE,"diagnostics_met_only",566.02088915225,1481.4084382987
"mu.iota.s[2]","local_continuous",TRUE,0.199995990379139,0.0176797288917088,0.175080314453509,0.200065652213937,0.224922830296989,0.999503027742516,3424.02230034979,8959.55823483055,0.000318487007749331,0.199968646388465,0.199977796958683,0.200007360902694,0.200030157266714,6.15108782497376e-05,NA,FALSE,FALSE,TRUE,"diagnostics_met_only",566.141253364714,1481.4084382987
"mu.iota.s[3]","local_continuous",TRUE,0.200010135576721,0.0176788892193821,0.175077944620892,0.199992735936159,0.22492243105651,0.999503606121091,3423.81545764356,8956.98710190108,0.000318477836147594,0.199977796958683,0.200007360902694,0.200030157266714,0.200025227178795,5.23603080312407e-05,NA,FALSE,FALSE,TRUE,"diagnostics_met_only",566.107053181806,1480.98331711327
"mu.iota.s[4]","local_continuous",TRUE,0.200014962171809,0.0176777153296027,0.175077944620892,0.199997498381271,0.22492243105651,0.999502455795507,3423.1167003494,8956.98710190108,0.000318465014232694,0.200007360902694,0.200030157266714,0.200025227178795,0.199997103339033,3.30539276817421e-05,NA,FALSE,FALSE,TRUE,"diagnostics_met_only",565.991517914915,1480.98331711327
"mu.iota.s[5]","local_continuous",TRUE,0.200006032615137,0.0176795320377556,0.175076390729134,0.20004307154572,0.224923262885414,0.999502132580184,3423.70709025966,8956.97121585528,0.000318484857530753,0.200030157266714,0.200025227178795,0.199997103339033,0.199971642676005,5.85145907090467e-05,NA,FALSE,FALSE,TRUE,"diagnostics_met_only",566.089135294256,1480.98069045226
"mu.iota.s[6]","local_continuous",TRUE,0.199991556699929,0.017679193885632,0.175076390729134,0.199939316075605,0.224923583897792,0.999503147036316,3423.40779556874,8956.90254936664,0.000318481163946668,0.200025227178795,0.199997103339033,0.199971642676005,0.199972253605882,5.35845027895832e-05,NA,FALSE,FALSE,TRUE,"diagnostics_met_only",566.039648738218,1480.96933686618
"mu.iota.s[7]","local_continuous",TRUE,0.199984843515868,0.0176776586139755,0.17507750736273,0.199986773225351,0.224923583897792,0.999502715219096,3422.82469791546,8956.9184351053,0.000318464394759767,0.199997103339033,0.199971642676005,0.199972253605882,0.199998374442552,2.67317665464673e-05,NA,FALSE,FALSE,TRUE,"diagnostics_met_only",565.943237089196,1480.97196347641
"mu.iota.s[8]","local_continuous",TRUE,0.19999206513342,0.0176792745772147,0.175078384828089,0.200040398991123,0.224923583897792,0.999503818929193,3423.37960589626,8956.9184351053,0.000318482045325984,0.199971642676005,0.199972253605882,0.199998374442552,0.200025989809243,5.4347133237459e-05,NA,FALSE,FALSE,TRUE,"diagnostics_met_only",566.034987747397,1480.97196347641
"mu.iota.s[9]","local_continuous",TRUE,0.200006582030713,0.0176794648796656,0.175077225923014,0.199982216646923,0.224919612099078,0.999503081246922,3423.66654289775,8959.55823483055,0.000318484123970953,0.199972253605882,0.199998374442552,0.200025989809243,0.200029710265174,5.74566592919101e-05,NA,FALSE,FALSE,TRUE,"diagnostics_met_only",566.082431034681,1481.4084382987
"mu.iota.s[10]","local_continuous",TRUE,0.200015047439322,0.017677690531961,0.175078668436348,0.200050541462406,0.224920934463425,0.999502533044805,3423.11739769966,8959.62694409309,0.00031846474338189,0.199998374442552,0.200025989809243,0.200029710265174,0.200006115240321,3.13358226220473e-05,NA,FALSE,FALSE,TRUE,"diagnostics_met_only",565.991633217536,1481.41979895719
"mu.iota.s[11]","local_continuous",TRUE,0.200009678301614,0.0176789770171038,0.175077225923014,0.200030256515169,0.224920934463425,0.999502118685191,3423.8217891363,8959.61104669648,0.000318478795139503,0.200025989809243,0.200029710265174,0.200006115240321,0.199976897891718,5.28123734556685e-05,NA,FALSE,FALSE,TRUE,"diagnostics_met_only",566.108100055605,1481.41717041939
"mu.iota.s[12]","local_continuous",TRUE,0.199995410978035,0.0176796806162437,0.17507667063876,0.199929173625498,0.224920812192269,0.999502958389486,3424.05893137569,8956.9184351053,0.000318486480439757,0.200029710265174,0.200006115240321,0.199976897891718,0.19996892051493,6.07897502443999e-05,NA,FALSE,FALSE,TRUE,"diagnostics_met_only",566.147310081959,1480.97196347641
"mu.iota.s[13]","local_continuous",TRUE,0.199985362780088,0.01767780854053,0.17507667063876,0.200022786589062,0.224923553334236,0.999503824891648,3423.2268465466,8956.83388403408,0.000318466032324983,0.200006115240321,0.199976897891718,0.19996892051493,0.199989517473384,3.71947253911264e-05,NA,FALSE,FALSE,TRUE,"diagnostics_met_only",566.009729918418,1480.95798347124
"mu.iota.s[14]","local_continuous",TRUE,0.199988771974625,0.0176786630595022,0.175077625324119,0.199978207810926,0.224923553334236,0.999503232916189,3423.62543652554,8956.83388403408,0.00031847536587013,0.199976897891718,0.19996892051493,0.199989517473384,0.200019752018467,5.08315035377405e-05,NA,FALSE,FALSE,TRUE,"diagnostics_met_only",566.075634346155,1480.95798347124
"mu.iota.s[15]","local_continuous",TRUE,0.200002504163911,0.0176798239121897,0.17507785475525,0.19996707093045,0.224923553334236,0.999503303103767,3423.71490646927,8959.37313059487,0.000318488045653152,0.19996892051493,0.199989517473384,0.200019752018467,0.200031826648863,6.29061339330883e-05,NA,FALSE,FALSE,TRUE,"diagnostics_met_only",566.090427656956,1481.37783243963
"mu.iota.s[16]","local_continuous",TRUE,0.200013934036446,0.0176780032376009,0.175081051625709,0.200054550285492,0.224923141642012,0.999503034888323,3423.2046784511,8959.62694409309,0.000318468158902099,0.199989517473384,0.200019752018467,0.200031826648863,0.20001464000507,4.23091754783445e-05,NA,FALSE,FALSE,TRUE,"diagnostics_met_only",566.006064558714,1481.41979895719
"mu.iota.s[17]","local_continuous",TRUE,0.200012553020133,0.0176783577138907,0.175079452803319,0.199977213410369,0.224922548970506,0.9995030890029,3423.35754037793,8959.62694409309,0.000318472030690168,0.200019752018467,0.200031826648863,0.20001464000507,0.199983993408132,4.78332407308768e-05,NA,FALSE,FALSE,TRUE,"diagnostics_met_only",566.031339348203,1481.41979895719
"mu.iota.s[18]","local_continuous",TRUE,0.199999630815001,0.0176798833544803,0.175078838033369,0.199967070929378,0.224922548970506,0.999504153962222,3423.68652187696,8962.25243403734,0.000318488694939353,0.200031826648863,0.20001464000507,0.199983993408132,0.199968063197939,6.37634509234042e-05,NA,FALSE,FALSE,TRUE,"diagnostics_met_only",566.085734437328,1481.85390774427
"mu.iota.s[19]","local_continuous",TRUE,0.199987048036855,0.0176782591114996,0.175078823066846,0.200007640868276,0.224922958359962,0.999503654773703,3423.29887290511,8962.25243403734,0.000318470953696685,0.20001464000507,0.199983993408132,0.199968063197939,0.199981495536277,4.65768071310491e-05,NA,FALSE,FALSE,TRUE,"diagnostics_met_only",566.021639038543,1481.85390774427
"mu.iota.s[20]","local_continuous",TRUE,0.199986373233893,0.0176780853049734,0.175077246177644,0.199949458537665,0.224922987515319,0.999503092257994,3423.20730958536,8962.18879980923,0.000318469055285059,0.199983993408132,0.199968063197939,0.199981495536277,0.200011940793224,4.38775952845971e-05,NA,FALSE,FALSE,TRUE,"diagnostics_met_only",566.006499600755,1481.84338621184
"mu.iota.s[21]","local_continuous",TRUE,0.199998226816847,0.0176798542088233,0.175077656137012,0.200016241209323,0.224922987515319,0.999502554246772,3423.69341022505,8962.18879980923,0.000318488376582184,0.199968063197939,0.199981495536277,0.200011940793224,0.200031407739949,6.33445420094025e-05,NA,FALSE,FALSE,TRUE,"diagnostics_met_only",566.086873383771,1481.84338621184
"mu.iota.s[22]","local_continuous",TRUE,0.200011710656215,0.0176785557773029,0.175077656137012,0.200059759379053,0.224922987515319,0.99950264387653,3423.56101985481,8959.61104669648,0.000318474194062774,0.199981495536277,0.200011940793224,0.200031407739949,0.200021998555409,4.99122036711486e-05,NA,FALSE,FALSE,TRUE,"diagnostics_met_only",566.064983441602,1481.41717041939
"mu.iota.s[23]","local_continuous",TRUE,0.200014427772265,0.017677867534659,0.17507665045788,0.199956928455198,0.224920206140565,0.999504293477219,3423.23949356662,8959.61104669648,0.000318466676686882,0.200011940793224,0.200031407739949,0.200021998555409,0.199992364000478,3.90437394710286e-05,NA,FALSE,FALSE,TRUE,"diagnostics_met_only",566.011821026227,1481.41717041939
"mu.iota.s[24]","local_continuous",TRUE,0.200003880061032,0.0176797387965241,0.175078096544183,0.200020114033205,0.224921507797107,0.999503174755745,3423.97009623158,8959.57925214423,0.000318487115939016,0.200031407739949,0.200021998555409,0.199992364000478,0.199969749948292,6.16577916567052e-05,NA,FALSE,FALSE,TRUE,"diagnostics_met_only",566.132621731413,1481.41191338364
"mu.iota.s[25]","local_continuous",TRUE,0.19998976503958,0.0176788696013631,0.175077794601885,0.199999829061135,0.224921507797107,0.999503204904264,3423.7503521417,8956.97121585528,0.000318477621865281,0.200021998555409,0.199992364000478,0.199969749948292,0.199974947654141,5.22486071170558e-05,NA,FALSE,FALSE,TRUE,"diagnostics_met_only",566.096288383217,1480.98069045226
"mu.iota.s[26]","local_continuous",TRUE,0.199985059993537,0.0176777217526834,0.175076917416937,0.199914027973885,0.224919926799208,0.999504295691218,3423.12114687314,8956.98710190108,0.000318465084388445,0.199992364000478,0.199969749948292,0.199974947654141,0.200003178371239,3.34284229466797e-05,NA,FALSE,FALSE,TRUE,"diagnostics_met_only",565.992253120559,1480.98331711327
"mu.iota.s[27]","local_continuous",TRUE,0.199994090720537,0.0176795463097035,0.175077394718903,0.20004307154534,0.224923018203754,0.999503547403363,3423.69910011506,8956.97121585528,0.000318485013421678,0.199969749948292,0.199974947654141,0.200003178371239,0.200028486908477,5.87369601849352e-05,NA,FALSE,FALSE,TRUE,"diagnostics_met_only",566.087814172463,1480.98069045226
"mu.iota.s[28]","local_continuous",TRUE,0.200008554411823,0.0176791755843939,0.175076900176923,0.200029879710868,0.224923018203754,0.999504498319974,3423.40786372711,8959.38902690855,0.000318480964045831,0.199974947654141,0.200003178371239,0.200028486908477,0.200027604713435,5.35392543353774e-05,NA,FALSE,FALSE,TRUE,"diagnostics_met_only",566.03966000779,1481.38046079837
"mu.iota.s[29]","local_continuous",TRUE,0.200015153216329,0.0176776595738291,0.175076900176923,0.199987355894869,0.224922687096828,0.999504056252212,3422.82358209065,8959.48952672515,0.000318464405243701,0.200003178371239,0.200028486908477,0.200027604713435,0.200001342872168,2.71440363093511e-05,NA,FALSE,FALSE,TRUE,"diagnostics_met_only",565.943052594354,1481.39707783154
"mu.iota.s[30]","local_continuous",TRUE,0.200007820223625,0.0176792920795441,0.175076956319478,0.200043071542727,0.224922687096828,0.999502686436771,3423.37771399077,8959.55823483055,0.000318482236500919,0.200028486908477,0.200027604713435,0.200001342872168,0.199973846400421,5.46405080554258e-05,NA,FALSE,FALSE,TRUE,"diagnostics_met_only",566.034674932337,1481.4084382987
"mu.iota.s[31]","local_continuous",TRUE,0.199993297353385,0.0176794493529748,0.175078107239971,0.199959601008128,0.224921821228175,0.999502563179721,3423.60885193676,8959.61104669649,0.00031848395437492,0.200027604713435,0.200001342872168,0.199973846400421,0.199970395427514,5.72092859202344e-05,NA,FALSE,FALSE,TRUE,"diagnostics_met_only",566.072892185311,1481.41717041939
"mu.iota.s[32]","local_continuous",TRUE,0.199984936865532,0.0176776859521118,0.175078107239971,0.199949458539722,0.224921821228175,0.999501530277037,3423.04653596287,8959.61104669649,0.00031846469335877,0.200001342872168,0.199973846400421,0.199970395427514,0.199994162762023,3.09474446530678e-05,NA,FALSE,FALSE,TRUE,"diagnostics_met_only",565.979916660528,1481.41717041939
"mu.iota.s[33]","local_continuous",TRUE,0.199990425354041,0.0176789963557071,0.175079706427398,0.200028096773328,0.224923405552951,0.999503204030847,3423.70614182024,8959.61104669648,0.00031847900637034,0.199973846400421,0.199970395427514,0.199994162762023,0.200023296826207,5.29013986924898e-05,NA,FALSE,FALSE,TRUE,"diagnostics_met_only",566.088978475569,1481.41717041939
"mu.iota.s[34]","local_continuous",TRUE,0.20000471672789,0.0176796691008075,0.175077363963409,0.199977213410124,0.224923441393033,0.999502815085877,3423.97025572965,8956.95532988971,0.000318486354657525,0.199970395427514,0.199994162762023,0.200023296826207,0.200031011895816,6.0616468301522e-05,NA,FALSE,FALSE,TRUE,"diagnostics_met_only",566.132648103447,1480.97806380452
"mu.iota.s[35]","local_continuous",TRUE,0.200014671563869,0.0176777987858716,0.175076930847372,0.200025424218431,0.224923441393033,0.999502467695059,3423.2040385403,8956.93944400439,0.000318465925780053,0.199994162762023,0.200023296826207,0.200031011895816,0.20001021477143,3.68491337933707e-05,NA,FALSE,FALSE,TRUE,"diagnostics_met_only",566.005958753357,1480.97543717004
"mu.iota.s[36]","local_continuous",TRUE,0.200011137431688,0.0176786826939324,0.175076930847372,0.200053214014282,0.224922672033707,0.999502432699146,3423.61892409456,8956.97121585528,0.000318475580330708,0.200023296826207,0.200031011895816,0.20001021477143,0.1999800262333,5.09856625162397e-05,NA,FALSE,FALSE,TRUE,"diagnostics_met_only",566.074557555317,1480.98069045226
"mu.iota.s[37]","local_continuous",TRUE,0.199997363596176,0.0176798173251841,0.175076925643416,0.199934347783591,0.224919471352096,0.999502524197939,3423.72616710604,8959.57925214423,0.000318487973703557,0.200031011895816,0.20001021477143,0.1999800262333,0.19996820148416,6.28104116558448e-05,NA,FALSE,FALSE,TRUE,"diagnostics_met_only",566.092289534728,1481.41191338364
"mu.iota.s[38]","local_continuous",TRUE,0.199986013658182,0.017677989085308,0.175077369180841,0.200009936621274,0.2249210793308,0.999503436083398,3423.17175993487,8959.62694409309,0.000318468004323488,0.20001021477143,0.1999800262333,0.19996820148416,0.199985612143837,4.2013287269993e-05,NA,FALSE,FALSE,TRUE,"diagnostics_met_only",566.000621682354,1481.41979895719
"mu.iota.s[39]","local_continuous",TRUE,0.199987522698354,0.0176783760800548,0.175077369180841,0.20001535158913,0.2249210793308,0.999503157435069,3423.35639524253,8959.64284157001,0.000318472231296509,0.1999800262333,0.19996820148416,0.199985612143837,0.200016250932118,4.80494479574434e-05,NA,FALSE,FALSE,TRUE,"diagnostics_met_only",566.031150007032,1481.42242750827
"mu.iota.s[40]","local_continuous",TRUE,0.200000503312117,0.0176798822205315,0.175076944216738,0.199967311724068,0.224920659505408,0.999502978457173,3423.66713722731,8962.23652535972,0.000318488682553259,0.19996820148416,0.199985612143837,0.200016250932118,0.200031948688354,6.37472041941922e-05,NA,FALSE,FALSE,TRUE,"diagnostics_met_only",566.082529303457,1481.85127734122
"mu.iota.s[41]","local_continuous",TRUE,0.200013021183041,0.01767824168908,0.175077768990955,0.200060683924199,0.22492341079797,0.999503989891551,3423.28676886568,8962.26834279537,0.000318470763398988,0.199985612143837,0.200016250932118,0.200031948688354,0.200018272967857,4.6336544516995e-05,NA,FALSE,FALSE,TRUE,"diagnostics_met_only",566.019637709272,1481.85653816061
"mu.iota.s[42]","local_continuous",TRUE,0.200013567438328,0.0176781009397355,0.175076528018664,0.200020696702913,0.22492341079797,0.99950374454899,3423.20615692974,8962.23652535972,0.000318469226056332,0.200016250932118,0.200031948688354,0.200018272967857,0.199987797164982,4.41515233719214e-05,NA,FALSE,FALSE,TRUE,"diagnostics_met_only",566.006309016161,1481.85127734122
"mu.iota.s[43]","local_continuous",TRUE,0.200001639853385,0.0176798586182444,0.175076528018664,0.199946785986601,0.224922292677562,0.999503694505195,3423.67406432918,8962.25243403734,0.00031848842474615,0.200031948688354,0.200018272967857,0.199987797164982,0.199968540592347,6.34080960076333e-05,NA,FALSE,FALSE,TRUE,"diagnostics_met_only",566.083674657603,1481.85390774427
"mu.iota.s[44]","local_continuous",TRUE,0.199988204594803,0.0176785364727361,0.175077642257388,0.20001322677415,0.224922692312161,0.999503527879224,3423.52502366508,8959.61104669648,0.000318473983205785,0.200018272967857,0.199987797164982,0.199968540592347,0.199978207654025,4.97323755102863e-05,NA,FALSE,FALSE,TRUE,"diagnostics_met_only",566.059031690655,1481.41717041939
"mu.iota.s[45]","local_continuous",TRUE,0.199985613977362,0.0176778791924235,0.175078982816923,0.199969743484904,0.224921414075684,0.999501918594055,3423.22125872988,8959.61104669648,0.000318466804018624,0.199987797164982,0.199968540592347,0.199978207654025,0.200007910498092,3.93699057455454e-05,NA,FALSE,FALSE,TRUE,"diagnostics_met_only",566.008806006924,1481.41717041939
"mu.iota.s[46]","local_continuous",TRUE,0.19999624980279,0.0176797483981261,0.175078982816923,0.199979097432423,0.224921090084478,0.999501809433411,3423.92495048741,8959.61104669648,0.000318487220816744,0.199968540592347,0.199978207654025,0.200007910498092,0.200030340466695,6.17998743479842e-05,NA,FALSE,FALSE,TRUE,"diagnostics_met_only",566.125157157311,1481.41717041939
"mu.iota.s[47]","local_continuous",TRUE,0.200010333542238,0.0176788499524969,0.175080471351412,0.200096114445874,0.224922692312161,0.999502621541611,3423.72055614542,8956.9343209242,0.000318477407246127,0.199978207654025,0.200007910498092,0.200030340466695,0.20002487555014,5.21328126693033e-05,NA,FALSE,FALSE,TRUE,"diagnostics_met_only",566.091361796532,1480.9745900999
"mu.iota.s[48]","local_continuous",TRUE,0.200014916670608,0.0176777285046618,0.175077799835353,0.199987355894659,0.224922574518842,0.999503253851236,3423.09580979429,8956.9343209242,0.000318465158136573,0.200007910498092,0.200030340466695,0.20002487555014,0.199996540167506,3.38002991888131e-05,NA,FALSE,FALSE,TRUE,"diagnostics_met_only",565.988063788739,1480.9745900999
"mu.iota.s[49]","local_continuous",TRUE,0.200005785480813,0.0176795603387511,0.175076497437122,0.199983894802191,0.224922574518842,0.99950357421963,3423.70137073506,8956.84976946561,0.000318485166659478,0.200030340466695,0.20002487555014,0.199996540167506,0.199971385738911,5.89547277832503e-05,NA,FALSE,FALSE,TRUE,"diagnostics_met_only",566.088189605665,1480.96061003069
"mu.iota.s[50]","local_continuous",TRUE,0.199991335146639,0.0176791571564228,0.175076497437122,0.2000126441045,0.224923114852485,0.999503193212441,3423.41918636665,8959.57413200003,0.000318480762760798,0.20002487555014,0.199996540167506,0.199971385738911,0.19997253913,5.34898112290183e-05,NA,FALSE,FALSE,TRUE,"diagnostics_met_only",566.041532137343,1481.41106679895
"mu.iota.s[51]","local_continuous",TRUE,0.199984851238685,0.0176776608820696,0.175076655650773,0.199925164807543,0.224921968916966,0.999504654981217,3422.85285947025,8959.62694409309,0.000318464419532869,0.199996540167506,0.199971385738911,0.19997253913,0.199998939918325,2.7554179413275e-05,NA,FALSE,FALSE,TRUE,"diagnostics_met_only",565.947893430928,1481.41979895719
"mu.iota.s[52]","local_continuous",TRUE,0.199992295032022,0.0176793094186359,0.175078240612719,0.200022786589858,0.224921968916966,0.999502462110684,3423.38855833853,8959.61104669648,0.000318482425892911,0.199971385738911,0.19997253913,0.199998939918325,0.200026315340853,5.49296019416445e-05,NA,FALSE,FALSE,TRUE,"diagnostics_met_only",566.036467979254,1481.41717041939
"mu.iota.s[53]","local_continuous",TRUE,0.200006822737384,0.0176794336137646,0.175078240612719,0.200053214013667,0.224921363364879,0.999503023716567,3423.54572993911,8959.61104669648,0.000318483782457625,0.19997253913,0.199998939918325,0.200026315340853,0.200029496560361,5.69574303608267e-05,NA,FALSE,FALSE,TRUE,"diagnostics_met_only",566.062455347075,1481.41717041939
"mu.iota.s[54]","local_continuous",TRUE,0.20001507764946,0.0176776817123817,0.175077251434915,0.2000126441052,0.2249197732629,0.999503281631044,3422.99938818574,8959.54233774138,0.000318464647050583,0.199998939918325,0.200026315340853,0.200029496560361,0.200005558778304,3.05566420360781e-05,NA,FALSE,FALSE,TRUE,"diagnostics_met_only",565.972121062457,1481.40580981174
"mu.iota.s[55]","local_continuous",TRUE,0.200009470240156,0.0176790156237418,0.175077043179877,0.200050541462379,0.224922543749829,0.999501826776593,3423.65579683969,8959.57925214423,0.000318479216830466,0.200026315340853,0.200029496560361,0.200005558778304,0.19997651028111,5.29862792511826e-05,NA,FALSE,FALSE,TRUE,"diagnostics_met_only",566.080654239368,1481.41191338364
"mu.iota.s[56]","local_continuous",TRUE,0.199995155935727,0.0176796573039958,0.175075666194668,0.199991228718577,0.224922543749829,0.999503019202709,3423.90609440911,8956.98710190108,0.000318486225801885,0.200029496560361,0.200005558778304,0.19997651028111,0.199969058123135,6.04384372255018e-05,NA,FALSE,FALSE,TRUE,"diagnostics_met_only",566.122039419496,1480.98331711327
"mu.iota.s[57]","local_continuous",TRUE,0.199985295241651,0.0176777893359659,0.175075904568528,0.199929173624447,0.224923161143695,0.999503851174745,3423.18803030417,8956.98710190108,0.000318465822563795,0.200005558778304,0.19997651028111,0.199969058123135,0.199990053784055,3.65006551683311e-05,NA,FALSE,FALSE,TRUE,"diagnostics_met_only",566.003311888917,1480.98331711327
"mu.iota.s[58]","local_continuous",TRUE,0.199988954034586,0.0176787023560889,0.175076813405698,0.200032929070592,0.224923558520056,0.999503095333663,3423.60381052415,8956.98710190108,0.000318475795094225,0.19997651028111,0.199969058123135,0.199990053784055,0.200020193950045,5.11358269098539e-05,NA,FALSE,FALSE,TRUE,"diagnostics_met_only",566.07205861841,1480.98331711327
"mu.iota.s[59]","local_continuous",TRUE,0.200002768437182,0.0176798104103598,0.175079863269636,0.19999657383359,0.224923558520056,0.999503519374362,3423.7365195364,8959.48952672515,0.000318487898173224,0.199969058123135,0.199990053784055,0.200020193950045,0.200031767891493,6.27097683574829e-05,NA,FALSE,FALSE,TRUE,"diagnostics_met_only",566.094001246098,1481.39707783154
"mu.iota.s[60]","local_continuous",TRUE,0.2000140375514,0.0176779751781224,0.175079591206112,0.199988280442765,0.224922143691333,0.999503168035735,3423.16348817933,8959.57413200003,0.000318467852422111,0.199990053784055,0.200020193950045,0.200031767891493,0.200014134580007,4.17141074379457e-05,NA,FALSE,FALSE,TRUE,"diagnostics_met_only",565.999253997904,1481.41106679895
"mu.iota.s[61]","local_continuous",TRUE,0.200012400605598,0.0176783945700365,0.175081213071236,0.200078502132806,0.22492328831365,0.999503893791205,3423.37945534393,8959.62694409309,0.000318472433255344,0.200020193950045,0.200031767891493,0.200014134580007,0.199983506000848,4.82618906442744e-05,NA,FALSE,FALSE,TRUE,"diagnostics_met_only",566.034962854485,1481.41979895719
"mu.iota.s[62]","local_continuous",TRUE,0.199999362600198,0.0176798807384305,0.175077220710927,0.199956928454091,0.224922405482014,0.9995031449473,3423.66594894028,8962.23652535972,0.000318488666364308,0.200031767891493,0.200014134580007,0.199983506000848,0.199968041928443,6.37259630493492e-05,NA,FALSE,FALSE,TRUE,"diagnostics_met_only",566.082332827427,1481.85127734122
"mu.iota.s[63]","local_continuous",TRUE,0.199986910617236,0.0176782244325972,0.175077073881832,0.199959601008499,0.224922405482014,0.999503208387098,3423.25699076586,8962.23652535972,0.000318470574913821,0.200014134580007,0.199983506000848,0.199968041928443,0.199981959959645,4.60926515635784e-05,NA,FALSE,FALSE,TRUE,"diagnostics_met_only",566.014714081658,1481.85127734122
"mu.iota.s[64]","local_continuous",TRUE,0.199986492952423,0.0176781167845474,0.175077073881832,0.200022786588655,0.224923298741431,0.999503341683034,3423.20467120136,8962.22061676248,0.000318469399121942,0.199983506000848,0.199968041928443,0.199981959959645,0.200012463920753,4.44219923099731e-05,NA,FALSE,FALSE,TRUE,"diagnostics_met_only",566.006063360014,1481.84864695147
"mu.iota.s[65]","local_continuous",TRUE,0.199998493604861,0.0176798626869086,0.175077103024924,0.199967070929591,0.2249229006199,0.999502074342753,3423.6700607059,8962.23652535971,0.000318488469188044,0.199968041928443,0.199981959959645,0.200012463920753,0.200031508610601,6.3466682157981e-05,NA,FALSE,FALSE,TRUE,"diagnostics_met_only",566.083012682854,1481.85127734122
"mu.iota.s[66]","local_continuous",TRUE,0.200011879230043,0.01767851724172,0.175078379575801,0.200040398991147,0.2249229006199,0.999503080049685,3423.49556916977,8959.62694409309,0.000318473773152257,0.199981959959645,0.200012463920753,0.200031508610601,0.200021584429172,4.95486509560494e-05,NA,FALSE,FALSE,TRUE,"diagnostics_met_only",566.054161569076,1481.41979895719
"mu.iota.s[67]","local_continuous",TRUE,0.200014343145907,0.0176778911297387,0.175078379575801,0.200043071545734,0.224922804795361,0.999502774564841,3423.21881257799,8959.62694409309,0.000318466934403789,0.200012463920753,0.200031508610601,0.200021584429172,0.199991815623103,3.96929874979246e-05,NA,FALSE,FALSE,TRUE,"diagnostics_met_only",566.008401550593,1481.41979895719
"mu.iota.s[68]","local_continuous",TRUE,0.200003620039571,0.0176797576935062,0.175077941417968,0.199931640306534,0.2249200238904,0.999502864349663,3423.8772418244,8959.61104669648,0.000318487322349649,0.200031508610601,0.200021584429172,0.199991815623103,0.19996957149541,6.19371151912573e-05,NA,FALSE,FALSE,TRUE,"diagnostics_met_only",566.117268820172,1481.41717041939
"mu.iota.s[69]","local_continuous",TRUE,0.199989568685548,0.0176788302789409,0.175077978252658,0.200002501618721,0.224921692670804,0.99950308964073,3423.67406699571,8956.98710190108,0.000318477192357387,0.200021584429172,0.199991815623103,0.19996957149541,0.199975303194508,5.20129337616138e-05,NA,FALSE,FALSE,TRUE,"diagnostics_met_only",566.083675098498,1480.98331711327
"mu.iota.s[70]","local_continuous",TRUE,0.199985107833925,0.0176777355834215,0.175077912804627,0.199982045707235,0.224921692670804,0.999502267481718,3423.10040700123,8957.00298802713,0.000318465235453966,0.199991815623103,0.19996957149541,0.199975303194508,0.200003741022681,3.41695272706444e-05,NA,FALSE,FALSE,TRUE,"diagnostics_met_only",565.988823908933,1480.98594378755
"mu.iota.s[71]","local_continuous",TRUE,0.199994338771113,0.0176795741205026,0.175076767744575,0.199946785986014,0.224923268114861,0.999501809325327,3423.72271991216,8956.98710190108,0.000318485317196136,0.19996957149541,0.199975303194508,0.200003741022681,0.200028739371854,5.91678764434167e-05,NA,FALSE,FALSE,TRUE,"diagnostics_met_only",566.091719562197,1480.98331711327
"mu.iota.s[72]","local_continuous",TRUE,0.200008774616031,0.0176791386074933,0.17507753814973,0.200070826375005,0.224923268114861,0.99950361481421,3423.45057768637,8959.57925214423,0.000318480560154643,0.199975303194508,0.200003741022681,0.200028739371854,0.200027314875082,5.34361773456837e-05,NA,FALSE,FALSE,TRUE,"diagnostics_met_only",566.046722501054,1481.41191338364
"mu.iota.s[73]","local_continuous",TRUE,0.200015143119437,0.017677662538287,0.17507753814973,0.200017818279931,0.224922830296989,0.999502940589083,3422.84355034406,8959.57925214423,0.000318464437622791,0.200003741022681,0.200028739371854,0.200027314875082,0.20000077720813,2.79621637238325e-05,NA,FALSE,FALSE,TRUE,"diagnostics_met_only",565.946354223554,1481.41191338364
"mu.iota.s[74]","local_continuous",TRUE,0.200007589108668,0.0176793265890567,0.17507753814973,0.199967036002877,0.224921274774063,0.999503558873318,3423.39568614451,8959.5951493802,0.000318482613442611,0.200028739371854,0.200027314875082,0.20000077720813,0.199973524979607,5.52143922465109e-05,NA,FALSE,FALSE,TRUE,"diagnostics_met_only",566.037646518602,1481.41454189487
"mu.iota.s[75]","local_continuous",TRUE,0.199993057706389,0.0176794176669668,0.175080778408539,0.200007640868239,0.224922830296989,0.999502535132109,3423.50991656141,8959.5951493802,0.00031848360827294,0.200027314875082,0.20000077720813,0.199973524979607,0.199970613762738,5.67011123442929e-05,NA,FALSE,FALSE,TRUE,"diagnostics_met_only",566.056533822985,1481.41454189487
"mu.iota.s[76]","local_continuous",TRUE,0.19998490901684,0.0176776778140994,0.175077944620892,0.199931881097825,0.224921677075815,0.999503835778632,3422.97052008949,8959.54745791326,0.000318464604471843,0.20000077720813,0.199973524979607,0.199970613762738,0.199994720116886,3.01634453915844e-05,NA,FALSE,FALSE,TRUE,"diagnostics_met_only",565.967347898394,1481.406656401
"mu.iota.s[77]","local_continuous",TRUE,0.199990634907613,0.0176790348151697,0.175077944620892,0.199961690893134,0.224923273311373,0.999503351829689,3423.61706863802,8959.5951493802,0.000318479426453922,0.199973524979607,0.199970613762738,0.199994720116886,0.200023680771219,5.30670084812612e-05,NA,FALSE,FALSE,TRUE,"diagnostics_met_only",566.074250766869,1481.41454189487
"mu.iota.s[78]","local_continuous",TRUE,0.200004971021137,0.0176796452295051,0.175077944620892,0.20006359726489,0.22492368079243,0.999502513064872,3423.85496245691,8956.9184351053,0.000318486093913213,0.199970613762738,0.199994720116886,0.200023680771219,0.200030869433704,6.0255670965681e-05,NA,FALSE,FALSE,TRUE,"diagnostics_met_only",566.11358506232,1480.97196347641
"mu.iota.s[79]","local_continuous",TRUE,0.200014736800753,0.0176777801937748,0.175076799321686,0.199989445782933,0.224923709782428,0.999503162041776,3423.15013503391,8956.84976946561,0.00031846572270856,0.199994720116886,0.200023680771219,0.200030869433704,0.200009676881202,3.61493168178073e-05,NA,FALSE,FALSE,TRUE,"diagnostics_met_only",565.99704613656,1480.96061003069
"mu.iota.s[80]","local_continuous",TRUE,0.200010953633719,0.0176787220398096,0.17507750736273,0.20003025651468,0.224923583897792,0.999502529941841,3423.59924390924,8956.9343209242,0.000318476010093376,0.200023680771219,0.200030869433704,0.200009676881202,0.199979587448751,5.12819849531332e-05,NA,FALSE,FALSE,TRUE,"diagnostics_met_only",566.071303556421,1480.9745900999
"mu.iota.s[81]","local_continuous",TRUE,0.199997099746359,0.0176798031698834,0.17507750736273,0.200020114032752,0.224920927038851,0.999502446264074,3423.7561292684,8959.55823483055,0.000318487819085819,0.200030869433704,0.200009676881202,0.199979587448751,0.19996826522178,6.26042119233061e-05,NA,FALSE,FALSE,TRUE,"diagnostics_met_only",566.097243595965,1481.4084382987
"mu.iota.s[82]","local_continuous",TRUE,0.199985912338821,0.0176779615204027,0.175077225923014,0.199903885553901,0.224919284422646,0.999504491421323,3423.18297477329,8959.61104669648,0.000318467703245574,0.200009676881202,0.199979587448751,0.19996826522178,0.199986119803553,4.14116594217306e-05,NA,FALSE,FALSE,TRUE,"diagnostics_met_only",566.002475987647,1481.41717041939
"mu.iota.s[83]","local_continuous",TRUE,0.199987677062003,0.0176784131780411,0.175077225923014,0.200009971548012,0.224920934463425,0.99950256072831,3423.37615777906,8959.61104669648,0.000318472636503381,0.199979587448751,0.19996826522178,0.199986119803553,0.200016735773927,4.84705521468787e-05,NA,FALSE,FALSE,TRUE,"diagnostics_met_only",566.034417622198,1481.41717041939
"mu.iota.s[84]","local_continuous",TRUE,0.200000771437549,0.017679878908642,0.175077225923014,0.200022786589062,0.224923303936795,0.999503084179538,3423.66051514603,8962.25243403734,0.000318488646377576,0.19996826522178,0.199986119803553,0.200016735773927,0.200031964950934,6.36997291536823e-05,NA,FALSE,FALSE,TRUE,"diagnostics_met_only",566.081434382611,1481.85390774427
"mu.iota.s[85]","local_continuous",TRUE,0.20001315655697,0.0176782073474596,0.175077094729666,0.199987355895377,0.224923989078331,0.999502704148919,3423.24519517381,8962.20470824566,0.000318470388300256,0.199986119803553,0.200016735773927,0.200031964950934,0.200017805699466,4.58451473815402e-05,NA,FALSE,FALSE,TRUE,"diagnostics_met_only",566.012763752283,1481.84601657501
"mu.iota.s[86]","local_continuous",TRUE,0.200013445598588,0.0176781328344429,0.17507667063876,0.200060683923631,0.224923711332286,0.999502736280427,3423.22057651864,8962.1728914532,0.000318469574427649,0.200016735773927,0.200031964950934,0.200017805699466,0.199987275970024,4.46889809099793e-05,NA,FALSE,FALSE,TRUE,"diagnostics_met_only",566.008693207447,1481.84075586197
"mu.iota.s[87]","local_continuous",TRUE,0.200001372818872,0.017679866413541,0.17507667063876,0.199977213410177,0.224923553334236,0.999502774337089,3423.67846382835,8962.18879980923,0.000318488509893938,0.200031964950934,0.200017805699466,0.199987275970024,0.199968444655063,6.35202958715053e-05,NA,FALSE,FALSE,TRUE,"diagnostics_met_only",566.084402088021,1481.84338621184
"mu.iota.s[88]","local_continuous",TRUE,0.199988037875816,0.0176784980902814,0.17507667063876,0.199935649128746,0.224921959994203,0.999503156942307,3423.46465719365,8959.5951493802,0.000318473563968015,0.200017805699466,0.199987275970024,0.199968444655063,0.199978625178711,4.93610444033121e-05,NA,FALSE,FALSE,TRUE,"diagnostics_met_only",566.049050461913,1481.41454189487
"mu.iota.s[89]","local_continuous",TRUE,0.199985700854569,0.0176779033428631,0.175080038655934,0.200007640868026,0.224922548970506,0.999503078369545,3423.19181488604,8959.57413200003,0.000318467067801511,0.199987275970024,0.199968444655063,0.199978625178711,0.200008457614478,4.0012959415775e-05,NA,FALSE,FALSE,TRUE,"diagnostics_met_only",566.003937646502,1481.41106679895
"mu.iota.s[90]","local_continuous",TRUE,0.199996510401687,0.017679766679752,0.175078823066846,0.199969743485167,0.224921558495551,0.999502224470823,3423.85590358821,8959.5951493802,0.000318487420505917,0.199968444655063,0.199978625178711,0.200008457614478,0.200030514158498,6.20695034352081e-05,NA,FALSE,FALSE,TRUE,"diagnostics_met_only",566.113740672654,1481.41454189487
"mu.iota.s[91]","local_continuous",TRUE,0.200010528269401,0.0176788105868604,0.175078823066846,0.200011443838794,0.224922548970506,0.999503848940022,3423.65029655828,8956.95532988971,0.000318476977266405,0.199978625178711,0.200008457614478,0.200030514158498,0.200024516125918,5.18889797864186e-05,NA,FALSE,FALSE,TRUE,"diagnostics_met_only",566.079744801303,1480.97806380452
"mu.iota.s[92]","local_continuous",TRUE,0.200014866494781,0.0176777429867438,0.175078823066846,0.200084841615886,0.224923155942986,0.999504715123972,3423.11811179523,8956.97121585528,0.00031846531631639,0.200008457614478,0.200030514158498,0.200024516125918,0.199995978080231,3.45360782664783e-05,NA,FALSE,FALSE,TRUE,"diagnostics_met_only",565.991751288895,1480.98069045226
"mu.iota.s[93]","local_continuous",TRUE,0.20000553653342,0.0176795876506395,0.175076640025711,0.199958470597989,0.224922987515319,0.999502482425848,3423.73074589907,8956.93944400439,0.000318485464984479,0.200030514158498,0.200024516125918,0.199995978080231,0.199971137769031,5.93763894664867e-05,NA,FALSE,FALSE,TRUE,"diagnostics_met_only",566.093046610296,1480.97543717004
"mu.iota.s[94]","local_continuous",TRUE,0.199991116308765,0.017679119943418,0.175076640025711,0.199975671267538,0.224922717834336,0.999503380774629,3423.46223266886,8959.38902690855,0.00031848035629086,0.200024516125918,0.199995978080231,0.199971137769031,0.19997283325988,5.33783568866519e-05,NA,FALSE,FALSE,TRUE,"diagnostics_met_only",566.048649581491,1481.38046079837
"mu.iota.s[95]","local_continuous",TRUE,0.199984863708863,0.0176776645419623,0.175077656137012,0.200002501618735,0.224921800824708,0.999503186449329,3422.8547968897,8959.47362994341,0.000318464459507799,0.199995978080231,0.199971137769031,0.19997283325988,0.199999505726309,2.83679572773421e-05,NA,FALSE,FALSE,TRUE,"diagnostics_met_only",565.948213771445,1481.39444939541
"mu.iota.s[96]","local_continuous",TRUE,0.199992527345227,0.0176793435854261,0.175077656137012,0.199956928455198,0.224918723883829,0.999502745193282,3423.4060171795,8959.55823483055,0.000318482799091248,0.199971137769031,0.19997283325988,0.199999505726309,0.20002663262569,5.54948566585944e-05,NA,FALSE,FALSE,TRUE,"diagnostics_met_only",566.039354692378,1481.4084382987
"mu.iota.s[97]","local_continuous",TRUE,0.200007061305928,0.0176794015175782,0.175078096544183,0.200051466005908,0.224920199225956,0.99950297142972,3423.48977046053,8959.61104669648,0.000318483431875447,0.19997283325988,0.199999505726309,0.20002663262569,0.200029273611834,5.64403519545398e-05,NA,FALSE,FALSE,TRUE,"diagnostics_met_only",566.053202787786,1481.41717041939
"mu.iota.s[98]","local_continuous",TRUE,0.200015103134523,0.0176776742584869,0.175078096544183,0.200060683924263,0.224921507797107,0.999502504673594,3422.93415769676,8959.61104669648,0.000318464565635895,0.199999505726309,0.20002663262569,0.200029273611834,0.200005000574261,2.97678855255279e-05,NA,FALSE,FALSE,TRUE,"diagnostics_met_only",565.96133559801,1481.41717041939
"mu.iota.s[99]","local_continuous",TRUE,0.20000925921089,0.0176790539239765,0.175076502625042,0.199992359131917,0.22492154083342,0.999502847001876,3423.55995429647,8959.62694409309,0.000318479635175019,0.20002663262569,0.200029273611834,0.200005000574261,0.199976130031773,5.31435800615043e-05,NA,FALSE,FALSE,TRUE,"diagnostics_met_only",566.064807258014,1481.41979895719
"mu.iota.s[100]","local_continuous",TRUE,0.199994902411465,0.0176796328811187,0.175075808004004,0.20002278658952,0.224922989042265,0.999502225433299,3423.82021568117,8956.95532988971,0.000318485959032839,0.200029273611834,0.200005000574261,0.199976130031773,0.199969205427991,6.00681838430206e-05,NA,FALSE,FALSE,TRUE,"diagnostics_met_only",566.107839894374,1480.97806380452
"mu.iota.s[101]","local_continuous",TRUE,0.199985232311431,0.0176777713621637,0.175075808004004,0.199958882328513,0.224922687096828,0.999503537703586,3423.14181583848,8956.95532988971,0.000318465626245644,0.200005000574261,0.199976130031773,0.199969205427991,0.199990593211697,3.57951462694461e-05,NA,FALSE,FALSE,TRUE,"diagnostics_met_only",565.995670608215,1480.97806380452
"mu.iota.s[102]","local_continuous",TRUE,0.199989139556162,0.0176787417389261,0.175076900176923,0.199944832115165,0.224922687096828,0.999502787486639,3423.61489653083,8956.97121585528,0.000318476225260785,0.199976130031773,0.199969205427991,0.199990593211697,0.200020629553188,5.14241251969305e-05,NA,FALSE,FALSE,TRUE,"diagnostics_met_only",566.073891622161,1480.98069045226
"mu.iota.s[103]","local_continuous",TRUE,0.200003031842873,0.0176797956060234,0.175080924931614,0.200078502135886,0.224922996691392,0.999502037335594,3423.77191418153,8959.61104669648,0.000318487736466124,0.199969205427991,0.199990593211697,0.200020629553188,0.200031699178615,6.2493750624143e-05,NA,FALSE,FALSE,TRUE,"diagnostics_met_only",566.099853535306,1481.41717041939
"mu.iota.s[104]","local_continuous",TRUE,0.200014136667228,0.0176779481164298,0.175079717675427,0.200000170938864,0.224921821228175,0.999502935306488,3423.16892023589,8959.61104669648,0.000318467556840633,0.199990593211697,0.200020629553188,0.200031699178615,0.200013624725412,4.11059669180314e-05,NA,FALSE,FALSE,TRUE,"diagnostics_met_only",566.000152155405,1481.41717041939
"mu.iota.s[105]","local_continuous",TRUE,0.200012244304928,0.0176784318982367,0.175079717675427,0.200000341877727,0.22492228744734,0.999502746311792,3423.39301690965,8959.61104669648,0.000318472840976923,0.200020629553188,0.200031699178615,0.200013624725412,0.199983023762499,4.86754161165837e-05,NA,FALSE,FALSE,TRUE,"diagnostics_met_only",566.03720517686,1481.41717041939
"mu.iota.s[106]","local_continuous",TRUE,0.199999094585145,0.0176798767317391,0.175078048312047,0.200053214013082,0.224923405552951,0.999502607583286,3423.66149709222,8962.25243403734,0.000318488622599323,0.200031699178615,0.200013624725412,0.199983023762499,0.199968030674054,6.36685045611873e-05,NA,FALSE,FALSE,TRUE,"diagnostics_met_only",566.081596741438,1481.85390774427
"mu.iota.s[107]","local_continuous",TRUE,0.199986777299604,0.0176781904390218,0.175075777564912,0.19993664352621,0.224922261846683,0.99950506361373,3423.25170806632,8962.22061676248,0.000318470203616776,0.200013624725412,0.199983023762499,0.199968030674054,0.199982430036451,4.55940513576225e-05,NA,FALSE,FALSE,TRUE,"diagnostics_met_only",566.013840619432,1481.84864695147
"mu.iota.s[108]","local_continuous",TRUE,0.199986616903827,0.0176781490843916,0.175075777564912,0.199974711792684,0.224923441393033,0.999504359563253,3423.22340306936,8962.22061676248,0.00031846975191851,0.199983023762499,0.199968030674054,0.199982430036451,0.200012983142306,4.4952468251952e-05,NA,FALSE,FALSE,TRUE,"diagnostics_met_only",566.009160560409,1481.84864695147
"mu.iota.s[109]","local_continuous",TRUE,0.199998760864953,0.0176798697969742,0.175076930847372,0.20005054146215,0.224923441393033,0.999502758876646,3423.66694395341,8962.25243403734,0.00031848854685108,0.199968030674054,0.199982430036451,0.200012983142306,0.200031599607001,6.35689329465117e-05,NA,FALSE,FALSE,TRUE,"diagnostics_met_only",566.082497346794,1481.85390774427
"mu.iota.s[110]","local_continuous",TRUE,0.200012044081126,0.0176784790244223,0.175077363963409,0.200002501618534,0.224922701131902,0.999502732191041,3423.44251224966,8959.5951493802,0.000318473355718615,0.199982430036451,0.200012983142306,0.200031599607001,0.200021163538748,4.91695705499839e-05,NA,FALSE,FALSE,TRUE,"diagnostics_met_only",566.045388930169,1481.41454189487
"mu.iota.s[111]","local_continuous",TRUE,0.200014254024656,0.0176779158279686,0.175078523932659,0.200050506535526,0.224922237002083,0.999501958514865,3423.18616859343,8959.62694409309,0.000318467204169983,0.200012983142306,0.200031599607001,0.200021163538748,0.199991269810571,4.03297964294835e-05,NA,FALSE,FALSE,TRUE,"diagnostics_met_only",566.003004066373,1481.41979895719
"mu.iota.s[112]","local_continuous",TRUE,0.200003358883653,0.0176797753540477,0.175078523932659,0.200030256515005,0.224922237002083,0.999501817809074,3423.83322047403,8959.62694409309,0.00031848751525479,0.200031599607001,0.200021163538748,0.199991269810571,0.199969402578294,6.21970287069395e-05,NA,FALSE,FALSE,TRUE,"diagnostics_met_only",566.109990157744,1481.41979895719
"mu.iota.s[113]","local_continuous",TRUE,0.19998937560051,0.0176787908824266,0.175076944216738,0.199911355433975,0.224920659505408,0.999503250394506,3423.64050710659,8956.9184351053,0.000318476762040584,0.200021163538748,0.199991269810571,0.199969402578294,0.199975666474426,5.17609604542557e-05,NA,FALSE,FALSE,TRUE,"diagnostics_met_only",566.078126175031,1480.97196347641
"mu.iota.s[114]","local_continuous",TRUE,0.199985160341261,0.0176777507123082,0.175076528018664,0.200002501618692,0.224922292677562,0.999502824089631,3423.10354124683,8956.84976946561,0.000318465400698502,0.199991269810571,0.199969402578294,0.199975666474426,0.200004302501751,3.48999234575376e-05,NA,FALSE,FALSE,TRUE,"diagnostics_met_only",565.989342137373,1480.96061003069
"mu.iota.s[115]","local_continuous",TRUE,0.19999458859582,0.0176796009249225,0.175076528018664,0.19999026924464,0.22492341079797,0.99950296970643,3423.74586100865,8956.83388403408,0.000318485609978199,0.199969402578294,0.199975666474426,0.200004302501751,0.200028982828808,5.95802505144738e-05,NA,FALSE,FALSE,TRUE,"diagnostics_met_only",566.095545801694,1480.95798347124
"mu.iota.s[116]","local_continuous",TRUE,0.200008992070426,0.0176791011700456,0.175077679448798,0.199987355894861,0.22492341079797,0.999502689515799,3423.48050370511,8959.55823483055,0.000318480151233333,0.199975666474426,0.200004302501751,0.200028982828808,0.20002701647672,5.33163543819659e-05,NA,FALSE,FALSE,TRUE,"diagnostics_met_only",566.051670586163,1481.4084382987
"mu.iota.s[117]","local_continuous",TRUE,0.200015128276952,0.0176776668924674,0.175080897302987,0.200096114445874,0.224922991212912,0.999505155136874,3422.89407780035,8959.61104669648,0.000318464485181033,0.200004302501751,0.200028982828808,0.20002701647672,0.200000211300529,2.87715282795975e-05,NA,FALSE,FALSE,TRUE,"diagnostics_met_only",565.95470863101,1481.41717041939
"mu.iota.s[118]","local_continuous",TRUE,0.200007355615416,0.0176793604024183,0.175078982816923,0.199985471872929,0.224921414075684,0.999502550639519,3423.4235907756,8959.62694409308,0.000318482982780644,0.200028982828808,0.20002701647672,0.200000211300529,0.199973211855605,5.57709732028344e-05,NA,FALSE,FALSE,TRUE,"diagnostics_met_only",566.042260379564,1481.41979895719
"mu.iota.s[119]","local_continuous",TRUE,0.199992820234988,0.0176793851706594,0.175078982816923,0.199958812475234,0.224921414075684,0.999503085085387,3423.4504452008,8959.61104669649,0.000318483253320424,0.20002701647672,0.200000211300529,0.199973211855605,0.199970841307099,5.61751696211976e-05,NA,FALSE,FALSE,TRUE,"diagnostics_met_only",566.04670059537,1481.41717041939
"mu.iota.s[120]","local_continuous",TRUE,0.199984885897402,0.0176776710466585,0.175078975402388,0.199987355894659,0.224922692312161,0.999503076759045,3422.90779794318,8959.52644073253,0.000318464530554909,0.200000211300529,0.199973211855605,0.199970841307099,0.199995279126373,2.93699934297564e-05,NA,FALSE,FALSE,TRUE,"diagnostics_met_only",565.956977173144,1481.40318133805
"mu.iota.s[121]","local_continuous",TRUE,0.199990847396042,0.0176790729441745,0.175076497437122,0.199939316077757,0.224923130486766,0.999502132703248,3423.53358473385,8959.61104669648,0.00031847984292835,0.199973211855605,0.199970841307099,0.199995279126373,0.200024057295089,5.32159879896577e-05,NA,FALSE,FALSE,TRUE,"diagnostics_met_only",566.060447211285,1481.41717041939
"mu.iota.s[122]","local_continuous",TRUE,0.200005223756552,0.0176796202627059,0.175076497437122,0.200014322260996,0.224924161550143,0.999504109168698,3423.79601994068,8956.98710190108,0.000318485821203027,0.199970841307099,0.199995279126373,0.200024057295089,0.200030717297646,5.98759905469093e-05,NA,FALSE,FALSE,TRUE,"diagnostics_met_only",566.103839275905,1480.98331711327
"mu.iota.s[123]","local_continuous",TRUE,0.200014797419379,0.0176777628439008,0.175077799835353,0.200071820770224,0.224924161550143,0.999505566064914,3423.13636907978,8956.98710190108,0.000318465533205277,0.199995279126373,0.200024057295089,0.200030717297646,0.200009135958407,3.54381712723006e-05,NA,FALSE,FALSE,TRUE,"diagnostics_met_only",565.994770019805,1480.98331711327
"mu.iota.s[124]","local_continuous",TRUE,0.200010766403071,0.017678761447265,0.175076655650773,0.199991364731405,0.224922013512663,0.999502906542642,3423.6122922272,8956.97121585528,0.000318476440529022,0.200024057295089,0.200030717297646,0.200009135958407,0.199979155061142,5.1562236503877e-05,NA,FALSE,FALSE,TRUE,"diagnostics_met_only",566.073461016402,1480.98069045226
"mu.iota.s[125]","local_continuous",TRUE,0.199996836805431,0.0176797877211501,0.175077650908889,0.20000997154768,0.224920344757159,0.99950300615863,3423.78990596174,8959.55823483055,0.00031848765034003,0.200030717297646,0.200009135958407,0.199979155061142,0.199968338904532,6.23783931139321e-05,NA,FALSE,FALSE,TRUE,"diagnostics_met_only",566.102828366689,1481.4084382987
"mu.iota.s[126]","local_continuous",TRUE,0.199985815434291,0.0176779349704049,0.175078240612719,0.199999829061137,0.224920344757159,0.999502988976449,3423.16838603803,8959.55823483055,0.000318467413253173,0.200009135958407,0.199979155061142,0.199968338904532,0.199986631813083,4.07970538751079e-05,NA,FALSE,FALSE,TRUE,"diagnostics_met_only",566.00006382904,1481.4084382987
"mu.iota.s[127]","local_continuous",TRUE,0.199987835287448,0.0176784507247564,0.175077067903704,0.199907688498229,0.224919137962574,0.999503640702317,3423.42408034568,8959.57413200003,0.000318473046611889,0.199979155061142,0.199968338904532,0.199986631813083,0.200017215371035,4.8876466503367e-05,NA,FALSE,FALSE,TRUE,"diagnostics_met_only",566.042341326998,1481.41106679895
"mu.iota.s[128]","local_continuous",TRUE,0.200001039321225,0.0176798742084038,0.175077251434915,0.200034059482696,0.224923161143695,0.999502228048223,3423.66553097265,8962.25243403734,0.000318488595037001,0.199968338904532,0.199986631813083,0.200017215371035,0.200031971196251,6.36322917187682e-05,NA,FALSE,FALSE,TRUE,"diagnostics_met_only",566.082263719023,1481.85390774427
"mu.iota.s[129]","local_continuous",TRUE,0.200013287807861,0.0176781737125831,0.175077251434915,0.200032929070592,0.22492413109753,0.999502474081944,3423.22736513716,8962.23652535971,0.000318470020921261,0.199986631813083,0.200017215371035,0.200031971196251,0.200017332851076,4.53393831679472e-05,NA,FALSE,FALSE,TRUE,"diagnostics_met_only",566.009815664212,1481.85127734122
"mu.iota.s[130]","local_continuous",TRUE,0.20001331954523,0.0176781655293007,0.175077072329101,0.199987355895086,0.22492413109753,0.999502640147412,3423.22702558705,8962.23652535971,0.000318469931538901,0.200017215371035,0.200031971196251,0.200017332851076,0.199986758762557,4.52124336937643e-05,NA,FALSE,FALSE,TRUE,"diagnostics_met_only",566.009759521669,1481.85127734122
"mu.iota.s[131]","local_continuous",TRUE,0.20000110535414,0.0176798728361478,0.175078393991906,0.200032929070592,0.224923558520056,0.999502108373511,3423.66500953508,8962.26834279537,0.000318488580047887,0.200031971196251,0.200017332851076,0.199986758762557,0.199968358606678,6.36125895723816e-05,NA,FALSE,FALSE,TRUE,"diagnostics_met_only",566.082177502494,1481.85653816061
"mu.iota.s[132]","local_continuous",TRUE,0.199987874905552,0.0176784600501182,0.175078251359675,0.199946785987541,0.224921965233702,0.999504260062408,3423.4293039096,8959.62694409309,0.000318473148469325,0.200017332851076,0.199986758762557,0.199968358606678,0.199979049401897,4.89742443977037e-05,NA,FALSE,FALSE,TRUE,"diagnostics_met_only",566.043205011508,1481.41979895719
"mu.iota.s[133]","local_continuous",TRUE,0.199985792212881,0.0176779285811422,0.175078430268939,0.199939316075632,0.224921965233702,0.999504663729797,3423.1886791147,8959.62694409309,0.000318467343466465,0.199986758762557,0.199968358606678,0.199979049401897,0.200009002080393,4.06434737149075e-05,NA,FALSE,FALSE,TRUE,"diagnostics_met_only",566.003419165791,1481.41979895719
"mu.iota.s[134]","local_continuous",TRUE,0.199996772094165,0.0176797837136754,0.175079859612399,0.200017783354003,0.224922405482014,0.999502480297026,3423.80014579228,8959.61104669648,0.00031848760656658,0.199968358606678,0.199979049401897,0.200009002080393,0.200030678287692,6.2319681013473e-05,NA,FALSE,FALSE,TRUE,"diagnostics_met_only",566.104521460364,1481.41717041939
"mu.iota.s[135]","local_continuous",TRUE,0.200010719697187,0.0176787711718143,0.175077220710927,0.199987355895365,0.224923298741431,0.999502707880476,3423.61771961975,8956.98710190108,0.000318476546747374,0.199979049401897,0.200009002080393,0.200030678287692,0.200024149018766,5.16288857947134e-05,NA,FALSE,FALSE,TRUE,"diagnostics_met_only",566.074358402737,1480.98331711327
"mu.iota.s[136]","local_continuous",TRUE,0.200014811660052,0.0176777587576933,0.175077220710927,0.200033647751971,0.224923994250675,0.999501974747735,3423.11942366387,8956.98710190108,0.000318465488573855,0.200009002080393,0.200030678287692,0.200024149018766,0.199995417253356,3.52610343359039e-05,NA,FALSE,FALSE,TRUE,"diagnostics_met_only",565.991968198391,1480.98331711327
"mu.iota.s[137]","local_continuous",TRUE,0.200005285850972,0.0176796139391921,0.175077073881832,0.20005321401412,0.224923983883877,0.999501884216391,3423.78258435372,8956.98710190108,0.000318485752131858,0.200030678287692,0.200024149018766,0.199995417253356,0.199970898844076,5.97794436158761e-05,NA,FALSE,FALSE,TRUE,"diagnostics_met_only",566.101617783353,1480.98331711327
"mu.iota.s[138]","local_continuous",TRUE,0.199990900254886,0.0176790822932588,0.175076782761142,0.199926124274766,0.22492284439703,0.999503520291247,3423.52022425457,8959.57925214423,0.000318479945046321,0.200024149018766,0.199995417253356,0.199970898844076,0.199973135903346,5.32501746904612e-05,NA,FALSE,FALSE,TRUE,"diagnostics_met_only",566.058238137329,1481.41191338364
"mu.iota.s[139]","local_continuous",TRUE,0.199984880922492,0.0176776695890656,0.175077512585508,0.199977590215388,0.224920484851844,0.999502478747408,3422.89008135146,8959.57925214423,0.000318464514634447,0.199995417253356,0.199970898844076,0.199973135903346,0.20000007168919,2.91728451136952e-05,NA,FALSE,FALSE,TRUE,"diagnostics_met_only",565.954047842503,1481.41191338364
"mu.iota.s[140]","local_continuous",TRUE,0.199992762000233,0.0176793770347636,0.175078379575801,0.200017270537482,0.224920484851844,0.99950301675822,3423.44563556419,8959.5951493802,0.000318483164453238,0.199970898844076,0.199973135903346,0.20000007168919,0.200026941564323,5.60427202472291e-05,NA,FALSE,FALSE,TRUE,"diagnostics_met_only",566.045905351222,1481.41454189487
"mu.iota.s[141]","local_continuous",TRUE,0.200007297661581,0.0176793686313325,0.175077512585508,0.199982216646066,0.224918870758197,0.999502606917316,3423.42928116915,8959.62694409308,0.000318483072663822,0.199973135903346,0.20000007168919,0.200026941564323,0.200029041489466,5.59055861198421e-05,NA,FALSE,FALSE,TRUE,"diagnostics_met_only",566.043201251513,1481.41979895719
"mu.iota.s[142]","local_continuous",TRUE,0.200015123886526,0.0176776681796211,0.175077978252658,0.200073498919742,0.224922436281386,0.99950586695036,3422.89434166965,8959.5951493802,0.000318464499239883,0.20000007168919,0.200026941564323,0.200029041489466,0.200004440803125,2.89698002760852e-05,NA,FALSE,FALSE,TRUE,"diagnostics_met_only",565.954752260193,1481.41454189487
"mu.iota.s[143]","local_continuous",TRUE,0.200009045279946,0.0176790918698033,0.175076385545413,0.200040398992131,0.224923268114861,0.999505596970796,3423.51261270101,8959.54745791326,0.00031848004964881,0.200026941564323,0.200029041489466,0.200004440803125,0.199975757262871,5.32842265942302e-05,NA,FALSE,FALSE,TRUE,"diagnostics_met_only",566.056979613263,1481.406656401
"mu.chi.m[1]","local_continuous",TRUE,0.779985531608485,0.0176778561600988,0.75507753814973,0.779956928455892,0.804922830296989,0.999503918540748,3423.29433759281,8959.55823483055,0.000318466552448467,0.779988322184099,0.779968646388465,0.779977796958682,0.780007360902693,3.87145142278777e-05,NA,FALSE,FALSE,TRUE,"diagnostics_met_only",566.02088915225,1481.4084382987
"mu.chi.m[2]","local_continuous",TRUE,0.779995990379139,0.0176797288917088,0.755080314453509,0.780065652213937,0.804922830296989,0.999503027742516,3424.02230034979,8959.55823483055,0.000318487007749331,0.779968646388465,0.779977796958682,0.780007360902693,0.780030157266716,6.15108782503482e-05,NA,FALSE,FALSE,TRUE,"diagnostics_met_only",566.141253364714,1481.4084382987
"mu.chi.m[3]","local_continuous",TRUE,0.780010135576721,0.0176788892193821,0.755077944620892,0.779992735936159,0.80492243105651,0.999503606121091,3423.81545764356,8956.98710190108,0.000318477836147594,0.779977796958682,0.780007360902693,0.780030157266716,0.780025227178794,5.23603080331281e-05,NA,FALSE,FALSE,TRUE,"diagnostics_met_only",566.107053181806,1480.98331711327
"mu.chi.m[4]","local_continuous",TRUE,0.780014962171809,0.0176777153296027,0.755077944620892,0.779997498381271,0.80492243105651,0.999502455795507,3423.1167003494,8956.98710190108,0.000318465014232694,0.780007360902693,0.780030157266716,0.780025227178794,0.779997103339031,3.30539276842678e-05,NA,FALSE,FALSE,TRUE,"diagnostics_met_only",565.991517914915,1480.98331711327
"mu.chi.m[5]","local_continuous",TRUE,0.780006032615137,0.0176795320377556,0.755076390729134,0.78004307154572,0.804923262885414,0.999502153796244,3423.70709025966,8956.97121585528,0.000318484857530753,0.780030157266716,0.780025227178794,0.779997103339031,0.779971642676004,5.85145907111562e-05,NA,FALSE,FALSE,TRUE,"diagnostics_met_only",566.089135294256,1480.98069045226
"mu.chi.m[6]","local_continuous",TRUE,0.779991556699929,0.017679193885632,0.755076390729134,0.779939316075605,0.804923583897792,0.999503147036316,3423.40779556874,8956.90254936664,0.000318481163946668,0.780025227178794,0.779997103339031,0.779971642676004,0.779972253605882,5.35845027896942e-05,NA,FALSE,FALSE,TRUE,"diagnostics_met_only",566.039648738218,1480.96933686618
"mu.chi.m[7]","local_continuous",TRUE,0.779984843515868,0.0176776586139755,0.75507750736273,0.779986773225351,0.804923583897792,0.999502715219096,3422.82469791546,8956.9184351053,0.000318464394759767,0.779997103339031,0.779971642676004,0.779972253605882,0.779998374442552,2.67317665477718e-05,NA,FALSE,FALSE,TRUE,"diagnostics_met_only",565.943237089196,1480.97196347641
"mu.chi.m[8]","local_continuous",TRUE,0.77999206513342,0.0176792745772147,0.755078384828089,0.780040398991123,0.804923583897792,0.999503818929193,3423.37960589626,8956.9184351053,0.000318482045325984,0.779971642676004,0.779972253605882,0.779998374442552,0.780025989809242,5.43471332372647e-05,NA,FALSE,FALSE,TRUE,"diagnostics_met_only",566.034987747397,1480.97196347641
"mu.chi.m[9]","local_continuous",TRUE,0.780006582030713,0.0176794648796656,0.755077225923014,0.779982216646923,0.804919612099078,0.999503081246922,3423.66654289775,8959.55823483055,0.000318484123970953,0.779972253605882,0.779998374442552,0.780025989809242,0.780029710265173,5.74566592906889e-05,NA,FALSE,FALSE,TRUE,"diagnostics_met_only",566.082431034681,1481.4084382987
"mu.chi.m[10]","local_continuous",TRUE,0.780015047439322,0.017677690531961,0.755078668436348,0.780050541462406,0.804920934463425,0.999502533044805,3423.11739769966,8959.62694409309,0.00031846474338189,0.779998374442552,0.780025989809242,0.780029710265173,0.780006115240321,3.1335822620715e-05,NA,FALSE,FALSE,TRUE,"diagnostics_met_only",565.991633217536,1481.41979895719
"mu.chi.m[11]","local_continuous",TRUE,0.780009678301614,0.0176789770171038,0.755077225923014,0.780030256515169,0.804920934463425,0.999502118685191,3423.8217891363,8959.61104669648,0.000318478795139503,0.780025989809242,0.780029710265173,0.780006115240321,0.779976897891719,5.2812373453448e-05,NA,FALSE,FALSE,TRUE,"diagnostics_met_only",566.108100055605,1481.41717041939
"mu.chi.m[12]","local_continuous",TRUE,0.779995410978035,0.0176796806162437,0.75507667063876,0.779929173625498,0.804920812192269,0.999502958389486,3424.05893137569,8956.9184351053,0.000318486480439756,0.780029710265173,0.780006115240321,0.779976897891719,0.779968920514929,6.07897502441501e-05,NA,FALSE,FALSE,TRUE,"diagnostics_met_only",566.147310081959,1480.97196347641
"mu.chi.m[13]","local_continuous",TRUE,0.779985362780088,0.0176778085405299,0.75507667063876,0.780022786589062,0.804923553334236,0.999503824891648,3423.2268465466,8956.83388403408,0.000318466032324983,0.780006115240321,0.779976897891719,0.779968920514929,0.779989517473384,3.7194725392764e-05,NA,FALSE,FALSE,TRUE,"diagnostics_met_only",566.009729918418,1480.95798347124
"mu.chi.m[14]","local_continuous",TRUE,0.779988771974625,0.0176786630595022,0.755077625324119,0.779978207810927,0.804923553334236,0.999503232916189,3423.62543652554,8956.83388403408,0.00031847536587013,0.779976897891719,0.779968920514929,0.779989517473384,0.780019752018468,5.08315035392393e-05,NA,FALSE,FALSE,TRUE,"diagnostics_met_only",566.075634346155,1480.95798347124
"mu.chi.m[15]","local_continuous",TRUE,0.780002504163911,0.0176798239121897,0.75507785475525,0.77996707093045,0.804923553334236,0.999503303103767,3423.71490646927,8959.37313059487,0.000318488045653152,0.779968920514929,0.779989517473384,0.780019752018468,0.780031826648863,6.29061339346704e-05,NA,FALSE,FALSE,TRUE,"diagnostics_met_only",566.090427656956,1481.37783243963
"mu.chi.m[16]","local_continuous",TRUE,0.780013934036446,0.0176780032376009,0.755081051625709,0.780054550285492,0.804923141642013,0.999503034888323,3423.2046784511,8959.62694409309,0.0003184681589021,0.779989517473384,0.780019752018468,0.780031826648863,0.780014640005069,4.23091754795379e-05,NA,FALSE,FALSE,TRUE,"diagnostics_met_only",566.006064558714,1481.41979895719
"mu.chi.m[17]","local_continuous",TRUE,0.780012553020133,0.0176783577138907,0.755079452803319,0.77997721341037,0.804922548970506,0.9995030890029,3423.35754037793,8959.62694409309,0.000318472030690168,0.780019752018468,0.780031826648863,0.780014640005069,0.779983993408132,4.78332407313209e-05,NA,FALSE,FALSE,TRUE,"diagnostics_met_only",566.031339348203,1481.41979895719
"mu.chi.m[18]","local_continuous",TRUE,0.779999630815001,0.0176798833544803,0.755078838033369,0.779967070929378,0.804922548970506,0.999504153962222,3423.68652187696,8962.25243403734,0.000318488694939353,0.780031826648863,0.780014640005069,0.779983993408132,0.779968063197939,6.37634509240703e-05,NA,FALSE,FALSE,TRUE,"diagnostics_met_only",566.085734437328,1481.85390774427
"mu.chi.m[19]","local_continuous",TRUE,0.779987048036854,0.0176782591114996,0.755078823066846,0.780007640868276,0.804922958359962,0.999503654773703,3423.29887290511,8962.25243403734,0.000318470953696685,0.780014640005069,0.779983993408132,0.779968063197939,0.779981495536276,4.65768071296058e-05,NA,FALSE,FALSE,TRUE,"diagnostics_met_only",566.021639038543,1481.85390774427
"mu.chi.m[20]","local_continuous",TRUE,0.779986373233893,0.0176780853049734,0.755077246177644,0.779949458537665,0.804922987515319,0.9995030195616,3423.20730958536,8962.18879980923,0.000318469055285059,0.779983993408132,0.779968063197939,0.779981495536276,0.780011940793224,4.38775952847914e-05,NA,FALSE,FALSE,TRUE,"diagnostics_met_only",566.006499600755,1481.84338621184
"mu.chi.m[21]","local_continuous",TRUE,0.779998226816847,0.0176798542088233,0.755077656137012,0.780016241209323,0.804922987515319,0.999502566550301,3423.69341022505,8962.18879980923,0.000318488376582184,0.779968063197939,0.779981495536276,0.780011940793224,0.780031407739948,6.33445420089584e-05,NA,FALSE,FALSE,TRUE,"diagnostics_met_only",566.086873383771,1481.84338621184
"mu.chi.m[22]","local_continuous",TRUE,0.780011710656215,0.0176785557773029,0.755077656137012,0.780059759379053,0.804922987515319,0.99950264387653,3423.56101985481,8959.61104669648,0.000318474194062774,0.779981495536276,0.780011940793224,0.780031407739948,0.780021998555408,4.9912203671898e-05,NA,FALSE,FALSE,TRUE,"diagnostics_met_only",566.064983441602,1481.41717041939
"mu.chi.m[23]","local_continuous",TRUE,0.780014427772265,0.017677867534659,0.75507665045788,0.779956928455198,0.804920206140565,0.99950429334998,3423.23949356662,8959.61104669648,0.000318466676686882,0.780011940793224,0.780031407739948,0.780021998555408,0.779992364000477,3.90437394717225e-05,NA,FALSE,FALSE,TRUE,"diagnostics_met_only",566.011821026227,1481.41717041939
"mu.chi.m[24]","local_continuous",TRUE,0.780003880061032,0.0176797387965241,0.755078096544183,0.780020114033205,0.804921507797107,0.999503174755745,3423.97009623158,8959.57925214423,0.000318487115939016,0.780031407739948,0.780021998555408,0.779992364000477,0.779969749948292,6.16577916561223e-05,NA,FALSE,FALSE,TRUE,"diagnostics_met_only",566.132621731413,1481.41191338364
"mu.chi.m[25]","local_continuous",TRUE,0.77998976503958,0.0176788696013631,0.755077794601885,0.779999829061135,0.804921507797107,0.999503204904264,3423.7503521417,8956.97121585528,0.000318477621865281,0.780021998555408,0.779992364000477,0.779969749948292,0.77997494765414,5.22486071153905e-05,NA,FALSE,FALSE,TRUE,"diagnostics_met_only",566.096288383217,1480.98069045226
"mu.chi.m[26]","local_continuous",TRUE,0.779985059993538,0.0176777217526834,0.755076917416937,0.779914027973885,0.804919926799208,0.999504283167549,3423.12114687314,8956.98710190108,0.000318465084388445,0.779992364000477,0.779969749948292,0.77997494765414,0.780003178371238,3.34284229461801e-05,NA,FALSE,FALSE,TRUE,"diagnostics_met_only",565.992253120559,1480.98331711327
"mu.chi.m[27]","local_continuous",TRUE,0.779994090720537,0.0176795463097034,0.755077394718904,0.78004307154534,0.804923018203754,0.999503547403363,3423.69910011506,8956.97121585528,0.000318485013421678,0.779969749948292,0.77997494765414,0.780003178371238,0.780028486908477,5.87369601846577e-05,NA,FALSE,FALSE,TRUE,"diagnostics_met_only",566.087814172463,1480.98069045226
"mu.chi.m[28]","local_continuous",TRUE,0.780008554411823,0.0176791755843939,0.755076900176923,0.780029879710868,0.804923018203754,0.999504498319974,3423.40786372711,8959.38902690855,0.000318480964045831,0.77997494765414,0.780003178371238,0.780028486908477,0.780027604713436,5.35392543364877e-05,NA,FALSE,FALSE,TRUE,"diagnostics_met_only",566.03966000779,1481.38046079837
"mu.chi.m[29]","local_continuous",TRUE,0.78001515321633,0.0176776595738291,0.755076900176923,0.779987355894869,0.804922687096828,0.999504056252212,3422.82358209065,8959.48952672515,0.000318464405243701,0.780003178371238,0.780028486908477,0.780027604713436,0.780001342872167,2.71440363095454e-05,NA,FALSE,FALSE,TRUE,"diagnostics_met_only",565.943052594354,1481.39707783154
"mu.chi.m[30]","local_continuous",TRUE,0.780007820223625,0.0176792920795441,0.755076956319478,0.780043071542727,0.804922687096828,0.999502686436771,3423.37771399077,8959.55823483055,0.000318482236500919,0.780028486908477,0.780027604713436,0.780001342872167,0.77997384640042,5.46405080568135e-05,NA,FALSE,FALSE,TRUE,"diagnostics_met_only",566.034674932337,1481.4084382987
"mu.chi.m[31]","local_continuous",TRUE,0.779993297353385,0.0176794493529748,0.755078107239971,0.779959601008128,0.804921821228175,0.9995024962116,3423.60885193676,8959.61104669649,0.00031848395437492,0.780027604713436,0.780001342872167,0.77997384640042,0.779970395427515,5.72092859214557e-05,NA,FALSE,FALSE,TRUE,"diagnostics_met_only",566.072892185311,1481.41717041939
"mu.chi.m[32]","local_continuous",TRUE,0.779984936865531,0.0176776859521119,0.755078107239971,0.779949458539723,0.804921821228175,0.999501530277037,3423.04653596287,8959.61104669649,0.00031846469335877,0.780001342872167,0.77997384640042,0.779970395427515,0.77999416276202,3.09474446524849e-05,NA,FALSE,FALSE,TRUE,"diagnostics_met_only",565.979916660528,1481.41717041939
"mu.chi.m[33]","local_continuous",TRUE,0.779990425354042,0.0176789963557072,0.755079706427398,0.780028096773328,0.804923405552951,0.999503204030847,3423.70614182024,8959.61104669648,0.000318479006370341,0.77997384640042,0.779970395427515,0.77999416276202,0.780023296826207,5.29013986921845e-05,NA,FALSE,FALSE,TRUE,"diagnostics_met_only",566.088978475569,1481.41717041939
"mu.chi.m[34]","local_continuous",TRUE,0.78000471672789,0.0176796691008075,0.755077363963409,0.779977213410124,0.804923441393033,0.999502815085877,3423.97025572965,8956.95532988971,0.000318486354657525,0.779970395427515,0.77999416276202,0.780023296826207,0.780031011895815,6.06164683006893e-05,NA,FALSE,FALSE,TRUE,"diagnostics_met_only",566.132648103447,1480.97806380452
"mu.chi.m[35]","local_continuous",TRUE,0.780014671563869,0.0176777987858716,0.755076930847372,0.780025424218431,0.804923441393033,0.999502453616609,3423.2040385403,8956.93944400439,0.000318465925780053,0.77999416276202,0.780023296826207,0.780031011895815,0.780010214771433,3.68491337952026e-05,NA,FALSE,FALSE,TRUE,"diagnostics_met_only",566.005958753357,1480.97543717004
"mu.chi.m[36]","local_continuous",TRUE,0.780011137431688,0.0176786826939324,0.755076930847372,0.780053214014282,0.804922672033707,0.999502447391924,3423.61892409456,8956.97121585528,0.000318475580330708,0.780023296826207,0.780031011895815,0.780010214771433,0.7799800262333,5.09856625157123e-05,NA,FALSE,FALSE,TRUE,"diagnostics_met_only",566.074557555317,1480.98069045226
"mu.chi.m[37]","local_continuous",TRUE,0.779997363596176,0.0176798173251841,0.755076925643416,0.779934347783591,0.804919471352096,0.999502524197939,3423.72616710604,8959.57925214423,0.000318487973703557,0.780031011895815,0.780010214771433,0.7799800262333,0.779968201484161,6.28104116547901e-05,NA,FALSE,FALSE,TRUE,"diagnostics_met_only",566.092289534728,1481.41191338364
"mu.chi.m[38]","local_continuous",TRUE,0.779986013658182,0.017677989085308,0.755077369180842,0.780009936621274,0.804921079330801,0.999503436083398,3423.17175993487,8959.62694409309,0.000318468004323488,0.780010214771433,0.7799800262333,0.779968201484161,0.779985612143836,4.201328727238e-05,NA,FALSE,FALSE,TRUE,"diagnostics_met_only",566.000621682354,1481.41979895719
"mu.chi.m[39]","local_continuous",TRUE,0.779987522698354,0.0176783760800548,0.755077369180842,0.78001535158913,0.804921079330801,0.999503157435069,3423.35639524253,8959.64284157001,0.000318472231296509,0.7799800262333,0.779968201484161,0.779985612143836,0.780016250932117,4.80494479563331e-05,NA,FALSE,FALSE,TRUE,"diagnostics_met_only",566.031150007032,1481.42242750827
"mu.chi.m[40]","local_continuous",TRUE,0.780000503312117,0.0176798822205315,0.755076944216738,0.779967311724068,0.804920659505408,0.999502978457173,3423.66713722731,8962.23652535972,0.000318488682553259,0.779968201484161,0.779985612143836,0.780016250932117,0.780031948688354,6.37472041929987e-05,NA,FALSE,FALSE,TRUE,"diagnostics_met_only",566.082529303457,1481.85127734122
"mu.chi.m[41]","local_continuous",TRUE,0.780013021183041,0.01767824168908,0.755077768990955,0.780060683924199,0.80492341079797,0.999503989891551,3423.28676886568,8962.26834279537,0.000318470763398988,0.779985612143836,0.780016250932117,0.780031948688354,0.780018272967856,4.63365445175778e-05,NA,FALSE,FALSE,TRUE,"diagnostics_met_only",566.019637709272,1481.85653816061
"mu.chi.m[42]","local_continuous",TRUE,0.780013567438328,0.0176781009397355,0.755076528018665,0.780020696702913,0.80492341079797,0.999503790877562,3423.20615692974,8962.23652535972,0.000318469226056332,0.780016250932117,0.780031948688354,0.780018272967856,0.779987797164982,4.41515233716716e-05,NA,FALSE,FALSE,TRUE,"diagnostics_met_only",566.006309016161,1481.85127734122
"mu.chi.m[43]","local_continuous",TRUE,0.780001639853385,0.0176798586182444,0.755076528018665,0.779946785986601,0.804922292677562,0.999503694505195,3423.67406432918,8962.25243403734,0.00031848842474615,0.780031948688354,0.780018272967856,0.779987797164982,0.779968540592349,6.34080960044692e-05,NA,FALSE,FALSE,TRUE,"diagnostics_met_only",566.083674657603,1481.85390774427
"mu.chi.m[44]","local_continuous",TRUE,0.779988204594803,0.0176785364727361,0.755077642257388,0.78001322677415,0.804922692312161,0.999503527879224,3423.52502366508,8959.61104669648,0.000318473983205785,0.780018272967856,0.779987797164982,0.779968540592349,0.779978207654024,4.97323755070944e-05,NA,FALSE,FALSE,TRUE,"diagnostics_met_only",566.059031690655,1481.41717041939
"mu.chi.m[45]","local_continuous",TRUE,0.779985613977362,0.0176778791924235,0.755078982816923,0.779969743484904,0.804921414075684,0.999501918594055,3423.22125872988,8959.61104669648,0.000318466804018624,0.779987797164982,0.779968540592349,0.779978207654024,0.780007910498091,3.93699057419372e-05,NA,FALSE,FALSE,TRUE,"diagnostics_met_only",566.008806006924,1481.41717041939
"mu.chi.m[46]","local_continuous",TRUE,0.77999624980279,0.0176797483981261,0.755078982816923,0.779979097432423,0.804921090084478,0.999501809433411,3423.92495048741,8959.61104669648,0.000318487220816744,0.779968540592349,0.779978207654024,0.780007910498091,0.780030340466695,6.1799874346069e-05,NA,FALSE,FALSE,TRUE,"diagnostics_met_only",566.125157157311,1481.41717041939
"mu.chi.m[47]","local_continuous",TRUE,0.780010333542238,0.0176788499524969,0.755080471351412,0.780096114445874,0.804922692312161,0.999502522475057,3423.72055614542,8956.9343209242,0.000318477407246127,0.779978207654024,0.780007910498091,0.780030340466695,0.780024875550138,5.21328126712461e-05,NA,FALSE,FALSE,TRUE,"diagnostics_met_only",566.091361796532,1480.9745900999
"mu.chi.m[48]","local_continuous",TRUE,0.780014916670608,0.0176777285046618,0.755077799835353,0.77998735589466,0.804922574518842,0.999503253851236,3423.09580979429,8956.9343209242,0.000318465158136573,0.780007910498091,0.780030340466695,0.780024875550138,0.779996540167507,3.38002991885356e-05,NA,FALSE,FALSE,TRUE,"diagnostics_met_only",565.988063788739,1480.9745900999
"mu.chi.m[49]","local_continuous",TRUE,0.780005785480813,0.0176795603387511,0.755076497437122,0.779983894802191,0.804922574518842,0.99950357421963,3423.70137073506,8956.84976946561,0.000318485166659478,0.780030340466695,0.780024875550138,0.779996540167507,0.77997138573891,5.89547277849434e-05,NA,FALSE,FALSE,TRUE,"diagnostics_met_only",566.088189605665,1480.96061003069
"mu.chi.m[50]","local_continuous",TRUE,0.779991335146639,0.0176791571564228,0.755076497437122,0.7800126441045,0.804923114852485,0.999503193212441,3423.41918636665,8959.57413200003,0.000318480762760798,0.780024875550138,0.779996540167507,0.77997138573891,0.779972539130001,5.34898112277693e-05,NA,FALSE,FALSE,TRUE,"diagnostics_met_only",566.041532137343,1481.41106679895
"mu.chi.m[51]","local_continuous",TRUE,0.779984851238685,0.0176776608820696,0.755076655650772,0.779925164807543,0.804921968916966,0.999504683336387,3422.85285947025,8959.62694409309,0.000318464419532869,0.779996540167507,0.77997138573891,0.779972539130001,0.779998939918323,2.75541794129142e-05,NA,FALSE,FALSE,TRUE,"diagnostics_met_only",565.947893430928,1481.41979895719
"mu.chi.m[52]","local_continuous",TRUE,0.779992295032022,0.0176793094186359,0.755078240612719,0.780022786589858,0.804921968916966,0.999502462110684,3423.38855833853,8959.61104669648,0.000318482425892911,0.77997138573891,0.779972539130001,0.779998939918323,0.780026315340855,5.49296019448642e-05,NA,FALSE,FALSE,TRUE,"diagnostics_met_only",566.036467979254,1481.41717041939
"mu.chi.m[53]","local_continuous",TRUE,0.780006822737384,0.0176794336137646,0.755078240612719,0.780053214013667,0.804921363364879,0.999503023716567,3423.54572993911,8959.61104669648,0.000318483782457625,0.779972539130001,0.779998939918323,0.780026315340855,0.780029496560362,5.69574303607157e-05,NA,FALSE,FALSE,TRUE,"diagnostics_met_only",566.062455347075,1481.41717041939
"mu.chi.m[54]","local_continuous",TRUE,0.78001507764946,0.0176776817123817,0.755077251434915,0.7800126441052,0.804919773262899,0.999503281631044,3422.99938818574,8959.54233774138,0.000318464647050583,0.779998939918323,0.780026315340855,0.780029496560362,0.780005558778303,3.05566420383263e-05,NA,FALSE,FALSE,TRUE,"diagnostics_met_only",565.972121062457,1481.40580981174
"mu.chi.m[55]","local_continuous",TRUE,0.780009470240156,0.0176790156237418,0.755077043179877,0.780050541462379,0.804922543749829,0.999501826776593,3423.65579683969,8959.57925214423,0.000318479216830466,0.780026315340855,0.780029496560362,0.780005558778303,0.779976510281111,5.29862792504332e-05,NA,FALSE,FALSE,TRUE,"diagnostics_met_only",566.080654239368,1481.41191338364
"mu.chi.m[56]","local_continuous",TRUE,0.779995155935727,0.0176796573039958,0.755075666194668,0.779991228718577,0.804922543749829,0.999503096563891,3423.90609440911,8956.98710190108,0.000318486225801885,0.780029496560362,0.780005558778303,0.779976510281111,0.779969058123135,6.04384372268063e-05,NA,FALSE,FALSE,TRUE,"diagnostics_met_only",566.122039419496,1480.98331711327
"mu.chi.m[57]","local_continuous",TRUE,0.779985295241651,0.0176777893359659,0.755075904568528,0.779929173624447,0.804923161143695,0.999503896512667,3423.18803030417,8956.98710190108,0.000318465822563795,0.780005558778303,0.779976510281111,0.779969058123135,0.779990053784056,3.65006551686919e-05,NA,FALSE,FALSE,TRUE,"diagnostics_met_only",566.003311888917,1480.98331711327
"mu.chi.m[58]","local_continuous",TRUE,0.779988954034586,0.0176787023560889,0.755076813405698,0.780032929070592,0.804923558520056,0.999503095333663,3423.60381052415,8956.98710190108,0.000318475795094225,0.779976510281111,0.779969058123135,0.779990053784056,0.780020193950045,5.11358269099649e-05,NA,FALSE,FALSE,TRUE,"diagnostics_met_only",566.07205861841,1480.98331711327
"mu.chi.m[59]","local_continuous",TRUE,0.780002768437182,0.0176798104103598,0.755079863269636,0.77999657383359,0.804923558520056,0.999503519374362,3423.7365195364,8959.48952672515,0.000318487898173224,0.779969058123135,0.779990053784056,0.780020193950045,0.780031767891493,6.27097683580935e-05,NA,FALSE,FALSE,TRUE,"diagnostics_met_only",566.094001246098,1481.39707783154
"mu.chi.m[60]","local_continuous",TRUE,0.7800140375514,0.0176779751781224,0.755079591206112,0.779988280442765,0.804922143691333,0.999503168035735,3423.16348817933,8959.57413200003,0.000318467852422111,0.779990053784056,0.780020193950045,0.780031767891493,0.780014134580007,4.17141074370297e-05,NA,FALSE,FALSE,TRUE,"diagnostics_met_only",565.999253997904,1481.41106679895
"mu.chi.m[61]","local_continuous",TRUE,0.780012400605598,0.0176783945700365,0.755081213071237,0.780078502132806,0.80492328831365,0.999503981927654,3423.37945534393,8959.62694409309,0.000318472433255344,0.780020193950045,0.780031767891493,0.780014134580007,0.779983506000848,4.82618906449961e-05,NA,FALSE,FALSE,TRUE,"diagnostics_met_only",566.034962854485,1481.41979895719
"mu.chi.m[62]","local_continuous",TRUE,0.779999362600198,0.0176798807384305,0.755077220710927,0.779956928454091,0.804922405482014,0.9995031449473,3423.66594894028,8962.23652535972,0.000318488666364308,0.780031767891493,0.780014134580007,0.779983506000848,0.779968041928441,6.37259630513753e-05,NA,FALSE,FALSE,TRUE,"diagnostics_met_only",566.082332827427,1481.85127734122
"mu.chi.m[63]","local_continuous",TRUE,0.779986910617236,0.0176782244325972,0.755077073881832,0.779959601008499,0.804922405482014,0.999503208387098,3423.25699076586,8962.23652535972,0.000318470574913821,0.780014134580007,0.779983506000848,0.779968041928441,0.779981959959646,4.60926515657434e-05,NA,FALSE,FALSE,TRUE,"diagnostics_met_only",566.014714081658,1481.85127734122
"mu.chi.m[64]","local_continuous",TRUE,0.779986492952423,0.0176781167845474,0.755077073881832,0.780022786588655,0.804923298741431,0.999503341683034,3423.20467120136,8962.22061676248,0.000318469399121942,0.779983506000848,0.779968041928441,0.779981959959646,0.780012463920754,4.4421992312027e-05,NA,FALSE,FALSE,TRUE,"diagnostics_met_only",566.006063360014,1481.84864695147
"mu.chi.m[65]","local_continuous",TRUE,0.779998493604861,0.0176798626869086,0.755077103024924,0.779967070929591,0.8049229006199,0.999502074342753,3423.6700607059,8962.23652535971,0.000318488469188044,0.779968041928441,0.779981959959646,0.780012463920754,0.7800315086106,6.34666821590635e-05,NA,FALSE,FALSE,TRUE,"diagnostics_met_only",566.083012682854,1481.85127734122
"mu.chi.m[66]","local_continuous",TRUE,0.780011879230043,0.01767851724172,0.755078379575801,0.780040398991147,0.8049229006199,0.999503071839251,3423.49556916977,8959.62694409309,0.000318473773152257,0.779981959959646,0.780012463920754,0.7800315086106,0.780021584429172,4.95486509546339e-05,NA,FALSE,FALSE,TRUE,"diagnostics_met_only",566.054161569076,1481.41979895719
"mu.chi.m[67]","local_continuous",TRUE,0.780014343145907,0.0176778911297387,0.755078379575801,0.780043071545734,0.804922804795361,0.999502782518895,3423.21881257799,8959.62694409309,0.000318466934403789,0.780012463920754,0.7800315086106,0.780021584429172,0.779991815623102,3.96929874986185e-05,NA,FALSE,FALSE,TRUE,"diagnostics_met_only",566.008401550593,1481.41979895719
"mu.chi.m[68]","local_continuous",TRUE,0.780003620039571,0.0176797576935062,0.755077941417968,0.779931640306534,0.8049200238904,0.999502864349663,3423.8772418244,8959.61104669648,0.000318487322349649,0.7800315086106,0.780021584429172,0.779991815623102,0.77996957149541,6.19371151908688e-05,NA,FALSE,FALSE,TRUE,"diagnostics_met_only",566.117268820172,1481.41717041939
"mu.chi.m[69]","local_continuous",TRUE,0.779989568685548,0.0176788302789409,0.755077978252658,0.780002501618721,0.804921692670804,0.99950308964073,3423.67406699571,8956.98710190108,0.000318477192357388,0.780021584429172,0.779991815623102,0.77996957149541,0.779975303194508,5.20129337627795e-05,NA,FALSE,FALSE,TRUE,"diagnostics_met_only",566.083675098498,1480.98331711327
"mu.chi.m[70]","local_continuous",TRUE,0.779985107833925,0.0176777355834215,0.755077912804627,0.779982045707235,0.804921692670804,0.999502267481718,3423.10040700123,8957.00298802713,0.000318465235453966,0.779991815623102,0.77996957149541,0.779975303194508,0.780003741022679,3.41695272695342e-05,NA,FALSE,FALSE,TRUE,"diagnostics_met_only",565.988823908933,1480.98594378755
"mu.chi.m[71]","local_continuous",TRUE,0.779994338771113,0.0176795741205026,0.755076767744575,0.779946785986014,0.804923268114861,0.999501809325327,3423.72271991216,8956.98710190108,0.000318485317196137,0.77996957149541,0.779975303194508,0.780003741022679,0.780028739371854,5.91678764445547e-05,NA,FALSE,FALSE,TRUE,"diagnostics_met_only",566.091719562197,1480.98331711327
"mu.chi.m[72]","local_continuous",TRUE,0.780008774616031,0.0176791386074933,0.75507753814973,0.780070826375005,0.804923268114861,0.999503626199015,3423.45057768637,8959.57925214423,0.000318480560154643,0.779975303194508,0.780003741022679,0.780028739371854,0.780027314875083,5.34361773466552e-05,NA,FALSE,FALSE,TRUE,"diagnostics_met_only",566.046722501054,1481.41191338364
"mu.chi.m[73]","local_continuous",TRUE,0.780015143119437,0.017677662538287,0.75507753814973,0.780017818279931,0.804922830296989,0.999502940589083,3422.84355034406,8959.57925214423,0.000318464437622791,0.780003741022679,0.780028739371854,0.780027314875083,0.780000777208129,2.7962163725137e-05,NA,FALSE,FALSE,TRUE,"diagnostics_met_only",565.946354223554,1481.41191338364
"mu.chi.m[74]","local_continuous",TRUE,0.780007589108668,0.0176793265890567,0.75507753814973,0.779967036002877,0.804921274774063,0.999503558873318,3423.39568614451,8959.5951493802,0.000318482613442611,0.780028739371854,0.780027314875083,0.780000777208129,0.779973524979607,5.52143922472048e-05,NA,FALSE,FALSE,TRUE,"diagnostics_met_only",566.037646518602,1481.41454189487
"mu.chi.m[75]","local_continuous",TRUE,0.779993057706389,0.0176794176669668,0.755080778408539,0.780007640868239,0.804922830296989,0.999502535132109,3423.50991656141,8959.5951493802,0.00031848360827294,0.780027314875083,0.780000777208129,0.779973524979607,0.779970613762739,5.67011123437933e-05,NA,FALSE,FALSE,TRUE,"diagnostics_met_only",566.056533822985,1481.41454189487
"mu.chi.m[76]","local_continuous",TRUE,0.77998490901684,0.0176776778140994,0.755077944620892,0.779931881097825,0.804921677075815,0.999503784733556,3422.97052008949,8959.54745791326,0.000318464604471843,0.780000777208129,0.779973524979607,0.779970613762739,0.779994720116885,3.01634453897526e-05,NA,FALSE,FALSE,TRUE,"diagnostics_met_only",565.967347898394,1481.406656401
"mu.chi.m[77]","local_continuous",TRUE,0.779990634907613,0.0176790348151696,0.755077944620892,0.779961690893135,0.804923273311373,0.999503323235992,3423.61706863802,8959.5951493802,0.000318479426453922,0.779973524979607,0.779970613762739,0.779994720116885,0.780023680771219,5.30670084799567e-05,NA,FALSE,FALSE,TRUE,"diagnostics_met_only",566.074250766869,1481.41454189487
"mu.chi.m[78]","local_continuous",TRUE,0.780004971021137,0.0176796452295051,0.755077944620892,0.78006359726489,0.80492368079243,0.999502513064872,3423.85496245691,8956.9184351053,0.000318486093913213,0.779970613762739,0.779994720116885,0.780023680771219,0.780030869433702,6.02556709627944e-05,NA,FALSE,FALSE,TRUE,"diagnostics_met_only",566.11358506232,1480.97196347641
"mu.chi.m[79]","local_continuous",TRUE,0.780014736800753,0.0176777801937748,0.755076799321686,0.779989445782933,0.804923709782428,0.999503162041776,3423.15013503391,8956.84976946561,0.00031846572270856,0.779994720116885,0.780023680771219,0.780030869433702,0.780009676881203,3.61493168170579e-05,NA,FALSE,FALSE,TRUE,"diagnostics_met_only",565.99704613656,1480.96061003069
"mu.chi.m[80]","local_continuous",TRUE,0.780010953633719,0.0176787220398096,0.75507750736273,0.78003025651468,0.804923583897792,0.999502529941841,3423.59924390924,8956.9343209242,0.000318476010093376,0.780023680771219,0.780030869433702,0.780009676881203,0.77997958744875,5.12819849516344e-05,NA,FALSE,FALSE,TRUE,"diagnostics_met_only",566.071303556421,1480.9745900999
"mu.chi.m[81]","local_continuous",TRUE,0.779997099746359,0.0176798031698834,0.75507750736273,0.780020114032753,0.804920927038852,0.999502446264074,3423.7561292684,8959.55823483055,0.000318487819085819,0.780030869433702,0.780009676881203,0.77997958744875,0.779968265221779,6.26042119228343e-05,NA,FALSE,FALSE,TRUE,"diagnostics_met_only",566.097243595965,1481.4084382987
"mu.chi.m[82]","local_continuous",TRUE,0.779985912338822,0.0176779615204027,0.755077225923014,0.779903885553901,0.804919284422646,0.999504546682343,3423.18297477329,8959.61104669648,0.000318467703245574,0.780009676881203,0.77997958744875,0.779968265221779,0.779986119803552,4.1411659423285e-05,NA,FALSE,FALSE,TRUE,"diagnostics_met_only",566.002475987647,1481.41717041939
"mu.chi.m[83]","local_continuous",TRUE,0.779987677062003,0.0176784131780411,0.755077225923014,0.780009971548012,0.804920934463425,0.99950256072831,3423.37615777906,8959.61104669648,0.000318472636503381,0.77997958744875,0.779968265221779,0.779986119803552,0.780016735773928,4.84705521488493e-05,NA,FALSE,FALSE,TRUE,"diagnostics_met_only",566.034417622198,1481.41717041939
"mu.chi.m[84]","local_continuous",TRUE,0.780000771437549,0.017679878908642,0.755077225923014,0.780022786589062,0.804923303936795,0.999503084179538,3423.66051514603,8962.25243403734,0.000318488646377576,0.779968265221779,0.779986119803552,0.780016735773928,0.780031964950935,6.36997291555419e-05,NA,FALSE,FALSE,TRUE,"diagnostics_met_only",566.081434382611,1481.85390774427
"mu.chi.m[85]","local_continuous",TRUE,0.78001315655697,0.0176782073474596,0.755077094729666,0.779987355895377,0.804923989078331,0.999502704148919,3423.24519517381,8962.20470824566,0.000318470388300255,0.779986119803552,0.780016735773928,0.780031964950935,0.780017805699466,4.58451473832611e-05,NA,FALSE,FALSE,TRUE,"diagnostics_met_only",566.012763752283,1481.84601657501
"mu.chi.m[86]","local_continuous",TRUE,0.780013445598588,0.0176781328344429,0.75507667063876,0.780060683923631,0.804923711332286,0.999502821039692,3423.22057651864,8962.1728914532,0.000318469574427649,0.780016735773928,0.780031964950935,0.780017805699466,0.779987275970024,4.4688980910701e-05,NA,FALSE,FALSE,TRUE,"diagnostics_met_only",566.008693207447,1481.84075586197
"mu.chi.m[87]","local_continuous",TRUE,0.780001372818871,0.017679866413541,0.75507667063876,0.779977213410177,0.804923553334236,0.99950275143636,3423.67846382835,8962.18879980923,0.000318488509893938,0.780031964950935,0.780017805699466,0.779987275970024,0.779968444655063,6.35202958721992e-05,NA,FALSE,FALSE,TRUE,"diagnostics_met_only",566.084402088021,1481.84338621184
"mu.chi.m[88]","local_continuous",TRUE,0.779988037875816,0.0176784980902814,0.75507667063876,0.779935649128746,0.804921959994203,0.999503156942307,3423.46465719365,8959.5951493802,0.000318473563968015,0.780017805699466,0.779987275970024,0.779968444655063,0.779978625178713,4.93610444033399e-05,NA,FALSE,FALSE,TRUE,"diagnostics_met_only",566.049050461913,1481.41454189487
"mu.chi.m[89]","local_continuous",TRUE,0.779985700854569,0.0176779033428631,0.755080038655934,0.780007640868026,0.804922548970506,0.999503078369545,3423.19181488604,8959.57413200003,0.000318467067801511,0.779987275970024,0.779968444655063,0.779978625178713,0.780008457614478,4.00129594150256e-05,NA,FALSE,FALSE,TRUE,"diagnostics_met_only",566.003937646502,1481.41106679895
"mu.chi.m[90]","local_continuous",TRUE,0.779996510401687,0.017679766679752,0.755078823066846,0.779969743485167,0.804921558495551,0.999502224470823,3423.85590358821,8959.5951493802,0.000318487420505917,0.779968444655063,0.779978625178713,0.780008457614478,0.780030514158497,6.20695034345697e-05,NA,FALSE,FALSE,TRUE,"diagnostics_met_only",566.113740672654,1481.41454189487
"mu.chi.m[91]","local_continuous",TRUE,0.780010528269401,0.0176788105868604,0.755078823066846,0.780011443838794,0.804922548970506,0.999503848940022,3423.65029655828,8956.95532988971,0.000318476977266405,0.779978625178713,0.780008457614478,0.780030514158497,0.780024516125917,5.18889797846978e-05,NA,FALSE,FALSE,TRUE,"diagnostics_met_only",566.079744801303,1480.97806380452
"mu.chi.m[92]","local_continuous",TRUE,0.780014866494781,0.0176777429867439,0.755078823066846,0.780084841615886,0.804923155942986,0.9995047494995,3423.11811179523,8956.97121585528,0.00031846531631639,0.780008457614478,0.780030514158497,0.780024516125917,0.77999597808023,3.45360782667559e-05,NA,FALSE,FALSE,TRUE,"diagnostics_met_only",565.991751288895,1480.98069045226
"mu.chi.m[93]","local_continuous",TRUE,0.78000553653342,0.0176795876506395,0.755076640025711,0.779958470597989,0.804922987515319,0.999502482425848,3423.73074589907,8956.93944400439,0.000318485464984479,0.780030514158497,0.780024516125917,0.77999597808023,0.779971137769032,5.93763894648491e-05,NA,FALSE,FALSE,TRUE,"diagnostics_met_only",566.093046610296,1480.97543717004
"mu.chi.m[94]","local_continuous",TRUE,0.779991116308765,0.017679119943418,0.755076640025711,0.779975671267538,0.804922717834336,0.999503380774629,3423.46223266886,8959.38902690855,0.00031848035629086,0.780024516125917,0.77999597808023,0.779971137769032,0.77997283325988,5.33783568850144e-05,NA,FALSE,FALSE,TRUE,"diagnostics_met_only",566.048649581491,1481.38046079837
"mu.chi.m[95]","local_continuous",TRUE,0.779984863708863,0.0176776645419623,0.755077656137012,0.780002501618735,0.804921800824708,0.999503186449329,3422.8547968897,8959.47362994341,0.000318464459507799,0.77999597808023,0.779971137769032,0.77997283325988,0.779999505726307,2.83679572743445e-05,NA,FALSE,FALSE,TRUE,"diagnostics_met_only",565.948213771445,1481.39444939541
"mu.chi.m[96]","local_continuous",TRUE,0.779992527345227,0.0176793435854261,0.755077656137012,0.779956928455198,0.804918723883829,0.999502745193282,3423.4060171795,8959.55823483055,0.000318482799091248,0.779971137769032,0.77997283325988,0.779999505726307,0.780026632625688,5.54948566557911e-05,NA,FALSE,FALSE,TRUE,"diagnostics_met_only",566.039354692378,1481.4084382987
"mu.chi.m[97]","local_continuous",TRUE,0.780007061305928,0.0176794015175782,0.755078096544183,0.780051466005908,0.804920199225956,0.99950297142972,3423.48977046053,8959.61104669648,0.000318483431875447,0.77997283325988,0.779999505726307,0.780026632625688,0.780029273611835,5.64403519552892e-05,NA,FALSE,FALSE,TRUE,"diagnostics_met_only",566.053202787786,1481.41717041939
"mu.chi.m[98]","local_continuous",TRUE,0.780015103134523,0.0176776742584869,0.755078096544183,0.780060683924263,0.804921507797107,0.99950257735053,3422.93415769676,8959.61104669648,0.000318464565635895,0.779999505726307,0.780026632625688,0.780029273611835,0.78000500057426,2.97678855284422e-05,NA,FALSE,FALSE,TRUE,"diagnostics_met_only",565.96133559801,1481.41717041939
"mu.chi.m[99]","local_continuous",TRUE,0.78000925921089,0.0176790539239765,0.755076502625042,0.779992359131917,0.80492154083342,0.999502847001876,3423.55995429647,8959.62694409309,0.000318479635175018,0.780026632625688,0.780029273611835,0.78000500057426,0.779976130031772,5.31435800626978e-05,NA,FALSE,FALSE,TRUE,"diagnostics_met_only",566.064807258014,1481.41979895719
"mu.chi.m[100]","local_continuous",TRUE,0.779994902411465,0.0176796328811187,0.755075808004004,0.78002278658952,0.804922989042265,0.999502225433299,3423.82021568117,8956.95532988971,0.000318485959032839,0.780029273611835,0.78000500057426,0.779976130031772,0.779969205427991,6.00681838445194e-05,NA,FALSE,FALSE,TRUE,"diagnostics_met_only",566.107839894374,1480.97806380452
"mu.chi.m[101]","local_continuous",TRUE,0.779985232311431,0.0176777713621637,0.755075808004004,0.779958882328513,0.804922687096828,0.999503537703586,3423.14181583848,8956.95532988971,0.000318465626245644,0.78000500057426,0.779976130031772,0.779969205427991,0.779990593211699,3.57951462693906e-05,NA,FALSE,FALSE,TRUE,"diagnostics_met_only",565.995670608215,1480.97806380452
"mu.chi.m[102]","local_continuous",TRUE,0.779989139556162,0.0176787417389261,0.755076900176923,0.779944832115165,0.804922687096828,0.99950279216971,3423.61489653083,8956.97121585528,0.000318476225260785,0.779976130031772,0.779969205427991,0.779990593211699,0.780020629553188,5.1424125197097e-05,NA,FALSE,FALSE,TRUE,"diagnostics_met_only",566.073891622161,1480.98069045226
"mu.chi.m[103]","local_continuous",TRUE,0.780003031842873,0.0176797956060234,0.755080924931614,0.780078502135886,0.804922996691392,0.999502037335594,3423.77191418153,8959.61104669648,0.000318487736466124,0.779969205427991,0.779990593211699,0.780020629553188,0.780031699178614,6.24937506236156e-05,NA,FALSE,FALSE,TRUE,"diagnostics_met_only",566.099853535306,1481.41717041939
"mu.chi.m[104]","local_continuous",TRUE,0.780014136667228,0.0176779481164298,0.755079717675427,0.780000170938864,0.804921821228175,0.999502935306488,3423.16892023589,8959.61104669648,0.000318467556840633,0.779990593211699,0.780020629553188,0.780031699178614,0.780013624725412,4.11059669154223e-05,NA,FALSE,FALSE,TRUE,"diagnostics_met_only",566.000152155405,1481.41717041939
"mu.chi.m[105]","local_continuous",TRUE,0.780012244304928,0.0176784318982367,0.755079717675427,0.780000341877727,0.80492228744734,0.999502746311792,3423.39301690965,8959.61104669648,0.000318472840976923,0.780020629553188,0.780031699178614,0.780013624725412,0.779983023762498,4.86754161164171e-05,NA,FALSE,FALSE,TRUE,"diagnostics_met_only",566.03720517686,1481.41717041939
"mu.chi.m[106]","local_continuous",TRUE,0.779999094585145,0.017679876731739,0.755078048312047,0.780053214013082,0.804923405552951,0.999502607583286,3423.66149709222,8962.25243403734,0.000318488622599323,0.780031699178614,0.780013624725412,0.779983023762498,0.779968030674054,6.36685045602992e-05,NA,FALSE,FALSE,TRUE,"diagnostics_met_only",566.081596741438,1481.85390774427
"mu.chi.m[107]","local_continuous",TRUE,0.779986777299604,0.0176781904390218,0.755075777564912,0.77993664352621,0.804922261846683,0.999504966661788,3423.25170806632,8962.22061676248,0.000318470203616776,0.780013624725412,0.779983023762498,0.779968030674054,0.77998243003645,4.55940513578446e-05,NA,FALSE,FALSE,TRUE,"diagnostics_met_only",566.013840619432,1481.84864695147
"mu.chi.m[108]","local_continuous",TRUE,0.779986616903827,0.0176781490843916,0.755075777564912,0.779974711792684,0.804923441393033,0.99950441378947,3423.22340306936,8962.22061676248,0.00031846975191851,0.779983023762498,0.779968030674054,0.77998243003645,0.780012983142308,4.49524682540892e-05,NA,FALSE,FALSE,TRUE,"diagnostics_met_only",566.009160560409,1481.84864695147
"mu.chi.m[109]","local_continuous",TRUE,0.779998760864953,0.0176798697969742,0.755076930847372,0.78005054146215,0.804923441393033,0.999502758876646,3423.66694395341,8962.25243403734,0.00031848854685108,0.779968030674054,0.77998243003645,0.780012983142308,0.780031599607001,6.35689329473443e-05,NA,FALSE,FALSE,TRUE,"diagnostics_met_only",566.082497346794,1481.85390774427
"mu.chi.m[110]","local_continuous",TRUE,0.780012044081126,0.0176784790244223,0.755077363963409,0.780002501618534,0.804922701131901,0.999502732191041,3423.44251224966,8959.5951493802,0.000318473355718615,0.77998243003645,0.780012983142308,0.780031599607001,0.780021163538748,4.91695705510109e-05,NA,FALSE,FALSE,TRUE,"diagnostics_met_only",566.045388930169,1481.41454189487
"mu.chi.m[111]","local_continuous",TRUE,0.780014254024656,0.0176779158279686,0.755078523932659,0.780050506535526,0.804922237002083,0.999502002985951,3423.18616859343,8959.62694409309,0.000318467204169983,0.780012983142308,0.780031599607001,0.780021163538748,0.77999126981057,4.03297964309823e-05,NA,FALSE,FALSE,TRUE,"diagnostics_met_only",566.003004066373,1481.41979895719
"mu.chi.m[112]","local_continuous",TRUE,0.780003358883653,0.0176797753540477,0.755078523932659,0.780030256515005,0.804922237002083,0.999501772669246,3423.83322047403,8959.62694409309,0.00031848751525479,0.780031599607001,0.780021163538748,0.77999126981057,0.779969402578294,6.21970287078e-05,NA,FALSE,FALSE,TRUE,"diagnostics_met_only",566.109990157744,1481.41979895719
"mu.chi.m[113]","local_continuous",TRUE,0.77998937560051,0.0176787908824266,0.755076944216738,0.779911355433975,0.804920659505408,0.999503181893244,3423.64050710659,8956.9184351053,0.000318476762040584,0.780021163538748,0.77999126981057,0.779969402578294,0.779975666474427,5.1760960454561e-05,NA,FALSE,FALSE,TRUE,"diagnostics_met_only",566.078126175031,1480.97196347641
"mu.chi.m[114]","local_continuous",TRUE,0.779985160341261,0.0176777507123083,0.755076528018665,0.780002501618692,0.804922292677562,0.999502824089631,3423.10354124683,8956.84976946561,0.000318465400698502,0.77999126981057,0.779969402578294,0.779975666474427,0.780004302501751,3.48999234578429e-05,NA,FALSE,FALSE,TRUE,"diagnostics_met_only",565.989342137373,1480.96061003069
"mu.chi.m[115]","local_continuous",TRUE,0.77999458859582,0.0176796009249225,0.755076528018665,0.77999026924464,0.80492341079797,0.99950296970643,3423.74586100865,8956.83388403408,0.000318485609978199,0.779969402578294,0.779975666474427,0.780004302501751,0.780028982828808,5.95802505147791e-05,NA,FALSE,FALSE,TRUE,"diagnostics_met_only",566.095545801694,1480.95798347124
"mu.chi.m[116]","local_continuous",TRUE,0.780008992070426,0.0176791011700456,0.755077679448798,0.779987355894861,0.80492341079797,0.999502689515799,3423.48050370511,8959.55823483055,0.000318480151233333,0.779975666474427,0.780004302501751,0.780028982828808,0.780027016476722,5.33163543808834e-05,NA,FALSE,FALSE,TRUE,"diagnostics_met_only",566.051670586163,1481.4084382987
"mu.chi.m[117]","local_continuous",TRUE,0.780015128276952,0.0176776668924674,0.755080897302987,0.780096114445874,0.804922991212912,0.999505165745628,3422.89407780035,8959.61104669648,0.000318464485181033,0.780004302501751,0.780028982828808,0.780027016476722,0.780000211300527,2.87715282810685e-05,NA,FALSE,FALSE,TRUE,"diagnostics_met_only",565.95470863101,1481.41717041939
"mu.chi.m[118]","local_continuous",TRUE,0.780007355615416,0.0176793604024183,0.755078982816923,0.779985471872929,0.804921414075684,0.999502550639519,3423.4235907756,8959.62694409308,0.000318482982780644,0.780028982828808,0.780027016476722,0.780000211300527,0.779973211855604,5.57709732043055e-05,NA,FALSE,FALSE,TRUE,"diagnostics_met_only",566.042260379564,1481.41979895719
"mu.chi.m[119]","local_continuous",TRUE,0.779992820234988,0.0176793851706594,0.755078982816923,0.779958812475234,0.804921414075684,0.999503085085387,3423.4504452008,8959.61104669649,0.000318483253320424,0.780027016476722,0.780000211300527,0.779973211855604,0.7799708413071,5.61751696218638e-05,NA,FALSE,FALSE,TRUE,"diagnostics_met_only",566.04670059537,1481.41717041939
"mu.chi.m[120]","local_continuous",TRUE,0.779984885897402,0.0176776710466585,0.755078975402388,0.779987355894659,0.804922692312161,0.999503076759045,3422.90779794318,8959.52644073253,0.000318464530554909,0.780000211300527,0.779973211855604,0.7799708413071,0.779995279126372,2.93699934271752e-05,NA,FALSE,FALSE,TRUE,"diagnostics_met_only",565.956977173144,1481.40318133805
"mu.chi.m[121]","local_continuous",TRUE,0.779990847396042,0.0176790729441745,0.755076497437122,0.779939316077757,0.804923130486766,0.999502132703248,3423.53358473385,8959.61104669648,0.00031847984292835,0.779973211855604,0.7799708413071,0.779995279126372,0.780024057295089,5.32159879889083e-05,NA,FALSE,FALSE,TRUE,"diagnostics_met_only",566.060447211285,1481.41717041939
"mu.chi.m[122]","local_continuous",TRUE,0.780005223756552,0.0176796202627058,0.755076497437122,0.780014322260996,0.804924161550143,0.999504109168698,3423.79601994068,8956.98710190108,0.000318485821203027,0.7799708413071,0.779995279126372,0.780024057295089,0.780030717297644,5.98759905438007e-05,NA,FALSE,FALSE,TRUE,"diagnostics_met_only",566.103839275905,1480.98331711327
"mu.chi.m[123]","local_continuous",TRUE,0.780014797419379,0.0176777628439008,0.755077799835353,0.780071820770224,0.804924161550143,0.999505566064914,3423.13636907978,8956.98710190108,0.000318465533205277,0.779995279126372,0.780024057295089,0.780030717297644,0.780009135958407,3.54381712714957e-05,NA,FALSE,FALSE,TRUE,"diagnostics_met_only",565.994770019805,1480.98331711327
"mu.chi.m[124]","local_continuous",TRUE,0.780010766403071,0.017678761447265,0.755076655650772,0.779991364731405,0.804922013512663,0.999502906542642,3423.6122922272,8956.97121585528,0.000318476440529022,0.780024057295089,0.780030717297644,0.780009135958407,0.779979155061141,5.15622365029333e-05,NA,FALSE,FALSE,TRUE,"diagnostics_met_only",566.073461016402,1480.98069045226
"mu.chi.m[125]","local_continuous",TRUE,0.779996836805431,0.0176797877211501,0.755077650908889,0.78000997154768,0.804920344757159,0.99950300615863,3423.78990596174,8959.55823483055,0.00031848765034003,0.780030717297644,0.780009135958407,0.779979155061141,0.779968338904533,6.23783931104072e-05,NA,FALSE,FALSE,TRUE,"diagnostics_met_only",566.102828366689,1481.4084382987
"mu.chi.m[126]","local_continuous",TRUE,0.779985815434291,0.0176779349704049,0.755078240612719,0.779999829061137,0.804920344757159,0.999502950534396,3423.16838603803,8959.55823483055,0.000318467413253173,0.780009135958407,0.779979155061141,0.779968338904533,0.779986631813083,4.07970538740532e-05,NA,FALSE,FALSE,TRUE,"diagnostics_met_only",566.00006382904,1481.4084382987
"mu.chi.m[127]","local_continuous",TRUE,0.779987835287448,0.0176784507247564,0.755077067903704,0.779907688498229,0.804919137962574,0.999503644251213,3423.42408034568,8959.57413200003,0.000318473046611889,0.779979155061141,0.779968338904533,0.779986631813083,0.780017215371035,4.88764665016461e-05,NA,FALSE,FALSE,TRUE,"diagnostics_met_only",566.042341326998,1481.41106679895
"mu.chi.m[128]","local_continuous",TRUE,0.780001039321225,0.0176798742084038,0.755077251434915,0.780034059482696,0.804923161143695,0.999502228048223,3423.66553097265,8962.25243403734,0.000318488595037001,0.779968338904533,0.779986631813083,0.780017215371035,0.780031971196252,6.36322917182408e-05,NA,FALSE,FALSE,TRUE,"diagnostics_met_only",566.082263719023,1481.85390774427
"mu.chi.m[129]","local_continuous",TRUE,0.780013287807861,0.0176781737125831,0.755077251434915,0.780032929070592,0.80492413109753,0.999502474081944,3423.22736513716,8962.23652535971,0.000318470020921261,0.779986631813083,0.780017215371035,0.780031971196252,0.780017332851076,4.5339383168308e-05,NA,FALSE,FALSE,TRUE,"diagnostics_met_only",566.009815664212,1481.85127734122
"mu.chi.m[130]","local_continuous",TRUE,0.78001331954523,0.0176781655293007,0.755077072329101,0.779987355895086,0.80492413109753,0.999502640147412,3423.22702558705,8962.23652535971,0.000318469931538901,0.780017215371035,0.780031971196252,0.780017332851076,0.779986758762557,4.52124336945969e-05,NA,FALSE,FALSE,TRUE,"diagnostics_met_only",566.009759521669,1481.85127734122
"mu.chi.m[131]","local_continuous",TRUE,0.78000110535414,0.0176798728361478,0.755078393991906,0.780032929070592,0.804923558520056,0.999502108373511,3423.66500953508,8962.26834279537,0.000318488580047887,0.780031971196252,0.780017332851076,0.779986758762557,0.779968358606678,6.36125895736583e-05,NA,FALSE,FALSE,TRUE,"diagnostics_met_only",566.082177502494,1481.85653816061
"mu.chi.m[132]","local_continuous",TRUE,0.779987874905552,0.0176784600501182,0.755078251359675,0.779946785987541,0.804921965233702,0.999504260062408,3423.4293039096,8959.62694409309,0.000318473148469325,0.780017332851076,0.779986758762557,0.779968358606678,0.779979049401898,4.89742443979813e-05,NA,FALSE,FALSE,TRUE,"diagnostics_met_only",566.043205011508,1481.41979895719
"mu.chi.m[133]","local_continuous",TRUE,0.779985792212881,0.0176779285811422,0.755078430268939,0.779939316075631,0.804921965233702,0.999504733294837,3423.1886791147,8959.62694409309,0.000318467343466465,0.779986758762557,0.779968358606678,0.779979049401898,0.780009002080394,4.06434737159067e-05,NA,FALSE,FALSE,TRUE,"diagnostics_met_only",566.003419165791,1481.41979895719
"mu.chi.m[134]","local_continuous",TRUE,0.779996772094165,0.0176797837136754,0.755079859612399,0.780017783354003,0.804922405482014,0.999502480297026,3423.80014579228,8959.61104669648,0.00031848760656658,0.779968358606678,0.779979049401898,0.780009002080394,0.780030678287691,6.23196810132232e-05,NA,FALSE,FALSE,TRUE,"diagnostics_met_only",566.104521460364,1481.41717041939
"mu.chi.m[135]","local_continuous",TRUE,0.780010719697187,0.0176787711718143,0.755077220710927,0.779987355895365,0.804923298741431,0.999502707880476,3423.61771961975,8956.98710190108,0.000318476546747374,0.779979049401898,0.780009002080394,0.780030678287691,0.780024149018764,5.16288857936864e-05,NA,FALSE,FALSE,TRUE,"diagnostics_met_only",566.074358402737,1480.98331711327
"mu.chi.m[136]","local_continuous",TRUE,0.780014811660052,0.0176777587576933,0.755077220710927,0.780033647751971,0.804923994250675,0.999501974747735,3423.11942366387,8956.98710190108,0.000318465488573855,0.780009002080394,0.780030678287691,0.780024149018764,0.779995417253356,3.52610343350435e-05,NA,FALSE,FALSE,TRUE,"diagnostics_met_only",565.991968198391,1480.98331711327
"mu.chi.m[137]","local_continuous",TRUE,0.780005285850972,0.0176796139391921,0.755077073881832,0.78005321401412,0.804923983883877,0.999501932208886,3423.78258435372,8956.98710190108,0.000318485752131858,0.780030678287691,0.780024149018764,0.779995417253356,0.779970898844076,5.97794436152377e-05,NA,FALSE,FALSE,TRUE,"diagnostics_met_only",566.101617783353,1480.98331711327
"mu.chi.m[138]","local_continuous",TRUE,0.779990900254886,0.0176790822932588,0.755076782761142,0.779926124274766,0.80492284439703,0.999503492243397,3423.52022425457,8959.57925214423,0.000318479945046321,0.780024149018764,0.779995417253356,0.779970898844076,0.779973135903345,5.32501746879355e-05,NA,FALSE,FALSE,TRUE,"diagnostics_met_only",566.058238137329,1481.41191338364
"mu.chi.m[139]","local_continuous",TRUE,0.779984880922492,0.0176776695890656,0.755077512585508,0.779977590215388,0.804920484851845,0.999502478747408,3422.89008135146,8959.57925214423,0.000318464514634447,0.779995417253356,0.779970898844076,0.779973135903345,0.780000071689189,2.91728451131679e-05,NA,FALSE,FALSE,TRUE,"diagnostics_met_only",565.954047842503,1481.41191338364
"mu.chi.m[140]","local_continuous",TRUE,0.779992762000233,0.0176793770347636,0.755078379575801,0.780017270537482,0.804920484851845,0.99950301675822,3423.44563556419,8959.5951493802,0.000318483164453238,0.779970898844076,0.779973135903345,0.780000071689189,0.780026941564322,5.60427202457303e-05,NA,FALSE,FALSE,TRUE,"diagnostics_met_only",566.045905351222,1481.41454189487
"mu.chi.m[141]","local_continuous",TRUE,0.780007297661581,0.0176793686313325,0.755077512585508,0.779982216646066,0.804918870758197,0.999502606917316,3423.42928116915,8959.62694409308,0.000318483072663822,0.779973135903345,0.780000071689189,0.780026941564322,0.780029041489466,5.59055861203417e-05,NA,FALSE,FALSE,TRUE,"diagnostics_met_only",566.043201251513,1481.41979895719
"mu.chi.m[142]","local_continuous",TRUE,0.780015123886526,0.0176776681796211,0.755077978252658,0.780073498919742,0.804922436281386,0.99950586695036,3422.89434166965,8959.5951493802,0.000318464499239883,0.780000071689189,0.780026941564322,0.780029041489466,0.780004440803125,2.8969800276557e-05,NA,FALSE,FALSE,TRUE,"diagnostics_met_only",565.954752260193,1481.41454189487
"mu.chi.m[143]","local_continuous",TRUE,0.780009045279946,0.0176790918698033,0.755076385545413,0.780040398992131,0.804923268114861,0.999505596970796,3423.51261270101,8959.54745791326,0.00031848004964881,0.780026941564322,0.780029041489466,0.780004440803125,0.779975757262871,5.32842265950073e-05,NA,FALSE,FALSE,TRUE,"diagnostics_met_only",566.056979613263,1481.406656401
"mu.chi.s[1]","local_continuous",TRUE,0.919985531608485,0.0176778561600988,0.89507753814973,0.919956928455892,0.944922830296989,0.999503862506721,3423.29433759281,8959.55823483055,0.000318466552448467,0.919988322184096,0.919968646388465,0.919977796958682,0.920007360902696,3.87145142307643e-05,NA,FALSE,FALSE,TRUE,"diagnostics_met_only",566.02088915225,1481.4084382987
"mu.chi.s[2]","local_continuous",TRUE,0.919995990379139,0.0176797288917088,0.895080314453508,0.920065652213937,0.944922830296989,0.999503027742516,3424.02230034979,8959.55823483055,0.000318487007749331,0.919968646388465,0.919977796958682,0.920007360902696,0.920030157266714,6.15108782486828e-05,NA,FALSE,FALSE,TRUE,"diagnostics_met_only",566.141253364714,1481.4084382987
"mu.chi.s[3]","local_continuous",TRUE,0.920010135576722,0.0176788892193821,0.895077944620892,0.919992735936159,0.94492243105651,0.999503606121091,3423.81545764356,8956.98710190108,0.000318477836147594,0.919977796958682,0.920007360902696,0.920030157266714,0.920025227178796,5.23603080315738e-05,NA,FALSE,FALSE,TRUE,"diagnostics_met_only",566.107053181806,1480.98331711327
"mu.chi.s[4]","local_continuous",TRUE,0.920014962171809,0.0176777153296027,0.895077944620892,0.919997498381272,0.94492243105651,0.999502455795507,3423.1167003494,8956.98710190108,0.000318465014232694,0.920007360902696,0.920030157266714,0.920025227178796,0.919997103339034,3.3053927679938e-05,NA,FALSE,FALSE,TRUE,"diagnostics_met_only",565.991517914915,1480.98331711327
"mu.chi.s[5]","local_continuous",TRUE,0.920006032615137,0.0176795320377556,0.895076390729134,0.92004307154572,0.944923262885414,0.999502153796244,3423.70709025966,8956.97121585528,0.000318484857530753,0.920030157266714,0.920025227178796,0.919997103339034,0.919971642676006,5.85145907081586e-05,NA,FALSE,FALSE,TRUE,"diagnostics_met_only",566.089135294256,1480.98069045226
"mu.chi.s[6]","local_continuous",TRUE,0.919991556699929,0.017679193885632,0.895076390729134,0.919939316075606,0.944923583897792,0.999503147036316,3423.40779556874,8956.90254936664,0.000318481163946668,0.920025227178796,0.919997103339034,0.919971642676006,0.91997225360588,5.35845027902493e-05,NA,FALSE,FALSE,TRUE,"diagnostics_met_only",566.039648738218,1480.96933686618
"mu.chi.s[7]","local_continuous",TRUE,0.919984843515868,0.0176776586139755,0.89507750736273,0.919986773225351,0.944923583897792,0.999502715219096,3422.82469791546,8956.9184351053,0.000318464394759767,0.919997103339034,0.919971642676006,0.91997225360588,0.919998374442552,2.67317665466615e-05,NA,FALSE,FALSE,TRUE,"diagnostics_met_only",565.943237089196,1480.97196347641
"mu.chi.s[8]","local_continuous",TRUE,0.91999206513342,0.0176792745772147,0.895078384828089,0.920040398991123,0.944923583897792,0.999503818929193,3423.37960589626,8956.9184351053,0.000318482045325984,0.919971642676006,0.91997225360588,0.919998374442552,0.920025989809244,5.43471332379308e-05,NA,FALSE,FALSE,TRUE,"diagnostics_met_only",566.034987747397,1480.97196347641
"mu.chi.s[9]","local_continuous",TRUE,0.920006582030713,0.0176794648796656,0.895077225923014,0.919982216646923,0.944919612099078,0.999503081246922,3423.66654289775,8959.55823483055,0.000318484123970953,0.91997225360588,0.919998374442552,0.920025989809244,0.920029710265174,5.74566592939085e-05,NA,FALSE,FALSE,TRUE,"diagnostics_met_only",566.082431034681,1481.4084382987
"mu.chi.s[10]","local_continuous",TRUE,0.920015047439322,0.017677690531961,0.895078668436348,0.920050541462406,0.944920934463425,0.999502485078544,3423.11739769966,8959.62694409309,0.00031846474338189,0.919998374442552,0.920025989809244,0.920029710265174,0.92000611524032,3.13358226219362e-05,NA,FALSE,FALSE,TRUE,"diagnostics_met_only",565.991633217536,1481.41979895719
"mu.chi.s[11]","local_continuous",TRUE,0.920009678301614,0.0176789770171038,0.895077225923014,0.920030256515169,0.944920934463425,0.999502118685191,3423.8217891363,8959.61104669648,0.000318478795139503,0.920025989809244,0.920029710265174,0.92000611524032,0.919976897891719,5.28123734554464e-05,NA,FALSE,FALSE,TRUE,"diagnostics_met_only",566.108100055605,1481.41717041939
"mu.chi.s[12]","local_continuous",TRUE,0.919995410978035,0.0176796806162437,0.89507667063876,0.919929173625498,0.944920812192269,0.999502958389486,3424.05893137569,8956.9184351053,0.000318486480439756,0.920029710265174,0.92000611524032,0.919976897891719,0.919968920514929,6.07897502454824e-05,NA,FALSE,FALSE,TRUE,"diagnostics_met_only",566.147310081959,1480.97196347641
"mu.chi.s[13]","local_continuous",TRUE,0.919985362780088,0.0176778085405299,0.89507667063876,0.920022786589062,0.944923553334236,0.999503824891648,3423.2268465466,8956.83388403408,0.000318466032324983,0.92000611524032,0.919976897891719,0.919968920514929,0.919989517473383,3.71947253916538e-05,NA,FALSE,FALSE,TRUE,"diagnostics_met_only",566.009729918418,1480.95798347124
"mu.chi.s[14]","local_continuous",TRUE,0.919988771974625,0.0176786630595022,0.895077625324119,0.919978207810926,0.944923553334236,0.999503232916189,3423.62543652554,8956.83388403408,0.00031847536587013,0.919976897891719,0.919968920514929,0.919989517473383,0.920019752018466,5.08315035375739e-05,NA,FALSE,FALSE,TRUE,"diagnostics_met_only",566.075634346155,1480.95798347124
"mu.chi.s[15]","local_continuous",TRUE,0.920002504163911,0.0176798239121897,0.89507785475525,0.91996707093045,0.944923553334236,0.999503303103767,3423.71490646927,8959.37313059487,0.000318488045653152,0.919968920514929,0.919989517473383,0.920019752018466,0.920031826648862,6.29061339334491e-05,NA,FALSE,FALSE,TRUE,"diagnostics_met_only",566.090427656956,1481.37783243963
"mu.chi.s[16]","local_continuous",TRUE,0.920013934036446,0.0176780032376009,0.895081051625709,0.920054550285492,0.944923141642013,0.999503034888323,3423.2046784511,8959.62694409309,0.0003184681589021,0.919989517473383,0.920019752018466,0.920031826648862,0.92001464000507,4.23091754789828e-05,NA,FALSE,FALSE,TRUE,"diagnostics_met_only",566.006064558714,1481.41979895719
"mu.chi.s[17]","local_continuous",TRUE,0.920012553020133,0.0176783577138907,0.895079452803319,0.919977213410369,0.944922548970507,0.9995030890029,3423.35754037793,8959.62694409309,0.000318472030690168,0.920019752018466,0.920031826648862,0.92001464000507,0.919983993408131,4.78332407315429e-05,NA,FALSE,FALSE,TRUE,"diagnostics_met_only",566.031339348203,1481.41979895719
"mu.chi.s[18]","local_continuous",TRUE,0.919999630815001,0.0176798833544803,0.895078838033369,0.919967070929378,0.944922548970507,0.999504153962222,3423.68652187696,8962.25243403734,0.000318488694939353,0.920031826648862,0.92001464000507,0.919983993408131,0.919968063197939,6.37634509229601e-05,NA,FALSE,FALSE,TRUE,"diagnostics_met_only",566.085734437328,1481.85390774427
"mu.chi.s[19]","local_continuous",TRUE,0.919987048036854,0.0176782591114996,0.895078823066846,0.920007640868276,0.944922958359962,0.999503654773703,3423.29887290511,8962.25243403734,0.000318470953696685,0.92001464000507,0.919983993408131,0.919968063197939,0.919981495536277,4.6576807130716e-05,NA,FALSE,FALSE,TRUE,"diagnostics_met_only",566.021639038543,1481.85390774427
"mu.chi.s[20]","local_continuous",TRUE,0.919986373233893,0.0176780853049734,0.895077246177644,0.919949458537665,0.944922987515319,0.9995030195616,3423.20730958536,8962.18879980923,0.000318469055285059,0.919983993408131,0.919968063197939,0.919981495536277,0.920011940793222,4.3877595283015e-05,NA,FALSE,FALSE,TRUE,"diagnostics_met_only",566.006499600755,1481.84338621184
"mu.chi.s[21]","local_continuous",TRUE,0.919998226816847,0.0176798542088233,0.895077656137012,0.920016241209323,0.944922987515319,0.999502566550301,3423.69341022505,8962.18879980923,0.000318488376582184,0.919968063197939,0.919981495536277,0.920011940793222,0.920031407739949,6.33445420094025e-05,NA,FALSE,FALSE,TRUE,"diagnostics_met_only",566.086873383771,1481.84338621184
"mu.chi.s[22]","local_continuous",TRUE,0.920011710656215,0.0176785557773029,0.895077656137012,0.920059759379053,0.944922987515319,0.99950263858375,3423.56101985481,8959.61104669648,0.000318474194062774,0.919981495536277,0.920011940793222,0.920031407739949,0.920021998555408,4.99122036712318e-05,NA,FALSE,FALSE,TRUE,"diagnostics_met_only",566.064983441602,1481.41717041939
"mu.chi.s[23]","local_continuous",TRUE,0.920014427772265,0.017677867534659,0.89507665045788,0.919956928455198,0.944920206140565,0.99950429334998,3423.23949356662,8959.61104669648,0.000318466676686882,0.920011940793222,0.920031407739949,0.920021998555408,0.919992364000479,3.90437394700571e-05,NA,FALSE,FALSE,TRUE,"diagnostics_met_only",566.011821026227,1481.41717041939
"mu.chi.s[24]","local_continuous",TRUE,0.920003880061032,0.0176797387965241,0.895078096544183,0.920020114033205,0.944921507797107,0.999503174755745,3423.97009623158,8959.57925214423,0.000318487115939016,0.920031407739949,0.920021998555408,0.919992364000479,0.919969749948292,6.16577916562333e-05,NA,FALSE,FALSE,TRUE,"diagnostics_met_only",566.132621731413,1481.41191338364
"mu.chi.s[25]","local_continuous",TRUE,0.91998976503958,0.0176788696013631,0.895077794601885,0.919999829061135,0.944921507797107,0.999503204904264,3423.7503521417,8956.97121585528,0.000318477621865281,0.920021998555408,0.919992364000479,0.919969749948292,0.919974947654142,5.22486071156125e-05,NA,FALSE,FALSE,TRUE,"diagnostics_met_only",566.096288383217,1480.98069045226
"mu.chi.s[26]","local_continuous",TRUE,0.919985059993538,0.0176777217526835,0.895076917416937,0.919914027973885,0.944919926799208,0.999504283167549,3423.12114687314,8956.98710190108,0.000318465084388445,0.919992364000479,0.919969749948292,0.919974947654142,0.920003178371237,3.34284229444037e-05,NA,FALSE,FALSE,TRUE,"diagnostics_met_only",565.992253120559,1480.98331711327
"mu.chi.s[27]","local_continuous",TRUE,0.919994090720537,0.0176795463097034,0.895077394718903,0.92004307154534,0.944923018203754,0.999503547403363,3423.69910011506,8956.97121585528,0.000318485013421677,0.919969749948292,0.919974947654142,0.920003178371237,0.920028486908477,5.87369601842136e-05,NA,FALSE,FALSE,TRUE,"diagnostics_met_only",566.087814172463,1480.98069045226
"mu.chi.s[28]","local_continuous",TRUE,0.920008554411823,0.0176791755843939,0.895076900176923,0.920029879710868,0.944923018203754,0.999504498319974,3423.40786372711,8959.38902690855,0.000318480964045831,0.919974947654142,0.920003178371237,0.920028486908477,0.920027604713434,5.35392543341562e-05,NA,FALSE,FALSE,TRUE,"diagnostics_met_only",566.03966000779,1481.38046079837
"mu.chi.s[29]","local_continuous",TRUE,0.92001515321633,0.0176776595738291,0.895076900176923,0.919987355894869,0.944922687096828,0.999504056252212,3422.82358209065,8959.48952672515,0.000318464405243701,0.920003178371237,0.920028486908477,0.920027604713434,0.920001342872166,2.71440363104336e-05,NA,FALSE,FALSE,TRUE,"diagnostics_met_only",565.943052594354,1481.39707783154
"mu.chi.s[30]","local_continuous",TRUE,0.920007820223625,0.0176792920795441,0.895076956319478,0.920043071542727,0.944922687096828,0.999502686436771,3423.37771399077,8959.55823483055,0.000318482236500919,0.920028486908477,0.920027604713434,0.920001342872166,0.919973846400423,5.4640508054038e-05,NA,FALSE,FALSE,TRUE,"diagnostics_met_only",566.034674932337,1481.4084382987
"mu.chi.s[31]","local_continuous",TRUE,0.919993297353385,0.0176794493529748,0.895078107239971,0.919959601008128,0.944921821228175,0.999502563179721,3423.60885193676,8959.61104669649,0.000318483954374919,0.920027604713434,0.920001342872166,0.919973846400423,0.919970395427514,5.72092859202344e-05,NA,FALSE,FALSE,TRUE,"diagnostics_met_only",566.072892185311,1481.41717041939
"mu.chi.s[32]","local_continuous",TRUE,0.919984936865532,0.0176776859521119,0.895078107239971,0.919949458539723,0.944921821228175,0.999501530277037,3423.04653596287,8959.61104669649,0.000318464693358771,0.920001342872166,0.919973846400423,0.919970395427514,0.919994162762022,3.09474446520408e-05,NA,FALSE,FALSE,TRUE,"diagnostics_met_only",565.979916660528,1481.41717041939
"mu.chi.s[33]","local_continuous",TRUE,0.919990425354042,0.0176789963557072,0.895079706427398,0.920028096773328,0.944923405552951,0.999503204030847,3423.70614182024,8959.61104669648,0.000318479006370341,0.919973846400423,0.919970395427514,0.919994162762022,0.920023296826208,5.29013986940718e-05,NA,FALSE,FALSE,TRUE,"diagnostics_met_only",566.088978475569,1481.41717041939
"mu.chi.s[34]","local_continuous",TRUE,0.92000471672789,0.0176796691008075,0.89507736396341,0.919977213410124,0.944923441393033,0.999502815085877,3423.97025572965,8956.95532988971,0.000318486354657525,0.919970395427514,0.919994162762022,0.920023296826208,0.920031011895815,6.06164683010224e-05,NA,FALSE,FALSE,TRUE,"diagnostics_met_only",566.132648103447,1480.97806380452
"mu.chi.s[35]","local_continuous",TRUE,0.920014671563869,0.0176777987858716,0.895076930847372,0.920025424218431,0.944923441393033,0.999502467695059,3423.2040385403,8956.93944400439,0.000318465925780053,0.919994162762022,0.920023296826208,0.920031011895815,0.920010214771428,3.68491337928711e-05,NA,FALSE,FALSE,TRUE,"diagnostics_met_only",566.005958753357,1480.97543717004
"mu.chi.s[36]","local_continuous",TRUE,0.920011137431688,0.0176786826939324,0.895076930847372,0.920053214014282,0.944922672033707,0.999502447391924,3423.61892409456,8956.97121585528,0.000318475580330708,0.920023296826208,0.920031011895815,0.920010214771428,0.9199800262333,5.09856625157123e-05,NA,FALSE,FALSE,TRUE,"diagnostics_met_only",566.074557555317,1480.98069045226
"mu.chi.s[37]","local_continuous",TRUE,0.919997363596176,0.0176798173251841,0.895076925643416,0.919934347783592,0.944919471352096,0.999502524197939,3423.72616710604,8959.57925214423,0.000318487973703557,0.920031011895815,0.920010214771428,0.9199800262333,0.919968201484159,6.28104116565664e-05,NA,FALSE,FALSE,TRUE,"diagnostics_met_only",566.092289534728,1481.41191338364
"mu.chi.s[38]","local_continuous",TRUE,0.919986013658182,0.017677989085308,0.895077369180841,0.920009936621275,0.9449210793308,0.999503436083398,3423.17175993487,8959.62694409309,0.000318468004323488,0.920010214771428,0.9199800262333,0.919968201484159,0.919985612143837,4.20132872691603e-05,NA,FALSE,FALSE,TRUE,"diagnostics_met_only",566.000621682354,1481.41979895719
"mu.chi.s[39]","local_continuous",TRUE,0.919987522698354,0.0176783760800548,0.895077369180841,0.92001535158913,0.9449210793308,0.999503157435069,3423.35639524253,8959.64284157001,0.000318472231296509,0.9199800262333,0.919968201484159,0.919985612143837,0.920016250932118,4.80494479597748e-05,NA,FALSE,FALSE,TRUE,"diagnostics_met_only",566.031150007032,1481.42242750827
"mu.chi.s[40]","local_continuous",TRUE,0.920000503312117,0.0176798822205315,0.895076944216738,0.919967311724068,0.944920659505408,0.999502978457173,3423.66713722731,8962.23652535972,0.000318488682553259,0.919968201484159,0.919985612143837,0.920016250932118,0.920031948688355,6.37472041962184e-05,NA,FALSE,FALSE,TRUE,"diagnostics_met_only",566.082529303457,1481.85127734122
"mu.chi.s[41]","local_continuous",TRUE,0.920013021183042,0.01767824168908,0.895077768990955,0.920060683924199,0.94492341079797,0.999503989891551,3423.28676886568,8962.26834279537,0.000318470763398988,0.919985612143837,0.920016250932118,0.920031948688355,0.920018272967857,4.63365445173558e-05,NA,FALSE,FALSE,TRUE,"diagnostics_met_only",566.019637709272,1481.85653816061
"mu.chi.s[42]","local_continuous",TRUE,0.920013567438328,0.0176781009397355,0.895076528018665,0.920020696702913,0.94492341079797,0.999503790877562,3423.20615692974,8962.23652535972,0.000318469226056332,0.920016250932118,0.920031948688355,0.920018272967857,0.919987797164984,4.41515233711165e-05,NA,FALSE,FALSE,TRUE,"diagnostics_met_only",566.006309016161,1481.85127734122
"mu.chi.s[43]","local_continuous",TRUE,0.920001639853385,0.0176798586182444,0.895076528018665,0.919946785986602,0.944922292677562,0.999503694505195,3423.67406432918,8962.25243403734,0.00031848842474615,0.920031948688355,0.920018272967857,0.919987797164984,0.919968540592346,6.3408096008799e-05,NA,FALSE,FALSE,TRUE,"diagnostics_met_only",566.083674657603,1481.85390774427
"mu.chi.s[44]","local_continuous",TRUE,0.919988204594803,0.0176785364727361,0.895077642257388,0.92001322677415,0.944922692312161,0.999503527879224,3423.52502366508,8959.61104669648,0.000318473983205785,0.920018272967857,0.919987797164984,0.919968540592346,0.919978207654024,4.97323755110912e-05,NA,FALSE,FALSE,TRUE,"diagnostics_met_only",566.059031690655,1481.41717041939
"mu.chi.s[45]","local_continuous",TRUE,0.919985613977362,0.0176778791924235,0.895078982816923,0.919969743484904,0.944921414075684,0.999501918594055,3423.22125872988,8959.61104669648,0.000318466804018624,0.919987797164984,0.919968540592346,0.919978207654024,0.920007910498092,3.9369905746045e-05,NA,FALSE,FALSE,TRUE,"diagnostics_met_only",566.008806006924,1481.41717041939
"mu.chi.s[46]","local_continuous",TRUE,0.91999624980279,0.0176797483981262,0.895078982816923,0.919979097432423,0.944921090084478,0.999501809433411,3423.92495048741,8959.61104669648,0.000318487220816744,0.919968540592346,0.919978207654024,0.920007910498092,0.920030340466694,6.17998743482895e-05,NA,FALSE,FALSE,TRUE,"diagnostics_met_only",566.125157157311,1481.41717041939
"mu.chi.s[47]","local_continuous",TRUE,0.920010333542238,0.0176788499524969,0.895080471351412,0.920096114445874,0.944922692312161,0.999502621541611,3423.72055614542,8956.9343209242,0.000318477407246127,0.919978207654024,0.920007910498092,0.920030340466694,0.920024875550142,5.21328126699139e-05,NA,FALSE,FALSE,TRUE,"diagnostics_met_only",566.091361796532,1480.9745900999
"mu.chi.s[48]","local_continuous",TRUE,0.920014916670608,0.0176777285046618,0.895077799835353,0.919987355894659,0.944922574518842,0.999503253851236,3423.09580979429,8956.9343209242,0.000318465158136573,0.920007910498092,0.920030340466694,0.920024875550142,0.919996540167506,3.38002991884245e-05,NA,FALSE,FALSE,TRUE,"diagnostics_met_only",565.988063788739,1480.9745900999
"mu.chi.s[49]","local_continuous",TRUE,0.920005785480813,0.0176795603387511,0.895076497437122,0.919983894802191,0.944922574518842,0.99950357421963,3423.70137073506,8956.84976946561,0.000318485166659478,0.920030340466694,0.920024875550142,0.919996540167506,0.919971385738912,5.89547277826119e-05,NA,FALSE,FALSE,TRUE,"diagnostics_met_only",566.088189605665,1480.96061003069
"mu.chi.s[50]","local_continuous",TRUE,0.919991335146639,0.0176791571564228,0.895076497437122,0.9200126441045,0.944923114852485,0.999503193212441,3423.41918636665,8959.57413200003,0.000318480762760798,0.920024875550142,0.919996540167506,0.919971385738912,0.919972539129999,5.34898112303228e-05,NA,FALSE,FALSE,TRUE,"diagnostics_met_only",566.041532137343,1481.41106679895
"mu.chi.s[51]","local_continuous",TRUE,0.919984851238685,0.0176776608820696,0.895076655650773,0.919925164807543,0.944921968916966,0.999504670178573,3422.85285947025,8959.62694409309,0.000318464419532869,0.919996540167506,0.919971385738912,0.919972539129999,0.919998939918325,2.75541794133582e-05,NA,FALSE,FALSE,TRUE,"diagnostics_met_only",565.947893430928,1481.41979895719
"mu.chi.s[52]","local_continuous",TRUE,0.919992295032022,0.0176793094186359,0.895078240612719,0.920022786589858,0.944921968916966,0.999502462110684,3423.38855833853,8959.61104669648,0.000318482425892911,0.919971385738912,0.919972539129999,0.919998939918325,0.920026315340853,5.49296019413115e-05,NA,FALSE,FALSE,TRUE,"diagnostics_met_only",566.036467979254,1481.41717041939
"mu.chi.s[53]","local_continuous",TRUE,0.920006822737384,0.0176794336137646,0.895078240612719,0.920053214013667,0.944921363364879,0.999503023716567,3423.54572993911,8959.61104669648,0.000318483782457625,0.919972539129999,0.919998939918325,0.920026315340853,0.920029496560361,5.6957430362603e-05,NA,FALSE,FALSE,TRUE,"diagnostics_met_only",566.062455347075,1481.41717041939
"mu.chi.s[54]","local_continuous",TRUE,0.92001507764946,0.0176776817123817,0.895077251434915,0.9200126441052,0.9449197732629,0.999503281631044,3422.99938818574,8959.54233774138,0.000318464647050583,0.919998939918325,0.920026315340853,0.920029496560361,0.920005558778303,3.05566420364389e-05,NA,FALSE,FALSE,TRUE,"diagnostics_met_only",565.972121062457,1481.40580981174
"mu.chi.s[55]","local_continuous",TRUE,0.920009470240156,0.0176790156237418,0.895077043179877,0.920050541462379,0.944922543749829,0.999501826776593,3423.65579683969,8959.57925214423,0.000318479216830466,0.920026315340853,0.920029496560361,0.920005558778303,0.919976510281108,5.29862792538749e-05,NA,FALSE,FALSE,TRUE,"diagnostics_met_only",566.080654239368,1481.41191338364
"mu.chi.s[56]","local_continuous",TRUE,0.919995155935727,0.0176796573039958,0.895075666194668,0.919991228718577,0.944922543749829,0.999502977958239,3423.90609440911,8956.98710190108,0.000318486225801885,0.920029496560361,0.920005558778303,0.919976510281108,0.919969058123138,6.04384372238087e-05,NA,FALSE,FALSE,TRUE,"diagnostics_met_only",566.122039419496,1480.98331711327
"mu.chi.s[57]","local_continuous",TRUE,0.919985295241651,0.0176777893359659,0.895075904568528,0.919929173624447,0.944923161143696,0.999503844729016,3423.18803030417,8956.98710190108,0.000318465822563795,0.920005558778303,0.919976510281108,0.919969058123138,0.919990053784054,3.65006551652503e-05,NA,FALSE,FALSE,TRUE,"diagnostics_met_only",566.003311888917,1480.98331711327
"mu.chi.s[58]","local_continuous",TRUE,0.919988954034586,0.0176787023560889,0.895076813405698,0.920032929070592,0.944923558520056,0.999503095333663,3423.60381052415,8956.98710190108,0.000318475795094225,0.919976510281108,0.919969058123138,0.919990053784054,0.920020193950048,5.1135826910409e-05,NA,FALSE,FALSE,TRUE,"diagnostics_met_only",566.07205861841,1480.98331711327
"mu.chi.s[59]","local_continuous",TRUE,0.920002768437182,0.0176798104103598,0.895079863269636,0.91999657383359,0.944923558520056,0.999503519374362,3423.7365195364,8959.48952672515,0.000318487898173224,0.919969058123138,0.919990053784054,0.920020193950048,0.920031767891493,6.2709768355651e-05,NA,FALSE,FALSE,TRUE,"diagnostics_met_only",566.094001246098,1481.39707783154
"mu.chi.s[60]","local_continuous",TRUE,0.9200140375514,0.0176779751781224,0.895079591206112,0.919988280442765,0.944922143691333,0.999503168035735,3423.16348817933,8959.57413200003,0.000318467852422111,0.919990053784054,0.920020193950048,0.920031767891493,0.920014134580006,4.17141074396943e-05,NA,FALSE,FALSE,TRUE,"diagnostics_met_only",565.999253997904,1481.41106679895
"mu.chi.s[61]","local_continuous",TRUE,0.920012400605598,0.0176783945700365,0.895081213071237,0.920078502132806,0.94492328831365,0.999503849794428,3423.37945534393,8959.62694409309,0.000318472433255344,0.920020193950048,0.920031767891493,0.920014134580006,0.919983506000848,4.82618906456622e-05,NA,FALSE,FALSE,TRUE,"diagnostics_met_only",566.034962854485,1481.41979895719
"mu.chi.s[62]","local_continuous",TRUE,0.919999362600198,0.0176798807384305,0.895077220710927,0.919956928454091,0.944922405482014,0.9995031449473,3423.66594894028,8962.23652535972,0.000318488666364308,0.920031767891493,0.920014134580006,0.919983506000848,0.919968041928445,6.37259630479337e-05,NA,FALSE,FALSE,TRUE,"diagnostics_met_only",566.082332827427,1481.85127734122
"mu.chi.s[63]","local_continuous",TRUE,0.919986910617236,0.0176782244325972,0.895077073881832,0.919959601008499,0.944922405482014,0.999503208387098,3423.25699076586,8962.23652535972,0.000318470574913821,0.920014134580006,0.919983506000848,0.919968041928445,0.919981959959644,4.60926515609694e-05,NA,FALSE,FALSE,TRUE,"diagnostics_met_only",566.014714081658,1481.85127734122
"mu.chi.s[64]","local_continuous",TRUE,0.919986492952423,0.0176781167845474,0.895077073881832,0.920022786588655,0.944923298741431,0.999503341683034,3423.20467120136,8962.22061676248,0.000318469399121942,0.919983506000848,0.919968041928445,0.919981959959644,0.920012463920753,4.44219923079192e-05,NA,FALSE,FALSE,TRUE,"diagnostics_met_only",566.006063360014,1481.84864695147
"mu.chi.s[65]","local_continuous",TRUE,0.919998493604861,0.0176798626869086,0.895077103024924,0.919967070929591,0.9449229006199,0.999502074342753,3423.6700607059,8962.23652535971,0.000318488469188044,0.919968041928445,0.919981959959644,0.920012463920753,0.920031508610604,6.34666821582863e-05,NA,FALSE,FALSE,TRUE,"diagnostics_met_only",566.083012682854,1481.85127734122
"mu.chi.s[66]","local_continuous",TRUE,0.920011879230043,0.01767851724172,0.895078379575801,0.920040398991147,0.9449229006199,0.999503071839251,3423.49556916977,8959.62694409309,0.000318473773152257,0.919981959959644,0.920012463920753,0.920031508610604,0.920021584429171,4.95486509596299e-05,NA,FALSE,FALSE,TRUE,"diagnostics_met_only",566.054161569076,1481.41979895719
"mu.chi.s[67]","local_continuous",TRUE,0.920014343145907,0.0176778911297387,0.895078379575801,0.920043071545734,0.944922804795361,0.999502770781068,3423.21881257799,8959.62694409309,0.000318466934403789,0.920012463920753,0.920031508610604,0.920021584429171,0.919991815623104,3.96929874992846e-05,NA,FALSE,FALSE,TRUE,"diagnostics_met_only",566.008401550593,1481.41979895719
"mu.chi.s[68]","local_continuous",TRUE,0.920003620039571,0.0176797576935063,0.895077941417968,0.919931640306534,0.9449200238904,0.999502864349663,3423.8772418244,8959.61104669648,0.000318487322349649,0.920031508610604,0.920021584429171,0.919991815623104,0.91996957149541,6.19371151935333e-05,NA,FALSE,FALSE,TRUE,"diagnostics_met_only",566.117268820172,1481.41717041939
"mu.chi.s[69]","local_continuous",TRUE,0.919989568685548,0.0176788302789409,0.895077978252658,0.920002501618721,0.944921692670804,0.99950308964073,3423.67406699571,8956.98710190108,0.000318477192357387,0.920021584429171,0.919991815623104,0.91996957149541,0.919975303194508,5.20129337610031e-05,NA,FALSE,FALSE,TRUE,"diagnostics_met_only",566.083675098498,1480.98331711327
"mu.chi.s[70]","local_continuous",TRUE,0.919985107833925,0.0176777355834215,0.895077912804627,0.919982045707235,0.944921692670804,0.999502267481718,3423.10040700123,8957.00298802713,0.000318465235453966,0.919991815623104,0.91996957149541,0.919975303194508,0.920003741022681,3.41695272710885e-05,NA,FALSE,FALSE,TRUE,"diagnostics_met_only",565.988823908933,1480.98594378755
"mu.chi.s[71]","local_continuous",TRUE,0.919994338771113,0.0176795741205026,0.895076767744575,0.919946785986014,0.944923268114861,0.999501809325327,3423.72271991216,8956.98710190108,0.000318485317196137,0.91996957149541,0.919975303194508,0.920003741022681,0.920028739371853,5.91678764426673e-05,NA,FALSE,FALSE,TRUE,"diagnostics_met_only",566.091719562197,1480.98331711327
"mu.chi.s[72]","local_continuous",TRUE,0.920008774616031,0.0176791386074933,0.89507753814973,0.920070826375005,0.944923268114861,0.999503643192929,3423.45057768637,8959.57925214423,0.000318480560154643,0.919975303194508,0.920003741022681,0.920028739371853,0.920027314875082,5.34361773446568e-05,NA,FALSE,FALSE,TRUE,"diagnostics_met_only",566.046722501054,1481.41191338364
"mu.chi.s[73]","local_continuous",TRUE,0.920015143119437,0.017677662538287,0.89507753814973,0.920017818279931,0.944922830296989,0.999502940589083,3422.84355034406,8959.57925214423,0.000318464437622791,0.920003741022681,0.920028739371853,0.920027314875082,0.92000077720813,2.79621637232497e-05,NA,FALSE,FALSE,TRUE,"diagnostics_met_only",565.946354223554,1481.41191338364
"mu.chi.s[74]","local_continuous",TRUE,0.920007589108668,0.0176793265890567,0.89507753814973,0.919967036002877,0.944921274774063,0.999503558873318,3423.39568614451,8959.5951493802,0.000318482613442612,0.920028739371853,0.920027314875082,0.92000077720813,0.91997352497961,5.5214392243208e-05,NA,FALSE,FALSE,TRUE,"diagnostics_met_only",566.037646518602,1481.41454189487
"mu.chi.s[75]","local_continuous",TRUE,0.919993057706389,0.0176794176669668,0.895080778408539,0.920007640868239,0.944922830296989,0.999502535132109,3423.50991656141,8959.5951493802,0.00031848360827294,0.920027314875082,0.92000077720813,0.91997352497961,0.919970613762737,5.67011123451255e-05,NA,FALSE,FALSE,TRUE,"diagnostics_met_only",566.056533822985,1481.41454189487
"mu.chi.s[76]","local_continuous",TRUE,0.91998490901684,0.0176776778140994,0.895077944620892,0.919931881097825,0.944921677075815,0.999503835778632,3422.97052008949,8959.54745791326,0.000318464604471843,0.92000077720813,0.91997352497961,0.919970613762737,0.919994720116886,3.01634453923061e-05,NA,FALSE,FALSE,TRUE,"diagnostics_met_only",565.967347898394,1481.406656401
"mu.chi.s[77]","local_continuous",TRUE,0.919990634907613,0.0176790348151696,0.895077944620892,0.919961690893135,0.944923273311373,0.999503406251483,3423.61706863802,8959.5951493802,0.000318479426453922,0.91997352497961,0.919970613762737,0.919994720116886,0.920023680771221,5.30670084838425e-05,NA,FALSE,FALSE,TRUE,"diagnostics_met_only",566.074250766869,1481.41454189487
"mu.chi.s[78]","local_continuous",TRUE,0.920004971021137,0.0176796452295051,0.895077944620892,0.92006359726489,0.94492368079243,0.999502513064872,3423.85496245691,8956.9184351053,0.000318486093913213,0.919970613762737,0.919994720116886,0.920023680771221,0.920030869433704,6.02556709664581e-05,NA,FALSE,FALSE,TRUE,"diagnostics_met_only",566.11358506232,1480.97196347641
"mu.chi.s[79]","local_continuous",TRUE,0.920014736800753,0.0176777801937748,0.895076799321686,0.919989445782933,0.944923709782428,0.999503162041776,3423.15013503391,8956.84976946561,0.00031846572270856,0.919994720116886,0.920023680771221,0.920030869433704,0.920009676881201,3.61493168178351e-05,NA,FALSE,FALSE,TRUE,"diagnostics_met_only",565.99704613656,1480.96061003069
"mu.chi.s[80]","local_continuous",TRUE,0.920010953633719,0.0176787220398096,0.89507750736273,0.92003025651468,0.944923583897792,0.999502529941841,3423.59924390924,8956.9343209242,0.000318476010093376,0.920023680771221,0.920030869433704,0.920009676881201,0.919979587448751,5.12819849528556e-05,NA,FALSE,FALSE,TRUE,"diagnostics_met_only",566.071303556421,1480.9745900999
"mu.chi.s[81]","local_continuous",TRUE,0.919997099746359,0.0176798031698834,0.89507750736273,0.920020114032752,0.944920927038852,0.999502446264074,3423.7561292684,8959.55823483055,0.000318487819085819,0.920030869433704,0.920009676881201,0.919979587448751,0.919968265221781,6.26042119230563e-05,NA,FALSE,FALSE,TRUE,"diagnostics_met_only",566.097243595965,1481.4084382987
"mu.chi.s[82]","local_continuous",TRUE,0.919985912338822,0.0176779615204027,0.895077225923014,0.919903885553901,0.944919284422646,0.999504475205722,3423.18297477329,8959.61104669648,0.000318467703245574,0.920009676881201,0.919979587448751,0.919968265221781,0.919986119803554,4.14116594199543e-05,NA,FALSE,FALSE,TRUE,"diagnostics_met_only",566.002475987647,1481.41717041939
"mu.chi.s[83]","local_continuous",TRUE,0.919987677062003,0.0176784131780411,0.895077225923014,0.920009971548012,0.944920934463425,0.99950256072831,3423.37615777906,8959.61104669648,0.000318472636503381,0.919979587448751,0.919968265221781,0.919986119803554,0.920016735773927,4.84705521462958e-05,NA,FALSE,FALSE,TRUE,"diagnostics_met_only",566.034417622198,1481.41717041939
"mu.chi.s[84]","local_continuous",TRUE,0.920000771437549,0.017679878908642,0.895077225923014,0.920022786589062,0.944923303936795,0.999503084179538,3423.66051514603,8962.25243403734,0.000318488646377576,0.919968265221781,0.919986119803554,0.920016735773927,0.920031964950934,6.36997291535435e-05,NA,FALSE,FALSE,TRUE,"diagnostics_met_only",566.081434382611,1481.85390774427
"mu.chi.s[85]","local_continuous",TRUE,0.92001315655697,0.0176782073474596,0.895077094729666,0.919987355895377,0.944923989078331,0.999502704148919,3423.24519517381,8962.20470824566,0.000318470388300256,0.919986119803554,0.920016735773927,0.920031964950934,0.920017805699465,4.58451473803745e-05,NA,FALSE,FALSE,TRUE,"diagnostics_met_only",566.012763752283,1481.84601657501
"mu.chi.s[86]","local_continuous",TRUE,0.920013445598588,0.0176781328344429,0.89507667063876,0.92006068392363,0.944923711332286,0.999502686247652,3423.22057651864,8962.1728914532,0.000318469574427649,0.920016735773927,0.920031964950934,0.920017805699465,0.919987275970023,4.4688980910812e-05,NA,FALSE,FALSE,TRUE,"diagnostics_met_only",566.008693207447,1481.84075586197
"mu.chi.s[87]","local_continuous",TRUE,0.920001372818872,0.017679866413541,0.89507667063876,0.919977213410177,0.944923553334236,0.999502828572857,3423.67846382835,8962.18879980923,0.000318488509893938,0.920031964950934,0.920017805699465,0.919987275970023,0.919968444655063,6.3520295871422e-05,NA,FALSE,FALSE,TRUE,"diagnostics_met_only",566.084402088021,1481.84338621184
"mu.chi.s[88]","local_continuous",TRUE,0.919988037875816,0.0176784980902814,0.89507667063876,0.919935649128746,0.944921959994203,0.999503156942307,3423.46465719365,8959.5951493802,0.000318473563968015,0.920017805699465,0.919987275970023,0.919968444655063,0.919978625178712,4.93610444020076e-05,NA,FALSE,FALSE,TRUE,"diagnostics_met_only",566.049050461913,1481.41454189487
"mu.chi.s[89]","local_continuous",TRUE,0.919985700854569,0.0176779033428631,0.895080038655934,0.920007640868026,0.944922548970507,0.999503078369545,3423.19181488604,8959.57413200003,0.000318467067801511,0.919987275970023,0.919968444655063,0.919978625178712,0.920008457614478,4.00129594156917e-05,NA,FALSE,FALSE,TRUE,"diagnostics_met_only",566.003937646502,1481.41106679895
"mu.chi.s[90]","local_continuous",TRUE,0.919996510401688,0.017679766679752,0.895078823066846,0.919969743485167,0.944921558495551,0.999502224470823,3423.85590358821,8959.5951493802,0.000318487420505917,0.919968444655063,0.919978625178712,0.920008457614478,0.920030514158497,6.20695034343477e-05,NA,FALSE,FALSE,TRUE,"diagnostics_met_only",566.113740672654,1481.41454189487
"mu.chi.s[91]","local_continuous",TRUE,0.920010528269401,0.0176788105868604,0.895078823066846,0.920011443838794,0.944922548970507,0.999503848940022,3423.65029655828,8956.95532988971,0.000318476977266405,0.919978625178712,0.920008457614478,0.920030514158497,0.920024516125917,5.18889797854749e-05,NA,FALSE,FALSE,TRUE,"diagnostics_met_only",566.079744801303,1480.97806380452
"mu.chi.s[92]","local_continuous",TRUE,0.920014866494781,0.0176777429867438,0.895078823066846,0.920084841615886,0.944923155942986,0.999504717981336,3423.11811179523,8956.97121585528,0.00031846531631639,0.920008457614478,0.920030514158497,0.920024516125917,0.919995978080231,3.45360782657567e-05,NA,FALSE,FALSE,TRUE,"diagnostics_met_only",565.991751288895,1480.98069045226
"mu.chi.s[93]","local_continuous",TRUE,0.92000553653342,0.0176795876506395,0.895076640025711,0.919958470597989,0.944922987515319,0.999502482425848,3423.73074589907,8956.93944400439,0.000318485464984479,0.920030514158497,0.920024516125917,0.919995978080231,0.91997113776903,5.93763894675137e-05,NA,FALSE,FALSE,TRUE,"diagnostics_met_only",566.093046610296,1480.97543717004
"mu.chi.s[94]","local_continuous",TRUE,0.919991116308765,0.017679119943418,0.895076640025711,0.919975671267538,0.944922717834336,0.999503380774629,3423.46223266886,8959.38902690855,0.00031848035629086,0.920024516125917,0.919995978080231,0.91997113776903,0.91997283325988,5.33783568871238e-05,NA,FALSE,FALSE,TRUE,"diagnostics_met_only",566.048649581491,1481.38046079837
"mu.chi.s[95]","local_continuous",TRUE,0.919984863708863,0.0176776645419623,0.895077656137012,0.920002501618735,0.944921800824708,0.999503186449329,3422.8547968897,8959.47362994341,0.000318464459507799,0.919995978080231,0.91997113776903,0.91997283325988,0.919999505726307,2.8367957277009e-05,NA,FALSE,FALSE,TRUE,"diagnostics_met_only",565.948213771445,1481.39444939541
"mu.chi.s[96]","local_continuous",TRUE,0.919992527345227,0.0176793435854261,0.895077656137012,0.919956928455198,0.944918723883829,0.999502745193282,3423.4060171795,8959.55823483055,0.000318482799091248,0.91997113776903,0.91997283325988,0.919999505726307,0.920026632625692,5.54948566620084e-05,NA,FALSE,FALSE,TRUE,"diagnostics_met_only",566.039354692378,1481.4084382987
"mu.chi.s[97]","local_continuous",TRUE,0.920007061305928,0.0176794015175782,0.895078096544183,0.920051466005908,0.944920199225956,0.999503101393341,3423.48977046053,8959.61104669648,0.000318483431875447,0.91997283325988,0.919999505726307,0.920026632625692,0.920029273611835,5.6440351954623e-05,NA,FALSE,FALSE,TRUE,"diagnostics_met_only",566.053202787786,1481.41717041939
"mu.chi.s[98]","local_continuous",TRUE,0.920015103134524,0.0176776742584869,0.895078096544183,0.920060683924263,0.944921507797107,0.99950257735053,3422.93415769676,8959.61104669648,0.000318464565635895,0.919999505726307,0.920026632625692,0.920029273611835,0.920005000574261,2.97678855279981e-05,NA,FALSE,FALSE,TRUE,"diagnostics_met_only",565.96133559801,1481.41717041939
"mu.chi.s[99]","local_continuous",TRUE,0.92000925921089,0.0176790539239765,0.895076502625042,0.919992359131917,0.94492154083342,0.999502847001876,3423.55995429647,8959.62694409309,0.000318479635175018,0.920026632625692,0.920029273611835,0.920005000574261,0.919976130031771,5.3143580063808e-05,NA,FALSE,FALSE,TRUE,"diagnostics_met_only",566.064807258014,1481.41979895719
"mu.chi.s[100]","local_continuous",TRUE,0.919994902411465,0.0176796328811187,0.895075808004004,0.920022786589519,0.944922989042265,0.999502225433299,3423.82021568117,8956.95532988971,0.000318485959032839,0.920029273611835,0.920005000574261,0.919976130031771,0.919969205427991,6.00681838432982e-05,NA,FALSE,FALSE,TRUE,"diagnostics_met_only",566.107839894374,1480.97806380452
"mu.chi.s[101]","local_continuous",TRUE,0.919985232311431,0.0176777713621637,0.895075808004004,0.919958882328513,0.944922687096828,0.999503537703586,3423.14181583848,8956.95532988971,0.000318465626245644,0.920005000574261,0.919976130031771,0.919969205427991,0.919990593211698,3.57951462698347e-05,NA,FALSE,FALSE,TRUE,"diagnostics_met_only",565.995670608215,1480.97806380452
"mu.chi.s[102]","local_continuous",TRUE,0.919989139556162,0.0176787417389261,0.895076900176923,0.919944832115165,0.944922687096828,0.99950279216971,3423.61489653083,8956.97121585528,0.000318476225260785,0.919976130031771,0.919969205427991,0.919990593211698,0.920020629553187,5.14241251953207e-05,NA,FALSE,FALSE,TRUE,"diagnostics_met_only",566.073891622161,1480.98069045226
"mu.chi.s[103]","local_continuous",TRUE,0.920003031842873,0.0176797956060234,0.895080924931615,0.920078502135886,0.944922996691392,0.999502037335594,3423.77191418153,8959.61104669648,0.000318487736466124,0.919969205427991,0.919990593211698,0.920020629553187,0.920031699178615,6.24937506241707e-05,NA,FALSE,FALSE,TRUE,"diagnostics_met_only",566.099853535306,1481.41717041939
"mu.chi.s[104]","local_continuous",TRUE,0.920014136667228,0.0176779481164298,0.895079717675427,0.920000170938864,0.944921821228175,0.999502935306488,3423.16892023589,8959.61104669648,0.000318467556840633,0.919990593211698,0.920020629553187,0.920031699178615,0.920013624725411,4.11059669176428e-05,NA,FALSE,FALSE,TRUE,"diagnostics_met_only",566.000152155405,1481.41717041939
"mu.chi.s[105]","local_continuous",TRUE,0.920012244304928,0.0176784318982367,0.895079717675427,0.920000341877727,0.94492228744734,0.999502746311792,3423.39301690965,8959.61104669648,0.000318472840976923,0.920020629553187,0.920031699178615,0.920013624725411,0.919983023762499,4.86754161166392e-05,NA,FALSE,FALSE,TRUE,"diagnostics_met_only",566.03720517686,1481.41717041939
"mu.chi.s[106]","local_continuous",TRUE,0.919999094585145,0.017679876731739,0.895078048312047,0.920053214013082,0.944923405552951,0.999502607583286,3423.66149709222,8962.25243403734,0.000318488622599323,0.920031699178615,0.920013624725411,0.919983023762499,0.919968030674055,6.36685045600771e-05,NA,FALSE,FALSE,TRUE,"diagnostics_met_only",566.081596741438,1481.85390774427
"mu.chi.s[107]","local_continuous",TRUE,0.919986777299604,0.0176781904390218,0.895075777564912,0.91993664352621,0.944922261846683,0.99950506361373,3423.25170806632,8962.22061676248,0.000318470203616776,0.920013624725411,0.919983023762499,0.919968030674055,0.919982430036451,4.55940513560682e-05,NA,FALSE,FALSE,TRUE,"diagnostics_met_only",566.013840619432,1481.84864695147
"mu.chi.s[108]","local_continuous",TRUE,0.919986616903827,0.0176781490843916,0.895075777564912,0.919974711792684,0.944923441393033,0.999504364670969,3423.22340306936,8962.22061676248,0.00031846975191851,0.919983023762499,0.919968030674055,0.919982430036451,0.920012983142304,4.4952468248316e-05,NA,FALSE,FALSE,TRUE,"diagnostics_met_only",566.009160560409,1481.84864695147
"mu.chi.s[109]","local_continuous",TRUE,0.919998760864953,0.0176798697969742,0.895076930847372,0.92005054146215,0.944923441393033,0.999502758876646,3423.66694395341,8962.25243403734,0.00031848854685108,0.919968030674055,0.919982430036451,0.920012983142304,0.920031599606999,6.35689329439026e-05,NA,FALSE,FALSE,TRUE,"diagnostics_met_only",566.082497346794,1481.85390774427
"mu.chi.s[110]","local_continuous",TRUE,0.920012044081126,0.0176784790244223,0.89507736396341,0.920002501618534,0.944922701131902,0.999502732191041,3423.44251224966,8959.5951493802,0.000318473355718615,0.919982430036451,0.920012983142304,0.920031599606999,0.920021163538747,4.91695705484574e-05,NA,FALSE,FALSE,TRUE,"diagnostics_met_only",566.045388930169,1481.41454189487
"mu.chi.s[111]","local_continuous",TRUE,0.920014254024656,0.0176779158279686,0.895078523932659,0.920050506535526,0.944922237002083,0.999502002985951,3423.18616859343,8959.62694409309,0.000318467204169983,0.920012983142304,0.920031599606999,0.920021163538747,0.919991269810572,4.03297964273186e-05,NA,FALSE,FALSE,TRUE,"diagnostics_met_only",566.003004066373,1481.41979895719
"mu.chi.s[112]","local_continuous",TRUE,0.920003358883653,0.0176797753540477,0.895078523932659,0.920030256515005,0.944922237002083,0.999501890638938,3423.83322047403,8959.62694409309,0.00031848751525479,0.920031599606999,0.920021163538747,0.919991269810572,0.919969402578295,6.21970287046913e-05,NA,FALSE,FALSE,TRUE,"diagnostics_met_only",566.109990157744,1481.41979895719
"mu.chi.s[113]","local_continuous",TRUE,0.91998937560051,0.0176787908824266,0.895076944216738,0.919911355433975,0.944920659505408,0.999503181893244,3423.64050710659,8956.9184351053,0.000318476762040584,0.920021163538747,0.919991269810572,0.919969402578295,0.919975666474427,5.17609604524516e-05,NA,FALSE,FALSE,TRUE,"diagnostics_met_only",566.078126175031,1480.97196347641
"mu.chi.s[114]","local_continuous",TRUE,0.919985160341261,0.0176777507123083,0.895076528018665,0.920002501618692,0.944922292677562,0.999502824089631,3423.10354124683,8956.84976946561,0.000318465400698502,0.919991269810572,0.919969402578295,0.919975666474427,0.920004302501752,3.48999234573988e-05,NA,FALSE,FALSE,TRUE,"diagnostics_met_only",565.989342137373,1480.96061003069
"mu.chi.s[115]","local_continuous",TRUE,0.91999458859582,0.0176796009249225,0.895076528018665,0.91999026924464,0.94492341079797,0.99950296970643,3423.74586100865,8956.83388403408,0.000318485609978199,0.919969402578295,0.919975666474427,0.920004302501752,0.920028982828809,5.95802505146681e-05,NA,FALSE,FALSE,TRUE,"diagnostics_met_only",566.095545801694,1480.95798347124
"mu.chi.s[116]","local_continuous",TRUE,0.920008992070426,0.0176791011700456,0.895077679448798,0.919987355894861,0.94492341079797,0.999502689515799,3423.48050370511,8959.55823483055,0.000318480151233333,0.919975666474427,0.920004302501752,0.920028982828809,0.920027016476721,5.33163543824378e-05,NA,FALSE,FALSE,TRUE,"diagnostics_met_only",566.051670586163,1481.4084382987
"mu.chi.s[117]","local_continuous",TRUE,0.920015128276952,0.0176776668924674,0.895080897302987,0.920096114445874,0.944922991212912,0.999505155136874,3422.89407780035,8959.61104669648,0.000318464485181033,0.920004302501752,0.920028982828809,0.920027016476721,0.920000211300529,2.87715282807355e-05,NA,FALSE,FALSE,TRUE,"diagnostics_met_only",565.95470863101,1481.41717041939
"mu.chi.s[118]","local_continuous",TRUE,0.920007355615416,0.0176793604024183,0.895078982816923,0.919985471872929,0.944921414075684,0.999502550639519,3423.4235907756,8959.62694409308,0.000318482982780644,0.920028982828809,0.920027016476721,0.920000211300529,0.919973211855606,5.57709732034173e-05,NA,FALSE,FALSE,TRUE,"diagnostics_met_only",566.042260379564,1481.41979895719
"mu.chi.s[119]","local_continuous",TRUE,0.919992820234988,0.0176793851706594,0.895078982816923,0.919958812475234,0.944921414075684,0.999503085085387,3423.4504452008,8959.61104669649,0.000318483253320424,0.920027016476721,0.920000211300529,0.919973211855606,0.919970841307099,5.61751696223078e-05,NA,FALSE,FALSE,TRUE,"diagnostics_met_only",566.04670059537,1481.41717041939
"mu.chi.s[120]","local_continuous",TRUE,0.919984885897402,0.0176776710466585,0.895078975402388,0.919987355894659,0.944922692312161,0.999503076759045,3422.90779794318,8959.52644073253,0.000318464530554909,0.920000211300529,0.919973211855606,0.919970841307099,0.919995279126375,2.93699934297287e-05,NA,FALSE,FALSE,TRUE,"diagnostics_met_only",565.956977173144,1481.40318133805
"mu.chi.s[121]","local_continuous",TRUE,0.919990847396042,0.0176790729441745,0.895076497437122,0.919939316077756,0.944923130486767,0.999502132703248,3423.53358473385,8959.61104669648,0.00031847984292835,0.919973211855606,0.919970841307099,0.919995279126375,0.920024057295089,5.32159879899075e-05,NA,FALSE,FALSE,TRUE,"diagnostics_met_only",566.060447211285,1481.41717041939
"mu.chi.s[122]","local_continuous",TRUE,0.920005223756552,0.0176796202627058,0.895076497437122,0.920014322260996,0.944924161550143,0.999504109168698,3423.79601994068,8956.98710190108,0.000318485821203027,0.919970841307099,0.919995279126375,0.920024057295089,0.920030717297647,5.98759905477975e-05,NA,FALSE,FALSE,TRUE,"diagnostics_met_only",566.103839275905,1480.98331711327
"mu.chi.s[123]","local_continuous",TRUE,0.920014797419379,0.0176777628439008,0.895077799835353,0.920071820770225,0.944924161550143,0.999505611634124,3423.13636907978,8956.98710190108,0.000318465533205277,0.919995279126375,0.920024057295089,0.920030717297647,0.920009135958405,3.54381712719398e-05,NA,FALSE,FALSE,TRUE,"diagnostics_met_only",565.994770019805,1480.98331711327
"mu.chi.s[124]","local_continuous",TRUE,0.920010766403071,0.017678761447265,0.895076655650773,0.919991364731405,0.944922013512663,0.999502906542642,3423.6122922272,8956.97121585528,0.000318476440529022,0.920024057295089,0.920030717297647,0.920009135958405,0.919979155061142,5.15622365047097e-05,NA,FALSE,FALSE,TRUE,"diagnostics_met_only",566.073461016402,1480.98069045226
"mu.chi.s[125]","local_continuous",TRUE,0.919996836805431,0.0176797877211501,0.895077650908889,0.92000997154768,0.944920344757159,0.99950300615863,3423.78990596174,8959.55823483055,0.00031848765034003,0.920030717297647,0.920009135958405,0.919979155061142,0.919968338904531,6.23783931152921e-05,NA,FALSE,FALSE,TRUE,"diagnostics_met_only",566.102828366689,1481.4084382987
"mu.chi.s[126]","local_continuous",TRUE,0.919985815434291,0.0176779349704049,0.895078240612719,0.919999829061137,0.944920344757159,0.999503042435878,3423.16838603803,8959.55823483055,0.000318467413253173,0.920009135958405,0.919979155061142,0.919968338904531,0.919986631813084,4.07970538738311e-05,NA,FALSE,FALSE,TRUE,"diagnostics_met_only",566.00006382904,1481.4084382987
"mu.chi.s[127]","local_continuous",TRUE,0.919987835287448,0.0176784507247564,0.895077067903704,0.919907688498229,0.944919137962574,0.999503648257818,3423.42408034568,8959.57413200003,0.000318473046611889,0.919979155061142,0.919968338904531,0.919986631813084,0.920017215371035,4.88764665032004e-05,NA,FALSE,FALSE,TRUE,"diagnostics_met_only",566.042341326998,1481.41106679895
"mu.chi.s[128]","local_continuous",TRUE,0.920001039321225,0.0176798742084038,0.895077251434915,0.920034059482696,0.944923161143696,0.999502228048223,3423.66553097265,8962.25243403734,0.000318488595037001,0.919968338904531,0.919986631813084,0.920017215371035,0.920031971196249,6.36322917175747e-05,NA,FALSE,FALSE,TRUE,"diagnostics_met_only",566.082263719023,1481.85390774427
"mu.chi.s[129]","local_continuous",TRUE,0.920013287807861,0.0176781737125831,0.895077251434915,0.920032929070592,0.94492413109753,0.999502474081944,3423.22736513716,8962.23652535971,0.000318470020921261,0.919986631813084,0.920017215371035,0.920031971196249,0.920017332851078,4.53393831649773e-05,NA,FALSE,FALSE,TRUE,"diagnostics_met_only",566.009815664212,1481.85127734122
"mu.chi.s[130]","local_continuous",TRUE,0.92001331954523,0.0176781655293007,0.895077072329101,0.919987355895086,0.94492413109753,0.999502640147412,3423.22702558705,8962.23652535971,0.000318469931538901,0.920017215371035,0.920031971196249,0.920017332851078,0.919986758762558,4.52124336912663e-05,NA,FALSE,FALSE,TRUE,"diagnostics_met_only",566.009759521669,1481.85127734122
"mu.chi.s[131]","local_continuous",TRUE,0.92000110535414,0.0176798728361478,0.895078393991906,0.920032929070592,0.944923558520056,0.999502108373511,3423.66500953508,8962.26834279537,0.000318488580047887,0.920031971196249,0.920017332851078,0.919986758762558,0.91996835860668,6.36125895687734e-05,NA,FALSE,FALSE,TRUE,"diagnostics_met_only",566.082177502494,1481.85653816061
"mu.chi.s[132]","local_continuous",TRUE,0.919987874905552,0.0176784600501182,0.895078251359675,0.919946785987541,0.944921965233702,0.999504260062408,3423.4293039096,8959.62694409309,0.000318473148469326,0.920017332851078,0.919986758762558,0.91996835860668,0.919979049401898,4.89742443980923e-05,NA,FALSE,FALSE,TRUE,"diagnostics_met_only",566.043205011508,1481.41979895719
"mu.chi.s[133]","local_continuous",TRUE,0.919985792212881,0.0176779285811422,0.895078430268939,0.919939316075632,0.944921965233702,0.999504733294837,3423.1886791147,8959.62694409309,0.000318467343466464,0.919986758762558,0.91996835860668,0.919979049401898,0.920009002080393,4.06434737133532e-05,NA,FALSE,FALSE,TRUE,"diagnostics_met_only",566.003419165791,1481.41979895719
"mu.chi.s[134]","local_continuous",TRUE,0.919996772094165,0.0176797837136754,0.895079859612399,0.920017783354003,0.944922405482014,0.999502480297026,3423.80014579228,8959.61104669648,0.00031848760656658,0.91996835860668,0.919979049401898,0.920009002080393,0.920030678287691,6.23196810111137e-05,NA,FALSE,FALSE,TRUE,"diagnostics_met_only",566.104521460364,1481.41717041939
"mu.chi.s[135]","local_continuous",TRUE,0.920010719697187,0.0176787711718143,0.895077220710927,0.919987355895365,0.944923298741431,0.999502707880476,3423.61771961975,8956.98710190108,0.000318476546747374,0.919979049401898,0.920009002080393,0.920030678287691,0.920024149018767,5.16288857935754e-05,NA,FALSE,FALSE,TRUE,"diagnostics_met_only",566.074358402737,1480.98331711327
"mu.chi.s[136]","local_continuous",TRUE,0.920014811660052,0.0176777587576933,0.895077220710927,0.920033647751971,0.944923994250675,0.999501974747735,3423.11942366387,8956.98710190108,0.000318465488573855,0.920009002080393,0.920030678287691,0.920024149018767,0.919995417253355,3.52610343361537e-05,NA,FALSE,FALSE,TRUE,"diagnostics_met_only",565.991968198391,1480.98331711327
"mu.chi.s[137]","local_continuous",TRUE,0.920005285850972,0.0176796139391921,0.895077073881832,0.92005321401412,0.944923983883877,0.999501851131104,3423.78258435372,8956.98710190108,0.000318485752131858,0.920030678287691,0.920024149018767,0.919995417253355,0.919970898844075,5.97794436164589e-05,NA,FALSE,FALSE,TRUE,"diagnostics_met_only",566.101617783353,1480.98331711327
"mu.chi.s[138]","local_continuous",TRUE,0.919990900254886,0.0176790822932588,0.895076782761142,0.919926124274766,0.94492284439703,0.999503561473794,3423.52022425457,8959.57925214423,0.000318479945046321,0.920024149018767,0.919995417253355,0.919970898844075,0.919973135903348,5.32501746922653e-05,NA,FALSE,FALSE,TRUE,"diagnostics_met_only",566.058238137329,1481.41191338364
"mu.chi.s[139]","local_continuous",TRUE,0.919984880922492,0.0176776695890656,0.895077512585508,0.919977590215388,0.944920484851844,0.999502478747408,3422.89008135146,8959.57925214423,0.000318464514634447,0.919995417253355,0.919970898844075,0.919973135903348,0.920000071689189,2.9172845114056e-05,NA,FALSE,FALSE,TRUE,"diagnostics_met_only",565.954047842503,1481.41191338364
"mu.chi.s[140]","local_continuous",TRUE,0.919992762000233,0.0176793770347636,0.895078379575801,0.920017270537482,0.944920484851844,0.99950301675822,3423.44563556419,8959.5951493802,0.000318483164453238,0.919970898844075,0.919973135903348,0.920000071689189,0.920026941564324,5.604272024895e-05,NA,FALSE,FALSE,TRUE,"diagnostics_met_only",566.045905351222,1481.41454189487
"mu.chi.s[141]","local_continuous",TRUE,0.920007297661581,0.0176793686313325,0.895077512585508,0.919982216646066,0.944918870758197,0.999502606917316,3423.42928116915,8959.62694409308,0.000318483072663822,0.919973135903348,0.920000071689189,0.920026941564324,0.920029041489465,5.5905586116678e-05,NA,FALSE,FALSE,TRUE,"diagnostics_met_only",566.043201251513,1481.41979895719
"mu.chi.s[142]","local_continuous",TRUE,0.920015123886526,0.0176776681796211,0.895077978252658,0.920073498919742,0.944922436281386,0.99950586695036,3422.89434166965,8959.5951493802,0.000318464499239883,0.920000071689189,0.920026941564324,0.920029041489465,0.920004440803124,2.89698002760019e-05,NA,FALSE,FALSE,TRUE,"diagnostics_met_only",565.954752260193,1481.41454189487
"mu.chi.s[143]","local_continuous",TRUE,0.920009045279946,0.0176790918698033,0.895076385545413,0.920040398992131,0.944923268114861,0.999505596970796,3423.51261270101,8959.54745791326,0.00031848004964881,0.920026941564324,0.920029041489465,0.920004440803124,0.919975757262871,5.3284226593564e-05,NA,FALSE,FALSE,TRUE,"diagnostics_met_only",566.056979613263,1481.406656401
"p.a[1]","local_continuous",TRUE,0.461850050920723,0.276350162472305,0.000674734023470238,0.632195474517344,0.74557299438437,1.00927346156977,7699.12555116275,8807.10137584952,0.00290895686463924,0.468577026859055,0.455144255818935,0.468340542212737,0.455338378792163,0.0134327710401203,NA,FALSE,FALSE,TRUE,"diagnostics_met_only",1273.00356335363,1456.20062431374
"p.a[2]","local_continuous",TRUE,0.46194427241103,0.276316723951772,0.000674699597258331,0.632195676494899,0.745562058688975,1.00925924377694,7691.75823891105,8807.11651014605,0.00290807699514149,0.468513474123804,0.455335846271746,0.468717519712802,0.455210249535769,0.013507270177033,NA,FALSE,FALSE,TRUE,"diagnostics_met_only",1271.78542310037,1456.20312667759
"p.a[3]","local_continuous",TRUE,0.461767565073574,0.276347910112526,0.000674728563316134,0.631848117008705,0.745528314993217,1.00920637286445,7700.19951405969,8807.10137584952,0.00290862360884057,0.468365822775631,0.45536383921951,0.468243958458619,0.455096639840539,0.0132691829350918,NA,FALSE,FALSE,TRUE,"diagnostics_met_only",1273.18113658394,1456.20062431374
"p.a[4]","local_continuous",TRUE,0.461814831755209,0.276335170257193,0.000674590282139452,0.63212777390143,0.745671668530552,1.00927010046666,7694.41357372843,8807.11651014605,0.00290932576733115,0.468551178890501,0.455049406735628,0.468276286278958,0.45538245511575,0.0135017721548728,NA,FALSE,FALSE,TRUE,"diagnostics_met_only",1272.22446655563,1456.20312667759
"p.a[5]","local_continuous",TRUE,0.461740692950956,0.276353516361545,0.000674711118686349,0.632281396307502,0.745598718152909,1.00919758813044,7701.85943604158,8807.10137584952,0.0029086823714762,0.468208475771499,0.455066327072638,0.468550195697673,0.455137773262013,0.0134838686250352,NA,FALSE,FALSE,TRUE,"diagnostics_met_only",1273.45559458359,1456.20062431374
"p.a[6]","local_continuous",TRUE,0.461757980511439,0.276364222110143,0.000674314259626893,0.63238986282702,0.745687411439823,1.00917390911731,7716.73614685538,8807.11651014605,0.00290814712989169,0.468235218239672,0.45534337411919,0.468309355697597,0.455143973989296,0.0131653817083014,NA,FALSE,FALSE,TRUE,"diagnostics_met_only",1275.91536819699,1456.20312667759
"p.a[7]","local_continuous",TRUE,0.461889129522132,0.276341188411019,0.000674611518287474,0.632278844623612,0.745638930870869,1.0092639958294,7698.40117949481,8801.98881944618,0.00290876129113535,0.468591000902225,0.455183840887441,0.468385583320661,0.4553960929782,0.0134071600147836,NA,FALSE,FALSE,TRUE,"diagnostics_met_only",1272.88379290589,1455.3552942206
"p.a[8]","local_continuous",TRUE,0.461764909939186,0.276356831287023,0.000674722652538135,0.63230594647013,0.74550191500068,1.009217939167,7693.61552706796,8802.05452285146,0.00290897986804068,0.468324171214161,0.455158039590261,0.468546900788116,0.455030528164204,0.0135163726239118,NA,FALSE,FALSE,TRUE,"diagnostics_met_only",1272.09251439616,1455.36615787888
"p.a[9]","local_continuous",TRUE,0.461782208795241,0.276348359265774,0.000674424461641979,0.631967950931521,0.745594780486343,1.00923391073115,7695.74351479955,8801.98881944618,0.00290875034994667,0.468385287263882,0.455392924512794,0.468253130017412,0.455097493386874,0.0132877938770086,NA,FALSE,FALSE,TRUE,"diagnostics_met_only",1272.4443642195,1455.3552942206
"p.a[10]","local_continuous",TRUE,0.461800176306844,0.276337970839682,0.000674906172506086,0.632243201123665,0.745621208940372,1.00927467619087,7691.1079680617,8802.09000058045,0.00290939888842862,0.468555585007632,0.455040734812021,0.468255416587126,0.455348968820596,0.0135148501956103,NA,FALSE,FALSE,TRUE,"diagnostics_met_only",1271.67790477211,1455.3720239055
"p.a[11]","local_continuous",TRUE,0.461716584241982,0.276355002411551,0.000674443173003732,0.631920591658048,0.745562743646623,1.00920059942621,7704.6445682485,8807.10137584952,0.00290856366534116,0.468195775928289,0.455041666092359,0.468513172674153,0.455115722273126,0.013471506581794,NA,FALSE,FALSE,TRUE,"diagnostics_met_only",1273.91609924744,1456.20062431374
"p.a[12]","local_continuous",TRUE,0.461923308833224,0.276322955470419,0.000674663854260072,0.632555913506743,0.745693293135794,1.00916114889203,7717.28569450695,8807.11651014605,0.0029072591067186,0.468405746588842,0.455492956445964,0.468475335483356,0.455319196814733,0.0131561386686227,NA,FALSE,FALSE,TRUE,"diagnostics_met_only",1276.00623255737,1456.20312667759
"p.a[13]","local_continuous",TRUE,0.461893930065173,0.276337427933793,0.000674479786366393,0.63245807788369,0.745698041473704,1.00926538089571,7697.30985713525,8802.03940972253,0.00290870751255817,0.468579443068983,0.455178844606603,0.468398272061815,0.455419160523291,0.0134005984623802,NA,FALSE,FALSE,TRUE,"diagnostics_met_only",1272.70334939406,1455.36365901497
"p.a[14]","local_continuous",TRUE,0.461768008336869,0.276360664235977,0.000674675407530605,0.632483012084836,0.745572056688644,1.0092394043979,7689.99697355711,8796.98325908037,0.00290916053442058,0.468314511986034,0.455160254484631,0.468562706485518,0.455034560391292,0.0135281460942253,NA,FALSE,FALSE,TRUE,"diagnostics_met_only",1271.49420859079,1454.52765527123
"p.a[15]","local_continuous",TRUE,0.461746067047011,0.27636105130386,0.000674479933321715,0.63204337976002,0.745623716275914,1.00924222933909,7695.46383710427,8802.03940972253,0.00290909385955952,0.468346515307401,0.455369086787203,0.468218086482226,0.455050579611215,0.0132959356961863,NA,FALSE,FALSE,TRUE,"diagnostics_met_only",1272.39812121433,1455.36365901497
"p.a[16]","local_continuous",TRUE,0.461786439470982,0.27634123970253,0.000674745757496541,0.632140789111779,0.745555329812475,1.00926155302315,7687.26481211535,8796.98325908037,0.00290945930716275,0.46856300848001,0.455033017197165,0.468233367743599,0.455316364463154,0.0135299912828453,NA,FALSE,FALSE,TRUE,"diagnostics_met_only",1271.04246232066,1454.52765527123
"p.a[17]","local_continuous",TRUE,0.461707884122567,0.276354046366947,0.000674446176240983,0.631797868930444,0.745535063089852,1.00920284481425,7712.68505182703,8807.10137584952,0.00290841462650944,0.468201921876126,0.455034594931311,0.468491521200523,0.455103498482312,0.0134569262692117,NA,FALSE,FALSE,TRUE,"diagnostics_met_only",1275.24554428357,1456.20062431374
"p.a[18]","local_continuous",TRUE,0.461750337244611,0.276355988395521,0.000674603334590089,0.632125429038784,0.745644806788687,1.00919944102406,7712.43620854264,8807.10137584952,0.00290780923397255,0.46823102041081,0.455312229980461,0.468300582882004,0.455157515705167,0.0131430671768374,NA,FALSE,FALSE,TRUE,"diagnostics_met_only",1275.20439956062,1456.20062431374
"p.a[19]","local_continuous",TRUE,0.461836284414436,0.276350994960918,0.000674718206673625,0.632474368315274,0.74572630399446,1.00921951514588,7695.20489082024,8796.88219531665,0.0029089823680286,0.468502361016425,0.455115081644504,0.468343226458867,0.455384468537947,0.0133872793719211,NA,FALSE,FALSE,TRUE,"diagnostics_met_only",1272.35530602187,1454.51094499283
"p.a[20]","local_continuous",TRUE,0.461816300642624,0.276354470604341,0.000674319766928793,0.632323882098317,0.745724676980568,1.00924941215064,7686.79261834829,8796.98325908037,0.00290912959010539,0.468347054332443,0.45520465653343,0.46862593252956,0.455087559175064,0.0135383733544968,NA,FALSE,FALSE,TRUE,"diagnostics_met_only",1270.96438795441,1454.52765527123
"p.a[21]","local_continuous",TRUE,0.461807162163244,0.276353153161411,0.000674676907701109,0.632250665234785,0.745645267578015,1.00924312504729,7686.97150433926,8796.88219531665,0.00290899883875442,0.468402035868333,0.455441325491864,0.468280996206117,0.455104291086662,0.0132977447816702,NA,FALSE,FALSE,TRUE,"diagnostics_met_only",1270.99396566456,1454.51094499283
"p.a[22]","local_continuous",TRUE,0.461789042946271,0.276342731896114,0.000674729748159831,0.631959989951726,0.745508344669896,1.00923312895817,7685.91383589624,8796.99835108033,0.0029094666581099,0.468580449842301,0.455043200179048,0.468233469911534,0.455299051852203,0.0135372496632527,NA,FALSE,FALSE,TRUE,"diagnostics_met_only",1270.81908662306,1454.53015064159
"p.a[23]","local_continuous",TRUE,0.461734531944678,0.276343814953463,0.000674470462554184,0.631920329729763,0.745564329457961,1.00923104806937,7708.22933128538,8807.10137584952,0.00290817047607021,0.468245089360652,0.455063837553775,0.468506924801721,0.455122276062563,0.0134430872479452,NA,FALSE,FALSE,TRUE,"diagnostics_met_only",1274.50881800353,1456.20062431374
"p.a[24]","local_continuous",TRUE,0.461758804468282,0.276348972309855,0.00067444368797835,0.632076517946913,0.745578862901225,1.00920477895625,7708.59359913687,8807.08624162759,0.00290768885167638,0.468248028943852,0.455312595376559,0.468303079170815,0.455171514381902,0.013131564788913,NA,FALSE,FALSE,TRUE,"diagnostics_met_only",1274.56904747633,1456.19812196223
"p.a[25]","local_continuous",TRUE,0.461825724852706,0.276351511220475,0.00067443176340095,0.63251755734371,0.745790338367225,1.00921124831976,7692.39046483589,8796.88219531665,0.00290904893566894,0.468480112580626,0.455094928555836,0.468334235834879,0.455393622439481,0.0133851840247896,NA,FALSE,FALSE,TRUE,"diagnostics_met_only",1271.88995781017,1454.51094499283
"p.a[26]","local_continuous",TRUE,0.461777592632991,0.276364279997338,0.000674082800756134,0.632246175723792,0.745699591715738,1.00926719793434,7683.60990886975,8796.99835108033,0.00290942520993381,0.468290697982539,0.455161637848759,0.468597803165136,0.455060231535532,0.0135375716296041,NA,FALSE,FALSE,TRUE,"diagnostics_met_only",1270.43814630783,1454.53015064159
"p.a[27]","local_continuous",TRUE,0.461773721499867,0.27636269838286,0.000674473032518697,0.632344142573347,0.745691741708026,1.00925341279301,7683.51981582932,8796.88219531665,0.00290921356159242,0.46835717887517,0.455416152127443,0.468254001406824,0.455067553590027,0.0132896252851429,NA,FALSE,FALSE,TRUE,"diagnostics_met_only",1270.42324997178,1454.51094499283
"p.a[28]","local_continuous",TRUE,0.461794261918308,0.276344989749146,0.000674733425559503,0.631996265158159,0.745530833257248,1.00922963098291,7689.2667951381,8796.85201238405,0.00290944499053426,0.46859438463575,0.455057706886295,0.468239572195229,0.455285383955957,0.0135366777494543,NA,FALSE,FALSE,TRUE,"diagnostics_met_only",1271.37347803209,1454.50595442858
"p.a[29]","local_continuous",TRUE,0.461760369572799,0.276336374064852,0.000674473516103497,0.632056980602172,0.745603591473301,1.00927050591271,7706.56149566213,8807.10137584952,0.00290796277787826,0.468288580912138,0.455095048132344,0.468523198874455,0.455134650372256,0.0134281507421112,NA,FALSE,FALSE,TRUE,"diagnostics_met_only",1274.23305153144,1456.20062431374
"p.a[30]","local_continuous",TRUE,0.461791239906429,0.276338031118593,0.00067469318745401,0.632211243334016,0.745466504361551,1.00918317653098,7705.18401703656,8807.07110748027,0.0029075282680486,0.468294335628802,0.455339567195649,0.468327312371972,0.455203744429293,0.0131235679426798,NA,FALSE,FALSE,TRUE,"diagnostics_met_only",1274.00529382218,1456.19561962306
"p.a[31]","local_continuous",TRUE,0.461837990139236,0.276347103261832,0.00067430664996275,0.63247093723653,0.745586372361272,1.00920258761943,7693.46391488774,8796.88219531665,0.00290904048217225,0.468487358813069,0.455097592586223,0.468345560312206,0.455421448845447,0.0133897662268456,NA,FALSE,FALSE,TRUE,"diagnostics_met_only",1272.06744624467,1454.51094499283
"p.a[32]","local_continuous",TRUE,0.461781722692418,0.27636505685223,0.000674620112727233,0.632214911463386,0.74571707452539,1.0092748208934,7676.52294835201,8796.98325908037,0.00290949503609657,0.468278377187481,0.455157485853495,0.468610274682299,0.455080753046396,0.0135295216359025,NA,FALSE,FALSE,TRUE,"diagnostics_met_only",1269.26636050794,1454.52765527123
"p.a[33]","local_continuous",TRUE,0.461769331656944,0.276366182399093,0.000674448613216738,0.632379713945493,0.745732909586927,1.00921481120013,7681.62755666595,8796.88219531665,0.00290925361616259,0.468337238106008,0.455414983446128,0.468259812049988,0.455065293025651,0.0132719450803568,NA,FALSE,FALSE,TRUE,"diagnostics_met_only",1270.11037643286,1454.51094499283
"p.a[34]","local_continuous",TRUE,0.461795547391313,0.276348254114026,0.00067468116214623,0.632182215061535,0.745718065381134,1.00925417291818,7688.88057666181,8796.85201238405,0.00290944051651202,0.468598363521892,0.455068639664895,0.468243792222102,0.455271394156363,0.0135297238569971,NA,FALSE,FALSE,TRUE,"diagnostics_met_only",1271.30961915705,1454.50595442858
"p.a[35]","local_continuous",TRUE,0.461713245429221,0.276348158439,0.00067463828548612,0.632085672363087,0.745626133132495,1.00926991605467,7706.13032492722,8807.11651014605,0.00290819118910629,0.468254801187771,0.455060690793038,0.468467792725912,0.45506969701016,0.0134071019328738,NA,FALSE,FALSE,TRUE,"diagnostics_met_only",1274.16176007394,1456.20312667759
"p.a[36]","local_continuous",TRUE,0.461722245249463,0.276351355533966,0.000674736848472878,0.631852347660724,0.745470711061365,1.00915720533561,7706.89791171948,8807.10137584952,0.00290786847288432,0.468239763629871,0.455269789021295,0.468247609984795,0.455131818361889,0.0131157916229059,NA,FALSE,FALSE,TRUE,"diagnostics_met_only",1274.28867587954,1456.20062431374
"p.a[37]","local_continuous",TRUE,0.461825759343762,0.276346794209645,0.000674336358945101,0.63226904961767,0.745608177049439,1.00918486200081,7698.97479229835,8796.88219531665,0.00290912486618639,0.468473472875268,0.455077494453709,0.468330929079395,0.455421140966675,0.0133959784215588,NA,FALSE,FALSE,TRUE,"diagnostics_met_only",1272.97863629272,1454.51094499283
"p.a[38]","local_continuous",TRUE,0.461787090453983,0.276362833700082,0.000674663916906412,0.632064179664093,0.745651647622819,1.00926301174863,7680.11045346188,8796.86710381319,0.00290946512658606,0.468269299517603,0.455152368608941,0.468623782391856,0.455102911297533,0.0135208710943233,NA,FALSE,FALSE,TRUE,"diagnostics_met_only",1269.85953264912,1454.50844970456
"p.a[39]","local_continuous",TRUE,0.461766686611362,0.276369481832192,0.000674440739025295,0.632542399743207,0.74579765391655,1.00920919566798,7681.0225995706,8796.88219531665,0.00290923069179744,0.468318493502563,0.455412151044863,0.468266975339236,0.455069126558787,0.0132493669437758,NA,FALSE,FALSE,TRUE,"diagnostics_met_only",1270.0103504581,1454.51094499283
"p.a[40]","local_continuous",TRUE,0.461803594430638,0.276348574683047,0.0006746377316463,0.63213958524774,0.745695691605084,1.00927459524211,7691.08681514262,8796.88219531665,0.00290936567403001,0.468605403419167,0.455083574473306,0.468254615475301,0.455270784354775,0.0135218289458609,NA,FALSE,FALSE,TRUE,"diagnostics_met_only",1271.67440726565,1454.51094499283
"p.a[41]","local_continuous",TRUE,0.461721185181377,0.276346780992539,0.000674748410006526,0.632184851951652,0.745673271361097,1.00927471069103,7699.12157851976,8807.10137584952,0.00290820707761696,0.468277109660697,0.45507877312231,0.468469617266581,0.455059240675919,0.0134103765906621,NA,FALSE,FALSE,TRUE,"diagnostics_met_only",1273.00290650128,1456.20062431374
"p.a[42]","local_continuous",TRUE,0.461772882651285,0.276338288408212,0.000674451145229515,0.631936478103991,0.745504363373282,1.00915134900849,7706.7488037753,8807.07110748027,0.00290775907187162,0.468309276352655,0.45531883736813,0.468290647332143,0.455172769552211,0.0131365068004442,NA,FALSE,FALSE,TRUE,"diagnostics_met_only",1274.26402178824,1456.19561962306
"p.a[43]","local_continuous",TRUE,0.461868586557578,0.276335927748686,0.000674616488497528,0.632276768575198,0.745597332036869,1.00922956895651,7695.60946655719,8796.85201238405,0.0029090291983166,0.468519949835164,0.455113996270448,0.468369768924163,0.455470631200535,0.0134059535647156,NA,FALSE,FALSE,TRUE,"diagnostics_met_only",1272.42220015827,1454.50595442858
"p.a[44]","local_continuous",TRUE,0.461777034290547,0.276364058073902,0.000674455313661891,0.632203162011763,0.745586423395981,1.00925980268372,7683.47818640078,8801.95859383467,0.00290946141716764,0.468247448112033,0.45513204392563,0.468616720720334,0.455111924404191,0.0135047963161433,NA,FALSE,FALSE,TRUE,"diagnostics_met_only",1270.41636679907,1455.35029659965
"p.a[45]","local_continuous",TRUE,0.461803085501325,0.276362393278504,0.000674709879179388,0.632443594304098,0.745596292276276,1.0091993910866,7688.70219650919,8796.75095178677,0.00290896578775919,0.468337410903396,0.455442172916847,0.468315363398384,0.455117394786673,0.0132200161167224,NA,FALSE,FALSE,TRUE,"diagnostics_met_only",1271.28012508419,1454.48924467374
"p.a[46]","local_continuous",TRUE,0.461823783607859,0.27634834493156,0.000674473467307346,0.632223571633373,0.745684451562869,1.00931326641863,7694.15726877496,8802.05452285146,0.00290924725500883,0.468615788199659,0.455111865264786,0.468283250284134,0.455284230682858,0.0135039229348731,NA,FALSE,FALSE,TRUE,"diagnostics_met_only",1272.1820880911,1455.36615787888
"p.a[47]","local_continuous",TRUE,0.461729721088965,0.276346699542914,0.000674753811574008,0.632099510514399,0.745739510358155,1.00927988636728,7697.10849968681,8807.10137584952,0.00290826602609645,0.46829717641586,0.455097055392895,0.468475034622729,0.455049617924375,0.0134254166983545,NA,FALSE,FALSE,TRUE,"diagnostics_met_only",1272.67005616515,1456.20062431374
"p.a[48]","local_continuous",TRUE,0.461731629317746,0.27634806519219,0.000674332396296238,0.632165762331438,0.74564872989503,1.00916570337496,7713.81710393474,8807.10137584952,0.00290807776546745,0.468283363837921,0.455286139409445,0.468236982101159,0.45512003192246,0.0131633319154604,NA,FALSE,FALSE,TRUE,"diagnostics_met_only",1275.43272221143,1456.20062431374
"p.a[49]","local_continuous",TRUE,0.461953080343598,0.276314224744164,0.000674655835496906,0.63224665281554,0.745613888531777,1.00928419764761,7690.96965751898,8801.97370660319,0.00290867947649585,0.468622330796906,0.455186830799288,0.4684457586115,0.455557401166696,0.0134354999976183,NA,FALSE,FALSE,TRUE,"diagnostics_met_only",1271.65503596544,1455.35279540397
"p.a[50]","local_continuous",TRUE,0.46178775416339,0.276358539143153,0.000674671944794404,0.632250806207477,0.74552230649543,1.00922274728082,7689.69215672566,8801.98881944618,0.00290928541171263,0.468249511020812,0.455132725998752,0.468627083064508,0.45514169656949,0.0134943570657563,NA,FALSE,FALSE,TRUE,"diagnostics_met_only",1271.44380898242,1455.3552942206
"p.a[51]","local_continuous",TRUE,0.461776223925012,0.276369000919691,0.00067464684783169,0.632092876700134,0.745534273749485,1.00917945708926,7698.80466985935,8801.98881944618,0.00290891480905571,0.468292761282694,0.455408130164191,0.468300607360302,0.455103396892862,0.0131972104674391,NA,FALSE,FALSE,TRUE,"diagnostics_met_only",1272.95050758256,1455.3552942206
"p.a[52]","local_continuous",TRUE,0.461887835843252,0.276335843594871,0.00067467680962083,0.632252117647501,0.745669311760701,1.00929904879926,7693.20081318897,8802.09000058045,0.00290889864286035,0.468666216861258,0.455179546225756,0.468357272545621,0.455348307740372,0.0134866706355016,NA,FALSE,FALSE,TRUE,"diagnostics_met_only",1272.02394397966,1455.3720239055
"p.a[53]","local_continuous",TRUE,0.461813013437728,0.276331212333741,0.000674731030160638,0.632300712820495,0.745803880593271,1.00925974776907,7699.53383954426,8807.08624162759,0.00290806171120231,0.468388559841921,0.455186912095347,0.46856211628216,0.455114465531485,0.0134476507506748,NA,FALSE,FALSE,TRUE,"diagnostics_met_only",1273.07107135322,1456.19812196223
"p.a[54]","local_continuous",TRUE,0.461741948424549,0.276346088161716,0.000674494974307374,0.632125247251169,0.745689390042581,1.0091970810892,7709.24453870479,8807.11651014605,0.00290819810947508,0.468312035076612,0.455305501218306,0.468234360291039,0.455115897112237,0.0131961379643746,NA,FALSE,FALSE,TRUE,"diagnostics_met_only",1274.67667637315,1456.20312667759
"p.a[55]","local_continuous",TRUE,0.461812297245359,0.276340821381114,0.000674697789216965,0.632213120477864,0.745678029985948,1.00924715678051,7696.36891177707,8807.10137584952,0.00290927800916357,0.468494130541032,0.455047150101353,0.468295489623793,0.45541241871526,0.013446980439679,NA,FALSE,FALSE,TRUE,"diagnostics_met_only",1272.54776980441,1456.20062431374
"p.a[56]","local_continuous",TRUE,0.461761170572376,0.276360608249184,0.000674457547862098,0.631966457423374,0.74554158909265,1.00921384074192,7695.89326507449,8807.10137584952,0.002909206730496,0.468218117461134,0.455100369284126,0.468595259183596,0.455130936360649,0.0134948898994694,NA,FALSE,FALSE,TRUE,"diagnostics_met_only",1272.46912451628,1456.20062431374
"p.a[57]","local_continuous",TRUE,0.461794776413207,0.276364441004045,0.000674464488212248,0.632115326620737,0.745599553213474,1.0091946611447,7705.91361880644,8807.10137584952,0.00290862254893574,0.468296876838177,0.455415389872574,0.468328605072948,0.455138233869128,0.0131903712038196,NA,FALSE,FALSE,TRUE,"diagnostics_met_only",1274.12592903546,1456.20062431374
"p.a[58]","local_continuous",TRUE,0.461856705575859,0.276347662110203,0.000674767104209058,0.632144686338082,0.745579711926357,1.00928076325069,7694.83627998362,8807.10137584952,0.00290901848909882,0.46861772306464,0.455152463839746,0.468331719347473,0.455324916051578,0.0134652592248939,NA,FALSE,FALSE,TRUE,"diagnostics_met_only",1272.2943584629,1456.20062431374
"p.a[59]","local_continuous",TRUE,0.461751659024076,0.27634683716133,0.00067446616521594,0.631972749807988,0.745602662851275,1.00926432136693,7699.99459036657,8807.10137584952,0.00290847961000159,0.468326931897159,0.455136965756302,0.468505818297066,0.455036920145778,0.0134688981512884,NA,FALSE,FALSE,TRUE,"diagnostics_met_only",1273.14725369818,1456.20062431374
"p.a[60]","local_continuous",TRUE,0.461745128086338,0.276345995689287,0.000674865284385179,0.632211137929932,0.745690756620465,1.00919963505653,7707.61440325016,8807.11651014605,0.00290837812313085,0.468329021103884,0.455320452788527,0.468228759361945,0.455102279090996,0.0132267420128883,NA,FALSE,FALSE,TRUE,"diagnostics_met_only",1274.40714339454,1456.20312667759
"p.a[61]","local_continuous",TRUE,0.461841764079241,0.276332973712925,0.000674742434309931,0.63224994416914,0.745746106307252,1.00924218502455,7692.98641669208,8807.10137584952,0.00290919797912782,0.46854331941874,0.455072720416135,0.468318180883502,0.455432835598585,0.0134705990026054,NA,FALSE,FALSE,TRUE,"diagnostics_met_only",1271.98849482343,1456.20062431374
"p.a[62]","local_continuous",TRUE,0.461754488401985,0.276357549143441,0.000674477147536526,0.6323863497071,0.745655060795836,1.0091875901158,7705.54866920351,8807.10137584952,0.00290900565625394,0.468212700674767,0.455085420862272,0.468582113622865,0.455137718448036,0.0134966927605927,NA,FALSE,FALSE,TRUE,"diagnostics_met_only",1274.0655868392,1456.20062431374
"p.a[63]","local_continuous",TRUE,0.461779644785839,0.276365368934847,0.000674635566205914,0.632101575555032,0.745612323785464,1.00920155990469,7705.8544907983,8807.10137584952,0.00290845157697391,0.468268452016131,0.455386870541018,0.468324074799073,0.455139181787133,0.0131848930119393,NA,FALSE,FALSE,TRUE,"diagnostics_met_only",1274.11615257908,1456.20062431374
"p.a[64]","local_continuous",TRUE,0.461862194859717,0.276346552453176,0.000674735055423851,0.632307711780797,0.745513139966267,1.00926818180499,7695.41584020063,8807.10137584952,0.00290891873785609,0.468597698600203,0.455160665864221,0.468349766930862,0.455340648043585,0.0134370327359822,NA,FALSE,FALSE,TRUE,"diagnostics_met_only",1272.39018521836,1456.20062431374
"p.a[65]","local_continuous",TRUE,0.461761379759751,0.276349722071925,0.000674488142543001,0.6318185147161,0.745577155573885,1.00924865354192,7701.39845167269,8807.10137584952,0.00290864857746443,0.468333452589556,0.455152705210174,0.468524894523529,0.45503446671575,0.013490427807779,NA,FALSE,FALSE,TRUE,"diagnostics_met_only",1273.37937362313,1456.20062431374
"p.a[66]","local_continuous",TRUE,0.46171817266776,0.276356932641217,0.000674689704402728,0.632082018309894,0.745675627005189,1.00922358894373,7701.59920663757,8807.10137584952,0.00290870148005285,0.468313281672848,0.455307555507585,0.468193123303582,0.455058730187025,0.0132545514858231,NA,FALSE,FALSE,TRUE,"diagnostics_met_only",1273.41256723505,1456.20062431374
"p.a[67]","local_continuous",TRUE,0.46179623723631,0.276341489204436,0.000674762919853327,0.631913081480155,0.745810102439178,1.00922814788834,7693.93494418075,8807.10137584952,0.00290940092341289,0.468518304421605,0.455030589592092,0.468262315797306,0.455373739134237,0.0134877148295126,NA,FALSE,FALSE,TRUE,"diagnostics_met_only",1272.14532807221,1456.20062431374
"p.a[68]","local_continuous",TRUE,0.461772160954985,0.276351406647374,0.000674262706988758,0.632279813182351,0.74568308366471,1.00921160074957,7708.54465961581,8807.10137584952,0.00290871249360935,0.46823825960384,0.455096232754825,0.46858525300335,0.455168898457925,0.0134890202485243,NA,FALSE,FALSE,TRUE,"diagnostics_met_only",1274.56095562431,1456.20062431374
"p.a[69]","local_continuous",TRUE,0.46180066624791,0.276358448821031,0.000674762639958817,0.632247230087358,0.745671716573885,1.00918190588479,7709.96992768679,8807.11651014605,0.00290812139491247,0.468283048728404,0.455394754124599,0.468345007683284,0.455179854455352,0.0131651532279322,NA,FALSE,FALSE,TRUE,"diagnostics_met_only",1274.79661502758,1456.20312667759
"p.a[70]","local_continuous",TRUE,0.461898830205712,0.276341464957272,0.000674404675647215,0.632513886715922,0.745505946331492,1.00926029632942,7695.91243833474,8807.10137584952,0.00290876376825555,0.468616124916608,0.455192902510916,0.468391856108568,0.455394437286758,0.0134232224056923,NA,FALSE,FALSE,TRUE,"diagnostics_met_only",1272.4722946982,1456.20062431374
"p.a[71]","local_continuous",TRUE,0.461774408764396,0.276351842200026,0.000674590381418783,0.632061347054274,0.745627557443457,1.00926109267618,7698.25671851417,8802.03940972253,0.00290880266971222,0.468340781323996,0.455167996178844,0.46854723583824,0.455041621716507,0.0135056141217333,NA,FALSE,FALSE,TRUE,"diagnostics_met_only",1272.85990716173,1455.36365901497
"p.a[72]","local_continuous",TRUE,0.461725296591341,0.276359197994085,0.000674774229153803,0.631984659343161,0.745572995656163,1.00923496036801,7692.96087943851,8807.10137584952,0.00290887753594488,0.46832609396662,0.455328560670984,0.468195906321052,0.455050625406708,0.0132754685599117,NA,FALSE,FALSE,TRUE,"diagnostics_met_only",1271.98427239393,1456.20062431374
"p.a[73]","local_continuous",TRUE,0.461821067918686,0.276331779718827,0.000674696729231258,0.632062998517566,0.745609028622603,1.00923666725707,7692.900919723,8802.05452285146,0.00290929207803336,0.468564965190468,0.455058690065052,0.468279627267661,0.455380989151563,0.0135062751254164,NA,FALSE,FALSE,TRUE,"diagnostics_met_only",1271.97435841981,1455.36615787888
"p.a[74]","local_continuous",TRUE,0.461727130810399,0.276355331957443,0.000674479437905334,0.632089194531117,0.745698151249431,1.00922166139246,7707.59524704747,8807.10137584952,0.00290864257128845,0.468198386446843,0.455052907473764,0.468530998986398,0.455126230334592,0.0134780915126347,NA,FALSE,FALSE,TRUE,"diagnostics_met_only",1274.40397603298,1456.20062431374
"p.a[75]","local_continuous",TRUE,0.461774364822484,0.276359206822514,0.000674546261075195,0.632383378670354,0.745708928791706,1.0091867079775,7711.74627138102,8807.11651014605,0.0029079868716494,0.468249793409909,0.455356344494013,0.468326887627112,0.455164433758905,0.013162453868207,NA,FALSE,FALSE,TRUE,"diagnostics_met_only",1275.09032264898,1456.20312667759
"p.a[76]","local_continuous",TRUE,0.461954798471243,0.276325117072235,0.000674345044913395,0.632499069394667,0.74561937483985,1.00925898462904,7698.9915120788,8802.03940972253,0.00290846639132001,0.468650775234352,0.455241948619452,0.468460389182266,0.455466080848901,0.0134088266149,NA,FALSE,FALSE,TRUE,"diagnostics_met_only",1272.98140080668,1455.36365901497
"p.a[77]","local_continuous",TRUE,0.461773229559645,0.276357037812853,0.000674496764622989,0.63221232261594,0.745627695708473,1.00926968783868,7695.65980733302,8802.05452285146,0.00290902957908699,0.468327398293153,0.455167242309616,0.468559280168433,0.455038997467379,0.0135202827010538,NA,FALSE,FALSE,TRUE,"diagnostics_met_only",1272.43052369924,1455.36615787888
"p.a[78]","local_continuous",TRUE,0.46175431307605,0.276355729972685,0.000674835990247903,0.631908297841378,0.745506376311875,1.00922971303785,7689.78930326369,8802.03940972253,0.00290893573380991,0.468355273114928,0.455371543850515,0.468226163506165,0.455064271832592,0.0132910012823354,NA,FALSE,FALSE,TRUE,"diagnostics_met_only",1271.45987157138,1455.36365901497
"p.a[79]","local_continuous",TRUE,0.461819675394917,0.276335387431952,0.000674355348135198,0.632116989386081,0.745583868871218,1.00924571129271,7696.27771906953,8802.05452285146,0.00290933379413091,0.468585435569624,0.455063317947836,0.468269865787862,0.455360082274344,0.0135221176217877,NA,FALSE,FALSE,TRUE,"diagnostics_met_only",1272.5326916451,1455.36615787888
"p.a[80]","local_continuous",TRUE,0.461799603162658,0.276336183029413,0.00067480907079168,0.632306124384002,0.745638930870869,1.009216659775,7707.49032300934,8807.10137584952,0.00290816110787742,0.468287273618621,0.455119791871682,0.468596080501505,0.455195266658824,0.0134762886298229,NA,FALSE,FALSE,TRUE,"diagnostics_met_only",1274.3866274817,1456.20062431374
"p.a[81]","local_continuous",TRUE,0.461745289096301,0.276360758635939,0.000674710268339677,0.632391211557997,0.745773947912556,1.00917774704195,7710.5605824201,8807.11651014605,0.00290792672827517,0.468223391017713,0.455313263136248,0.46829621933066,0.455148282900583,0.0131479364300771,NA,FALSE,FALSE,TRUE,"diagnostics_met_only",1274.8942761938,1456.20312667759
"p.a[82]","local_continuous",TRUE,0.461858038860094,0.276346236939892,0.00067436566408638,0.63241615005886,0.745675675025569,1.00922352309431,7702.68636112523,8796.86710381319,0.00290886247381322,0.468533603954846,0.455141920216094,0.468364116959552,0.455392514309882,0.0133916837387522,NA,FALSE,FALSE,TRUE,"diagnostics_met_only",1273.59232161462,1454.50844970456
"p.a[83]","local_continuous",TRUE,0.461770470190872,0.276362177628594,0.000674578263515285,0.632265372551352,0.745665398348842,1.00925606571208,7687.3698238241,8796.75095178677,0.00290923043924568,0.468310256546796,0.455161691405229,0.468571135184755,0.455038797626708,0.0135323375580466,NA,FALSE,FALSE,TRUE,"diagnostics_met_only",1271.05982536774,1454.48924467374
"p.a[84]","local_continuous",TRUE,0.461772025667686,0.276358316505049,0.000674748304837654,0.631966109925829,0.745512372997364,1.00920657586648,7688.59707050718,8796.75095178677,0.00290907488799934,0.468370325506302,0.455400992437359,0.468244703417889,0.455072081309192,0.0132982441971094,NA,FALSE,FALSE,TRUE,"diagnostics_met_only",1271.26274313941,1454.48924467374
"p.a[85]","local_continuous",TRUE,0.461790543672028,0.276341748388621,0.000674480586466627,0.63187422267364,0.745621208940372,1.00926257002041,7692.53449279477,8796.75095178677,0.00290946761812603,0.468571926573932,0.455041403074034,0.468238014292385,0.45531083074776,0.0135305234998979,NA,FALSE,FALSE,TRUE,"diagnostics_met_only",1271.91377195681,1454.48924467374
"p.a[86]","local_continuous",TRUE,0.461742267556456,0.276345369933325,0.000674744579331865,0.632074788922709,0.745530094908783,1.00923106288638,7707.2145187463,8807.08624162759,0.00290822195242807,0.46824450708672,0.455068894948935,0.468518699060623,0.455136969129546,0.0134498041116884,NA,FALSE,FALSE,TRUE,"diagnostics_met_only",1274.34102492498,1456.19812196223
"p.a[87]","local_continuous",TRUE,0.461755990701725,0.276353734606165,0.000674690161401656,0.632025844293408,0.745568731636657,1.00917624226619,7709.09510516145,8807.10137584952,0.00290776079667503,0.46823953835744,0.455314120812384,0.468304316623523,0.455165987013552,0.0131383296099708,NA,FALSE,FALSE,TRUE,"diagnostics_met_only",1274.65196844601,1456.20062431374
"p.a[88]","local_continuous",TRUE,0.461862154266494,0.276344278459292,0.000674055629916063,0.632256560696172,0.745660777109869,1.00924749723539,7699.29247587794,8796.88219531665,0.00290886700285553,0.468523521632392,0.455134850820948,0.468370751794823,0.455419492817814,0.0133886708114446,NA,FALSE,FALSE,TRUE,"diagnostics_met_only",1273.03116333961,1454.51094499283
"p.a[89]","local_continuous",TRUE,0.461777506066306,0.276362490898887,0.000674840162756976,0.632406656268597,0.745644806788686,1.00925577075967,7680.68484950406,8796.88219531665,0.00290935120660587,0.468299865889317,0.45516606632479,0.468591784676793,0.455052307374323,0.01353947730247,NA,FALSE,FALSE,TRUE,"diagnostics_met_only",1269.95450553969,1454.51094499283
"p.a[90]","local_continuous",TRUE,0.461797978025974,0.27635416941804,0.000674236800266674,0.632371997088274,0.745579660855127,1.00923435431067,7685.12877561354,8796.73586085409,0.00290904901630221,0.468387822277237,0.455434826185695,0.468277466542752,0.455091797098211,0.0132960251790255,NA,FALSE,FALSE,TRUE,"diagnostics_met_only",1270.68928168213,1454.48674947984
"p.a[91]","local_continuous",TRUE,0.461783975153525,0.276344620662432,0.000674816575113998,0.632048862191833,0.745634039575671,1.00925053247801,7692.52620087283,8796.88219531665,0.00290948970702954,0.468578611220051,0.455043264422119,0.468228195248477,0.45528582972345,0.0135353467979323,NA,FALSE,FALSE,TRUE,"diagnostics_met_only",1271.91240093797,1454.51094499283
"p.a[92]","local_continuous",TRUE,0.461771784661951,0.276338411774296,0.000674713634087045,0.632061690543197,0.745462010451753,1.00925283708679,7698.4931187968,8807.10137584952,0.0029080132383535,0.468290225232689,0.455104666621941,0.468538804786669,0.455153442006503,0.013434138164728,NA,FALSE,FALSE,TRUE,"diagnostics_met_only",1272.89899451005,1456.20062431374
"p.a[93]","local_continuous",TRUE,0.461805667663264,0.276340935409316,0.000674501676418186,0.631996375398918,0.745509774218698,1.00917432265493,7711.09477562369,8807.10137584952,0.00290755135024759,0.468299103344301,0.455357352458335,0.468348562515745,0.455217652334678,0.0131309101810669,NA,FALSE,FALSE,TRUE,"diagnostics_met_only",1274.98260178963,1456.20062431374
"p.a[94]","local_continuous",TRUE,0.461871736200962,0.276342079595209,0.000674409467456406,0.632208109391174,0.745669359817693,1.00925359175287,7692.46870284646,8796.75095178677,0.00290890181435524,0.468522521624859,0.455135445550027,0.468384665579472,0.455444312049492,0.0133870760748325,NA,FALSE,FALSE,TRUE,"diagnostics_met_only",1271.90289398916,1454.48924467374
"p.a[95]","local_continuous",TRUE,0.461831516552091,0.276354150881643,0.000674740111299448,0.63265142436443,0.745581965203634,1.00927746339577,7672.95895664523,8796.88219531665,0.00290925757174206,0.468339880109815,0.455206801700177,0.468658680917908,0.455120703480463,0.0135379774374448,NA,FALSE,FALSE,TRUE,"diagnostics_met_only",1268.67707616489,1454.51094499283
"p.a[96]","local_continuous",TRUE,0.461789670523528,0.276360476117556,0.000674223585463352,0.632317922269866,0.745669359817693,1.00923322288649,7688.89584176709,8796.75095178677,0.00290917049121741,0.468367599568474,0.455432661768559,0.468274802842407,0.45508361791467,0.0132839816538036,NA,FALSE,FALSE,TRUE,"diagnostics_met_only",1271.31214314932,1454.48924467374
"p.a[97]","local_continuous",TRUE,0.46187166038792,0.276328951671528,0.000674736489829168,0.632482231795126,0.745655566500248,1.00927380767395,7687.8369305372,8796.98325908037,0.00290915478440761,0.46867659002946,0.455137884216188,0.468316607606376,0.455355559699656,0.013538705813273,NA,FALSE,FALSE,TRUE,"diagnostics_met_only",1271.13705862057,1454.52765527123
"p.a[98]","local_continuous",TRUE,0.46176282425318,0.276339116612059,0.000674826653507754,0.631889907308598,0.745518794871751,1.00921695381026,7704.42047091467,8807.11651014605,0.00290798887558696,0.46829508155056,0.455107175719383,0.468519802774559,0.455129236968218,0.0134126270551757,NA,FALSE,FALSE,TRUE,"diagnostics_met_only",1273.87904611684,1456.20312667759
"p.a[99]","local_continuous",TRUE,0.46180440979573,0.276334088868324,0.00067424061284667,0.631991764616953,0.745530833257248,1.00918103113017,7711.9110081825,8807.07110748027,0.00290748719409564,0.468313178942203,0.455351812980487,0.468337515674625,0.455215131585605,0.0131223840890198,NA,FALSE,FALSE,TRUE,"diagnostics_met_only",1275.11756087674,1456.19561962306
"p.a[100]","local_continuous",TRUE,0.461869155655473,0.276340202949568,0.000674844337130438,0.632349674980454,0.745647678730794,1.00921411483542,7690.68227259838,8796.88219531665,0.00290894312820338,0.468519031072607,0.455124735065228,0.468373201094857,0.455459655389202,0.0133942960073785,NA,FALSE,FALSE,TRUE,"diagnostics_met_only",1271.60751861746,1454.51094499283
"p.a[101]","local_continuous",TRUE,0.46183227471779,0.276353486709048,0.000674385826535324,0.632319645075771,0.745530833257248,1.00925474974005,7674.4795179833,8796.98325908037,0.00290929334888372,0.468324824416841,0.45519968274315,0.468669246686893,0.455135345024274,0.0135339016626193,NA,FALSE,FALSE,TRUE,"diagnostics_met_only",1268.92849173004,1454.52765527123
"p.a[102]","local_continuous",TRUE,0.461794980359778,0.276360787548589,0.000674494222733377,0.632250497422892,0.745666954320913,1.00923201862678,7686.27850710291,8796.88219531665,0.00290911858309612,0.468355807208333,0.45544002821473,0.468290641534894,0.455093444481154,0.0132623627271787,NA,FALSE,FALSE,TRUE,"diagnostics_met_only",1270.87938278818,1454.51094499283
"p.a[103]","local_continuous",TRUE,0.461805778170455,0.276346655689847,0.000674778485508743,0.632231521112407,0.745638468099691,1.00928521789926,7683.45997104478,8796.98325908037,0.00290938933392121,0.468609922260375,0.455081559578014,0.468253311718604,0.455278319124828,0.01352836268236,NA,FALSE,FALSE,TRUE,"diagnostics_met_only",1270.41335500079,1454.52765527123
"p.a[104]","local_continuous",TRUE,0.461733846070183,0.276342288255117,0.000674803923633343,0.632178195846652,0.745586372361272,1.0092402442643,7703.12390938165,8807.10137584952,0.00290809161060487,0.468281237274253,0.455085570096076,0.46848564039992,0.455082936510482,0.0134027038894374,NA,FALSE,FALSE,TRUE,"diagnostics_met_only",1273.66466755649,1456.20062431374
"p.a[105]","local_continuous",TRUE,0.461753731804654,0.276343407115417,0.00067421429579249,0.632064405282071,0.745592125643797,1.00919048941474,7709.78269322769,8807.08624162759,0.00290777140974402,0.468277184918036,0.455303039935057,0.468275002040576,0.455159700324949,0.0131174845930867,NA,FALSE,FALSE,TRUE,"diagnostics_met_only",1274.76565694902,1456.19812196223
"p.a[106]","local_continuous",TRUE,0.46182839810277,0.276345230356674,0.000674799491506121,0.632413062311873,0.745537630864618,1.00921593439497,7692.61159411189,8796.88219531665,0.00290914675258373,0.468476682595828,0.455078245435384,0.468331588014879,0.455427076364988,0.0133984371604444,NA,FALSE,FALSE,TRUE,"diagnostics_met_only",1271.92652019046,1454.51094499283
"p.a[107]","local_continuous",TRUE,0.461822043017989,0.276355248154523,0.000674508450540619,0.631818325937913,0.74555276683398,1.00922541694875,7683.14735848498,8796.98325908037,0.00290930490338609,0.46829930032455,0.455182088966778,0.468660735922545,0.455146046858086,0.0135146890644597,NA,FALSE,FALSE,TRUE,"diagnostics_met_only",1270.36166641617,1454.52765527123
"p.a[108]","local_continuous",TRUE,0.46187023212156,0.276344912605747,0.000674403265604821,0.632642917352292,0.745663039797148,1.00921029566253,7691.2320314097,8796.85201238405,0.00290872008702403,0.468419316618684,0.455509972505014,0.468375315408523,0.455176323954015,0.013242992664669,NA,FALSE,FALSE,TRUE,"diagnostics_met_only",1271.69841789182,1454.50595442858
"p.a[109]","local_continuous",TRUE,0.461932616707989,0.276322503128252,0.000674849626017349,0.632501794899641,0.745575579040918,1.00925406517519,7685.6698925523,8796.98325908037,0.00290882147059944,0.468733281263105,0.455214719846003,0.4683871836044,0.455395282118448,0.0135185614171019,NA,FALSE,FALSE,TRUE,"diagnostics_met_only",1270.77875207545,1454.52765527123
"p.a[110]","local_continuous",TRUE,0.461716727522979,0.276349459693472,0.000674246285878658,0.632064784808426,0.74569564368851,1.0092630089988,7704.41570682522,8807.11651014605,0.00290826871365856,0.468277067118241,0.455079079493166,0.468463973755003,0.455046789725502,0.0134171840295005,NA,FALSE,FALSE,TRUE,"diagnostics_met_only",1273.87825840364,1456.20312667759
"p.a[111]","local_continuous",TRUE,0.461752201255094,0.276343602766996,0.00067476224933573,0.632115065053335,0.745618790769647,1.00918439868128,7709.06310383741,8807.10137584952,0.00290790998740015,0.468295064730329,0.455303342828764,0.468261606478087,0.455148790983196,0.0131462737471332,NA,FALSE,FALSE,TRUE,"diagnostics_met_only",1274.64667722179,1456.20062431374
"p.a[112]","local_continuous",TRUE,0.461844730629781,0.276336802675384,0.000674685211719483,0.632261069385059,0.745514818402601,1.00921369152902,7689.97980022949,8796.88219531665,0.00290909747980879,0.468502746301801,0.455084770624248,0.4683427407605,0.455448664832572,0.0134179756775531,NA,FALSE,FALSE,TRUE,"diagnostics_met_only",1271.49136908556,1454.51094499283
"p.a[113]","local_continuous",TRUE,0.461796737060548,0.276357565957934,0.000674389336488085,0.632089639599213,0.745581978440456,1.00923100080535,7690.29354786356,8802.09000058045,0.00290931727138234,0.468260711084273,0.455151821196275,0.468638530263611,0.455135885698033,0.0135026445655783,NA,FALSE,FALSE,TRUE,"diagnostics_met_only",1271.54324534781,1455.3720239055
"p.a[114]","local_continuous",TRUE,0.461785626247372,0.276366693726909,0.000674544758295376,0.632121162012906,0.745597332036869,1.00922145700691,7689.553811347,8796.85201238405,0.00290896787146773,0.468313908945679,0.455422550666052,0.468299498643756,0.455106546733998,0.0132073622116814,NA,FALSE,FALSE,TRUE,"diagnostics_met_only",1271.42093441584,1454.50595442858
"p.a[115]","local_continuous",TRUE,0.46183022429265,0.276348875195787,0.000674795724436127,0.632492273173489,0.745585917714461,1.00927632581659,7689.31571616447,8802.03940972253,0.00290919798098955,0.468616649704937,0.455121919469569,0.468291859217038,0.455290468779057,0.0134947302353681,NA,FALSE,FALSE,TRUE,"diagnostics_met_only",1271.38156682614,1455.36365901497
"p.a[116]","local_continuous",TRUE,0.461722893594232,0.276349554347944,0.000674399064587402,0.631997168926778,0.745685437126661,1.00926242995401,7703.95324596271,8807.11651014605,0.00290835912148112,0.468293632778749,0.455092135336737,0.468469970377945,0.455035835883494,0.0134341344944514,NA,FALSE,FALSE,TRUE,"diagnostics_met_only",1273.80179331394,1456.20312667759
"p.a[117]","local_continuous",TRUE,0.461777933671598,0.276335883576814,0.000674791396522867,0.632261274145287,0.745684884618462,1.00921205484671,7705.57101879725,8807.10137584952,0.00290790369438589,0.468338189036941,0.455336490857162,0.468277511350963,0.455159543441322,0.0131786455956189,NA,FALSE,FALSE,TRUE,"diagnostics_met_only",1274.06928220854,1456.20062431374
"p.a[118]","local_continuous",TRUE,0.461819958747973,0.276340586606247,0.000674811565983304,0.632370835121519,0.745548544898575,1.00920314902183,7692.23447745328,8802.03940972253,0.00290924024794431,0.468491559700205,0.455054470218772,0.468309761145916,0.455424043926996,0.0134370894814323,NA,FALSE,FALSE,TRUE,"diagnostics_met_only",1271.86416624558,1455.36365901497
"p.a[119]","local_continuous",TRUE,0.461774949880153,0.276360196127202,0.000674115219803416,0.632025062995006,0.745603543072087,1.00924362766246,7696.91731285283,8807.10137584952,0.00290927135957265,0.468234273056551,0.455118967847872,0.468611980550757,0.455134578065432,0.0134930127028856,NA,FALSE,FALSE,TRUE,"diagnostics_met_only",1272.63844458545,1456.20062431374
"p.a[120]","local_continuous",TRUE,0.46182942879911,0.276356668871267,0.000675291707784473,0.632496697298011,0.745493454104994,1.00918194629294,7697.2798521625,8802.03940972253,0.00290861612748168,0.468340147085178,0.455457233310962,0.468359523509,0.455160811291299,0.0131987122177016,NA,FALSE,FALSE,TRUE,"diagnostics_met_only",1272.69838825438,1455.36365901497
"p.a[121]","local_continuous",TRUE,0.461831664064342,0.276351212725449,0.000674350536054843,0.631973540442386,0.745559497536938,1.00927594521092,7693.15278531149,8802.03940972253,0.002909142605682,0.468602269236071,0.455125930681075,0.46830361770077,0.455294838639449,0.0134763385549957,NA,FALSE,FALSE,TRUE,"diagnostics_met_only",1272.01600286235,1455.36365901497
"p.a[122]","local_continuous",TRUE,0.461777232422735,0.276341027131645,0.00067476789367856,0.632083155650437,0.745659027195121,1.00928325234301,7705.24564398736,8807.10137584952,0.00290829795349691,0.468352344329858,0.455155415555488,0.468530928537637,0.455070241267958,0.0134606872696788,NA,FALSE,FALSE,TRUE,"diagnostics_met_only",1274.01548346352,1456.20062431374
"p.a[123]","local_continuous",TRUE,0.461742449732217,0.276345231770652,0.000674796108755678,0.632173905451096,0.7457502388595,1.00920686251357,7703.62337668616,8807.10137584952,0.00290824933673112,0.468316655927398,0.455313692645919,0.468230954228027,0.455108496127527,0.0132081597998712,NA,FALSE,FALSE,TRUE,"diagnostics_met_only",1273.7472514362,1456.20062431374
"p.a[124]","local_continuous",TRUE,0.461813997462898,0.276339096533871,0.000674685040538444,0.632326757299604,0.745659027195121,1.00921633240056,7700.29580645769,8807.10137584952,0.00290926952524222,0.4685011927242,0.455047408167806,0.468297345541034,0.455410043418553,0.0134537845563945,NA,FALSE,FALSE,TRUE,"diagnostics_met_only",1273.19705794605,1456.20062431374
"p.a[125]","local_continuous",TRUE,0.461746475714876,0.276361496800234,0.000674462616787792,0.632025005796955,0.745645315761671,1.00923781571467,7701.54080399774,8807.11651014605,0.00290917564339276,0.468203671327045,0.455082447594472,0.468576169090612,0.455123614847375,0.0134937214961399,NA,FALSE,FALSE,TRUE,"diagnostics_met_only",1273.40291071391,1456.20312667759
"p.a[126]","local_continuous",TRUE,0.461774729180718,0.276366554172748,0.000674830780158161,0.632531733606027,0.7454879231398,1.00917102946667,7701.16956587195,8807.10137584952,0.00290859909489508,0.468271022261205,0.455390147037376,0.468312490700874,0.455125256723418,0.0131872339774556,NA,FALSE,FALSE,TRUE,"diagnostics_met_only",1273.34152874867,1456.20062431374
"p.a[127]","local_continuous",TRUE,0.461828249991835,0.276353464156783,0.000674535589118097,0.631966127089306,0.745588688289789,1.00926220567486,7701.3627960353,8807.10137584952,0.0029090923990318,0.468579249358733,0.455124565564778,0.468308642202481,0.45530054284135,0.0134546837939549,NA,FALSE,FALSE,TRUE,"diagnostics_met_only",1273.37347818044,1456.20062431374
"p.a[128]","local_continuous",TRUE,0.461767007679133,0.276345335795394,0.000674551054245092,0.632091125141601,0.745590628379235,1.0092865988869,7698.82760407243,8807.10137584952,0.00290850097714669,0.468342775644854,0.455154537148118,0.468521184952111,0.455049532971451,0.0134716519806603,NA,FALSE,FALSE,TRUE,"diagnostics_met_only",1272.95429961515,1456.20062431374
"p.a[129]","local_continuous",TRUE,0.461747497515222,0.2763496827503,0.00067485229252667,0.632188182000453,0.745770038713904,1.0091766237131,7702.08670999583,8807.11651014605,0.00290846410030414,0.46833542237407,0.455330320223636,0.468226839210736,0.455097408252446,0.0132380141216237,NA,FALSE,FALSE,TRUE,"diagnostics_met_only",1273.49317294905,1456.20312667759
"p.a[130]","local_continuous",TRUE,0.461883578903327,0.276321698884824,0.000674221928864911,0.632333696798485,0.745678029985948,1.00922915687138,7698.30802428025,8807.10137584952,0.00290903341045777,0.468594612635252,0.455115350111293,0.46835522701745,0.455469125849313,0.0134792625239596,NA,FALSE,FALSE,TRUE,"diagnostics_met_only",1272.86839025798,1456.20062431374
"p.a[131]","local_continuous",TRUE,0.461838502215122,0.276337139664269,0.000675275533913967,0.632413220854408,0.745691520341774,1.00922310182121,7700.76525219405,8807.11651014605,0.00290856556850836,0.468300883003654,0.455164460537215,0.468658390360689,0.455230274958932,0.0134939298234744,NA,FALSE,FALSE,TRUE,"diagnostics_met_only",1273.27467794214,1456.20312667759
"p.a[132]","local_continuous",TRUE,0.461812103425188,0.276357182450728,0.000674409308814776,0.632422576099518,0.745510565573329,1.00917615619055,7704.35002868799,8807.10137584952,0.00290821071222056,0.468298479626843,0.455413224935895,0.468356951032774,0.455179758105238,0.0131771929275361,NA,FALSE,FALSE,TRUE,"diagnostics_met_only",1273.86739892328,1456.20062431374
"p.a[133]","local_continuous",TRUE,0.46190678408188,0.276340301875466,0.000674524782205516,0.632475924045346,0.745609903573018,1.00926463364713,7700.22771063321,8807.11651014605,0.002908775672842,0.468636896752592,0.455201997444242,0.468395535716471,0.455392706414216,0.0134348993083501,NA,FALSE,FALSE,TRUE,"diagnostics_met_only",1273.18579871581,1456.20312667759
"p.a[134]","local_continuous",TRUE,0.461781275614152,0.276349015953094,0.000674470479916887,0.631982245522043,0.745486676518408,1.00927315828222,7695.48492998843,8807.10137584952,0.00290867816077783,0.468351585504722,0.45517366851712,0.468548213742661,0.455051634692102,0.0134965790505591,NA,FALSE,FALSE,TRUE,"diagnostics_met_only",1272.40160879438,1456.20062431374
"p.a[135]","local_continuous",TRUE,0.461739479078496,0.276354037733479,0.000674776306160215,0.631961878244237,0.7456106740402,1.0092059280412,7694.78398353707,8807.11651014605,0.00290869377196607,0.468334761993454,0.455333245541958,0.468217987655152,0.455071921123421,0.0132628408700325,NA,FALSE,FALSE,TRUE,"diagnostics_met_only",1272.28571156367,1456.20312667759
"p.a[136]","local_continuous",TRUE,0.461910738486313,0.276312513161651,0.000674262639974669,0.632339481741377,0.745665350268901,1.00923135535967,7699.16688834988,8807.10137584952,0.00290887749116239,0.468642500918429,0.455143235812803,0.468376279565169,0.455480937648851,0.0134992651056258,NA,FALSE,FALSE,TRUE,"diagnostics_met_only",1273.010398206,1456.20062431374
"p.a[137]","local_continuous",TRUE,0.46187709730575,0.276327927213822,0.000674449275847125,0.632977000739502,0.745756826961564,1.00927414454484,7697.0949608732,8807.11651014605,0.00290821619968608,0.468344756651221,0.455200715338749,0.46868971413304,0.45527320309999,0.0134889987942913,NA,FALSE,FALSE,TRUE,"diagnostics_met_only",1272.66781760469,1456.20312667759
"p.a[138]","local_continuous",TRUE,0.461791124554854,0.276359406346255,0.0006745330597902,0.63222989674034,0.745665350268901,1.00916254973786,7711.27484428065,8807.10137584952,0.00290806854882746,0.468270531079946,0.455378497597442,0.468340662145556,0.455174807396472,0.013165854749084,NA,FALSE,FALSE,TRUE,"diagnostics_met_only",1275.0123750464,1456.20062431374
"p.a[139]","local_continuous",TRUE,0.461874503232734,0.276342362326789,0.000674283440004509,0.632412952998676,0.745631486628781,1.00928232276865,7700.88928330153,8801.98881944618,0.0029087976149141,0.468582639029009,0.455166039049576,0.468372315506053,0.455377019346301,0.0134165999794333,NA,FALSE,FALSE,TRUE,"diagnostics_met_only",1273.29518573107,1455.3552942206
"p.a[140]","local_continuous",TRUE,0.461798216995352,0.276348835037232,0.000674877856511327,0.632085310603916,0.745494361594155,1.0092416295024,7691.03735559102,8801.98881944618,0.00290879736915426,0.468360376614513,0.45519300732766,0.468577617808517,0.455061866230719,0.0135157515777985,NA,FALSE,FALSE,TRUE,"diagnostics_met_only",1271.66622942973,1455.3552942206
"p.a[141]","local_continuous",TRUE,0.46175627914988,0.276354630106394,0.000674403074756808,0.632003636094622,0.745631486628781,1.00921795140177,7694.58238032679,8802.05452285146,0.00290884223080924,0.468357990742755,0.455365067667609,0.468227536175377,0.45507452201378,0.0132834687289748,NA,FALSE,FALSE,TRUE,"diagnostics_met_only",1272.25237769953,1455.36615787888
"p.a[142]","local_continuous",TRUE,0.461853234320087,0.276326939710805,0.000674801456584177,0.63211051907781,0.745627557443457,1.00927465355602,7694.34739192145,8802.03940972253,0.0029091639744273,0.468606607017037,0.455090352784346,0.468310553458911,0.455405424020054,0.0135162542326919,NA,FALSE,FALSE,TRUE,"diagnostics_met_only",1272.21352379654,1455.36365901497
"p.a[143]","local_continuous",TRUE,0.461736372432506,0.27635232417425,0.000674772278675381,0.63240790704282,0.745763460298368,1.00921229112439,7700.95571322968,8807.10137584952,0.00290852066541568,0.468214605145182,0.455058503893276,0.468536787943865,0.455135592747701,0.0134782840505889,NA,FALSE,FALSE,TRUE,"diagnostics_met_only",1273.30616951549,1456.20062431374
"p.w[1]","local_continuous",TRUE,0.196595902608159,0.0683914924074768,0.121091576621097,0.169870052972754,0.312573135634663,0.999517005371306,8740.97760149932,8959.44130088633,0.000756067987615037,0.196520070408446,0.196613644334007,0.196635146006734,0.196614749683449,0.000115075598287245,NA,FALSE,FALSE,TRUE,"diagnostics_met_only",1445.26746056536,1481.38910398253
"p.w[2]","local_continuous",TRUE,0.137297149150323,0.0597923762407861,0.0752140254387733,0.116505894450624,0.245545508692897,0.999503812405701,9022.70640362665,8959.56281832542,0.000652572069025149,0.137278986493027,0.137302401557849,0.137282404395874,0.137324804154544,4.58176615174e-05,NA,FALSE,FALSE,TRUE,"diagnostics_met_only",1491.84960377425,1481.40919615169
"p.w[3]","local_continuous",TRUE,0.240047472360634,0.0752693384842867,0.154636739524672,0.208987750575867,0.36187970883234,0.999510113530167,8647.98433154946,8959.47362994341,0.000835479525221292,0.240043107816686,0.240021934421323,0.240098186313228,0.240026660891296,7.62518919054933e-05,NA,FALSE,FALSE,TRUE,"diagnostics_met_only",1429.89158921122,1481.39444939541
"p.w[4]","local_continuous",TRUE,0.224258440360847,0.0727279050200396,0.142460301439249,0.194663001599651,0.344018480033738,0.999508764718512,8662.06132988432,8959.55823483055,0.00080647960887705,0.224266061305323,0.22433639316932,0.224269986975318,0.224161319993429,0.000175073175891188,NA,FALSE,FALSE,TRUE,"diagnostics_met_only",1432.2191352322,1481.4084382987
"p.w[5]","local_continuous",TRUE,0.228225014372482,0.0733421028765263,0.145518087607344,0.198267332466818,0.348487272135853,0.99951396111153,8624.60517103454,8959.47362994341,0.000814045485543031,0.228303257993805,0.228236085408526,0.22812462598988,0.228236088097713,0.000178632003924845,NA,FALSE,FALSE,TRUE,"diagnostics_met_only",1426.02598727423,1481.39444939541
"p.w[6]","local_continuous",TRUE,0.148642884037581,0.0612381139199496,0.0840319527381509,0.12683287572557,0.258489648302239,0.999503938396597,8921.63724725211,8959.24030830697,0.000670325740689779,0.148649468247969,0.14856382110487,0.148665531246676,0.148692715550812,0.00012889444594183,NA,FALSE,FALSE,TRUE,"diagnostics_met_only",1475.13843373878,1481.3558710825
"p.w[7]","local_continuous",TRUE,0.251155851739714,0.0770717964790807,0.163245007036304,0.219071987852679,0.374578154721925,0.999511583022872,8573.36954013964,8959.38849157737,0.000856964938988966,0.251063090266418,0.251168976152778,0.25121285577933,0.251178484760332,0.000149765512912681,NA,FALSE,FALSE,TRUE,"diagnostics_met_only",1417.55448745695,1481.38037228462
"p.w[8]","local_continuous",TRUE,0.290313190973121,0.0835114248048322,0.193480554571771,0.254914263611136,0.418792354709493,0.999515095319661,8560.92095997101,8959.50488736534,0.000929613211350724,0.290278700156775,0.290320297296173,0.290290325307161,0.290363441132374,8.47409755988515e-05,NA,FALSE,FALSE,TRUE,"diagnostics_met_only",1415.4961904714,1481.39961761993
"p.w[9]","local_continuous",TRUE,0.289603928945343,0.0834093778668974,0.192933189193455,0.254271524724193,0.418024570942356,0.999509562057025,8561.21798853187,8959.42540446738,0.000928099318003588,0.289610966889893,0.289581688033713,0.289654102552319,0.289568958305442,8.51442468771113e-05,NA,FALSE,FALSE,TRUE,"diagnostics_met_only",1415.54530233662,1481.38647560638
"p.w[10]","local_continuous",TRUE,0.280458193288058,0.0818618906651089,0.185898138592744,0.2458805918748,0.407632320779124,0.999515378816804,8544.80851629778,8956.8179986828,0.000911164327453259,0.280477815234884,0.280548291957453,0.28046412966026,0.280342536299633,0.000205755657820328,NA,FALSE,FALSE,TRUE,"diagnostics_met_only",1412.83209594871,1480.95535692507
"p.w[11]","local_continuous",TRUE,0.209744812527012,0.0704103852571558,0.131253334919092,0.181596660704028,0.327559414525635,0.999513056106912,8682.26931532855,8956.90254936664,0.000780000662084528,0.209815972176044,0.209743826337467,0.209648217585502,0.20977123400904,0.000167754590542551,NA,FALSE,FALSE,TRUE,"diagnostics_met_only",1435.56040266676,1480.96933686618
"p.w[12]","local_continuous",TRUE,0.259748115117815,0.07854223493802,0.169882288755516,0.226796093531549,0.384319360735183,0.999509408884706,8541.19094274675,8956.83388403408,0.000874166088525081,0.259753195805035,0.259647855586178,0.259774111188218,0.259817297891825,0.000169442305646639,NA,FALSE,FALSE,TRUE,"diagnostics_met_only",1412.23395217373,1480.95798347124
"p.w[13]","local_continuous",TRUE,0.253530733077205,0.0774670127109199,0.165082556137889,0.221248775463766,0.377120995969285,0.999511012322223,8578.31389533183,8959.48952672515,0.00086131926354521,0.253421310213423,0.253551403134119,0.253595281499502,0.25355493746177,0.000173971286078989,NA,FALSE,FALSE,TRUE,"diagnostics_met_only",1418.37200650328,1481.39707783154
"p.w[14]","local_continuous",TRUE,0.205248087381235,0.0697359460254648,0.127742638733236,0.177552591154216,0.322439580211912,0.999509928282617,8751.03637767724,8959.61616679576,0.000771398468262458,0.205230890150773,0.205270151475235,0.205224666466432,0.205266641432498,4.5485008802415e-05,NA,FALSE,FALSE,TRUE,"diagnostics_met_only",1446.93061800219,1481.41801699665
"p.w[15]","local_continuous",TRUE,0.247030105233634,0.0763688490909179,0.160041298324477,0.215373988968198,0.369622827713945,0.999508563148586,8610.62842167835,8959.39361187038,0.000848186671118023,0.24705520613807,0.247016437951356,0.247065195029887,0.246983581815224,8.161321466299e-05,NA,FALSE,FALSE,TRUE,"diagnostics_met_only",1423.7150168119,1481.38121889391
"p.w[16]","local_continuous",TRUE,0.24329493946251,0.0757506852108279,0.157182045600511,0.211993499499381,0.365514525700476,0.999508054602853,8588.01536949206,8959.62694409309,0.000841660845917418,0.243322891145523,0.243373893148374,0.243291586934342,0.243191386621795,0.000182506526578113,NA,FALSE,FALSE,TRUE,"diagnostics_met_only",1419.97608622554,1481.41979895719
"p.w[17]","local_continuous",TRUE,0.211635104726155,0.0707048431252583,0.13271388349678,0.183309480236917,0.329625185874049,0.999511666333875,8675.31092750625,8959.61104669648,0.000783504290475483,0.211701051213924,0.21162619445412,0.211540033862279,0.211673139374292,0.000161017351645726,NA,FALSE,FALSE,TRUE,"diagnostics_met_only",1434.40987557974,1481.41717041939
"p.w[18]","local_continuous",TRUE,0.251343096572431,0.0770838355599982,0.163398528560626,0.219269047061366,0.374558750380226,0.9995148293703,8566.58364183215,8959.18184734723,0.00085736682503574,0.251337382878275,0.251236076969039,0.251375839825751,0.251423086616657,0.000187009647618031,NA,FALSE,FALSE,TRUE,"diagnostics_met_only",1416.43248046166,1481.34620491852
"p.w[19]","local_continuous",TRUE,0.238217148779557,0.0749579570887026,0.153241715535963,0.207322882730546,0.359776780238421,0.999516572067891,8633.99714993718,8959.24030830697,0.000832272242985996,0.238105154161192,0.238243648634368,0.238287929578692,0.238231862743976,0.00018277541749992,NA,FALSE,FALSE,TRUE,"diagnostics_met_only",1427.57889383882,1481.3558710825
"p.w[20]","local_continuous",TRUE,0.136167890258953,0.0595395088322575,0.0743567335102515,0.115605119787926,0.244205653807703,0.999503101129365,9053.8885390161,8959.06034180738,0.00064946861191763,0.136177499596452,0.136199354948981,0.13613365412483,0.136161052365549,6.57008241510548e-05,NA,FALSE,FALSE,TRUE,"diagnostics_met_only",1497.00538012832,1481.32611471683
"p.w[21]","local_continuous",TRUE,0.227141945403093,0.0732017571285863,0.144667296451413,0.197203448966874,0.347147746867901,0.99951610088231,8653.38619698451,8959.28287482705,0.0008118644273759,0.227183572782913,0.227129175372053,0.227165701904142,0.227089331553267,9.42412296457973e-05,NA,FALSE,FALSE,TRUE,"diagnostics_met_only",1430.78475479241,1481.36290919759
"p.w[22]","local_continuous",TRUE,0.256868512760911,0.0779546244944264,0.167674396989039,0.224416388187723,0.380847834570812,0.999509151957495,8557.2976761531,8959.57413200003,0.000867105704520025,0.25690015325292,0.256946037696938,0.256859295972095,0.256768564121692,0.000177473575245279,NA,FALSE,FALSE,TRUE,"diagnostics_met_only",1414.89710253854,1481.41106679895
"p.w[23]","local_continuous",TRUE,0.243854365654768,0.0758592856556096,0.157613734934933,0.212426687964205,0.366113754602142,0.999510489407899,8567.32641992215,8959.57413200003,0.000843427096354133,0.243921736238001,0.243842162361604,0.243754009511647,0.243899554507821,0.000167726726354456,NA,FALSE,FALSE,TRUE,"diagnostics_met_only",1416.5552942993,1481.41106679895
"p.w[24]","local_continuous",TRUE,0.239200144839698,0.0751300965787268,0.154006948275383,0.208184371657332,0.360758727785771,0.999511232382467,8599.59450429691,8959.21417187509,0.000834730636625832,0.23918189549581,0.239095396305588,0.239240448281887,0.23928283927551,0.000187442969922319,NA,FALSE,FALSE,TRUE,"diagnostics_met_only",1421.89062571047,1481.35154958252
"p.w[25]","local_continuous",TRUE,0.269459380903436,0.080051160649346,0.177388262150748,0.235923917856386,0.395185375903522,0.999505899852101,8583.30767701186,8959.02343201172,0.000890473481763406,0.26933906578016,0.269491786831502,0.269536847484168,0.26946982351791,0.000197781704007804,NA,FALSE,FALSE,TRUE,"diagnostics_met_only",1419.19769791863,1481.3200119067
"p.w[26]","local_continuous",TRUE,0.259251444707398,0.0783667494021789,0.16948066453082,0.226555214549445,0.383622173734452,0.999504224935941,8607.94530078901,8958.99164315871,0.000870832635376256,0.259243562384589,0.259284839381421,0.259216912803078,0.259260464260497,6.79265783426475e-05,NA,FALSE,FALSE,TRUE,"diagnostics_met_only",1423.27137909871,1481.31475581328
"p.w[27]","local_continuous",TRUE,0.288676841373831,0.0832275652389148,0.192222084786306,0.253415784586688,0.416781489859147,0.999510527444255,8542.5895341819,8959.1029055495,0.000926384931589026,0.288725035108716,0.288661213805673,0.288707006291939,0.288614110288997,0.000110924819718472,NA,FALSE,FALSE,TRUE,"diagnostics_met_only",1412.46520075759,1481.3331523726
"p.w[28]","local_continuous",TRUE,0.256279070689997,0.077854836331154,0.167223136960813,0.223824844797229,0.380163545885573,0.999508789486914,8546.2384697591,8959.5951493802,0.000866121277236273,0.256309150092604,0.256348759623652,0.256266127040096,0.256192246003642,0.000156513620009902,NA,FALSE,FALSE,TRUE,"diagnostics_met_only",1413.06853005276,1481.41454189487
"p.w[29]","local_continuous",TRUE,0.248519900373067,0.0766316622799836,0.161216719527592,0.216608911008844,0.371453583193083,0.999512047240741,8557.55991116702,8959.57925214423,0.000852323327577023,0.248578096124135,0.24850060377024,0.248423410683665,0.248577490914225,0.000154685440470592,NA,FALSE,FALSE,TRUE,"diagnostics_met_only",1414.94046150248,1481.41191338364
"p.w[30]","local_continuous",TRUE,0.340046929091071,0.0920024351953982,0.231940931801274,0.300046270642626,0.475179198578066,0.99951167959053,8497.22113100627,8959.53156091825,0.0010262109221542,0.340025723345376,0.339923690241974,0.340095674074785,0.34014262870215,0.000218938460176732,NA,FALSE,FALSE,TRUE,"diagnostics_met_only",1404.96381134363,1481.40402792961
"p.w[31]","local_continuous",TRUE,0.306346189313636,0.0862253713466336,0.205884589812837,0.269576192658986,0.437009357153248,0.999515752533984,8551.59515783482,8959.54745791326,0.000960171864075096,0.306219945828027,0.30638593432533,0.306427873793739,0.306351003307451,0.000207927965711896,NA,FALSE,FALSE,TRUE,"diagnostics_met_only",1413.95422583248,1481.406656401
"p.w[32]","local_continuous",TRUE,0.297512324929908,0.0847153797107422,0.199033066869002,0.26150420057106,0.426935016858041,0.999510779204186,8562.67023845275,8959.51566400356,0.000942724976092265,0.297508331773606,0.297550840061517,0.297473630708489,0.297516497176023,7.72093530284068e-05,NA,FALSE,FALSE,TRUE,"diagnostics_met_only",1415.78542302459,1481.40139947149
"p.w[33]","local_continuous",TRUE,0.282965153287715,0.0822672762519607,0.187807278208527,0.248212073161563,0.410411604886152,0.999523179993151,8543.62567276119,8959.42028420204,0.000915719538062015,0.28302259372619,0.282944750390165,0.282987263074603,0.282906005959901,0.000116587766289034,NA,FALSE,FALSE,TRUE,"diagnostics_met_only",1412.63651996713,1481.38562900166
"p.w[34]","local_continuous",TRUE,0.268917447108443,0.0799282954072025,0.1769895173488,0.235336640971069,0.394507994502026,0.999521839132709,8532.68197220283,8959.5951493802,0.000889969164134653,0.268940501303917,0.268982967106581,0.268905409711936,0.268840910311338,0.000142056795243206,NA,FALSE,FALSE,TRUE,"diagnostics_met_only",1410.82704566846,1481.41454189487
"p.w[35]","local_continuous",TRUE,0.247313542260078,0.0764134009698805,0.160281882686885,0.215542305594915,0.370043196495064,0.999516155920614,8564.63223723953,8959.61104669648,0.000849790249714307,0.24735829742458,0.24728696670623,0.247229449706798,0.247379455202704,0.000150005495906658,NA,FALSE,FALSE,TRUE,"diagnostics_met_only",1416.1098275859,1481.41717041939
"p.w[36]","local_continuous",TRUE,0.212521210306133,0.0708772880063171,0.133379276731429,0.184103807815081,0.330697552594311,0.999514913097917,8704.98359015416,8959.5951493802,0.000785086213628615,0.212481444412043,0.212436325660199,0.212579120422986,0.212587950729299,0.000151625069100519,NA,FALSE,FALSE,TRUE,"diagnostics_met_only",1439.31606980062,1481.41454189487
"p.w[37]","local_continuous",TRUE,0.199679913470874,0.0688862823630317,0.123456423044109,0.172680321033458,0.316145634153988,0.999512247123038,8779.13535073038,8961.93427576022,0.000761383123474542,0.199596490868547,0.199733266202475,0.199740078250134,0.199649818562338,0.000143587381586346,NA,FALSE,FALSE,TRUE,"diagnostics_met_only",1451.57661222394,1481.80130220903
"p.w[38]","local_continuous",TRUE,0.216435038318638,0.0714887230866126,0.136382667539897,0.187586651351397,0.335144185828196,0.999510824158285,8711.24828214574,8959.52644073253,0.000791804292191137,0.216464194906626,0.216475050249143,0.216380800667913,0.21642010745087,9.42495812295274e-05,NA,FALSE,FALSE,TRUE,"diagnostics_met_only",1440.35189850293,1481.40318133805
"p.w[39]","local_continuous",TRUE,0.223335382488052,0.0725505231905397,0.141736217888255,0.1938700315855,0.343015498153648,0.999513329894892,8651.77563411948,8956.8497694656,0.000804636962975922,0.223398491857842,0.223305771357678,0.223344304551844,0.223292962184846,0.000105529672995985,NA,FALSE,FALSE,TRUE,"diagnostics_met_only",1430.5184580224,1480.96061003069
"p.w[40]","local_continuous",TRUE,0.247447784573896,0.0764138631630986,0.160395967996145,0.215709223741479,0.370308366534407,0.999521129055415,8561.90084759513,8956.86565497737,0.000849774938240879,0.247454719143305,0.247498332278991,0.247441286523346,0.247396800349946,0.000101531929045079,NA,FALSE,FALSE,TRUE,"diagnostics_met_only",1415.65820892777,1480.9632366034
"p.w[41]","local_continuous",TRUE,0.220450045482597,0.072109306086269,0.139521877330733,0.191161448347752,0.339622385885347,0.99952314649004,8651.18782075059,8959.55823483055,0.00079985213261768,0.22047099777465,0.22041968593833,0.220386897020249,0.220522601197159,0.000135704176910056,NA,FALSE,FALSE,TRUE,"diagnostics_met_only",1430.4212666585,1481.4084382987
"p.w[42]","local_continuous",TRUE,0.227409210036129,0.073260695869241,0.144889849737356,0.197442711980471,0.347677350264729,0.999519975067845,8667.02028343616,8959.55823483055,0.000812688949699221,0.227366607442115,0.227336328155596,0.227466526122237,0.227467378424567,0.00013105026897145,NA,FALSE,FALSE,TRUE,"diagnostics_met_only",1433.03906802847,1481.4084382987
"p.w[43]","local_continuous",TRUE,0.252383669262693,0.0772859155101616,0.164180208662178,0.220170869429623,0.375905880969949,0.999513008631571,8625.74394067213,8959.61104669648,0.00085854857741211,0.252302875718077,0.252440356911265,0.25244583244815,0.25234561197328,0.000142956730073363,NA,FALSE,FALSE,TRUE,"diagnostics_met_only",1426.21427590478,1481.41717041939
"p.w[44]","local_continuous",TRUE,0.23533351376817,0.0744886035968274,0.150994594430826,0.204639613476199,0.35646880565671,0.999521939060004,8643.15241672423,8959.62694409309,0.000826610211765716,0.235373833863661,0.235373363210304,0.235268766004029,0.235318091994689,0.000105067859632491,NA,FALSE,FALSE,TRUE,"diagnostics_met_only",1429.09266149541,1481.41979895719
"p.w[45]","local_continuous",TRUE,0.246631557699818,0.0763054873417984,0.159741289810417,0.214937931545588,0.369193596862096,0.999517480717037,8580.15288215161,8956.9184351053,0.000848117255836852,0.246694685711098,0.246593782580535,0.246639599833876,0.246598162673758,0.000100903130562491,NA,FALSE,FALSE,TRUE,"diagnostics_met_only",1418.67607178433,1480.97196347641
"p.w[46]","local_continuous",TRUE,0.22030481769161,0.0720720947984481,0.139423485923157,0.191109888592612,0.339313881410923,0.99951167356595,8636.98846213107,8956.9184351053,0.000799474465828963,0.220293677984596,0.220339142284684,0.220305059523504,0.220281390973659,5.77513110257555e-05,NA,FALSE,FALSE,TRUE,"diagnostics_met_only",1428.07348910897,1480.97196347641
"p.w[47]","local_continuous",TRUE,0.228019741595432,0.0733158497786124,0.145365642463954,0.197983214350237,0.348059652939232,0.99951319446006,8628.3869469251,8959.61104669648,0.000813774951210224,0.228027059062281,0.227992806764764,0.227967292148827,0.228091808405859,0.000124516257032525,NA,FALSE,FALSE,TRUE,"diagnostics_met_only",1426.65128090693,1481.41717041939
"p.w[48]","local_continuous",TRUE,0.272363815053956,0.0805468173488647,0.17962397584379,0.238538189107954,0.398432898253529,0.999504591384029,8584.82480771966,8959.61104669648,0.000896141146246755,0.272323617529504,0.27228735551195,0.272428574619705,0.272415712554664,0.000141219107754553,NA,FALSE,FALSE,TRUE,"diagnostics_met_only",1419.44854624994,1481.41717041939
"p.w[49]","local_continuous",TRUE,0.223717785022417,0.072729450045299,0.142026248740207,0.194068712774136,0.343617416896412,0.999511143105572,8706.99828612782,8959.55823483055,0.00080614226315422,0.223660630758299,0.223783588296345,0.223765274342436,0.223661646692586,0.000122957538046253,NA,FALSE,FALSE,TRUE,"diagnostics_met_only",1439.64918752113,1481.4084382987
"p.w[50]","local_continuous",TRUE,0.330877707540457,0.090382469995085,0.224818566993199,0.291941586378832,0.464724076304114,0.99950647078984,8517.83507368865,8959.54233774138,0.00100664579916995,0.330925397368538,0.330918965671846,0.330800722862681,0.330865744258764,0.000124674505856404,NA,FALSE,FALSE,TRUE,"diagnostics_met_only",1408.37220133741,1481.40580981174
"p.w[51]","local_continuous",TRUE,0.3421148791609,0.0922975444283476,0.233532790563357,0.30204020708656,0.47739972930325,0.999504430299872,8491.43609187547,8956.8497694656,0.00102923551426902,0.342181884697099,0.342062423712319,0.342127161169778,0.342088047064409,0.000119460984779329,NA,FALSE,FALSE,TRUE,"diagnostics_met_only",1404.00729032333,1480.96061003069
"p.w[52]","local_continuous",TRUE,0.319487967454332,0.0884528403527101,0.216075927908943,0.281363141832611,0.451886585638609,0.999507204963327,8479.61534915024,8956.86565497737,0.000986857919720919,0.319466456656011,0.319529426876569,0.319495293366178,0.31946069291857,6.87339579988899e-05,NA,FALSE,FALSE,TRUE,"diagnostics_met_only",1402.05280243886,1480.9632366034
"p.w[53]","local_continuous",TRUE,0.283640766643794,0.0824348836097031,0.188347174130695,0.248674684655039,0.411276856322126,0.999507351266466,8534.2495217981,8959.55823483055,0.000918255360171354,0.283639063210392,0.283625102379496,0.283584113078,0.283714787907288,0.000130674829288469,NA,FALSE,FALSE,TRUE,"diagnostics_met_only",1411.08623045604,1481.4084382987
"p.w[54]","local_continuous",TRUE,0.2716646975907,0.0804338106636306,0.179080593318747,0.237857320491821,0.397692046615502,0.999512385165964,8590.52793901747,8959.55823483055,0.000894677032452067,0.271628698839284,0.27160517058111,0.271729371107769,0.271695549834639,0.00012420052665868,NA,FALSE,FALSE,TRUE,"diagnostics_met_only",1420.39152430844,1481.4084382987
"p.w[55]","local_continuous",TRUE,0.229277500941411,0.0735324321400097,0.146323322499098,0.199226890553573,0.349727085952439,0.999514697367494,8679.82636867736,8959.55823483055,0.000815483135121596,0.229237555746886,0.229349477895002,0.229316740666221,0.229206229457538,0.000143248437464022,NA,FALSE,FALSE,TRUE,"diagnostics_met_only",1435.15647630247,1481.4084382987
"p.w[56]","local_continuous",TRUE,0.245816501581975,0.0761715555920904,0.1591031993133,0.214200226650699,0.368407019430934,0.99951024948612,8610.37772038495,8959.61104669648,0.000846265579000826,0.245881069408637,0.245850022162175,0.245731127325925,0.245803787431158,0.000149942082712046,NA,FALSE,FALSE,TRUE,"diagnostics_met_only",1423.67356487846,1481.41717041939
"p.w[57]","local_continuous",TRUE,0.254241026694924,0.0775426332401684,0.165628238672747,0.221904043637262,0.377803025574037,0.999518340231484,8565.8583047551,8959.54233774138,0.000862577005571372,0.254296575788,0.254176855868272,0.254246899126741,0.254243775996683,0.000119719919728589,NA,FALSE,FALSE,TRUE,"diagnostics_met_only",1416.3125503894,1481.40580981174
"p.w[58]","local_continuous",TRUE,0.277096857708874,0.081310833887707,0.183309369956174,0.242777939787522,0.403726684093497,0.999508522302961,8526.24096552734,8959.57925214423,0.000905875170032363,0.277050455201618,0.277124030898168,0.277117254082187,0.277095690653524,7.35756965492551e-05,NA,FALSE,FALSE,TRUE,"diagnostics_met_only",1409.76206440598,1481.41191338364
"p.w[59]","local_continuous",TRUE,0.283438265399498,0.0823698287155511,0.188179883310539,0.248524198742607,0.410994523546005,0.999511854460182,8540.37246005146,8962.09335087902,0.000917302314420132,0.28342742314633,0.283417913391938,0.283396330117032,0.283511394942692,0.000115064825660094,NA,FALSE,FALSE,TRUE,"diagnostics_met_only",1412.09862104025,1481.82760431201
"p.w[60]","local_continuous",TRUE,0.227387776671154,0.0732397724645522,0.144859194530728,0.197456560083523,0.347337711774031,0.999506368196478,8678.28441732251,8959.57925214423,0.000812162491725279,0.227365166182163,0.227346224996483,0.227444574098113,0.227395141407854,9.83491016303129e-05,NA,FALSE,FALSE,TRUE,"diagnostics_met_only",1434.90152402819,1481.41191338364
"p.w[61]","local_continuous",TRUE,0.316672911480611,0.087980739134931,0.213865654368807,0.278911329263714,0.448639023512291,0.999505670097861,8533.02321619946,8959.5951493802,0.000979554806577368,0.31663750909876,0.316764596718999,0.316713107236568,0.316576432868114,0.000188163850885215,NA,FALSE,FALSE,TRUE,"diagnostics_met_only",1410.88346828695,1481.41454189487
"p.w[62]","local_continuous",TRUE,0.365784611210573,0.0964024635608279,0.251804834678454,0.323643272198909,0.504286132925947,0.999504122453119,8496.52717410013,8959.54233774138,0.00107426559618934,0.365870190496181,0.365821852305273,0.365675208400648,0.365771193640196,0.000194982095532814,NA,FALSE,FALSE,TRUE,"diagnostics_met_only",1404.84906979169,1481.40580981174
"p.w[63]","local_continuous",TRUE,0.296469884204125,0.0845419586678953,0.198270258047949,0.260427121181507,0.42571473208246,0.99951062551744,8496.93699798619,8959.43618063484,0.000942458907251544,0.296519830728923,0.296389490596925,0.296478170770535,0.296492044720118,0.000130340131997864,NA,FALSE,FALSE,TRUE,"diagnostics_met_only",1404.91683167761,1481.3882573801
"p.w[64]","local_continuous",TRUE,0.311369272495178,0.087065610865313,0.2097946935169,0.274075580506103,0.44269223256685,0.999510020536486,8495.87210623332,8959.35669927396,0.000971069687892851,0.311302069154969,0.311390465340819,0.311402480394931,0.311382075089993,0.000100411239962239,NA,FALSE,FALSE,TRUE,"diagnostics_met_only",1404.74075830577,1481.37511562069
"p.w[65]","local_continuous",TRUE,0.318232938320349,0.0882289377191419,0.215064629089216,0.280337575386064,0.450420331377372,0.999509743208867,8531.51632230292,8959.39873214615,0.000983237835564703,0.318209371006304,0.318218558330944,0.318197391483949,0.318306432460204,0.000109040976254693,NA,FALSE,FALSE,TRUE,"diagnostics_met_only",1410.63431255009,1481.38206550035
"p.w[66]","local_continuous",TRUE,0.326829345786239,0.0896874601355773,0.221699666094857,0.288298915478476,0.460125011393614,0.999510284697071,8546.44927382062,8959.39873214615,0.000998648131056894,0.326809340563982,0.326787005253737,0.326894546728786,0.326826490598451,0.000107541475049155,NA,FALSE,FALSE,TRUE,"diagnostics_met_only",1413.10338522166,1481.38206550035
"p.w[67]","local_continuous",TRUE,0.328420621474577,0.0899609314981225,0.222937346436929,0.289728602089948,0.461897640683778,0.999507854085491,8531.39676561701,8959.5951493802,0.0010018613823046,0.328409292203106,0.32851638094906,0.328448964683897,0.32830784806224,0.000208532886819768,NA,FALSE,FALSE,TRUE,"diagnostics_met_only",1410.61454457953,1481.41454189487
"p.w[68]","local_continuous",TRUE,0.305476908345233,0.0860722444900973,0.205217102261905,0.26875103226157,0.435990306006129,0.999505626258949,8508.48928129497,8959.61104669648,0.000959161549943068,0.305566087746775,0.305501790152113,0.305367781686859,0.305471973795179,0.000198306059916331,NA,FALSE,FALSE,TRUE,"diagnostics_met_only",1406.82693143105,1481.41717041939
"p.w[69]","local_continuous",TRUE,0.330171946653424,0.0902800869820697,0.224310334566449,0.291181185147426,0.46403859687748,0.999505159500759,8473.20425069833,8959.23977411814,0.00100729046075131,0.330215380843201,0.330074009114869,0.330183639916621,0.330214756739006,0.000141371728332507,NA,FALSE,FALSE,TRUE,"diagnostics_met_only",1400.99276631917,1481.35578275763
"p.w[70]","local_continuous",TRUE,0.295353680522506,0.0843857627318285,0.197418103166241,0.259454539683852,0.424586019484876,0.999504984391132,8509.02569410042,8958.94289664821,0.000940569575365878,0.295264494049856,0.295370843477626,0.295401704682876,0.295377679879669,0.000137210633020024,NA,FALSE,FALSE,TRUE,"diagnostics_met_only",1406.91562402454,1481.30669587437
"p.w[71]","local_continuous",TRUE,0.283321405785562,0.0823513693352705,0.188082651719452,0.248537024162452,0.41080638361496,0.999504149582727,8558.95495322613,8959.53614462933,0.000916610865777405,0.283290349729965,0.283321634815943,0.283297195535525,0.28337644306081,8.60933308453604e-05,NA,FALSE,FALSE,TRUE,"diagnostics_met_only",1415.17112321861,1481.40478581834
"p.w[72]","local_continuous",TRUE,0.238244673605945,0.0749530680468719,0.153248491522361,0.207379693101416,0.359755746184789,0.999508317635466,8648.32170250706,8959.49923099335,0.000831860569258584,0.238246995734571,0.238222869374159,0.238290971243282,0.23821785807177,7.31131715111522e-05,NA,FALSE,FALSE,TRUE,"diagnostics_met_only",1429.94737144627,1481.39868237324
"p.w[73]","local_continuous",TRUE,0.304838938511428,0.0859600798149428,0.20473740337657,0.268136143566067,0.435247821009213,0.999505865882435,8529.11865087043,8959.57413200003,0.000957261230690261,0.304849777341374,0.30493068409966,0.304856535966335,0.304718756638342,0.000211927461317263,NA,FALSE,FALSE,TRUE,"diagnostics_met_only",1410.23787216773,1481.41106679895
"p.w[74]","local_continuous",TRUE,0.232881193900483,0.0740793006634055,0.149121624640716,0.202464504857095,0.353648831648693,0.999513874562685,8606.71618997806,8959.55823483055,0.00082264256101258,0.23296017347555,0.232888886561316,0.232779100742794,0.232896614822271,0.000181072732756055,NA,FALSE,FALSE,TRUE,"diagnostics_met_only",1423.06815310484,1481.4084382987
"p.w[75]","local_continuous",TRUE,0.227306401088043,0.0732089645188091,0.144823456244635,0.197377683150122,0.347437570293337,0.999520125543054,8610.75715554608,8959.41516391946,0.000812647873276135,0.227320031536281,0.227212414830962,0.227326559404602,0.227366598580331,0.000154183749368431,NA,FALSE,FALSE,TRUE,"diagnostics_met_only",1423.73630217362,1481.38478239409
"p.w[76]","local_continuous",TRUE,0.174769278253374,0.0651440600930483,0.104218832887419,0.150270824328201,0.288102344452511,0.999506212339955,8827.17657042496,8959.54745791326,0.00071736304553234,0.174679231232514,0.174791580312796,0.174819929228332,0.174786372239855,0.000140697995817923,NA,FALSE,FALSE,TRUE,"diagnostics_met_only",1459.51993558614,1481.406656401
"p.w[77]","local_continuous",TRUE,0.211094762199579,0.0706533458955237,0.132262218570814,0.182773066483513,0.329131660230165,0.999512147731228,8725.20344445376,8959.52644073253,0.000782175904212041,0.211072996862186,0.211112659902141,0.21107310588288,0.211120286151108,4.72892889225307e-05,NA,FALSE,FALSE,TRUE,"diagnostics_met_only",1442.6592996782,1481.40318133805
"p.w[78]","local_continuous",TRUE,0.214212615181273,0.0711400325229033,0.134674991483828,0.185650809285441,0.332609445369623,0.999513520515108,8708.73822155905,8959.43106036609,0.000787847572496794,0.214233790219943,0.214196421397111,0.214246597536207,0.214173651571828,7.29459643794561e-05,NA,FALSE,FALSE,TRUE,"diagnostics_met_only",1439.93687525778,1481.38741077482
"p.w[79]","local_continuous",TRUE,0.167184840336833,0.0639584478162978,0.0983613615019236,0.143627252612309,0.279439723383331,0.999506407916578,8858.54637188226,8956.84976946561,0.000703372544431613,0.16720853007686,0.16724483651232,0.167182807182194,0.167103187575957,0.000141648936363065,NA,FALSE,FALSE,TRUE,"diagnostics_met_only",1464.70674138265,1480.96061003069
"p.w[80]","local_continuous",TRUE,0.282814103229872,0.0822922434888998,0.187714763348073,0.247881133932206,0.410362333076284,0.999511107338335,8512.72667101806,8956.97121585528,0.000916864392363992,0.282904638314861,0.282819232753299,0.282696629554882,0.282835912296445,0.000208008759978839,NA,FALSE,FALSE,TRUE,"diagnostics_met_only",1407.5275580387,1480.98069045226
"p.w[81]","local_continuous",TRUE,0.244497924059357,0.0759644625256053,0.158103858719077,0.213054577225624,0.366936176819344,0.999520749939128,8569.08486346131,8956.84976946561,0.000844524517860455,0.244499614060726,0.244394670642111,0.244526844552921,0.244570566981669,0.000175896339558251,NA,FALSE,FALSE,TRUE,"diagnostics_met_only",1416.84604223897,1480.96061003069
"p.w[82]","local_continuous",TRUE,0.287822290532078,0.0831100905073356,0.191590533831854,0.252534245224462,0.416106165086067,0.999507881150253,8538.4514307457,8959.25108343201,0.000925626474604474,0.287703555850898,0.287842368258941,0.287893760712514,0.287849477305955,0.000190204861615528,NA,FALSE,FALSE,TRUE,"diagnostics_met_only",1411.78099053335,1481.35765268386
"p.w[83]","local_continuous",TRUE,0.271454449390474,0.0803737963577406,0.178901562437043,0.237704668418398,0.397491891490709,0.999504883866986,8581.62047857032,8959.52644073253,0.000893794052717544,0.271426484267208,0.271476237112678,0.271431290758145,0.271483785423866,5.73011566581405e-05,NA,FALSE,FALSE,TRUE,"diagnostics_met_only",1418.91872992234,1481.40318133805
"p.w[84]","local_continuous",TRUE,0.297734707423309,0.0847577309106525,0.199213914461091,0.261657313429189,0.427151184485067,0.99950778904752,8537.08818106273,8959.46285350032,0.000943392500076006,0.297760573157807,0.29772149355594,0.297776853581198,0.297679909398288,9.69441829097306e-05,NA,FALSE,FALSE,TRUE,"diagnostics_met_only",1411.55558549318,1481.39266757611
"p.w[85]","local_continuous",TRUE,0.277184712236688,0.0813060251284714,0.183367576117348,0.243056923350508,0.403910878671941,0.999508347695802,8519.38951565882,8959.57925214423,0.00090517670425233,0.277216256433395,0.277270529261074,0.277179228770739,0.277072834481547,0.000197694779526913,NA,FALSE,FALSE,TRUE,"diagnostics_met_only",1408.62921885893,1481.41191338364
"p.w[86]","local_continuous",TRUE,0.266052796738051,0.0794874998088409,0.174754976895608,0.232720320582412,0.391221633376384,0.99950774923615,8527.4127324167,8959.57925214423,0.000885034153725797,0.266133222361861,0.266044965358004,0.265944210883945,0.266088788348393,0.000189011477916223,NA,FALSE,FALSE,TRUE,"diagnostics_met_only",1409.95580893133,1481.41191338364
"p.w[87]","local_continuous",TRUE,0.273020795957854,0.0806524553232428,0.180146324004385,0.239158067788788,0.399120644945746,0.999506262529017,8527.1608715201,8959.29877064504,0.000898214480548675,0.27301293373934,0.272909021564679,0.273054732241572,0.273106496285829,0.000197474721149282,NA,FALSE,FALSE,TRUE,"diagnostics_met_only",1409.91416526457,1481.36553747438
"p.w[88]","local_continuous",TRUE,0.327694093858755,0.0898559987318045,0.222383455125657,0.289001202195995,0.461143203262824,0.999505858919174,8527.06276996715,8959.12392106406,0.00100146119059547,0.327558864097728,0.327718757415565,0.327776220833084,0.327722533088646,0.000217356735355889,NA,FALSE,FALSE,TRUE,"diagnostics_met_only",1409.8979447697,1481.33662716006
"p.w[89]","local_continuous",TRUE,0.299591973541104,0.0850645804559866,0.200641151343698,0.263342898507117,0.429205762172469,0.999504009563751,8567.39190333605,8958.8855054761,0.00094672460051297,0.299567647482789,0.29961897689949,0.299564564512387,0.299616705269754,5.44123871031865e-05,NA,FALSE,FALSE,TRUE,"diagnostics_met_only",1416.56612158334,1481.29720659327
"p.w[90]","local_continuous",TRUE,0.308943340325709,0.0866503680348846,0.207876192291935,0.271909067588614,0.439845974482901,0.99950484268618,8526.70446202996,8958.9172931773,0.000964800642867508,0.308983153846467,0.308928468011797,0.308981280475028,0.308880458969547,0.000102694876920328,NA,FALSE,FALSE,TRUE,"diagnostics_met_only",1409.83870073247,1481.30246249625
"p.w[91]","local_continuous",TRUE,0.271889134159745,0.0804201923662782,0.179281897807435,0.23817075685742,0.397831070972404,0.999509008222353,8533.40021254486,8959.47362994341,0.000895314806957852,0.271922914353293,0.27196701456424,0.271878661601622,0.271787946119827,0.0001790684444129,NA,FALSE,FALSE,TRUE,"diagnostics_met_only",1410.94580233877,1481.39444939541
"p.w[92]","local_continuous",TRUE,0.243817814581801,0.0758778775942824,0.157581132148575,0.212339991324301,0.366172100043214,0.999508126001169,8569.69427708849,8959.55823483055,0.000843638451665574,0.24388286281199,0.243797101999592,0.24372018794903,0.243871105566594,0.000162674862959927,NA,FALSE,FALSE,TRUE,"diagnostics_met_only",1416.94680507416,1481.4084382987
"p.w[93]","local_continuous",TRUE,0.248171866902458,0.0766106421809308,0.160932996654122,0.216319011421053,0.371060525468136,0.999512009333993,8573.48185175489,8959.47362994341,0.000851764813635115,0.24814979946691,0.248065384126357,0.248217615599014,0.248254668417549,0.000189284291191943,NA,FALSE,FALSE,TRUE,"diagnostics_met_only",1417.57305749915,1481.39444939541
"p.w[94]","local_continuous",TRUE,0.223178044292821,0.0725865812994637,0.141613677278331,0.193688300910541,0.3428919417947,0.999506428947109,8690.57156996808,8959.48952672515,0.000804628912611087,0.223071071541354,0.223218411832778,0.2232459946137,0.223176699183453,0.000174923072346761,NA,FALSE,FALSE,TRUE,"diagnostics_met_only",1436.93312995504,1481.39707783154
"p.w[95]","local_continuous",TRUE,0.201023562796137,0.0691119397420843,0.124473772276739,0.173852285241763,0.317837944679606,0.999510423161146,8779.58141970805,8959.1977425754,0.00076402311692437,0.201033528370756,0.201061925083626,0.200982550483086,0.201016247247079,7.93746005403606e-05,NA,FALSE,FALSE,TRUE,"diagnostics_met_only",1451.65036701522,1481.34883309779
"p.w[96]","local_continuous",TRUE,0.217926958311715,0.0717172120777842,0.137553562991511,0.1889449450886,0.336897983198752,0.999513036347884,8689.29851970235,8959.0705829985,0.000794793166786135,0.217983788899097,0.217908500067379,0.217942432529364,0.217873111751025,0.000110677148072419,NA,FALSE,FALSE,TRUE,"diagnostics_met_only",1436.72263883967,1481.32780803547
"p.w[97]","local_continuous",TRUE,0.213759299939705,0.0710744212957277,0.134366019714957,0.185172856803664,0.332298620816162,0.999514432009442,8673.29587677703,8961.90246170116,0.0007877749805926,0.213782675551036,0.213816755458079,0.21374307024891,0.21369469850079,0.000122056957288647,NA,FALSE,FALSE,TRUE,"diagnostics_met_only",1434.07669920255,1481.79604194794
"p.w[98]","local_continuous",TRUE,0.270659236527394,0.0802650186342347,0.178322675297844,0.236845665083361,0.396656990370167,0.999518458118945,8522.49396427743,8962.15698317757,0.00089398503306886,0.27072198918043,0.270632230152515,0.270563612721803,0.270719114054826,0.000158376458626708,NA,FALSE,FALSE,TRUE,"diagnostics_met_only",1409.14252054852,1481.83812552539
"p.w[99]","local_continuous",TRUE,0.248768594739074,0.0767134926390008,0.161395096845553,0.21683146893984,0.371907241086917,0.999520604941219,8592.54861068996,8962.06153521212,0.000852770731416874,0.248735034646628,0.248670322172785,0.248822092660712,0.24884692947617,0.000176607303384396,NA,FALSE,FALSE,TRUE,"diagnostics_met_only",1420.7256300744,1481.82234378507
"p.w[100]","local_continuous",TRUE,0.206347511186739,0.069945235589141,0.128605216052546,0.178563490271303,0.323937722356549,0.999514301177914,8752.14491114824,8962.1728914532,0.000773796444104669,0.206249243966353,0.206397490379403,0.206420388526435,0.206322921874764,0.000171144560081937,NA,FALSE,FALSE,TRUE,"diagnostics_met_only",1447.11390726657,1481.84075586197
"p.w[101]","local_continuous",TRUE,0.299841831900257,0.0851320817843288,0.200838560985405,0.263559965001311,0.42958041790739,0.999510787460383,8554.68565327626,8961.96609014086,0.00094742442934249,0.299844667921009,0.299883758484987,0.29979411046355,0.299844790731482,8.96480214365725e-05,NA,FALSE,FALSE,TRUE,"diagnostics_met_only",1414.46522044912,1481.80656252329
"p.w[102]","local_continuous",TRUE,0.252439648958084,0.0772486966675635,0.16422780308421,0.22029790132417,0.375840063297564,0.999522723389213,8583.72261360455,8959.55823483055,0.000858693678278008,0.252502495458236,0.252414134454119,0.25245364714485,0.252388318775135,0.000114176683100875,NA,FALSE,FALSE,TRUE,"diagnostics_met_only",1419.26630515948,1481.4084382987
"p.w[103]","local_continuous",TRUE,0.226360316192201,0.0730255035958179,0.14410770785418,0.196557758388385,0.346247186813679,0.999517721861546,8621.16683480453,8959.55823483055,0.000810562165475745,0.226373310361409,0.226411595240173,0.226350994764278,0.226305364402941,0.000106230837232157,NA,FALSE,FALSE,TRUE,"diagnostics_met_only",1425.45747929969,1481.4084382987
"p.w[104]","local_continuous",TRUE,0.223025445172891,0.0725268607542859,0.141511832534344,0.193505138042814,0.342484331024949,0.999517888409169,8633.04299576223,8959.62694409309,0.000804752067233359,0.223059004222315,0.222997784095551,0.222949214667815,0.223095777705886,0.000146563038070424,NA,FALSE,FALSE,TRUE,"diagnostics_met_only",1427.42113025169,1481.41979895719
"p.w[105]","local_continuous",TRUE,0.246625957057121,0.076342000991874,0.159733756647142,0.214900163709992,0.369279730506425,0.999524403949551,8605.80466593,8959.61104669648,0.000848346580125763,0.246589343028108,0.246533106773381,0.246685507888008,0.246695870538989,0.00016276376560756,NA,FALSE,FALSE,TRUE,"diagnostics_met_only",1422.9174381498,1481.41717041939
"p.w[106]","local_continuous",TRUE,0.262104070023933,0.0788526930533713,0.171698679178345,0.229097115747608,0.386828196792095,0.999511688868852,8608.58830719562,8959.55823483055,0.00087645308342392,0.262007412759976,0.262159043015259,0.26217384111336,0.262075983207134,0.000166428353384596,NA,FALSE,FALSE,TRUE,"diagnostics_met_only",1423.37769629557,1481.4084382987
"p.w[107]","local_continuous",TRUE,0.200875902250683,0.0690836973733176,0.124363379226028,0.173665718871388,0.317627057483063,0.999514433863736,8757.09764648706,8959.54233774138,0.000763792136339863,0.20091360616769,0.200915030201683,0.200817297015019,0.200857675618345,9.7733186663701e-05,NA,FALSE,FALSE,TRUE,"diagnostics_met_only",1447.93281191916,1481.40580981174
"p.w[108]","local_continuous",TRUE,0.360872333510671,0.0955702695430574,0.248021203443388,0.319231640442771,0.498645600470401,0.999507773885914,8495.24145874682,8956.8497694656,0.00106516326430196,0.360938699301827,0.36083957242436,0.360895132675432,0.360815929641065,0.000122769660762356,NA,FALSE,FALSE,TRUE,"diagnostics_met_only",1404.63648458115,1480.96061003069
"p.w[109]","local_continuous",TRUE,0.364550465888591,0.0962232631526342,0.250900200375314,0.322455280146758,0.50290039484254,0.999510505117417,8472.55625385107,8956.84976946561,0.00107373628476049,0.364568307255225,0.36461860866426,0.364541692740703,0.364473254894179,0.000145353770080847,NA,FALSE,FALSE,TRUE,"diagnostics_met_only",1400.88562398331,1480.96061003069
"p.w[110]","local_continuous",TRUE,0.305611306724093,0.0860857319469052,0.205318356744762,0.268765215704431,0.436131738578954,0.999506887677482,8498.48837733161,8959.54233774138,0.000959954764118396,0.305648138260857,0.305582208087048,0.305529569674671,0.305685310873801,0.000155741199130477,NA,FALSE,FALSE,TRUE,"diagnostics_met_only",1405.17334281277,1481.40580981174
"p.w[111]","local_continuous",TRUE,0.252121334139497,0.0772352180110741,0.163976516082797,0.219985949076351,0.375775468339625,0.9995169062438,8612.77312978519,8959.55823483055,0.000858423918679259,0.252081174033379,0.252042132491282,0.252183196853254,0.252178833180072,0.000141064361971976,NA,FALSE,FALSE,TRUE,"diagnostics_met_only",1424.06963124755,1481.4084382987
"p.w[112]","local_continuous",TRUE,0.260182480545014,0.0785459198862274,0.170206014677898,0.227389254642466,0.384837692288395,0.999514996114444,8616.52047641795,8959.5951493802,0.000872912588887715,0.260103439227217,0.260247064949415,0.260243607908246,0.260135810095177,0.000143625722198115,NA,FALSE,FALSE,TRUE,"diagnostics_met_only",1424.68923221196,1481.41454189487
"p.w[113]","local_continuous",TRUE,0.334629952307134,0.0910263305411688,0.227728245848179,0.295395867838624,0.468921744438313,0.999506922738235,8534.15690251631,8959.61104669648,0.0010136820004683,0.334664577152277,0.334673082409447,0.334561201537639,0.334620948129176,0.000111880871808412,NA,FALSE,FALSE,TRUE,"diagnostics_met_only",1411.07091642135,1481.41717041939
"p.w[114]","local_continuous",TRUE,0.191423731029046,0.067583460119212,0.117087429549426,0.165366565288697,0.306773088994292,0.99951869320649,8756.3996975747,8956.97121585528,0.000746563976774718,0.191483580781469,0.191378825207193,0.191429543863017,0.191402974264505,0.000104755574275417,NA,FALSE,FALSE,TRUE,"diagnostics_met_only",1447.81741031328,1480.98069045226
"p.w[115]","local_continuous",TRUE,0.18004834033679,0.0658517635385456,0.108314270148929,0.155185578477567,0.293938368132336,0.999509920173098,8787.2006563644,8956.97121585528,0.000726116119259038,0.180025271959012,0.180072825449705,0.18005646637187,0.180038797566574,4.7553490693214e-05,NA,FALSE,FALSE,TRUE,"diagnostics_met_only",1452.91016143591,1480.98069045226
"p.w[116]","local_continuous",TRUE,0.182568691121822,0.0662444190873683,0.110239289254961,0.157367449461495,0.29663840933086,0.999512509032005,8797.05394012989,8959.61104669648,0.000730712505649972,0.18256333447425,0.182543673878968,0.182529012195077,0.182638743938996,0.000109731743918567,NA,FALSE,FALSE,TRUE,"diagnostics_met_only",1454.53934195269,1481.41717041939
"p.w[117]","local_continuous",TRUE,0.187441186185813,0.0670413366614782,0.113981803001973,0.161716959917623,0.302232978553862,0.999517862020127,8823.36499935565,8959.57925214423,0.000739830258573314,0.187406133414577,0.187389831558231,0.187498085088111,0.187470694682329,0.000108253529880559,NA,FALSE,FALSE,TRUE,"diagnostics_met_only",1458.88971550193,1481.41191338364
"p.w[118]","local_continuous",TRUE,0.198353006899811,0.0686815642214899,0.122431651525346,0.171487983014771,0.314570080115767,0.999520850899731,8782.62700720878,8959.55823483055,0.000759038549544246,0.19831041468053,0.198423303448809,0.1983925850731,0.198285724396805,0.000137579052004233,NA,FALSE,FALSE,TRUE,"diagnostics_met_only",1452.15393637711,1481.4084382987
"p.w[119]","local_continuous",TRUE,0.183385439043839,0.0663763447621249,0.11085429875338,0.1580846375455,0.297615060072243,0.999507396287873,8809.43754660283,8959.45773324199,0.000732088647215575,0.183445253845103,0.183417158571714,0.183309760540365,0.183369583218173,0.000135493304737083,NA,FALSE,FALSE,TRUE,"diagnostics_met_only",1456.58689593301,1481.39182097255
"p.w[120]","local_continuous",TRUE,0.218026146256612,0.0717467046180375,0.13764073501391,0.188947041594105,0.336875965646788,0.999515307480379,8662.61804078252,8959.47362994341,0.000795519311427626,0.218085132358456,0.217965866358107,0.218029225431591,0.218024360878292,0.000119266000348561,NA,FALSE,FALSE,TRUE,"diagnostics_met_only",1432.31118399182,1481.39444939541
"p.w[121]","local_continuous",TRUE,0.213017161585886,0.0709275550300903,0.13378905753733,0.184566734600893,0.331168758895662,0.99951129154512,8660.96605251634,8959.47362994341,0.000786057049216967,0.212980004939893,0.213040902446239,0.213031461459551,0.213016277497865,6.08975063459138e-05,NA,FALSE,FALSE,TRUE,"diagnostics_met_only",1432.03803778379,1481.39444939541
"p.w[122]","local_continuous",TRUE,0.219017848985286,0.0719126030881201,0.138391391763518,0.18984613657477,0.338073584192774,0.999515795421001,8670.296559814,8962.15698317757,0.000797268267935092,0.219008621436667,0.218998408769511,0.218978379828527,0.21908598590644,0.000107606077913047,NA,FALSE,FALSE,TRUE,"diagnostics_met_only",1433.58078039253,1481.83812552539
"p.w[123]","local_continuous",TRUE,0.208821179063399,0.0703128874247618,0.130513281912275,0.180779612278794,0.326541762284417,0.999510387115073,8741.94784702293,8962.02971986679,0.000778198206290172,0.208791052987047,0.208778582866476,0.208877733912029,0.208837346488043,9.91510455529976e-05,NA,FALSE,FALSE,TRUE,"diagnostics_met_only",1445.42788475908,1481.81708331131
"p.w[124]","local_continuous",TRUE,0.245865011754855,0.0761999263312647,0.159144636620889,0.214295312808739,0.368515720286577,0.999507128297814,8629.31504163471,8962.09335087902,0.000846184570701886,0.245830606031467,0.245942400050735,0.245900328059857,0.245786712877366,0.000155687173368918,NA,FALSE,FALSE,TRUE,"diagnostics_met_only",1426.80473572002,1481.82760431201
"p.w[125]","local_continuous",TRUE,0.196935671627782,0.068428600897576,0.121341185636462,0.170214321561943,0.31314221648917,0.999505104306724,8754.1323145926,8961.99790484304,0.000756431309273336,0.197002359351205,0.196961169432213,0.196853950797742,0.196925206929967,0.00014840855346282,NA,FALSE,FALSE,TRUE,"diagnostics_met_only",1447.44251233343,1481.81182289071
"p.w[126]","local_continuous",TRUE,0.189022844091453,0.0672131102063151,0.115242072346751,0.163110702039871,0.304110696044229,0.999508226020562,8761.46544596478,8959.49976716918,0.000742255769368781,0.189064629943318,0.188958678265308,0.18903035634245,0.189037711814733,0.000105951678009836,NA,FALSE,FALSE,TRUE,"diagnostics_met_only",1448.65500098624,1481.39877102665
"p.w[127]","local_continuous",TRUE,0.268732362815486,0.079912524144996,0.176847174911589,0.235190555392429,0.394381684590643,0.999514450639722,8529.69156882232,8961.88655479221,0.000889868030219383,0.268678290003061,0.26875518267243,0.268756309668397,0.268739668918061,7.80196653368259e-05,NA,FALSE,FALSE,TRUE,"diagnostics_met_only",1410.33260066507,1481.79341183734
"p.w[128]","local_continuous",TRUE,0.242994756030329,0.0757343861688008,0.156925568653286,0.211607227245658,0.365327323486477,0.999519868844033,8608.33378965027,8959.31413178335,0.000841349797490684,0.242975720036632,0.242981008455889,0.242965995642651,0.243056299986146,9.03043434946627e-05,NA,FALSE,FALSE,TRUE,"diagnostics_met_only",1423.3356133681,1481.36807734513
"p.w[129]","local_continuous",TRUE,0.232612092849119,0.0740752740063447,0.148892644733178,0.202191823058074,0.353482880800252,0.999507600546481,8661.8964940033,8959.54233774138,0.000821781710086728,0.232592791561714,0.232574142275015,0.232668573861229,0.232612863698524,9.44315862144718e-05,NA,FALSE,FALSE,TRUE,"diagnostics_met_only",1432.19188062224,1481.40580981174
"p.w[130]","local_continuous",TRUE,0.276128810215703,0.0811938692243451,0.182536949309732,0.241942006400374,0.402756089439043,0.999505001280469,8574.04791268084,8959.61104669648,0.000903184436667513,0.276111086190325,0.276213090680482,0.276157068289648,0.276033995702356,0.000179094978126015,NA,FALSE,FALSE,TRUE,"diagnostics_met_only",1417.66665222897,1481.41717041939
"p.w[131]","local_continuous",TRUE,0.364405306836722,0.0961970988769629,0.250753690505298,0.322301766079299,0.502697438234214,0.999505043290819,8492.62909464753,8959.54233774138,0.00107213534063744,0.364496733114445,0.364439637324211,0.364292879935742,0.364391976972496,0.000203853178703139,NA,FALSE,FALSE,TRUE,"diagnostics_met_only",1404.20454607267,1481.40580981174
"p.w[132]","local_continuous",TRUE,0.240689010241107,0.0753632444816444,0.155166637242516,0.209512181433883,0.362643009310017,0.999516009555712,8577.99223607827,8959.49411081785,0.00083760918788609,0.240726081827073,0.240608170893816,0.240701082780039,0.240720705463504,0.000117910933256637,NA,FALSE,FALSE,TRUE,"diagnostics_met_only",1418.31882210289,1481.39783578337
"p.w[133]","local_continuous",TRUE,0.280367536561697,0.0818856799139654,0.185836824499652,0.245764306980552,0.407568819984908,0.999513275687962,8514.82532989127,8959.44130088634,0.00091226459303536,0.280289002832176,0.280390691577037,0.280407127181073,0.280383324656504,0.000118124348897131,NA,FALSE,FALSE,TRUE,"diagnostics_met_only",1407.87455851377,1481.38910398253
"p.w[134]","local_continuous",TRUE,0.22016767364572,0.0720915481049413,0.139281253221443,0.190956873213368,0.339273829002019,0.999509085737482,8682.85720432595,8959.64230429766,0.000799072587259743,0.220144867229416,0.220164694064129,0.22014516170569,0.220215971583643,7.11043542268308e-05,NA,FALSE,FALSE,TRUE,"diagnostics_met_only",1435.65760653538,1481.42233867356
"p.w[135]","local_continuous",TRUE,0.264026305324477,0.0791597256025397,0.173172012403169,0.23092757561282,0.388917878146345,0.999514701837774,8599.38853004911,8959.54180123795,0.000879955578081917,0.26401853516534,0.263996731159793,0.264077909380667,0.264012045592108,8.11782208739453e-05,NA,FALSE,FALSE,TRUE,"diagnostics_met_only",1421.85656912188,1481.40572110416
"p.w[136]","local_continuous",TRUE,0.247907577675743,0.0765761554413008,0.160726411899184,0.216039303652133,0.370863187616215,0.999505296039258,8601.32503886052,8959.55823483055,0.000850736862773919,0.247913754720664,0.247988003599296,0.247922297062962,0.247806255320048,0.000181748279248023,NA,FALSE,FALSE,TRUE,"diagnostics_met_only",1422.17675907085,1481.4084382987
"p.w[137]","local_continuous",TRUE,0.293808087333478,0.0841634394314291,0.19620228165304,0.257972551810408,0.422813330962295,0.999509232369482,8512.98700529128,8959.61104669648,0.000937730827966048,0.293900546954088,0.293824503804602,0.293697145311857,0.293810153263369,0.000203401642231094,NA,FALSE,FALSE,TRUE,"diagnostics_met_only",1407.57060272673,1481.41717041939
"p.w[138]","local_continuous",TRUE,0.289082111170092,0.0833193064157456,0.192552892415734,0.253771968335013,0.417471683934854,0.999511848597722,8499.4803110868,8959.4730939652,0.000928719833840653,0.289113948709587,0.28898390702368,0.289096572323221,0.289134016623882,0.000150109600201953,NA,FALSE,FALSE,TRUE,"diagnostics_met_only",1405.33735302361,1481.39436077467
"p.w[139]","local_continuous",TRUE,0.31750133586022,0.0881139467455665,0.214529992364272,0.279654237628828,0.449692571542721,0.999510631876368,8500.9617792785,8959.48899062511,0.000982623351531034,0.317401764438514,0.317517284985592,0.317555850416529,0.317530443600249,0.000154085978014917,NA,FALSE,FALSE,TRUE,"diagnostics_met_only",1405.58230477488,1481.39698919066
"p.w[140]","local_continuous",TRUE,0.237135238133643,0.0748011281915488,0.152383382809064,0.206258158197281,0.358649773623641,0.999512635729184,8646.75501436766,8959.42540446738,0.000830281422177678,0.237109898690727,0.23714134334902,0.237115143237808,0.237174567257015,6.46685662878954e-05,NA,FALSE,FALSE,TRUE,"diagnostics_met_only",1429.68832909518,1481.38647560638
"p.w[141]","local_continuous",TRUE,0.235591298817718,0.0745385911231561,0.151192861205306,0.204937233363175,0.35694753464579,0.99951353313065,8654.42165886943,8959.40950812872,0.000827106971769212,0.235603645845527,0.235570059452446,0.235630834566751,0.235560655406152,7.01791605988711e-05,NA,FALSE,FALSE,TRUE,"diagnostics_met_only",1430.95596211465,1481.38384724351
"p.w[142]","local_continuous",TRUE,0.302753083912591,0.085622554136471,0.203119708006111,0.266245887775052,0.432955963748354,0.999511958601459,8521.46825495676,8956.9184351053,0.000953563247618606,0.30277052191229,0.302848118052049,0.302761373410876,0.302632322275146,0.000215795776903671,NA,FALSE,FALSE,TRUE,"diagnostics_met_only",1408.97292575343,1480.97196347641
"p.w[143]","local_continuous",TRUE,0.203502333963382,0.0694499706026014,0.126417882285405,0.176094498264161,0.320604479699305,0.999508467437741,8705.52449329369,8956.84976946561,0.000768714102457907,0.203572166501317,0.203506223386669,0.203404709850071,0.203526236115468,0.000167456651245651,NA,FALSE,FALSE,TRUE,"diagnostics_met_only",1439.40550484353,1480.96061003069
"class_count[1]","class_count",TRUE,47.666625,0.471448716576391,47,48,48,0.99950047727743,8072.64241472251,NA,0.00524718770268796,47.6665,47.6665,47.667,47.6665,3.49650349652019e-06,0.05,FALSE,FALSE,FALSE,"inconclusive",1334.76230402158,NA
"class_indicator[1,1]","class_indicator",TRUE,0.333375,0.471448716576415,0,0,1,0.99950047727743,8072.64241472251,NA,0.00524718770268822,0.3335,0.333,0.3335,0.3335,5e-04,0.05,FALSE,FALSE,FALSE,"inconclusive",1334.76230402158,NA
"class_indicator[2,1]","class_indicator",TRUE,0.33325,0.471404513424435,0,0,1,0.999500356899737,8072.65876486631,NA,0.00524669041176994,0.333,0.3335,0.3335,0.333,5e-04,0.05,FALSE,FALSE,FALSE,"inconclusive",1334.76500741837,NA
"class_indicator[3,1]","class_indicator",TRUE,0.333375,0.471448716576415,0,0,1,0.99950047727743,8072.64241472251,NA,0.00524718770268822,0.3335,0.3335,0.333,0.3335,5e-04,0.05,FALSE,FALSE,FALSE,"inconclusive",1334.76230402158,NA
"class_indicator[4,1]","class_indicator",TRUE,0.333375,0.471448716576415,0,0,1,0.99950047727743,8072.64241472251,NA,0.00524718770268822,0.3335,0.333,0.3335,0.3335,5e-04,0.05,FALSE,FALSE,FALSE,"inconclusive",1334.76230402158,NA
"class_indicator[5,1]","class_indicator",TRUE,0.33325,0.471404513424435,0,0,1,0.999500356899737,8072.65876486631,NA,0.00524669041176994,0.333,0.3335,0.3335,0.333,5e-04,0.05,FALSE,FALSE,FALSE,"inconclusive",1334.76500741837,NA
"class_indicator[6,1]","class_indicator",TRUE,0.333375,0.471448716576415,0,0,1,0.99950047727743,8072.64241472251,NA,0.00524718770268822,0.3335,0.3335,0.333,0.3335,5e-04,0.05,FALSE,FALSE,FALSE,"inconclusive",1334.76230402158,NA
"class_indicator[7,1]","class_indicator",TRUE,0.333375,0.471448716576415,0,0,1,0.99950047727743,8072.64241472251,NA,0.00524718770268822,0.3335,0.333,0.3335,0.3335,5e-04,0.05,FALSE,FALSE,FALSE,"inconclusive",1334.76230402158,NA
"class_indicator[8,1]","class_indicator",TRUE,0.33325,0.471404513424435,0,0,1,0.999500356899737,8072.65876486631,NA,0.00524669041176994,0.333,0.3335,0.3335,0.333,5e-04,0.05,FALSE,FALSE,FALSE,"inconclusive",1334.76500741837,NA
"class_indicator[9,1]","class_indicator",TRUE,0.333375,0.471448716576415,0,0,1,0.99950047727743,8072.64241472251,NA,0.00524718770268822,0.3335,0.3335,0.333,0.3335,5e-04,0.05,FALSE,FALSE,FALSE,"inconclusive",1334.76230402158,NA
"class_indicator[10,1]","class_indicator",TRUE,0.333375,0.471448716576415,0,0,1,0.99950047727743,8072.64241472251,NA,0.00524718770268822,0.3335,0.333,0.3335,0.3335,5e-04,0.05,FALSE,FALSE,FALSE,"inconclusive",1334.76230402158,NA
"class_indicator[11,1]","class_indicator",TRUE,0.33325,0.471404513424435,0,0,1,0.999500356899737,8072.65876486631,NA,0.00524669041176994,0.333,0.3335,0.3335,0.333,5e-04,0.05,FALSE,FALSE,FALSE,"inconclusive",1334.76500741837,NA
"class_indicator[12,1]","class_indicator",TRUE,0.333375,0.471448716576415,0,0,1,0.99950047727743,8072.64241472251,NA,0.00524718770268822,0.3335,0.3335,0.333,0.3335,5e-04,0.05,FALSE,FALSE,FALSE,"inconclusive",1334.76230402158,NA
"class_indicator[13,1]","class_indicator",TRUE,0.333375,0.471448716576415,0,0,1,0.99950047727743,8072.64241472251,NA,0.00524718770268822,0.3335,0.333,0.3335,0.3335,5e-04,0.05,FALSE,FALSE,FALSE,"inconclusive",1334.76230402158,NA
"class_indicator[14,1]","class_indicator",TRUE,0.33325,0.471404513424435,0,0,1,0.999500356899737,8072.65876486631,NA,0.00524669041176994,0.333,0.3335,0.3335,0.333,5e-04,0.05,FALSE,FALSE,FALSE,"inconclusive",1334.76500741837,NA
"class_indicator[15,1]","class_indicator",TRUE,0.333375,0.471448716576415,0,0,1,0.99950047727743,8072.64241472251,NA,0.00524718770268822,0.3335,0.3335,0.333,0.3335,5e-04,0.05,FALSE,FALSE,FALSE,"inconclusive",1334.76230402158,NA
"class_indicator[16,1]","class_indicator",TRUE,0.333375,0.471448716576415,0,0,1,0.99950047727743,8072.64241472251,NA,0.00524718770268822,0.3335,0.333,0.3335,0.3335,5e-04,0.05,FALSE,FALSE,FALSE,"inconclusive",1334.76230402158,NA
"class_indicator[17,1]","class_indicator",TRUE,0.33325,0.471404513424435,0,0,1,0.999500356899737,8072.65876486631,NA,0.00524669041176994,0.333,0.3335,0.3335,0.333,5e-04,0.05,FALSE,FALSE,FALSE,"inconclusive",1334.76500741837,NA
"class_indicator[18,1]","class_indicator",TRUE,0.333375,0.471448716576415,0,0,1,0.99950047727743,8072.64241472251,NA,0.00524718770268822,0.3335,0.3335,0.333,0.3335,5e-04,0.05,FALSE,FALSE,FALSE,"inconclusive",1334.76230402158,NA
"class_indicator[19,1]","class_indicator",TRUE,0.333375,0.471448716576415,0,0,1,0.99950047727743,8072.64241472251,NA,0.00524718770268822,0.3335,0.333,0.3335,0.3335,5e-04,0.05,FALSE,FALSE,FALSE,"inconclusive",1334.76230402158,NA
"class_indicator[20,1]","class_indicator",TRUE,0.33325,0.471404513424435,0,0,1,0.999500356899737,8072.65876486631,NA,0.00524669041176994,0.333,0.3335,0.3335,0.333,5e-04,0.05,FALSE,FALSE,FALSE,"inconclusive",1334.76500741837,NA
"class_indicator[21,1]","class_indicator",TRUE,0.333375,0.471448716576415,0,0,1,0.99950047727743,8072.64241472251,NA,0.00524718770268822,0.3335,0.3335,0.333,0.3335,5e-04,0.05,FALSE,FALSE,FALSE,"inconclusive",1334.76230402158,NA
"class_indicator[22,1]","class_indicator",TRUE,0.333375,0.471448716576415,0,0,1,0.99950047727743,8072.64241472251,NA,0.00524718770268822,0.3335,0.333,0.3335,0.3335,5e-04,0.05,FALSE,FALSE,FALSE,"inconclusive",1334.76230402158,NA
"class_indicator[23,1]","class_indicator",TRUE,0.33325,0.471404513424435,0,0,1,0.999500356899737,8072.65876486631,NA,0.00524669041176994,0.333,0.3335,0.3335,0.333,5e-04,0.05,FALSE,FALSE,FALSE,"inconclusive",1334.76500741837,NA
"class_indicator[24,1]","class_indicator",TRUE,0.333375,0.471448716576415,0,0,1,0.99950047727743,8072.64241472251,NA,0.00524718770268822,0.3335,0.3335,0.333,0.3335,5e-04,0.05,FALSE,FALSE,FALSE,"inconclusive",1334.76230402158,NA
"class_indicator[25,1]","class_indicator",TRUE,0.333375,0.471448716576415,0,0,1,0.99950047727743,8072.64241472251,NA,0.00524718770268822,0.3335,0.333,0.3335,0.3335,5e-04,0.05,FALSE,FALSE,FALSE,"inconclusive",1334.76230402158,NA
"class_indicator[26,1]","class_indicator",TRUE,0.33325,0.471404513424435,0,0,1,0.999500356899737,8072.65876486631,NA,0.00524669041176994,0.333,0.3335,0.3335,0.333,5e-04,0.05,FALSE,FALSE,FALSE,"inconclusive",1334.76500741837,NA
"class_indicator[27,1]","class_indicator",TRUE,0.333375,0.471448716576415,0,0,1,0.99950047727743,8072.64241472251,NA,0.00524718770268822,0.3335,0.3335,0.333,0.3335,5e-04,0.05,FALSE,FALSE,FALSE,"inconclusive",1334.76230402158,NA
"class_indicator[28,1]","class_indicator",TRUE,0.333375,0.471448716576415,0,0,1,0.99950047727743,8072.64241472251,NA,0.00524718770268822,0.3335,0.333,0.3335,0.3335,5e-04,0.05,FALSE,FALSE,FALSE,"inconclusive",1334.76230402158,NA
"class_indicator[29,1]","class_indicator",TRUE,0.33325,0.471404513424435,0,0,1,0.999500356899737,8072.65876486631,NA,0.00524669041176994,0.333,0.3335,0.3335,0.333,5e-04,0.05,FALSE,FALSE,FALSE,"inconclusive",1334.76500741837,NA
"class_indicator[30,1]","class_indicator",TRUE,0.333375,0.471448716576415,0,0,1,0.99950047727743,8072.64241472251,NA,0.00524718770268822,0.3335,0.3335,0.333,0.3335,5e-04,0.05,FALSE,FALSE,FALSE,"inconclusive",1334.76230402158,NA
"class_indicator[31,1]","class_indicator",TRUE,0.333375,0.471448716576415,0,0,1,0.99950047727743,8072.64241472251,NA,0.00524718770268822,0.3335,0.333,0.3335,0.3335,5e-04,0.05,FALSE,FALSE,FALSE,"inconclusive",1334.76230402158,NA
"class_indicator[32,1]","class_indicator",TRUE,0.33325,0.471404513424435,0,0,1,0.999500356899737,8072.65876486631,NA,0.00524669041176994,0.333,0.3335,0.3335,0.333,5e-04,0.05,FALSE,FALSE,FALSE,"inconclusive",1334.76500741837,NA
"class_indicator[33,1]","class_indicator",TRUE,0.333375,0.471448716576415,0,0,1,0.99950047727743,8072.64241472251,NA,0.00524718770268822,0.3335,0.3335,0.333,0.3335,5e-04,0.05,FALSE,FALSE,FALSE,"inconclusive",1334.76230402158,NA
"class_indicator[34,1]","class_indicator",TRUE,0.333375,0.471448716576415,0,0,1,0.99950047727743,8072.64241472251,NA,0.00524718770268822,0.3335,0.333,0.3335,0.3335,5e-04,0.05,FALSE,FALSE,FALSE,"inconclusive",1334.76230402158,NA
"class_indicator[35,1]","class_indicator",TRUE,0.33325,0.471404513424435,0,0,1,0.999500356899737,8072.65876486631,NA,0.00524669041176994,0.333,0.3335,0.3335,0.333,5e-04,0.05,FALSE,FALSE,FALSE,"inconclusive",1334.76500741837,NA
"class_indicator[36,1]","class_indicator",TRUE,0.333375,0.471448716576415,0,0,1,0.99950047727743,8072.64241472251,NA,0.00524718770268822,0.3335,0.3335,0.333,0.3335,5e-04,0.05,FALSE,FALSE,FALSE,"inconclusive",1334.76230402158,NA
"class_indicator[37,1]","class_indicator",TRUE,0.333375,0.471448716576415,0,0,1,0.99950047727743,8072.64241472251,NA,0.00524718770268822,0.3335,0.333,0.3335,0.3335,5e-04,0.05,FALSE,FALSE,FALSE,"inconclusive",1334.76230402158,NA
"class_indicator[38,1]","class_indicator",TRUE,0.33325,0.471404513424435,0,0,1,0.999500356899737,8072.65876486631,NA,0.00524669041176994,0.333,0.3335,0.3335,0.333,5e-04,0.05,FALSE,FALSE,FALSE,"inconclusive",1334.76500741837,NA
"class_indicator[39,1]","class_indicator",TRUE,0.333375,0.471448716576415,0,0,1,0.99950047727743,8072.64241472251,NA,0.00524718770268822,0.3335,0.3335,0.333,0.3335,5e-04,0.05,FALSE,FALSE,FALSE,"inconclusive",1334.76230402158,NA
"class_indicator[40,1]","class_indicator",TRUE,0.333375,0.471448716576415,0,0,1,0.99950047727743,8072.64241472251,NA,0.00524718770268822,0.3335,0.333,0.3335,0.3335,5e-04,0.05,FALSE,FALSE,FALSE,"inconclusive",1334.76230402158,NA
"class_indicator[41,1]","class_indicator",TRUE,0.33325,0.471404513424435,0,0,1,0.999500356899737,8072.65876486631,NA,0.00524669041176994,0.333,0.3335,0.3335,0.333,5e-04,0.05,FALSE,FALSE,FALSE,"inconclusive",1334.76500741837,NA
"class_indicator[42,1]","class_indicator",TRUE,0.333375,0.471448716576415,0,0,1,0.99950047727743,8072.64241472251,NA,0.00524718770268822,0.3335,0.3335,0.333,0.3335,5e-04,0.05,FALSE,FALSE,FALSE,"inconclusive",1334.76230402158,NA
"class_indicator[43,1]","class_indicator",TRUE,0.333375,0.471448716576415,0,0,1,0.99950047727743,8072.64241472251,NA,0.00524718770268822,0.3335,0.333,0.3335,0.3335,5e-04,0.05,FALSE,FALSE,FALSE,"inconclusive",1334.76230402158,NA
"class_indicator[44,1]","class_indicator",TRUE,0.33325,0.471404513424435,0,0,1,0.999500356899737,8072.65876486631,NA,0.00524669041176994,0.333,0.3335,0.3335,0.333,5e-04,0.05,FALSE,FALSE,FALSE,"inconclusive",1334.76500741837,NA
"class_indicator[45,1]","class_indicator",TRUE,0.333375,0.471448716576415,0,0,1,0.99950047727743,8072.64241472251,NA,0.00524718770268822,0.3335,0.3335,0.333,0.3335,5e-04,0.05,FALSE,FALSE,FALSE,"inconclusive",1334.76230402158,NA
"class_indicator[46,1]","class_indicator",TRUE,0.333375,0.471448716576415,0,0,1,0.99950047727743,8072.64241472251,NA,0.00524718770268822,0.3335,0.333,0.3335,0.3335,5e-04,0.05,FALSE,FALSE,FALSE,"inconclusive",1334.76230402158,NA
"class_indicator[47,1]","class_indicator",TRUE,0.33325,0.471404513424435,0,0,1,0.999500356899737,8072.65876486631,NA,0.00524669041176994,0.333,0.3335,0.3335,0.333,5e-04,0.05,FALSE,FALSE,FALSE,"inconclusive",1334.76500741837,NA
"class_indicator[48,1]","class_indicator",TRUE,0.333375,0.471448716576415,0,0,1,0.99950047727743,8072.64241472251,NA,0.00524718770268822,0.3335,0.3335,0.333,0.3335,5e-04,0.05,FALSE,FALSE,FALSE,"inconclusive",1334.76230402158,NA
"class_indicator[49,1]","class_indicator",TRUE,0.333375,0.471448716576415,0,0,1,0.99950047727743,8072.64241472251,NA,0.00524718770268822,0.3335,0.333,0.3335,0.3335,5e-04,0.05,FALSE,FALSE,FALSE,"inconclusive",1334.76230402158,NA
"class_indicator[50,1]","class_indicator",TRUE,0.33325,0.471404513424435,0,0,1,0.999500356899737,8072.65876486631,NA,0.00524669041176994,0.333,0.3335,0.3335,0.333,5e-04,0.05,FALSE,FALSE,FALSE,"inconclusive",1334.76500741837,NA
"class_indicator[51,1]","class_indicator",TRUE,0.333375,0.471448716576415,0,0,1,0.99950047727743,8072.64241472251,NA,0.00524718770268822,0.3335,0.3335,0.333,0.3335,5e-04,0.05,FALSE,FALSE,FALSE,"inconclusive",1334.76230402158,NA
"class_indicator[52,1]","class_indicator",TRUE,0.333375,0.471448716576415,0,0,1,0.99950047727743,8072.64241472251,NA,0.00524718770268822,0.3335,0.333,0.3335,0.3335,5e-04,0.05,FALSE,FALSE,FALSE,"inconclusive",1334.76230402158,NA
"class_indicator[53,1]","class_indicator",TRUE,0.33325,0.471404513424435,0,0,1,0.999500356899737,8072.65876486631,NA,0.00524669041176994,0.333,0.3335,0.3335,0.333,5e-04,0.05,FALSE,FALSE,FALSE,"inconclusive",1334.76500741837,NA
"class_indicator[54,1]","class_indicator",TRUE,0.333375,0.471448716576415,0,0,1,0.99950047727743,8072.64241472251,NA,0.00524718770268822,0.3335,0.3335,0.333,0.3335,5e-04,0.05,FALSE,FALSE,FALSE,"inconclusive",1334.76230402158,NA
"class_indicator[55,1]","class_indicator",TRUE,0.333375,0.471448716576415,0,0,1,0.99950047727743,8072.64241472251,NA,0.00524718770268822,0.3335,0.333,0.3335,0.3335,5e-04,0.05,FALSE,FALSE,FALSE,"inconclusive",1334.76230402158,NA
"class_indicator[56,1]","class_indicator",TRUE,0.33325,0.471404513424435,0,0,1,0.999500356899737,8072.65876486631,NA,0.00524669041176994,0.333,0.3335,0.3335,0.333,5e-04,0.05,FALSE,FALSE,FALSE,"inconclusive",1334.76500741837,NA
"class_indicator[57,1]","class_indicator",TRUE,0.333375,0.471448716576415,0,0,1,0.99950047727743,8072.64241472251,NA,0.00524718770268822,0.3335,0.3335,0.333,0.3335,5e-04,0.05,FALSE,FALSE,FALSE,"inconclusive",1334.76230402158,NA
"class_indicator[58,1]","class_indicator",TRUE,0.333375,0.471448716576415,0,0,1,0.99950047727743,8072.64241472251,NA,0.00524718770268822,0.3335,0.333,0.3335,0.3335,5e-04,0.05,FALSE,FALSE,FALSE,"inconclusive",1334.76230402158,NA
"class_indicator[59,1]","class_indicator",TRUE,0.33325,0.471404513424435,0,0,1,0.999500356899737,8072.65876486631,NA,0.00524669041176994,0.333,0.3335,0.3335,0.333,5e-04,0.05,FALSE,FALSE,FALSE,"inconclusive",1334.76500741837,NA
"class_indicator[60,1]","class_indicator",TRUE,0.333375,0.471448716576415,0,0,1,0.99950047727743,8072.64241472251,NA,0.00524718770268822,0.3335,0.3335,0.333,0.3335,5e-04,0.05,FALSE,FALSE,FALSE,"inconclusive",1334.76230402158,NA
"class_indicator[61,1]","class_indicator",TRUE,0.333375,0.471448716576415,0,0,1,0.99950047727743,8072.64241472251,NA,0.00524718770268822,0.3335,0.333,0.3335,0.3335,5e-04,0.05,FALSE,FALSE,FALSE,"inconclusive",1334.76230402158,NA
"class_indicator[62,1]","class_indicator",TRUE,0.33325,0.471404513424435,0,0,1,0.999500356899737,8072.65876486631,NA,0.00524669041176994,0.333,0.3335,0.3335,0.333,5e-04,0.05,FALSE,FALSE,FALSE,"inconclusive",1334.76500741837,NA
"class_indicator[63,1]","class_indicator",TRUE,0.333375,0.471448716576415,0,0,1,0.99950047727743,8072.64241472251,NA,0.00524718770268822,0.3335,0.3335,0.333,0.3335,5e-04,0.05,FALSE,FALSE,FALSE,"inconclusive",1334.76230402158,NA
"class_indicator[64,1]","class_indicator",TRUE,0.333375,0.471448716576415,0,0,1,0.99950047727743,8072.64241472251,NA,0.00524718770268822,0.3335,0.333,0.3335,0.3335,5e-04,0.05,FALSE,FALSE,FALSE,"inconclusive",1334.76230402158,NA
"class_indicator[65,1]","class_indicator",TRUE,0.33325,0.471404513424435,0,0,1,0.999500356899737,8072.65876486631,NA,0.00524669041176994,0.333,0.3335,0.3335,0.333,5e-04,0.05,FALSE,FALSE,FALSE,"inconclusive",1334.76500741837,NA
"class_indicator[66,1]","class_indicator",TRUE,0.333375,0.471448716576415,0,0,1,0.99950047727743,8072.64241472251,NA,0.00524718770268822,0.3335,0.3335,0.333,0.3335,5e-04,0.05,FALSE,FALSE,FALSE,"inconclusive",1334.76230402158,NA
"class_indicator[67,1]","class_indicator",TRUE,0.333375,0.471448716576415,0,0,1,0.99950047727743,8072.64241472251,NA,0.00524718770268822,0.3335,0.333,0.3335,0.3335,5e-04,0.05,FALSE,FALSE,FALSE,"inconclusive",1334.76230402158,NA
"class_indicator[68,1]","class_indicator",TRUE,0.33325,0.471404513424435,0,0,1,0.999500356899737,8072.65876486631,NA,0.00524669041176994,0.333,0.3335,0.3335,0.333,5e-04,0.05,FALSE,FALSE,FALSE,"inconclusive",1334.76500741837,NA
"class_indicator[69,1]","class_indicator",TRUE,0.333375,0.471448716576415,0,0,1,0.99950047727743,8072.64241472251,NA,0.00524718770268822,0.3335,0.3335,0.333,0.3335,5e-04,0.05,FALSE,FALSE,FALSE,"inconclusive",1334.76230402158,NA
"class_indicator[70,1]","class_indicator",TRUE,0.333375,0.471448716576415,0,0,1,0.99950047727743,8072.64241472251,NA,0.00524718770268822,0.3335,0.333,0.3335,0.3335,5e-04,0.05,FALSE,FALSE,FALSE,"inconclusive",1334.76230402158,NA
"class_indicator[71,1]","class_indicator",TRUE,0.33325,0.471404513424435,0,0,1,0.999500356899737,8072.65876486631,NA,0.00524669041176994,0.333,0.3335,0.3335,0.333,5e-04,0.05,FALSE,FALSE,FALSE,"inconclusive",1334.76500741837,NA
"class_indicator[72,1]","class_indicator",TRUE,0.333375,0.471448716576415,0,0,1,0.99950047727743,8072.64241472251,NA,0.00524718770268822,0.3335,0.3335,0.333,0.3335,5e-04,0.05,FALSE,FALSE,FALSE,"inconclusive",1334.76230402158,NA
"class_indicator[73,1]","class_indicator",TRUE,0.333375,0.471448716576415,0,0,1,0.99950047727743,8072.64241472251,NA,0.00524718770268822,0.3335,0.333,0.3335,0.3335,5e-04,0.05,FALSE,FALSE,FALSE,"inconclusive",1334.76230402158,NA
"class_indicator[74,1]","class_indicator",TRUE,0.33325,0.471404513424435,0,0,1,0.999500356899737,8072.65876486631,NA,0.00524669041176994,0.333,0.3335,0.3335,0.333,5e-04,0.05,FALSE,FALSE,FALSE,"inconclusive",1334.76500741837,NA
"class_indicator[75,1]","class_indicator",TRUE,0.333375,0.471448716576415,0,0,1,0.99950047727743,8072.64241472251,NA,0.00524718770268822,0.3335,0.3335,0.333,0.3335,5e-04,0.05,FALSE,FALSE,FALSE,"inconclusive",1334.76230402158,NA
"class_indicator[76,1]","class_indicator",TRUE,0.333375,0.471448716576415,0,0,1,0.99950047727743,8072.64241472251,NA,0.00524718770268822,0.3335,0.333,0.3335,0.3335,5e-04,0.05,FALSE,FALSE,FALSE,"inconclusive",1334.76230402158,NA
"class_indicator[77,1]","class_indicator",TRUE,0.33325,0.471404513424435,0,0,1,0.999500356899737,8072.65876486631,NA,0.00524669041176994,0.333,0.3335,0.3335,0.333,5e-04,0.05,FALSE,FALSE,FALSE,"inconclusive",1334.76500741837,NA
"class_indicator[78,1]","class_indicator",TRUE,0.333375,0.471448716576415,0,0,1,0.99950047727743,8072.64241472251,NA,0.00524718770268822,0.3335,0.3335,0.333,0.3335,5e-04,0.05,FALSE,FALSE,FALSE,"inconclusive",1334.76230402158,NA
"class_indicator[79,1]","class_indicator",TRUE,0.333375,0.471448716576415,0,0,1,0.99950047727743,8072.64241472251,NA,0.00524718770268822,0.3335,0.333,0.3335,0.3335,5e-04,0.05,FALSE,FALSE,FALSE,"inconclusive",1334.76230402158,NA
"class_indicator[80,1]","class_indicator",TRUE,0.33325,0.471404513424435,0,0,1,0.999500356899737,8072.65876486631,NA,0.00524669041176994,0.333,0.3335,0.3335,0.333,5e-04,0.05,FALSE,FALSE,FALSE,"inconclusive",1334.76500741837,NA
"class_indicator[81,1]","class_indicator",TRUE,0.333375,0.471448716576415,0,0,1,0.99950047727743,8072.64241472251,NA,0.00524718770268822,0.3335,0.3335,0.333,0.3335,5e-04,0.05,FALSE,FALSE,FALSE,"inconclusive",1334.76230402158,NA
"class_indicator[82,1]","class_indicator",TRUE,0.333375,0.471448716576415,0,0,1,0.99950047727743,8072.64241472251,NA,0.00524718770268822,0.3335,0.333,0.3335,0.3335,5e-04,0.05,FALSE,FALSE,FALSE,"inconclusive",1334.76230402158,NA
"class_indicator[83,1]","class_indicator",TRUE,0.33325,0.471404513424435,0,0,1,0.999500356899737,8072.65876486631,NA,0.00524669041176994,0.333,0.3335,0.3335,0.333,5e-04,0.05,FALSE,FALSE,FALSE,"inconclusive",1334.76500741837,NA
"class_indicator[84,1]","class_indicator",TRUE,0.333375,0.471448716576415,0,0,1,0.99950047727743,8072.64241472251,NA,0.00524718770268822,0.3335,0.3335,0.333,0.3335,5e-04,0.05,FALSE,FALSE,FALSE,"inconclusive",1334.76230402158,NA
"class_indicator[85,1]","class_indicator",TRUE,0.333375,0.471448716576415,0,0,1,0.99950047727743,8072.64241472251,NA,0.00524718770268822,0.3335,0.333,0.3335,0.3335,5e-04,0.05,FALSE,FALSE,FALSE,"inconclusive",1334.76230402158,NA
"class_indicator[86,1]","class_indicator",TRUE,0.33325,0.471404513424435,0,0,1,0.999500356899737,8072.65876486631,NA,0.00524669041176994,0.333,0.3335,0.3335,0.333,5e-04,0.05,FALSE,FALSE,FALSE,"inconclusive",1334.76500741837,NA
"class_indicator[87,1]","class_indicator",TRUE,0.333375,0.471448716576415,0,0,1,0.99950047727743,8072.64241472251,NA,0.00524718770268822,0.3335,0.3335,0.333,0.3335,5e-04,0.05,FALSE,FALSE,FALSE,"inconclusive",1334.76230402158,NA
"class_indicator[88,1]","class_indicator",TRUE,0.333375,0.471448716576415,0,0,1,0.99950047727743,8072.64241472251,NA,0.00524718770268822,0.3335,0.333,0.3335,0.3335,5e-04,0.05,FALSE,FALSE,FALSE,"inconclusive",1334.76230402158,NA
"class_indicator[89,1]","class_indicator",TRUE,0.33325,0.471404513424435,0,0,1,0.999500356899737,8072.65876486631,NA,0.00524669041176994,0.333,0.3335,0.3335,0.333,5e-04,0.05,FALSE,FALSE,FALSE,"inconclusive",1334.76500741837,NA
"class_indicator[90,1]","class_indicator",TRUE,0.333375,0.471448716576415,0,0,1,0.99950047727743,8072.64241472251,NA,0.00524718770268822,0.3335,0.3335,0.333,0.3335,5e-04,0.05,FALSE,FALSE,FALSE,"inconclusive",1334.76230402158,NA
"class_indicator[91,1]","class_indicator",TRUE,0.333375,0.471448716576415,0,0,1,0.99950047727743,8072.64241472251,NA,0.00524718770268822,0.3335,0.333,0.3335,0.3335,5e-04,0.05,FALSE,FALSE,FALSE,"inconclusive",1334.76230402158,NA
"class_indicator[92,1]","class_indicator",TRUE,0.33325,0.471404513424435,0,0,1,0.999500356899737,8072.65876486631,NA,0.00524669041176994,0.333,0.3335,0.3335,0.333,5e-04,0.05,FALSE,FALSE,FALSE,"inconclusive",1334.76500741837,NA
"class_indicator[93,1]","class_indicator",TRUE,0.333375,0.471448716576415,0,0,1,0.99950047727743,8072.64241472251,NA,0.00524718770268822,0.3335,0.3335,0.333,0.3335,5e-04,0.05,FALSE,FALSE,FALSE,"inconclusive",1334.76230402158,NA
"class_indicator[94,1]","class_indicator",TRUE,0.333375,0.471448716576415,0,0,1,0.99950047727743,8072.64241472251,NA,0.00524718770268822,0.3335,0.333,0.3335,0.3335,5e-04,0.05,FALSE,FALSE,FALSE,"inconclusive",1334.76230402158,NA
"class_indicator[95,1]","class_indicator",TRUE,0.33325,0.471404513424435,0,0,1,0.999500356899737,8072.65876486631,NA,0.00524669041176994,0.333,0.3335,0.3335,0.333,5e-04,0.05,FALSE,FALSE,FALSE,"inconclusive",1334.76500741837,NA
"class_indicator[96,1]","class_indicator",TRUE,0.333375,0.471448716576415,0,0,1,0.99950047727743,8072.64241472251,NA,0.00524718770268822,0.3335,0.3335,0.333,0.3335,5e-04,0.05,FALSE,FALSE,FALSE,"inconclusive",1334.76230402158,NA
"class_indicator[97,1]","class_indicator",TRUE,0.333375,0.471448716576415,0,0,1,0.99950047727743,8072.64241472251,NA,0.00524718770268822,0.3335,0.333,0.3335,0.3335,5e-04,0.05,FALSE,FALSE,FALSE,"inconclusive",1334.76230402158,NA
"class_indicator[98,1]","class_indicator",TRUE,0.33325,0.471404513424435,0,0,1,0.999500356899737,8072.65876486631,NA,0.00524669041176994,0.333,0.3335,0.3335,0.333,5e-04,0.05,FALSE,FALSE,FALSE,"inconclusive",1334.76500741837,NA
"class_indicator[99,1]","class_indicator",TRUE,0.333375,0.471448716576415,0,0,1,0.99950047727743,8072.64241472251,NA,0.00524718770268822,0.3335,0.3335,0.333,0.3335,5e-04,0.05,FALSE,FALSE,FALSE,"inconclusive",1334.76230402158,NA
"class_indicator[100,1]","class_indicator",TRUE,0.333375,0.471448716576415,0,0,1,0.99950047727743,8072.64241472251,NA,0.00524718770268822,0.3335,0.333,0.3335,0.3335,5e-04,0.05,FALSE,FALSE,FALSE,"inconclusive",1334.76230402158,NA
"class_indicator[101,1]","class_indicator",TRUE,0.33325,0.471404513424435,0,0,1,0.999500356899737,8072.65876486631,NA,0.00524669041176994,0.333,0.3335,0.3335,0.333,5e-04,0.05,FALSE,FALSE,FALSE,"inconclusive",1334.76500741837,NA
"class_indicator[102,1]","class_indicator",TRUE,0.333375,0.471448716576415,0,0,1,0.99950047727743,8072.64241472251,NA,0.00524718770268822,0.3335,0.3335,0.333,0.3335,5e-04,0.05,FALSE,FALSE,FALSE,"inconclusive",1334.76230402158,NA
"class_indicator[103,1]","class_indicator",TRUE,0.333375,0.471448716576415,0,0,1,0.99950047727743,8072.64241472251,NA,0.00524718770268822,0.3335,0.333,0.3335,0.3335,5e-04,0.05,FALSE,FALSE,FALSE,"inconclusive",1334.76230402158,NA
"class_indicator[104,1]","class_indicator",TRUE,0.33325,0.471404513424435,0,0,1,0.999500356899737,8072.65876486631,NA,0.00524669041176994,0.333,0.3335,0.3335,0.333,5e-04,0.05,FALSE,FALSE,FALSE,"inconclusive",1334.76500741837,NA
"class_indicator[105,1]","class_indicator",TRUE,0.333375,0.471448716576415,0,0,1,0.99950047727743,8072.64241472251,NA,0.00524718770268822,0.3335,0.3335,0.333,0.3335,5e-04,0.05,FALSE,FALSE,FALSE,"inconclusive",1334.76230402158,NA
"class_indicator[106,1]","class_indicator",TRUE,0.333375,0.471448716576415,0,0,1,0.99950047727743,8072.64241472251,NA,0.00524718770268822,0.3335,0.333,0.3335,0.3335,5e-04,0.05,FALSE,FALSE,FALSE,"inconclusive",1334.76230402158,NA
"class_indicator[107,1]","class_indicator",TRUE,0.33325,0.471404513424435,0,0,1,0.999500356899737,8072.65876486631,NA,0.00524669041176994,0.333,0.3335,0.3335,0.333,5e-04,0.05,FALSE,FALSE,FALSE,"inconclusive",1334.76500741837,NA
"class_indicator[108,1]","class_indicator",TRUE,0.333375,0.471448716576415,0,0,1,0.99950047727743,8072.64241472251,NA,0.00524718770268822,0.3335,0.3335,0.333,0.3335,5e-04,0.05,FALSE,FALSE,FALSE,"inconclusive",1334.76230402158,NA
"class_indicator[109,1]","class_indicator",TRUE,0.333375,0.471448716576415,0,0,1,0.99950047727743,8072.64241472251,NA,0.00524718770268822,0.3335,0.333,0.3335,0.3335,5e-04,0.05,FALSE,FALSE,FALSE,"inconclusive",1334.76230402158,NA
"class_indicator[110,1]","class_indicator",TRUE,0.33325,0.471404513424435,0,0,1,0.999500356899737,8072.65876486631,NA,0.00524669041176994,0.333,0.3335,0.3335,0.333,5e-04,0.05,FALSE,FALSE,FALSE,"inconclusive",1334.76500741837,NA
"class_indicator[111,1]","class_indicator",TRUE,0.333375,0.471448716576415,0,0,1,0.99950047727743,8072.64241472251,NA,0.00524718770268822,0.3335,0.3335,0.333,0.3335,5e-04,0.05,FALSE,FALSE,FALSE,"inconclusive",1334.76230402158,NA
"class_indicator[112,1]","class_indicator",TRUE,0.333375,0.471448716576415,0,0,1,0.99950047727743,8072.64241472251,NA,0.00524718770268822,0.3335,0.333,0.3335,0.3335,5e-04,0.05,FALSE,FALSE,FALSE,"inconclusive",1334.76230402158,NA
"class_indicator[113,1]","class_indicator",TRUE,0.33325,0.471404513424435,0,0,1,0.999500356899737,8072.65876486631,NA,0.00524669041176994,0.333,0.3335,0.3335,0.333,5e-04,0.05,FALSE,FALSE,FALSE,"inconclusive",1334.76500741837,NA
"class_indicator[114,1]","class_indicator",TRUE,0.333375,0.471448716576415,0,0,1,0.99950047727743,8072.64241472251,NA,0.00524718770268822,0.3335,0.3335,0.333,0.3335,5e-04,0.05,FALSE,FALSE,FALSE,"inconclusive",1334.76230402158,NA
"class_indicator[115,1]","class_indicator",TRUE,0.333375,0.471448716576415,0,0,1,0.99950047727743,8072.64241472251,NA,0.00524718770268822,0.3335,0.333,0.3335,0.3335,5e-04,0.05,FALSE,FALSE,FALSE,"inconclusive",1334.76230402158,NA
"class_indicator[116,1]","class_indicator",TRUE,0.33325,0.471404513424435,0,0,1,0.999500356899737,8072.65876486631,NA,0.00524669041176994,0.333,0.3335,0.3335,0.333,5e-04,0.05,FALSE,FALSE,FALSE,"inconclusive",1334.76500741837,NA
"class_indicator[117,1]","class_indicator",TRUE,0.333375,0.471448716576415,0,0,1,0.99950047727743,8072.64241472251,NA,0.00524718770268822,0.3335,0.3335,0.333,0.3335,5e-04,0.05,FALSE,FALSE,FALSE,"inconclusive",1334.76230402158,NA
"class_indicator[118,1]","class_indicator",TRUE,0.333375,0.471448716576415,0,0,1,0.99950047727743,8072.64241472251,NA,0.00524718770268822,0.3335,0.333,0.3335,0.3335,5e-04,0.05,FALSE,FALSE,FALSE,"inconclusive",1334.76230402158,NA
"class_indicator[119,1]","class_indicator",TRUE,0.33325,0.471404513424435,0,0,1,0.999500356899737,8072.65876486631,NA,0.00524669041176994,0.333,0.3335,0.3335,0.333,5e-04,0.05,FALSE,FALSE,FALSE,"inconclusive",1334.76500741837,NA
"class_indicator[120,1]","class_indicator",TRUE,0.333375,0.471448716576415,0,0,1,0.99950047727743,8072.64241472251,NA,0.00524718770268822,0.3335,0.3335,0.333,0.3335,5e-04,0.05,FALSE,FALSE,FALSE,"inconclusive",1334.76230402158,NA
"class_indicator[121,1]","class_indicator",TRUE,0.333375,0.471448716576415,0,0,1,0.99950047727743,8072.64241472251,NA,0.00524718770268822,0.3335,0.333,0.3335,0.3335,5e-04,0.05,FALSE,FALSE,FALSE,"inconclusive",1334.76230402158,NA
"class_indicator[122,1]","class_indicator",TRUE,0.33325,0.471404513424435,0,0,1,0.999500356899737,8072.65876486631,NA,0.00524669041176994,0.333,0.3335,0.3335,0.333,5e-04,0.05,FALSE,FALSE,FALSE,"inconclusive",1334.76500741837,NA
"class_indicator[123,1]","class_indicator",TRUE,0.333375,0.471448716576415,0,0,1,0.99950047727743,8072.64241472251,NA,0.00524718770268822,0.3335,0.3335,0.333,0.3335,5e-04,0.05,FALSE,FALSE,FALSE,"inconclusive",1334.76230402158,NA
"class_indicator[124,1]","class_indicator",TRUE,0.333375,0.471448716576415,0,0,1,0.99950047727743,8072.64241472251,NA,0.00524718770268822,0.3335,0.333,0.3335,0.3335,5e-04,0.05,FALSE,FALSE,FALSE,"inconclusive",1334.76230402158,NA
"class_indicator[125,1]","class_indicator",TRUE,0.33325,0.471404513424435,0,0,1,0.999500356899737,8072.65876486631,NA,0.00524669041176994,0.333,0.3335,0.3335,0.333,5e-04,0.05,FALSE,FALSE,FALSE,"inconclusive",1334.76500741837,NA
"class_indicator[126,1]","class_indicator",TRUE,0.333375,0.471448716576415,0,0,1,0.99950047727743,8072.64241472251,NA,0.00524718770268822,0.3335,0.3335,0.333,0.3335,5e-04,0.05,FALSE,FALSE,FALSE,"inconclusive",1334.76230402158,NA
"class_indicator[127,1]","class_indicator",TRUE,0.333375,0.471448716576415,0,0,1,0.99950047727743,8072.64241472251,NA,0.00524718770268822,0.3335,0.333,0.3335,0.3335,5e-04,0.05,FALSE,FALSE,FALSE,"inconclusive",1334.76230402158,NA
"class_indicator[128,1]","class_indicator",TRUE,0.33325,0.471404513424435,0,0,1,0.999500356899737,8072.65876486631,NA,0.00524669041176994,0.333,0.3335,0.3335,0.333,5e-04,0.05,FALSE,FALSE,FALSE,"inconclusive",1334.76500741837,NA
"class_indicator[129,1]","class_indicator",TRUE,0.333375,0.471448716576415,0,0,1,0.99950047727743,8072.64241472251,NA,0.00524718770268822,0.3335,0.3335,0.333,0.3335,5e-04,0.05,FALSE,FALSE,FALSE,"inconclusive",1334.76230402158,NA
"class_indicator[130,1]","class_indicator",TRUE,0.333375,0.471448716576415,0,0,1,0.99950047727743,8072.64241472251,NA,0.00524718770268822,0.3335,0.333,0.3335,0.3335,5e-04,0.05,FALSE,FALSE,FALSE,"inconclusive",1334.76230402158,NA
"class_indicator[131,1]","class_indicator",TRUE,0.33325,0.471404513424435,0,0,1,0.999500356899737,8072.65876486631,NA,0.00524669041176994,0.333,0.3335,0.3335,0.333,5e-04,0.05,FALSE,FALSE,FALSE,"inconclusive",1334.76500741837,NA
"class_indicator[132,1]","class_indicator",TRUE,0.333375,0.471448716576415,0,0,1,0.99950047727743,8072.64241472251,NA,0.00524718770268822,0.3335,0.3335,0.333,0.3335,5e-04,0.05,FALSE,FALSE,FALSE,"inconclusive",1334.76230402158,NA
"class_indicator[133,1]","class_indicator",TRUE,0.333375,0.471448716576415,0,0,1,0.99950047727743,8072.64241472251,NA,0.00524718770268822,0.3335,0.333,0.3335,0.3335,5e-04,0.05,FALSE,FALSE,FALSE,"inconclusive",1334.76230402158,NA
"class_indicator[134,1]","class_indicator",TRUE,0.33325,0.471404513424435,0,0,1,0.999500356899737,8072.65876486631,NA,0.00524669041176994,0.333,0.3335,0.3335,0.333,5e-04,0.05,FALSE,FALSE,FALSE,"inconclusive",1334.76500741837,NA
"class_indicator[135,1]","class_indicator",TRUE,0.333375,0.471448716576415,0,0,1,0.99950047727743,8072.64241472251,NA,0.00524718770268822,0.3335,0.3335,0.333,0.3335,5e-04,0.05,FALSE,FALSE,FALSE,"inconclusive",1334.76230402158,NA
"class_indicator[136,1]","class_indicator",TRUE,0.333375,0.471448716576415,0,0,1,0.99950047727743,8072.64241472251,NA,0.00524718770268822,0.3335,0.333,0.3335,0.3335,5e-04,0.05,FALSE,FALSE,FALSE,"inconclusive",1334.76230402158,NA
"class_indicator[137,1]","class_indicator",TRUE,0.33325,0.471404513424435,0,0,1,0.999500356899737,8072.65876486631,NA,0.00524669041176994,0.333,0.3335,0.3335,0.333,5e-04,0.05,FALSE,FALSE,FALSE,"inconclusive",1334.76500741837,NA
"class_indicator[138,1]","class_indicator",TRUE,0.333375,0.471448716576415,0,0,1,0.99950047727743,8072.64241472251,NA,0.00524718770268822,0.3335,0.3335,0.333,0.3335,5e-04,0.05,FALSE,FALSE,FALSE,"inconclusive",1334.76230402158,NA
"class_indicator[139,1]","class_indicator",TRUE,0.333375,0.471448716576415,0,0,1,0.99950047727743,8072.64241472251,NA,0.00524718770268822,0.3335,0.333,0.3335,0.3335,5e-04,0.05,FALSE,FALSE,FALSE,"inconclusive",1334.76230402158,NA
"class_indicator[140,1]","class_indicator",TRUE,0.33325,0.471404513424435,0,0,1,0.999500356899737,8072.65876486631,NA,0.00524669041176994,0.333,0.3335,0.3335,0.333,5e-04,0.05,FALSE,FALSE,FALSE,"inconclusive",1334.76500741837,NA
"class_indicator[141,1]","class_indicator",TRUE,0.333375,0.471448716576415,0,0,1,0.99950047727743,8072.64241472251,NA,0.00524718770268822,0.3335,0.3335,0.333,0.3335,5e-04,0.05,FALSE,FALSE,FALSE,"inconclusive",1334.76230402158,NA
"class_indicator[142,1]","class_indicator",TRUE,0.333375,0.471448716576415,0,0,1,0.99950047727743,8072.64241472251,NA,0.00524718770268822,0.3335,0.333,0.3335,0.3335,5e-04,0.05,FALSE,FALSE,FALSE,"inconclusive",1334.76230402158,NA
"class_indicator[143,1]","class_indicator",TRUE,0.33325,0.471404513424435,0,0,1,0.999500356899737,8072.65876486631,NA,0.00524669041176994,0.333,0.3335,0.3335,0.333,5e-04,0.05,FALSE,FALSE,FALSE,"inconclusive",1334.76500741837,NA
"class_count[2]","class_count",TRUE,47.66675,0.471404513424435,47,48,48,0.999500356899737,8072.65876486631,NA,0.00524669041176994,47.667,47.6665,47.6665,47.667,3.49650349652019e-06,0.05,FALSE,FALSE,FALSE,"inconclusive",1334.76500741837,NA
"class_indicator[1,2]","class_indicator",TRUE,0.333375,0.471448716576415,0,0,1,0.99950047727743,8072.64241472251,NA,0.00524718770268822,0.3335,0.3335,0.333,0.3335,5e-04,0.05,FALSE,FALSE,FALSE,"inconclusive",1334.76230402158,NA
"class_indicator[2,2]","class_indicator",TRUE,0.333375,0.471448716576415,0,0,1,0.99950047727743,8072.64241472251,NA,0.00524718770268822,0.3335,0.333,0.3335,0.3335,5e-04,0.05,FALSE,FALSE,FALSE,"inconclusive",1334.76230402158,NA
"class_indicator[3,2]","class_indicator",TRUE,0.33325,0.471404513424435,0,0,1,0.999500356899737,8072.65876486631,NA,0.00524669041176994,0.333,0.3335,0.3335,0.333,5e-04,0.05,FALSE,FALSE,FALSE,"inconclusive",1334.76500741837,NA
"class_indicator[4,2]","class_indicator",TRUE,0.333375,0.471448716576415,0,0,1,0.99950047727743,8072.64241472251,NA,0.00524718770268822,0.3335,0.3335,0.333,0.3335,5e-04,0.05,FALSE,FALSE,FALSE,"inconclusive",1334.76230402158,NA
"class_indicator[5,2]","class_indicator",TRUE,0.333375,0.471448716576415,0,0,1,0.99950047727743,8072.64241472251,NA,0.00524718770268822,0.3335,0.333,0.3335,0.3335,5e-04,0.05,FALSE,FALSE,FALSE,"inconclusive",1334.76230402158,NA
"class_indicator[6,2]","class_indicator",TRUE,0.33325,0.471404513424435,0,0,1,0.999500356899737,8072.65876486631,NA,0.00524669041176994,0.333,0.3335,0.3335,0.333,5e-04,0.05,FALSE,FALSE,FALSE,"inconclusive",1334.76500741837,NA
"class_indicator[7,2]","class_indicator",TRUE,0.333375,0.471448716576415,0,0,1,0.99950047727743,8072.64241472251,NA,0.00524718770268822,0.3335,0.3335,0.333,0.3335,5e-04,0.05,FALSE,FALSE,FALSE,"inconclusive",1334.76230402158,NA
"class_indicator[8,2]","class_indicator",TRUE,0.333375,0.471448716576415,0,0,1,0.99950047727743,8072.64241472251,NA,0.00524718770268822,0.3335,0.333,0.3335,0.3335,5e-04,0.05,FALSE,FALSE,FALSE,"inconclusive",1334.76230402158,NA
"class_indicator[9,2]","class_indicator",TRUE,0.33325,0.471404513424435,0,0,1,0.999500356899737,8072.65876486631,NA,0.00524669041176994,0.333,0.3335,0.3335,0.333,5e-04,0.05,FALSE,FALSE,FALSE,"inconclusive",1334.76500741837,NA
"class_indicator[10,2]","class_indicator",TRUE,0.333375,0.471448716576415,0,0,1,0.99950047727743,8072.64241472251,NA,0.00524718770268822,0.3335,0.3335,0.333,0.3335,5e-04,0.05,FALSE,FALSE,FALSE,"inconclusive",1334.76230402158,NA
"class_indicator[11,2]","class_indicator",TRUE,0.333375,0.471448716576415,0,0,1,0.99950047727743,8072.64241472251,NA,0.00524718770268822,0.3335,0.333,0.3335,0.3335,5e-04,0.05,FALSE,FALSE,FALSE,"inconclusive",1334.76230402158,NA
"class_indicator[12,2]","class_indicator",TRUE,0.33325,0.471404513424435,0,0,1,0.999500356899737,8072.65876486631,NA,0.00524669041176994,0.333,0.3335,0.3335,0.333,5e-04,0.05,FALSE,FALSE,FALSE,"inconclusive",1334.76500741837,NA
"class_indicator[13,2]","class_indicator",TRUE,0.333375,0.471448716576415,0,0,1,0.99950047727743,8072.64241472251,NA,0.00524718770268822,0.3335,0.3335,0.333,0.3335,5e-04,0.05,FALSE,FALSE,FALSE,"inconclusive",1334.76230402158,NA
"class_indicator[14,2]","class_indicator",TRUE,0.333375,0.471448716576415,0,0,1,0.99950047727743,8072.64241472251,NA,0.00524718770268822,0.3335,0.333,0.3335,0.3335,5e-04,0.05,FALSE,FALSE,FALSE,"inconclusive",1334.76230402158,NA
"class_indicator[15,2]","class_indicator",TRUE,0.33325,0.471404513424435,0,0,1,0.999500356899737,8072.65876486631,NA,0.00524669041176994,0.333,0.3335,0.3335,0.333,5e-04,0.05,FALSE,FALSE,FALSE,"inconclusive",1334.76500741837,NA
"class_indicator[16,2]","class_indicator",TRUE,0.333375,0.471448716576415,0,0,1,0.99950047727743,8072.64241472251,NA,0.00524718770268822,0.3335,0.3335,0.333,0.3335,5e-04,0.05,FALSE,FALSE,FALSE,"inconclusive",1334.76230402158,NA
"class_indicator[17,2]","class_indicator",TRUE,0.333375,0.471448716576415,0,0,1,0.99950047727743,8072.64241472251,NA,0.00524718770268822,0.3335,0.333,0.3335,0.3335,5e-04,0.05,FALSE,FALSE,FALSE,"inconclusive",1334.76230402158,NA
"class_indicator[18,2]","class_indicator",TRUE,0.33325,0.471404513424435,0,0,1,0.999500356899737,8072.65876486631,NA,0.00524669041176994,0.333,0.3335,0.3335,0.333,5e-04,0.05,FALSE,FALSE,FALSE,"inconclusive",1334.76500741837,NA
"class_indicator[19,2]","class_indicator",TRUE,0.333375,0.471448716576415,0,0,1,0.99950047727743,8072.64241472251,NA,0.00524718770268822,0.3335,0.3335,0.333,0.3335,5e-04,0.05,FALSE,FALSE,FALSE,"inconclusive",1334.76230402158,NA
"class_indicator[20,2]","class_indicator",TRUE,0.333375,0.471448716576415,0,0,1,0.99950047727743,8072.64241472251,NA,0.00524718770268822,0.3335,0.333,0.3335,0.3335,5e-04,0.05,FALSE,FALSE,FALSE,"inconclusive",1334.76230402158,NA
"class_indicator[21,2]","class_indicator",TRUE,0.33325,0.471404513424435,0,0,1,0.999500356899737,8072.65876486631,NA,0.00524669041176994,0.333,0.3335,0.3335,0.333,5e-04,0.05,FALSE,FALSE,FALSE,"inconclusive",1334.76500741837,NA
"class_indicator[22,2]","class_indicator",TRUE,0.333375,0.471448716576415,0,0,1,0.99950047727743,8072.64241472251,NA,0.00524718770268822,0.3335,0.3335,0.333,0.3335,5e-04,0.05,FALSE,FALSE,FALSE,"inconclusive",1334.76230402158,NA
"class_indicator[23,2]","class_indicator",TRUE,0.333375,0.471448716576415,0,0,1,0.99950047727743,8072.64241472251,NA,0.00524718770268822,0.3335,0.333,0.3335,0.3335,5e-04,0.05,FALSE,FALSE,FALSE,"inconclusive",1334.76230402158,NA
"class_indicator[24,2]","class_indicator",TRUE,0.33325,0.471404513424435,0,0,1,0.999500356899737,8072.65876486631,NA,0.00524669041176994,0.333,0.3335,0.3335,0.333,5e-04,0.05,FALSE,FALSE,FALSE,"inconclusive",1334.76500741837,NA
"class_indicator[25,2]","class_indicator",TRUE,0.333375,0.471448716576415,0,0,1,0.99950047727743,8072.64241472251,NA,0.00524718770268822,0.3335,0.3335,0.333,0.3335,5e-04,0.05,FALSE,FALSE,FALSE,"inconclusive",1334.76230402158,NA
"class_indicator[26,2]","class_indicator",TRUE,0.333375,0.471448716576415,0,0,1,0.99950047727743,8072.64241472251,NA,0.00524718770268822,0.3335,0.333,0.3335,0.3335,5e-04,0.05,FALSE,FALSE,FALSE,"inconclusive",1334.76230402158,NA
"class_indicator[27,2]","class_indicator",TRUE,0.33325,0.471404513424435,0,0,1,0.999500356899737,8072.65876486631,NA,0.00524669041176994,0.333,0.3335,0.3335,0.333,5e-04,0.05,FALSE,FALSE,FALSE,"inconclusive",1334.76500741837,NA
"class_indicator[28,2]","class_indicator",TRUE,0.333375,0.471448716576415,0,0,1,0.99950047727743,8072.64241472251,NA,0.00524718770268822,0.3335,0.3335,0.333,0.3335,5e-04,0.05,FALSE,FALSE,FALSE,"inconclusive",1334.76230402158,NA
"class_indicator[29,2]","class_indicator",TRUE,0.333375,0.471448716576415,0,0,1,0.99950047727743,8072.64241472251,NA,0.00524718770268822,0.3335,0.333,0.3335,0.3335,5e-04,0.05,FALSE,FALSE,FALSE,"inconclusive",1334.76230402158,NA
"class_indicator[30,2]","class_indicator",TRUE,0.33325,0.471404513424435,0,0,1,0.999500356899737,8072.65876486631,NA,0.00524669041176994,0.333,0.3335,0.3335,0.333,5e-04,0.05,FALSE,FALSE,FALSE,"inconclusive",1334.76500741837,NA
"class_indicator[31,2]","class_indicator",TRUE,0.333375,0.471448716576415,0,0,1,0.99950047727743,8072.64241472251,NA,0.00524718770268822,0.3335,0.3335,0.333,0.3335,5e-04,0.05,FALSE,FALSE,FALSE,"inconclusive",1334.76230402158,NA
"class_indicator[32,2]","class_indicator",TRUE,0.333375,0.471448716576415,0,0,1,0.99950047727743,8072.64241472251,NA,0.00524718770268822,0.3335,0.333,0.3335,0.3335,5e-04,0.05,FALSE,FALSE,FALSE,"inconclusive",1334.76230402158,NA
"class_indicator[33,2]","class_indicator",TRUE,0.33325,0.471404513424435,0,0,1,0.999500356899737,8072.65876486631,NA,0.00524669041176994,0.333,0.3335,0.3335,0.333,5e-04,0.05,FALSE,FALSE,FALSE,"inconclusive",1334.76500741837,NA
"class_indicator[34,2]","class_indicator",TRUE,0.333375,0.471448716576415,0,0,1,0.99950047727743,8072.64241472251,NA,0.00524718770268822,0.3335,0.3335,0.333,0.3335,5e-04,0.05,FALSE,FALSE,FALSE,"inconclusive",1334.76230402158,NA
"class_indicator[35,2]","class_indicator",TRUE,0.333375,0.471448716576415,0,0,1,0.99950047727743,8072.64241472251,NA,0.00524718770268822,0.3335,0.333,0.3335,0.3335,5e-04,0.05,FALSE,FALSE,FALSE,"inconclusive",1334.76230402158,NA
"class_indicator[36,2]","class_indicator",TRUE,0.33325,0.471404513424435,0,0,1,0.999500356899737,8072.65876486631,NA,0.00524669041176994,0.333,0.3335,0.3335,0.333,5e-04,0.05,FALSE,FALSE,FALSE,"inconclusive",1334.76500741837,NA
"class_indicator[37,2]","class_indicator",TRUE,0.333375,0.471448716576415,0,0,1,0.99950047727743,8072.64241472251,NA,0.00524718770268822,0.3335,0.3335,0.333,0.3335,5e-04,0.05,FALSE,FALSE,FALSE,"inconclusive",1334.76230402158,NA
"class_indicator[38,2]","class_indicator",TRUE,0.333375,0.471448716576415,0,0,1,0.99950047727743,8072.64241472251,NA,0.00524718770268822,0.3335,0.333,0.3335,0.3335,5e-04,0.05,FALSE,FALSE,FALSE,"inconclusive",1334.76230402158,NA
"class_indicator[39,2]","class_indicator",TRUE,0.33325,0.471404513424435,0,0,1,0.999500356899737,8072.65876486631,NA,0.00524669041176994,0.333,0.3335,0.3335,0.333,5e-04,0.05,FALSE,FALSE,FALSE,"inconclusive",1334.76500741837,NA
"class_indicator[40,2]","class_indicator",TRUE,0.333375,0.471448716576415,0,0,1,0.99950047727743,8072.64241472251,NA,0.00524718770268822,0.3335,0.3335,0.333,0.3335,5e-04,0.05,FALSE,FALSE,FALSE,"inconclusive",1334.76230402158,NA
"class_indicator[41,2]","class_indicator",TRUE,0.333375,0.471448716576415,0,0,1,0.99950047727743,8072.64241472251,NA,0.00524718770268822,0.3335,0.333,0.3335,0.3335,5e-04,0.05,FALSE,FALSE,FALSE,"inconclusive",1334.76230402158,NA
"class_indicator[42,2]","class_indicator",TRUE,0.33325,0.471404513424435,0,0,1,0.999500356899737,8072.65876486631,NA,0.00524669041176994,0.333,0.3335,0.3335,0.333,5e-04,0.05,FALSE,FALSE,FALSE,"inconclusive",1334.76500741837,NA
"class_indicator[43,2]","class_indicator",TRUE,0.333375,0.471448716576415,0,0,1,0.99950047727743,8072.64241472251,NA,0.00524718770268822,0.3335,0.3335,0.333,0.3335,5e-04,0.05,FALSE,FALSE,FALSE,"inconclusive",1334.76230402158,NA
"class_indicator[44,2]","class_indicator",TRUE,0.333375,0.471448716576415,0,0,1,0.99950047727743,8072.64241472251,NA,0.00524718770268822,0.3335,0.333,0.3335,0.3335,5e-04,0.05,FALSE,FALSE,FALSE,"inconclusive",1334.76230402158,NA
"class_indicator[45,2]","class_indicator",TRUE,0.33325,0.471404513424435,0,0,1,0.999500356899737,8072.65876486631,NA,0.00524669041176994,0.333,0.3335,0.3335,0.333,5e-04,0.05,FALSE,FALSE,FALSE,"inconclusive",1334.76500741837,NA
"class_indicator[46,2]","class_indicator",TRUE,0.333375,0.471448716576415,0,0,1,0.99950047727743,8072.64241472251,NA,0.00524718770268822,0.3335,0.3335,0.333,0.3335,5e-04,0.05,FALSE,FALSE,FALSE,"inconclusive",1334.76230402158,NA
"class_indicator[47,2]","class_indicator",TRUE,0.333375,0.471448716576415,0,0,1,0.99950047727743,8072.64241472251,NA,0.00524718770268822,0.3335,0.333,0.3335,0.3335,5e-04,0.05,FALSE,FALSE,FALSE,"inconclusive",1334.76230402158,NA
"class_indicator[48,2]","class_indicator",TRUE,0.33325,0.471404513424435,0,0,1,0.999500356899737,8072.65876486631,NA,0.00524669041176994,0.333,0.3335,0.3335,0.333,5e-04,0.05,FALSE,FALSE,FALSE,"inconclusive",1334.76500741837,NA
"class_indicator[49,2]","class_indicator",TRUE,0.333375,0.471448716576415,0,0,1,0.99950047727743,8072.64241472251,NA,0.00524718770268822,0.3335,0.3335,0.333,0.3335,5e-04,0.05,FALSE,FALSE,FALSE,"inconclusive",1334.76230402158,NA
"class_indicator[50,2]","class_indicator",TRUE,0.333375,0.471448716576415,0,0,1,0.99950047727743,8072.64241472251,NA,0.00524718770268822,0.3335,0.333,0.3335,0.3335,5e-04,0.05,FALSE,FALSE,FALSE,"inconclusive",1334.76230402158,NA
"class_indicator[51,2]","class_indicator",TRUE,0.33325,0.471404513424435,0,0,1,0.999500356899737,8072.65876486631,NA,0.00524669041176994,0.333,0.3335,0.3335,0.333,5e-04,0.05,FALSE,FALSE,FALSE,"inconclusive",1334.76500741837,NA
"class_indicator[52,2]","class_indicator",TRUE,0.333375,0.471448716576415,0,0,1,0.99950047727743,8072.64241472251,NA,0.00524718770268822,0.3335,0.3335,0.333,0.3335,5e-04,0.05,FALSE,FALSE,FALSE,"inconclusive",1334.76230402158,NA
"class_indicator[53,2]","class_indicator",TRUE,0.333375,0.471448716576415,0,0,1,0.99950047727743,8072.64241472251,NA,0.00524718770268822,0.3335,0.333,0.3335,0.3335,5e-04,0.05,FALSE,FALSE,FALSE,"inconclusive",1334.76230402158,NA
"class_indicator[54,2]","class_indicator",TRUE,0.33325,0.471404513424435,0,0,1,0.999500356899737,8072.65876486631,NA,0.00524669041176994,0.333,0.3335,0.3335,0.333,5e-04,0.05,FALSE,FALSE,FALSE,"inconclusive",1334.76500741837,NA
"class_indicator[55,2]","class_indicator",TRUE,0.333375,0.471448716576415,0,0,1,0.99950047727743,8072.64241472251,NA,0.00524718770268822,0.3335,0.3335,0.333,0.3335,5e-04,0.05,FALSE,FALSE,FALSE,"inconclusive",1334.76230402158,NA
"class_indicator[56,2]","class_indicator",TRUE,0.333375,0.471448716576415,0,0,1,0.99950047727743,8072.64241472251,NA,0.00524718770268822,0.3335,0.333,0.3335,0.3335,5e-04,0.05,FALSE,FALSE,FALSE,"inconclusive",1334.76230402158,NA
"class_indicator[57,2]","class_indicator",TRUE,0.33325,0.471404513424435,0,0,1,0.999500356899737,8072.65876486631,NA,0.00524669041176994,0.333,0.3335,0.3335,0.333,5e-04,0.05,FALSE,FALSE,FALSE,"inconclusive",1334.76500741837,NA
"class_indicator[58,2]","class_indicator",TRUE,0.333375,0.471448716576415,0,0,1,0.99950047727743,8072.64241472251,NA,0.00524718770268822,0.3335,0.3335,0.333,0.3335,5e-04,0.05,FALSE,FALSE,FALSE,"inconclusive",1334.76230402158,NA
"class_indicator[59,2]","class_indicator",TRUE,0.333375,0.471448716576415,0,0,1,0.99950047727743,8072.64241472251,NA,0.00524718770268822,0.3335,0.333,0.3335,0.3335,5e-04,0.05,FALSE,FALSE,FALSE,"inconclusive",1334.76230402158,NA
"class_indicator[60,2]","class_indicator",TRUE,0.33325,0.471404513424435,0,0,1,0.999500356899737,8072.65876486631,NA,0.00524669041176994,0.333,0.3335,0.3335,0.333,5e-04,0.05,FALSE,FALSE,FALSE,"inconclusive",1334.76500741837,NA
"class_indicator[61,2]","class_indicator",TRUE,0.333375,0.471448716576415,0,0,1,0.99950047727743,8072.64241472251,NA,0.00524718770268822,0.3335,0.3335,0.333,0.3335,5e-04,0.05,FALSE,FALSE,FALSE,"inconclusive",1334.76230402158,NA
"class_indicator[62,2]","class_indicator",TRUE,0.333375,0.471448716576415,0,0,1,0.99950047727743,8072.64241472251,NA,0.00524718770268822,0.3335,0.333,0.3335,0.3335,5e-04,0.05,FALSE,FALSE,FALSE,"inconclusive",1334.76230402158,NA
"class_indicator[63,2]","class_indicator",TRUE,0.33325,0.471404513424435,0,0,1,0.999500356899737,8072.65876486631,NA,0.00524669041176994,0.333,0.3335,0.3335,0.333,5e-04,0.05,FALSE,FALSE,FALSE,"inconclusive",1334.76500741837,NA
"class_indicator[64,2]","class_indicator",TRUE,0.333375,0.471448716576415,0,0,1,0.99950047727743,8072.64241472251,NA,0.00524718770268822,0.3335,0.3335,0.333,0.3335,5e-04,0.05,FALSE,FALSE,FALSE,"inconclusive",1334.76230402158,NA
"class_indicator[65,2]","class_indicator",TRUE,0.333375,0.471448716576415,0,0,1,0.99950047727743,8072.64241472251,NA,0.00524718770268822,0.3335,0.333,0.3335,0.3335,5e-04,0.05,FALSE,FALSE,FALSE,"inconclusive",1334.76230402158,NA
"class_indicator[66,2]","class_indicator",TRUE,0.33325,0.471404513424435,0,0,1,0.999500356899737,8072.65876486631,NA,0.00524669041176994,0.333,0.3335,0.3335,0.333,5e-04,0.05,FALSE,FALSE,FALSE,"inconclusive",1334.76500741837,NA
"class_indicator[67,2]","class_indicator",TRUE,0.333375,0.471448716576415,0,0,1,0.99950047727743,8072.64241472251,NA,0.00524718770268822,0.3335,0.3335,0.333,0.3335,5e-04,0.05,FALSE,FALSE,FALSE,"inconclusive",1334.76230402158,NA
"class_indicator[68,2]","class_indicator",TRUE,0.333375,0.471448716576415,0,0,1,0.99950047727743,8072.64241472251,NA,0.00524718770268822,0.3335,0.333,0.3335,0.3335,5e-04,0.05,FALSE,FALSE,FALSE,"inconclusive",1334.76230402158,NA
"class_indicator[69,2]","class_indicator",TRUE,0.33325,0.471404513424435,0,0,1,0.999500356899737,8072.65876486631,NA,0.00524669041176994,0.333,0.3335,0.3335,0.333,5e-04,0.05,FALSE,FALSE,FALSE,"inconclusive",1334.76500741837,NA
"class_indicator[70,2]","class_indicator",TRUE,0.333375,0.471448716576415,0,0,1,0.99950047727743,8072.64241472251,NA,0.00524718770268822,0.3335,0.3335,0.333,0.3335,5e-04,0.05,FALSE,FALSE,FALSE,"inconclusive",1334.76230402158,NA
"class_indicator[71,2]","class_indicator",TRUE,0.333375,0.471448716576415,0,0,1,0.99950047727743,8072.64241472251,NA,0.00524718770268822,0.3335,0.333,0.3335,0.3335,5e-04,0.05,FALSE,FALSE,FALSE,"inconclusive",1334.76230402158,NA
"class_indicator[72,2]","class_indicator",TRUE,0.33325,0.471404513424435,0,0,1,0.999500356899737,8072.65876486631,NA,0.00524669041176994,0.333,0.3335,0.3335,0.333,5e-04,0.05,FALSE,FALSE,FALSE,"inconclusive",1334.76500741837,NA
"class_indicator[73,2]","class_indicator",TRUE,0.333375,0.471448716576415,0,0,1,0.99950047727743,8072.64241472251,NA,0.00524718770268822,0.3335,0.3335,0.333,0.3335,5e-04,0.05,FALSE,FALSE,FALSE,"inconclusive",1334.76230402158,NA
"class_indicator[74,2]","class_indicator",TRUE,0.333375,0.471448716576415,0,0,1,0.99950047727743,8072.64241472251,NA,0.00524718770268822,0.3335,0.333,0.3335,0.3335,5e-04,0.05,FALSE,FALSE,FALSE,"inconclusive",1334.76230402158,NA
"class_indicator[75,2]","class_indicator",TRUE,0.33325,0.471404513424435,0,0,1,0.999500356899737,8072.65876486631,NA,0.00524669041176994,0.333,0.3335,0.3335,0.333,5e-04,0.05,FALSE,FALSE,FALSE,"inconclusive",1334.76500741837,NA
"class_indicator[76,2]","class_indicator",TRUE,0.333375,0.471448716576415,0,0,1,0.99950047727743,8072.64241472251,NA,0.00524718770268822,0.3335,0.3335,0.333,0.3335,5e-04,0.05,FALSE,FALSE,FALSE,"inconclusive",1334.76230402158,NA
"class_indicator[77,2]","class_indicator",TRUE,0.333375,0.471448716576415,0,0,1,0.99950047727743,8072.64241472251,NA,0.00524718770268822,0.3335,0.333,0.3335,0.3335,5e-04,0.05,FALSE,FALSE,FALSE,"inconclusive",1334.76230402158,NA
"class_indicator[78,2]","class_indicator",TRUE,0.33325,0.471404513424435,0,0,1,0.999500356899737,8072.65876486631,NA,0.00524669041176994,0.333,0.3335,0.3335,0.333,5e-04,0.05,FALSE,FALSE,FALSE,"inconclusive",1334.76500741837,NA
"class_indicator[79,2]","class_indicator",TRUE,0.333375,0.471448716576415,0,0,1,0.99950047727743,8072.64241472251,NA,0.00524718770268822,0.3335,0.3335,0.333,0.3335,5e-04,0.05,FALSE,FALSE,FALSE,"inconclusive",1334.76230402158,NA
"class_indicator[80,2]","class_indicator",TRUE,0.333375,0.471448716576415,0,0,1,0.99950047727743,8072.64241472251,NA,0.00524718770268822,0.3335,0.333,0.3335,0.3335,5e-04,0.05,FALSE,FALSE,FALSE,"inconclusive",1334.76230402158,NA
"class_indicator[81,2]","class_indicator",TRUE,0.33325,0.471404513424435,0,0,1,0.999500356899737,8072.65876486631,NA,0.00524669041176994,0.333,0.3335,0.3335,0.333,5e-04,0.05,FALSE,FALSE,FALSE,"inconclusive",1334.76500741837,NA
"class_indicator[82,2]","class_indicator",TRUE,0.333375,0.471448716576415,0,0,1,0.99950047727743,8072.64241472251,NA,0.00524718770268822,0.3335,0.3335,0.333,0.3335,5e-04,0.05,FALSE,FALSE,FALSE,"inconclusive",1334.76230402158,NA
"class_indicator[83,2]","class_indicator",TRUE,0.333375,0.471448716576415,0,0,1,0.99950047727743,8072.64241472251,NA,0.00524718770268822,0.3335,0.333,0.3335,0.3335,5e-04,0.05,FALSE,FALSE,FALSE,"inconclusive",1334.76230402158,NA
"class_indicator[84,2]","class_indicator",TRUE,0.33325,0.471404513424435,0,0,1,0.999500356899737,8072.65876486631,NA,0.00524669041176994,0.333,0.3335,0.3335,0.333,5e-04,0.05,FALSE,FALSE,FALSE,"inconclusive",1334.76500741837,NA
"class_indicator[85,2]","class_indicator",TRUE,0.333375,0.471448716576415,0,0,1,0.99950047727743,8072.64241472251,NA,0.00524718770268822,0.3335,0.3335,0.333,0.3335,5e-04,0.05,FALSE,FALSE,FALSE,"inconclusive",1334.76230402158,NA
"class_indicator[86,2]","class_indicator",TRUE,0.333375,0.471448716576415,0,0,1,0.99950047727743,8072.64241472251,NA,0.00524718770268822,0.3335,0.333,0.3335,0.3335,5e-04,0.05,FALSE,FALSE,FALSE,"inconclusive",1334.76230402158,NA
"class_indicator[87,2]","class_indicator",TRUE,0.33325,0.471404513424435,0,0,1,0.999500356899737,8072.65876486631,NA,0.00524669041176994,0.333,0.3335,0.3335,0.333,5e-04,0.05,FALSE,FALSE,FALSE,"inconclusive",1334.76500741837,NA
"class_indicator[88,2]","class_indicator",TRUE,0.333375,0.471448716576415,0,0,1,0.99950047727743,8072.64241472251,NA,0.00524718770268822,0.3335,0.3335,0.333,0.3335,5e-04,0.05,FALSE,FALSE,FALSE,"inconclusive",1334.76230402158,NA
"class_indicator[89,2]","class_indicator",TRUE,0.333375,0.471448716576415,0,0,1,0.99950047727743,8072.64241472251,NA,0.00524718770268822,0.3335,0.333,0.3335,0.3335,5e-04,0.05,FALSE,FALSE,FALSE,"inconclusive",1334.76230402158,NA
"class_indicator[90,2]","class_indicator",TRUE,0.33325,0.471404513424435,0,0,1,0.999500356899737,8072.65876486631,NA,0.00524669041176994,0.333,0.3335,0.3335,0.333,5e-04,0.05,FALSE,FALSE,FALSE,"inconclusive",1334.76500741837,NA
"class_indicator[91,2]","class_indicator",TRUE,0.333375,0.471448716576415,0,0,1,0.99950047727743,8072.64241472251,NA,0.00524718770268822,0.3335,0.3335,0.333,0.3335,5e-04,0.05,FALSE,FALSE,FALSE,"inconclusive",1334.76230402158,NA
"class_indicator[92,2]","class_indicator",TRUE,0.333375,0.471448716576415,0,0,1,0.99950047727743,8072.64241472251,NA,0.00524718770268822,0.3335,0.333,0.3335,0.3335,5e-04,0.05,FALSE,FALSE,FALSE,"inconclusive",1334.76230402158,NA
"class_indicator[93,2]","class_indicator",TRUE,0.33325,0.471404513424435,0,0,1,0.999500356899737,8072.65876486631,NA,0.00524669041176994,0.333,0.3335,0.3335,0.333,5e-04,0.05,FALSE,FALSE,FALSE,"inconclusive",1334.76500741837,NA
"class_indicator[94,2]","class_indicator",TRUE,0.333375,0.471448716576415,0,0,1,0.99950047727743,8072.64241472251,NA,0.00524718770268822,0.3335,0.3335,0.333,0.3335,5e-04,0.05,FALSE,FALSE,FALSE,"inconclusive",1334.76230402158,NA
"class_indicator[95,2]","class_indicator",TRUE,0.333375,0.471448716576415,0,0,1,0.99950047727743,8072.64241472251,NA,0.00524718770268822,0.3335,0.333,0.3335,0.3335,5e-04,0.05,FALSE,FALSE,FALSE,"inconclusive",1334.76230402158,NA
"class_indicator[96,2]","class_indicator",TRUE,0.33325,0.471404513424435,0,0,1,0.999500356899737,8072.65876486631,NA,0.00524669041176994,0.333,0.3335,0.3335,0.333,5e-04,0.05,FALSE,FALSE,FALSE,"inconclusive",1334.76500741837,NA
"class_indicator[97,2]","class_indicator",TRUE,0.333375,0.471448716576415,0,0,1,0.99950047727743,8072.64241472251,NA,0.00524718770268822,0.3335,0.3335,0.333,0.3335,5e-04,0.05,FALSE,FALSE,FALSE,"inconclusive",1334.76230402158,NA
"class_indicator[98,2]","class_indicator",TRUE,0.333375,0.471448716576415,0,0,1,0.99950047727743,8072.64241472251,NA,0.00524718770268822,0.3335,0.333,0.3335,0.3335,5e-04,0.05,FALSE,FALSE,FALSE,"inconclusive",1334.76230402158,NA
"class_indicator[99,2]","class_indicator",TRUE,0.33325,0.471404513424435,0,0,1,0.999500356899737,8072.65876486631,NA,0.00524669041176994,0.333,0.3335,0.3335,0.333,5e-04,0.05,FALSE,FALSE,FALSE,"inconclusive",1334.76500741837,NA
"class_indicator[100,2]","class_indicator",TRUE,0.333375,0.471448716576415,0,0,1,0.99950047727743,8072.64241472251,NA,0.00524718770268822,0.3335,0.3335,0.333,0.3335,5e-04,0.05,FALSE,FALSE,FALSE,"inconclusive",1334.76230402158,NA
"class_indicator[101,2]","class_indicator",TRUE,0.333375,0.471448716576415,0,0,1,0.99950047727743,8072.64241472251,NA,0.00524718770268822,0.3335,0.333,0.3335,0.3335,5e-04,0.05,FALSE,FALSE,FALSE,"inconclusive",1334.76230402158,NA
"class_indicator[102,2]","class_indicator",TRUE,0.33325,0.471404513424435,0,0,1,0.999500356899737,8072.65876486631,NA,0.00524669041176994,0.333,0.3335,0.3335,0.333,5e-04,0.05,FALSE,FALSE,FALSE,"inconclusive",1334.76500741837,NA
"class_indicator[103,2]","class_indicator",TRUE,0.333375,0.471448716576415,0,0,1,0.99950047727743,8072.64241472251,NA,0.00524718770268822,0.3335,0.3335,0.333,0.3335,5e-04,0.05,FALSE,FALSE,FALSE,"inconclusive",1334.76230402158,NA
"class_indicator[104,2]","class_indicator",TRUE,0.333375,0.471448716576415,0,0,1,0.99950047727743,8072.64241472251,NA,0.00524718770268822,0.3335,0.333,0.3335,0.3335,5e-04,0.05,FALSE,FALSE,FALSE,"inconclusive",1334.76230402158,NA
"class_indicator[105,2]","class_indicator",TRUE,0.33325,0.471404513424435,0,0,1,0.999500356899737,8072.65876486631,NA,0.00524669041176994,0.333,0.3335,0.3335,0.333,5e-04,0.05,FALSE,FALSE,FALSE,"inconclusive",1334.76500741837,NA
"class_indicator[106,2]","class_indicator",TRUE,0.333375,0.471448716576415,0,0,1,0.99950047727743,8072.64241472251,NA,0.00524718770268822,0.3335,0.3335,0.333,0.3335,5e-04,0.05,FALSE,FALSE,FALSE,"inconclusive",1334.76230402158,NA
"class_indicator[107,2]","class_indicator",TRUE,0.333375,0.471448716576415,0,0,1,0.99950047727743,8072.64241472251,NA,0.00524718770268822,0.3335,0.333,0.3335,0.3335,5e-04,0.05,FALSE,FALSE,FALSE,"inconclusive",1334.76230402158,NA
"class_indicator[108,2]","class_indicator",TRUE,0.33325,0.471404513424435,0,0,1,0.999500356899737,8072.65876486631,NA,0.00524669041176994,0.333,0.3335,0.3335,0.333,5e-04,0.05,FALSE,FALSE,FALSE,"inconclusive",1334.76500741837,NA
"class_indicator[109,2]","class_indicator",TRUE,0.333375,0.471448716576415,0,0,1,0.99950047727743,8072.64241472251,NA,0.00524718770268822,0.3335,0.3335,0.333,0.3335,5e-04,0.05,FALSE,FALSE,FALSE,"inconclusive",1334.76230402158,NA
"class_indicator[110,2]","class_indicator",TRUE,0.333375,0.471448716576415,0,0,1,0.99950047727743,8072.64241472251,NA,0.00524718770268822,0.3335,0.333,0.3335,0.3335,5e-04,0.05,FALSE,FALSE,FALSE,"inconclusive",1334.76230402158,NA
"class_indicator[111,2]","class_indicator",TRUE,0.33325,0.471404513424435,0,0,1,0.999500356899737,8072.65876486631,NA,0.00524669041176994,0.333,0.3335,0.3335,0.333,5e-04,0.05,FALSE,FALSE,FALSE,"inconclusive",1334.76500741837,NA
"class_indicator[112,2]","class_indicator",TRUE,0.333375,0.471448716576415,0,0,1,0.99950047727743,8072.64241472251,NA,0.00524718770268822,0.3335,0.3335,0.333,0.3335,5e-04,0.05,FALSE,FALSE,FALSE,"inconclusive",1334.76230402158,NA
"class_indicator[113,2]","class_indicator",TRUE,0.333375,0.471448716576415,0,0,1,0.99950047727743,8072.64241472251,NA,0.00524718770268822,0.3335,0.333,0.3335,0.3335,5e-04,0.05,FALSE,FALSE,FALSE,"inconclusive",1334.76230402158,NA
"class_indicator[114,2]","class_indicator",TRUE,0.33325,0.471404513424435,0,0,1,0.999500356899737,8072.65876486631,NA,0.00524669041176994,0.333,0.3335,0.3335,0.333,5e-04,0.05,FALSE,FALSE,FALSE,"inconclusive",1334.76500741837,NA
"class_indicator[115,2]","class_indicator",TRUE,0.333375,0.471448716576415,0,0,1,0.99950047727743,8072.64241472251,NA,0.00524718770268822,0.3335,0.3335,0.333,0.3335,5e-04,0.05,FALSE,FALSE,FALSE,"inconclusive",1334.76230402158,NA
"class_indicator[116,2]","class_indicator",TRUE,0.333375,0.471448716576415,0,0,1,0.99950047727743,8072.64241472251,NA,0.00524718770268822,0.3335,0.333,0.3335,0.3335,5e-04,0.05,FALSE,FALSE,FALSE,"inconclusive",1334.76230402158,NA
"class_indicator[117,2]","class_indicator",TRUE,0.33325,0.471404513424435,0,0,1,0.999500356899737,8072.65876486631,NA,0.00524669041176994,0.333,0.3335,0.3335,0.333,5e-04,0.05,FALSE,FALSE,FALSE,"inconclusive",1334.76500741837,NA
"class_indicator[118,2]","class_indicator",TRUE,0.333375,0.471448716576415,0,0,1,0.99950047727743,8072.64241472251,NA,0.00524718770268822,0.3335,0.3335,0.333,0.3335,5e-04,0.05,FALSE,FALSE,FALSE,"inconclusive",1334.76230402158,NA
"class_indicator[119,2]","class_indicator",TRUE,0.333375,0.471448716576415,0,0,1,0.99950047727743,8072.64241472251,NA,0.00524718770268822,0.3335,0.333,0.3335,0.3335,5e-04,0.05,FALSE,FALSE,FALSE,"inconclusive",1334.76230402158,NA
"class_indicator[120,2]","class_indicator",TRUE,0.33325,0.471404513424435,0,0,1,0.999500356899737,8072.65876486631,NA,0.00524669041176994,0.333,0.3335,0.3335,0.333,5e-04,0.05,FALSE,FALSE,FALSE,"inconclusive",1334.76500741837,NA
"class_indicator[121,2]","class_indicator",TRUE,0.333375,0.471448716576415,0,0,1,0.99950047727743,8072.64241472251,NA,0.00524718770268822,0.3335,0.3335,0.333,0.3335,5e-04,0.05,FALSE,FALSE,FALSE,"inconclusive",1334.76230402158,NA
"class_indicator[122,2]","class_indicator",TRUE,0.333375,0.471448716576415,0,0,1,0.99950047727743,8072.64241472251,NA,0.00524718770268822,0.3335,0.333,0.3335,0.3335,5e-04,0.05,FALSE,FALSE,FALSE,"inconclusive",1334.76230402158,NA
"class_indicator[123,2]","class_indicator",TRUE,0.33325,0.471404513424435,0,0,1,0.999500356899737,8072.65876486631,NA,0.00524669041176994,0.333,0.3335,0.3335,0.333,5e-04,0.05,FALSE,FALSE,FALSE,"inconclusive",1334.76500741837,NA
"class_indicator[124,2]","class_indicator",TRUE,0.333375,0.471448716576415,0,0,1,0.99950047727743,8072.64241472251,NA,0.00524718770268822,0.3335,0.3335,0.333,0.3335,5e-04,0.05,FALSE,FALSE,FALSE,"inconclusive",1334.76230402158,NA
"class_indicator[125,2]","class_indicator",TRUE,0.333375,0.471448716576415,0,0,1,0.99950047727743,8072.64241472251,NA,0.00524718770268822,0.3335,0.333,0.3335,0.3335,5e-04,0.05,FALSE,FALSE,FALSE,"inconclusive",1334.76230402158,NA
"class_indicator[126,2]","class_indicator",TRUE,0.33325,0.471404513424435,0,0,1,0.999500356899737,8072.65876486631,NA,0.00524669041176994,0.333,0.3335,0.3335,0.333,5e-04,0.05,FALSE,FALSE,FALSE,"inconclusive",1334.76500741837,NA
"class_indicator[127,2]","class_indicator",TRUE,0.333375,0.471448716576415,0,0,1,0.99950047727743,8072.64241472251,NA,0.00524718770268822,0.3335,0.3335,0.333,0.3335,5e-04,0.05,FALSE,FALSE,FALSE,"inconclusive",1334.76230402158,NA
"class_indicator[128,2]","class_indicator",TRUE,0.333375,0.471448716576415,0,0,1,0.99950047727743,8072.64241472251,NA,0.00524718770268822,0.3335,0.333,0.3335,0.3335,5e-04,0.05,FALSE,FALSE,FALSE,"inconclusive",1334.76230402158,NA
"class_indicator[129,2]","class_indicator",TRUE,0.33325,0.471404513424435,0,0,1,0.999500356899737,8072.65876486631,NA,0.00524669041176994,0.333,0.3335,0.3335,0.333,5e-04,0.05,FALSE,FALSE,FALSE,"inconclusive",1334.76500741837,NA
"class_indicator[130,2]","class_indicator",TRUE,0.333375,0.471448716576415,0,0,1,0.99950047727743,8072.64241472251,NA,0.00524718770268822,0.3335,0.3335,0.333,0.3335,5e-04,0.05,FALSE,FALSE,FALSE,"inconclusive",1334.76230402158,NA
"class_indicator[131,2]","class_indicator",TRUE,0.333375,0.471448716576415,0,0,1,0.99950047727743,8072.64241472251,NA,0.00524718770268822,0.3335,0.333,0.3335,0.3335,5e-04,0.05,FALSE,FALSE,FALSE,"inconclusive",1334.76230402158,NA
"class_indicator[132,2]","class_indicator",TRUE,0.33325,0.471404513424435,0,0,1,0.999500356899737,8072.65876486631,NA,0.00524669041176994,0.333,0.3335,0.3335,0.333,5e-04,0.05,FALSE,FALSE,FALSE,"inconclusive",1334.76500741837,NA
"class_indicator[133,2]","class_indicator",TRUE,0.333375,0.471448716576415,0,0,1,0.99950047727743,8072.64241472251,NA,0.00524718770268822,0.3335,0.3335,0.333,0.3335,5e-04,0.05,FALSE,FALSE,FALSE,"inconclusive",1334.76230402158,NA
"class_indicator[134,2]","class_indicator",TRUE,0.333375,0.471448716576415,0,0,1,0.99950047727743,8072.64241472251,NA,0.00524718770268822,0.3335,0.333,0.3335,0.3335,5e-04,0.05,FALSE,FALSE,FALSE,"inconclusive",1334.76230402158,NA
"class_indicator[135,2]","class_indicator",TRUE,0.33325,0.471404513424435,0,0,1,0.999500356899737,8072.65876486631,NA,0.00524669041176994,0.333,0.3335,0.3335,0.333,5e-04,0.05,FALSE,FALSE,FALSE,"inconclusive",1334.76500741837,NA
"class_indicator[136,2]","class_indicator",TRUE,0.333375,0.471448716576415,0,0,1,0.99950047727743,8072.64241472251,NA,0.00524718770268822,0.3335,0.3335,0.333,0.3335,5e-04,0.05,FALSE,FALSE,FALSE,"inconclusive",1334.76230402158,NA
"class_indicator[137,2]","class_indicator",TRUE,0.333375,0.471448716576415,0,0,1,0.99950047727743,8072.64241472251,NA,0.00524718770268822,0.3335,0.333,0.3335,0.3335,5e-04,0.05,FALSE,FALSE,FALSE,"inconclusive",1334.76230402158,NA
"class_indicator[138,2]","class_indicator",TRUE,0.33325,0.471404513424435,0,0,1,0.999500356899737,8072.65876486631,NA,0.00524669041176994,0.333,0.3335,0.3335,0.333,5e-04,0.05,FALSE,FALSE,FALSE,"inconclusive",1334.76500741837,NA
"class_indicator[139,2]","class_indicator",TRUE,0.333375,0.471448716576415,0,0,1,0.99950047727743,8072.64241472251,NA,0.00524718770268822,0.3335,0.3335,0.333,0.3335,5e-04,0.05,FALSE,FALSE,FALSE,"inconclusive",1334.76230402158,NA
"class_indicator[140,2]","class_indicator",TRUE,0.333375,0.471448716576415,0,0,1,0.99950047727743,8072.64241472251,NA,0.00524718770268822,0.3335,0.333,0.3335,0.3335,5e-04,0.05,FALSE,FALSE,FALSE,"inconclusive",1334.76230402158,NA
"class_indicator[141,2]","class_indicator",TRUE,0.33325,0.471404513424435,0,0,1,0.999500356899737,8072.65876486631,NA,0.00524669041176994,0.333,0.3335,0.3335,0.333,5e-04,0.05,FALSE,FALSE,FALSE,"inconclusive",1334.76500741837,NA
"class_indicator[142,2]","class_indicator",TRUE,0.333375,0.471448716576415,0,0,1,0.99950047727743,8072.64241472251,NA,0.00524718770268822,0.3335,0.3335,0.333,0.3335,5e-04,0.05,FALSE,FALSE,FALSE,"inconclusive",1334.76230402158,NA
"class_indicator[143,2]","class_indicator",TRUE,0.333375,0.471448716576415,0,0,1,0.99950047727743,8072.64241472251,NA,0.00524718770268822,0.3335,0.333,0.3335,0.3335,5e-04,0.05,FALSE,FALSE,FALSE,"inconclusive",1334.76230402158,NA
"class_count[3]","class_count",TRUE,47.666625,0.471448716576391,47,48,48,0.99950047727743,8072.64241472251,NA,0.00524718770268796,47.6665,47.667,47.6665,47.6665,3.49650349652019e-06,0.05,FALSE,FALSE,FALSE,"inconclusive",1334.76230402158,NA
"class_indicator[1,3]","class_indicator",TRUE,0.33325,0.471404513424435,0,0,1,0.999500356899737,8072.65876486631,NA,0.00524669041176994,0.333,0.3335,0.3335,0.333,5e-04,0.05,FALSE,FALSE,FALSE,"inconclusive",1334.76500741837,NA
"class_indicator[2,3]","class_indicator",TRUE,0.333375,0.471448716576415,0,0,1,0.99950047727743,8072.64241472251,NA,0.00524718770268822,0.3335,0.3335,0.333,0.3335,5e-04,0.05,FALSE,FALSE,FALSE,"inconclusive",1334.76230402158,NA
"class_indicator[3,3]","class_indicator",TRUE,0.333375,0.471448716576415,0,0,1,0.99950047727743,8072.64241472251,NA,0.00524718770268822,0.3335,0.333,0.3335,0.3335,5e-04,0.05,FALSE,FALSE,FALSE,"inconclusive",1334.76230402158,NA
"class_indicator[4,3]","class_indicator",TRUE,0.33325,0.471404513424435,0,0,1,0.999500356899737,8072.65876486631,NA,0.00524669041176994,0.333,0.3335,0.3335,0.333,5e-04,0.05,FALSE,FALSE,FALSE,"inconclusive",1334.76500741837,NA
"class_indicator[5,3]","class_indicator",TRUE,0.333375,0.471448716576415,0,0,1,0.99950047727743,8072.64241472251,NA,0.00524718770268822,0.3335,0.3335,0.333,0.3335,5e-04,0.05,FALSE,FALSE,FALSE,"inconclusive",1334.76230402158,NA
"class_indicator[6,3]","class_indicator",TRUE,0.333375,0.471448716576415,0,0,1,0.99950047727743,8072.64241472251,NA,0.00524718770268822,0.3335,0.333,0.3335,0.3335,5e-04,0.05,FALSE,FALSE,FALSE,"inconclusive",1334.76230402158,NA
"class_indicator[7,3]","class_indicator",TRUE,0.33325,0.471404513424435,0,0,1,0.999500356899737,8072.65876486631,NA,0.00524669041176994,0.333,0.3335,0.3335,0.333,5e-04,0.05,FALSE,FALSE,FALSE,"inconclusive",1334.76500741837,NA
"class_indicator[8,3]","class_indicator",TRUE,0.333375,0.471448716576415,0,0,1,0.99950047727743,8072.64241472251,NA,0.00524718770268822,0.3335,0.3335,0.333,0.3335,5e-04,0.05,FALSE,FALSE,FALSE,"inconclusive",1334.76230402158,NA
"class_indicator[9,3]","class_indicator",TRUE,0.333375,0.471448716576415,0,0,1,0.99950047727743,8072.64241472251,NA,0.00524718770268822,0.3335,0.333,0.3335,0.3335,5e-04,0.05,FALSE,FALSE,FALSE,"inconclusive",1334.76230402158,NA
"class_indicator[10,3]","class_indicator",TRUE,0.33325,0.471404513424435,0,0,1,0.999500356899737,8072.65876486631,NA,0.00524669041176994,0.333,0.3335,0.3335,0.333,5e-04,0.05,FALSE,FALSE,FALSE,"inconclusive",1334.76500741837,NA
"class_indicator[11,3]","class_indicator",TRUE,0.333375,0.471448716576415,0,0,1,0.99950047727743,8072.64241472251,NA,0.00524718770268822,0.3335,0.3335,0.333,0.3335,5e-04,0.05,FALSE,FALSE,FALSE,"inconclusive",1334.76230402158,NA
"class_indicator[12,3]","class_indicator",TRUE,0.333375,0.471448716576415,0,0,1,0.99950047727743,8072.64241472251,NA,0.00524718770268822,0.3335,0.333,0.3335,0.3335,5e-04,0.05,FALSE,FALSE,FALSE,"inconclusive",1334.76230402158,NA
"class_indicator[13,3]","class_indicator",TRUE,0.33325,0.471404513424435,0,0,1,0.999500356899737,8072.65876486631,NA,0.00524669041176994,0.333,0.3335,0.3335,0.333,5e-04,0.05,FALSE,FALSE,FALSE,"inconclusive",1334.76500741837,NA
"class_indicator[14,3]","class_indicator",TRUE,0.333375,0.471448716576415,0,0,1,0.99950047727743,8072.64241472251,NA,0.00524718770268822,0.3335,0.3335,0.333,0.3335,5e-04,0.05,FALSE,FALSE,FALSE,"inconclusive",1334.76230402158,NA
"class_indicator[15,3]","class_indicator",TRUE,0.333375,0.471448716576415,0,0,1,0.99950047727743,8072.64241472251,NA,0.00524718770268822,0.3335,0.333,0.3335,0.3335,5e-04,0.05,FALSE,FALSE,FALSE,"inconclusive",1334.76230402158,NA
"class_indicator[16,3]","class_indicator",TRUE,0.33325,0.471404513424435,0,0,1,0.999500356899737,8072.65876486631,NA,0.00524669041176994,0.333,0.3335,0.3335,0.333,5e-04,0.05,FALSE,FALSE,FALSE,"inconclusive",1334.76500741837,NA
"class_indicator[17,3]","class_indicator",TRUE,0.333375,0.471448716576415,0,0,1,0.99950047727743,8072.64241472251,NA,0.00524718770268822,0.3335,0.3335,0.333,0.3335,5e-04,0.05,FALSE,FALSE,FALSE,"inconclusive",1334.76230402158,NA
"class_indicator[18,3]","class_indicator",TRUE,0.333375,0.471448716576415,0,0,1,0.99950047727743,8072.64241472251,NA,0.00524718770268822,0.3335,0.333,0.3335,0.3335,5e-04,0.05,FALSE,FALSE,FALSE,"inconclusive",1334.76230402158,NA
"class_indicator[19,3]","class_indicator",TRUE,0.33325,0.471404513424435,0,0,1,0.999500356899737,8072.65876486631,NA,0.00524669041176994,0.333,0.3335,0.3335,0.333,5e-04,0.05,FALSE,FALSE,FALSE,"inconclusive",1334.76500741837,NA
"class_indicator[20,3]","class_indicator",TRUE,0.333375,0.471448716576415,0,0,1,0.99950047727743,8072.64241472251,NA,0.00524718770268822,0.3335,0.3335,0.333,0.3335,5e-04,0.05,FALSE,FALSE,FALSE,"inconclusive",1334.76230402158,NA
"class_indicator[21,3]","class_indicator",TRUE,0.333375,0.471448716576415,0,0,1,0.99950047727743,8072.64241472251,NA,0.00524718770268822,0.3335,0.333,0.3335,0.3335,5e-04,0.05,FALSE,FALSE,FALSE,"inconclusive",1334.76230402158,NA
"class_indicator[22,3]","class_indicator",TRUE,0.33325,0.471404513424435,0,0,1,0.999500356899737,8072.65876486631,NA,0.00524669041176994,0.333,0.3335,0.3335,0.333,5e-04,0.05,FALSE,FALSE,FALSE,"inconclusive",1334.76500741837,NA
"class_indicator[23,3]","class_indicator",TRUE,0.333375,0.471448716576415,0,0,1,0.99950047727743,8072.64241472251,NA,0.00524718770268822,0.3335,0.3335,0.333,0.3335,5e-04,0.05,FALSE,FALSE,FALSE,"inconclusive",1334.76230402158,NA
"class_indicator[24,3]","class_indicator",TRUE,0.333375,0.471448716576415,0,0,1,0.99950047727743,8072.64241472251,NA,0.00524718770268822,0.3335,0.333,0.3335,0.3335,5e-04,0.05,FALSE,FALSE,FALSE,"inconclusive",1334.76230402158,NA
"class_indicator[25,3]","class_indicator",TRUE,0.33325,0.471404513424435,0,0,1,0.999500356899737,8072.65876486631,NA,0.00524669041176994,0.333,0.3335,0.3335,0.333,5e-04,0.05,FALSE,FALSE,FALSE,"inconclusive",1334.76500741837,NA
"class_indicator[26,3]","class_indicator",TRUE,0.333375,0.471448716576415,0,0,1,0.99950047727743,8072.64241472251,NA,0.00524718770268822,0.3335,0.3335,0.333,0.3335,5e-04,0.05,FALSE,FALSE,FALSE,"inconclusive",1334.76230402158,NA
"class_indicator[27,3]","class_indicator",TRUE,0.333375,0.471448716576415,0,0,1,0.99950047727743,8072.64241472251,NA,0.00524718770268822,0.3335,0.333,0.3335,0.3335,5e-04,0.05,FALSE,FALSE,FALSE,"inconclusive",1334.76230402158,NA
"class_indicator[28,3]","class_indicator",TRUE,0.33325,0.471404513424435,0,0,1,0.999500356899737,8072.65876486631,NA,0.00524669041176994,0.333,0.3335,0.3335,0.333,5e-04,0.05,FALSE,FALSE,FALSE,"inconclusive",1334.76500741837,NA
"class_indicator[29,3]","class_indicator",TRUE,0.333375,0.471448716576415,0,0,1,0.99950047727743,8072.64241472251,NA,0.00524718770268822,0.3335,0.3335,0.333,0.3335,5e-04,0.05,FALSE,FALSE,FALSE,"inconclusive",1334.76230402158,NA
"class_indicator[30,3]","class_indicator",TRUE,0.333375,0.471448716576415,0,0,1,0.99950047727743,8072.64241472251,NA,0.00524718770268822,0.3335,0.333,0.3335,0.3335,5e-04,0.05,FALSE,FALSE,FALSE,"inconclusive",1334.76230402158,NA
"class_indicator[31,3]","class_indicator",TRUE,0.33325,0.471404513424435,0,0,1,0.999500356899737,8072.65876486631,NA,0.00524669041176994,0.333,0.3335,0.3335,0.333,5e-04,0.05,FALSE,FALSE,FALSE,"inconclusive",1334.76500741837,NA
"class_indicator[32,3]","class_indicator",TRUE,0.333375,0.471448716576415,0,0,1,0.99950047727743,8072.64241472251,NA,0.00524718770268822,0.3335,0.3335,0.333,0.3335,5e-04,0.05,FALSE,FALSE,FALSE,"inconclusive",1334.76230402158,NA
"class_indicator[33,3]","class_indicator",TRUE,0.333375,0.471448716576415,0,0,1,0.99950047727743,8072.64241472251,NA,0.00524718770268822,0.3335,0.333,0.3335,0.3335,5e-04,0.05,FALSE,FALSE,FALSE,"inconclusive",1334.76230402158,NA
"class_indicator[34,3]","class_indicator",TRUE,0.33325,0.471404513424435,0,0,1,0.999500356899737,8072.65876486631,NA,0.00524669041176994,0.333,0.3335,0.3335,0.333,5e-04,0.05,FALSE,FALSE,FALSE,"inconclusive",1334.76500741837,NA
"class_indicator[35,3]","class_indicator",TRUE,0.333375,0.471448716576415,0,0,1,0.99950047727743,8072.64241472251,NA,0.00524718770268822,0.3335,0.3335,0.333,0.3335,5e-04,0.05,FALSE,FALSE,FALSE,"inconclusive",1334.76230402158,NA
"class_indicator[36,3]","class_indicator",TRUE,0.333375,0.471448716576415,0,0,1,0.99950047727743,8072.64241472251,NA,0.00524718770268822,0.3335,0.333,0.3335,0.3335,5e-04,0.05,FALSE,FALSE,FALSE,"inconclusive",1334.76230402158,NA
"class_indicator[37,3]","class_indicator",TRUE,0.33325,0.471404513424435,0,0,1,0.999500356899737,8072.65876486631,NA,0.00524669041176994,0.333,0.3335,0.3335,0.333,5e-04,0.05,FALSE,FALSE,FALSE,"inconclusive",1334.76500741837,NA
"class_indicator[38,3]","class_indicator",TRUE,0.333375,0.471448716576415,0,0,1,0.99950047727743,8072.64241472251,NA,0.00524718770268822,0.3335,0.3335,0.333,0.3335,5e-04,0.05,FALSE,FALSE,FALSE,"inconclusive",1334.76230402158,NA
"class_indicator[39,3]","class_indicator",TRUE,0.333375,0.471448716576415,0,0,1,0.99950047727743,8072.64241472251,NA,0.00524718770268822,0.3335,0.333,0.3335,0.3335,5e-04,0.05,FALSE,FALSE,FALSE,"inconclusive",1334.76230402158,NA
"class_indicator[40,3]","class_indicator",TRUE,0.33325,0.471404513424435,0,0,1,0.999500356899737,8072.65876486631,NA,0.00524669041176994,0.333,0.3335,0.3335,0.333,5e-04,0.05,FALSE,FALSE,FALSE,"inconclusive",1334.76500741837,NA
"class_indicator[41,3]","class_indicator",TRUE,0.333375,0.471448716576415,0,0,1,0.99950047727743,8072.64241472251,NA,0.00524718770268822,0.3335,0.3335,0.333,0.3335,5e-04,0.05,FALSE,FALSE,FALSE,"inconclusive",1334.76230402158,NA
"class_indicator[42,3]","class_indicator",TRUE,0.333375,0.471448716576415,0,0,1,0.99950047727743,8072.64241472251,NA,0.00524718770268822,0.3335,0.333,0.3335,0.3335,5e-04,0.05,FALSE,FALSE,FALSE,"inconclusive",1334.76230402158,NA
"class_indicator[43,3]","class_indicator",TRUE,0.33325,0.471404513424435,0,0,1,0.999500356899737,8072.65876486631,NA,0.00524669041176994,0.333,0.3335,0.3335,0.333,5e-04,0.05,FALSE,FALSE,FALSE,"inconclusive",1334.76500741837,NA
"class_indicator[44,3]","class_indicator",TRUE,0.333375,0.471448716576415,0,0,1,0.99950047727743,8072.64241472251,NA,0.00524718770268822,0.3335,0.3335,0.333,0.3335,5e-04,0.05,FALSE,FALSE,FALSE,"inconclusive",1334.76230402158,NA
"class_indicator[45,3]","class_indicator",TRUE,0.333375,0.471448716576415,0,0,1,0.99950047727743,8072.64241472251,NA,0.00524718770268822,0.3335,0.333,0.3335,0.3335,5e-04,0.05,FALSE,FALSE,FALSE,"inconclusive",1334.76230402158,NA
"class_indicator[46,3]","class_indicator",TRUE,0.33325,0.471404513424435,0,0,1,0.999500356899737,8072.65876486631,NA,0.00524669041176994,0.333,0.3335,0.3335,0.333,5e-04,0.05,FALSE,FALSE,FALSE,"inconclusive",1334.76500741837,NA
"class_indicator[47,3]","class_indicator",TRUE,0.333375,0.471448716576415,0,0,1,0.99950047727743,8072.64241472251,NA,0.00524718770268822,0.3335,0.3335,0.333,0.3335,5e-04,0.05,FALSE,FALSE,FALSE,"inconclusive",1334.76230402158,NA
"class_indicator[48,3]","class_indicator",TRUE,0.333375,0.471448716576415,0,0,1,0.99950047727743,8072.64241472251,NA,0.00524718770268822,0.3335,0.333,0.3335,0.3335,5e-04,0.05,FALSE,FALSE,FALSE,"inconclusive",1334.76230402158,NA
"class_indicator[49,3]","class_indicator",TRUE,0.33325,0.471404513424435,0,0,1,0.999500356899737,8072.65876486631,NA,0.00524669041176994,0.333,0.3335,0.3335,0.333,5e-04,0.05,FALSE,FALSE,FALSE,"inconclusive",1334.76500741837,NA
"class_indicator[50,3]","class_indicator",TRUE,0.333375,0.471448716576415,0,0,1,0.99950047727743,8072.64241472251,NA,0.00524718770268822,0.3335,0.3335,0.333,0.3335,5e-04,0.05,FALSE,FALSE,FALSE,"inconclusive",1334.76230402158,NA
"class_indicator[51,3]","class_indicator",TRUE,0.333375,0.471448716576415,0,0,1,0.99950047727743,8072.64241472251,NA,0.00524718770268822,0.3335,0.333,0.3335,0.3335,5e-04,0.05,FALSE,FALSE,FALSE,"inconclusive",1334.76230402158,NA
"class_indicator[52,3]","class_indicator",TRUE,0.33325,0.471404513424435,0,0,1,0.999500356899737,8072.65876486631,NA,0.00524669041176994,0.333,0.3335,0.3335,0.333,5e-04,0.05,FALSE,FALSE,FALSE,"inconclusive",1334.76500741837,NA
"class_indicator[53,3]","class_indicator",TRUE,0.333375,0.471448716576415,0,0,1,0.99950047727743,8072.64241472251,NA,0.00524718770268822,0.3335,0.3335,0.333,0.3335,5e-04,0.05,FALSE,FALSE,FALSE,"inconclusive",1334.76230402158,NA
"class_indicator[54,3]","class_indicator",TRUE,0.333375,0.471448716576415,0,0,1,0.99950047727743,8072.64241472251,NA,0.00524718770268822,0.3335,0.333,0.3335,0.3335,5e-04,0.05,FALSE,FALSE,FALSE,"inconclusive",1334.76230402158,NA
"class_indicator[55,3]","class_indicator",TRUE,0.33325,0.471404513424435,0,0,1,0.999500356899737,8072.65876486631,NA,0.00524669041176994,0.333,0.3335,0.3335,0.333,5e-04,0.05,FALSE,FALSE,FALSE,"inconclusive",1334.76500741837,NA
"class_indicator[56,3]","class_indicator",TRUE,0.333375,0.471448716576415,0,0,1,0.99950047727743,8072.64241472251,NA,0.00524718770268822,0.3335,0.3335,0.333,0.3335,5e-04,0.05,FALSE,FALSE,FALSE,"inconclusive",1334.76230402158,NA
"class_indicator[57,3]","class_indicator",TRUE,0.333375,0.471448716576415,0,0,1,0.99950047727743,8072.64241472251,NA,0.00524718770268822,0.3335,0.333,0.3335,0.3335,5e-04,0.05,FALSE,FALSE,FALSE,"inconclusive",1334.76230402158,NA
"class_indicator[58,3]","class_indicator",TRUE,0.33325,0.471404513424435,0,0,1,0.999500356899737,8072.65876486631,NA,0.00524669041176994,0.333,0.3335,0.3335,0.333,5e-04,0.05,FALSE,FALSE,FALSE,"inconclusive",1334.76500741837,NA
"class_indicator[59,3]","class_indicator",TRUE,0.333375,0.471448716576415,0,0,1,0.99950047727743,8072.64241472251,NA,0.00524718770268822,0.3335,0.3335,0.333,0.3335,5e-04,0.05,FALSE,FALSE,FALSE,"inconclusive",1334.76230402158,NA
"class_indicator[60,3]","class_indicator",TRUE,0.333375,0.471448716576415,0,0,1,0.99950047727743,8072.64241472251,NA,0.00524718770268822,0.3335,0.333,0.3335,0.3335,5e-04,0.05,FALSE,FALSE,FALSE,"inconclusive",1334.76230402158,NA
"class_indicator[61,3]","class_indicator",TRUE,0.33325,0.471404513424435,0,0,1,0.999500356899737,8072.65876486631,NA,0.00524669041176994,0.333,0.3335,0.3335,0.333,5e-04,0.05,FALSE,FALSE,FALSE,"inconclusive",1334.76500741837,NA
"class_indicator[62,3]","class_indicator",TRUE,0.333375,0.471448716576415,0,0,1,0.99950047727743,8072.64241472251,NA,0.00524718770268822,0.3335,0.3335,0.333,0.3335,5e-04,0.05,FALSE,FALSE,FALSE,"inconclusive",1334.76230402158,NA
"class_indicator[63,3]","class_indicator",TRUE,0.333375,0.471448716576415,0,0,1,0.99950047727743,8072.64241472251,NA,0.00524718770268822,0.3335,0.333,0.3335,0.3335,5e-04,0.05,FALSE,FALSE,FALSE,"inconclusive",1334.76230402158,NA
"class_indicator[64,3]","class_indicator",TRUE,0.33325,0.471404513424435,0,0,1,0.999500356899737,8072.65876486631,NA,0.00524669041176994,0.333,0.3335,0.3335,0.333,5e-04,0.05,FALSE,FALSE,FALSE,"inconclusive",1334.76500741837,NA
"class_indicator[65,3]","class_indicator",TRUE,0.333375,0.471448716576415,0,0,1,0.99950047727743,8072.64241472251,NA,0.00524718770268822,0.3335,0.3335,0.333,0.3335,5e-04,0.05,FALSE,FALSE,FALSE,"inconclusive",1334.76230402158,NA
"class_indicator[66,3]","class_indicator",TRUE,0.333375,0.471448716576415,0,0,1,0.99950047727743,8072.64241472251,NA,0.00524718770268822,0.3335,0.333,0.3335,0.3335,5e-04,0.05,FALSE,FALSE,FALSE,"inconclusive",1334.76230402158,NA
"class_indicator[67,3]","class_indicator",TRUE,0.33325,0.471404513424435,0,0,1,0.999500356899737,8072.65876486631,NA,0.00524669041176994,0.333,0.3335,0.3335,0.333,5e-04,0.05,FALSE,FALSE,FALSE,"inconclusive",1334.76500741837,NA
"class_indicator[68,3]","class_indicator",TRUE,0.333375,0.471448716576415,0,0,1,0.99950047727743,8072.64241472251,NA,0.00524718770268822,0.3335,0.3335,0.333,0.3335,5e-04,0.05,FALSE,FALSE,FALSE,"inconclusive",1334.76230402158,NA
"class_indicator[69,3]","class_indicator",TRUE,0.333375,0.471448716576415,0,0,1,0.99950047727743,8072.64241472251,NA,0.00524718770268822,0.3335,0.333,0.3335,0.3335,5e-04,0.05,FALSE,FALSE,FALSE,"inconclusive",1334.76230402158,NA
"class_indicator[70,3]","class_indicator",TRUE,0.33325,0.471404513424435,0,0,1,0.999500356899737,8072.65876486631,NA,0.00524669041176994,0.333,0.3335,0.3335,0.333,5e-04,0.05,FALSE,FALSE,FALSE,"inconclusive",1334.76500741837,NA
"class_indicator[71,3]","class_indicator",TRUE,0.333375,0.471448716576415,0,0,1,0.99950047727743,8072.64241472251,NA,0.00524718770268822,0.3335,0.3335,0.333,0.3335,5e-04,0.05,FALSE,FALSE,FALSE,"inconclusive",1334.76230402158,NA
"class_indicator[72,3]","class_indicator",TRUE,0.333375,0.471448716576415,0,0,1,0.99950047727743,8072.64241472251,NA,0.00524718770268822,0.3335,0.333,0.3335,0.3335,5e-04,0.05,FALSE,FALSE,FALSE,"inconclusive",1334.76230402158,NA
"class_indicator[73,3]","class_indicator",TRUE,0.33325,0.471404513424435,0,0,1,0.999500356899737,8072.65876486631,NA,0.00524669041176994,0.333,0.3335,0.3335,0.333,5e-04,0.05,FALSE,FALSE,FALSE,"inconclusive",1334.76500741837,NA
"class_indicator[74,3]","class_indicator",TRUE,0.333375,0.471448716576415,0,0,1,0.99950047727743,8072.64241472251,NA,0.00524718770268822,0.3335,0.3335,0.333,0.3335,5e-04,0.05,FALSE,FALSE,FALSE,"inconclusive",1334.76230402158,NA
"class_indicator[75,3]","class_indicator",TRUE,0.333375,0.471448716576415,0,0,1,0.99950047727743,8072.64241472251,NA,0.00524718770268822,0.3335,0.333,0.3335,0.3335,5e-04,0.05,FALSE,FALSE,FALSE,"inconclusive",1334.76230402158,NA
"class_indicator[76,3]","class_indicator",TRUE,0.33325,0.471404513424435,0,0,1,0.999500356899737,8072.65876486631,NA,0.00524669041176994,0.333,0.3335,0.3335,0.333,5e-04,0.05,FALSE,FALSE,FALSE,"inconclusive",1334.76500741837,NA
"class_indicator[77,3]","class_indicator",TRUE,0.333375,0.471448716576415,0,0,1,0.99950047727743,8072.64241472251,NA,0.00524718770268822,0.3335,0.3335,0.333,0.3335,5e-04,0.05,FALSE,FALSE,FALSE,"inconclusive",1334.76230402158,NA
"class_indicator[78,3]","class_indicator",TRUE,0.333375,0.471448716576415,0,0,1,0.99950047727743,8072.64241472251,NA,0.00524718770268822,0.3335,0.333,0.3335,0.3335,5e-04,0.05,FALSE,FALSE,FALSE,"inconclusive",1334.76230402158,NA
"class_indicator[79,3]","class_indicator",TRUE,0.33325,0.471404513424435,0,0,1,0.999500356899737,8072.65876486631,NA,0.00524669041176994,0.333,0.3335,0.3335,0.333,5e-04,0.05,FALSE,FALSE,FALSE,"inconclusive",1334.76500741837,NA
"class_indicator[80,3]","class_indicator",TRUE,0.333375,0.471448716576415,0,0,1,0.99950047727743,8072.64241472251,NA,0.00524718770268822,0.3335,0.3335,0.333,0.3335,5e-04,0.05,FALSE,FALSE,FALSE,"inconclusive",1334.76230402158,NA
"class_indicator[81,3]","class_indicator",TRUE,0.333375,0.471448716576415,0,0,1,0.99950047727743,8072.64241472251,NA,0.00524718770268822,0.3335,0.333,0.3335,0.3335,5e-04,0.05,FALSE,FALSE,FALSE,"inconclusive",1334.76230402158,NA
"class_indicator[82,3]","class_indicator",TRUE,0.33325,0.471404513424435,0,0,1,0.999500356899737,8072.65876486631,NA,0.00524669041176994,0.333,0.3335,0.3335,0.333,5e-04,0.05,FALSE,FALSE,FALSE,"inconclusive",1334.76500741837,NA
"class_indicator[83,3]","class_indicator",TRUE,0.333375,0.471448716576415,0,0,1,0.99950047727743,8072.64241472251,NA,0.00524718770268822,0.3335,0.3335,0.333,0.3335,5e-04,0.05,FALSE,FALSE,FALSE,"inconclusive",1334.76230402158,NA
"class_indicator[84,3]","class_indicator",TRUE,0.333375,0.471448716576415,0,0,1,0.99950047727743,8072.64241472251,NA,0.00524718770268822,0.3335,0.333,0.3335,0.3335,5e-04,0.05,FALSE,FALSE,FALSE,"inconclusive",1334.76230402158,NA
"class_indicator[85,3]","class_indicator",TRUE,0.33325,0.471404513424435,0,0,1,0.999500356899737,8072.65876486631,NA,0.00524669041176994,0.333,0.3335,0.3335,0.333,5e-04,0.05,FALSE,FALSE,FALSE,"inconclusive",1334.76500741837,NA
"class_indicator[86,3]","class_indicator",TRUE,0.333375,0.471448716576415,0,0,1,0.99950047727743,8072.64241472251,NA,0.00524718770268822,0.3335,0.3335,0.333,0.3335,5e-04,0.05,FALSE,FALSE,FALSE,"inconclusive",1334.76230402158,NA
"class_indicator[87,3]","class_indicator",TRUE,0.333375,0.471448716576415,0,0,1,0.99950047727743,8072.64241472251,NA,0.00524718770268822,0.3335,0.333,0.3335,0.3335,5e-04,0.05,FALSE,FALSE,FALSE,"inconclusive",1334.76230402158,NA
"class_indicator[88,3]","class_indicator",TRUE,0.33325,0.471404513424435,0,0,1,0.999500356899737,8072.65876486631,NA,0.00524669041176994,0.333,0.3335,0.3335,0.333,5e-04,0.05,FALSE,FALSE,FALSE,"inconclusive",1334.76500741837,NA
"class_indicator[89,3]","class_indicator",TRUE,0.333375,0.471448716576415,0,0,1,0.99950047727743,8072.64241472251,NA,0.00524718770268822,0.3335,0.3335,0.333,0.3335,5e-04,0.05,FALSE,FALSE,FALSE,"inconclusive",1334.76230402158,NA
"class_indicator[90,3]","class_indicator",TRUE,0.333375,0.471448716576415,0,0,1,0.99950047727743,8072.64241472251,NA,0.00524718770268822,0.3335,0.333,0.3335,0.3335,5e-04,0.05,FALSE,FALSE,FALSE,"inconclusive",1334.76230402158,NA
"class_indicator[91,3]","class_indicator",TRUE,0.33325,0.471404513424435,0,0,1,0.999500356899737,8072.65876486631,NA,0.00524669041176994,0.333,0.3335,0.3335,0.333,5e-04,0.05,FALSE,FALSE,FALSE,"inconclusive",1334.76500741837,NA
"class_indicator[92,3]","class_indicator",TRUE,0.333375,0.471448716576415,0,0,1,0.99950047727743,8072.64241472251,NA,0.00524718770268822,0.3335,0.3335,0.333,0.3335,5e-04,0.05,FALSE,FALSE,FALSE,"inconclusive",1334.76230402158,NA
"class_indicator[93,3]","class_indicator",TRUE,0.333375,0.471448716576415,0,0,1,0.99950047727743,8072.64241472251,NA,0.00524718770268822,0.3335,0.333,0.3335,0.3335,5e-04,0.05,FALSE,FALSE,FALSE,"inconclusive",1334.76230402158,NA
"class_indicator[94,3]","class_indicator",TRUE,0.33325,0.471404513424435,0,0,1,0.999500356899737,8072.65876486631,NA,0.00524669041176994,0.333,0.3335,0.3335,0.333,5e-04,0.05,FALSE,FALSE,FALSE,"inconclusive",1334.76500741837,NA
"class_indicator[95,3]","class_indicator",TRUE,0.333375,0.471448716576415,0,0,1,0.99950047727743,8072.64241472251,NA,0.00524718770268822,0.3335,0.3335,0.333,0.3335,5e-04,0.05,FALSE,FALSE,FALSE,"inconclusive",1334.76230402158,NA
"class_indicator[96,3]","class_indicator",TRUE,0.333375,0.471448716576415,0,0,1,0.99950047727743,8072.64241472251,NA,0.00524718770268822,0.3335,0.333,0.3335,0.3335,5e-04,0.05,FALSE,FALSE,FALSE,"inconclusive",1334.76230402158,NA
"class_indicator[97,3]","class_indicator",TRUE,0.33325,0.471404513424435,0,0,1,0.999500356899737,8072.65876486631,NA,0.00524669041176994,0.333,0.3335,0.3335,0.333,5e-04,0.05,FALSE,FALSE,FALSE,"inconclusive",1334.76500741837,NA
"class_indicator[98,3]","class_indicator",TRUE,0.333375,0.471448716576415,0,0,1,0.99950047727743,8072.64241472251,NA,0.00524718770268822,0.3335,0.3335,0.333,0.3335,5e-04,0.05,FALSE,FALSE,FALSE,"inconclusive",1334.76230402158,NA
"class_indicator[99,3]","class_indicator",TRUE,0.333375,0.471448716576415,0,0,1,0.99950047727743,8072.64241472251,NA,0.00524718770268822,0.3335,0.333,0.3335,0.3335,5e-04,0.05,FALSE,FALSE,FALSE,"inconclusive",1334.76230402158,NA
"class_indicator[100,3]","class_indicator",TRUE,0.33325,0.471404513424435,0,0,1,0.999500356899737,8072.65876486631,NA,0.00524669041176994,0.333,0.3335,0.3335,0.333,5e-04,0.05,FALSE,FALSE,FALSE,"inconclusive",1334.76500741837,NA
"class_indicator[101,3]","class_indicator",TRUE,0.333375,0.471448716576415,0,0,1,0.99950047727743,8072.64241472251,NA,0.00524718770268822,0.3335,0.3335,0.333,0.3335,5e-04,0.05,FALSE,FALSE,FALSE,"inconclusive",1334.76230402158,NA
"class_indicator[102,3]","class_indicator",TRUE,0.333375,0.471448716576415,0,0,1,0.99950047727743,8072.64241472251,NA,0.00524718770268822,0.3335,0.333,0.3335,0.3335,5e-04,0.05,FALSE,FALSE,FALSE,"inconclusive",1334.76230402158,NA
"class_indicator[103,3]","class_indicator",TRUE,0.33325,0.471404513424435,0,0,1,0.999500356899737,8072.65876486631,NA,0.00524669041176994,0.333,0.3335,0.3335,0.333,5e-04,0.05,FALSE,FALSE,FALSE,"inconclusive",1334.76500741837,NA
"class_indicator[104,3]","class_indicator",TRUE,0.333375,0.471448716576415,0,0,1,0.99950047727743,8072.64241472251,NA,0.00524718770268822,0.3335,0.3335,0.333,0.3335,5e-04,0.05,FALSE,FALSE,FALSE,"inconclusive",1334.76230402158,NA
"class_indicator[105,3]","class_indicator",TRUE,0.333375,0.471448716576415,0,0,1,0.99950047727743,8072.64241472251,NA,0.00524718770268822,0.3335,0.333,0.3335,0.3335,5e-04,0.05,FALSE,FALSE,FALSE,"inconclusive",1334.76230402158,NA
"class_indicator[106,3]","class_indicator",TRUE,0.33325,0.471404513424435,0,0,1,0.999500356899737,8072.65876486631,NA,0.00524669041176994,0.333,0.3335,0.3335,0.333,5e-04,0.05,FALSE,FALSE,FALSE,"inconclusive",1334.76500741837,NA
"class_indicator[107,3]","class_indicator",TRUE,0.333375,0.471448716576415,0,0,1,0.99950047727743,8072.64241472251,NA,0.00524718770268822,0.3335,0.3335,0.333,0.3335,5e-04,0.05,FALSE,FALSE,FALSE,"inconclusive",1334.76230402158,NA
"class_indicator[108,3]","class_indicator",TRUE,0.333375,0.471448716576415,0,0,1,0.99950047727743,8072.64241472251,NA,0.00524718770268822,0.3335,0.333,0.3335,0.3335,5e-04,0.05,FALSE,FALSE,FALSE,"inconclusive",1334.76230402158,NA
"class_indicator[109,3]","class_indicator",TRUE,0.33325,0.471404513424435,0,0,1,0.999500356899737,8072.65876486631,NA,0.00524669041176994,0.333,0.3335,0.3335,0.333,5e-04,0.05,FALSE,FALSE,FALSE,"inconclusive",1334.76500741837,NA
"class_indicator[110,3]","class_indicator",TRUE,0.333375,0.471448716576415,0,0,1,0.99950047727743,8072.64241472251,NA,0.00524718770268822,0.3335,0.3335,0.333,0.3335,5e-04,0.05,FALSE,FALSE,FALSE,"inconclusive",1334.76230402158,NA
"class_indicator[111,3]","class_indicator",TRUE,0.333375,0.471448716576415,0,0,1,0.99950047727743,8072.64241472251,NA,0.00524718770268822,0.3335,0.333,0.3335,0.3335,5e-04,0.05,FALSE,FALSE,FALSE,"inconclusive",1334.76230402158,NA
"class_indicator[112,3]","class_indicator",TRUE,0.33325,0.471404513424435,0,0,1,0.999500356899737,8072.65876486631,NA,0.00524669041176994,0.333,0.3335,0.3335,0.333,5e-04,0.05,FALSE,FALSE,FALSE,"inconclusive",1334.76500741837,NA
"class_indicator[113,3]","class_indicator",TRUE,0.333375,0.471448716576415,0,0,1,0.99950047727743,8072.64241472251,NA,0.00524718770268822,0.3335,0.3335,0.333,0.3335,5e-04,0.05,FALSE,FALSE,FALSE,"inconclusive",1334.76230402158,NA
"class_indicator[114,3]","class_indicator",TRUE,0.333375,0.471448716576415,0,0,1,0.99950047727743,8072.64241472251,NA,0.00524718770268822,0.3335,0.333,0.3335,0.3335,5e-04,0.05,FALSE,FALSE,FALSE,"inconclusive",1334.76230402158,NA
"class_indicator[115,3]","class_indicator",TRUE,0.33325,0.471404513424435,0,0,1,0.999500356899737,8072.65876486631,NA,0.00524669041176994,0.333,0.3335,0.3335,0.333,5e-04,0.05,FALSE,FALSE,FALSE,"inconclusive",1334.76500741837,NA
"class_indicator[116,3]","class_indicator",TRUE,0.333375,0.471448716576415,0,0,1,0.99950047727743,8072.64241472251,NA,0.00524718770268822,0.3335,0.3335,0.333,0.3335,5e-04,0.05,FALSE,FALSE,FALSE,"inconclusive",1334.76230402158,NA
"class_indicator[117,3]","class_indicator",TRUE,0.333375,0.471448716576415,0,0,1,0.99950047727743,8072.64241472251,NA,0.00524718770268822,0.3335,0.333,0.3335,0.3335,5e-04,0.05,FALSE,FALSE,FALSE,"inconclusive",1334.76230402158,NA
"class_indicator[118,3]","class_indicator",TRUE,0.33325,0.471404513424435,0,0,1,0.999500356899737,8072.65876486631,NA,0.00524669041176994,0.333,0.3335,0.3335,0.333,5e-04,0.05,FALSE,FALSE,FALSE,"inconclusive",1334.76500741837,NA
"class_indicator[119,3]","class_indicator",TRUE,0.333375,0.471448716576415,0,0,1,0.99950047727743,8072.64241472251,NA,0.00524718770268822,0.3335,0.3335,0.333,0.3335,5e-04,0.05,FALSE,FALSE,FALSE,"inconclusive",1334.76230402158,NA
"class_indicator[120,3]","class_indicator",TRUE,0.333375,0.471448716576415,0,0,1,0.99950047727743,8072.64241472251,NA,0.00524718770268822,0.3335,0.333,0.3335,0.3335,5e-04,0.05,FALSE,FALSE,FALSE,"inconclusive",1334.76230402158,NA
"class_indicator[121,3]","class_indicator",TRUE,0.33325,0.471404513424435,0,0,1,0.999500356899737,8072.65876486631,NA,0.00524669041176994,0.333,0.3335,0.3335,0.333,5e-04,0.05,FALSE,FALSE,FALSE,"inconclusive",1334.76500741837,NA
"class_indicator[122,3]","class_indicator",TRUE,0.333375,0.471448716576415,0,0,1,0.99950047727743,8072.64241472251,NA,0.00524718770268822,0.3335,0.3335,0.333,0.3335,5e-04,0.05,FALSE,FALSE,FALSE,"inconclusive",1334.76230402158,NA
"class_indicator[123,3]","class_indicator",TRUE,0.333375,0.471448716576415,0,0,1,0.99950047727743,8072.64241472251,NA,0.00524718770268822,0.3335,0.333,0.3335,0.3335,5e-04,0.05,FALSE,FALSE,FALSE,"inconclusive",1334.76230402158,NA
"class_indicator[124,3]","class_indicator",TRUE,0.33325,0.471404513424435,0,0,1,0.999500356899737,8072.65876486631,NA,0.00524669041176994,0.333,0.3335,0.3335,0.333,5e-04,0.05,FALSE,FALSE,FALSE,"inconclusive",1334.76500741837,NA
"class_indicator[125,3]","class_indicator",TRUE,0.333375,0.471448716576415,0,0,1,0.99950047727743,8072.64241472251,NA,0.00524718770268822,0.3335,0.3335,0.333,0.3335,5e-04,0.05,FALSE,FALSE,FALSE,"inconclusive",1334.76230402158,NA
"class_indicator[126,3]","class_indicator",TRUE,0.333375,0.471448716576415,0,0,1,0.99950047727743,8072.64241472251,NA,0.00524718770268822,0.3335,0.333,0.3335,0.3335,5e-04,0.05,FALSE,FALSE,FALSE,"inconclusive",1334.76230402158,NA
"class_indicator[127,3]","class_indicator",TRUE,0.33325,0.471404513424435,0,0,1,0.999500356899737,8072.65876486631,NA,0.00524669041176994,0.333,0.3335,0.3335,0.333,5e-04,0.05,FALSE,FALSE,FALSE,"inconclusive",1334.76500741837,NA
"class_indicator[128,3]","class_indicator",TRUE,0.333375,0.471448716576415,0,0,1,0.99950047727743,8072.64241472251,NA,0.00524718770268822,0.3335,0.3335,0.333,0.3335,5e-04,0.05,FALSE,FALSE,FALSE,"inconclusive",1334.76230402158,NA
"class_indicator[129,3]","class_indicator",TRUE,0.333375,0.471448716576415,0,0,1,0.99950047727743,8072.64241472251,NA,0.00524718770268822,0.3335,0.333,0.3335,0.3335,5e-04,0.05,FALSE,FALSE,FALSE,"inconclusive",1334.76230402158,NA
"class_indicator[130,3]","class_indicator",TRUE,0.33325,0.471404513424435,0,0,1,0.999500356899737,8072.65876486631,NA,0.00524669041176994,0.333,0.3335,0.3335,0.333,5e-04,0.05,FALSE,FALSE,FALSE,"inconclusive",1334.76500741837,NA
"class_indicator[131,3]","class_indicator",TRUE,0.333375,0.471448716576415,0,0,1,0.99950047727743,8072.64241472251,NA,0.00524718770268822,0.3335,0.3335,0.333,0.3335,5e-04,0.05,FALSE,FALSE,FALSE,"inconclusive",1334.76230402158,NA
"class_indicator[132,3]","class_indicator",TRUE,0.333375,0.471448716576415,0,0,1,0.99950047727743,8072.64241472251,NA,0.00524718770268822,0.3335,0.333,0.3335,0.3335,5e-04,0.05,FALSE,FALSE,FALSE,"inconclusive",1334.76230402158,NA
"class_indicator[133,3]","class_indicator",TRUE,0.33325,0.471404513424435,0,0,1,0.999500356899737,8072.65876486631,NA,0.00524669041176994,0.333,0.3335,0.3335,0.333,5e-04,0.05,FALSE,FALSE,FALSE,"inconclusive",1334.76500741837,NA
"class_indicator[134,3]","class_indicator",TRUE,0.333375,0.471448716576415,0,0,1,0.99950047727743,8072.64241472251,NA,0.00524718770268822,0.3335,0.3335,0.333,0.3335,5e-04,0.05,FALSE,FALSE,FALSE,"inconclusive",1334.76230402158,NA
"class_indicator[135,3]","class_indicator",TRUE,0.333375,0.471448716576415,0,0,1,0.99950047727743,8072.64241472251,NA,0.00524718770268822,0.3335,0.333,0.3335,0.3335,5e-04,0.05,FALSE,FALSE,FALSE,"inconclusive",1334.76230402158,NA
"class_indicator[136,3]","class_indicator",TRUE,0.33325,0.471404513424435,0,0,1,0.999500356899737,8072.65876486631,NA,0.00524669041176994,0.333,0.3335,0.3335,0.333,5e-04,0.05,FALSE,FALSE,FALSE,"inconclusive",1334.76500741837,NA
"class_indicator[137,3]","class_indicator",TRUE,0.333375,0.471448716576415,0,0,1,0.99950047727743,8072.64241472251,NA,0.00524718770268822,0.3335,0.3335,0.333,0.3335,5e-04,0.05,FALSE,FALSE,FALSE,"inconclusive",1334.76230402158,NA
"class_indicator[138,3]","class_indicator",TRUE,0.333375,0.471448716576415,0,0,1,0.99950047727743,8072.64241472251,NA,0.00524718770268822,0.3335,0.333,0.3335,0.3335,5e-04,0.05,FALSE,FALSE,FALSE,"inconclusive",1334.76230402158,NA
"class_indicator[139,3]","class_indicator",TRUE,0.33325,0.471404513424435,0,0,1,0.999500356899737,8072.65876486631,NA,0.00524669041176994,0.333,0.3335,0.3335,0.333,5e-04,0.05,FALSE,FALSE,FALSE,"inconclusive",1334.76500741837,NA
"class_indicator[140,3]","class_indicator",TRUE,0.333375,0.471448716576415,0,0,1,0.99950047727743,8072.64241472251,NA,0.00524718770268822,0.3335,0.3335,0.333,0.3335,5e-04,0.05,FALSE,FALSE,FALSE,"inconclusive",1334.76230402158,NA
"class_indicator[141,3]","class_indicator",TRUE,0.333375,0.471448716576415,0,0,1,0.99950047727743,8072.64241472251,NA,0.00524718770268822,0.3335,0.333,0.3335,0.3335,5e-04,0.05,FALSE,FALSE,FALSE,"inconclusive",1334.76230402158,NA
"class_indicator[142,3]","class_indicator",TRUE,0.33325,0.471404513424435,0,0,1,0.999500356899737,8072.65876486631,NA,0.00524669041176994,0.333,0.3335,0.3335,0.333,5e-04,0.05,FALSE,FALSE,FALSE,"inconclusive",1334.76500741837,NA
"class_indicator[143,3]","class_indicator",TRUE,0.333375,0.471448716576415,0,0,1,0.99950047727743,8072.64241472251,NA,0.00524718770268822,0.3335,0.3335,0.333,0.3335,5e-04,0.05,FALSE,FALSE,FALSE,"inconclusive",1334.76230402158,NA
"N.iota.m[1]","A_auxiliary",TRUE,752.720625,1148.2625658749,232,299,3568,0.999505134900909,5259.59747462578,NA,10.4936696482789,752.7015,752.6835,752.705,752.7925,0.109000000000037,NA,FALSE,FALSE,FALSE,"inconclusive",869.642439587597,NA
"N.iota.m[2]","A_auxiliary",TRUE,177.518625,271.429371828281,54,70,843,0.999504621465973,5252.21502037212,NA,2.48024357486311,177.4945,177.508,177.531,177.541,0.0465000000000089,NA,FALSE,FALSE,FALSE,"inconclusive",868.421795696449,NA
"N.iota.m[3]","A_auxiliary",TRUE,508.979875,776.589809156957,156,202,2413,0.999504914682617,5274.4167346071,NA,7.09515349761538,508.9175,508.982,509.016,509.004,0.0985000000000014,NA,FALSE,FALSE,FALSE,"inconclusive",872.092714055406,NA
"N.iota.m[4]","A_auxiliary",TRUE,555.855625,848.017118288289,171,220.5,2635,0.999504015156847,5268.04502841833,NA,7.74749519747617,555.8395,555.9125,555.8655,555.805,0.107500000000073,NA,FALSE,FALSE,FALSE,"inconclusive",871.039191206735,NA
"N.iota.m[5]","A_auxiliary",TRUE,829.002625,1264.39070399526,255,329,3929,0.999502454156899,5264.71296856238,NA,11.5527683067553,829.097,829.0605,828.9605,828.8925,0.204499999999939,NA,FALSE,FALSE,FALSE,"inconclusive",870.488255383992,NA
"N.iota.m[6]","A_auxiliary",TRUE,1156.777125,1764.12109182023,356,459,5482,0.999505154605587,5257.56373183684,NA,16.121201001322,1156.9405,1156.7925,1156.659,1156.7165,0.281499999999824,NA,FALSE,FALSE,FALSE,"inconclusive",869.30617259207,NA
"N.iota.m[7]","A_auxiliary",TRUE,449.3995,685.871866442185,138,178,2131,0.999504072005792,5247.96558321085,NA,6.26808349727864,449.421,449.361,449.388,449.428,0.0670000000000073,NA,FALSE,FALSE,FALSE,"inconclusive",867.719177118195,NA
"N.iota.m[8]","A_auxiliary",TRUE,821.151125,1252.50132653937,253,326,3892,0.999505808733251,5264.46665401618,NA,11.4453853152399,821.0705,821.0925,821.1795,821.262,0.191499999999905,NA,FALSE,FALSE,FALSE,"inconclusive",870.447528772516,NA
"N.iota.m[9]","A_auxiliary",TRUE,468.649125,715.136516716499,144,186,2222,0.999504338676818,5262.66716607415,NA,6.53397665410084,468.588,468.6325,468.6825,468.6935,0.10549999999995,NA,FALSE,FALSE,FALSE,"inconclusive",870.149994390568,NA
"N.iota.m[10]","A_auxiliary",TRUE,690.3235,1052.98374747396,212,274,3272,0.999502624816874,5276.86726027005,NA,9.61999801134283,690.29,690.3655,690.347,690.2915,0.0755000000000337,NA,FALSE,FALSE,FALSE,"inconclusive",872.497893563169,NA
"N.iota.m[11]","A_auxiliary",TRUE,1239.611875,1890.21986760202,382,492,5874,0.999502868685546,5275.88426689688,NA,17.2702922960608,1239.711,1239.704,1239.5905,1239.442,0.269000000000005,NA,FALSE,FALSE,FALSE,"inconclusive",872.335361590092,NA
"N.iota.m[12]","A_auxiliary",TRUE,197.58575,301.991258957936,61,78,938,0.999503991802205,5255.21922750631,NA,2.75962477123457,197.6085,197.5945,197.5755,197.5645,0.0439999999999827,NA,FALSE,FALSE,FALSE,"inconclusive",868.91852306652,NA
"N.iota.m[13]","A_auxiliary",TRUE,422.181125,644.357722796981,130,167,2002,0.999503370569079,5241.68011234262,NA,5.88874663236954,422.2075,422.166,422.1545,422.1965,0.0529999999999973,NA,FALSE,FALSE,FALSE,"inconclusive",866.679912755063,NA
"N.iota.m[14]","A_auxiliary",TRUE,892.48425,1361.2663754828,275,354,4230,0.999503199719966,5263.04030318011,NA,12.4397872099851,892.425,892.426,892.4815,892.6045,0.179500000000075,NA,FALSE,FALSE,FALSE,"inconclusive",870.211690340626,NA
"N.iota.m[15]","A_auxiliary",TRUE,891.47825,1359.63819765793,274,354,4225,0.999504786084018,5268.93060392227,NA,12.4230232630954,891.338,891.4695,891.54,891.5655,0.227500000000077,NA,FALSE,FALSE,FALSE,"inconclusive",871.185615727888,NA
"N.iota.m[16]","A_auxiliary",TRUE,889.62925,1356.72099315817,274,353,4216,0.999505001094723,5268.47008079862,NA,12.395038669188,889.542,889.6665,889.698,889.6105,0.155999999999949,NA,FALSE,FALSE,FALSE,"inconclusive",871.109471031518,NA
"N.iota.m[17]","A_auxiliary",TRUE,1326.81375,2023.10297149332,409,527,6287,0.999504177272499,5276.85116833786,NA,18.4837163058389,1326.871,1326.9115,1326.83,1326.6425,0.269000000000005,NA,FALSE,FALSE,FALSE,"inconclusive",872.495232860097,NA
"N.iota.m[18]","A_auxiliary",TRUE,971.682375,1481.91514772354,299,386,4605,0.99950379406169,5261.60688166845,NA,13.5412081960689,971.8105,971.7385,971.6105,971.57,0.240499999999997,NA,FALSE,FALSE,FALSE,"inconclusive",869.974682815551,NA
"N.iota.m[19]","A_auxiliary",TRUE,985.7665,1503.49761385317,303,391,4672,0.999503113533632,5259.33786494379,NA,13.7400888648351,985.8625,985.7535,985.698,985.752,0.164499999999975,NA,FALSE,FALSE,FALSE,"inconclusive",869.599514706314,NA
"N.iota.m[20]","A_auxiliary",TRUE,463.119375,706.787244084575,142,184,2196,0.999503616016349,5254.96396851526,NA,6.45906552215498,463.107,463.085,463.111,463.1745,0.0895000000000437,NA,FALSE,FALSE,FALSE,"inconclusive",868.876317545512,NA
"N.iota.m[21]","A_auxiliary",TRUE,411.426625,627.943653937344,126,163,1951,0.999505338928897,5264.1588790511,NA,5.7377866223931,411.368,411.403,411.4605,411.475,0.107000000000028,NA,FALSE,FALSE,FALSE,"inconclusive",870.396640054745,NA
"N.iota.m[22]","A_auxiliary",TRUE,913.049125,1392.44204459923,281,363,4327,0.999505580998061,5270.74957055419,NA,12.7216015244839,912.939,913.0695,913.1195,913.0685,0.180500000000052,NA,FALSE,FALSE,FALSE,"inconclusive",871.48637079269,NA
"N.iota.m[23]","A_auxiliary",TRUE,662.47725,1010.50261648581,204,263,3140,0.999504033503604,5267.18455321374,NA,9.23206975088759,662.487,662.5245,662.485,662.4125,0.111999999999966,NA,FALSE,FALSE,FALSE,"inconclusive",870.896916867351,NA
"N.iota.m[24]","A_auxiliary",TRUE,691.786875,1055.24197801109,213,275,3279,0.999503142617395,5259.6583205244,NA,9.64196071781913,691.877,691.8405,691.7315,691.6985,0.178499999999985,NA,FALSE,FALSE,FALSE,"inconclusive",869.652500086706,NA
"N.iota.m[25]","A_auxiliary",TRUE,1137.348125,1734.5220160067,350,451,5390,0.999507839325372,5254.84792118291,NA,15.8510172326113,1137.487,1137.358,1137.2545,1137.293,0.232500000000073,NA,FALSE,FALSE,FALSE,"inconclusive",868.857129825217,NA
"N.iota.m[26]","A_auxiliary",TRUE,855.748375,1305.28155077775,263,339,4056,0.999505462463388,5255.18871300975,NA,11.9287534490171,855.779,855.6655,855.706,855.843,0.177500000000009,NA,FALSE,FALSE,FALSE,"inconclusive",868.913477680183,NA
"N.iota.m[27]","A_auxiliary",TRUE,700.83275,1069.09113304657,216,278,3322,0.999504513559501,5265.22260013122,NA,9.76918263896951,700.7545,700.788,700.8615,700.927,0.172500000000014,NA,FALSE,FALSE,FALSE,"inconclusive",870.572519862966,NA
"N.iota.m[28]","A_auxiliary",TRUE,904.17175,1378.93278986208,278,359,4285,0.999506905296127,5272.37799642936,NA,12.5985732885327,904.054,904.166,904.233,904.234,0.180000000000064,NA,FALSE,FALSE,FALSE,"inconclusive",871.755621102737,NA
"N.iota.m[29]","A_auxiliary",TRUE,470.56275,718.025284966466,145,187,2231,0.999505722431337,5264.18677112537,NA,6.55984045962229,470.5385,470.6125,470.58,470.52,0.0925000000000296,NA,FALSE,FALSE,FALSE,"inconclusive",870.401251839512,NA
"N.iota.m[30]","A_auxiliary",TRUE,416.299,635.336719340528,128,165,1974,0.999503744428205,5260.27100395464,NA,5.80496219236348,416.3445,416.3265,416.278,416.247,0.0974999999999682,NA,FALSE,FALSE,FALSE,"inconclusive",869.753803563929,NA
"N.iota.m[31]","A_auxiliary",TRUE,749.165375,1142.77993759705,231,297,3551,0.999504751349845,5259.14624595547,NA,10.4430387044418,749.2755,749.192,749.078,749.116,0.197499999999991,NA,FALSE,FALSE,FALSE,"inconclusive",869.567831672532,NA
"N.iota.m[32]","A_auxiliary",TRUE,812.463875,1239.32213754741,250,322,3851,0.99950464351986,5249.98469716312,NA,11.326054652015,812.512,812.4105,812.429,812.504,0.101499999999987,NA,FALSE,FALSE,FALSE,"inconclusive",868.05302532459,NA
"N.iota.m[33]","A_auxiliary",TRUE,870.53725,1327.79926588084,268,346,4126,0.999504489311218,5255.39821284149,NA,12.1336811832634,870.4685,870.463,870.5595,870.658,0.19500000000005,NA,FALSE,FALSE,FALSE,"inconclusive",868.948117202627,NA
"N.iota.m[34]","A_auxiliary",TRUE,1036.939375,1581.329966676,319,412,4914,0.999505025752129,5268.62467009812,NA,14.4482430914782,1036.803,1036.906,1036.998,1037.0505,0.247499999999945,NA,FALSE,FALSE,FALSE,"inconclusive",871.135031431567,NA
"N.iota.m[35]","A_auxiliary",TRUE,955.91575,1457.7558563316,294,380,4530,0.999501829676669,5274.71965263709,NA,13.318025823424,955.8515,955.956,955.9695,955.886,0.118000000000052,NA,FALSE,FALSE,FALSE,"inconclusive",872.142799708513,NA
"N.iota.m[36]","A_auxiliary",TRUE,1121.1885,1709.70687704602,345,445,5313,0.999502084616506,5272.48886310245,NA,15.6207315175357,1121.2615,1121.2885,1121.1655,1121.0385,0.25,NA,FALSE,FALSE,FALSE,"inconclusive",871.773952232548,NA
"N.iota.m[37]","A_auxiliary",TRUE,821.7965,1253.46157094124,253,326,3895,0.999502535686494,5256.60488757318,NA,11.4540229446319,821.917,821.8245,821.7325,821.712,0.205000000000041,NA,FALSE,FALSE,FALSE,"inconclusive",869.147633527311,NA
"N.iota.m[38]","A_auxiliary",TRUE,715.158375,1090.9830484677,220,284,3390,0.999502596416396,5252.16272003427,NA,9.97031685885788,715.2225,715.137,715.1075,715.1665,0.115000000000009,NA,FALSE,FALSE,FALSE,"inconclusive",868.413148153815,NA
"N.iota.m[39]","A_auxiliary",TRUE,1053.337,1606.45591404075,324,418,4992,0.999503936750259,5259.96309992464,NA,14.6806095083193,1053.293,1053.239,1053.344,1053.472,0.232999999999947,NA,FALSE,FALSE,FALSE,"inconclusive",869.702893506058,NA
"N.iota.m[40]","A_auxiliary",TRUE,1035.667625,1579.40121570702,319,411,4908,0.999504386674908,5263.25835334193,NA,14.4313009238291,1035.5175,1035.626,1035.7465,1035.7805,0.263000000000147,NA,FALSE,FALSE,FALSE,"inconclusive",870.247743608123,NA
"N.iota.m[41]","A_auxiliary",TRUE,857.95675,1308.4591209848,264,341,4066,0.999503231091111,5271.84061101486,NA,11.9541875822485,857.8705,857.978,858.022,857.9565,0.151500000000055,NA,FALSE,FALSE,FALSE,"inconclusive",871.666767694257,NA
"N.iota.m[42]","A_auxiliary",TRUE,455.784,695.503926162835,140,181,2161,0.999504455835987,5268.89199578974,NA,6.35427230710704,455.7945,455.82,455.792,455.7295,0.09050000000002,NA,FALSE,FALSE,FALSE,"inconclusive",871.179232108092,NA
"N.iota.m[43]","A_auxiliary",TRUE,419.43725,640.174228779038,129,166,1989,0.999505596242119,5255.23340139557,NA,5.84957695381301,419.494,419.468,419.408,419.379,0.115000000000009,NA,FALSE,FALSE,FALSE,"inconclusive",868.920866632865,NA
"N.iota.m[44]","A_auxiliary",TRUE,798.120625,1217.43788083781,246,317,3783,0.999504149143012,5258.30551776232,NA,11.1257763868312,798.201,798.124,798.069,798.0885,0.132000000000062,NA,FALSE,FALSE,FALSE,"inconclusive",869.428822381337,NA
"N.iota.m[45]","A_auxiliary",TRUE,588.286625,897.600467800731,181,233,2789,0.99950544797347,5249.38080726734,NA,8.20290739827597,588.286,588.2345,588.286,588.34,0.105500000000006,NA,FALSE,FALSE,FALSE,"inconclusive",867.953175804785,NA
"N.iota.m[46]","A_auxiliary",TRUE,796.466625,1214.84922355228,245,316,3775,0.999505002733099,5260.99182793885,NA,11.1008145859353,796.3675,796.4165,796.509,796.5735,0.206000000000017,NA,FALSE,FALSE,FALSE,"inconclusive",869.872987423752,NA
"N.iota.m[47]","A_auxiliary",TRUE,803.050625,1224.8079517324,247,319,3806,0.9995051708885,5271.17688921914,NA,11.1902133875585,802.936,803.0615,803.131,803.074,0.194999999999936,NA,FALSE,FALSE,FALSE,"inconclusive",871.557025333853,NA
"N.iota.m[48]","A_auxiliary",TRUE,761.264,1161.09317465225,234,302,3608,0.999503537242897,5272.81023100406,NA,10.6077614293725,761.264,761.3225,761.264,761.2055,0.116999999999962,NA,FALSE,FALSE,FALSE,"inconclusive",871.827088459666,NA
"N.iota.m[49]","A_auxiliary",TRUE,219.74775,335.778933312446,67,87,1043,0.999504726314331,5260.48626676419,NA,3.06803613452061,219.7735,219.766,219.729,219.7225,0.0510000000000161,NA,FALSE,FALSE,FALSE,"inconclusive",869.789395959687,NA
"N.iota.m[50]","A_auxiliary",TRUE,615.960375,939.745101829156,189,244,2920,0.999504397665326,5257.1622552259,NA,8.58781716614923,616.0565,615.9605,615.8995,615.925,0.157000000000039,NA,FALSE,FALSE,FALSE,"inconclusive",869.239790877299,NA
"N.iota.m[51]","A_auxiliary",TRUE,961.707875,1466.81291063393,296,382,4558,0.999506639318759,5250.31552823867,NA,13.4050815003517,961.7495,961.6425,961.652,961.7875,0.144999999999982,NA,FALSE,FALSE,FALSE,"inconclusive",868.107726229938,NA
"N.iota.m[52]","A_auxiliary",TRUE,387.14775,590.941027795685,119,153.5,1836,0.999503912909016,5251.16396301358,NA,5.40002312178082,387.113,387.1205,387.153,387.2045,0.0914999999999964,NA,FALSE,FALSE,FALSE,"inconclusive",868.248009757536,NA
"N.iota.m[53]","A_auxiliary",TRUE,332.270625,507.277698327061,102,132,1576,0.999504972713798,5262.94692260875,NA,4.63479340088785,332.2195,332.2745,332.2955,332.293,0.0760000000000218,NA,FALSE,FALSE,FALSE,"inconclusive",870.196250431341,NA
"N.iota.m[54]","A_auxiliary",TRUE,644.52125,983.158048849237,198,256,3055,0.999503337208414,5274.37267251563,NA,8.98209881529431,644.486,644.556,644.5605,644.4825,0.0780000000000882,NA,FALSE,FALSE,FALSE,"inconclusive",872.085428656685,NA
"N.iota.m[55]","A_auxiliary",TRUE,698.9685,1066.18031569053,215,277,3313,0.999505260641116,5266.83064697597,NA,9.7413160197805,699.0275,699.0275,698.9295,698.8895,0.138000000000034,NA,FALSE,FALSE,FALSE,"inconclusive",870.838400624334,NA
"N.iota.m[56]","A_auxiliary",TRUE,851.9705,1299.48050450074,262,338,4038,0.999502475947506,5258.27862016892,NA,11.8747418043944,852.094,851.984,851.9115,851.8925,0.20150000000001,NA,FALSE,FALSE,FALSE,"inconclusive",869.42437502793,NA
"N.iota.m[57]","A_auxiliary",TRUE,696.783875,1062.9928354114,214,276,3303,0.999502738130389,5255.43423981496,NA,9.71454774107192,696.8285,696.7545,696.7435,696.809,0.0849999999999227,NA,FALSE,FALSE,FALSE,"inconclusive",868.954074043479,NA
"N.iota.m[58]","A_auxiliary",TRUE,603.078,920.119302241443,186,239,2859,0.9995089874716,5261.6727809696,NA,8.40837027557505,603.035,603.0325,603.0845,603.16,0.127499999999941,NA,FALSE,FALSE,FALSE,"inconclusive",869.985578864021,NA
"N.iota.m[59]","A_auxiliary",TRUE,691.3735,1054.59470164885,213,274,3277,0.999504793960472,5259.76301536549,NA,9.63581868723136,691.2735,691.347,691.427,691.4465,0.173000000000002,NA,FALSE,FALSE,FALSE,"inconclusive",869.669810741649,NA
"N.iota.m[60]","A_auxiliary",TRUE,620.255,946.150242699437,191,246,2940,0.999502564049864,5267.48882180832,NA,8.64403372041727,620.198,620.2835,620.2915,620.247,0.0935000000000628,NA,FALSE,FALSE,FALSE,"inconclusive",870.947225828095,NA
"N.iota.m[61]","A_auxiliary",TRUE,436.563375,666.227061365562,134,173,2070,0.999503619101996,5268.59121895952,NA,6.0868745755007,436.576,436.6045,436.5645,436.5085,0.0959999999999468,NA,FALSE,FALSE,FALSE,"inconclusive",871.129500489339,NA
"N.iota.m[62]","A_auxiliary",TRUE,821.800625,1253.46003551457,253,326,3895,0.999502866620839,5258.53158526915,NA,11.4537180864861,821.911,821.8395,821.743,821.709,0.201999999999998,NA,FALSE,FALSE,FALSE,"inconclusive",869.466201268048,NA
"N.iota.m[63]","A_auxiliary",TRUE,850.252125,1296.91803966486,262,337,4030,0.999503349057851,5261.97041911431,NA,11.8522594215068,850.343,850.232,850.179,850.2545,0.163999999999987,NA,FALSE,FALSE,FALSE,"inconclusive",870.034791520223,NA
"N.iota.m[64]","A_auxiliary",TRUE,592.943125,904.674987354201,182,235,2811,0.999504117153966,5256.1177319594,NA,8.26754541574069,592.954,592.8765,592.9205,593.0215,0.144999999999982,NA,FALSE,FALSE,FALSE,"inconclusive",869.067085310747,NA
"N.iota.m[65]","A_auxiliary",TRUE,678.6905,1035.29583194476,209,269,3217,0.999503988480324,5258.35659129343,NA,9.45991300866286,678.6095,678.652,678.7205,678.78,0.170499999999947,NA,FALSE,FALSE,FALSE,"inconclusive",869.437267078941,NA
"N.iota.m[66]","A_auxiliary",TRUE,1146.752375,1748.6325052056,353,455,5434,0.999503540172855,5273.0217579821,NA,15.9757969515411,1146.608,1146.7715,1146.858,1146.772,0.25,NA,FALSE,FALSE,FALSE,"inconclusive",871.862063158415,NA
"N.iota.m[67]","A_auxiliary",TRUE,761.461125,1161.42066915268,234,302,3609,0.999504705514146,5274.2465353856,NA,10.6108770277431,761.4575,761.53,761.4745,761.3825,0.147499999999923,NA,FALSE,FALSE,FALSE,"inconclusive",872.064572649735,NA
"N.iota.m[68]","A_auxiliary",TRUE,538.081375,821.00599212674,165,213,2551,0.999505570824511,5267.14178589224,NA,7.50176383561696,538.1135,538.1515,538.0855,537.975,0.176500000000033,NA,FALSE,FALSE,FALSE,"inconclusive",870.889845550966,NA
"N.iota.m[69]","A_auxiliary",TRUE,557.689,850.940355409861,172,221,2644,0.99950344143112,5258.46697471405,NA,7.77635882211248,557.745,557.677,557.699,557.635,0.110000000000014,NA,FALSE,FALSE,FALSE,"inconclusive",869.455518305895,NA
"N.iota.m[70]","A_auxiliary",TRUE,410.54,626.672911507479,126,163,1947,0.999504276832175,5249.94278824396,NA,5.72703291662098,410.537,410.526,410.525,410.572,0.0470000000000255,NA,FALSE,FALSE,FALSE,"inconclusive",868.046095939808,NA
"N.iota.m[71]","A_auxiliary",TRUE,645.106,984.143376006317,198,256,3058,0.999507318338655,5262.10059692903,NA,8.99296419140845,645.044,645.0505,645.129,645.2005,0.156500000000051,NA,FALSE,FALSE,FALSE,"inconclusive",870.0563156298,NA
"N.iota.m[72]","A_auxiliary",TRUE,1102.6115,1681.39187859312,339,438,5225,0.999506344332954,5273.59746287554,NA,15.3619884964077,1102.4575,1102.604,1102.7145,1102.67,0.257000000000062,NA,FALSE,FALSE,FALSE,"inconclusive",871.95725245958,NA
"N.iota.m[73]","A_auxiliary",TRUE,512.788375,782.376527618719,158,203,2431,0.999503450996951,5265.34112363956,NA,7.14777954635205,512.7725,512.82,512.8085,512.7525,0.0674999999999955,NA,FALSE,FALSE,FALSE,"inconclusive",870.592117003896,NA
"N.iota.m[74]","A_auxiliary",TRUE,1036.9405,1581.32941952377,319,412,4914,0.999504821369015,5268.90780546836,NA,14.4484240005293,1037.052,1036.996,1036.9095,1036.8045,0.247499999999945,NA,FALSE,FALSE,FALSE,"inconclusive",871.181846142256,NA
"N.iota.m[75]","A_auxiliary",TRUE,755.28225,1152.11322488081,232,300,3580,0.999504250742349,5259.11862583,NA,10.5283086032469,755.384,755.3,755.2225,755.2225,0.161500000000046,NA,FALSE,FALSE,FALSE,"inconclusive",869.563264852843,NA
"N.iota.m[76]","A_auxiliary",TRUE,274.60925,419.447952835132,84,109,1303,0.999506804376013,5246.93592478213,NA,3.83331493992611,274.631,274.6035,274.5595,274.643,0.0834999999999582,NA,FALSE,FALSE,FALSE,"inconclusive",867.548929362125,NA
"N.iota.m[77]","A_auxiliary",TRUE,741.98525,1131.8406799095,228,294,3517,0.999506765844838,5259.16629307051,NA,10.3430165241161,741.9335,741.9025,742.0165,742.0885,0.185999999999922,NA,FALSE,FALSE,FALSE,"inconclusive",869.571146341024,NA
"N.iota.m[78]","A_auxiliary",TRUE,691.798375,1055.23750620259,213,275,3279,0.999505309842299,5263.37855536927,NA,9.64147707178975,691.705,691.7645,691.8585,691.8655,0.160499999999956,NA,FALSE,FALSE,FALSE,"inconclusive",870.267618281957,NA
"N.iota.m[79]","A_auxiliary",TRUE,517.422625,789.460589115015,159,205,2453,0.999504500847516,5270.81175361661,NA,7.21246282780961,517.3825,517.4465,517.4615,517.4,0.0789999999999509,NA,FALSE,FALSE,FALSE,"inconclusive",871.496652383698,NA
"N.iota.m[80]","A_auxiliary",TRUE,349.166375,533.016596628007,107,138,1656,0.999501827190919,5266.01227854325,NA,4.86990691436644,349.186,349.2025,349.1525,349.1245,0.0779999999999745,NA,FALSE,FALSE,FALSE,"inconclusive",870.703088383474,NA
"N.iota.m[81]","A_auxiliary",TRUE,1233.430375,1880.91313314285,380,490,5845,0.999501983257243,5269.09949379413,NA,17.1876194410598,1233.593,1233.483,1233.3435,1233.302,0.291000000000167,NA,FALSE,FALSE,FALSE,"inconclusive",871.213540640564,NA
"N.iota.m[82]","A_auxiliary",TRUE,659.225,1005.71071480832,203,261,3125,0.999502451616865,5248.6092578877,NA,9.19099366843904,659.2935,659.1895,659.167,659.25,0.126499999999965,NA,FALSE,FALSE,FALSE,"inconclusive",867.825604809474,NA
"N.iota.m[83]","A_auxiliary",TRUE,872.8505,1331.34272130807,269,346,4137,0.999504641927017,5264.76554837171,NA,12.1664510477646,872.818,872.7875,872.829,872.9675,0.17999999999995,NA,FALSE,FALSE,FALSE,"inconclusive",870.496949135535,NA
"N.iota.m[84]","A_auxiliary",TRUE,606.05275,924.615593620907,186,241,2873,0.999504722636596,5265.44581436544,NA,8.44837832452616,605.968,606.03,606.093,606.12,0.152000000000044,NA,FALSE,FALSE,FALSE,"inconclusive",870.609426978413,NA
"N.iota.m[85]","A_auxiliary",TRUE,839.367125,1280.14879866074,258,333,3978,0.99950226419634,5274.35958549355,NA,11.6955549914526,839.2945,839.384,839.421,839.369,0.126500000000078,NA,FALSE,FALSE,FALSE,"inconclusive",872.083264797213,NA
"N.iota.m[86]","A_auxiliary",TRUE,623.81425,951.631778645113,192,248,2957,0.999502031731721,5267.38801810778,NA,8.69429917859956,623.816,623.8725,623.8505,623.718,0.154499999999985,NA,FALSE,FALSE,FALSE,"inconclusive",870.930558549567,NA
"N.iota.m[87]","A_auxiliary",TRUE,796.4735,1214.84653004369,245,316,3775,0.999502956538573,5263.59686021225,NA,11.1006101410299,796.5765,796.5205,796.4265,796.3705,0.206000000000017,NA,FALSE,FALSE,FALSE,"inconclusive",870.303713659433,NA
"N.iota.m[88]","A_auxiliary",TRUE,601.382,917.547385820838,185,238.5,2851,0.99950422453357,5249.3622797986,NA,8.38518557788404,601.447,601.391,601.329,601.361,0.118000000000052,NA,FALSE,FALSE,FALSE,"inconclusive",867.950112400562,NA
"N.iota.m[89]","A_auxiliary",TRUE,835.486,1274.39015369587,257,332,3960,0.999506455453795,5253.84187095316,NA,11.6463096793902,835.488,835.4135,835.4605,835.582,0.168499999999995,NA,FALSE,FALSE,FALSE,"inconclusive",868.690785541198,NA
"N.iota.m[90]","A_auxiliary",TRUE,471.383125,719.323494073688,145,187,2235,0.999505292929343,5254.83809045906,NA,6.57289882864152,471.33,471.354,471.399,471.4495,0.119500000000016,NA,FALSE,FALSE,FALSE,"inconclusive",868.855504374845,NA
"N.iota.m[91]","A_auxiliary",TRUE,1068.63875,1629.58101886208,329,424,5064,0.999505293876748,5269.9663890607,NA,14.8883217825218,1068.5215,1068.609,1068.731,1068.6935,0.209499999999935,NA,FALSE,FALSE,FALSE,"inconclusive",871.356876498132,NA
"N.iota.m[92]","A_auxiliary",TRUE,413.771625,631.473678466242,127,164,1962,0.999503658103168,5269.97371839996,NA,5.76917385933587,413.763,413.812,413.781,413.7305,0.0815000000000055,NA,FALSE,FALSE,FALSE,"inconclusive",871.358088359782,NA
"N.iota.m[93]","A_auxiliary",TRUE,379.336625,579.03513452941,117,150,1799,0.999503426414077,5267.42704198539,NA,5.29070870509574,379.378,379.362,379.322,379.2845,0.0935000000000059,NA,FALSE,FALSE,FALSE,"inconclusive",870.937010910283,NA
"N.iota.m[94]","A_auxiliary",TRUE,485.49725,740.894057705301,149,193,2302,0.999503684684848,5254.71039705251,NA,6.77061157517102,485.564,485.5025,485.454,485.4685,0.110000000000014,NA,FALSE,FALSE,FALSE,"inconclusive",868.834391047042,NA
"N.iota.m[95]","A_auxiliary",TRUE,421.10625,642.757198958536,129,167,1997,0.999504474102474,5252.95207078702,NA,5.87409116481505,421.1215,421.0805,421.0865,421.1365,0.05600000000004,NA,FALSE,FALSE,FALSE,"inconclusive",868.543662497853,NA
"N.iota.m[96]","A_auxiliary",TRUE,585.98125,894.054416442803,180,232,2778,0.999508663089934,5257.30836767936,NA,8.1698560381299,585.9305,585.9305,585.997,586.067,0.136499999999955,NA,FALSE,FALSE,FALSE,"inconclusive",869.263949682434,NA
"N.iota.m[97]","A_auxiliary",TRUE,354.853625,541.708442756779,109,141,1683,0.999504920514516,5261.57514977981,NA,4.9493750472905,354.805,354.8455,354.8815,354.8825,0.0774999999999864,NA,FALSE,FALSE,FALSE,"inconclusive",869.969436140841,NA
"N.iota.m[98]","A_auxiliary",TRUE,457.248875,697.76061218747,141,181,2168,0.99950522480441,5277.53856208575,NA,6.37469404007716,457.225,457.2785,457.268,457.224,0.0545000000000186,NA,FALSE,FALSE,FALSE,"inconclusive",872.608889233754,NA
"N.iota.m[99]","A_auxiliary",TRUE,359.93525,549.425009020803,111,143,1707,0.999504228261114,5273.16464951008,NA,5.01988117585132,359.965,359.9715,359.9255,359.879,0.0924999999999727,NA,FALSE,FALSE,FALSE,"inconclusive",871.885689403122,NA
"N.iota.m[100]","A_auxiliary",TRUE,466.5085,711.931013616331,143,185,2212,0.999504384838654,5258.00026871216,NA,6.50571809309517,466.5705,466.525,466.478,466.4605,0.109999999999957,NA,FALSE,FALSE,FALSE,"inconclusive",869.378351308227,NA
"N.iota.m[101]","A_auxiliary",TRUE,405.913875,619.586135924592,125,161,1925,0.999503695768269,5240.2853827812,NA,5.6623237180387,405.94,405.899,405.8855,405.931,0.0545000000000186,NA,FALSE,FALSE,FALSE,"inconclusive",866.449302708531,NA
"N.iota.m[102]","A_auxiliary",TRUE,584.520125,891.795574957308,180,232,2771,0.999503635231462,5251.14389416714,NA,8.14950428087943,584.4865,584.481,584.52,584.593,0.111999999999966,NA,FALSE,FALSE,FALSE,"inconclusive",868.244691495889,NA
"N.iota.m[103]","A_auxiliary",TRUE,889.801125,1357.05869525293,274,353,4217,0.9995046809663,5263.73827965958,NA,12.399368625484,889.672,889.7655,889.8765,889.8905,0.218499999999949,NA,FALSE,FALSE,FALSE,"inconclusive",870.32709650456,NA
"N.iota.m[104]","A_auxiliary",TRUE,649.181625,990.22972877603,200,258,3077,0.999502794584839,5266.7639583083,NA,9.04674630242156,649.13,649.198,649.2375,649.161,0.107499999999959,NA,FALSE,FALSE,FALSE,"inconclusive",870.827374058911,NA
"N.iota.m[105]","A_auxiliary",TRUE,585.403125,893.067085087981,180,232,2775,0.999505304417781,5267.79025851126,NA,8.15937003038918,585.4325,585.449,585.402,585.329,0.120000000000005,NA,FALSE,FALSE,FALSE,"inconclusive",870.997066552788,NA
"N.iota.m[106]","A_auxiliary",TRUE,738.41825,1126.36189608715,227,293,3500,0.999503460543117,5260.04751319202,NA,10.2923995850006,738.5365,738.433,738.3565,738.347,0.189500000000066,NA,FALSE,FALSE,FALSE,"inconclusive",869.716850726193,NA
"N.iota.m[107]","A_auxiliary",TRUE,440.5335,672.35762468696,135,175,2089,0.999505299591477,5254.33133621773,NA,6.14455875796367,440.577,440.529,440.498,440.53,0.0790000000000077,NA,FALSE,FALSE,FALSE,"inconclusive",868.771715644466,NA
"N.iota.m[108]","A_auxiliary",TRUE,288.994375,441.315587504375,89,114,1371,0.999505005202892,5241.24428326757,NA,4.033038800752,288.9815,288.983,288.983,289.03,0.04849999999999,NA,FALSE,FALSE,FALSE,"inconclusive",866.607851069372,NA
"N.iota.m[109]","A_auxiliary",TRUE,251.207,383.720218781582,77,99.5,1192,0.999507278907416,5251.17416701265,NA,3.50622632060373,251.174,251.188,251.226,251.24,0.0660000000000025,NA,FALSE,FALSE,FALSE,"inconclusive",868.249696926695,NA
"N.iota.m[110]","A_auxiliary",TRUE,986.084875,1503.77564710327,304,391,4673,0.999506026512835,5276.87096302333,NA,13.7387978476161,985.9815,986.09,986.1545,986.1135,0.173000000000002,NA,FALSE,FALSE,FALSE,"inconclusive",872.498505790894,NA
"N.iota.m[111]","A_auxiliary",TRUE,576.744875,879.876048525483,177,229,2734,0.99950476600684,5273.77719275802,NA,8.03869628008477,576.753,576.7915,576.7465,576.6885,0.103000000000065,NA,FALSE,FALSE,FALSE,"inconclusive",871.986969702053,NA
"N.iota.m[112]","A_auxiliary",TRUE,515.93725,787.211223085108,159,205,2446,0.999504093120483,5268.9165271674,NA,7.19295012073271,515.997,515.9785,515.905,515.8685,0.128499999999917,NA,FALSE,FALSE,FALSE,"inconclusive",871.183288222123,NA
"N.iota.m[113]","A_auxiliary",TRUE,555.595,847.715463415266,171,220,2634,0.999504395860507,5248.08925604336,NA,7.74691774472385,555.678,555.576,555.542,555.584,0.135999999999967,NA,FALSE,FALSE,FALSE,"inconclusive",867.739625668545,NA
"N.iota.m[114]","A_auxiliary",TRUE,788.617375,1202.95936148164,243,313,3738,0.999503637230419,5259.13944523594,NA,10.9936546936532,788.6165,788.5615,788.618,788.6735,0.111999999999966,NA,FALSE,FALSE,FALSE,"inconclusive",869.566707214937,NA
"N.iota.m[115]","A_auxiliary",TRUE,738.827375,1127.01060451463,227,293,3502,0.999505278942009,5260.69687229004,NA,10.2983842010383,738.7515,738.7595,738.8645,738.934,0.182500000000005,NA,FALSE,FALSE,FALSE,"inconclusive",869.824218301924,NA
"N.iota.m[116]","A_auxiliary",TRUE,978.479125,1492.19489243662,301,388,4637,0.999506667609187,5272.49139215808,NA,13.6333049710752,978.335,978.494,978.562,978.5255,0.226999999999975,NA,FALSE,FALSE,FALSE,"inconclusive",871.774370396508,NA
"N.iota.m[117]","A_auxiliary",TRUE,415.259375,633.721098870399,128,165,1969,0.99950233219611,5275.65194157767,NA,5.78966033139584,415.2505,415.2825,415.2705,415.234,0.0485000000000468,NA,FALSE,FALSE,FALSE,"inconclusive",872.29694801218,NA
"N.iota.m[118]","A_auxiliary",TRUE,646.825625,986.704558215877,199,257,3066,0.999502485956654,5263.71876438541,NA,9.01539005320184,646.8875,646.876,646.805,646.734,0.153500000000008,NA,FALSE,FALSE,FALSE,"inconclusive",870.32386977272,NA
"N.iota.m[119]","A_auxiliary",TRUE,713.27575,1088.0804728288,219,283,3381,0.99950407255353,5258.24453741318,NA,9.94320467961882,713.372,713.293,713.2175,713.2205,0.154499999999985,NA,FALSE,FALSE,FALSE,"inconclusive",869.41873965165,NA
"N.iota.m[120]","A_auxiliary",TRUE,437.5825,667.850885897802,135,173,2075,0.999509273124966,5254.82363493179,NA,6.1034308552478,437.616,437.544,437.55,437.62,0.0760000000000218,NA,FALSE,FALSE,FALSE,"inconclusive",868.853114241367,NA
"N.iota.m[121]","A_auxiliary",TRUE,853.018125,1301.0924821097,263,338,4043,0.999504632821008,5261.75449992649,NA,11.8895779295125,852.9495,852.947,853.036,853.14,0.192999999999984,NA,FALSE,FALSE,FALSE,"inconclusive",869.999090596311,NA
"N.iota.m[122]","A_auxiliary",TRUE,472.02375,720.285900811814,145,187,2238,0.999504288519935,5263.67343940729,NA,6.58106834971687,471.96,472.0095,472.0525,472.073,0.113,NA,FALSE,FALSE,FALSE,"inconclusive",870.316375563375,NA
"N.iota.m[123]","A_auxiliary",TRUE,639.46125,975.431720510773,197,254,3031,0.999504523271052,5267.94210108428,NA,8.91146568307233,639.4425,639.4555,639.4965,639.4505,0.0539999999999736,NA,FALSE,FALSE,FALSE,"inconclusive",871.022172798327,NA
"N.iota.m[124]","A_auxiliary",TRUE,638.18525,973.506336140537,196,253,3025,0.999502485050786,5270.03201938091,NA,8.89446791389627,638.253,638.218,638.1395,638.1305,0.122500000000059,NA,FALSE,FALSE,FALSE,"inconclusive",871.36772807224,NA
"N.iota.m[125]","A_auxiliary",TRUE,1090.94475,1663.71692955868,336,433,5170,0.999502071783233,5257.61963223331,NA,15.2029017801464,1091.0865,1090.987,1090.8865,1090.819,0.267499999999927,NA,FALSE,FALSE,FALSE,"inconclusive",869.315415382491,NA
"N.iota.m[126]","A_auxiliary",TRUE,973.960375,1485.47216348823,300,387,4616,0.999503370906768,5250.52584855659,NA,13.5755322491058,974.0425,973.9195,973.8975,973.982,0.144999999999982,NA,FALSE,FALSE,FALSE,"inconclusive",868.14250141478,NA
"N.iota.m[127]","A_auxiliary",TRUE,1053.124875,1606.13426382741,324,418,4991,0.999504256441032,5258.18715477143,NA,14.6776675696616,1053.073,1053.041,1053.13,1053.2555,0.214500000000044,NA,FALSE,FALSE,FALSE,"inconclusive",869.40925178099,NA
"N.iota.m[128]","A_auxiliary",TRUE,577.791375,881.488218035513,178,229,2739,0.99950435754558,5258.17641029089,NA,8.05429401861985,577.7025,577.7565,577.8655,577.841,0.163000000000011,NA,FALSE,FALSE,FALSE,"inconclusive",869.407475246509,NA
"N.iota.m[129]","A_auxiliary",TRUE,621.7045,948.413983087104,191,247,2947,0.999502912623742,5271.73959335645,NA,8.66478699695747,621.647,621.709,621.757,621.705,0.1099999999999,NA,FALSE,FALSE,FALSE,"inconclusive",871.650065039096,NA
"N.iota.m[130]","A_auxiliary",TRUE,298.086125,455.146405004731,91,118,1414,0.999506810490174,5275.04201984362,NA,4.15833384435029,298.0955,298.1055,298.0905,298.053,0.0525000000000091,NA,FALSE,FALSE,FALSE,"inconclusive",872.19610116462,NA
"N.iota.m[131]","A_auxiliary",TRUE,305.6605,466.739373949896,94,121,1450,0.999503894147593,5249.79828824167,NA,4.26484809900593,305.689,305.6885,305.658,305.6065,0.0825000000000387,NA,FALSE,FALSE,FALSE,"inconclusive",868.022203743662,NA
"N.iota.m[132]","A_auxiliary",TRUE,514.824125,785.625840930801,158,204,2441,0.99950524749248,5253.06317295162,NA,7.17959541562227,514.8815,514.82,514.779,514.816,0.102499999999964,NA,FALSE,FALSE,FALSE,"inconclusive",868.562032564752,NA
"N.iota.m[133]","A_auxiliary",TRUE,359.684125,549.11959229189,110,143,1706,0.999505614761018,5255.8576910431,NA,5.01826195028375,359.6725,359.667,359.6735,359.7235,0.0565000000000282,NA,FALSE,FALSE,FALSE,"inconclusive",869.024089127498,NA
"N.iota.m[134]","A_auxiliary",TRUE,531.964875,811.672225480477,164,211,2522,0.999505073523,5268.00549429698,NA,7.41669647510562,531.9005,531.9285,531.9945,532.036,0.135499999999979,NA,FALSE,FALSE,FALSE,"inconclusive",871.032654480321,NA
"N.iota.m[135]","A_auxiliary",TRUE,739.72725,1128.27510926979,228,293.5,3506,0.999504302117177,5278.54119445223,NA,10.3082346841475,739.649,739.7275,739.7605,739.772,0.123000000000047,NA,FALSE,FALSE,FALSE,"inconclusive",872.77466839488,NA
"N.iota.m[136]","A_auxiliary",TRUE,244.254625,373.095710364306,75,97,1159,0.999506619261105,5261.57636940837,NA,3.40862318113303,244.2525,244.2715,244.265,244.2295,0.0420000000000016,NA,FALSE,FALSE,FALSE,"inconclusive",869.969637799003,NA
"N.iota.m[137]","A_auxiliary",TRUE,223.548,341.569570391488,69,89,1061,0.999502436597058,5261.02941745546,NA,3.12095618152795,223.571,223.5685,223.5355,223.517,0.054000000000002,NA,FALSE,FALSE,FALSE,"inconclusive",869.879202621603,NA
"N.iota.m[138]","A_auxiliary",TRUE,628.18725,958.414039635989,193,249,2978,0.999503532283559,5253.94751428872,NA,8.7584219153298,628.2685,628.1895,628.142,628.149,0.126499999999965,NA,FALSE,FALSE,FALSE,"inconclusive",868.708253023928,NA
"N.iota.m[139]","A_auxiliary",TRUE,532.362625,812.32491088739,164,211,2524,0.999506539844458,5244.23699407598,NA,7.42371861693585,532.375,532.3365,532.3335,532.4055,0.0720000000000027,NA,FALSE,FALSE,FALSE,"inconclusive",867.102677591927,NA
"N.iota.m[140]","A_auxiliary",TRUE,498.595625,760.839487964884,153,198,2364,0.999505610744429,5258.33741813361,NA,6.95252733975211,498.5445,498.5565,498.6135,498.668,0.123499999999979,NA,FALSE,FALSE,FALSE,"inconclusive",869.434096913627,NA
"N.iota.m[141]","A_auxiliary",TRUE,650.614125,992.500542010537,200,258,3084,0.999504221670587,5267.58682106308,NA,9.06806478232472,650.5275,650.598,650.664,650.667,0.139499999999998,NA,FALSE,FALSE,FALSE,"inconclusive",870.963429408577,NA
"N.iota.m[142]","A_auxiliary",TRUE,362.898,553.926994273958,111,144,1721,0.999503195090415,5274.33725438211,NA,5.06067021223538,362.8845,362.919,362.9105,362.878,0.0409999999999968,NA,FALSE,FALSE,FALSE,"inconclusive",872.079572483815,NA
"N.iota.m[143]","A_auxiliary",TRUE,781.92975,1192.63547406014,241,310,3706,0.999502959730929,5274.08518472824,NA,10.8967094776997,781.989,782.023,781.8795,781.8275,0.195500000000038,NA,FALSE,FALSE,FALSE,"inconclusive",872.037894300304,NA
"N.iota.s[1]","A_auxiliary",TRUE,1119.84625,999.76651811674,624,736,3568,0.999504271020705,5257.47636648169,NA,9.16445155076751,1119.8425,1119.7565,1119.8165,1119.9695,0.212999999999965,NA,FALSE,FALSE,FALSE,"inconclusive",869.291727262184,NA
"N.iota.s[2]","A_auxiliary",TRUE,264.26675,236.340748630275,147,174,843,0.999506577264466,5253.50557801186,NA,2.165962127678,264.236,264.243,264.277,264.311,0.0749999999999886,NA,FALSE,FALSE,FALSE,"inconclusive",868.63518154958,NA
"N.iota.s[3]","A_auxiliary",TRUE,757.281125,676.154916441215,422,498,2413,0.999505682033516,5269.42142251455,NA,6.19492443104995,757.1685,757.274,757.3645,757.3175,0.196000000000026,NA,FALSE,FALSE,FALSE,"inconclusive",871.26676959566,NA
"N.iota.s[4]","A_auxiliary",TRUE,827.014625,738.33640502956,461,543.5,2635,0.999506196739548,5271.39249374168,NA,6.76420204345848,826.984,827.1145,827.0265,826.9335,0.18100000000004,NA,FALSE,FALSE,FALSE,"inconclusive",871.592674229775,NA
"N.iota.s[5]","A_auxiliary",TRUE,1233.289625,1100.86312884295,687,811,3929,0.999502899765924,5270.46813166176,NA,10.0875387447371,1233.4145,1233.405,1233.247,1233.092,0.322499999999991,NA,FALSE,FALSE,FALSE,"inconclusive",871.439836584286,NA
"N.iota.s[6]","A_auxiliary",TRUE,1720.8475,1535.96470318816,959,1131,5482,0.99950482464345,5259.58604998804,NA,14.0786053204734,1721.1065,1720.866,1720.6805,1720.737,0.426000000000158,NA,FALSE,FALSE,FALSE,"inconclusive",869.640550593261,NA
"N.iota.s[7]","A_auxiliary",TRUE,668.66275,597.183309378752,373,439,2131,0.999503767871814,5258.11301058707,NA,5.47428421508467,668.6935,668.604,668.639,668.7145,0.110500000000002,NA,FALSE,FALSE,FALSE,"inconclusive",869.396992491248,NA
"N.iota.s[8]","A_auxiliary",TRUE,1221.631625,1090.51336287051,681,803,3892,0.999506343524188,5260.2797027908,NA,9.99482165323962,1221.507,1221.502,1221.685,1221.8325,0.330500000000029,NA,FALSE,FALSE,FALSE,"inconclusive",869.755241863558,NA
"N.iota.s[9]","A_auxiliary",TRUE,697.299125,622.650118281096,389,458,2222,0.999505951013787,5273.93946733538,NA,5.70506831452334,697.2105,697.2635,697.34,697.3825,0.172000000000025,NA,FALSE,FALSE,FALSE,"inconclusive",872.013800816036,NA
"N.iota.s[10]","A_auxiliary",TRUE,1027.05075,916.783686572484,572,675,3272,0.999501945576158,5278.13384125025,NA,8.39895521688656,1026.9985,1027.1195,1027.087,1026.998,0.121499999999969,NA,FALSE,FALSE,FALSE,"inconclusive",872.707315021535,NA
"N.iota.s[11]","A_auxiliary",TRUE,1844.0795,1645.72231540506,1028,1212,5874,0.999502252455474,5279.72857396867,NA,15.0791225653452,1844.2405,1844.2575,1844.0245,1843.7955,0.461999999999989,NA,FALSE,FALSE,FALSE,"inconclusive",872.970994373127,NA
"N.iota.s[12]","A_auxiliary",TRUE,294.10325,262.951215546075,164,193,938,0.999507193217442,5246.18787895134,NA,2.41000366114946,294.149,294.1125,294.08,294.0715,0.0774999999999864,NA,FALSE,FALSE,FALSE,"inconclusive",867.425244535604,NA
"N.iota.s[13]","A_auxiliary",TRUE,628.16325,561.041890904639,350,413,2002,0.999504028029154,5251.12173193042,NA,5.14299397867255,628.22,628.134,628.1095,628.1895,0.110500000000002,NA,FALSE,FALSE,FALSE,"inconclusive",868.241027104897,NA
"N.iota.s[14]","A_auxiliary",TRUE,1327.732125,1185.21564678508,740,873,4230,0.999503793590668,5258.17342760354,NA,10.8635833666771,1327.639,1327.625,1327.7315,1327.933,0.307999999999993,NA,FALSE,FALSE,FALSE,"inconclusive",869.406982077305,NA
"N.iota.s[15]","A_auxiliary",TRUE,1326.247,1183.78105046414,739,872,4225,0.999504531839353,5269.24268292757,NA,10.8473193134037,1326.0485,1326.173,1326.357,1326.4095,0.360999999999876,NA,FALSE,FALSE,FALSE,"inconclusive",871.237216092522,NA
"N.iota.s[16]","A_auxiliary",TRUE,1323.479375,1181.23602622139,738,870,4216,0.999502214813175,5279.92551866665,NA,10.8218072942676,1323.3515,1323.528,1323.5725,1323.4655,0.221000000000004,NA,FALSE,FALSE,FALSE,"inconclusive",873.003557980596,NA
"N.iota.s[17]","A_auxiliary",TRUE,1973.7955,1761.40873799141,1100,1297,6287,0.999502420881291,5275.11274656737,NA,16.138022728075,1973.8875,1973.9665,1973.81,1973.518,0.448499999999967,NA,FALSE,FALSE,FALSE,"inconclusive",872.207795398044,NA
"N.iota.s[18]","A_auxiliary",TRUE,1445.522875,1290.25476840726,806,950,4605,0.999502182370782,5269.71019334311,NA,11.8245609812367,1445.737,1445.621,1445.4065,1445.327,0.410000000000082,NA,FALSE,FALSE,FALSE,"inconclusive",871.314516095091,NA
"N.iota.s[19]","A_auxiliary",TRUE,1466.491375,1309.05336532348,818,964,4672,0.999503635859412,5259.90891198039,NA,11.9996992271488,1466.6635,1466.459,1466.367,1466.476,0.296500000000151,NA,FALSE,FALSE,FALSE,"inconclusive",869.693933859192,NA
"N.iota.s[20]","A_auxiliary",TRUE,689.08025,615.389416610898,384,453,2196,0.999504562788915,5254.11349907616,NA,5.64093141273401,689.0655,689.023,689.0605,689.172,0.149000000000001,NA,FALSE,FALSE,FALSE,"inconclusive",868.735697598571,NA
"N.iota.s[21]","A_auxiliary",TRUE,612.171625,546.744111820448,341,402,1951,0.999506680060041,5263.07762318966,NA,5.01036014184128,612.0905,612.111,612.226,612.259,0.168499999999995,NA,FALSE,FALSE,FALSE,"inconclusive",870.217860977126,NA
"N.iota.s[22]","A_auxiliary",TRUE,1358.33275,1212.33234830337,757,893,4327,0.999504986043458,5273.86634130085,NA,11.1070567904479,1358.155,1358.338,1358.46,1358.378,0.305000000000064,NA,FALSE,FALSE,FALSE,"inconclusive",872.001709871172,NA
"N.iota.s[23]","A_auxiliary",TRUE,985.5915,879.808682210172,549,648,3140,0.999503007293876,5275.57080643804,NA,8.06040477225477,985.6015,985.6695,985.6095,985.4855,0.183999999999969,NA,FALSE,FALSE,FALSE,"inconclusive",872.283532810522,NA
"N.iota.s[24]","A_auxiliary",TRUE,1029.182125,918.771094177406,574,677,3279,0.999503401778726,5270.82016521522,NA,8.41934657935695,1029.3115,1029.258,1029.134,1029.025,0.286499999999933,NA,FALSE,FALSE,FALSE,"inconclusive",871.498043190348,NA
"N.iota.s[25]","A_auxiliary",TRUE,1691.948375,1510.1951970363,943,1112,5390,0.999504749112952,5256.77822766532,NA,13.8428451916543,1692.188,1691.937,1691.8045,1691.864,0.38350000000014,NA,FALSE,FALSE,FALSE,"inconclusive",869.176294256832,NA
"N.iota.s[26]","A_auxiliary",TRUE,1273.07475,1136.47997892847,710,836,4056,0.999504665676058,5259.47053684874,NA,10.4178907151512,1273.112,1272.9685,1273.0105,1273.208,0.239500000000135,NA,FALSE,FALSE,FALSE,"inconclusive",869.621451198536,NA
"N.iota.s[27]","A_auxiliary",TRUE,1042.664625,930.826070915178,581,685,3322,0.999506905892597,5260.38783514526,NA,8.53089874066098,1042.538,1042.568,1042.7215,1042.831,0.292999999999893,NA,FALSE,FALSE,FALSE,"inconclusive",869.77312089042,NA
"N.iota.s[28]","A_auxiliary",TRUE,1345.122375,1200.57569905047,750,884,4285,0.999504598250505,5278.8900546982,NA,11.000003360599,1344.919,1345.1105,1345.236,1345.224,0.317000000000007,NA,FALSE,FALSE,FALSE,"inconclusive",872.832350313855,NA
"N.iota.s[29]","A_auxiliary",TRUE,700.1415,625.164934539012,390,460,2231,0.999503419948913,5272.99868537515,NA,5.72735902732204,700.113,700.1925,700.175,700.0855,0.106999999999971,NA,FALSE,FALSE,FALSE,"inconclusive",871.858248243246,NA
"N.iota.s[30]","A_auxiliary",TRUE,619.4245,553.175751661516,345,407,1974,0.999503513362996,5266.51292590337,NA,5.06869717958693,619.489,619.481,619.4045,619.3235,0.165500000000065,NA,FALSE,FALSE,FALSE,"inconclusive",870.785867378203,NA
"N.iota.s[31]","A_auxiliary",TRUE,1114.53275,994.994063211258,621,732,3551,0.999504294663226,5259.74197998297,NA,9.11970942602673,1114.715,1114.5605,1114.428,1114.4275,0.287499999999909,NA,FALSE,FALSE,FALSE,"inconclusive",869.666332669143,NA
"N.iota.s[32]","A_auxiliary",TRUE,1208.707625,1079.04843257002,674,794,3851,0.999504516190414,5260.70960247639,NA,9.89152849688796,1208.787,1208.6275,1208.6425,1208.7735,0.15949999999998,NA,FALSE,FALSE,FALSE,"inconclusive",869.826323160778,NA
"N.iota.s[33]","A_auxiliary",TRUE,1295.099625,1156.07114801049,722,851,4126,0.999505927703737,5258.40762834044,NA,10.5960631002299,1294.994,1294.966,1295.124,1295.3145,0.348500000000058,NA,FALSE,FALSE,FALSE,"inconclusive",869.44570574412,NA
"N.iota.s[34]","A_auxiliary",TRUE,1542.613,1376.79338291312,860,1014,4914,0.999504462554504,5275.01610131142,NA,12.6154246227926,1542.374,1542.542,1542.753,1542.783,0.408999999999878,NA,FALSE,FALSE,FALSE,"inconclusive",872.191815693026,NA
"N.iota.s[35]","A_auxiliary",TRUE,1422.089125,1269.19641747249,793,935,4530,0.999502596428598,5280.45888619391,NA,11.6275335737154,1421.9855,1422.1375,1422.2035,1422.03,0.218000000000075,NA,FALSE,FALSE,FALSE,"inconclusive",873.091747055871,NA
"N.iota.s[36]","A_auxiliary",TRUE,1667.925125,1488.56119913633,930,1097,5313,0.999501656682276,5279.55463520006,NA,13.6386095441435,1668.047,1668.084,1667.896,1667.6735,0.410499999999956,NA,FALSE,FALSE,FALSE,"inconclusive",872.942234656094,NA
"N.iota.s[37]","A_auxiliary",TRUE,1222.581125,1091.35212459188,682,803,3895,0.999502814536258,5265.0401499852,NA,10.0022307266359,1222.7715,1222.6435,1222.478,1222.4315,0.340000000000146,NA,FALSE,FALSE,FALSE,"inconclusive",870.542352841468,NA
"N.iota.s[38]","A_auxiliary",TRUE,1063.96225,949.897287043134,593,699,3390,0.999503331906959,5252.95084003551,NA,8.7075623110531,1064.0695,1063.922,1063.877,1063.9805,0.192500000000109,NA,FALSE,FALSE,FALSE,"inconclusive",868.54345900058,NA
"N.iota.s[39]","A_auxiliary",TRUE,1566.98275,1398.69451024664,874,1030,4992,0.999504344422663,5263.67463788735,NA,12.8206759111634,1566.91,1566.8385,1566.992,1567.1905,0.351999999999862,NA,FALSE,FALSE,FALSE,"inconclusive",870.31657372476,NA
"N.iota.s[40]","A_auxiliary",TRUE,1540.70125,1375.12415577792,859,1013,4908,0.999504729035614,5272.94887719729,NA,12.6011806623033,1540.465,1540.611,1540.8215,1540.9075,0.442500000000109,NA,FALSE,FALSE,FALSE,"inconclusive",871.850012764103,NA
"N.iota.s[41]","A_auxiliary",TRUE,1276.36675,1139.21929312103,711,839,4066,0.999503011786309,5277.18470146684,NA,10.4369841493338,1276.2155,1276.389,1276.4815,1276.381,0.266000000000076,NA,FALSE,FALSE,FALSE,"inconclusive",872.550380533538,NA
"N.iota.s[42]","A_auxiliary",TRUE,678.173375,605.550399823962,378,446,2161,0.999502881220455,5268.85589564931,NA,5.54789256112351,678.195,678.219,678.192,678.0875,0.131500000000074,NA,FALSE,FALSE,FALSE,"inconclusive",871.173263169529,NA
"N.iota.s[43]","A_auxiliary",TRUE,624.12625,557.380679799466,348,410,1989,0.999502468306739,5257.83231002274,NA,5.10789479785587,624.208,624.1835,624.0855,624.028,0.17999999999995,NA,FALSE,FALSE,FALSE,"inconclusive",869.350580360902,NA
"N.iota.s[44]","A_auxiliary",TRUE,1187.373375,1059.99122007659,662,781,3783,0.999503945155319,5253.63207575351,NA,9.71642348780882,1187.5205,1187.366,1187.2765,1187.3305,0.244000000000142,NA,FALSE,FALSE,FALSE,"inconclusive",868.656097181466,NA
"N.iota.s[45]","A_auxiliary",TRUE,875.27075,781.520068614129,488,575,2789,0.999505232924574,5251.52110955138,NA,7.16386671421676,875.271,875.196,875.252,875.364,0.168000000000006,NA,FALSE,FALSE,FALSE,"inconclusive",868.307061764448,NA
"N.iota.s[46]","A_auxiliary",TRUE,1184.90575,1057.73257401938,661,779,3775,0.999505512895159,5266.42142877797,NA,9.6935276399886,1184.7415,1184.831,1184.9695,1185.081,0.339499999999816,NA,FALSE,FALSE,FALSE,"inconclusive",870.770738885246,NA
"N.iota.s[47]","A_auxiliary",TRUE,1194.72675,1066.38125004886,666,786,3806,0.999504981764484,5271.36035109045,NA,9.77013567575525,1194.5725,1194.7215,1194.8235,1194.7895,0.250999999999976,NA,FALSE,FALSE,FALSE,"inconclusive",871.587359637972,NA
"N.iota.s[48]","A_auxiliary",TRUE,1132.555,1010.91167988507,631,744,3608,0.999503953461685,5275.65371884901,NA,9.26136899563698,1132.5375,1132.634,1132.5965,1132.452,0.182000000000016,NA,FALSE,FALSE,FALSE,"inconclusive",872.297241873183,NA
"N.iota.s[49]","A_auxiliary",TRUE,327.07275,292.367463646628,182,215,1043,0.99950347175544,5260.82772657674,NA,2.67906637078251,327.107,327.102,327.071,327.011,0.0960000000000036,NA,FALSE,FALSE,FALSE,"inconclusive",869.845854262027,NA
"N.iota.s[50]","A_auxiliary",TRUE,916.415,818.214022458868,511,602,2920,0.999504249420501,5252.55832405575,NA,7.49968466888439,916.564,916.4075,916.3285,916.36,0.235500000000002,NA,FALSE,FALSE,FALSE,"inconclusive",868.478558871652,NA
"N.iota.s[51]","A_auxiliary",TRUE,1430.6865,1277.11957036816,798,940,4558,0.999504437346012,5256.10835949089,NA,11.70720616362,1430.7465,1430.5835,1430.6055,1430.8105,0.227000000000089,NA,FALSE,FALSE,FALSE,"inconclusive",869.065535630107,NA
"N.iota.s[52]","A_auxiliary",TRUE,576.06275,514.527839066641,321,379,1836,0.999504723989116,5254.84627254055,NA,4.71577105832855,575.999,576.0165,576.0805,576.155,0.155999999999949,NA,FALSE,FALSE,FALSE,"inconclusive",868.856857232234,NA
"N.iota.s[53]","A_auxiliary",TRUE,494.453875,441.677559431993,275,325,1576,0.99950510052331,5271.528370156,NA,4.0468747780034,494.377,494.437,494.5025,494.499,0.125499999999988,NA,FALSE,FALSE,FALSE,"inconclusive",871.615140568122,NA
"N.iota.s[54]","A_auxiliary",TRUE,958.904375,855.995617274387,534,630,3055,0.999501770288026,5278.31178164395,NA,7.84204403850816,958.843,958.972,958.966,958.8365,0.135499999999979,NA,FALSE,FALSE,FALSE,"inconclusive",872.736736382929,NA
"N.iota.s[55]","A_auxiliary",TRUE,1039.893625,928.28244427352,580,684,3313,0.999502631407669,5276.18811319935,NA,8.50554584757801,1039.999,1040.002,1039.841,1039.7325,0.26949999999988,NA,FALSE,FALSE,FALSE,"inconclusive",872.385600727405,NA
"N.iota.s[56]","A_auxiliary",TRUE,1267.4655,1131.41992776394,707,833,4038,0.999502385404532,5263.57893102986,NA,10.3698912250235,1267.655,1267.5275,1267.3485,1267.331,0.324000000000069,NA,FALSE,FALSE,FALSE,"inconclusive",870.300749178217,NA
"N.iota.s[57]","A_auxiliary",TRUE,1036.65375,925.520394351739,578,681,3303,0.999502980103723,5251.84853846005,NA,8.48408251819419,1036.732,1036.605,1036.586,1036.692,0.145999999999958,NA,FALSE,FALSE,FALSE,"inconclusive",868.361200142204,NA
"N.iota.s[58]","A_auxiliary",TRUE,897.262375,801.125960373837,500,590,2859,0.999504592166623,5257.11103428731,NA,7.3430181436137,897.2025,897.1785,897.2725,897.396,0.217499999999973,NA,FALSE,FALSE,FALSE,"inconclusive",869.231321806765,NA
"N.iota.s[59]","A_auxiliary",TRUE,1028.57375,918.203425038362,573,676,3277,0.99950578543964,5267.26175654815,NA,8.41372046958192,1028.427,1028.5155,1028.6515,1028.701,0.274000000000115,NA,FALSE,FALSE,FALSE,"inconclusive",870.909681968939,NA
"N.iota.s[60]","A_auxiliary",TRUE,922.793,823.779316592926,514,607,2940,0.999503197245718,5274.01714631717,NA,7.54698956991161,922.715,922.8045,922.8685,922.784,0.153500000000008,NA,FALSE,FALSE,FALSE,"inconclusive",872.026644563024,NA
"N.iota.s[61]","A_auxiliary",TRUE,649.57625,580.066103363642,362,427,2070,0.999503050239823,5269.23143834179,NA,5.31456990579604,649.5925,649.652,649.5915,649.469,0.182999999999993,NA,FALSE,FALSE,FALSE,"inconclusive",871.235356868682,NA
"N.iota.s[62]","A_auxiliary",TRUE,1222.589,1091.3488536527,682,804,3895,0.999505079004798,5265.21445434708,NA,10.001753982517,1222.7735,1222.665,1222.4915,1222.426,0.347500000000082,NA,FALSE,FALSE,FALSE,"inconclusive",870.571173007123,NA
"N.iota.s[63]","A_auxiliary",TRUE,1264.912375,1129.19487936374,705,831,4030,0.99950253812028,5255.64338454614,NA,10.3509716844257,1265.0555,1264.8835,1264.805,1264.9055,0.250499999999874,NA,FALSE,FALSE,FALSE,"inconclusive",868.988654852205,NA
"N.iota.s[64]","A_auxiliary",TRUE,882.175375,787.685754901454,492,580,2811,0.999502856792065,5261.16216728296,NA,7.22026266726408,882.15,882.1005,882.1655,882.2855,0.184999999999945,NA,FALSE,FALSE,FALSE,"inconclusive",869.901151997845,NA
"N.iota.s[65]","A_auxiliary",TRUE,1009.7055,901.405195201082,563,664,3217,0.999504826399268,5273.43999636995,NA,8.26049062876222,1009.557,1009.627,1009.7865,1009.8515,0.294499999999971,NA,FALSE,FALSE,FALSE,"inconclusive",871.93121633101,NA
"N.iota.s[66]","A_auxiliary",TRUE,1705.94925,1522.44638224069,951,1122,5434,0.999504117852798,5282.90123581415,NA,13.9481794699256,1705.747,1705.9635,1706.087,1705.9995,0.339999999999918,NA,FALSE,FALSE,FALSE,"inconclusive",873.495574704721,NA
"N.iota.s[67]","A_auxiliary",TRUE,1132.86125,1011.19553329179,631,745,3609,0.999504979630279,5277.06730105344,NA,9.26414622603161,1132.8685,1132.9645,1132.884,1132.728,0.236499999999978,NA,FALSE,FALSE,FALSE,"inconclusive",872.530969089525,NA
"N.iota.s[68]","A_auxiliary",TRUE,800.585,714.826881985352,446,526,2551,0.999502642072887,5265.12786055699,NA,6.55046316905484,800.701,800.641,800.5315,800.4665,0.234500000000025,NA,FALSE,FALSE,FALSE,"inconclusive",870.556855250824,NA
"N.iota.s[69]","A_auxiliary",TRUE,829.733625,740.902600381626,462,545,2644,0.999503932117178,5257.94958289406,NA,6.7912966245305,829.8505,829.744,829.644,829.696,0.206500000000005,NA,FALSE,FALSE,FALSE,"inconclusive",869.36997071661,NA
"N.iota.s[70]","A_auxiliary",TRUE,610.883875,545.637674605571,340,401,1947,0.999505994752472,5255.6374875577,NA,5.00174080026601,610.8965,610.8195,610.877,610.9425,0.123000000000047,NA,FALSE,FALSE,FALSE,"inconclusive",868.987679821048,NA
"N.iota.s[71]","A_auxiliary",TRUE,959.7735,856.864536144379,535,631,3058,0.999506957572354,5258.51088110006,NA,7.85299892486079,959.6655,959.6785,959.817,959.933,0.267500000000041,NA,FALSE,FALSE,FALSE,"inconclusive",869.462777959665,NA
"N.iota.s[72]","A_auxiliary",TRUE,1640.299875,1463.90568674435,914,1079,5225,0.999506112473794,5274.81617270031,NA,13.412613997038,1640.068,1640.2785,1640.44,1640.413,0.372000000000071,NA,FALSE,FALSE,FALSE,"inconclusive",872.158758713676,NA
"N.iota.s[73]","A_auxiliary",TRUE,762.94525,681.192491263462,425,501,2431,0.999502525906194,5272.78480067496,NA,6.24061964308843,762.921,762.993,762.9845,762.8825,0.110500000000002,NA,FALSE,FALSE,FALSE,"inconclusive",871.822883709484,NA
"N.iota.s[74]","A_auxiliary",TRUE,1542.609875,1376.79451891734,860,1014,4914,0.999503379946082,5278.66291359683,NA,12.6155796536579,1542.7785,1542.751,1542.5425,1542.3675,0.410999999999831,NA,FALSE,FALSE,FALSE,"inconclusive",872.794793914819,NA
"N.iota.s[75]","A_auxiliary",TRUE,1123.645625,1003.11631695258,626,739,3580,0.999503935671483,5259.90146914231,NA,9.19420888704904,1123.8045,1123.688,1123.556,1123.534,0.270499999999856,NA,FALSE,FALSE,FALSE,"inconclusive",869.692703231203,NA
"N.iota.s[76]","A_auxiliary",TRUE,408.703375,365.208156759037,228,268,1303,0.999503275405992,5240.82498545722,NA,3.34784587886903,408.725,408.676,408.6865,408.726,0.0500000000000114,NA,FALSE,FALSE,FALSE,"inconclusive",866.538522727714,NA
"N.iota.s[77]","A_auxiliary",TRUE,1103.870375,985.464240113973,615,725,3517,0.99950552386474,5260.31390516899,NA,9.03231764702614,1103.769,1103.765,1103.911,1104.0365,0.271499999999833,NA,FALSE,FALSE,FALSE,"inconclusive",869.760897018683,NA
"N.iota.s[78]","A_auxiliary",TRUE,1029.202125,918.763026959588,574,677,3279,0.999503642789501,5272.96129599183,NA,8.41855620392012,1029.0525,1029.165,1029.2795,1029.3115,0.259000000000015,NA,FALSE,FALSE,FALSE,"inconclusive",871.852066136216,NA
"N.iota.s[79]","A_auxiliary",TRUE,769.855625,687.354569941125,429,506,2453,0.999503057642,5272.1033995912,NA,6.29703880549018,769.7935,769.904,769.915,769.81,0.121499999999969,NA,FALSE,FALSE,FALSE,"inconclusive",871.710218186376,NA
"N.iota.s[80]","A_auxiliary",TRUE,519.57275,464.089678145402,289,341,1656,0.999508145057976,5273.38130878502,NA,4.25217098872994,519.603,519.6205,519.578,519.4895,0.130999999999972,NA,FALSE,FALSE,FALSE,"inconclusive",871.921512695936,NA
"N.iota.s[81]","A_auxiliary",TRUE,1834.858875,1637.64561996965,1023,1206,5845,0.999502376243718,5271.00386495,NA,15.0089890847369,1835.142,1834.95,1834.7095,1834.634,0.508000000000038,NA,FALSE,FALSE,FALSE,"inconclusive",871.528416823743,NA
"N.iota.s[82]","A_auxiliary",TRUE,980.763,875.654865378714,547,644,3125,0.999502420553856,5260.17345250358,NA,8.02692203649503,980.864,980.7185,980.679,980.7905,0.185000000000059,NA,FALSE,FALSE,FALSE,"inconclusive",869.737674025063,NA
"N.iota.s[83]","A_auxiliary",TRUE,1298.525,1159.16363584561,724,854,4137,0.999503484252857,5266.5440637534,NA,10.6250126702999,1298.46,1298.412,1298.523,1298.705,0.292999999999893,NA,FALSE,FALSE,FALSE,"inconclusive",870.791015832243,NA
"N.iota.s[84]","A_auxiliary",TRUE,901.704,805.030440502248,503,593,2873,0.999504655246621,5270.68352974513,NA,7.37696549909992,901.5625,901.6615,901.7625,901.8295,0.267000000000053,NA,FALSE,FALSE,FALSE,"inconclusive",871.475451346748,NA
"N.iota.s[85]","A_auxiliary",TRUE,1248.741625,1114.56333547985,696,821,3978,0.999503556585791,5274.03057294427,NA,10.2110753387104,1248.594,1248.7865,1248.848,1248.738,0.253999999999905,NA,FALSE,FALSE,FALSE,"inconclusive",872.028864574119,NA
"N.iota.s[86]","A_auxiliary",TRUE,928.12375,828.54480189488,517,610,2957,0.99950276758032,5273.38000405639,NA,7.59096202562426,928.1515,928.2065,928.137,928,0.206500000000005,NA,FALSE,FALSE,FALSE,"inconclusive",871.921296966996,NA
"N.iota.s[87]","A_auxiliary",TRUE,1184.917625,1057.72787538746,661,779,3775,0.999502556144249,5267.3653401485,NA,9.69322218872913,1185.0925,1184.9885,1184.8475,1184.742,0.350500000000011,NA,FALSE,FALSE,FALSE,"inconclusive",870.926808886987,NA
"N.iota.s[88]","A_auxiliary",TRUE,894.737,798.891008953355,499,588,2851,0.99950361464579,5260.23467967738,NA,7.32307878920138,894.8535,894.717,894.66,894.7175,0.193500000000085,NA,FALSE,FALSE,FALSE,"inconclusive",869.747797565704,NA
"N.iota.s[89]","A_auxiliary",TRUE,1242.939,1109.58043675175,693,817,3960,0.999503838636595,5253.58163880258,NA,10.1710735071971,1242.9275,1242.8385,1242.908,1243.082,0.24350000000004,NA,FALSE,FALSE,FALSE,"inconclusive",868.647757738523,NA
"N.iota.s[90]","A_auxiliary",TRUE,701.35375,626.302791195462,391,461,2235,0.999505615455331,5257.44252558244,NA,5.73969120967063,701.258,701.3,701.3955,701.4615,0.203499999999963,NA,FALSE,FALSE,FALSE,"inconclusive",869.286131875404,NA
"N.iota.s[91]","A_auxiliary",TRUE,1589.75175,1418.79941978987,886,1045,5064,0.999505682913954,5273.74463774903,NA,12.9989295802585,1589.5265,1589.77,1589.8925,1589.818,0.365999999999985,NA,FALSE,FALSE,FALSE,"inconclusive",871.981586929402,NA
"N.iota.s[92]","A_auxiliary",TRUE,615.688375,549.801750870722,343,405,1962,0.999502590611059,5271.9626701363,NA,5.03697610146934,615.6875,615.716,615.7115,615.6385,0.0774999999999864,NA,FALSE,FALSE,FALSE,"inconclusive",871.686949427299,NA
"N.iota.s[93]","A_auxiliary",TRUE,564.460875,504.155470625436,315,371,1799,0.999503312220036,5268.35531101298,NA,4.61975785988408,564.536,564.5085,564.4255,564.3735,0.162499999999909,NA,FALSE,FALSE,FALSE,"inconclusive",871.090494545797,NA
"N.iota.s[94]","A_auxiliary",TRUE,722.35475,645.088386603538,403,475,2302,0.999503991653702,5260.59069070598,NA,5.91286892429567,722.4535,722.3755,722.2795,722.3105,0.173999999999978,NA,FALSE,FALSE,FALSE,"inconclusive",869.806661823079,NA
"N.iota.s[95]","A_auxiliary",TRUE,626.587,559.643656319589,349,412,1997,0.999505025640921,5251.06059993447,NA,5.13019349693024,626.5985,626.546,626.5625,626.641,0.0949999999999136,NA,FALSE,FALSE,FALSE,"inconclusive",868.230919301334,NA
"N.iota.s[96]","A_auxiliary",TRUE,871.848125,778.425549491403,486,573,2778,0.9995045238922,5257.38518795102,NA,7.13438346276995,871.761,871.768,871.87,871.9935,0.232500000000073,NA,FALSE,FALSE,FALSE,"inconclusive",869.276651446928,NA
"N.iota.s[97]","A_auxiliary",TRUE,528.045875,471.655534673776,294,347,1683,0.999505373054763,5267.80938850696,NA,4.32156724572652,527.967,528.023,528.12,528.0735,0.15300000000002,NA,FALSE,FALSE,FALSE,"inconclusive",871.000229581177,NA
"N.iota.s[98]","A_auxiliary",TRUE,680.36325,607.514651926999,379,447,2168,0.999503141553839,5272.91670409617,NA,5.56567226595591,680.317,680.42,680.391,680.325,0.102999999999952,NA,FALSE,FALSE,FALSE,"inconclusive",871.844693137595,NA
"N.iota.s[99]","A_auxiliary",TRUE,535.586125,478.377899007956,298,352,1707,0.999506254283803,5269.71299129405,NA,4.38320186076324,535.638,535.6245,535.578,535.504,0.134000000000015,NA,FALSE,FALSE,FALSE,"inconclusive",871.314978719254,NA
"N.iota.s[100]","A_auxiliary",TRUE,694.123875,619.863239420131,387,456,2212,0.999502629461709,5255.53241450271,NA,5.68125468989403,694.2265,694.142,694.078,694.049,0.177500000000009,NA,FALSE,FALSE,FALSE,"inconclusive",868.970306630739,NA
"N.iota.s[101]","A_auxiliary",TRUE,603.97925,539.473234267234,337,397,1925,0.999503851245684,5258.44963133329,NA,4.94529419112186,604.027,603.932,603.958,604,0.0950000000000273,NA,FALSE,FALSE,FALSE,"inconclusive",869.452650683415,NA
"N.iota.s[102]","A_auxiliary",TRUE,869.63025,776.473238187349,485,571,2771,0.999505509593194,5263.90971445317,NA,7.11699484197072,869.565,869.555,869.642,869.759,0.204000000000065,NA,FALSE,FALSE,FALSE,"inconclusive",870.355442204559,NA
"N.iota.s[103]","A_auxiliary",TRUE,1323.733625,1181.53969502752,738,870,4217,0.999504488367621,5275.01755094942,NA,10.8266898156819,1323.52,1323.6785,1323.856,1323.88,0.360000000000127,NA,FALSE,FALSE,FALSE,"inconclusive",872.192055381848,NA
"N.iota.s[104]","A_auxiliary",TRUE,965.818125,862.156561065597,538,635,3077,0.999501877148254,5274.5918186765,NA,7.8986076408353,965.7385,965.8565,965.8815,965.796,0.142999999999915,NA,FALSE,FALSE,FALSE,"inconclusive",872.121663140956,NA
"N.iota.s[105]","A_auxiliary",TRUE,870.964375,777.562703790291,485,572,2775,0.999503061452524,5274.48520524782,NA,7.12412168155183,871.0085,871.0555,870.9545,870.839,0.216499999999996,NA,FALSE,FALSE,FALSE,"inconclusive",872.10403525923,NA
"N.iota.s[106]","A_auxiliary",TRUE,1098.56025,980.690496589615,612,722,3500,0.999502697128766,5264.05742681326,NA,8.9876311786288,1098.7285,1098.6225,1098.4735,1098.4165,0.311999999999898,NA,FALSE,FALSE,FALSE,"inconclusive",870.37986554452,NA
"N.iota.s[107]","A_auxiliary",TRUE,655.467875,585.419935414377,365,431,2089,0.99950480295895,5254.4948200456,NA,5.36635777310585,655.541,655.4465,655.409,655.475,0.132000000000062,NA,FALSE,FALSE,FALSE,"inconclusive",868.798746700661,NA
"N.iota.s[108]","A_auxiliary",TRUE,430.046125,384.262923656185,240,283,1371,0.999503573970367,5260.51135199953,NA,3.52230393205856,430.035,430.0075,430.0345,430.1075,0.100000000000023,NA,FALSE,FALSE,FALSE,"inconclusive",869.793543650716,NA
"N.iota.s[109]","A_auxiliary",TRUE,373.86075,334.109016211438,208,246,1192,0.999504699092196,5260.82519459098,NA,3.06177299492614,373.8075,373.837,373.884,373.9145,0.106999999999971,NA,FALSE,FALSE,FALSE,"inconclusive",869.845435613587,NA
"N.iota.s[110]","A_auxiliary",TRUE,1466.9715,1309.2659987068,818,964,4673,0.99950379534087,5280.96036345314,NA,11.9951026861481,1466.789,1467.002,1467.0955,1466.9995,0.306499999999915,NA,FALSE,FALSE,FALSE,"inconclusive",873.174663269369,NA
"N.iota.s[111]","A_auxiliary",TRUE,858.10125,766.071890403309,478,564,2734,0.999502770101473,5273.8718653957,NA,7.01843487662178,858.1145,858.174,858.112,858.0045,0.169499999999971,NA,FALSE,FALSE,FALSE,"inconclusive",872.002623246644,NA
"N.iota.s[112]","A_auxiliary",TRUE,767.6325,685.404245731138,428,505,2446,0.999503028064922,5259.62194400176,NA,6.28089691713955,767.7345,767.7045,767.5795,767.5115,0.22300000000007,NA,FALSE,FALSE,FALSE,"inconclusive",869.646485450026,NA
"N.iota.s[113]","A_auxiliary",TRUE,826.6075,738.09526588473,461,543,2634,0.999503694759008,5260.57406556808,NA,6.76560447830917,826.7235,826.6035,826.532,826.571,0.191499999999905,NA,FALSE,FALSE,FALSE,"inconclusive",869.803912957685,NA
"N.iota.s[114]","A_auxiliary",TRUE,1173.22675,1047.3909439928,654,771,3738,0.999505309666079,5253.27610387127,NA,9.60110877636798,1173.236,1173.142,1173.1955,1173.3335,0.191499999999905,NA,FALSE,FALSE,FALSE,"inconclusive",868.597239396705,NA
"N.iota.s[115]","A_auxiliary",TRUE,1099.170125,981.257220686367,613,722,3502,0.999506554003935,5266.83763317365,NA,8.99298038599094,1099.0315,1099.0805,1099.2395,1099.329,0.2974999999999,NA,FALSE,FALSE,FALSE,"inconclusive",870.839555749612,NA
"N.iota.s[116]","A_auxiliary",TRUE,1455.664625,1299.18148220874,811,957,4637,0.999505241890005,5274.5975488719,NA,11.9033656179155,1455.462,1455.632,1455.7985,1455.766,0.336500000000115,NA,FALSE,FALSE,FALSE,"inconclusive",872.122610593899,NA
"N.iota.s[117]","A_auxiliary",TRUE,617.872625,551.766965981744,344,406,1969,0.999503285488369,5273.12768072421,NA,5.05488240709296,617.8585,617.9125,617.8905,617.829,0.0835000000000719,NA,FALSE,FALSE,FALSE,"inconclusive",871.87957683932,NA
"N.iota.s[118]","A_auxiliary",TRUE,962.314,859.094321093776,536,632,3066,0.99950366123226,5270.13575410065,NA,7.8718875050631,962.436,962.3965,962.2615,962.162,0.274000000000001,NA,FALSE,FALSE,FALSE,"inconclusive",871.38487997696,NA
"N.iota.s[119]","A_auxiliary",TRUE,1061.162375,947.366125545616,592,697,3381,0.999504240045804,5260.40725702402,NA,8.6833194616798,1061.325,1061.175,1061.07,1061.0795,0.255000000000109,NA,FALSE,FALSE,FALSE,"inconclusive",869.776332179897,NA
"N.iota.s[120]","A_auxiliary",TRUE,651.07125,581.49652552666,363,428,2075,0.999502881461405,5246.82858848729,NA,5.33050018250071,651.0835,651.0555,651.052,651.094,0.04200000000003,NA,FALSE,FALSE,FALSE,"inconclusive",867.531181958877,NA
"N.iota.s[121]","A_auxiliary",TRUE,1269.030125,1132.82222887917,707,834,4043,0.999505404328902,5261.67572087172,NA,10.3828836439185,1268.9165,1268.922,1269.0505,1269.2315,0.315000000000055,NA,FALSE,FALSE,FALSE,"inconclusive",869.986064958949,NA
"N.iota.s[122]","A_auxiliary",TRUE,702.320625,627.134925954151,391,462,2238,0.999505722834944,5269.74584426966,NA,5.7463457266035,702.2055,702.313,702.371,702.393,0.1875,NA,FALSE,FALSE,FALSE,"inconclusive",871.320410758872,NA
"N.iota.s[123]","A_auxiliary",TRUE,951.358125,849.274628754384,530,625.5,3031,0.999503341516182,5275.27786013077,NA,7.78046505076594,951.277,951.414,951.4285,951.313,0.151499999999942,NA,FALSE,FALSE,FALSE,"inconclusive",872.235095921092,NA
"N.iota.s[124]","A_auxiliary",TRUE,949.462875,847.599158307369,529,624,3025,0.999502469126633,5271.46164631878,NA,7.76599174661364,949.533,949.551,949.448,949.3195,0.231500000000096,NA,FALSE,FALSE,FALSE,"inconclusive",871.604108187629,NA
"N.iota.s[125]","A_auxiliary",TRUE,1622.915,1448.54484053631,905,1067,5170,0.999503795271918,5267.74965853079,NA,13.2759869281691,1623.166,1622.9905,1622.7825,1622.721,0.444999999999936,NA,FALSE,FALSE,FALSE,"inconclusive",870.990353593054,NA
"N.iota.s[126]","A_auxiliary",TRUE,1448.901375,1293.36683432009,808,952,4616,0.999502995570445,5261.18769406366,NA,11.8560795129882,1449.0305,1448.8535,1448.7985,1448.923,0.231999999999971,NA,FALSE,FALSE,FALSE,"inconclusive",869.905372695711,NA
"N.iota.s[127]","A_auxiliary",TRUE,1566.66125,1398.41690724879,873,1029.5,4991,0.999505102766717,5262.24459460438,NA,12.8180361956662,1566.5865,1566.51,1566.659,1566.8895,0.379500000000007,NA,FALSE,FALSE,FALSE,"inconclusive",870.080124769242,NA
"N.iota.s[128]","A_auxiliary",TRUE,859.631875,767.489160223358,479,565,2739,0.999504414613735,5265.03027379895,NA,7.03294610541251,859.4995,859.5885,859.6945,859.745,0.245499999999993,NA,FALSE,FALSE,FALSE,"inconclusive",870.540719874164,NA
"N.iota.s[129]","A_auxiliary",TRUE,924.983,825.743439265158,516,608,2947,0.999502674003858,5276.85108949988,NA,7.56507876129491,924.887,924.9925,925.0745,924.978,0.1875,NA,FALSE,FALSE,FALSE,"inconclusive",872.495219824716,NA
"N.iota.s[130]","A_auxiliary",TRUE,443.59625,396.289757857124,247,291,1414,0.999501542906931,5268.83916262037,NA,3.63076763293537,443.6225,443.619,443.601,443.5425,0.0799999999999841,NA,FALSE,FALSE,FALSE,"inconclusive",871.170496465008,NA
"N.iota.s[131]","A_auxiliary",TRUE,454.86825,406.388551879628,253,299,1450,0.99950373056368,5264.52341063115,NA,3.7242437361445,454.931,454.905,454.84,454.797,0.133999999999958,NA,FALSE,FALSE,FALSE,"inconclusive",870.456913133458,NA
"N.iota.s[132]","A_auxiliary",TRUE,766.005625,684.027321468538,427,503,2441,0.999503393939821,5251.95018051001,NA,6.27012678907828,766.102,765.9915,765.946,765.983,0.155999999999949,NA,FALSE,FALSE,FALSE,"inconclusive",868.378006036708,NA
"N.iota.s[133]","A_auxiliary",TRUE,535.21,478.121863351314,298,352,1706,0.999505365156445,5252.96768093407,NA,4.38270789848173,535.1955,535.181,535.195,535.2685,0.0874999999999773,NA,FALSE,FALSE,FALSE,"inconclusive",868.546243540686,NA
"N.iota.s[134]","A_auxiliary",TRUE,791.476125,706.70458280027,441,520,2522,0.99950554397655,5261.8287700743,NA,6.47652323259349,791.3635,791.416,791.5315,791.5935,0.229999999999905,NA,FALSE,FALSE,FALSE,"inconclusive",870.011370713344,NA
"N.iota.s[135]","A_auxiliary",TRUE,1100.50825,982.344602492762,613,723,3506,0.99950468567134,5274.95025117885,NA,9.00012195944553,1100.352,1100.5015,1100.6145,1100.565,0.262499999999818,NA,FALSE,FALSE,FALSE,"inconclusive",872.18092777428,NA
"N.iota.s[136]","A_auxiliary",TRUE,363.5105,324.85847844658,202,239,1159,0.999503750084428,5275.02855439231,NA,2.97616915199417,363.511,363.5295,363.529,363.4725,0.0569999999999595,NA,FALSE,FALSE,FALSE,"inconclusive",872.193874734178,NA
"N.iota.s[137]","A_auxiliary",TRUE,332.720875,297.411433723298,185,219,1061,0.999504754809395,5263.74356548538,NA,2.7252817367046,332.7605,332.74,332.706,332.677,0.0834999999999582,NA,FALSE,FALSE,FALSE,"inconclusive",870.327970483693,NA
"N.iota.s[138]","A_auxiliary",TRUE,934.625125,834.463921837458,521,614,2978,0.999504747039891,5254.21012129827,NA,7.64868190501839,934.769,934.6235,934.5335,934.5745,0.235500000000002,NA,FALSE,FALSE,FALSE,"inconclusive",868.751673495084,NA
"N.iota.s[139]","A_auxiliary",TRUE,792.040625,707.289780131706,441,521,2524,0.999505179401728,5254.83320013109,NA,6.48360156956731,792.0655,791.983,792.0085,792.1055,0.122500000000059,NA,FALSE,FALSE,FALSE,"inconclusive",868.854695788871,NA
"N.iota.s[140]","A_auxiliary",TRUE,741.8355,662.45208168955,413,488,2364,0.999506479171801,5262.63630470013,NA,6.07141265132455,741.748,741.786,741.8615,741.9465,0.198499999999967,NA,FALSE,FALSE,FALSE,"inconclusive",870.144891650153,NA
"N.iota.s[141]","A_auxiliary",TRUE,967.980625,864.131282044972,540,636,3084,0.999506097114785,5273.52617307805,NA,7.91760190906401,967.86,967.9415,968.04,968.081,0.221000000000004,NA,FALSE,FALSE,FALSE,"inconclusive",871.94546512534,NA
"N.iota.s[142]","A_auxiliary",TRUE,540.013375,482.286044712809,301,355,1721,0.999505939624789,5268.99968951974,NA,4.41834760861662,539.9855,540.0445,540.0415,539.982,0.0625,NA,FALSE,FALSE,FALSE,"inconclusive",871.197038611068,NA
"N.iota.s[143]","A_auxiliary",TRUE,1163.290625,1038.3810396767,648,765,3706,0.999503007992117,5272.51826127978,NA,9.51442619126278,1163.4005,1163.4,1163.244,1163.118,0.282500000000027,NA,FALSE,FALSE,FALSE,"inconclusive",871.778813042292,NA
"N.chi.m[1]","A_auxiliary",TRUE,2894.39625,280.759227281851,2694,2805,3568,0.99950517647639,5260.62434015555,NA,2.69273998800081,2894.386,2894.3185,2894.3625,2894.518,0.199500000000171,NA,FALSE,FALSE,FALSE,"inconclusive",869.81222555482,NA
"N.chi.m[2]","A_auxiliary",TRUE,683.536875,66.4611542621898,636,663,843,0.999505644733059,5253.50402435102,NA,0.63687047668049,683.5085,683.5135,683.546,683.5795,0.0710000000000264,NA,FALSE,FALSE,FALSE,"inconclusive",868.634924661214,NA
"N.chi.m[3]","A_auxiliary",TRUE,1957.4,189.895519400901,1822,1897,2413,0.99950555586089,5276.05447516986,NA,1.81833823476044,1957.2945,1957.4025,1957.4575,1957.4455,0.163000000000011,NA,FALSE,FALSE,FALSE,"inconclusive",872.363504492371,NA
"N.chi.m[4]","A_auxiliary",TRUE,2137.5335,207.344305649773,1989,2072,2635,0.999502901636384,5274.64333142025,NA,1.98500749928465,2137.5245,2137.5865,2137.572,2137.451,0.135499999999865,NA,FALSE,FALSE,FALSE,"inconclusive",872.130180459697,NA
"N.chi.m[5]","A_auxiliary",TRUE,3187.389625,309.104143030731,2966,3090,3929,0.999501878822655,5268.25660393631,NA,2.96122212383569,3187.5385,3187.4815,3187.336,3187.2025,0.33600000000024,NA,FALSE,FALSE,FALSE,"inconclusive",871.074173931268,NA
"N.chi.m[6]","A_auxiliary",TRUE,4447.307375,431.262679619933,4139,4310,5482,0.999503596017597,5263.78936893191,NA,4.13526992518642,4447.5565,4447.336,4447.1605,4447.1765,0.395999999999731,NA,FALSE,FALSE,FALSE,"inconclusive",870.33554380488,NA
"N.chi.m[7]","A_auxiliary",TRUE,1728.515375,167.753574988282,1609,1675,2131,0.999504504101322,5256.3817473568,NA,1.60899693688798,1728.547,1728.4545,1728.4915,1728.5685,0.114000000000033,NA,FALSE,FALSE,FALSE,"inconclusive",869.110738650264,NA
"N.chi.m[8]","A_auxiliary",TRUE,3157.305875,306.220343752421,2938,3060,3892,0.999503364274898,5262.81109991213,NA,2.93551303958291,3157.1785,3157.214,3157.3455,3157.4855,0.306999999999789,NA,FALSE,FALSE,FALSE,"inconclusive",870.17379297489,NA
"N.chi.m[9]","A_auxiliary",TRUE,1802.40575,174.886440370074,1677,1747,2222,0.999504492550058,5270.77947528689,NA,1.67493191036195,1802.287,1802.399,1802.484,1802.453,0.196999999999889,NA,FALSE,FALSE,FALSE,"inconclusive",871.491315358282,NA
"N.chi.m[10]","A_auxiliary",TRUE,2654.37,257.42695649396,2470,2573,3272,0.999502472058063,5276.33717162151,NA,2.4643355485498,2654.32,2654.4285,2654.428,2654.3035,0.125,NA,FALSE,FALSE,FALSE,"inconclusive",872.410246630541,NA
"N.chi.m[11]","A_auxiliary",TRUE,4765.510375,462.025062130953,4435,4619,5874,0.999503017017846,5279.96759990398,NA,4.42512691757732,4765.674,4765.6765,4765.4585,4765.2325,0.443999999999505,NA,FALSE,FALSE,FALSE,"inconclusive",873.010515857139,NA
"N.chi.m[12]","A_auxiliary",TRUE,760.617125,73.9276094782245,708,737,938,0.999505336474669,5246.71470998665,NA,0.708600902483895,760.657,760.63,760.599,760.5825,0.0745000000000573,NA,FALSE,FALSE,FALSE,"inconclusive",867.512352841708,NA
"N.chi.m[13]","A_auxiliary",TRUE,1623.85,157.610215000441,1511,1574,2002,0.999504239581038,5252.94709217974,NA,1.51167569937776,1623.9,1623.818,1623.8,1623.882,0.100000000000136,NA,FALSE,FALSE,FALSE,"inconclusive",868.542839315433,NA
"N.chi.m[14]","A_auxiliary",TRUE,3431.519625,332.807470944465,3194,3326,4230,0.999504879573068,5261.94656149081,NA,3.19111587064937,3431.4205,3431.3965,3431.558,3431.7035,0.307000000000244,NA,FALSE,FALSE,FALSE,"inconclusive",870.030846807343,NA
"N.chi.m[15]","A_auxiliary",TRUE,3427.5505,332.380663265648,3190,3322,4225,0.999503870760428,5273.94981251595,NA,3.18420125059208,3427.346,3427.4825,3427.656,3427.7175,0.371500000000196,NA,FALSE,FALSE,FALSE,"inconclusive",872.015511328696,NA
"N.chi.m[16]","A_auxiliary",TRUE,3420.305875,331.645290016736,3183,3316,4216,0.999502009139212,5274.07524989902,NA,3.17500890901801,3420.168,3420.3585,3420.418,3420.279,0.25,NA,FALSE,FALSE,FALSE,"inconclusive",872.036251636743,NA
"N.chi.m[17]","A_auxiliary",TRUE,5100.62775,494.488081744964,4747,4944,6287,0.999503043884235,5279.62202101312,NA,4.73512374057024,5100.7255,5100.808,5100.619,5100.3585,0.449499999999716,NA,FALSE,FALSE,FALSE,"inconclusive",872.953376490264,NA
"N.chi.m[18]","A_auxiliary",TRUE,3735.81175,362.280749874539,3477,3621,4605,0.999502665466498,5267.81725242777,NA,3.47212173489934,3736.0275,3735.905,3735.694,3735.6205,0.407000000000153,NA,FALSE,FALSE,FALSE,"inconclusive",871.001529832633,NA
"N.chi.m[19]","A_auxiliary",TRUE,3790.099375,367.576348254463,3527,3674,4672,0.999503632209436,5257.47186898331,NA,3.52542431548032,3790.277,3790.0575,3789.9675,3790.0955,0.309499999999844,NA,FALSE,FALSE,FALSE,"inconclusive",869.290983628193,NA
"N.chi.m[20]","A_auxiliary",TRUE,1781.2605,172.857634659225,1658,1726,2196,0.999503784174013,5262.76192849963,NA,1.65761691281985,1781.2505,1781.2,1781.2355,1781.356,0.155999999999949,NA,FALSE,FALSE,FALSE,"inconclusive",870.165662781023,NA
"N.chi.m[21]","A_auxiliary",TRUE,1582.53175,153.571653548221,1473,1534,1951,0.999505619058619,5256.33467635346,NA,1.47148282506611,1582.4465,1582.479,1582.5885,1582.613,0.166500000000042,NA,FALSE,FALSE,FALSE,"inconclusive",869.102955746273,NA
"N.chi.m[22]","A_auxiliary",TRUE,3510.359125,340.381136109164,3267,3403,4327,0.999506892385909,5281.25468158371,NA,3.25913457543383,3510.1785,3510.3865,3510.48,3510.3915,0.301500000000033,NA,FALSE,FALSE,FALSE,"inconclusive",873.223326981433,NA
"N.chi.m[23]","A_auxiliary",TRUE,2547.265625,247.052220529017,2371,2469,3140,0.999503720658765,5277.68130898269,NA,2.36526827950358,2547.263,2547.361,2547.2985,2547.14,0.221000000000004,NA,FALSE,FALSE,FALSE,"inconclusive",872.632491564598,NA
"N.chi.m[24]","A_auxiliary",TRUE,2659.994625,258.002036285471,2475.975,2578,3279,0.999504214691717,5267.27127208034,NA,2.47199448861396,2660.1235,2660.0695,2659.9485,2659.837,0.28650000000016,NA,FALSE,FALSE,FALSE,"inconclusive",870.911255304288,NA
"N.chi.m[25]","A_auxiliary",TRUE,4372.658,424.030758667971,4070,4238,5390,0.999506497803485,5259.08563212227,NA,4.06639689010233,4372.893,4372.669,4372.506,4372.564,0.386999999999716,NA,FALSE,FALSE,FALSE,"inconclusive",869.557809544026,NA
"N.chi.m[26]","A_auxiliary",TRUE,3290.324,319.132291458314,3062,3189,4056,0.99950525966484,5254.88931290696,NA,3.06088392328283,3290.3325,3290.2325,3290.291,3290.44,0.207499999999982,NA,FALSE,FALSE,FALSE,"inconclusive",868.863973694933,NA
"N.chi.m[27]","A_auxiliary",TRUE,2694.86375,261.389482369937,2508,2612,3322,0.999504338058531,5258.69220854069,NA,2.5053864914438,2694.7295,2694.7605,2694.934,2695.031,0.301500000000033,NA,FALSE,FALSE,FALSE,"inconclusive",869.492759348659,NA
"N.chi.m[28]","A_auxiliary",TRUE,3476.2705,337.082059177108,3235,3370,4285,0.999505843890968,5272.30367378396,NA,3.22805312978816,3476.0695,3476.253,3476.4,3476.3595,0.330500000000029,NA,FALSE,FALSE,FALSE,"inconclusive",871.743332305549,NA
"N.chi.m[29]","A_auxiliary",TRUE,1809.73025,175.581111813856,1684,1754,2231,0.999504018463625,5273.14850910822,NA,1.68079622118157,1809.703,1809.784,1809.7605,1809.6735,0.110500000000002,NA,FALSE,FALSE,FALSE,"inconclusive",871.883020685884,NA
"N.chi.m[30]","A_auxiliary",TRUE,1601.1915,155.382266632481,1490,1552,1974,0.999504270902477,5266.38028179369,NA,1.48824731889704,1601.254,1601.2465,1601.1765,1601.089,0.164999999999964,NA,FALSE,FALSE,FALSE,"inconclusive",870.76393548176,NA
"N.chi.m[31]","A_auxiliary",TRUE,2880.63975,279.404261890605,2681,2792,3551,0.999504217499551,5256.76990840587,NA,2.67880162205579,2880.799,2880.6675,2880.559,2880.5335,0.265499999999975,NA,FALSE,FALSE,FALSE,"inconclusive",869.174918717902,NA
"N.chi.m[32]","A_auxiliary",TRUE,3123.997,303.015134956165,2907,3028,3851,0.999504345900584,5255.90210540173,NA,2.90647384006522,3124.074,3123.9195,3123.933,3124.0615,0.154500000000098,NA,FALSE,FALSE,FALSE,"inconclusive",869.03143277145,NA
"N.chi.m[33]","A_auxiliary",TRUE,3347.16,324.619609137105,3115,3244.5,4126,0.999504674334925,5258.35169109842,NA,3.11222761551606,3347.046,3347.04,3347.193,3347.361,0.320999999999913,NA,FALSE,FALSE,FALSE,"inconclusive",869.436456861511,NA
"N.chi.m[34]","A_auxiliary",TRUE,3986.597625,386.543159519259,3710,3864,4914,0.999504274812426,5268.66113552311,NA,3.70253943038454,3986.3625,3986.5345,3986.721,3986.7725,0.409999999999854,NA,FALSE,FALSE,FALSE,"inconclusive",871.14106076771,NA
"N.chi.m[35]","A_auxiliary",TRUE,3675.086625,356.331292998394,3420,3562,4530,0.999501937770311,5275.02586759076,NA,3.41128036529314,3674.9705,3675.165,3675.178,3675.033,0.207499999999982,NA,FALSE,FALSE,FALSE,"inconclusive",872.19343048789,NA
"N.chi.m[36]","A_auxiliary",TRUE,4310.34,417.911260769238,4011,4178,5313,0.999501560302465,5274.16133376875,NA,4.00211639507982,4310.4525,4310.481,4310.3265,4310.1,0.380999999999403,NA,FALSE,FALSE,FALSE,"inconclusive",872.050485080813,NA
"N.chi.m[37]","A_auxiliary",TRUE,3159.7565,306.452390415216,2941,3063,3895,0.999502190957933,5267.40786209441,NA,2.93746702580997,3159.9495,3159.814,3159.645,3159.6175,0.332000000000335,NA,FALSE,FALSE,FALSE,"inconclusive",870.933839632012,NA
"N.chi.m[38]","A_auxiliary",TRUE,2749.968625,266.761479793275,2559,2666,3390,0.999504620367573,5255.65382704049,NA,2.55856793387335,2750.0715,2749.9325,2749.8845,2749.986,0.186999999999898,NA,FALSE,FALSE,FALSE,"inconclusive",868.990381455108,NA
"N.chi.m[39]","A_auxiliary",TRUE,4049.755125,392.729742625356,3769,3926,4992,0.999503759934269,5266.82247080373,NA,3.76611904985966,4049.6745,4049.6145,4049.756,4049.9755,0.360999999999876,NA,FALSE,FALSE,FALSE,"inconclusive",870.837048744002,NA
"N.chi.m[40]","A_auxiliary",TRUE,3981.6805,386.094415631684,3706,3859,4908,0.999504221611523,5270.01360447188,NA,3.69924188320182,3981.441,3981.5905,3981.8045,3981.886,0.445000000000164,NA,FALSE,FALSE,FALSE,"inconclusive",871.364683279081,NA
"N.chi.m[41]","A_auxiliary",TRUE,3298.601625,319.856706528793,3070,3197.5,4066,0.99950267192444,5282.07177503644,NA,3.06235945257943,3298.4625,3298.6375,3298.694,3298.6125,0.231499999999869,NA,FALSE,FALSE,FALSE,"inconclusive",873.35842841211,NA
"N.chi.m[42]","A_auxiliary",TRUE,1752.9325,170.082032210815,1631,1699,2161,0.999503791281856,5272.49483834167,NA,1.62846795732101,1752.9475,1753.017,1752.913,1752.8525,0.164500000000089,NA,FALSE,FALSE,FALSE,"inconclusive",871.774940201995,NA
"N.chi.m[43]","A_auxiliary",TRUE,1613.348875,156.571623372147,1501,1564,1989,0.999505575420264,5264.20990697612,NA,1.50033460138562,1613.4575,1613.3645,1613.303,1613.2705,0.186999999999898,NA,FALSE,FALSE,FALSE,"inconclusive",870.40507721166,NA
"N.chi.m[44]","A_auxiliary",TRUE,3068.846,297.66041473349,2856,2975,3783,0.999504072729815,5254.01314508754,NA,2.85473966115995,3069,3068.8285,3068.74,3068.8155,0.260000000000218,NA,FALSE,FALSE,FALSE,"inconclusive",868.719104677172,NA
"N.chi.m[45]","A_auxiliary",TRUE,2262.371875,219.497927100651,2105,2193,2789,0.999506360159618,5258.80382592217,NA,2.10514349123163,2262.369,2262.3035,2262.3375,2262.4775,0.173999999999978,NA,FALSE,FALSE,FALSE,"inconclusive",869.511214603534,NA
"N.chi.m[46]","A_auxiliary",TRUE,3062.40775,297.005997936555,2850,2968,3775,0.999505020481098,5262.60222225792,NA,2.84637056295655,3062.256,3062.301,3062.4835,3062.5905,0.334499999999935,NA,FALSE,FALSE,FALSE,"inconclusive",870.139256325715,NA
"N.chi.m[47]","A_auxiliary",TRUE,3087.623625,299.421014768284,2873,2993,3806,0.999507065361889,5274.75497613457,NA,2.86704725322567,3087.455,3087.6255,3087.7345,3087.6795,0.279500000000098,NA,FALSE,FALSE,FALSE,"inconclusive",872.14864023389,NA
"N.chi.m[48]","A_auxiliary",TRUE,2927.00625,283.838997995403,2724,2837,3608,0.999504294516241,5272.81444790221,NA,2.7173360152046,2926.9945,2927.1005,2927.0325,2926.8975,0.202999999999975,NA,FALSE,FALSE,FALSE,"inconclusive",871.827785698117,NA
"N.chi.m[49]","A_auxiliary",TRUE,845.810375,82.1849269187248,787,820,1043,0.999502190219284,5260.06613651632,NA,0.787241483575676,845.8455,845.845,845.799,845.752,0.0935000000000628,NA,FALSE,FALSE,FALSE,"inconclusive",869.71992997955,NA
"N.chi.m[50]","A_auxiliary",TRUE,2368.66525,229.796466997361,2204,2296,2920,0.999503551637696,5258.39248716455,NA,2.20347291187272,2368.7865,2368.6945,2368.5865,2368.5935,0.200000000000273,NA,FALSE,FALSE,FALSE,"inconclusive",869.443202242816,NA
"N.chi.m[51]","A_auxiliary",TRUE,3697.612625,358.611189261774,3441,3584,4558,0.999503623252975,5253.20986979073,NA,3.43971627658388,3697.663,3697.511,3697.55,3697.7265,0.215500000000247,NA,FALSE,FALSE,FALSE,"inconclusive",868.5862879945,NA
"N.chi.m[52]","A_auxiliary",TRUE,1489.18825,144.542438842423,1386,1443,1836,0.999505226276898,5254.12685423299,NA,1.38540776263077,1489.129,1489.136,1489.2095,1489.2785,0.149499999999989,NA,FALSE,FALSE,FALSE,"inconclusive",868.737905792492,NA
"N.chi.m[53]","A_auxiliary",TRUE,1278.27175,124.090611900873,1190,1239,1576,0.999505447596989,5273.09335357471,NA,1.1883906140649,1278.191,1278.268,1278.315,1278.313,0.124000000000024,NA,FALSE,FALSE,FALSE,"inconclusive",871.87390105402,NA
"N.chi.m[54]","A_auxiliary",TRUE,2478.31075,240.366127852626,2306,2402,3055,0.999503760111349,5276.77788368092,NA,2.30108060616991,2478.2535,2478.371,2478.3665,2478.252,0.119000000000142,NA,FALSE,FALSE,FALSE,"inconclusive",872.483115687982,NA
"N.chi.m[55]","A_auxiliary",TRUE,2687.602875,260.66330118816,2501,2605,3313,0.999502861505011,5270.66070725327,NA,2.49643189223956,2687.6915,2687.6845,2687.5955,2687.44,0.251499999999851,NA,FALSE,FALSE,FALSE,"inconclusive",871.471677786586,NA
"N.chi.m[56]","A_auxiliary",TRUE,3275.76275,317.702969941383,3049,3175,4038,0.999502436479627,5264.10493760957,NA,3.04579457222475,3275.9585,3275.8185,3275.645,3275.629,0.32950000000028,NA,FALSE,FALSE,FALSE,"inconclusive",870.387721165603,NA
"N.chi.m[57]","A_auxiliary",TRUE,2679.380625,259.922516269591,2494,2597,3303,0.999503819611778,5258.50305741085,NA,2.49310919968261,2679.471,2679.328,2679.303,2679.4205,0.16800000000012,NA,FALSE,FALSE,FALSE,"inconclusive",869.46148436026,NA
"N.chi.m[58]","A_auxiliary",TRUE,2319.180625,224.997042109956,2158,2248,2859,0.999505303866757,5258.27154690514,NA,2.15739196756007,2319.1095,2319.0985,2319.205,2319.3095,0.210999999999785,NA,FALSE,FALSE,FALSE,"inconclusive",869.423205506803,NA
"N.chi.m[59]","A_auxiliary",TRUE,2658.383,257.83655389038,2474,2577,3277,0.999503681706421,5265.6972597213,NA,2.46991612200951,2658.231,2658.329,2658.458,2658.514,0.282999999999902,NA,FALSE,FALSE,FALSE,"inconclusive",870.651001938045,NA
"N.chi.m[60]","A_auxiliary",TRUE,2384.994625,231.327651625159,2220,2312,2940,0.999503067150358,5277.13622587341,NA,2.2145910278304,2384.905,2385.0265,2385.0675,2384.9795,0.162499999999909,NA,FALSE,FALSE,FALSE,"inconclusive",872.542365389122,NA
"N.chi.m[61]","A_auxiliary",TRUE,1679.104875,162.924565145885,1563,1628,2070,0.999503228246925,5276.99777175141,NA,1.5600673889838,1679.1485,1679.1545,1679.095,1679.0215,0.133000000000038,NA,FALSE,FALSE,FALSE,"inconclusive",872.519472842496,NA
"N.chi.m[62]","A_auxiliary",TRUE,3159.767375,306.448262889248,2941,3063,3895,0.999504597960225,5267.44360974332,NA,2.93708554885173,3159.954,3159.8445,3159.6595,3159.6115,0.3425000000002,NA,FALSE,FALSE,FALSE,"inconclusive",870.939750288247,NA
"N.chi.m[63]","A_auxiliary",TRUE,3269.232125,317.090248227807,3043,3169,4030,0.999503556707068,5260.62047095716,NA,3.04127243274521,3269.377,3269.191,3269.1265,3269.234,0.250500000000102,NA,FALSE,FALSE,FALSE,"inconclusive",869.811585806409,NA
"N.chi.m[64]","A_auxiliary",TRUE,2280.223125,221.222045102629,2122,2210,2811,0.999504827306309,5254.74739190934,NA,2.12145339442931,2280.2055,2280.1395,2280.207,2280.3405,0.200999999999567,NA,FALSE,FALSE,FALSE,"inconclusive",868.840507921518,NA
"N.chi.m[65]","A_auxiliary",TRUE,2609.68425,253.130570926706,2429,2529,3217,0.999505192403544,5271.47709350968,NA,2.42557196973029,2609.545,2609.595,2609.753,2609.844,0.298999999999978,NA,FALSE,FALSE,FALSE,"inconclusive",871.606662286654,NA
"N.chi.m[66]","A_auxiliary",TRUE,4408.545125,427.418412128104,4103,4273,5434,0.999504591440488,5278.89374774711,NA,4.09247942052201,4408.329,4408.56,4408.7025,4408.589,0.373500000000604,NA,FALSE,FALSE,FALSE,"inconclusive",872.832960937022,NA
"N.chi.m[67]","A_auxiliary",TRUE,2927.807375,283.92419435322,2725,2838,3609,0.999502661779217,5278.71434873068,NA,2.71841307878074,2927.827,2927.8835,2927.8355,2927.6835,0.199999999999818,NA,FALSE,FALSE,FALSE,"inconclusive",872.803298401236,NA
"N.chi.m[68]","A_auxiliary",TRUE,2069.350375,200.745941998867,1926,2006,2551,0.999502924317919,5261.81221826465,NA,1.92331295133239,2069.4655,2069.405,2069.294,2069.237,0.228499999999713,NA,FALSE,FALSE,FALSE,"inconclusive",870.00863397233,NA
"N.chi.m[69]","A_auxiliary",TRUE,2144.744875,208.08695251916,1996,2079,2644,0.999503723145819,5251.4610955928,NA,1.99543181743509,2144.862,2144.7465,2144.665,2144.706,0.197000000000116,NA,FALSE,FALSE,FALSE,"inconclusive",868.297138821561,NA
"N.chi.m[70]","A_auxiliary",TRUE,1579.24025,153.278226786418,1470,1531,1947,0.999503819942372,5258.89071800066,NA,1.47002817477338,1579.2575,1579.173,1579.2245,1579.306,0.133000000000038,NA,FALSE,FALSE,FALSE,"inconclusive",869.525581680004,NA
"N.chi.m[71]","A_auxiliary",TRUE,2480.65525,240.63559396642,2309,2404,3058,0.9995050400346,5266.08234305683,NA,2.30643184261224,2480.523,2480.579,2480.7195,2480.7995,0.276499999999942,NA,FALSE,FALSE,FALSE,"inconclusive",870.714673124476,NA
"N.chi.m[72]","A_auxiliary",TRUE,4238.947125,410.993997021163,3945,4109,5225,0.99950700580174,5280.01602423366,NA,3.93588343857749,4238.6955,4238.9305,4239.111,4239.0515,0.415500000000065,NA,FALSE,FALSE,FALSE,"inconclusive",873.018522525406,NA
"N.chi.m[73]","A_auxiliary",TRUE,1972.00325,191.30608325828,1835,1911,2431,0.999502670858763,5272.58137145411,NA,1.8313250131762,1971.978,1972.0515,1972.039,1971.9445,0.106999999999971,NA,FALSE,FALSE,FALSE,"inconclusive",871.789247925613,NA
"N.chi.m[74]","A_auxiliary",TRUE,3986.594625,386.543901865773,3710,3864,4914,0.999502557987531,5269.70719820419,NA,3.7026691324248,3986.774,3986.7205,3986.532,3986.352,0.422000000000025,NA,FALSE,FALSE,FALSE,"inconclusive",871.314020867095,NA
"N.chi.m[75]","A_auxiliary",TRUE,2904.161,281.687926773606,2703,2815,3580,0.999504017085865,5263.12436826416,NA,2.70072600317695,2904.351,2904.1695,2904.045,2904.0785,0.30600000000004,NA,FALSE,FALSE,FALSE,"inconclusive",870.225589990767,NA
"N.chi.m[76]","A_auxiliary",TRUE,1056.714125,102.645105351844,983,1024,1303,0.999504945542005,5250.75774031381,NA,0.984404570531118,1056.7335,1056.691,1056.7,1056.732,0.0425000000000182,NA,FALSE,FALSE,FALSE,"inconclusive",868.180843305855,NA
"N.chi.m[77]","A_auxiliary",TRUE,2853.053,276.733188013596,2655,2765,3517,0.999504410220497,5259.69113048569,NA,2.65314239352611,2852.9475,2852.9615,2853.0845,2853.2185,0.270999999999731,NA,FALSE,FALSE,FALSE,"inconclusive",869.657925014169,NA
"N.chi.m[78]","A_auxiliary",TRUE,2660.016,257.994197356709,2475,2578,3279,0.999506420771464,5271.75059595577,NA,2.47115481891874,2659.864,2659.982,2660.094,2660.124,0.259999999999764,NA,FALSE,FALSE,FALSE,"inconclusive",871.651884251945,NA
"N.chi.m[79]","A_auxiliary",TRUE,1989.875625,193.026405071927,1852,1929,2453,0.99950234396057,5269.39797194464,NA,1.84781522842278,1989.813,1989.91,1989.934,1989.8455,0.120999999999867,NA,FALSE,FALSE,FALSE,"inconclusive",871.262892186613,NA
"N.chi.m[80]","A_auxiliary",TRUE,1343.19225,130.374355123993,1250,1302,1656,0.999505674268511,5265.99723483774,NA,1.24847284739388,1343.2255,1343.2555,1343.172,1343.116,0.139499999999998,NA,FALSE,FALSE,FALSE,"inconclusive",870.700600998303,NA
"N.chi.m[81]","A_auxiliary",TRUE,4741.876375,459.788200414629,4413,4596,5845,0.999502502207308,5269.16965146881,NA,4.40741237895993,4742.1685,4741.959,4741.7235,4741.6545,0.514000000000124,NA,FALSE,FALSE,FALSE,"inconclusive",871.225140785187,NA
"N.chi.m[82]","A_auxiliary",TRUE,2534.976875,245.920510434601,2359,2457,3125,0.999504067053931,5254.23742503538,NA,2.35873980154787,2535.065,2534.9445,2534.904,2534.994,0.161000000000058,NA,FALSE,FALSE,FALSE,"inconclusive",868.756188001882,NA
"N.chi.m[83]","A_auxiliary",TRUE,3356.05875,325.497937646096,3123,3253,4137,0.99950357356788,5261.36630064848,NA,3.12128295678325,3355.983,3355.941,3356.0695,3356.2415,0.300500000000284,NA,FALSE,FALSE,FALSE,"inconclusive",869.934904207751,NA
"N.chi.m[84]","A_auxiliary",TRUE,2330.594125,226.071077112867,2169,2259,2873,0.999504589887493,5263.41609513129,NA,2.16588154600071,2330.4585,2330.533,2330.673,2330.712,0.253499999999804,NA,FALSE,FALSE,FALSE,"inconclusive",870.273825253189,NA
"N.chi.m[85]","A_auxiliary",TRUE,3227.204,312.93669296796,3003,3128,3978,0.999502852109892,5276.05262556534,NA,2.99610793588959,3227.068,3227.229,3227.3035,3227.2155,0.235499999999774,NA,FALSE,FALSE,FALSE,"inconclusive",872.363198671518,NA
"N.chi.m[86]","A_auxiliary",TRUE,2398.786125,232.66549494188,2232,2325,2957,0.999502410319166,5275.76985821764,NA,2.22776070574558,2398.8145,2398.868,2398.799,2398.663,0.204999999999927,NA,FALSE,FALSE,FALSE,"inconclusive",872.316444811118,NA
"N.chi.m[87]","A_auxiliary",TRUE,3062.415375,297.002436260213,2850,2968,3775,0.999503317069772,5262.9003355683,NA,2.84602212114296,3062.5835,3062.5065,3062.3215,3062.25,0.333500000000186,NA,FALSE,FALSE,FALSE,"inconclusive",870.188547547669,NA
"N.chi.m[88]","A_auxiliary",TRUE,2312.672625,224.373020564317,2152,2241,2851,0.999504022417063,5255.50810591034,NA,2.15182503135079,2312.786,2312.661,2312.5985,2312.645,0.1875,NA,FALSE,FALSE,FALSE,"inconclusive",868.9662873529,NA
"N.chi.m[89]","A_auxiliary",TRUE,3212.437375,311.584324745385,2990,3114,3960,0.99950375143328,5262.5832536586,NA,2.98828367011458,3212.4365,3212.3185,3212.397,3212.5975,0.278999999999996,NA,FALSE,FALSE,FALSE,"inconclusive",870.136119983234,NA
"N.chi.m[90]","A_auxiliary",TRUE,1812.93425,175.916774401641,1687,1757,2235,0.99950469640757,5262.04896536327,NA,1.68587823575768,1812.839,1812.885,1812.9685,1813.0445,0.205500000000029,NA,FALSE,FALSE,FALSE,"inconclusive",870.047778664562,NA
"N.chi.m[91]","A_auxiliary",TRUE,4108.32875,398.330399997142,3823,3982,5064,0.99950529415909,5274.18193878202,NA,3.81419473937339,4108.1035,4108.3495,4108.463,4108.399,0.359499999999571,NA,FALSE,FALSE,FALSE,"inconclusive",872.053891994382,NA
"N.chi.m[92]","A_auxiliary",TRUE,1591.488875,154.42876078148,1481,1543,1962,0.999503020796911,5271.05401226482,NA,1.47841179552981,1591.4865,1591.5215,1591.513,1591.4345,0.0869999999999891,NA,FALSE,FALSE,FALSE,"inconclusive",871.53670837712,NA
"N.chi.m[93]","A_auxiliary",TRUE,1459.212,141.62234875615,1358,1414,1799,0.999502628365035,5261.19614733981,NA,1.35671576872451,1459.286,1459.258,1459.1705,1459.1335,0.152500000000146,NA,FALSE,FALSE,FALSE,"inconclusive",869.906770393487,NA
"N.chi.m[94]","A_auxiliary",TRUE,1867.2805,181.186296747343,1738,1810,2302,0.999504736533542,5250.12253962393,NA,1.73731071708625,1867.385,1867.3075,1867.186,1867.2435,0.199000000000069,NA,FALSE,FALSE,FALSE,"inconclusive",868.075816736761,NA
"N.chi.m[95]","A_auxiliary",TRUE,1619.78975,157.220323348149,1507,1570,1997,0.999504808795323,5254.83762240803,NA,1.50793593747031,1619.8045,1619.7675,1619.7535,1619.8335,0.0799999999999272,NA,FALSE,FALSE,FALSE,"inconclusive",868.855426985455,NA
"N.chi.m[96]","A_auxiliary",TRUE,2253.47625,218.622239596969,2097,2184,2778,0.999505085468958,5259.84285762804,NA,2.09572876912608,2253.3735,2253.405,2253.5205,2253.606,0.232500000000073,NA,FALSE,FALSE,FALSE,"inconclusive",869.683012173949,NA
"N.chi.m[97]","A_auxiliary",TRUE,1365.083375,132.504355019456,1270,1323,1683,0.999506230611873,5269.71766149144,NA,1.26894339677133,1365.002,1365.0695,1365.1355,1365.1265,0.13350000000014,NA,FALSE,FALSE,FALSE,"inconclusive",871.315750907976,NA
"N.chi.m[98]","A_auxiliary",TRUE,1758.627,170.6274291723,1637,1705,2168,0.999502375418901,5279.18895627494,NA,1.63340363471716,1758.601,1758.643,1758.6825,1758.5815,0.100999999999885,NA,FALSE,FALSE,FALSE,"inconclusive",872.881771870857,NA
"N.chi.m[99]","A_auxiliary",TRUE,1384.56675,134.390068943974,1288,1342,1707,0.999503085334183,5270.78030107542,NA,1.28715049393091,1384.6225,1384.603,1384.5525,1384.489,0.133499999999913,NA,FALSE,FALSE,FALSE,"inconclusive",871.49145189739,NA
"N.chi.m[100]","A_auxiliary",TRUE,1794.2655,174.106674632303,1670,1739,2212,0.999503073647718,5255.32957827316,NA,1.66894427163154,1794.369,1794.291,1794.216,1794.186,0.182999999999993,NA,FALSE,FALSE,FALSE,"inconclusive",868.936768894372,NA
"N.chi.m[101]","A_auxiliary",TRUE,1561.379,151.553942323117,1453,1513,1925,0.999503042970082,5250.94932486027,NA,1.45360115696905,1561.419,1561.3755,1561.3095,1561.412,0.109500000000025,NA,FALSE,FALSE,FALSE,"inconclusive",868.212520644886,NA
"N.chi.m[102]","A_auxiliary",TRUE,2247.787,218.069983481706,2092,2179,2771,0.999503877362571,5255.69309736646,NA,2.09079186649291,2247.7255,2247.7065,2247.8005,2247.9155,0.209000000000287,NA,FALSE,FALSE,FALSE,"inconclusive",868.99687456456,NA
"N.chi.m[103]","A_auxiliary",TRUE,3421.058375,331.751604530031,3184,3316,4217,0.999503885543529,5273.04643368322,NA,3.17808582906728,3420.848,3421.0025,3421.1735,3421.2095,0.361499999999978,NA,FALSE,FALSE,FALSE,"inconclusive",871.866143135452,NA
"N.chi.m[104]","A_auxiliary",TRUE,2496.160875,242.090480955684,2323,2419,3077,0.999502376538501,5272.55433558359,NA,2.31753606533949,2496.0775,2496.2065,2496.21,2496.1495,0.132500000000164,NA,FALSE,FALSE,FALSE,"inconclusive",871.784777708927,NA
"N.chi.m[105]","A_auxiliary",TRUE,2251.112875,218.351837809689,2095,2182,2775,0.999502044289809,5269.38217586164,NA,2.09080313637015,2251.1695,2251.1715,2251.12,2250.9905,0.18100000000004,NA,FALSE,FALSE,FALSE,"inconclusive",871.260280400403,NA
"N.chi.m[106]","A_auxiliary",TRUE,2839.28525,275.387667985327,2642,2752,3500,0.999502697128766,5264.05742681326,NA,2.63937353020812,2839.4535,2839.3475,2839.1985,2839.1415,0.311999999999898,NA,FALSE,FALSE,FALSE,"inconclusive",870.37986554452,NA
"N.chi.m[107]","A_auxiliary",TRUE,1694.443875,164.445205549409,1577,1642,2089,0.999506390813789,5251.12390758382,NA,1.57706992769202,1694.515,1694.4355,1694.391,1694.434,0.124000000000024,NA,FALSE,FALSE,FALSE,"inconclusive",868.241386835949,NA
"N.chi.m[108]","A_auxiliary",TRUE,1111.916625,107.97861522671,1035,1078,1371,0.99950616621134,5247.6607486097,NA,1.03538793375922,1111.9025,1111.877,1111.92,1111.967,0.0900000000001455,NA,FALSE,FALSE,FALSE,"inconclusive",867.66877457171,NA
"N.chi.m[109]","A_auxiliary",TRUE,966.704,93.898616884285,900,937,1192,0.99950542988239,5267.73792730944,NA,0.89964164023274,966.646,966.687,966.7285,966.7545,0.108500000000049,NA,FALSE,FALSE,FALSE,"inconclusive",870.988413906983,NA
"N.chi.m[110]","A_auxiliary",TRUE,3791.104625,367.57667228057,3528,3675,4673,0.999503914242703,5274.86904113045,NA,3.51939376188551,3790.918,3791.1285,3791.2325,3791.1395,0.314499999999953,NA,FALSE,FALSE,FALSE,"inconclusive",872.167500186913,NA
"N.chi.m[111]","A_auxiliary",TRUE,2217.853125,215.12620996409,2064,2150,2734,0.999502316021723,5272.82360678737,NA,2.05954645629628,2217.8605,2217.916,2217.8925,2217.7435,0.172500000000127,NA,FALSE,FALSE,FALSE,"inconclusive",871.829300064049,NA
"N.chi.m[112]","A_auxiliary",TRUE,1984.130875,192.506498177891,1846,1923,2446,0.999503951781094,5269.08862195928,NA,1.8444636958411,1984.2355,1984.1895,1984.082,1984.0165,0.219000000000051,NA,FALSE,FALSE,FALSE,"inconclusive",871.211743048823,NA
"N.chi.m[113]","A_auxiliary",TRUE,2136.62625,207.305526358065,1988,2071,2634,0.999504358997523,5255.23604901805,NA,1.98805335029794,2136.7505,2136.609,2136.545,2136.6005,0.205500000000029,NA,FALSE,FALSE,FALSE,"inconclusive",868.921304401133,NA
"N.chi.m[114]","A_auxiliary",TRUE,3032.32275,294.125092058907,2822,2939,3738,0.999505710415149,5253.67833857546,NA,2.82099818470675,3032.332,3032.238,3032.292,3032.429,0.191000000000258,NA,FALSE,FALSE,FALSE,"inconclusive",868.663746457582,NA
"N.chi.m[115]","A_auxiliary",TRUE,2840.911,275.539181531533,2644,2754,3502,0.9995067232696,5258.87964136896,NA,2.64086727413619,2840.782,2840.81,2840.969,2841.083,0.300999999999931,NA,FALSE,FALSE,FALSE,"inconclusive",869.523750226349,NA
"N.chi.m[116]","A_auxiliary",TRUE,3761.86375,364.761343265198,3501,3646,4637,0.999506271987811,5280.81778360892,NA,3.49308906353406,3761.6475,3761.871,3761.986,3761.9505,0.33849999999984,NA,FALSE,FALSE,FALSE,"inconclusive",873.151088559677,NA
"N.chi.m[117]","A_auxiliary",TRUE,1597.15525,154.980930386726,1486,1548,1969,0.999502967845027,5274.49860148981,NA,1.48357399562517,1597.1385,1597.1975,1597.1785,1597.1065,0.0909999999998945,NA,FALSE,FALSE,FALSE,"inconclusive",872.10625024633,NA
"N.chi.m[118]","A_auxiliary",TRUE,2487.19475,241.247091883728,2315,2411,3066,0.999502645095473,5273.33009738416,NA,2.31090920795151,2487.307,2487.285,2487.134,2487.053,0.253999999999905,NA,FALSE,FALSE,FALSE,"inconclusive",871.913045202407,NA
"N.chi.m[119]","A_auxiliary",TRUE,2742.703625,266.043036272337,2553,2658,3381,0.999504434123211,5260.262731133,NA,2.55083924464022,2742.866,2742.7165,2742.609,2742.623,0.257000000000062,NA,FALSE,FALSE,FALSE,"inconclusive",869.752435703208,NA
"N.chi.m[120]","A_auxiliary",TRUE,1683.078375,163.352264225623,1566,1631,2075,0.999503691689836,5253.13766325507,NA,1.56681266719253,1683.1195,1683.029,1683.0375,1683.1275,0.0985000000000582,NA,FALSE,FALSE,FALSE,"inconclusive",868.574349083179,NA
"N.chi.m[121]","A_auxiliary",TRUE,3279.817,318.095227617029,3052,3179,4043,0.99950661787188,5260.51609553642,NA,3.0495948388981,3279.7,3279.7075,3279.839,3280.0215,0.321500000000015,NA,FALSE,FALSE,FALSE,"inconclusive",869.794327965677,NA
"N.chi.m[122]","A_auxiliary",TRUE,1815.389,176.144271918127,1689,1760,2238,0.999504807524074,5270.35762174258,NA,1.68714857955071,1815.2765,1815.376,1815.439,1815.4645,0.188000000000102,NA,FALSE,FALSE,FALSE,"inconclusive",871.421564441564,NA
"N.chi.m[123]","A_auxiliary",TRUE,2458.8265,238.478659226798,2288,2383.5,3031,0.999503003902298,5276.10871069312,NA,2.2828627892533,2458.7465,2458.883,2458.8945,2458.782,0.147999999999683,NA,FALSE,FALSE,FALSE,"inconclusive",872.372472006138,NA
"N.chi.m[124]","A_auxiliary",TRUE,2453.94425,238.017261808996,2284,2379,3025,0.999504838581801,5277.04400183789,NA,2.27943137273064,2454.0175,2454.031,2453.925,2453.8035,0.227499999999964,NA,FALSE,FALSE,FALSE,"inconclusive",872.527116706001,NA
"N.chi.m[125]","A_auxiliary",TRUE,4194.21175,406.711824853293,3903,4065.5,5170,0.999502462158034,5265.02323365628,NA,3.89860515246949,4194.461,4194.294,4194.069,4194.023,0.438000000000102,NA,FALSE,FALSE,FALSE,"inconclusive",870.539555829412,NA
"N.chi.m[126]","A_auxiliary",TRUE,3744.661125,363.171689767064,3485,3630,4616,0.999502411049298,5254.10508394463,NA,3.48332299392413,3744.7985,3744.5965,3744.56,3744.6895,0.238499999999931,NA,FALSE,FALSE,FALSE,"inconclusive",868.734306207775,NA
"N.chi.m[127]","A_auxiliary",TRUE,4048.937,392.651314352611,3768,3924,4991,0.999503403721089,5259.47728468403,NA,3.76515829856565,4048.848,4048.795,4048.9435,4049.1615,0.366500000000087,NA,FALSE,FALSE,FALSE,"inconclusive",869.622566912042,NA
"N.chi.m[128]","A_auxiliary",TRUE,2221.864625,215.538857108124,2068,2154,2739,0.99950366748499,5272.02915500141,NA,2.06494197429509,2221.7325,2221.818,2221.937,2221.971,0.238499999999931,NA,FALSE,FALSE,FALSE,"inconclusive",871.697942295206,NA
"N.chi.m[129]","A_auxiliary",TRUE,2390.68825,231.87085160368,2225,2317,2947,0.999502223517452,5279.59461422141,NA,2.21988079672898,2390.591,2390.707,2390.7675,2390.6875,0.176500000000033,NA,FALSE,FALSE,FALSE,"inconclusive",872.948844944017,NA
"N.chi.m[130]","A_auxiliary",TRUE,1146.844375,111.35003484347,1067,1112,1414,0.999502079109929,5268.86722827883,NA,1.06615583635409,1146.8565,1146.8865,1146.85,1146.7845,0.102000000000089,NA,FALSE,FALSE,FALSE,"inconclusive",871.175136950865,NA
"N.chi.m[131]","A_auxiliary",TRUE,1176.02575,114.191966935514,1094,1140,1450,0.99950373056368,5264.52341063115,NA,1.09426449384565,1176.0885,1176.0625,1175.9975,1175.9545,0.134000000000015,NA,FALSE,FALSE,FALSE,"inconclusive",870.456913133458,NA
"N.chi.m[132]","A_auxiliary",TRUE,1980.027125,192.127921009646,1843,1919,2441,0.999502394573946,5261.29444785486,NA,1.84250589888514,1980.1245,1980.005,1979.976,1980.003,0.148499999999785,NA,FALSE,FALSE,FALSE,"inconclusive",869.923023785525,NA
"N.chi.m[133]","A_auxiliary",TRUE,1383.71875,134.319836121604,1288,1341,1706,0.999506744296617,5247.66017298207,NA,1.28808394626977,1383.7195,1383.6655,1383.71,1383.78,0.114499999999907,NA,FALSE,FALSE,FALSE,"inconclusive",867.668679395184,NA
"N.chi.m[134]","A_auxiliary",TRUE,2045.80475,198.477280894604,1904,1983,2522,0.999505571947379,5259.22915579705,NA,1.90207091048342,2045.7035,2045.738,2045.848,2045.9295,0.225999999999885,NA,FALSE,FALSE,FALSE,"inconclusive",869.581540310358,NA
"N.chi.m[135]","A_auxiliary",TRUE,2844.2355,275.824814793388,2647,2757,3506,0.999504585688729,5270.83259673727,NA,2.64112308217791,2844.098,2844.2495,2844.314,2844.2805,0.215999999999894,NA,FALSE,FALSE,FALSE,"inconclusive",871.500098666876,NA
"N.chi.m[136]","A_auxiliary",TRUE,939.946875,91.2880837898035,875,911,1159,0.999502833299683,5260.9018493676,NA,0.873739940999921,939.9405,939.9855,939.95,939.9115,0.0739999999999554,NA,FALSE,FALSE,FALSE,"inconclusive",869.858110014483,NA
"N.chi.m[137]","A_auxiliary",TRUE,860.4355,83.5869693040106,801,834,1061,0.999502783156012,5254.56872133767,NA,0.800593459094094,860.479,860.457,860.422,860.384,0.0950000000000273,NA,FALSE,FALSE,FALSE,"inconclusive",868.810965829642,NA
"N.chi.m[138]","A_auxiliary",TRUE,2415.72975,234.353784217279,2248,2341,2978,0.999506167164886,5255.49426755351,NA,2.2472143188861,2415.865,2415.7425,2415.652,2415.6595,0.212999999999738,NA,FALSE,FALSE,FALSE,"inconclusive",868.963999264801,NA
"N.chi.m[139]","A_auxiliary",TRUE,2047.356,198.662015338973,1905,1984,2524,0.99950517363988,5253.8425349447,NA,1.90541659698281,2047.381,2047.303,2047.315,2047.425,0.121999999999844,NA,FALSE,FALSE,FALSE,"inconclusive",868.690895328159,NA
"N.chi.m[140]","A_auxiliary",TRUE,1917.5745,186.067761450582,1785,1859,2364,0.999505201720421,5264.91505674666,NA,1.78354867279481,1917.4885,1917.5115,1917.6055,1917.6925,0.204000000000178,NA,FALSE,FALSE,FALSE,"inconclusive",870.521669435625,NA
"N.chi.m[141]","A_auxiliary",TRUE,2501.808875,242.658012870247,2328,2425,3084,0.999504784575821,5271.85404424654,NA,2.3239527262943,2501.656,2501.793,2501.899,2501.8875,0.242999999999938,NA,FALSE,FALSE,FALSE,"inconclusive",871.668988797377,NA
"N.chi.m[142]","A_auxiliary",TRUE,1395.9485,135.480153368474,1299,1353,1721,0.999502974771867,5270.1686361309,NA,1.2969577118559,1395.9235,1395.986,1395.967,1395.9175,0.0685000000000855,NA,FALSE,FALSE,FALSE,"inconclusive",871.390316820585,NA
"N.chi.m[143]","A_auxiliary",TRUE,3006.486375,291.557189096191,2798,2914,3706,0.999502718456785,5268.88171227242,NA,2.79249793456481,3006.5945,3006.596,3006.4555,3006.2995,0.296499999999924,NA,FALSE,FALSE,FALSE,"inconclusive",871.177531791074,NA
"N.chi.s[1]","A_auxiliary",TRUE,3322.732375,115.797421742539,3193,3305,3568,0.99950472886426,5256.51156330714,NA,1.33884683893191,3322.734,3322.6365,3322.706,3322.853,0.216499999999996,NA,FALSE,FALSE,FALSE,"inconclusive",869.132202927767,NA
"N.chi.s[2]","A_auxiliary",TRUE,784.738875,27.4762999167737,754,781,843,0.999505676499088,5254.2301323704,NA,0.316938770840795,784.7085,784.717,784.7485,784.7815,0.0730000000000928,NA,FALSE,FALSE,FALSE,"inconclusive",868.754982204101,NA
"N.chi.s[3]","A_auxiliary",TRUE,2247.078,78.3416178805137,2159,2235,2413,0.999503960288656,5273.72638293769,NA,0.903733599632467,2246.9775,2247.084,2247.12,2247.1305,0.153000000000247,NA,FALSE,FALSE,FALSE,"inconclusive",871.978568607422,NA
"N.chi.s[4]","A_auxiliary",TRUE,2453.864,85.5213905554075,2358,2441,2635,0.999502888945294,5272.45291606226,NA,0.98618490884748,2453.848,2453.9215,2453.901,2453.7855,0.135999999999967,NA,FALSE,FALSE,FALSE,"inconclusive",871.768008608178,NA
"N.chi.s[5]","A_auxiliary",TRUE,3659.0595,127.46568027201,3516,3640,3929,0.999502573505304,5268.58356040424,NA,1.47149720338344,3659.1965,3659.156,3659.015,3658.8705,0.326000000000022,NA,FALSE,FALSE,FALSE,"inconclusive",871.128234193823,NA
"N.chi.s[6]","A_auxiliary",TRUE,5105.43425,177.829928196461,4906,5078,5482,0.999504399202657,5259.83020796176,NA,2.05594966809905,5105.694,5105.4535,5105.272,5105.3175,0.42200000000048,NA,FALSE,FALSE,FALSE,"inconclusive",869.680920628598,NA
"N.chi.s[7]","A_auxiliary",TRUE,1984.3375,69.2199412653875,1907,1974,2131,0.999504373741694,5248.01299095731,NA,0.80014903128314,1984.3585,1984.3115,1984.2845,1984.3955,0.111000000000104,NA,FALSE,FALSE,FALSE,"inconclusive",867.727015700614,NA
"N.chi.s[8]","A_auxiliary",TRUE,3624.539875,126.282258496933,3483,3605,3892,0.999504618394771,5262.05521045166,NA,1.45911680887576,3624.421,3624.428,3624.579,3624.7315,0.310500000000047,NA,FALSE,FALSE,FALSE,"inconclusive",870.048811251928,NA
"N.chi.s[9]","A_auxiliary",TRUE,2069.1565,72.157252521049,1988,2058,2222,0.999504839502688,5271.81140324639,NA,0.832488502759694,2069.0415,2069.144,2069.227,2069.2135,0.185500000000047,NA,FALSE,FALSE,FALSE,"inconclusive",871.661938367458,NA
"N.chi.s[10]","A_auxiliary",TRUE,3047.17925,106.159899962191,2928,3031,3272,0.999501960053384,5276.84799939383,NA,1.22428184217567,3047.1265,3047.245,3047.223,3047.1225,0.122499999999945,NA,FALSE,FALSE,FALSE,"inconclusive",872.494708894483,NA
"N.chi.s[11]","A_auxiliary",TRUE,5470.68275,190.474526959947,5257,5442,5874,0.999502903611726,5273.98457651014,NA,2.19837983447001,5470.8415,5470.856,5470.633,5470.4005,0.455500000000029,NA,FALSE,FALSE,FALSE,"inconclusive",872.021259343608,NA
"N.chi.s[12]","A_auxiliary",TRUE,873.2215,30.5585407996193,839,868,938,0.999504002857692,5252.18212196645,NA,0.352744498640953,873.2745,873.226,873.191,873.1945,0.0834999999999582,NA,FALSE,FALSE,FALSE,"inconclusive",868.416356145246,NA
"N.chi.s[13]","A_auxiliary",TRUE,1864.1795,65.0485449022428,1791,1854,2002,0.99950328575136,5257.43071611536,NA,0.75193873313477,1864.2295,1864.148,1864.137,1864.2035,0.0924999999999727,NA,FALSE,FALSE,FALSE,"inconclusive",869.284179251878,NA
"N.chi.s[14]","A_auxiliary",TRUE,3939.333125,137.250508616538,3786,3918,4230,0.999504358870907,5264.55092851543,NA,1.58653336661322,3939.2485,3939.199,3939.3535,3939.5315,0.332499999999982,NA,FALSE,FALSE,FALSE,"inconclusive",870.461463048185,NA
"N.chi.s[15]","A_auxiliary",TRUE,3934.762,137.058355199862,3781,3914,4225,0.999504531839353,5269.24268292757,NA,1.58234515047151,3934.5635,3934.688,3934.872,3934.9245,0.360999999999876,NA,FALSE,FALSE,FALSE,"inconclusive",871.237216092522,NA
"N.chi.s[16]","A_auxiliary",TRUE,3926.442125,136.745973736528,3773,3906,4216,0.99950291260302,5275.43058072621,NA,1.57732665583587,3926.3105,3926.487,3926.5465,3926.4245,0.235999999999876,NA,FALSE,FALSE,FALSE,"inconclusive",872.260347342296,NA
"N.chi.s[17]","A_auxiliary",TRUE,5855.391125,203.84835090087,5627,5824,6287,0.999503127097236,5281.54474069695,NA,2.35220836638436,5855.486,5855.579,5855.37,5855.1295,0.449499999999716,NA,FALSE,FALSE,FALSE,"inconclusive",873.271286490898,NA
"N.chi.s[18]","A_auxiliary",TRUE,4288.65925,149.383531787757,4121,4266,4605,0.999504093159634,5264.56214702069,NA,1.72571400322474,4288.8825,4288.745,4288.5495,4288.46,0.422499999999673,NA,FALSE,FALSE,FALSE,"inconclusive",870.463317959771,NA
"N.chi.s[19]","A_auxiliary",TRUE,4350.981125,151.588440854372,4181,4328,4672,0.999503374540594,5258.94867303594,NA,1.75306038300143,4351.1615,4350.9405,4350.848,4350.9745,0.313500000000204,NA,FALSE,FALSE,FALSE,"inconclusive",869.535164192451,NA
"N.chi.s[20]","A_auxiliary",TRUE,2044.887875,71.3285568574198,1965,2034,2196,0.999505523461014,5254.08375597854,NA,0.824434718643477,2044.8615,2044.829,2044.8915,2044.9695,0.140499999999975,NA,FALSE,FALSE,FALSE,"inconclusive",868.730779758357,NA
"N.chi.s[21]","A_auxiliary",TRUE,1816.735875,63.3689953106422,1746,1807,1951,0.99950446309984,5258.45038711905,NA,0.731464051421288,1816.65,1816.6765,1816.8005,1816.8165,0.166499999999814,NA,FALSE,FALSE,FALSE,"inconclusive",869.452775647992,NA
"N.chi.s[22]","A_auxiliary",TRUE,4029.809875,140.346008503082,3873,4009,4327,0.999503980939881,5278.4544174289,NA,1.6191040717126,4029.638,4029.828,4029.926,4029.8475,0.288000000000011,NA,FALSE,FALSE,FALSE,"inconclusive",872.76032034208,NA
"N.chi.s[23]","A_auxiliary",TRUE,2924.234625,101.886063435337,2810,2908.5,3140,0.999503622556088,5272.5790228703,NA,1.17518556233672,2924.248,2924.301,2924.2565,2924.133,0.16800000000012,NA,FALSE,FALSE,FALSE,"inconclusive",871.788859601572,NA
"N.chi.s[24]","A_auxiliary",TRUE,3053.639,106.40835855959,2935,3037,3279,0.9995038480487,5268.92739582261,NA,1.228598756177,3053.765,3053.7135,3053.5975,3053.48,0.284999999999854,NA,FALSE,FALSE,FALSE,"inconclusive",871.18508528813,NA
"N.chi.s[25]","A_auxiliary",TRUE,5019.7375,174.844438475912,4824,4993,5390,0.999503667844976,5255.4672682067,NA,2.02162187209952,5019.975,5019.728,5019.5875,5019.6595,0.387500000000728,NA,FALSE,FALSE,FALSE,"inconclusive",868.959535087087,NA
"N.chi.s[26]","A_auxiliary",TRUE,3777.238375,131.612110084138,3630,3757,4056,0.999504568753986,5254.2112882338,NA,1.52184131062357,3777.2455,3777.155,3777.199,3777.354,0.198999999999614,NA,FALSE,FALSE,FALSE,"inconclusive",868.751866440774,NA
"N.chi.s[27]","A_auxiliary",TRUE,3093.66875,107.809105013576,2973,3077,3322,0.999505603210761,5259.71899365829,NA,1.24544514973529,3093.537,3093.5645,3093.7295,3093.844,0.307000000000244,NA,FALSE,FALSE,FALSE,"inconclusive",869.66253202022,NA
"N.chi.s[28]","A_auxiliary",TRUE,3990.688375,138.986756310316,3835,3969,4285,0.999505479374869,5271.51851904795,NA,1.60381797354168,3990.479,3990.679,3990.824,3990.7715,0.345000000000255,NA,FALSE,FALSE,FALSE,"inconclusive",871.613511747345,NA
"N.chi.s[29]","A_auxiliary",TRUE,2077.574125,72.4370374603616,1996,2066,2231,0.99950357326542,5277.30385175744,NA,0.835249483096484,2077.547,2077.621,2077.611,2077.5175,0.103500000000167,NA,FALSE,FALSE,FALSE,"inconclusive",872.570081309101,NA
"N.chi.s[30]","A_auxiliary",TRUE,1838.17725,64.1231456235822,1766,1828,1974,0.999509407314354,5270.06297280461,NA,0.739956947254414,1838.2505,1838.225,1838.1415,1838.092,0.158500000000004,NA,FALSE,FALSE,FALSE,"inconclusive",871.372846032508,NA
"N.chi.s[31]","A_auxiliary",TRUE,3306.93375,115.236802068637,3178,3289,3551,0.999505099023337,5256.63950811651,NA,1.33179525541893,3307.0945,3306.959,3306.8505,3306.831,0.263500000000022,NA,FALSE,FALSE,FALSE,"inconclusive",869.153357823496,NA
"N.chi.s[32]","A_auxiliary",TRUE,3586.3075,124.981243523394,3447,3567,3851,0.999503227707152,5257.01675158337,NA,1.44540817780005,3586.3775,3586.2325,3586.235,3586.385,0.152500000000146,NA,FALSE,FALSE,FALSE,"inconclusive",869.215732735346,NA
"N.chi.s[33]","A_auxiliary",TRUE,3842.479125,133.876086979967,3693,3822,4126,0.999504556897367,5263.03978792978,NA,1.5472852084772,3842.3685,3842.352,3842.5065,3842.6895,0.337500000000091,NA,FALSE,FALSE,FALSE,"inconclusive",870.211605147119,NA
"N.chi.s[34]","A_auxiliary",TRUE,4576.524,159.370249054005,4398,4552,4914,0.999505074183394,5269.15811776119,NA,1.83967427019137,4576.288,4576.456,4576.649,4576.703,0.415000000000873,NA,FALSE,FALSE,FALSE,"inconclusive",871.223233756811,NA
"N.chi.s[35]","A_auxiliary",TRUE,4218.909875,146.913708370588,4054,4197,4530,0.999502041678173,5276.20838797828,NA,1.69453595264298,4218.7975,4218.985,4218.996,4218.861,0.198500000000422,NA,FALSE,FALSE,FALSE,"inconclusive",872.388953038737,NA
"N.chi.s[36]","A_auxiliary",TRUE,4948.183125,172.286661343655,4755,4922,5313,0.999501383889358,5273.21203063813,NA,1.98811681043256,4948.315,4948.3175,4948.151,4947.949,0.368500000000495,NA,FALSE,FALSE,FALSE,"inconclusive",871.893523584347,NA
"N.chi.s[37]","A_auxiliary",TRUE,3627.35225,126.370417247203,3486,3608,3895,0.999502126752495,5259.79286956609,NA,1.45995067056915,3627.53,3627.4255,3627.265,3627.1885,0.341499999999996,NA,FALSE,FALSE,FALSE,"inconclusive",869.674746952066,NA
"N.chi.s[38]","A_auxiliary",TRUE,3156.959,110.027360558677,3034,3140,3390,0.999502337557115,5251.87685007188,NA,1.27230696237279,3157.0615,3156.926,3156.872,3156.9765,0.189499999999953,NA,FALSE,FALSE,FALSE,"inconclusive",868.365881294954,NA
"N.chi.s[39]","A_auxiliary",TRUE,4649.046,161.951579718359,4468,4624,4992,0.999504152293896,5265.69359568403,NA,1.87249613749057,4648.973,4648.8795,4649.06,4649.2715,0.391999999999825,NA,FALSE,FALSE,FALSE,"inconclusive",870.650396111777,NA
"N.chi.s[40]","A_auxiliary",TRUE,4570.895875,159.198836574518,4393,4546,4908,0.999503795478596,5271.23852396464,NA,1.83842185109501,4570.6595,4570.81,4571.016,4571.098,0.438500000000204,NA,FALSE,FALSE,FALSE,"inconclusive",871.567216263994,NA
"N.chi.s[41]","A_auxiliary",TRUE,3786.733625,131.879755660615,3639,3767,4066,0.999502696545235,5273.6540743368,NA,1.52123523301634,3786.595,3786.774,3786.8195,3786.746,0.224500000000262,NA,FALSE,FALSE,FALSE,"inconclusive",871.966612820239,NA
"N.chi.s[42]","A_auxiliary",TRUE,2012.37975,70.1575730093971,1934,2002,2161,0.999504117402547,5268.43540324448,NA,0.809008663193582,2012.409,2012.4155,2012.393,2012.3015,0.114000000000033,NA,FALSE,FALSE,FALSE,"inconclusive",871.103737308941,NA
"N.chi.s[43]","A_auxiliary",TRUE,1852.127875,64.6038484158497,1780,1842,1989,0.999502864204007,5259.46242542332,NA,0.745769133056211,1852.205,1852.19,1852.0875,1852.029,0.175999999999931,NA,FALSE,FALSE,FALSE,"inconclusive",869.620110023697,NA
"N.chi.s[44]","A_auxiliary",TRUE,3522.9775,122.768110659383,3386,3504,3783,0.9995058708767,5259.04169558225,NA,1.41941327440325,3523.125,3522.9665,3522.8785,3522.94,0.246500000000196,NA,FALSE,FALSE,FALSE,"inconclusive",869.550544904473,NA
"N.chi.s[45]","A_auxiliary",TRUE,2597.19625,90.54432489275,2496,2583,2789,0.999505661127203,5252.73460060005,NA,1.04671290384849,2597.193,2597.1195,2597.179,2597.2935,0.174000000000433,NA,FALSE,FALSE,FALSE,"inconclusive",868.507705125669,NA
"N.chi.s[46]","A_auxiliary",TRUE,3515.59075,122.493982960061,3379,3497,3775,0.999505512895159,5266.42142877797,NA,1.41493887373807,3515.4265,3515.516,3515.6545,3515.766,0.339500000000044,NA,FALSE,FALSE,FALSE,"inconclusive",870.770738885246,NA
"N.chi.s[47]","A_auxiliary",TRUE,3544.54875,123.463922021547,3406,3526,3806,0.999506384572582,5273.89981444929,NA,1.42441610599192,3544.3965,3544.5345,3544.643,3544.621,0.246500000000196,NA,FALSE,FALSE,FALSE,"inconclusive",872.007244452594,NA
"N.chi.s[48]","A_auxiliary",TRUE,3360.14325,117.040527340181,3229,3342,3608,0.999502589503618,5273.51532234372,NA,1.3498785094058,3360.132,3360.24,3360.1655,3360.0355,0.204499999999825,NA,FALSE,FALSE,FALSE,"inconclusive",871.943671022441,NA
"N.chi.s[49]","A_auxiliary",TRUE,971.022,33.9544382810978,933,966,1043,0.999502474408582,5260.10899536299,NA,0.391564342193301,971.0565,971.0545,971.016,970.961,0.0955000000000155,NA,FALSE,FALSE,FALSE,"inconclusive",869.727016429066,NA
"N.chi.s[50]","A_auxiliary",TRUE,2719.215125,94.7964339609929,2613,2705,2920,0.999503902435802,5255.96906571279,NA,1.09568243549604,2719.3425,2719.246,2719.132,2719.14,0.210500000000138,NA,FALSE,FALSE,FALSE,"inconclusive",869.042504251453,NA
"N.chi.s[51]","A_auxiliary",TRUE,4244.80175,147.893560576838,4079,4222,4558,0.999504412583217,5254.60549977796,NA,1.71047087178906,4244.8655,4244.6965,4244.7215,4244.9235,0.226999999999862,NA,FALSE,FALSE,FALSE,"inconclusive",868.81704692096,NA
"N.chi.s[52]","A_auxiliary",TRUE,1709.60325,59.6491730237537,1643,1700,1836,0.999505759147312,5253.20326753338,NA,0.688842394854252,1709.542,1709.558,1709.6195,1709.6935,0.151500000000169,NA,FALSE,FALSE,FALSE,"inconclusive",868.585196351419,NA
"N.chi.s[53]","A_auxiliary",TRUE,1467.48425,51.2226265591828,1410,1460,1576,0.999505481186773,5266.01896785606,NA,0.590883475624234,1467.4365,1467.418,1467.546,1467.5365,0.128000000000156,NA,FALSE,FALSE,FALSE,"inconclusive",870.704194420645,NA
"N.chi.s[54]","A_auxiliary",TRUE,2845.058375,99.1242171150014,2734,2830,3055,0.999502632847549,5274.28560302431,NA,1.14301819932994,2845.012,2845.102,2845.106,2845.0135,0.0940000000000509,NA,FALSE,FALSE,FALSE,"inconclusive",872.071032246083,NA
"N.chi.s[55]","A_auxiliary",TRUE,3085.33525,107.491328281143,2965,3069,3313,0.99950204143006,5268.63218153214,NA,1.240328696436,3085.4255,3085.4325,3085.3245,3085.1585,0.273999999999887,NA,FALSE,FALSE,FALSE,"inconclusive",871.136273401478,NA
"N.chi.s[56]","A_auxiliary",TRUE,3760.530125,131.010464506506,3614,3740,4038,0.999503260774783,5258.05906228897,NA,1.5139080992172,3760.731,3760.562,3760.439,3760.3885,0.3425000000002,NA,FALSE,FALSE,FALSE,"inconclusive",869.388072468414,NA
"N.chi.s[57]","A_auxiliary",TRUE,3075.92125,107.208150328576,2956,3059,3303,0.999503648435168,5252.18378426521,NA,1.23971461511209,3075.986,3075.872,3075.867,3075.96,0.118999999999687,NA,FALSE,FALSE,FALSE,"inconclusive",868.416630996231,NA
"N.chi.s[58]","A_auxiliary",TRUE,2662.395875,92.8186488302889,2559,2648,2859,0.999503086410806,5263.46338677581,NA,1.07269990866475,2662.33,2662.3175,2662.4105,2662.5255,0.208000000000084,NA,FALSE,FALSE,FALSE,"inconclusive",870.281644638857,NA
"N.chi.s[59]","A_auxiliary",TRUE,3051.78525,106.339812167852,2933,3036,3277,0.999503641466374,5273.96566035678,NA,1.22756025037785,3051.6185,3051.738,3051.8785,3051.906,0.287499999999909,NA,FALSE,FALSE,FALSE,"inconclusive",872.018131672748,NA
"N.chi.s[60]","A_auxiliary",TRUE,2737.953375,95.4027916923403,2631,2723,2940,0.99950343857618,5274.07155782996,NA,1.10022305329432,2737.864,2737.9965,2738.019,2737.934,0.154999999999745,NA,FALSE,FALSE,FALSE,"inconclusive",872.035641175588,NA
"N.chi.s[61]","A_auxiliary",TRUE,1927.606875,67.2249356766622,1852,1917,2070,0.999503432625067,5273.66694353674,NA,0.7753631881873,1927.655,1927.6535,1927.5925,1927.5265,0.128500000000031,NA,FALSE,FALSE,FALSE,"inconclusive",871.968740664143,NA
"N.chi.s[62]","A_auxiliary",TRUE,3627.3655,126.367324682226,3486,3608,3895,0.999502782309531,5261.06109600095,NA,1.45965942739915,3627.556,3627.4425,3627.2695,3627.194,0.36200000000008,NA,FALSE,FALSE,FALSE,"inconclusive",869.884440476347,NA
"N.chi.s[63]","A_auxiliary",TRUE,3753.03425,130.779187856611,3607,3733,4030,0.999502852623242,5261.64635191151,NA,1.51238374408337,3753.176,3753.0095,3752.93,3753.0215,0.246000000000095,NA,FALSE,FALSE,FALSE,"inconclusive",869.981208980077,NA
"N.chi.s[64]","A_auxiliary",TRUE,2617.684625,91.2681099678125,2516,2604,2811,0.999504101678145,5260.32074751101,NA,1.05509862706497,2617.6555,2617.6195,2617.6715,2617.792,0.172500000000127,NA,FALSE,FALSE,FALSE,"inconclusive",869.762028358302,NA
"N.chi.s[65]","A_auxiliary",TRUE,2995.885,104.397516159018,2879,2980,3217,0.999504796358155,5262.73407120367,NA,1.20547967672733,2995.731,2995.831,2995.966,2996.012,0.280999999999949,NA,FALSE,FALSE,FALSE,"inconclusive",870.161056746639,NA
"N.chi.s[66]","A_auxiliary",TRUE,5060.899125,176.214584801377,4863.975,5034,5434,0.999504731954809,5277.97562734942,NA,2.03311540705045,5060.6735,5060.9185,5061.0675,5060.937,0.394000000000233,NA,FALSE,FALSE,FALSE,"inconclusive",872.681155315712,NA
"N.chi.s[67]","A_auxiliary",TRUE,3361.071,117.068887196999,3230,3343,3609,0.999502927316748,5272.44343403952,NA,1.35021097197774,3361.0765,3361.162,3361.1035,3360.942,0.2199999999998,NA,FALSE,FALSE,FALSE,"inconclusive",871.766440813413,NA
"N.chi.s[68]","A_auxiliary",TRUE,2375.584375,82.8100541540268,2283,2363,2551,0.999503046626725,5262.49214967141,NA,0.955947920796734,2375.699,2375.644,2375.5285,2375.466,0.233000000000175,NA,FALSE,FALSE,FALSE,"inconclusive",870.121056493289,NA
"N.chi.s[69]","A_auxiliary",TRUE,2462.14725,85.8509805785329,2366,2449,2644,0.999503756014208,5253.66509293272,NA,0.99236921963805,2462.2575,2462.1475,2462.084,2462.1,0.173500000000331,NA,FALSE,FALSE,FALSE,"inconclusive",868.661556371151,NA
"N.chi.s[70]","A_auxiliary",TRUE,1812.95575,63.2600052993302,1742,1803,1947,0.999506026722367,5253.11705517275,NA,0.731143385886321,1812.966,1812.9005,1812.941,1813.0155,0.115000000000009,NA,FALSE,FALSE,FALSE,"inconclusive",868.57094166216,NA
"N.chi.s[71]","A_auxiliary",TRUE,2847.771625,99.2503365159118,2737,2832,3058,0.999505473411734,5267.8444685638,NA,1.14638875658912,2847.6585,2847.681,2847.8225,2847.9245,0.266000000000076,NA,FALSE,FALSE,FALSE,"inconclusive",871.006029855126,NA
"N.chi.s[72]","A_auxiliary",TRUE,4866.214875,169.446985776843,4676,4841,5225,0.999506112473794,5274.81617270031,NA,1.95545053187008,4865.983,4866.1935,4866.355,4866.328,0.371999999999389,NA,FALSE,FALSE,FALSE,"inconclusive",872.158758713676,NA
"N.chi.s[73]","A_auxiliary",TRUE,2263.86025,78.9165394417567,2176,2252,2431,0.999505320011807,5276.50973541551,NA,0.910051500751136,2263.833,2263.933,2263.8645,2263.8105,0.122499999999945,NA,FALSE,FALSE,FALSE,"inconclusive",872.438779003887,NA
"N.chi.s[74]","A_auxiliary",TRUE,4576.521,159.369113611443,4398,4552,4914,0.99950295367961,5268.58022459291,NA,1.83968413482146,4576.6945,4576.6535,4576.4585,4576.2775,0.416999999999462,NA,FALSE,FALSE,FALSE,"inconclusive",871.127682637716,NA
"N.chi.s[75]","A_auxiliary",TRUE,3333.950375,116.174336546066,3204,3316,3580,0.999504630819655,5256.04454231628,NA,1.3426488248876,3334.124,3333.9725,3333.852,3333.853,0.271999999999935,NA,FALSE,FALSE,FALSE,"inconclusive",869.054983848591,NA
"N.chi.s[76]","A_auxiliary",TRUE,1213.16875,42.3824675736579,1166,1207,1303,0.999503718785183,5243.76752282135,NA,0.489730292879562,1213.1925,1213.146,1213.1485,1213.188,0.046500000000151,NA,FALSE,FALSE,FALSE,"inconclusive",867.025053376546,NA
"N.chi.s[77]","A_auxiliary",TRUE,3275.264,114.14056273958,3148,3258,3517,0.99950440562213,5262.73756905107,NA,1.31910569911977,3275.17,3275.148,3275.295,3275.443,0.295000000000073,NA,FALSE,FALSE,FALSE,"inconclusive",870.161635094424,NA
"N.chi.s[78]","A_auxiliary",TRUE,3053.6585,106.401389956726,2935,3038,3279,0.999504860531266,5272.30733756269,NA,1.22802558919414,3053.508,3053.626,3053.735,3053.765,0.257000000000062,NA,FALSE,FALSE,FALSE,"inconclusive",871.743938089069,NA
"N.chi.s[79]","A_auxiliary",TRUE,2284.34525,79.6252414427857,2195,2272,2453,0.999502653560578,5273.04171403675,NA,0.91811631609031,2284.2845,2284.3785,2284.403,2284.315,0.118499999999585,NA,FALSE,FALSE,FALSE,"inconclusive",871.865362770627,NA
"N.chi.s[80]","A_auxiliary",TRUE,1541.9905,53.7952637418028,1482,1534,1656,0.999504413155439,5265.12664633401,NA,0.620168724373045,1542.025,1542.0475,1541.9745,1541.915,0.132499999999936,NA,FALSE,FALSE,FALSE,"inconclusive",870.556654486443,NA
"N.chi.s[81]","A_auxiliary",TRUE,5443.573125,189.579247780797,5231,5415,5845,0.9995032519192,5263.76728774228,NA,2.19082703883536,5443.856,5443.665,5443.4185,5443.353,0.502999999999702,NA,FALSE,FALSE,FALSE,"inconclusive",870.33189281453,NA
"N.chi.s[82]","A_auxiliary",TRUE,2910.138,101.443414284948,2797,2894,3125,0.999502420553856,5260.17345250358,NA,1.17300941592795,2910.239,2910.0935,2910.054,2910.1655,0.184999999999945,NA,FALSE,FALSE,FALSE,"inconclusive",869.737674025063,NA
"N.chi.s[83]","A_auxiliary",TRUE,3852.709,134.237960531872,3703,3832,4137,0.999504450475649,5262.9074863602,NA,1.55188354982406,3852.641,3852.593,3852.7085,3852.8935,0.300500000000284,NA,FALSE,FALSE,FALSE,"inconclusive",870.189729887599,NA
"N.chi.s[84]","A_auxiliary",TRUE,2675.484625,93.2449453916374,2571,2661,2873,0.999506186683585,5265.12769682483,NA,1.07635775981755,2675.355,2675.408,2675.567,2675.6085,0.253499999999804,NA,FALSE,FALSE,FALSE,"inconclusive",870.556828178708,NA
"N.chi.s[85]","A_auxiliary",TRUE,3704.762,129.036285212195,3560,3685,3978,0.99950270878948,5274.2129566569,NA,1.48849572019772,3704.6265,3704.7935,3704.859,3704.769,0.232500000000073,NA,FALSE,FALSE,FALSE,"inconclusive",872.05902061126,NA
"N.chi.s[86]","A_auxiliary",TRUE,2753.774875,95.9628133780395,2646,2739,2957,0.999501772146194,5274.70264477408,NA,1.10693056569487,2753.798,2753.857,2753.7915,2753.653,0.204000000000178,NA,FALSE,FALSE,FALSE,"inconclusive",872.139987561852,NA
"N.chi.s[87]","A_auxiliary",TRUE,3515.602625,122.490962820144,3379,3497,3775,0.999502556144249,5267.3653401485,NA,1.41476978715311,3515.7775,3515.6735,3515.5325,3515.427,0.350500000000011,NA,FALSE,FALSE,FALSE,"inconclusive",870.926808886987,NA
"N.chi.s[88]","A_auxiliary",TRUE,2654.944,92.5633059570655,2551,2641,2851,0.999505241676716,5257.0069801598,NA,1.07019178083125,2655.0745,2654.91,2654.865,2654.9265,0.209500000000389,NA,FALSE,FALSE,FALSE,"inconclusive",869.214117089913,NA
"N.chi.s[89]","A_auxiliary",TRUE,3687.843125,128.500908851576,3544,3668,3960,0.999504724040592,5255.19609457896,NA,1.48582297729317,3687.828,3687.7455,3687.814,3687.985,0.239500000000135,NA,FALSE,FALSE,FALSE,"inconclusive",868.914698177738,NA
"N.chi.s[90]","A_auxiliary",TRUE,2081.246375,72.5825750654714,2000,2070,2235,0.999505053253105,5260.94137439223,NA,0.838125249133772,2081.148,2081.194,2081.286,2081.3575,0.209499999999935,NA,FALSE,FALSE,FALSE,"inconclusive",869.864645236811,NA
"N.chi.s[91]","A_auxiliary",TRUE,4716.263625,164.227955840485,4532,4691,5064,0.999506247448262,5273.40657368236,NA,1.89495304240589,4716.036,4716.285,4716.3995,4716.334,0.363500000000386,NA,FALSE,FALSE,FALSE,"inconclusive",871.925690092982,NA
"N.chi.s[92]","A_auxiliary",TRUE,1827.019625,63.7149075063224,1756,1817,1962,0.999507616150865,5278.42113700784,NA,0.734570324203422,1826.9975,1827.085,1827.0485,1826.9475,0.137500000000045,NA,FALSE,FALSE,FALSE,"inconclusive",872.754817626958,NA
"N.chi.s[93]","A_auxiliary",TRUE,1675.175875,58.4378692805878,1610,1666,1799,0.99950396250013,5259.69226864395,NA,0.674251997989934,1675.2485,1675.2245,1675.1385,1675.092,0.156499999999824,NA,FALSE,FALSE,FALSE,"inconclusive",869.658113201712,NA
"N.chi.s[94]","A_auxiliary",TRUE,2143.624875,74.7623557177236,2060,2132,2302,0.99950580335072,5253.27126924538,NA,0.864022999581531,2143.7325,2143.628,2143.572,2143.567,0.165500000000065,NA,FALSE,FALSE,FALSE,"inconclusive",868.596440020731,NA
"N.chi.s[95]","A_auxiliary",TRUE,1859.539375,64.8788860750684,1787,1850,1997,0.999504164037236,5248.37552700759,NA,0.749969830210807,1859.5565,1859.5005,1859.51,1859.5905,0.0899999999999181,NA,FALSE,FALSE,FALSE,"inconclusive",867.78695883062,NA
"N.chi.s[96]","A_auxiliary",TRUE,2586.982875,90.1834905316938,2486,2573,2778,0.999504582754146,5258.75502337225,NA,1.04189116842454,2586.884,2586.9055,2587.02,2587.122,0.237999999999829,NA,FALSE,FALSE,FALSE,"inconclusive",869.503145398852,NA
"N.chi.s[97]","A_auxiliary",TRUE,1567.143,54.6845165521628,1506,1559,1683,0.999504701979711,5264.42278191703,NA,0.630756049053233,1567.0485,1567.121,1567.2235,1567.179,0.174999999999955,NA,FALSE,FALSE,FALSE,"inconclusive",870.440274787869,NA
"N.chi.s[98]","A_auxiliary",TRUE,2018.888375,70.3909317687212,1940,2008,2168,0.999502654648996,5272.67704239228,NA,0.81154144355591,2018.8455,2018.9425,2018.917,2018.8485,0.0970000000002074,NA,FALSE,FALSE,FALSE,"inconclusive",871.805066533115,NA
"N.chi.s[99]","A_auxiliary",TRUE,1589.4905,55.4704879339367,1527,1581,1707,0.999505016854129,5272.02434604451,NA,0.639937097965269,1589.5445,1589.5245,1589.4795,1589.4135,0.130999999999858,NA,FALSE,FALSE,FALSE,"inconclusive",871.697147163443,NA
"N.chi.s[100]","A_auxiliary",TRUE,2059.811,71.848603373523,1979,2049,2212,0.999504030171984,5262.27726728004,NA,0.830166409300259,2059.9335,2059.8375,2059.7205,2059.7525,0.213000000000193,NA,FALSE,FALSE,FALSE,"inconclusive",870.085526997362,NA
"N.chi.s[101]","A_auxiliary",TRUE,1792.47425,62.5522116662185,1723,1783,1925,0.999503851245684,5258.44963133329,NA,0.723105933759528,1792.522,1792.427,1792.453,1792.495,0.0950000000000273,NA,FALSE,FALSE,FALSE,"inconclusive",869.452650683415,NA
"N.chi.s[102]","A_auxiliary",TRUE,2580.451875,89.9496528703175,2480,2567,2771,0.999504055962218,5255.29879845954,NA,1.03937305313323,2580.382,2580.3775,2580.472,2580.576,0.198499999999967,NA,FALSE,FALSE,FALSE,"inconclusive",868.931679639474,NA
"N.chi.s[103]","A_auxiliary",TRUE,3927.31525,136.798182865461,3774,3907,4217,0.999505251690841,5267.30959510254,NA,1.57931310417696,3927.1055,3927.254,3927.4345,3927.467,0.361499999999978,NA,FALSE,FALSE,FALSE,"inconclusive",870.917591782827,NA
"N.chi.s[104]","A_auxiliary",TRUE,2865.548375,99.8401142623115,2754,2850,3077,0.999503150820564,5280.61996288102,NA,1.15136669040222,2865.439,2865.584,2865.641,2865.5295,0.202000000000226,NA,FALSE,FALSE,FALSE,"inconclusive",873.118380105989,NA
"N.chi.s[105]","A_auxiliary",TRUE,2584.249375,90.0673620315499,2483,2570,2775,0.999503061452524,5274.48520524782,NA,1.03905340043709,2584.2935,2584.3405,2584.2395,2584.124,0.216499999999996,NA,FALSE,FALSE,FALSE,"inconclusive",872.10403525923,NA
"N.chi.s[106]","A_auxiliary",TRUE,3259.46025,113.579949685492,3132,3242,3500,0.999502697128766,5264.05742681326,NA,1.31205396533874,3259.6285,3259.5225,3259.3735,3259.3165,0.311999999999898,NA,FALSE,FALSE,FALSE,"inconclusive",870.37986554452,NA
"N.chi.s[107]","A_auxiliary",TRUE,1945.22075,67.8688020464771,1869,1935,2089,0.99950331722341,5255.1197086003,NA,0.784569780578941,1945.2965,1945.2105,1945.155,1945.221,0.141499999999951,NA,FALSE,FALSE,FALSE,"inconclusive",868.90206822095,NA
"N.chi.s[108]","A_auxiliary",TRUE,1276.50975,44.5758149712095,1227,1270,1371,0.999503403701184,5246.77411860714,NA,0.514858346010108,1276.4955,1276.471,1276.508,1276.5645,0.0934999999999491,NA,FALSE,FALSE,FALSE,"inconclusive",867.522175695624,NA
"N.chi.s[109]","A_auxiliary",TRUE,1109.8005,38.7878590798911,1066,1104,1192,0.999507361537365,5264.46151833941,NA,0.447598186017632,1109.7345,1109.7925,1109.8255,1109.8495,0.115000000000009,NA,FALSE,FALSE,FALSE,"inconclusive",870.446679619611,NA
"N.chi.s[110]","A_auxiliary",TRUE,4352.0855,151.548975008833,4182,4329,4673,0.999504257098817,5274.86702015201,NA,1.74829116262314,4351.9045,4352.099,4352.2125,4352.126,0.307999999999993,NA,FALSE,FALSE,FALSE,"inconclusive",872.167166030424,NA
"N.chi.s[111]","A_auxiliary",TRUE,2546.07,88.7301920479877,2447,2533,2734,0.999502447724174,5280.07839932922,NA,1.02331546372085,2546.0735,2546.14,2546.0995,2545.967,0.172999999999774,NA,FALSE,FALSE,FALSE,"inconclusive",873.028835867927,NA
"N.chi.s[112]","A_auxiliary",TRUE,2277.791,79.40849156461,2189,2266,2446,0.999503491349898,5261.46476788707,NA,0.916709595500289,2277.8935,2277.8515,2277.7415,2277.6775,0.216000000000349,NA,FALSE,FALSE,FALSE,"inconclusive",869.951185166513,NA
"N.chi.s[113]","A_auxiliary",TRUE,2452.8405,85.5274907775859,2357,2440,2634,0.999504437985616,5254.15364441802,NA,0.988723214762932,2452.965,2452.832,2452.758,2452.807,0.207000000000335,NA,FALSE,FALSE,FALSE,"inconclusive",868.742335386578,NA
"N.chi.s[114]","A_auxiliary",TRUE,3481.068625,121.314722203604,3345,3463,3738,0.999502949416143,5256.86765284989,NA,1.40285131620264,3481.082,3480.9775,3481.0225,3481.1925,0.215000000000146,NA,FALSE,FALSE,FALSE,"inconclusive",869.19108016698,NA
"N.chi.s[115]","A_auxiliary",TRUE,3261.3225,113.64182901517,3134,3244,3502,0.999503966818143,5260.30173868528,NA,1.31281878913868,3261.199,3261.229,3261.3535,3261.5085,0.309499999999844,NA,FALSE,FALSE,FALSE,"inconclusive",869.75888536463,NA
"N.chi.s[116]","A_auxiliary",TRUE,4318.5315,150.38898185533,4150,4295,4637,0.999504480344558,5273.13027133064,NA,1.73527439830973,4318.3205,4318.529,4318.6605,4318.616,0.340000000000146,NA,FALSE,FALSE,FALSE,"inconclusive",871.88000518033,NA
"N.chi.s[117]","A_auxiliary",TRUE,1833.53925,63.9413033236057,1762,1824,1969,0.999502396553492,5270.03192781664,NA,0.737120335336829,1833.5165,1833.582,1833.5715,1833.487,0.0950000000000273,NA,FALSE,FALSE,FALSE,"inconclusive",871.367712932646,NA
"N.chi.s[118]","A_auxiliary",TRUE,2855.28175,99.4907742894218,2744,2840,3066,0.999502481574114,5267.4093271426,NA,1.14820395533023,2855.372,2855.3685,2855.2535,2855.133,0.239000000000033,NA,FALSE,FALSE,FALSE,"inconclusive",870.934081868817,NA
"N.chi.s[119]","A_auxiliary",TRUE,3148.599,109.722843277013,3026,3132,3381,0.999505538938136,5260.66124866595,NA,1.26806138266672,3148.766,3148.6145,3148.5095,3148.506,0.260000000000218,NA,FALSE,FALSE,FALSE,"inconclusive",869.818328152439,NA
"N.chi.s[120]","A_auxiliary",TRUE,1932.17625,67.3998240203358,1857,1922,2075,0.999502881461405,5246.82858848729,NA,0.779000345454552,1932.1885,1932.1605,1932.157,1932.199,0.0420000000001437,NA,FALSE,FALSE,FALSE,"inconclusive",867.531181958877,NA
"N.chi.s[121]","A_auxiliary",TRUE,3765.1775,131.182879455484,3618,3745,4043,0.999506390300356,5261.87247383871,NA,1.51603921054507,3765.0635,3765.0675,3765.199,3765.38,0.316499999999905,NA,FALSE,FALSE,FALSE,"inconclusive",870.018596864865,NA
"N.chi.s[122]","A_auxiliary",TRUE,2084.06875,72.6539854284482,2003,2073,2238,0.999505848823502,5264.22705941187,NA,0.838130571743199,2083.9605,2084.038,2084.135,2084.1415,0.18100000000004,NA,FALSE,FALSE,FALSE,"inconclusive",870.407913262544,NA
"N.chi.s[123]","A_auxiliary",TRUE,2822.713375,98.3556579487958,2713,2808,3031,0.999502611125056,5278.50412381053,NA,1.13432405878638,2822.6545,2822.744,2822.7745,2822.6805,0.119999999999891,NA,FALSE,FALSE,FALSE,"inconclusive",872.768538989836,NA
"N.chi.s[124]","A_auxiliary",TRUE,2817.097875,98.163699041248,2707,2802,3025,0.999502469126633,5271.46164631878,NA,1.132572821536,2817.168,2817.186,2817.083,2816.9545,0.231500000000324,NA,FALSE,FALSE,FALSE,"inconclusive",871.604108187629,NA
"N.chi.s[125]","A_auxiliary",TRUE,4814.878875,167.696618848536,4627,4789,5170,0.99950287803072,5262.43339167359,NA,1.9377641833527,4815.133,4814.9585,4814.7285,4814.6955,0.4375,NA,FALSE,FALSE,FALSE,"inconclusive",870.111341215872,NA
"N.chi.s[126]","A_auxiliary",TRUE,4298.82025,149.771045635333,4131,4276,4616,0.99950379357739,5255.55842668908,NA,1.73215917352568,4298.954,4298.7405,4298.723,4298.8635,0.230999999999767,NA,FALSE,FALSE,FALSE,"inconclusive",868.97460758748,NA
"N.chi.s[127]","A_auxiliary",TRUE,4648.110875,161.913032398544,4467,4623,4991,0.999503315850179,5268.48100058599,NA,1.87188790200642,4648.017,4647.9775,4648.125,4648.324,0.346499999999651,NA,FALSE,FALSE,FALSE,"inconclusive",871.111276551917,NA
"N.chi.s[128]","A_auxiliary",TRUE,2550.69275,88.9105265570615,2451,2537,2739,0.999503949386111,5265.37557471946,NA,1.02644647586132,2550.57,2550.6435,2550.748,2550.8095,0.23949999999968,NA,FALSE,FALSE,FALSE,"inconclusive",870.597813280334,NA
"N.chi.s[129]","A_auxiliary",TRUE,2744.454125,95.6330361600262,2637,2730,2947,0.999502751138019,5276.88938948188,NA,1.10289962091441,2744.3515,2744.487,2744.5215,2744.4565,0.169999999999618,NA,FALSE,FALSE,FALSE,"inconclusive",872.501552493696,NA
"N.chi.s[130]","A_auxiliary",TRUE,1316.59575,45.9726823002226,1265,1309.5,1414,0.999503255211227,5269.18424242924,NA,0.530022838013228,1316.606,1316.6405,1316.603,1316.5335,0.106999999999971,NA,FALSE,FALSE,FALSE,"inconclusive",871.227553311713,NA
"N.chi.s[131]","A_auxiliary",TRUE,1350.09825,47.15034720278,1297,1343,1450,0.99950373056368,5264.52341063115,NA,0.544270427352245,1350.161,1350.135,1350.07,1350.027,0.134000000000015,NA,FALSE,FALSE,FALSE,"inconclusive",870.456913133458,NA
"N.chi.s[132]","A_auxiliary",TRUE,2273.063,79.273859651862,2184,2261,2441,0.99950611338811,5256.54144328636,NA,0.91635865939085,2273.1575,2273.055,2272.996,2273.0435,0.161499999999705,NA,FALSE,FALSE,FALSE,"inconclusive",869.137143400522,NA
"N.chi.s[133]","A_auxiliary",TRUE,1588.509375,55.4504351286259,1527,1580,1706,0.99950545517731,5258.2286103913,NA,0.64082130627865,1588.5155,1588.445,1588.5035,1588.5735,0.128500000000031,NA,FALSE,FALSE,FALSE,"inconclusive",869.416106215493,NA
"N.chi.s[134]","A_auxiliary",TRUE,2348.566875,81.8801094391955,2257,2336,2522,0.999505392324478,5260.21589634508,NA,0.945579508727326,2348.461,2348.5045,2348.6185,2348.6835,0.222500000000309,NA,FALSE,FALSE,FALSE,"inconclusive",869.744691855998,NA
"N.chi.s[135]","A_auxiliary",TRUE,3265.118375,113.751185835111,3138,3248,3506,0.999506354834609,5277.42074788168,NA,1.31236463224191,3264.9675,3265.1245,3265.2185,3265.163,0.250999999999749,NA,FALSE,FALSE,FALSE,"inconclusive",872.589409371971,NA
"N.chi.s[136]","A_auxiliary",TRUE,1079.095,37.7025650377575,1037,1073,1159,0.999503558613686,5265.78285452386,NA,0.434461028100001,1079.09,1079.1285,1079.1025,1079.059,0.0695000000000618,NA,FALSE,FALSE,FALSE,"inconclusive",870.665154517834,NA
"N.chi.s[137]","A_auxiliary",TRUE,987.787125,34.5385425734753,949,982.5,1061,0.999502949763593,5261.04701746966,NA,0.398324407705133,987.8335,987.814,987.7635,987.7375,0.0960000000000036,NA,FALSE,FALSE,FALSE,"inconclusive",869.882112676861,NA
"N.chi.s[138]","A_auxiliary",TRUE,2773.23925,96.6718738353411,2665,2758,2978,0.999504876047763,5255.6911726375,NA,1.11739919432071,2773.3675,2773.256,2773.162,2773.1715,0.205500000000029,NA,FALSE,FALSE,FALSE,"inconclusive",868.996556322338,NA
"N.chi.s[139]","A_auxiliary",TRUE,2350.380625,81.9590669828043,2259,2338,2524,0.999506929427068,5257.45725008933,NA,0.947588615123613,2350.4,2350.3275,2350.3505,2350.4445,0.117000000000189,NA,FALSE,FALSE,FALSE,"inconclusive",869.288566483024,NA
"N.chi.s[140]","A_auxiliary",TRUE,2201.368875,76.7660532696664,2116,2190,2364,0.999505854961326,5264.72419642761,NA,0.886663964853416,2201.2815,2201.308,2201.398,2201.488,0.206499999999778,NA,FALSE,FALSE,FALSE,"inconclusive",870.49011184319,NA
"N.chi.s[141]","A_auxiliary",TRUE,2872.050125,100.077732571006,2760,2857,3084,0.999505019295181,5268.41380461499,NA,1.15478390895801,2871.8785,2872.047,2872.163,2872.112,0.284500000000207,NA,FALSE,FALSE,FALSE,"inconclusive",871.100166106975,NA
"N.chi.s[142]","A_auxiliary",TRUE,1602.556,55.908231328592,1540,1594,1721,0.999504001530413,5270.01701175668,NA,0.644501429790841,1602.527,1602.5885,1602.584,1602.5245,0.0640000000000782,NA,FALSE,FALSE,FALSE,"inconclusive",871.36524665289,NA
"N.chi.s[143]","A_auxiliary",TRUE,3451.38275,120.234070801126,3317,3433,3706,0.999502052035318,5276.66298709701,NA,1.38767646302987,3451.4935,3451.4745,3451.3615,3451.2015,0.291999999999916,NA,FALSE,FALSE,FALSE,"inconclusive",872.464118236939,NA
