"target","group","mandatory","mean","sd","q025","q50","q975","rhat","ess_bulk","ess_tail","mcse_mean","chain1","chain2","chain3","chain4","chain_mean_range","range_limit","sampled_constant","analytic_constant","diagnostic_pass","precision_label","ess_bulk_per_internal_generation_second","ess_tail_per_internal_generation_second"
"pi[1]","global",TRUE,0.974767052902232,0.0183092469011505,0.929305472657755,0.979083584829295,0.997329241344179,1.17631476599495,15.2378116647484,116.512648414505,0.00462863268863599,0.976892583932612,0.967381914372242,0.984624077441796,0.970169635862282,0.0172421630695543,NA,FALSE,FALSE,FALSE,"inconclusive",0.0590825827323352,0.45176225699382
"pi[2]","global",TRUE,0.0181768138468471,0.0169649681431566,0.000416198960214641,0.0131388202896642,0.0612092456484173,1.21756530431887,12.9403821641924,103.861155754917,0.004638088047149,0.0160161352257136,0.0256078714332189,0.00841243115041885,0.022670817578037,0.0171954402828,NA,FALSE,FALSE,FALSE,"inconclusive",0.0501746062115118,0.402707781312322
"pi[3]","global",TRUE,0.00705613325092057,0.00703717876717486,0.000180701288489622,0.00489306502153408,0.0260158650448568,1.00005972328533,17651.9708041984,17819.0418237974,6.09623080612697e-05,0.00709128084167258,0.00701021419454055,0.00696349140778786,0.00715954655968132,0.00019605515189346,NA,FALSE,FALSE,TRUE,"diagnostics_met_only",68.4431628618007,69.0909584609857
"tau.alpha","global",TRUE,-0.896452923257642,0.028913108206951,-0.952968494287649,-0.896365821133437,-0.840055204921068,1.01175254579655,273.819191313807,14979.653406968,0.00174667041794031,-0.895992046073107,-0.900909818895135,-0.891755775641443,-0.897154052420887,0.00915404325369251,NA,FALSE,FALSE,FALSE,"inconclusive",1.06169739989146,58.0816085137974
"nu.alpha","global",TRUE,1.43490394238744,0.0931899263926597,1.25190368631731,1.4353836880643,1.61778903138383,1.00388459766806,2407.55052035794,65653.1521796017,0.00190523362135441,1.43791322962342,1.42707913225903,1.44333072029744,1.43129268736989,0.0162515880384095,NA,FALSE,FALSE,TRUE,"diagnostics_met_only",9.33495609021059,254.561342575431
"iota.m.alpha","global",TRUE,-0.880087061550997,0.930397066025121,-2.39782566203098,-1.05821175729364,1.35789013322705,1.31660428279963,10.397988622671,28.0918959541857,0.306709058437418,-1.30074571194998,-1.07830267019325,0.0673868811513674,-1.20868674521213,1.36813259310135,NA,FALSE,FALSE,FALSE,"inconclusive",0.0403168142883715,0.108922580442507
"iota.s.alpha","global",TRUE,0.0621162698700781,0.917307077623569,-1.53680864873108,0.0985266531250932,2.13429339731103,1.13223674239783,21.5641837333922,80.1523607607313,0.20617818061268,-0.284319780776937,0.380156154374659,0.0869646509098379,0.0656640549727477,0.664475935151596,NA,FALSE,FALSE,FALSE,"inconclusive",0.0836122467920305,0.310780090345478
"chi.m.alpha","global",TRUE,-0.126761116404833,0.980809705691799,-1.73668544253275,-0.280704722663179,1.98939353700055,1.12253516263992,39.8850067779969,104.476927818079,0.171037725373639,-0.516829522341558,-0.21703397038099,0.423100849285967,-0.196281822182749,0.939930371627525,NA,FALSE,FALSE,FALSE,"inconclusive",0.154648795023,0.40509535537259
"chi.s.alpha","global",TRUE,0.30124426313158,1.06075716459101,-1.63750853503225,0.360408470544621,2.22930082399639,1.18595309164171,24.5291161104536,44.7702660936198,0.212685996314532,-0.114496715304996,0.580359799216755,-0.0487667328601379,0.787880701474702,0.902377416779697,NA,FALSE,FALSE,FALSE,"inconclusive",0.0951083767034382,0.173590736558604
"beta.tau1","global",TRUE,-0.000243621179493083,0.00992752961857216,-0.0196279481274195,-0.000315351819849498,0.0196664063462789,1.00280969158477,2707.94556833618,5897.15362154276,0.000190789379916734,0.000590902354622114,-0.000442374670516278,-0.000480586952309046,-0.000642425449769108,0.00123332780439122,NA,FALSE,FALSE,TRUE,"diagnostics_met_only",10.4996978303659,22.8654267683419
"beta.nu1","global",TRUE,0.00033566050337722,0.00996080533797834,-0.0189973882979869,0.000258989928313186,0.0201366419884301,1.00056670719897,9428.93587579572,18983.0989279373,0.000102586563520491,0.000215950361213233,0.000226416221999505,0.000627021401863304,0.000273254028432841,0.000411071040650071,NA,FALSE,FALSE,TRUE,"diagnostics_met_only",36.5594414878065,73.6044346525579
"beta.iota.m1","global",TRUE,-7.94474329998115e-05,0.00990340858293679,-0.019542589062367,-6.54054701118978e-05,0.0194093110111615,1.00012441284673,49725.2494047935,47784.0157393466,4.44185987272184e-05,-0.000161412171572097,-8.88851445469464e-05,0.0001326678906605,-0.0002001603065407,0.000332828197201199,NA,FALSE,FALSE,TRUE,"diagnostics_met_only",192.803023589098,185.276148919365
"beta.iota.s1","global",TRUE,5.66489163010979e-05,0.010087147299902,-0.0197425250480184,9.37512035318021e-05,0.0198802013856086,1.00001870073309,49886.4265914238,46282.5126689746,4.51800559681746e-05,-3.74292329183358e-05,7.80168720605313e-05,3.61476128735726e-05,0.000149860413188619,0.000187289646106955,NA,FALSE,FALSE,TRUE,"diagnostics_met_only",193.427966636903,179.454270992934
"beta.chi.m1","global",TRUE,5.30730445020006e-06,0.0100099611826718,-0.0195805359195619,-1.20393075025713e-05,0.0196411099467821,0.999984176154357,48779.661449111,44075.0101966255,4.53314728583517e-05,-5.3448021526483e-05,1.61670830205952e-05,7.64136974042362e-05,-1.79035410975477e-05,0.000129861718930719,NA,FALSE,FALSE,TRUE,"diagnostics_met_only",189.136632387299,170.894974532004
"beta.chi.s1","global",TRUE,-7.49789445510048e-05,0.00999183559515998,-0.0197652066924775,-3.55570356857527e-05,0.0193822063299879,1.00001019161562,48796.5947417533,45192.0296594319,4.52178259140586e-05,-0.00012735664535248,-8.91850896726376e-05,-3.39297431432262e-05,-4.94443000356751e-05,9.34269022092535e-05,NA,FALSE,FALSE,TRUE,"diagnostics_met_only",189.202288971425,175.226068541885
"tb","global",TRUE,0.0987702979944584,0.012347346578747,0.0773175169594772,0.0978286082706987,0.125787679399206,1.00521119184813,1659.38757000536,19340.7630800464,0.000282650776112684,0.0996098377094762,0.0971646388983554,0.0996663933321628,0.0986403220378383,0.00250175443380739,NA,FALSE,FALSE,TRUE,"diagnostics_met_only",6.43405401949293,74.9912297070124
"nb","global",TRUE,1.20156975383277,0.13685214336333,0.96030031677658,1.19249679544712,1.49629238655886,1.00060298114198,35990.0064951658,37712.595698075,0.000725523724396395,1.19872416021866,1.19826499388131,1.20248230128441,1.20680755994673,0.00854256606541948,NA,FALSE,FALSE,TRUE,"diagnostics_met_only",139.546450833695,146.225560756687
"imb","global",TRUE,0.209755082084393,0.1877575666217,0.00592969437082577,0.156606475410801,0.670831413109437,1.07409723019991,61.2768579603793,266.986434442734,0.0237492906308791,0.256343183903222,0.192469074865028,0.195608316410384,0.19459975315894,0.0638741090381941,NA,FALSE,FALSE,FALSE,"inconclusive",0.237592845329438,1.03520429628794
"isb","global",TRUE,0.187190592195577,0.186239836447495,0.00426926050852836,0.133040200567967,0.707132801404587,1.0229254335684,178.213269076738,198.990070516481,0.0121441658399145,0.177846568635441,0.194038087855899,0.192287300875754,0.184590411415214,0.0161915192204583,NA,FALSE,FALSE,FALSE,"inconclusive",0.690998185689949,0.771557462637621
"cmb","global",TRUE,0.200120811920854,0.2057261447668,0.00400051941620485,0.137205999641414,0.736533250257575,1.01149957598602,186.679300013938,250.251237491816,0.0128437248784499,0.215704039739508,0.20270080905521,0.203775781334104,0.178302617554595,0.037401422184913,NA,FALSE,FALSE,FALSE,"inconclusive",0.72382409168397,0.970315801788305
"csb","global",TRUE,0.177501732575868,0.168556349366796,0.00715752192249641,0.124768051766564,0.612629192408646,1.00819528047404,194.487958440425,441.754916089421,0.0113035519850175,0.188586408681092,0.186080897338248,0.163034186919616,0.172305437364519,0.0255522217614758,NA,FALSE,FALSE,FALSE,"inconclusive",0.75410112342986,1.71284577808831
"M_total","global",TRUE,382.697891146164,449.500764455281,0,190.768345382417,1412.98448223759,1.51763934751628,7.35928613792273,11.1846436147469,171.88727218576,247.893270752055,780.840377329869,36.6960572333801,465.361859269223,744.144320096489,NA,FALSE,FALSE,FALSE,"inconclusive",0.0285346506218239,0.0433669641178676
"S_total","global",TRUE,106.463178203242,151.219492371318,0,28.7730087508764,527.394397563286,1.42109502458394,8.53228234142949,11.1846436147469,51.1464349703882,54.4760945559009,199.27121041802,5.0083226303708,167.097085208643,194.262887787649,NA,FALSE,FALSE,FALSE,"inconclusive",0.0330827869791417,0.0433669641178676
"M_fraction_N","scaled_functional",FALSE,0.00084482262632927,0.000992292942159979,0,0.000421129612404671,0.00311922612813822,1.51763934751628,7.35928613792273,11.1846436147469,0.00037944880303764,0.00054723542745138,0.00172373988355173,8.10081794675847e-05,0.00102730701484623,0.00164273170408415,NA,FALSE,FALSE,FALSE,"inconclusive",0.0285346506218239,0.0433669641178676
"S_fraction_N","scaled_functional",FALSE,0.00023502220393127,0.000333823759296942,0,6.3517697334338e-05,0.00116424660383249,1.42109502458394,8.53228234142949,11.1846436147469,0.000112908031423136,0.000120258403141558,0.000439900065383096,1.10560950974207e-05,0.000368874252103,0.000428843970285676,NA,FALSE,FALSE,FALSE,"inconclusive",0.0330827869791417,0.0433669641178676
"mu.tau[1]","local_continuous",TRUE,0.216888046960302,0.00685050412113416,0.203555073611088,0.216839641638768,0.230462980965921,1.00005604618355,49425.9311481654,45402.506578922,3.08188347309286e-05,0.216891887684966,0.216897702815746,0.216915896524498,0.216846700815999,6.91957084999473e-05,NA,FALSE,FALSE,TRUE,"diagnostics_met_only",191.64245696381,176.04216472962
"mu.tau[2]","local_continuous",TRUE,0.144866317225882,0.0116368041844769,0.1229768418325,0.144603168473455,0.168576552389534,1.00000521987042,47472.080073812,46438.3523300885,5.3452704724031e-05,0.144856178044152,0.145047571316929,0.144759035384309,0.144802484158138,0.00028853593261946,NA,FALSE,FALSE,TRUE,"diagnostics_met_only",184.066659973603,180.058518497321
"mu.tau[3]","local_continuous",TRUE,0.275865439357627,0.00895556566506967,0.258567488356954,0.275779360523382,0.293657078602849,1.00003603880227,50411.9651307569,47923.4748386179,3.98916477234399e-05,0.275874306550441,0.275976657676058,0.275721752072436,0.275889041131569,0.000254905603621736,NA,FALSE,FALSE,TRUE,"diagnostics_met_only",195.465672241377,185.816882979593
"mu.tau[4]","local_continuous",TRUE,0.254618732509496,0.00837829067431698,0.238348251641406,0.254537703329599,0.271184776904726,1.0000235419642,51641.3085657059,47338.1261291739,3.68596659720027e-05,0.254588893117378,0.254700791057523,0.254570875625807,0.254614370237275,0.000129915431715699,NA,FALSE,FALSE,TRUE,"diagnostics_met_only",200.232287474578,183.54727141634
"mu.tau[5]","local_continuous",TRUE,0.259736335693089,0.00698187824617087,0.24609838016001,0.259684476365483,0.27344740058404,1.000055241614,49477.969619163,46526.0660838161,3.13784862152129e-05,0.259718092369082,0.259703803345234,0.259773277478593,0.259750169579444,6.94741333583937e-05,NA,FALSE,FALSE,TRUE,"diagnostics_met_only",191.844229195652,180.398616880566
"mu.tau[6]","local_continuous",TRUE,0.151323237616763,0.0048387684706356,0.14198222508531,0.151292755850515,0.160843588472569,1.00006375502074,49733.9586599941,47769.3261020476,2.16931580099743e-05,0.151236468107778,0.151329982237379,0.151368577270476,0.151357922851418,0.000132109162698096,NA,FALSE,FALSE,TRUE,"diagnostics_met_only",192.836792564739,185.219191809635
"mu.tau[7]","local_continuous",TRUE,0.291038415536539,0.00971125145782497,0.272139929128459,0.290946873136217,0.31015222202694,1.00011319808861,49691.7694534591,46392.5825259354,4.35730538203115e-05,0.290985069161913,0.291052732149339,0.290956093125571,0.291159767709331,0.000203674583760249,NA,FALSE,FALSE,TRUE,"diagnostics_met_only",192.673209542429,179.881052185227
"mu.tau[8]","local_continuous",TRUE,0.344180515683353,0.00756742717194008,0.329391973892721,0.344150655276032,0.358992943597163,1.00013302476435,48846.571623038,46765.8079144991,3.42594295713844e-05,0.344228151117318,0.344027792962954,0.344234601065526,0.344231517587613,0.000206808102572176,NA,FALSE,FALSE,TRUE,"diagnostics_met_only",189.396067664073,181.328183858907
"mu.tau[9]","local_continuous",TRUE,0.342722010158744,0.009939467001918,0.323347965611734,0.342641194096481,0.36230331532796,1.00003981217945,49502.1212638566,46560.1830394778,4.46861809892208e-05,0.34279026218317,0.342751520653396,0.342618593394046,0.342727664404364,0.000171668789123947,NA,FALSE,FALSE,TRUE,"diagnostics_met_only",191.937873977273,180.530900826569
"mu.tau[10]","local_continuous",TRUE,0.330700675083858,0.00812919894677062,0.314945011755725,0.330648357270825,0.346755311009622,1.0000433970227,49314.7419649345,47877.2602338975,3.66101037612487e-05,0.330704168487709,0.330585074948126,0.33079803460474,0.330715422294859,0.000212959656614331,NA,FALSE,FALSE,TRUE,"diagnostics_met_only",191.211335733169,185.637692012615
"mu.tau[11]","local_continuous",TRUE,0.234434664398183,0.00548030206945183,0.223817097950253,0.234401133340575,0.24529328368757,1.00004145171243,48978.5310422954,46790.704769581,2.47740726140366e-05,0.23444916430817,0.234415242673833,0.234452285507904,0.23442196510282,3.70428340712714e-05,NA,FALSE,FALSE,TRUE,"diagnostics_met_only",189.907722715147,181.424718094433
"mu.tau[12]","local_continuous",TRUE,0.30221058735457,0.0145933003879712,0.274234362556685,0.302039601711398,0.331324028886484,1.00007727224344,48828.9589556506,44226.9699938222,6.60661999738918e-05,0.302112492685058,0.302002546849249,0.302453617003439,0.302273692880531,0.000451070154190103,NA,FALSE,FALSE,TRUE,"diagnostics_met_only",189.327776894968,171.48417838144
"mu.tau[13]","local_continuous",TRUE,0.294030930730327,0.0100842344339303,0.274510408003683,0.293938013519329,0.313961367535878,0.999986022794152,49322.0180720374,47191.7192759735,4.53761172179473e-05,0.294052348450208,0.294015321494575,0.294004531160575,0.294051521815949,4.78172896327678e-05,NA,FALSE,FALSE,TRUE,"diagnostics_met_only",191.239547868175,182.979598366751
"mu.tau[14]","local_continuous",TRUE,0.228463579904051,0.00645339978675758,0.215941474921938,0.228405041919602,0.241228103519941,1.00001352847049,49240.7236552298,45848.726272856,2.90894402345941e-05,0.228460405866116,0.228447394564196,0.228495242651589,0.228451276534301,4.78480873928877e-05,NA,FALSE,FALSE,TRUE,"diagnostics_met_only",190.924339607803,177.772322088412
"mu.tau[15]","local_continuous",TRUE,0.28527638208979,0.00688119864895597,0.271890583502029,0.285255869951129,0.298884794538867,1.00007384727473,49441.0543774116,46325.2951699582,3.09435572395211e-05,0.285229918867369,0.285181594292777,0.28543788277839,0.285256132420628,0.000256288485613543,NA,FALSE,FALSE,TRUE,"diagnostics_met_only",191.701095268494,179.620154435352
"mu.tau[16]","local_continuous",TRUE,0.280236432001537,0.00682807976810809,0.26687117825327,0.280194008079945,0.293710854040973,1.00003596842113,50406.2766668992,45791.4494159002,3.04185958638838e-05,0.280235310313661,0.280210032672545,0.280245842423807,0.280254542596136,4.45099235911184e-05,NA,FALSE,FALSE,TRUE,"diagnostics_met_only",195.443615981339,177.550238713568
"mu.tau[17]","local_continuous",TRUE,0.236960191922884,0.00533277556576322,0.226527999601288,0.236916994571793,0.247516225013501,1.00009842375406,50060.2603009948,48104.9748960835,2.38515695412509e-05,0.236973339755364,0.23691434161883,0.237028060115066,0.236925026202277,0.000113718496236287,NA,FALSE,FALSE,TRUE,"diagnostics_met_only",194.101983664634,186.52062524896
"mu.tau[18]","local_continuous",TRUE,0.291188642031303,0.00663209390623066,0.278301305867956,0.291163263670463,0.304273193221979,0.999995511592588,51843.4947216854,48748.7507127927,2.91149002144342e-05,0.291187124497164,0.291168146635736,0.291152458284834,0.291246838707479,9.43804226455347e-05,NA,FALSE,FALSE,TRUE,"diagnostics_met_only",201.016237332393,189.016780129243
"mu.tau[19]","local_continuous",TRUE,0.273312774639999,0.00644408647193401,0.260714439552813,0.273291465335538,0.285979182780615,1.00013090281861,50201.7317702711,46547.5953706129,2.87680974267174e-05,0.273360712471061,0.273237218134662,0.273421104448827,0.273232063505447,0.000189040943380014,NA,FALSE,FALSE,TRUE,"diagnostics_met_only",194.650520421202,180.48209381914
"mu.tau[20]","local_continuous",TRUE,0.136980068006352,0.00728164974265715,0.123097289305454,0.136845572088406,0.151673937018874,1.00002923165752,48742.6947589195,45821.8655819962,3.29964792268535e-05,0.136925274711887,0.136998696727994,0.136959143980084,0.137037156605444,0.000111881893556709,NA,FALSE,FALSE,TRUE,"diagnostics_met_only",188.993298975675,177.668173341539
"mu.tau[21]","local_continuous",TRUE,0.258646994535424,0.010024264223558,0.239231696728333,0.258640412665972,0.278161048562175,1.00028559397492,23341.5272046376,13738.2250972076,8.62958865457082e-05,0.258714662315973,0.258646239404095,0.258544714108014,0.258682362313619,0.000169948207958404,NA,FALSE,FALSE,TRUE,"diagnostics_met_only",90.5036590888871,53.2681357900622
"mu.tau[22]","local_continuous",TRUE,0.298666466037235,0.00691777330307496,0.285069472491879,0.298635526076684,0.312319550634233,1.00011272654772,46962.7018083938,45011.9372881616,3.19390165965631e-05,0.298647188234644,0.298636072188792,0.298679016261055,0.298703587464453,6.75152756603459e-05,NA,FALSE,FALSE,TRUE,"diagnostics_met_only",182.091613676224,174.527784388022
"mu.tau[23]","local_continuous",TRUE,0.281043392251338,0.00798663578812111,0.265529725158094,0.280991546339,0.296875786225113,1.00002225921541,48361.2219766685,45219.8158559,3.63581999672437e-05,0.281123376845375,0.28104758815964,0.281011867179289,0.280990736821045,0.000132640024330388,NA,FALSE,FALSE,TRUE,"diagnostics_met_only",187.514189132782,175.333805813336
"mu.tau[24]","local_continuous",TRUE,0.274680667108854,0.0077679664929025,0.259635594868866,0.274634093932379,0.290058014478392,1.00009397097873,48535.2316141941,45678.5521919203,3.5246342023352e-05,0.274611835711905,0.274764562244978,0.274607048891704,0.274739221586833,0.000157513353274075,NA,FALSE,FALSE,TRUE,"diagnostics_met_only",188.188888297697,177.112494782694
"mu.tau[25]","local_continuous",TRUE,0.315873237844139,0.00630742942780077,0.303618905734687,0.315803199676265,0.328266132696701,1.00006223512527,51025.4755574031,48508.7203835732,2.79352435945388e-05,0.315887346178868,0.315804881564019,0.315917922865892,0.315882800767779,0.000113041301872507,NA,FALSE,FALSE,TRUE,"diagnostics_met_only",197.844477107652,188.086094536299
"mu.tau[26]","local_continuous",TRUE,0.301899775870755,0.00719797002126766,0.287815782301792,0.301889080777474,0.316013448293147,1.000048163849,50101.1441707464,47152.6359194569,3.21558070303508e-05,0.301822659809323,0.301978327044379,0.301941639847456,0.301856476781863,0.000155667235056278,NA,FALSE,FALSE,TRUE,"diagnostics_met_only",194.260505417636,182.828057863714
"mu.tau[27]","local_continuous",TRUE,0.34186884325781,0.008221360233429,0.325813976503301,0.341834437687262,0.358096206134485,1.00000713688473,49527.856104954,47285.1108723811,3.69449182515938e-05,0.341818232068093,0.341943878062729,0.341843158455594,0.341870104444822,0.000125645994636325,NA,FALSE,FALSE,TRUE,"diagnostics_met_only",192.037657391827,183.341711827834
"mu.tau[28]","local_continuous",TRUE,0.297868535083401,0.00702982892869888,0.284234795515151,0.297851099983235,0.311672668063426,1.00016690578628,50265.995565031,48119.4563692905,3.1349747574107e-05,0.297860858280644,0.297876466152342,0.297930798752485,0.297806017148136,0.000124781604348756,NA,FALSE,FALSE,TRUE,"diagnostics_met_only",194.899694715657,186.576775230182
"mu.tau[29]","local_continuous",TRUE,0.28735423368836,0.00943454540863396,0.269105171610908,0.287242104805515,0.306004320495864,1.00015886306152,48516.0227939785,46045.0754421775,4.28144271081853e-05,0.287267598378425,0.287345995655182,0.287477188964532,0.287326151755299,0.000209590586106811,NA,FALSE,FALSE,TRUE,"diagnostics_met_only",188.114408658852,178.533639808836
"mu.tau[30]","local_continuous",TRUE,0.410635566801208,0.0109733743022082,0.389033151725498,0.410660800296499,0.432251028629118,1.00004286617792,51026.1380303794,46244.5006568448,4.85750211542511e-05,0.410787198161189,0.410588734137004,0.410620459577051,0.410545875329587,0.000241322831601332,NA,FALSE,FALSE,TRUE,"diagnostics_met_only",197.847045758275,179.306884484891
"mu.tau[31]","local_continuous",TRUE,0.365977996422641,0.00802690348461555,0.350302324108505,0.365965514846166,0.381746513618399,0.999994336764609,50376.0748336995,47752.6837170162,3.57631951673197e-05,0.366001054307771,0.365965379924798,0.365965781511249,0.365979769946752,3.56743829728057e-05,NA,FALSE,FALSE,TRUE,"diagnostics_met_only",195.326512400592,185.154663180977
"mu.tau[32]","local_continuous",TRUE,0.353828837051498,0.00784397284830902,0.338744459803956,0.353869390997145,0.368898593351148,1.00041034473911,19576.7637132445,11063.2582118567,8.10836815266099e-05,0.353970195255491,0.353800608321917,0.353915229795848,0.353629314832734,0.000340880422756262,NA,FALSE,FALSE,TRUE,"diagnostics_met_only",75.9062906910029,42.8963084051875
"mu.tau[33]","local_continuous",TRUE,0.334241647237661,0.0073190706964054,0.319934835694819,0.334229698724889,0.348706434148745,1.00007242819957,48977.29287239,46386.0826232088,3.30730431715388e-05,0.334242921962285,0.334256872420479,0.334279875352029,0.334186919215855,9.29561361740494e-05,NA,FALSE,FALSE,TRUE,"diagnostics_met_only",189.902921876452,179.855849679182
"mu.tau[34]","local_continuous",TRUE,0.315170871550868,0.00661357586964119,0.302318859161871,0.315165903550404,0.32821388263693,1.00003064804151,49660.9145989248,43523.1446067802,2.96932643678824e-05,0.31514463438545,0.315227371033543,0.315209611995791,0.315101868788689,0.000125502244854026,NA,FALSE,FALSE,TRUE,"diagnostics_met_only",192.553573958539,168.755189299942
"mu.tau[35]","local_continuous",TRUE,0.285661925094992,0.00668442664989902,0.272677066783122,0.285627645701078,0.298848178731099,1.00009305673435,50230.404155546,46322.2119487158,2.98228320335535e-05,0.285695832084256,0.285601951178881,0.285692601027828,0.285657316089004,9.38809053752654e-05,NA,FALSE,FALSE,TRUE,"diagnostics_met_only",194.761693771577,179.608199656139
"mu.tau[36]","local_continuous",TRUE,0.238270045254062,0.00580192731473802,0.226918994616413,0.23825394184393,0.249680634935918,1.00014659627251,47938.0054939464,45868.2211573703,2.6500007660796e-05,0.238273046404231,0.23828158062563,0.238285572238609,0.238239981747777,4.55904908324978e-05,NA,FALSE,FALSE,TRUE,"diagnostics_met_only",185.873223657933,177.847910903428
"mu.tau[37]","local_continuous",TRUE,0.220933990112241,0.00656913414633523,0.208291037024816,0.220872749203818,0.23399540926068,1.00004819140124,47705.8541418715,46854.7240816755,3.00811948729755e-05,0.220862743658381,0.22097242952532,0.220999247493693,0.220901539771569,0.00013650383531269,NA,FALSE,FALSE,TRUE,"diagnostics_met_only",184.973087748186,181.672944439955
"mu.tau[38]","local_continuous",TRUE,0.243742788227361,0.00737781151093151,0.229396072489981,0.24372829581427,0.258223229500602,1.00007617289318,43523.9401969338,38476.0190834775,3.74137619201949e-05,0.243584675884292,0.2438451359641,0.243717373956458,0.243823967104596,0.000260460079808983,NA,FALSE,FALSE,TRUE,"diagnostics_met_only",168.758274094669,149.185633129297
"mu.tau[39]","local_continuous",TRUE,0.252981695736541,0.00611356939855971,0.241064507759576,0.252965634192882,0.265163746265235,1.00006744993115,49833.3274663152,46031.4129687839,2.73870123232556e-05,0.253008794434702,0.252972186487673,0.252964925031164,0.252980876992619,4.38694035376774e-05,NA,FALSE,FALSE,TRUE,"diagnostics_met_only",193.222081860187,178.480665390175
"mu.tau[40]","local_continuous",TRUE,0.285924937640576,0.00642447154089283,0.273476605425463,0.285890528892273,0.298630697467464,1.00012211599791,46982.3227506664,46483.4361668022,2.96401969056747e-05,0.285895205535182,0.285838578125127,0.286022950164806,0.285943016737188,0.000184372039678693,NA,FALSE,FALSE,TRUE,"diagnostics_met_only",182.167691263387,180.233325062143
"mu.tau[41]","local_continuous",TRUE,0.249172032959545,0.0067247163698001,0.236062018010597,0.249144161808447,0.2624528151112,0.999996277647185,50885.5376212022,46536.5959948248,2.98238602975756e-05,0.249169413412301,0.249113698104891,0.249203163161484,0.249201857159499,8.94650565934352e-05,NA,FALSE,FALSE,TRUE,"diagnostics_met_only",197.301886421083,180.439445206314
"mu.tau[42]","local_continuous",TRUE,0.25896455741807,0.00932544859767816,0.240963366308816,0.258891105089748,0.277467170248038,1.00001979033129,48825.3719425955,46246.0607590415,4.22130054940751e-05,0.258919698580747,0.259055228443113,0.258975830229364,0.25890747241906,0.000147756024053092,NA,FALSE,FALSE,TRUE,"diagnostics_met_only",189.313868730184,179.312933573115
"mu.tau[43]","local_continuous",TRUE,0.292424282947713,0.010149100669892,0.272968867380721,0.292366559059282,0.312367078506833,1.00009145606736,49725.8279758189,39270.7388102896,5.35388716536523e-05,0.29246652277875,0.292197554427215,0.292565809933408,0.292467244651478,0.000368255506192461,NA,FALSE,FALSE,TRUE,"diagnostics_met_only",192.805266921095,152.267052892281
"mu.tau[44]","local_continuous",TRUE,0.269424478984695,0.00711318400391182,0.255562643661172,0.269361872494631,0.283447949507641,0.999990344084653,52590.1639231347,49472.6049848631,3.10215541677715e-05,0.269403574294455,0.269463515739445,0.269389072868236,0.269441753036644,7.44428712090572e-05,NA,FALSE,FALSE,TRUE,"diagnostics_met_only",203.911347590933,191.823428541541
"mu.tau[45]","local_continuous",TRUE,0.284796534093983,0.00848828802374905,0.268224195515674,0.284787120186561,0.301552769217589,1.00006000818463,48987.1086923951,45211.3986127378,3.83602495333494e-05,0.284727070215062,0.284818723412809,0.284899322419778,0.284741020328283,0.00017225220471534,NA,FALSE,FALSE,TRUE,"diagnostics_met_only",189.940981409559,175.301169075434
"mu.tau[46]","local_continuous",TRUE,0.249035051142709,0.00700713150971966,0.235476520990065,0.249014773022716,0.26283387510526,1.00011843751793,48949.3766589636,37813.7492225145,3.29037295745197e-05,0.249017145236255,0.249089047331307,0.249047611839531,0.248986400163742,0.000102647167565167,NA,FALSE,FALSE,TRUE,"diagnostics_met_only",189.794680481583,146.617770058643
"mu.tau[47]","local_continuous",TRUE,0.259487291928437,0.00699098565435568,0.245950600006251,0.259468111970487,0.27326639248912,0.999991871812048,50189.7392536219,46187.8727361537,3.12084762646315e-05,0.259527019874041,0.259437283824895,0.259468490672934,0.259516373341881,8.97360491451393e-05,NA,FALSE,FALSE,TRUE,"diagnostics_met_only",194.604021037125,179.087317273877
"mu.tau[48]","local_continuous",TRUE,0.319771394464564,0.00768402440899774,0.304811098534662,0.319718518849953,0.334989224851102,1.00004898961136,50180.88522642,47790.3240905579,3.43117162522961e-05,0.319785169893465,0.319850863943541,0.319771498120208,0.319678045901041,0.0001728180424998,NA,FALSE,FALSE,TRUE,"diagnostics_met_only",194.569690727355,185.300608709953
"mu.tau[49]","local_continuous",TRUE,0.254682755411388,0.0131310345265066,0.229391182318298,0.254541857784913,0.280713724694252,0.999999761502537,44413.4164948935,35193.6593939674,6.27891148650165e-05,0.254572526670392,0.254695008753587,0.254669752590784,0.254793733630788,0.000221206960396458,NA,FALSE,FALSE,TRUE,"diagnostics_met_only",172.207099826269,136.458721143542
"mu.tau[50]","local_continuous",TRUE,0.398934254269495,0.00900049530036414,0.381372995644915,0.398940542718079,0.416681936277632,1.00006496476367,49043.8703849873,45703.8173228726,4.06353694949743e-05,0.399058833574116,0.398979751096186,0.398916315673296,0.39878211673438,0.000276716839735847,NA,FALSE,FALSE,TRUE,"diagnostics_met_only",190.161067303281,177.210456958798
"mu.tau[51]","local_continuous",TRUE,0.414971617008585,0.0073020826199729,0.400634454088269,0.414955084537116,0.429425394854227,1.00003829448514,47117.0410186407,47222.49955161,3.3647912842447e-05,0.415008845980798,0.414961886319403,0.414969999767396,0.414945735966742,6.31100140557339e-05,NA,FALSE,FALSE,TRUE,"diagnostics_met_only",182.690043382462,183.098944780909
"mu.tau[52]","local_continuous",TRUE,0.382728015879998,0.011285467877127,0.360590335318921,0.382690641497854,0.404908387998466,1.00005054464629,48550.2210737631,45997.5053884646,5.12050114405221e-05,0.382773148042847,0.3827863413957,0.382638589735555,0.38271398434589,0.000147751660144801,NA,FALSE,FALSE,TRUE,"diagnostics_met_only",188.247007928296,178.349193269142
"mu.tau[53]","local_continuous",TRUE,0.334338489949717,0.011778834887596,0.311340649284847,0.334244802502898,0.35766939636872,1.00009535968707,48055.8928084413,42012.6703905314,5.41120743919784e-05,0.334522292320667,0.334378637913689,0.334204576442895,0.334248453121615,0.000317715877771574,NA,FALSE,FALSE,TRUE,"diagnostics_met_only",186.330315999338,162.898526951697
"mu.tau[54]","local_continuous",TRUE,0.318472801229808,0.00897975428437685,0.301822004434667,0.318585489896407,0.335200296834239,1.00058814262119,12888.52230477,5606.77266799554,0.000143129442559311,0.318787578990624,0.318621663722956,0.318665442970568,0.317816519235082,0.000971059755542181,NA,FALSE,FALSE,TRUE,"diagnostics_met_only",49.9735265222349,21.73951334394
"mu.tau[55]","local_continuous",TRUE,0.261264126353191,0.00752312496250745,0.246629950242975,0.261250758417144,0.276201639497354,1.00008452941233,51621.1106780959,47262.2716268935,3.31071498198001e-05,0.261254749529821,0.26120143994941,0.261348477946968,0.261251837986565,0.00014703799755883,NA,FALSE,FALSE,TRUE,"diagnostics_met_only",200.153972858805,183.253155699122
"mu.tau[56]","local_continuous",TRUE,0.283719095331417,0.00708846423394492,0.269955849372346,0.283684919769891,0.297719780725747,1.00004765497557,49297.1111557223,47650.5518864339,3.19335869677244e-05,0.283690494566226,0.283701908338778,0.283761039761012,0.283722938659655,7.05451947863311e-05,NA,FALSE,FALSE,TRUE,"diagnostics_met_only",191.142974621558,184.758660627412
"mu.tau[57]","local_continuous",TRUE,0.295051698705802,0.00788345957628518,0.279675429848436,0.295072811953452,0.310567058832128,1.00003372834819,50873.8414988346,47556.6338755203,3.49439992507494e-05,0.295092445735969,0.295066843568743,0.295014850294073,0.295032655224424,7.7595441895395e-05,NA,FALSE,FALSE,TRUE,"diagnostics_met_only",197.256536266308,184.39450606428
"mu.tau[58]","local_continuous",TRUE,0.325855057555551,0.0099328096544685,0.308528445176684,0.326037726130756,0.3433882222106,1.00104822499139,12104.1234029337,5538.87421319595,0.000211823434900929,0.325037812504518,0.326066698802997,0.326143478218416,0.326172240696271,0.00113442819175358,NA,FALSE,FALSE,TRUE,"diagnostics_met_only",46.9321243817878,21.4762461398719
"mu.tau[59]","local_continuous",TRUE,0.334547794285967,0.0086930739435637,0.31832176250451,0.334628770458612,0.350773537713455,1.00056434327834,8254.45369560801,3603.11518151297,0.000173308074978569,0.333990961452923,0.334729851086532,0.334698293058009,0.334772071546403,0.000781110093480086,NA,FALSE,FALSE,TRUE,"diagnostics_met_only",32.0055434540668,13.9705986325031
"mu.tau[60]","local_continuous",TRUE,0.258648236789096,0.00811521449658947,0.243010092172042,0.258629754573307,0.274486760491569,1.00014608486236,41587.8138116978,29579.8713217309,4.90852989576662e-05,0.258503315254802,0.258697908622885,0.258644989628946,0.258746733649751,0.000243418394948958,NA,FALSE,FALSE,TRUE,"diagnostics_met_only",161.251202222886,114.692006505178
"mu.tau[61]","local_continuous",TRUE,0.361073306445437,0.0444847125218173,0.232838494990934,0.376478060816339,0.399278905850345,1.27751459578046,10.5242024830436,17.7674637156682,0.0188121259652141,0.36293533350995,0.322973309337888,0.379253615210617,0.379130967723291,0.0562803058727295,NA,FALSE,FALSE,FALSE,"inconclusive",0.0408061917010536,0.0688909712247755
"mu.tau[62]","local_continuous",TRUE,0.438496622732257,0.0317497443814344,0.326683485413152,0.446122044372649,0.462367235282587,1.10589554724079,24.2871978720641,12.6939949945587,0.0105339962643473,0.447037146796819,0.412948602764554,0.447041517489274,0.446959223878382,0.03409291472472,NA,FALSE,FALSE,FALSE,"inconclusive",0.0941703709944442,0.0492192728175609
"mu.tau[63]","local_continuous",TRUE,0.352606975692709,0.00741311825849958,0.338253429503031,0.352570317320184,0.367170295944824,1.00007406819929,48133.822711698,47922.5524337712,3.3781942273087e-05,0.352557328702638,0.352499376252212,0.352712673293845,0.352658524522137,0.00021329704163292,NA,FALSE,FALSE,TRUE,"diagnostics_met_only",186.632478807082,185.813306477805
"mu.tau[64]","local_continuous",TRUE,0.367940618647971,0.0229747611174166,0.289533512592994,0.371804404074986,0.389946505866115,1.0149950163969,236.843236234599,56.5198165041783,0.0026715390794831,0.36963270824227,0.365914473302443,0.372566455754294,0.363648837292877,0.0089176184614172,NA,FALSE,FALSE,FALSE,"inconclusive",0.918328064901685,0.219148051445592
"mu.tau[65]","local_continuous",TRUE,0.375630656605163,0.0270807606169306,0.275192440905242,0.381215462539506,0.398440119734347,1.0388815419633,65.4249844659111,20.631945416172,0.0059337576206613,0.364749126773341,0.381921057658088,0.381648651445094,0.374203790544128,0.0171719308847475,NA,FALSE,FALSE,FALSE,"inconclusive",0.253676652692293,0.0799976170331631
"mu.tau[66]","local_continuous",TRUE,0.394244453903748,0.00659613692744323,0.381380625189224,0.394244155999072,0.407177628391828,1.00007807315935,48670.6022261493,46524.9741411709,3.01025193032767e-05,0.394218648515896,0.39422457904316,0.394347605359197,0.394186982696739,0.00016062266245781,NA,FALSE,FALSE,TRUE,"diagnostics_met_only",188.713769793566,180.394383018572
"mu.tau[67]","local_continuous",TRUE,0.380876789177407,0.0420634510033035,0.245791702783717,0.394368289419641,0.411318775071089,1.28258265624781,10.3848689100033,11.3589000894662,0.0190594606386525,0.395905888897353,0.338288786031361,0.395927989080484,0.393384492700425,0.0576392030491229,NA,FALSE,FALSE,FALSE,"inconclusive",0.0402659443520468,0.0440426203610845
"mu.tau[68]","local_continuous",TRUE,0.363948220353727,0.0110156095931366,0.344663837831925,0.364264851817373,0.383040287242829,1.00214920357718,2187.75691943965,805.237041519754,0.000468065861422707,0.362490045186897,0.364423348210807,0.364524911295761,0.364354576721442,0.00203486610886405,NA,FALSE,FALSE,TRUE,"diagnostics_met_only",8.48273571263925,3.1221992482552
"mu.tau[69]","local_continuous",TRUE,0.389785273555416,0.0311409258099033,0.278376745268452,0.396766844390461,0.415894170452705,1.04706053649248,99.2615844293884,40.3476722462488,0.0052944014284179,0.396543849885708,0.376139337381175,0.397664728452448,0.388793178502333,0.0215253910712727,NA,FALSE,FALSE,FALSE,"inconclusive",0.384873556861149,0.156442718678627
"mu.tau[70]","local_continuous",TRUE,0.347375506540222,0.0194975777866721,0.295260112386278,0.349748810460159,0.371352042130691,1.02068785641672,136.013447769789,31.9667328303977,0.00310743232657003,0.348904958447363,0.35033282134571,0.350323846620808,0.339940399747008,0.0103924215987019,NA,FALSE,FALSE,FALSE,"inconclusive",0.527374006016856,0.123946743711484
"mu.tau[71]","local_continuous",TRUE,0.334414730492206,0.00854700543651033,0.317808310429834,0.334428076015824,0.350995350548928,1.00011347223078,42715.8803265355,41721.2307379816,4.76365177899564e-05,0.33432275421362,0.334336820649846,0.334551519254418,0.334447827850936,0.000228765040798273,NA,FALSE,FALSE,TRUE,"diagnostics_met_only",165.625129703868,161.768508563093
"mu.tau[72]","local_continuous",TRUE,0.273177869832023,0.00640611125489475,0.261172832819066,0.273212437578965,0.285291722931642,1.00015051442163,32870.4599133488,21701.6524928341,6.87090485523906e-05,0.273188512752911,0.273280566191843,0.272938295023937,0.273304105359403,0.000365810335465455,NA,FALSE,FALSE,TRUE,"diagnostics_met_only",127.450824961513,84.1452635749867
"mu.tau[73]","local_continuous",TRUE,0.358181532413928,0.0230638566693231,0.278368615135958,0.362565534203419,0.382091996995179,1.08381576299782,34.6226060655094,12.926356115476,0.00643871377395691,0.363341499610725,0.3634833717766,0.363358630997578,0.342542627270805,0.0209407445057944,NA,FALSE,FALSE,FALSE,"inconclusive",0.134244538013739,0.0501202220780205
"mu.tau[74]","local_continuous",TRUE,0.265993294798049,0.00626405050449104,0.253831019294971,0.265983973126242,0.27838308777585,1.00008515046357,49122.3662377903,46684.2269489403,2.82543910885743e-05,0.265976728684103,0.26596852272782,0.265993042839151,0.266034884941121,6.63622133008634e-05,NA,FALSE,FALSE,TRUE,"diagnostics_met_only",190.46542450492,181.011864543965
"mu.tau[75]","local_continuous",TRUE,0.258478166887586,0.0074537394272557,0.244092298408346,0.258503300418202,0.272887770101172,1.00023627157524,20035.0373161169,11182.2832174443,7.19118422376848e-05,0.258523510599464,0.258574259740496,0.258604186777604,0.258210710432777,0.000393476344827448,NA,FALSE,FALSE,TRUE,"diagnostics_met_only",77.683185474287,43.3578119920912
"mu.tau[76]","local_continuous",TRUE,0.190066910179093,0.0106725717499278,0.169542146369025,0.189911205930942,0.211266475020531,1.00001824290926,48623.3807936595,46591.026008912,4.83825573351603e-05,0.190006168096024,0.190072699413519,0.190089211619896,0.190099561586933,9.33934909086998e-05,NA,FALSE,FALSE,TRUE,"diagnostics_met_only",188.530674986175,180.650490327568
"mu.tau[77]","local_continuous",TRUE,0.236453297671242,0.00716403646484423,0.22248356679018,0.236432193946592,0.250497202175063,1.00014962349212,44736.8932660007,43621.4967346536,3.47104969985389e-05,0.236343533133148,0.236539423877325,0.236519469357937,0.236410764316559,0.00019589074417789,NA,FALSE,FALSE,TRUE,"diagnostics_met_only",173.461337869855,169.136536560286
"mu.tau[78]","local_continuous",TRUE,0.240704672238714,0.00760917642943895,0.226187047628019,0.240718671972809,0.255551427350861,1.00023194662459,26196.6674002116,16863.841516674,7.38444828138869e-05,0.240435791334884,0.24076443260893,0.24074024010362,0.240878224907423,0.000442433572539175,NA,FALSE,FALSE,TRUE,"diagnostics_met_only",101.574084457621,65.3872966483033
"mu.tau[79]","local_continuous",TRUE,0.177920407898573,0.00765208044376316,0.163038788330118,0.177875068026289,0.193204152205578,1.00004187420948,48127.600812554,46299.557632364,3.49130771542027e-05,0.177914114712582,0.177980427307389,0.177911102653713,0.177875986920605,0.000104440386783672,NA,FALSE,FALSE,TRUE,"diagnostics_met_only",186.608354222856,179.520360565491
"mu.tau[80]","local_continuous",TRUE,0.332548061887298,0.0138453840631726,0.309113201597133,0.333006395623096,0.355718124597378,1.0017015705945,3372.30375752389,1261.47871000206,0.000511631877468617,0.3311943064665,0.333373600063788,0.333200948493786,0.332423392525122,0.00217929359728808,NA,FALSE,FALSE,TRUE,"diagnostics_met_only",13.0756581152271,4.89121547690471
"mu.tau[81]","local_continuous",TRUE,0.281877896878041,0.00586753453506435,0.270627644241642,0.281853944745194,0.293527454484958,1.0000898001822,48832.2802390736,46577.4858619451,2.6557607332043e-05,0.281825145012248,0.281959830568891,0.281851525984603,0.281875085946417,0.000134685556643255,NA,FALSE,FALSE,TRUE,"diagnostics_met_only",189.34065472854,180.597990213314
"mu.tau[82]","local_continuous",TRUE,0.330724665044078,0.0281438535775656,0.241251367883084,0.338922733131771,0.356574322217442,1.16842729044936,15.5220248021815,25.6552726094635,0.00975235487991263,0.340564452356516,0.340584905561067,0.340720351743014,0.301028950515717,0.0396914012272968,NA,FALSE,FALSE,FALSE,"inconclusive",0.0601845812722475,0.0994748983527531
"mu.tau[83]","local_continuous",TRUE,0.317773372403404,0.00940626033206739,0.302054660278308,0.318266032395329,0.332670195665492,1.00594806248041,735.171740920958,242.58740617605,0.000654433412501754,0.315856645528933,0.318444987170486,0.31845824223784,0.31833361467636,0.00260159670890714,NA,FALSE,FALSE,FALSE,"inconclusive",2.85053038855463,0.940600317851201
"mu.tau[84]","local_continuous",TRUE,0.354010201455107,0.00887329407206335,0.336553102698128,0.354002383049741,0.371404598154126,1.00003930165972,48260.0994363292,46097.7993170611,4.04176874428057e-05,0.353936180862355,0.353900550063043,0.354101388359337,0.35410268653569,0.00020213647264683,NA,FALSE,FALSE,TRUE,"diagnostics_met_only",187.122099967543,178.738069602846
"mu.tau[85]","local_continuous",TRUE,0.326369603825354,0.00737055366624441,0.311996238656922,0.326334351978364,0.340954533253285,1.00009598608514,49793.7463139663,45103.9084188713,3.30314170968445e-05,0.326363924213791,0.326306963146713,0.326426955041024,0.326380572899892,0.000119991894311777,NA,FALSE,FALSE,TRUE,"diagnostics_met_only",193.068611220193,174.884390182784
"mu.tau[86]","local_continuous",TRUE,0.311104604161205,0.00842853588574378,0.294699580595498,0.311059790484882,0.327717187306925,1.00004404170028,49739.7999512276,47315.435510748,3.77831971885375e-05,0.311109898544319,0.311013381521592,0.311187376867638,0.31110775971127,0.000173995346045952,NA,FALSE,FALSE,TRUE,"diagnostics_met_only",192.859441392547,183.45929156924
"mu.tau[87]","local_continuous",TRUE,0.320646198145025,0.00753697955670803,0.30588832274998,0.320629214756366,0.335491746251362,1.00006053911782,49983.7995161743,48087.232275972,3.3719216674453e-05,0.320710205589887,0.32058356551933,0.320611971247293,0.320679050223589,0.000126640070556405,NA,FALSE,FALSE,TRUE,"diagnostics_met_only",193.805517167717,186.451830605497
"mu.tau[88]","local_continuous",TRUE,0.394719554257781,0.00901391834374671,0.377236530247206,0.394648355729159,0.412548499934088,1.00007792128508,50767.7075741199,48477.4043419689,4.00094555957276e-05,0.394672053665035,0.394629643825086,0.394834727195817,0.394741792345185,0.000205083370730608,NA,FALSE,FALSE,TRUE,"diagnostics_met_only",196.845016126433,187.964670761045
"mu.tau[89]","local_continuous",TRUE,0.356713863493684,0.0075598073858264,0.341888792283421,0.356721447111458,0.371531404761424,1.00003907639967,49986.3709217809,46282.6521765014,3.38190806546545e-05,0.35669655751556,0.356720863252645,0.356797000502902,0.356641032703627,0.000155967799274515,NA,FALSE,FALSE,TRUE,"diagnostics_met_only",193.815487450053,179.454811914766
"mu.tau[90]","local_continuous",TRUE,0.368840472706784,0.0100843114179331,0.349239831704604,0.36875959715648,0.388742742751525,0.999994475222817,48649.5840134109,47192.0412614424,4.57310443206365e-05,0.368889146884598,0.368709296178643,0.368903453400817,0.368859994363073,0.000194157222173807,NA,FALSE,FALSE,TRUE,"diagnostics_met_only",188.632274476501,182.980846822469
"mu.tau[91]","local_continuous",TRUE,0.31917340996711,0.00653553044270032,0.306438100682447,0.319123720432932,0.332075539699632,1.00004808505802,49352.9354629931,46998.7890094596,2.94209114305958e-05,0.319215763059378,0.319250911042139,0.319064567429715,0.31916239833721,0.000186343612423256,NA,FALSE,FALSE,TRUE,"diagnostics_met_only",191.3594259287,182.231536986044
"mu.tau[92]","local_continuous",TRUE,0.280021700683139,0.0137094927568315,0.258332363524546,0.280830127354084,0.300853909406956,1.00139102844089,2501.38808548085,845.684857641806,0.00061303813102401,0.280140337521179,0.277890342818032,0.281132881579401,0.280923240813944,0.00324253876136948,NA,FALSE,FALSE,TRUE,"diagnostics_met_only",9.69879873551649,3.27903026145784
"mu.tau[93]","local_continuous",TRUE,0.286858136277216,0.010864322464136,0.266301341258419,0.286788485584144,0.308031760427187,1.00020174191081,34339.3463594158,26700.9655553077,8.31113901412048e-05,0.286621513238765,0.286816669032557,0.287093046685738,0.286901316151806,0.00047153344697326,NA,FALSE,FALSE,TRUE,"diagnostics_met_only",133.146236276704,103.529433304671
"mu.tau[94]","local_continuous",TRUE,0.253093699345015,0.00923628082867032,0.235495201135447,0.253117480572229,0.270786910559525,1.00033500474038,25544.8128335099,13832.9186617461,9.39096803082759e-05,0.252734232269402,0.253304065498843,0.253282144002138,0.253054355609676,0.000569833229440209,NA,FALSE,FALSE,TRUE,"diagnostics_met_only",99.0466053015617,53.6352974589525
"mu.tau[95]","local_continuous",TRUE,0.223605675074771,0.0092235367225288,0.205818927444374,0.223537081135076,0.241990395617322,1.0000075739007,48548.6520918922,42576.258336905,4.25841023406386e-05,0.223509663968115,0.223671985466203,0.223566815232096,0.223674235632671,0.000164571664555968,NA,FALSE,FALSE,TRUE,"diagnostics_met_only",188.240924410319,165.083764057994
"mu.tau[96]","local_continuous",TRUE,0.246009485180318,0.00808793722202963,0.230353609537917,0.245948044614334,0.26200026898857,1.00005386374678,49271.215200029,47898.1322545929,3.64588769117073e-05,0.245947742533719,0.246040373487637,0.246002150381303,0.246047674318611,9.99317848920933e-05,NA,FALSE,FALSE,TRUE,"diagnostics_met_only",191.042566506644,185.718620489529
"mu.tau[97]","local_continuous",TRUE,0.240758928895904,0.0110037151746235,0.220406989778323,0.240821117682229,0.261313823659285,1.00026877834326,16986.1341547283,7506.43871425212,0.000152862820158823,0.240267585596261,0.240978611879031,0.240766637578319,0.241022880530007,0.000755294933746486,NA,FALSE,FALSE,TRUE,"diagnostics_met_only",65.8614700443506,29.1052151134018
"mu.tau[98]","local_continuous",TRUE,0.316497358131417,0.0117033207575436,0.294768767294474,0.316993699789567,0.336716819277426,1.00330955809488,2353.74497515094,704.131002698027,0.000392810608240849,0.316962300783005,0.317149144755255,0.317227415695704,0.314650571291705,0.00257684440399814,NA,FALSE,FALSE,TRUE,"diagnostics_met_only",9.12633226376541,2.73017406545005
"mu.tau[99]","local_continuous",TRUE,0.287577199136937,0.0111276594182407,0.266133193369056,0.287569466947057,0.309219864443528,1.00010033037978,36640.3882435076,25759.3722906135,6.70368672375396e-05,0.28732365996208,0.287639532908184,0.287623256168708,0.287722347508781,0.000398687546700915,NA,FALSE,FALSE,TRUE,"diagnostics_met_only",142.068219332967,99.878530984477
"mu.tau[100]","local_continuous",TRUE,0.230501206508888,0.00922235815767705,0.213070381360426,0.230515155253139,0.248303359835507,1.00013077839551,21275.5690023349,12766.8700841556,9.48132255742206e-05,0.230455189411596,0.230628875682704,0.230627712322195,0.230293048619056,0.000335827063647764,NA,FALSE,FALSE,TRUE,"diagnostics_met_only",82.4931816598035,49.5018362594096
"mu.tau[101]","local_continuous",TRUE,0.342214694043424,0.0396855864304639,0.219143388160454,0.354235552268681,0.376859604813902,1.09939480716807,32.7198249236104,42.441065693623,0.0102189928728634,0.352751079242161,0.308465375899853,0.356239881015261,0.351402440016417,0.0477745051154087,NA,FALSE,FALSE,FALSE,"inconclusive",0.126866757876329,0.164559572611922
"mu.tau[102]","local_continuous",TRUE,0.292465074443623,0.0092148619896735,0.275351403736526,0.292593216795608,0.309607850305094,1.00095050444453,7014.82129951637,2776.16436455975,0.000203801984232394,0.292624392766508,0.292661278458121,0.292695974739783,0.29187865181008,0.000817322929703157,NA,FALSE,FALSE,TRUE,"diagnostics_met_only",27.1990341460929,10.7642071155872
"mu.tau[103]","local_continuous",TRUE,0.255209145373516,0.0145569094484296,0.226754052274017,0.256967810618726,0.270287517756342,1.01557564128928,170.220794603907,42.5435314596202,0.00266566038868368,0.257188179602088,0.249176641992384,0.257189614846582,0.257282145053006,0.00810550306062185,NA,FALSE,FALSE,FALSE,"inconclusive",0.660008431736663,0.164956869955528
"mu.tau[104]","local_continuous",TRUE,0.252726991010282,0.00803861201457092,0.237424465874268,0.252725220224215,0.268266734601882,1.0001368061453,30287.2890704586,19684.0044740302,6.59919157435407e-05,0.252573364660359,0.252853844733452,0.252824961658175,0.252655792989145,0.00028048007309367,NA,FALSE,FALSE,TRUE,"diagnostics_met_only",117.434924490063,76.322102440144
"mu.tau[105]","local_continuous",TRUE,0.28467148240912,0.0086192117870385,0.268049487332321,0.284668109739442,0.301408703785448,1.00011432941204,42463.3869628655,38889.7942793784,4.76145255887229e-05,0.284540570744897,0.284737890630457,0.28477790913529,0.284629559125839,0.000237338390393194,NA,FALSE,FALSE,TRUE,"diagnostics_met_only",164.646120356817,150.789991273515
"mu.tau[106]","local_continuous",TRUE,0.305650373893874,0.00782793874285951,0.290495581219669,0.305642946415017,0.320956755052819,1.00013518759653,45381.8290471612,39022.1078377342,4.04199424102902e-05,0.305590232042227,0.305699152760993,0.305738393817455,0.305573716954822,0.000164676862632551,NA,FALSE,FALSE,TRUE,"diagnostics_met_only",175.961990357614,151.303019451718
"mu.tau[107]","local_continuous",TRUE,0.223368024224181,0.00919583425936366,0.205674999590107,0.223362911915976,0.241342506867694,1.00005924888621,38612.1835562947,27645.7153814333,5.76061930135513e-05,0.22337545478202,0.223281252211522,0.223475568655193,0.223339821247989,0.000194316443671377,NA,FALSE,FALSE,TRUE,"diagnostics_met_only",149.713592714795,107.19257477088
"mu.tau[108]","local_continuous",TRUE,0.428744034708697,0.033633609892376,0.314885060452776,0.4356627529763,0.462867682219341,1.01761703937399,235.608076765946,109.933336744634,0.00342282667565195,0.427217004757071,0.425847534869571,0.43728600814258,0.424625591065566,0.0126604170770143,NA,FALSE,FALSE,FALSE,"inconclusive",0.913538898773381,0.426251853360452
"mu.tau[109]","local_continuous",TRUE,0.416594257885173,0.0576839337025798,0.249099833789549,0.437149247637068,0.467945944068273,1.03322081659203,83.4796389121505,89.5518937641458,0.00888216866036177,0.428162367118839,0.408008446256593,0.417486343715416,0.412719874449841,0.0201539208622458,NA,FALSE,FALSE,FALSE,"inconclusive",0.323681167677304,0.347225526116569
"mu.tau[110]","local_continuous",TRUE,0.363273043867662,0.0167784134759044,0.348060629155349,0.365036576114642,0.379008914255597,1.00746731916012,453.826207703935,111.97457586408,0.00249876549376698,0.365215539417124,0.365182012897724,0.365270626492139,0.357423996663664,0.0078466298284755,NA,FALSE,FALSE,FALSE,"inconclusive",1.75965060158869,0.434166485842106
"mu.tau[111]","local_continuous",TRUE,0.288811216669209,0.0191638768504133,0.219958427216463,0.291660484076788,0.30899536847345,1.03270488733779,112.65310748875,26.5664524337594,0.00357181693625553,0.279325510582554,0.292236924383336,0.292145683420174,0.291536748290773,0.0129114138007818,NA,FALSE,FALSE,FALSE,"inconclusive",0.436797401732989,0.103007876613506
"mu.tau[112]","local_continuous",TRUE,0.29848539842411,0.0234470568953757,0.210479792929852,0.302462148969735,0.321059797899514,1.01893208880366,151.382828977423,31.8649421785641,0.00406703677146701,0.297901668899094,0.290831339388239,0.302913026764966,0.302295558644141,0.0120816873767268,NA,FALSE,FALSE,FALSE,"inconclusive",0.586966732106623,0.12355206403302
"mu.tau[113]","local_continuous",TRUE,0.399126156678784,0.0256175219771186,0.309772596664346,0.403247954667931,0.422480624905899,1.01091751364981,342.412103645942,64.008769298929,0.00324800851748014,0.402760463814087,0.398438497712416,0.403881734598646,0.391423930589986,0.0124578040086599,NA,FALSE,FALSE,FALSE,"inconclusive",1.32765727043447,0.248185467237915
"mu.tau[114]","local_continuous",TRUE,0.209915280485982,0.00659016539564275,0.197219199323321,0.209849007921178,0.223016570651531,1.00002995675106,50463.5380460206,48378.2769713965,2.93429987038888e-05,0.20994118263983,0.210001622095955,0.209829597735086,0.209888719473059,0.0001720243608693,NA,FALSE,FALSE,TRUE,"diagnostics_met_only",195.665639342944,187.580317600517
"mu.tau[115]","local_continuous",TRUE,0.194401357837006,0.00738299006391499,0.181305460907873,0.194490061935722,0.207805815451158,1.00055957531071,8558.96989091691,3818.23657247005,0.000190733595114208,0.194544884758575,0.194585771320451,0.194624047608261,0.193850727660737,0.000773319947523748,NA,FALSE,FALSE,TRUE,"diagnostics_met_only",33.1862643934322,14.8047031389999
"mu.tau[116]","local_continuous",TRUE,0.197602570231256,0.0058780599320311,0.186280361745759,0.197562355880246,0.209113646841664,1.00010192925085,46015.9090394453,40721.0535727452,2.95810334456067e-05,0.197480675139995,0.197647861434069,0.197642343290207,0.197639401060754,0.000167186294074056,NA,FALSE,FALSE,TRUE,"diagnostics_met_only",178.42055097165,157.890454980846
"mu.tau[117]","local_continuous",TRUE,0.205447884057215,0.00900114180990938,0.188144138387325,0.205373232523932,0.223320943726854,1.00007754134403,44235.8977752649,41658.7801167933,4.51298327333266e-05,0.205409117188196,0.205563842092337,0.205533117086089,0.205285459862235,0.000278382230101681,NA,FALSE,FALSE,TRUE,"diagnostics_met_only",171.518794663444,161.526364607371
"mu.tau[118]","local_continuous",TRUE,0.219485196859173,0.00742712157686352,0.205086051193672,0.219463847053004,0.234044594370374,1.00005564616322,47614.5899428178,46505.5357091763,3.40704006662648e-05,0.219418249801144,0.219449800467487,0.219490018539733,0.219582718628326,0.00016446882718163,NA,FALSE,FALSE,TRUE,"diagnostics_met_only",184.61922298665,180.319013090673
"mu.tau[119]","local_continuous",TRUE,0.199037103593302,0.0069139239009816,0.185766525981311,0.198985751809846,0.212652279570768,1.00023271388963,37072.8145718725,29436.6113077312,4.1029415344247e-05,0.19878477509255,0.199176347661881,0.199123268853655,0.199064022765122,0.000391572569331783,NA,FALSE,FALSE,TRUE,"diagnostics_met_only",143.744894756143,114.136534904951
"mu.tau[120]","local_continuous",TRUE,0.246271426428141,0.00943281950940789,0.228140328297943,0.246269979017458,0.264613471491609,1.00021669226196,23786.0580232366,14760.7494406484,8.08018284958612e-05,0.246362861029048,0.246447315571904,0.246238257224436,0.246037271887175,0.000410043684728439,NA,FALSE,FALSE,TRUE,"diagnostics_met_only",92.2272680587834,57.2328375757478
"mu.tau[121]","local_continuous",TRUE,0.239131167022348,0.00661077132498474,0.226485945834219,0.239080385259856,0.252165910569307,1.00009485357914,49865.0888963058,48041.8367252699,2.96006384607499e-05,0.239144262489903,0.239089489904911,0.239057904775072,0.239233010919509,0.000175106144437082,NA,FALSE,FALSE,TRUE,"diagnostics_met_only",193.345232569515,186.275815411253
"mu.tau[122]","local_continuous",TRUE,0.247515959192242,0.00927411673890845,0.23000544042394,0.247512109462601,0.265484434247364,1.0000734435011,29144.8936949721,17819.4581057645,7.25623779526608e-05,0.247605782548287,0.247538124705778,0.247586383559682,0.247333545955221,0.000272236593065966,NA,FALSE,FALSE,TRUE,"diagnostics_met_only",113.005438762702,69.092572538801
"mu.tau[123]","local_continuous",TRUE,0.23357475379705,0.00766078313112531,0.218707684389595,0.233541015889788,0.248668627830073,1.00009061340541,47596.183085258,43563.9282407049,3.52512890843254e-05,0.233576981547461,0.233488687203128,0.23358001992653,0.233653326511077,0.000164639307948772,NA,FALSE,FALSE,TRUE,"diagnostics_met_only",184.547852851059,168.913322401893
"mu.tau[124]","local_continuous",TRUE,0.283415432965338,0.00994953661312021,0.267098091242602,0.283710488210757,0.299809491626705,1.0007909164898,6064.82072922243,2588.32452536262,0.000355531019099827,0.283540849106253,0.28377679663136,0.283842539463654,0.282501546660087,0.00134099280356781,NA,FALSE,FALSE,TRUE,"diagnostics_met_only",23.51553361957,10.035883187981
"mu.tau[125]","local_continuous",TRUE,0.216965107174888,0.00588322948854732,0.205766173643417,0.216986132735942,0.228257962793637,1.00009215579668,39549.9933558778,30385.6417363266,4.69235016109243e-05,0.216923087101445,0.217015534330354,0.21701753580709,0.216904271460661,0.00011326434642836,NA,FALSE,FALSE,TRUE,"diagnostics_met_only",153.349825153554,117.816273836409
"mu.tau[126]","local_continuous",TRUE,0.206405854558922,0.00593060467186402,0.194942644080616,0.206380679693645,0.218140361838007,1.00003247827679,50710.5823132382,47578.4213199976,2.6692691841401e-05,0.206320228614464,0.206478783328703,0.206376551673133,0.20644785461939,0.000158554714238812,NA,FALSE,FALSE,TRUE,"diagnostics_met_only",196.623520545151,184.478983974834
"mu.tau[127]","local_continuous",TRUE,0.314883913994185,0.00647449676370606,0.30231176843558,0.314851624291225,0.327594187489119,1.00012250310052,51282.0210829122,49808.0667308663,2.85832990561882e-05,0.314869893463726,0.314833932719554,0.314881061342719,0.314950768450742,0.000116835731188036,NA,FALSE,FALSE,TRUE,"diagnostics_met_only",198.839198171869,193.124136727062
"mu.tau[128]","local_continuous",TRUE,0.279865285871279,0.00846669836017519,0.263480614463602,0.279818545218067,0.296449392092581,1.00005125950676,49498.7101973183,47383.2018395491,3.81311741777845e-05,0.27975933501965,0.279898510113159,0.279909008023673,0.279894290328637,0.000149673004023798,NA,FALSE,FALSE,TRUE,"diagnostics_met_only",191.924648021644,183.722046472368
"mu.tau[129]","local_continuous",TRUE,0.265761908146654,0.00810099909943779,0.250065573304009,0.265714997537578,0.281715156874248,1.00009364118193,48979.5030048672,44465.601415516,3.66214404724724e-05,0.265746656927208,0.265697752517883,0.265941533961384,0.265661689180141,0.000279844781242433,NA,FALSE,FALSE,TRUE,"diagnostics_met_only",189.911491370406,172.409439897001
"mu.tau[130]","local_continuous",TRUE,0.324142001720672,0.0123251231010799,0.300511350702755,0.324000092986804,0.348700932927421,1.0000520494041,48778.4921738477,46211.9491305383,5.57881908536524e-05,0.3240310827766,0.324140530192434,0.324172056441039,0.324224337472614,0.000193254696014111,NA,FALSE,FALSE,TRUE,"diagnostics_met_only",189.132098678391,179.180670282459
"mu.tau[131]","local_continuous",TRUE,0.44214348746157,0.0127972917120661,0.416995163107625,0.442148381729805,0.467305867413748,1.00004060259953,47776.9875425852,48098.528111618,5.85417611544786e-05,0.442203838493524,0.442017319239198,0.442337045629952,0.442015746483602,0.000321299146350096,NA,FALSE,FALSE,TRUE,"diagnostics_met_only",185.248898023649,186.495628701889
"mu.tau[132]","local_continuous",TRUE,0.276389303652303,0.0103049669274081,0.258194103090618,0.276677292709356,0.294356690494605,1.00059793630827,7359.16778807415,2935.16274180123,0.000263296914006032,0.275908766581962,0.276814776514863,0.276673772473168,0.27615989903922,0.000906009932901242,NA,FALSE,FALSE,TRUE,"diagnostics_met_only",28.5341917360683,11.3807021205366
"mu.tau[133]","local_continuous",TRUE,0.329736034758073,0.0118049804854793,0.307596720663274,0.329932249006084,0.35183974999307,1.00039303301404,20527.7820743019,11361.3555478989,0.000139248332505308,0.329364200126432,0.329728907714387,0.330072612958199,0.329778418233278,0.000708412831767258,NA,FALSE,FALSE,TRUE,"diagnostics_met_only",79.5937375654866,44.0521410737161
"mu.tau[134]","local_continuous",TRUE,0.247688060603226,0.012719007004143,0.224826080781141,0.248708728547821,0.266016182526071,1.01364787753063,236.454336963022,51.7424617634585,0.00178796699086773,0.249013850518326,0.249125400774767,0.249093314261016,0.243519676858793,0.00560572391597405,NA,FALSE,FALSE,FALSE,"inconclusive",0.916820159836769,0.200624495509848
"mu.tau[135]","local_continuous",TRUE,0.308269903540811,0.00827090948818399,0.29300721084948,0.308328624114125,0.32369641817204,1.00027664003749,18261.3709094243,9542.55569108565,0.000116429267828242,0.308408988716522,0.308390673243477,0.30843572640677,0.307844225796477,0.000591500610292006,NA,FALSE,FALSE,TRUE,"diagnostics_met_only",70.8060305048886,36.9999871701259
"mu.tau[136]","local_continuous",TRUE,0.286627571048724,0.013016183699001,0.261455976497887,0.286564246943568,0.312341105543941,1.00007716193772,46301.7336743914,42966.5488214747,6.10763151632464e-05,0.286569829416236,0.286802140077595,0.286648401922838,0.286489912778229,0.000312227299366086,NA,FALSE,FALSE,TRUE,"diagnostics_met_only",179.528797878271,166.597063365766
"mu.tau[137]","local_continuous",TRUE,0.347209767448202,0.0142429862161147,0.319418378716497,0.347149234142027,0.375355410472721,1.00002462816671,43812.1911518468,42143.4470568868,6.85982548229448e-05,0.347045555587405,0.347328460104572,0.347253029330319,0.347212024770511,0.000282904517167393,NA,FALSE,FALSE,TRUE,"diagnostics_met_only",169.875928733407,163.405596036117
"mu.tau[138]","local_continuous",TRUE,0.342344628417144,0.00868391402162019,0.325431025845507,0.342361853171686,0.359445714521911,1.00010526804038,50194.2412450833,46068.7327248476,3.87642692975405e-05,0.3423372577712,0.342256603596191,0.342409632840866,0.342375019460315,0.000153029244675418,NA,FALSE,FALSE,TRUE,"diagnostics_met_only",194.621476908666,178.625367767636
"mu.tau[139]","local_continuous",TRUE,0.379581671606946,0.0133636670243583,0.359035485003215,0.38037714335286,0.399530781541387,1.00421982441198,1387.87205886805,426.102649766288,0.000771333213670034,0.377048029571414,0.3803796928111,0.380435506266043,0.38046345777923,0.00341542820781665,NA,FALSE,FALSE,TRUE,"diagnostics_met_only",5.38128883228468,1.65215620268658
"mu.tau[140]","local_continuous",TRUE,0.271967718669937,0.00907169651519589,0.254498230313534,0.271912185552801,0.289833540053681,1.00003566599435,44831.0587378438,43648.2117963475,4.4923112172842e-05,0.272025206794613,0.272021400009359,0.272024340142682,0.271799927733091,0.000225279061521699,NA,FALSE,FALSE,TRUE,"diagnostics_met_only",173.826451929741,169.240120649488
"mu.tau[141]","local_continuous",TRUE,0.269737000799399,0.00796630478520351,0.25420106840602,0.269714534585641,0.285442369873271,1.0000503659944,49792.3412072536,46492.605490827,3.56983637976394e-05,0.269805725875232,0.269669305618465,0.269712778040843,0.269760193663059,0.000136420256767467,NA,FALSE,FALSE,TRUE,"diagnostics_met_only",193.063163106289,180.268877893299
"mu.tau[142]","local_continuous",TRUE,0.359987312778458,0.0116370176371792,0.337641227596836,0.359953416137126,0.382520455987598,1.00017380627001,23737.5018083035,12591.4427589229,0.000105926775217241,0.359624141927577,0.36010303015302,0.360170215909816,0.360051863123422,0.000546073982239381,NA,FALSE,FALSE,TRUE,"diagnostics_met_only",92.0389978104647,48.8216401994631
"mu.tau[143]","local_continuous",TRUE,0.226262836428496,0.00684056273467195,0.212942699755038,0.226207126696135,0.239826129957938,0.999988562562779,48923.6793139985,47366.2275875695,3.09285518414607e-05,0.226186414912939,0.226301493388613,0.226303559035163,0.226259878377272,0.000117144122223439,NA,FALSE,FALSE,TRUE,"diagnostics_met_only",189.695042453282,183.656231073873
"mu.nu[1]","local_continuous",TRUE,0.84389249447371,0.0130295869561145,0.817662163959802,0.844215118725954,0.868504554702414,1.0000317562686,47598.4541821866,46149.293227702,6.10681456282975e-05,0.843899261007928,0.843795972061178,0.843856274938477,0.84401846988725,0.000222497826072643,NA,FALSE,FALSE,TRUE,"diagnostics_met_only",184.556658726543,178.937730374523
"mu.nu[2]","local_continuous",TRUE,0.686469174536313,0.0427533999484749,0.59967195741968,0.687472855605312,0.766979426754282,1.0001802311531,47607.9283064397,44512.0759221165,0.000195822873813108,0.686159785201369,0.686148338057844,0.686665331750708,0.686903243135337,0.000754905077493206,NA,FALSE,FALSE,TRUE,"diagnostics_met_only",184.593393379938,172.589638598861
"mu.nu[3]","local_continuous",TRUE,0.593711122691521,0.0189769004711944,0.556013934133437,0.593853985176178,0.630428056007125,1.00006951240421,49246.166021383,46374.3368158366,8.55532860509325e-05,0.593708952290298,0.593652912405888,0.593499508082266,0.593983117987635,0.000483609905369775,NA,FALSE,FALSE,TRUE,"diagnostics_met_only",190.94544165681,179.810306877427
"mu.nu[4]","local_continuous",TRUE,0.547140236316474,0.0190868842536245,0.509870403836824,0.547100805703749,0.584489326888913,1.00019692058005,48940.4515531006,47211.8079410879,8.62608624648733e-05,0.547086472736074,0.547047145529436,0.547190034175791,0.547237292824602,0.000190147295165977,NA,FALSE,FALSE,TRUE,"diagnostics_met_only",189.760074573783,183.057489486861
"mu.nu[5]","local_continuous",TRUE,0.442978372284712,0.0155570492449011,0.412606917383293,0.442858868906498,0.473447648627569,1.00015435516647,49987.4216904045,46446.6827415742,6.95933442662246e-05,0.442915239909514,0.4429103448328,0.442993497580424,0.443094406816112,0.000184061983312001,NA,FALSE,FALSE,TRUE,"diagnostics_met_only",193.819561665269,180.090818556977
"mu.nu[6]","local_continuous",TRUE,0.468043046603098,0.0174809724672466,0.433803531067528,0.467984289149837,0.502375228195186,1.00013394000877,48586.3370986534,44194.3217139915,7.93283514965339e-05,0.468083404790409,0.468366234286272,0.467929856492086,0.46779269084363,0.000573543442642377,NA,FALSE,FALSE,TRUE,"diagnostics_met_only",188.387042998652,171.357589030121
"mu.nu[7]","local_continuous",TRUE,0.453763442337138,0.0199158220605849,0.414972219507295,0.453673202539513,0.49311344463325,1.00007470555087,49664.6637853137,48160.1739039778,8.9371103734797e-05,0.453835346381829,0.453743272895423,0.453544148522972,0.45393100154833,0.000386853025358846,NA,FALSE,FALSE,TRUE,"diagnostics_met_only",192.568110928799,186.734652041154
"mu.nu[8]","local_continuous",TRUE,0.461422906210553,0.013567618811376,0.434947017366085,0.461402504304755,0.488266852044595,1.00014503440495,49869.5768115501,47228.0545251156,6.07637189315219e-05,0.461482925260146,0.461414802004433,0.461479465285073,0.461314432292559,0.000168492967587086,NA,FALSE,FALSE,TRUE,"diagnostics_met_only",193.3626338624,183.120483449909
"mu.nu[9]","local_continuous",TRUE,0.451984412203885,0.0179886532960194,0.416775430390872,0.452037903347018,0.487166137233505,1.00004011636388,53104.318102336,47142.9204969095,7.80676401873668e-05,0.451944225157469,0.451858739570103,0.452181903286599,0.451952780801367,0.000323163716496322,NA,FALSE,FALSE,TRUE,"diagnostics_met_only",205.904911857127,182.790387608361
"mu.nu[10]","local_continuous",TRUE,0.53144165205837,0.0151511889137304,0.501789752368001,0.531476542947189,0.561110144214318,1.00005372624189,50728.0168414827,47654.8689708716,6.73158834657472e-05,0.531436606343295,0.53162954587919,0.531303157049071,0.531397298961924,0.00032638883011904,NA,FALSE,FALSE,TRUE,"diagnostics_met_only",196.691120603484,184.775399546626
"mu.nu[11]","local_continuous",TRUE,0.483472949445323,0.0134557526143446,0.457195049713287,0.483453114452299,0.509859746903375,1.00008764248705,48408.4781172668,44471.187579455,6.1152727183032e-05,0.483461743814981,0.483500589620537,0.483481473591447,0.483447990754324,5.25988662129495e-05,NA,FALSE,FALSE,TRUE,"diagnostics_met_only",187.697418516236,172.431099502747
"mu.nu[12]","local_continuous",TRUE,0.45207639794338,0.0292877022497548,0.395376211990941,0.451854448946048,0.50964576663295,1.00002432605263,47040.1402818868,44309.431096417,0.000136270684845512,0.452006919419726,0.452059652414184,0.452116699272812,0.452122320666795,0.00011540124706888,NA,FALSE,FALSE,TRUE,"diagnostics_met_only",182.391871030592,171.803910310372
"mu.nu[13]","local_continuous",TRUE,0.521381821837679,0.0205510425016229,0.481455681479052,0.521275897667254,0.561965775579326,1.00006461844289,49465.9798638039,46384.4428982446,9.24033061519945e-05,0.521595927881526,0.521403552558245,0.5214879676249,0.521039839286045,0.000556088595480508,NA,FALSE,FALSE,TRUE,"diagnostics_met_only",191.797740518109,179.849491864295
"mu.nu[14]","local_continuous",TRUE,0.521401168251274,0.0160434608148045,0.489845806508585,0.521377355181423,0.553077350104024,1.00009733687549,48288.5869859662,45944.2301029775,7.30290994370354e-05,0.52155350833957,0.521304480405844,0.521310219892243,0.521436464367437,0.000249027933725388,NA,FALSE,FALSE,TRUE,"diagnostics_met_only",187.23255664238,178.142625454049
"mu.nu[15]","local_continuous",TRUE,0.528704963414607,0.0143405795012344,0.500740760669641,0.528666569789721,0.556937935642127,1.00012151383189,49543.8687878991,48037.8098968376,6.44051166157608e-05,0.528606265342561,0.528646524626612,0.528664189848371,0.528902873840882,0.000296608498320805,NA,FALSE,FALSE,TRUE,"diagnostics_met_only",192.099744434618,186.260201920993
"mu.nu[16]","local_continuous",TRUE,0.505675691737024,0.0145149308712609,0.477134070760975,0.505676173220034,0.534105937549179,1.00005917667486,48927.4689809274,45664.7730073692,6.56007524444736e-05,0.505730665769786,0.505635418771079,0.505651658752647,0.505685023654588,9.52469987063331e-05,NA,FALSE,FALSE,TRUE,"diagnostics_met_only",189.709736381437,177.059067832084
"mu.nu[17]","local_continuous",TRUE,0.600439348261401,0.0127263598502431,0.575329774746599,0.600430562824896,0.625433680600029,1.00004034099757,50367.6988874093,46967.1527602692,5.67165548548891e-05,0.600413979044348,0.600593848618157,0.600332108339938,0.600417457043152,0.000261740278218903,NA,FALSE,FALSE,TRUE,"diagnostics_met_only",195.294035785804,182.108871648576
"mu.nu[18]","local_continuous",TRUE,0.734781944781801,0.0120198009179624,0.710848264264661,0.734929509953555,0.758013904625029,1.00003465717315,49654.4329521943,48010.3565816831,5.39127587157504e-05,0.734708431516731,0.734810088650392,0.734727554256062,0.734881704704021,0.000173273187289436,NA,FALSE,FALSE,TRUE,"diagnostics_met_only",192.528442237684,186.153755352445
"mu.nu[19]","local_continuous",TRUE,0.78139785580372,0.0115576202401924,0.75844283452244,0.781566305901568,0.803618197530172,1.00001596379424,51645.5274840612,47163.0810976803,5.08457835912335e-05,0.781418974219629,0.781356689257449,0.781404470039901,0.781411289697899,6.22849621803034e-05,NA,FALSE,FALSE,TRUE,"diagnostics_met_only",200.248645767898,182.868557649387
"mu.nu[20]","local_continuous",TRUE,0.838032319665776,0.0213614614073797,0.794032900024812,0.838762984905803,0.877823478491209,0.999989868604758,49496.5930587746,45040.2753307667,9.58333214047912e-05,0.838169605527828,0.837900632097427,0.838150681017306,0.837908360020538,0.000268973430400665,NA,FALSE,FALSE,TRUE,"diagnostics_met_only",191.916439099267,174.637661369279
"mu.nu[21]","local_continuous",TRUE,0.67866317312278,0.0220157721382748,0.637293269105635,0.679126031327665,0.71881932361038,1.0002357159659,18724.8453115161,9275.15885555031,0.000362967171510252,0.679248342667463,0.678858862238036,0.677729132193905,0.678816355391723,0.00151921047355863,NA,FALSE,FALSE,TRUE,"diagnostics_met_only",72.6030906936072,35.9631915983293
"mu.nu[22]","local_continuous",TRUE,0.556146514495634,0.0137556321123719,0.529137498835983,0.556156391559644,0.58310247354943,1.00012508042958,47469.993527742,45168.2033877061,6.31288371297744e-05,0.555915460431633,0.556110376260129,0.556428229011314,0.556131992279471,0.000512768579681411,NA,FALSE,FALSE,TRUE,"diagnostics_met_only",184.058569669462,175.133685350557
"mu.nu[23]","local_continuous",TRUE,0.722704421149741,0.0150088588210021,0.692976221607144,0.72289351027272,0.751439999774502,1.00019100099652,48519.3839573052,46420.3497006872,6.84496407695219e-05,0.722714785228669,0.722711215064455,0.722785180187141,0.722606504118694,0.000178676068446681,NA,FALSE,FALSE,TRUE,"diagnostics_met_only",188.127441121432,179.98871570251
"mu.nu[24]","local_continuous",TRUE,0.600796267360753,0.0163021777123242,0.568681238991495,0.600828768238324,0.632558491374804,1.00012363071311,49485.7743253205,46821.8268076441,7.32630527743726e-05,0.600776759342897,0.600883855807021,0.600813979734897,0.600710474558202,0.000173381248819493,NA,FALSE,FALSE,TRUE,"diagnostics_met_only",191.874490903002,181.545389646827
"mu.nu[25]","local_continuous",TRUE,0.518235893308287,0.012143711348091,0.494295272293608,0.518195305873511,0.542126675267731,1.00000043730656,49949.8264622833,47799.385905676,5.43387642529989e-05,0.518182466219374,0.5182615234308,0.518171170424017,0.518328413158959,0.000157242734941887,NA,FALSE,FALSE,TRUE,"diagnostics_met_only",193.67379118164,185.33574468966
"mu.nu[26]","local_continuous",TRUE,0.577948566579017,0.0140442515553018,0.550330864780324,0.578038259528562,0.605314539304155,1.00002596721207,51452.4587068019,50351.2742075522,6.1908310452681e-05,0.578045457560058,0.577969405195159,0.57789862007658,0.57788078348427,0.00016467407578824,NA,FALSE,FALSE,TRUE,"diagnostics_met_only",199.500047330247,195.230351279927
"mu.nu[27]","local_continuous",TRUE,0.550130941712201,0.0147134755931092,0.521239602635036,0.550139898157103,0.578716703928397,1.00008498769295,47378.4445855695,44651.2692204414,6.75889242906896e-05,0.550275607332577,0.550125075445101,0.550157115194791,0.549965968876329,0.000309638456247874,NA,FALSE,FALSE,TRUE,"diagnostics_met_only",183.703600854453,173.129342051365
"mu.nu[28]","local_continuous",TRUE,0.537252911868621,0.0139234554567321,0.509942398219071,0.537246328665928,0.564470050481843,1.0000376178146,48417.6046743404,46458.222941319,6.32862627625223e-05,0.537171672310242,0.537429672746301,0.537296086557091,0.537114215860852,0.000315456885449206,NA,FALSE,FALSE,TRUE,"diagnostics_met_only",187.732805524241,180.135564142575
"mu.nu[29]","local_continuous",TRUE,0.539958136822101,0.0196840106359125,0.501048347846674,0.540113411823777,0.578144068710896,1.00009963507861,44979.327759785,43008.1901215855,9.33440240988289e-05,0.540055471892761,0.539822433787848,0.539960703704974,0.539993937902817,0.000233038104913152,NA,FALSE,FALSE,TRUE,"diagnostics_met_only",174.401345290298,166.758521953981
"mu.nu[30]","local_continuous",TRUE,0.501392327505882,0.0174395920324311,0.46743934550627,0.501361070944538,0.535605530508804,1.00008410496669,50649.7695429668,48631.3325307804,7.7448587882742e-05,0.501417144424798,0.501409128843618,0.501577829667128,0.501165207087985,0.000412622579143096,NA,FALSE,FALSE,TRUE,"diagnostics_met_only",196.387727137948,188.561506786479
"mu.nu[31]","local_continuous",TRUE,0.555610955298288,0.0137002786271478,0.528674780288178,0.555713409673595,0.582331218378408,1.00010319368969,48565.7548351088,46749.0169150447,6.21655847790542e-05,0.555518914403851,0.555557287006977,0.555861256239476,0.555506363542854,0.000354892696622144,NA,FALSE,FALSE,TRUE,"diagnostics_met_only",188.307238016451,181.263078997641
"mu.nu[32]","local_continuous",TRUE,0.538519621761817,0.0155199367543072,0.511923939658036,0.538809845277621,0.564875227927814,1.00026173899104,19722.4333657416,11370.8828431537,0.000339511419199626,0.538955583855021,0.538652325846725,0.53888125009314,0.537589327252374,0.00136625660264733,NA,FALSE,FALSE,TRUE,"diagnostics_met_only",76.4711053431724,44.0890818905796
"mu.nu[33]","local_continuous",TRUE,0.52219169673734,0.0134627686022965,0.495644894875582,0.522281887350977,0.548339802981379,1.00010763038922,49450.3685933958,46051.1375381227,6.05595018158382e-05,0.52230041812185,0.522270781250385,0.522038202443148,0.522157385133974,0.000262215678701327,NA,FALSE,FALSE,TRUE,"diagnostics_met_only",191.737209898901,178.557144777469
"mu.nu[34]","local_continuous",TRUE,0.61340617805524,0.0124138400104848,0.58915321607328,0.613397466363083,0.637710823041185,1.00025718879373,49471.1637709905,46925.5116970183,5.59338010994194e-05,0.613565540649697,0.613443229460148,0.613289755967875,0.613326186143228,0.000275784681822211,NA,FALSE,FALSE,TRUE,"diagnostics_met_only",191.817840426939,181.947413978753
"mu.nu[35]","local_continuous",TRUE,0.601129833818922,0.013641106848372,0.574144427902179,0.601177806779006,0.627533733404255,1.00002851391353,50159.2938662426,45877.6019715032,6.09459693439755e-05,0.601018137545848,0.601229796790208,0.601121202197129,0.601150198742505,0.000211659244360618,NA,FALSE,FALSE,TRUE,"diagnostics_met_only",194.485973107526,177.884283759274
"mu.nu[36]","local_continuous",TRUE,0.716129581462483,0.012694557367364,0.690724194935324,0.71628070526904,0.740824018403677,1.00005101086831,46297.5484702614,45842.099339395,5.90072323694572e-05,0.716076963043428,0.716056644110834,0.716113196997243,0.716271521698425,0.000214877587590645,NA,FALSE,FALSE,TRUE,"diagnostics_met_only",179.512570307364,177.746627037634
"mu.nu[37]","local_continuous",TRUE,0.764588232492047,0.0144371701842179,0.73550962425677,0.764734622615857,0.792242050433799,1.00007887127182,47633.6186319111,45871.0718221667,6.6112731968834e-05,0.764548679747127,0.764397656284299,0.764674420675469,0.764732173261293,0.000334516976994159,NA,FALSE,FALSE,TRUE,"diagnostics_met_only",184.693004191089,177.858963976033
"mu.nu[38]","local_continuous",TRUE,0.800969983027562,0.0140426210538968,0.772905847077228,0.801236194227905,0.827653014671979,1.00008560419226,43255.0812224494,37470.5673964302,8.22941327045569e-05,0.800831278416967,0.800938606589322,0.801007166510133,0.801102880593829,0.000271602176861729,NA,FALSE,FALSE,TRUE,"diagnostics_met_only",167.715809274077,145.287128292098
"mu.nu[39]","local_continuous",TRUE,0.581969252545999,0.0138273293270871,0.554900500298745,0.581989623979772,0.609108266208244,1.00008474179353,49440.9706370568,47030.0727569079,6.22380168963333e-05,0.581895215757104,0.582024389030657,0.581892897484094,0.58206450791214,0.000171610428045921,NA,FALSE,FALSE,TRUE,"diagnostics_met_only",191.700770576436,182.352835545014
"mu.nu[40]","local_continuous",TRUE,0.625651395329047,0.0129326113132633,0.599961847876573,0.625778338318725,0.650608183890152,1.00009832638993,49293.5344851906,45269.3688391871,5.82637450598073e-05,0.625748952909281,0.625536475634745,0.625654667154695,0.625665485617472,0.000212477274535883,NA,FALSE,FALSE,TRUE,"diagnostics_met_only",191.129106558529,175.525940898026
"mu.nu[41]","local_continuous",TRUE,0.757963015454504,0.0134606484145941,0.731199316145698,0.758198601377244,0.783858246726571,1.00008306674339,51108.1423699889,46637.5736580154,5.9521339544459e-05,0.75806549486452,0.757862262578776,0.757857564323967,0.758066740050752,0.000209175726785693,NA,FALSE,FALSE,TRUE,"diagnostics_met_only",198.165006649641,180.830972629728
"mu.nu[42]","local_continuous",TRUE,0.724711512218385,0.018778897570807,0.687188547764754,0.724963005070452,0.760871395413875,1.00003762618106,49077.5899736576,46244.0986312036,8.47090694840151e-05,0.724776275011816,0.724877424058138,0.724449524954939,0.724742824848654,0.000427899103198737,NA,FALSE,FALSE,TRUE,"diagnostics_met_only",190.291810511764,179.305325684078
"mu.nu[43]","local_continuous",TRUE,0.821016395443286,0.0159448110091814,0.78891126538685,0.821418018135673,0.850977974216247,1.00006358403335,45009.7304637639,35468.2791392923,8.58934131043839e-05,0.82102718466461,0.821021098790929,0.821057533090118,0.820959765227487,9.77678626308265e-05,NA,FALSE,FALSE,TRUE,"diagnostics_met_only",174.519227720705,137.523522584856
"mu.nu[44]","local_continuous",TRUE,0.877607648833383,0.0102588197699401,0.856818846631297,0.877824598862407,0.896894058106139,1.00003274323695,49271.549060446,46878.1785699651,4.62415447810281e-05,0.877642860660241,0.877617465142076,0.877455032343974,0.877715237187246,0.000260204843271605,NA,FALSE,FALSE,TRUE,"diagnostics_met_only",191.04386100589,181.763886090587
"mu.nu[45]","local_continuous",TRUE,0.797369899979571,0.0142545717893993,0.76876011984667,0.797617879212211,0.824649699282001,1.00002397759207,48910.4812664293,45186.8717911355,6.43599666304849e-05,0.797377266876167,0.79738891237286,0.797466027921356,0.797247392747895,0.000218635173461879,NA,FALSE,FALSE,TRUE,"diagnostics_met_only",189.643868783822,175.20606959538
"mu.nu[46]","local_continuous",TRUE,0.836621470600894,0.0120763547961292,0.812643384433987,0.836906155734313,0.859544799145856,1.00025734252959,46281.1149332659,42716.1807209106,6.40541013521472e-05,0.836549059150734,0.836588741676896,0.836617006400209,0.836731075175751,0.000182016025016773,NA,FALSE,FALSE,TRUE,"diagnostics_met_only",179.448851459115,165.626294442999
"mu.nu[47]","local_continuous",TRUE,0.766935226116979,0.01349294274213,0.739838304571795,0.767201525322912,0.792780277688138,1.00008010129266,48045.0706873655,45469.6190761659,6.157457833502e-05,0.767034270324953,0.766761598308489,0.767213309800852,0.766731726033633,0.00048158376721863,NA,FALSE,FALSE,TRUE,"diagnostics_met_only",186.288354668022,176.302384488075
"mu.nu[48]","local_continuous",TRUE,0.751784822674281,0.012658619869933,0.726715636799236,0.751900206211232,0.776202430757154,1.00007902525225,47021.8066175796,44594.1747050457,5.83747921390711e-05,0.751499552840581,0.751922854222366,0.751975469191955,0.75174141444222,0.00047591635137445,NA,FALSE,FALSE,TRUE,"diagnostics_met_only",182.320784692077,172.907965681605
"mu.nu[49]","local_continuous",TRUE,0.776989138166487,0.0255880203875598,0.725635809821925,0.777827576515844,0.82404195623261,1.00008825853377,41571.0613822757,36449.5058435038,0.000155813418833528,0.776643075869368,0.77748297990774,0.777237141493021,0.776593355395826,0.000889624511913989,NA,FALSE,FALSE,TRUE,"diagnostics_met_only",161.186246911777,141.328098281566
"mu.nu[50]","local_continuous",TRUE,0.556342409405461,0.0146437853623756,0.527545170729427,0.556406147383703,0.58504633725266,1.00004976719675,49067.9803376499,45907.7697125918,6.61056344437695e-05,0.556221298514963,0.556244251611946,0.556326688966075,0.556577398528856,0.000356100013892746,NA,FALSE,FALSE,TRUE,"diagnostics_met_only",190.254550429612,178.001255152407
"mu.nu[51]","local_continuous",TRUE,0.479917258186661,0.0114779033708868,0.457518973572363,0.479888021954134,0.502450636463544,1.00006500481152,50277.1690010199,46948.4757728472,5.11760204156897e-05,0.479968713764659,0.47993886747732,0.479959755028499,0.479801696476162,0.000167017288496829,NA,FALSE,FALSE,TRUE,"diagnostics_met_only",194.9430182237,182.036454120467
"mu.nu[52]","local_continuous",TRUE,0.4955918677692,0.0187291164420532,0.459010643139017,0.495580360979794,0.532369558392204,1.00007618907918,48436.1149239677,44861.115193134,8.51102682767528e-05,0.495762148751704,0.495328338205613,0.495595616479208,0.495681367640275,0.00043381054609043,NA,FALSE,FALSE,TRUE,"diagnostics_met_only",187.804576548786,173.942991827031
"mu.nu[53]","local_continuous",TRUE,0.769700408682481,0.0183602212554053,0.732767811187711,0.770116748457534,0.804244715742288,1.00003832035185,46680.8378196011,40564.0035527227,9.50247119560678e-05,0.76973230183159,0.769511773275941,0.76958032508326,0.769977234539123,0.000465461263182587,NA,FALSE,FALSE,TRUE,"diagnostics_met_only",180.9987236469,157.281514471196
"mu.nu[54]","local_continuous",TRUE,0.80883882364179,0.0137266867302103,0.78313444107728,0.809345213351836,0.832846200004421,1.0004304537037,11449.8619413853,5295.06240830594,0.000266803784136124,0.809201677716579,0.809292235322625,0.809090098150583,0.807771283377373,0.00152095194525148,NA,FALSE,FALSE,TRUE,"diagnostics_met_only",44.3953128119257,20.5308983792838
"mu.nu[55]","local_continuous",TRUE,0.859654182291393,0.0116904053172974,0.836097421568142,0.859875081046664,0.88193600655747,1.000047464579,50265.5960464428,46339.0260966889,5.21586659595227e-05,0.859565618415525,0.85970706361845,0.859536279103365,0.859807768028237,0.00027148892487161,NA,FALSE,FALSE,TRUE,"diagnostics_met_only",194.898145635608,179.673394272699
"mu.nu[56]","local_continuous",TRUE,0.862527447630875,0.0102138189797481,0.842039865242518,0.862751455633521,0.881737012678929,1.00001445192783,49810.6812471591,47269.2396459497,4.56808764023996e-05,0.862604796114614,0.862585546493795,0.862502419120828,0.862417028794262,0.000187767320351973,NA,FALSE,FALSE,TRUE,"diagnostics_met_only",193.134274165335,183.280173263811
"mu.nu[57]","local_continuous",TRUE,0.86931118486037,0.0107218592172932,0.84759728504872,0.869505093301499,0.889662931199247,0.999996336207351,48381.5987769645,47516.9012194849,4.87382324039765e-05,0.86928656789253,0.86927638373638,0.869309955552716,0.869371832259854,9.54485234746505e-05,NA,FALSE,FALSE,TRUE,"diagnostics_met_only",187.593197458636,184.240447988945
"mu.nu[58]","local_continuous",TRUE,0.877169157909209,0.0122092292802904,0.855086169646774,0.877674389591273,0.897744928129546,1.00060237689625,11637.6065945166,5569.65369237942,0.000248930093128598,0.876224472304245,0.877501296711267,0.877519363406571,0.877431499214749,0.00129489110232606,NA,FALSE,FALSE,TRUE,"diagnostics_met_only",45.123267668255,21.5955894658905
"mu.nu[59]","local_continuous",TRUE,0.864702831718762,0.0111514327351938,0.843181720591669,0.86508973520437,0.884544203563398,1.00067806579039,8448.22999607616,3800.51327819203,0.000243205102120933,0.863932409530915,0.865053191742092,0.864926300730066,0.864899424871977,0.00112078221117717,NA,FALSE,FALSE,TRUE,"diagnostics_met_only",32.7568852186104,14.7359834288795
"mu.nu[60]","local_continuous",TRUE,0.904145545529006,0.010777978296053,0.882382469072643,0.904561583875165,0.924115183817988,1.0001625641937,37325.442827602,29931.6610056264,6.84376908595869e-05,0.903984041900178,0.904243595168599,0.904201401588351,0.904153143458903,0.000259553268420309,NA,FALSE,FALSE,TRUE,"diagnostics_met_only",144.724427129167,116.056024092508
"mu.nu[61]","local_continuous",TRUE,0.817396552431645,0.0747617275455743,0.582514368202546,0.843500199357077,0.869606260900587,1.27323877127742,10.6530241735829,20.3651329190998,0.0297850627158708,0.819640256216194,0.757213223986374,0.846462907716963,0.846269821807043,0.0892496837305883,NA,FALSE,FALSE,FALSE,"inconclusive",0.0413056806274469,0.0789630871558347
"mu.nu[62]","local_continuous",TRUE,0.793516914640962,0.0862571090402092,0.474238484195864,0.816002066943567,0.834436199340695,1.1089482114806,23.4619907372596,11.5611246934266,0.0297770329953874,0.816888889847763,0.723325135099939,0.816989979547956,0.816863654068184,0.0936648444480173,NA,FALSE,FALSE,FALSE,"inconclusive",0.0909707403725359,0.0448267192958184
"mu.nu[63]","local_continuous",TRUE,0.780258278402825,0.0109893068051858,0.758357397504591,0.780397932162125,0.801494141752393,1.00006616821675,45978.9799653056,42831.1400662037,5.12611310681347e-05,0.780110904079194,0.780298589335989,0.780335997850484,0.780287622345643,0.000225093771289542,NA,FALSE,FALSE,TRUE,"diagnostics_met_only",178.277363411251,166.072033974276
"mu.nu[64]","local_continuous",TRUE,0.880313214769864,0.02520426015393,0.794206194201664,0.88484585720332,0.903569811243551,1.01695523232222,227.085223550498,56.5490624357797,0.00307902065832115,0.881917357459184,0.880423418804099,0.885255561460115,0.873656521356064,0.0115990401040513,NA,FALSE,FALSE,FALSE,"inconclusive",0.880492671972835,0.219261448645363
"mu.nu[65]","local_continuous",TRUE,0.891447858940104,0.0295457155081493,0.789888152105938,0.897572530846782,0.914099255448539,1.04088199143663,60.4053473583948,19.1686202424398,0.00650510469439224,0.878814832454696,0.898113752571871,0.89777213690762,0.891090713826225,0.0192989201171745,NA,FALSE,FALSE,FALSE,"inconclusive",0.234213679188214,0.0743237688098414
"mu.nu[66]","local_continuous",TRUE,0.923238943820733,0.00574173325380139,0.911655213249184,0.92336086410811,0.93421870125213,1.0001113647335,47968.8063084287,44756.9534579502,2.61832589808295e-05,0.92335578039795,0.923239843749272,0.923218026122517,0.923142125013188,0.000213655384761924,NA,FALSE,FALSE,TRUE,"diagnostics_met_only",185.992649708727,173.539118589066
"mu.nu[67]","local_continuous",TRUE,0.905216952076799,0.0374829496028147,0.778536415986265,0.916650809618951,0.930970719470297,1.27755117592005,10.5171986718414,11.9809474355105,0.0158515498930126,0.91781728659776,0.869825733934146,0.917854513623303,0.915370274152001,0.0480287796891569,NA,FALSE,FALSE,FALSE,"inconclusive",0.0407790353570914,0.0464545259939066
"mu.nu[68]","local_continuous",TRUE,0.819862682225969,0.017389211725242,0.793724348014351,0.82099334170745,0.844793424358552,1.00278786340461,2120.45725192591,773.028846559719,0.00105002550677574,0.816745067137405,0.820922113094774,0.820914277627757,0.820869271043948,0.0041770459573689,NA,FALSE,FALSE,TRUE,"diagnostics_met_only",8.22179022642236,2.99731626733559
"mu.nu[69]","local_continuous",TRUE,0.919724730647555,0.0370923524918034,0.78624080361265,0.928504293151175,0.943436017384712,1.05054684062246,91.4271241441956,29.036137189013,0.00696126560684632,0.928254561908486,0.900750272688286,0.928918919058195,0.920975168935258,0.0281686463699087,NA,FALSE,FALSE,FALSE,"inconclusive",0.354496481848866,0.112583749913779
"mu.nu[70]","local_continuous",TRUE,0.875104602760612,0.0337804760557856,0.759994235879765,0.880750519361395,0.903911536382487,1.02298401318421,120.511373712556,27.4801490506971,0.00662370701985396,0.879538716074681,0.880856355473273,0.881135502315503,0.858887837178997,0.0222476651365061,NA,FALSE,FALSE,FALSE,"inconclusive",0.467266781097668,0.106550613402107
"mu.nu[71]","local_continuous",TRUE,0.892031109372881,0.00978691235321835,0.872316617194838,0.892332748358732,0.910273244719185,1.00006278381816,45634.1120127637,39664.1750318807,5.11394536779829e-05,0.891973229026654,0.892078011382341,0.892069452368849,0.892003744713676,0.000104782355687227,NA,FALSE,FALSE,TRUE,"diagnostics_met_only",176.940183914216,153.792549375863
"mu.nu[72]","local_continuous",TRUE,0.944452787363836,0.00611408246712098,0.931858945504463,0.944693188531948,0.95569987157909,1.00021361805433,34976.96721386,22836.9270768978,4.22975848717963e-05,0.944454966935463,0.944506734888816,0.94428285870356,0.944566588927515,0.000283730223954892,NA,FALSE,FALSE,TRUE,"diagnostics_met_only",135.618526111583,88.5471393831801
"mu.nu[73]","local_continuous",TRUE,0.808969550592414,0.0489090123042601,0.633798590587123,0.819761480643151,0.844620597116349,1.0850390520725,34.5498832529995,13.4965850729754,0.0140431916600076,0.820582935856148,0.820449732559836,0.820743409045975,0.774102124907697,0.0466412841382776,NA,FALSE,FALSE,FALSE,"inconclusive",0.133962565005989,0.0523312088193626
"mu.nu[74]","local_continuous",TRUE,0.859702164274622,0.00957250346279385,0.840581796014731,0.859882959333224,0.877907516048751,1.00002164685822,47921.9312871026,44823.2566564789,4.3666182648102e-05,0.859664332376891,0.859680330825915,0.859815905538876,0.859648088356806,0.000167817182070373,NA,FALSE,FALSE,TRUE,"diagnostics_met_only",185.810898064429,173.796200399675
"mu.nu[75]","local_continuous",TRUE,0.845870498364864,0.0120817574300163,0.821807733894461,0.846239686118037,0.868412481029547,1.00026007778814,21084.23116758,11874.8167217477,0.000125920773691902,0.845982270839753,0.846001833375208,0.846029531498022,0.845468357746468,0.000561173751553845,NA,FALSE,FALSE,TRUE,"diagnostics_met_only",81.7512947208879,46.0430183040696
"mu.nu[76]","local_continuous",TRUE,0.94542055561591,0.0140697018234892,0.91458106138596,0.946631011611625,0.969445464118086,1.00011023166273,47930.830026454,42957.2702699153,6.38915862373732e-05,0.945193891562658,0.945348051086254,0.945792223359897,0.945348056454828,0.000598331797239338,NA,FALSE,FALSE,TRUE,"diagnostics_met_only",185.845401739596,166.561087019411
"mu.nu[77]","local_continuous",TRUE,0.906251984586615,0.0101187346310378,0.885454442008214,0.906613158037893,0.9249980126302,1.00001585598288,48187.9544856144,44547.9113335222,4.66679649291575e-05,0.906248650658584,0.906163591905796,0.906295032718508,0.90630066306358,0.00013707115778383,NA,FALSE,FALSE,TRUE,"diagnostics_met_only",186.842367541844,172.728585627851
"mu.nu[78]","local_continuous",TRUE,0.930000323854418,0.00943631692384741,0.91114209458327,0.930440927688164,0.946673740741949,1.00005016389471,32136.1328141234,17492.0851586531,0.00010591929156548,0.929758331127976,0.930028798270846,0.93008473173377,0.93012943428509,0.000371103157113861,NA,FALSE,FALSE,TRUE,"diagnostics_met_only",124.603569558497,67.8232275923226
"mu.nu[79]","local_continuous",TRUE,0.92794330292429,0.0122908603677769,0.901765364566819,0.928620333229655,0.950053817865784,1.00009157931677,50104.6336646202,45201.5235995823,5.47218436271903e-05,0.927808943078707,0.92788513575755,0.927981933016928,0.928097199843973,0.00028825676526556,NA,FALSE,FALSE,TRUE,"diagnostics_met_only",194.2740354648,175.262880028779
"mu.nu[80]","local_continuous",TRUE,0.905953070539826,0.0149128879053547,0.878830879999854,0.907058324242779,0.929164995464368,1.0016316019666,3733.2020170475,1417.54617344864,0.000499122945120818,0.904977530929415,0.906846839349804,0.906704643228777,0.905283268651317,0.00186930842038879,NA,FALSE,FALSE,TRUE,"diagnostics_met_only",14.4749929899053,5.49634625445855
"mu.nu[81]","local_continuous",TRUE,0.769393835282329,0.0103788970392756,0.74870868740066,0.769487236798105,0.789452894208166,1.00009711513161,49174.956459056,44263.0498749009,4.67809240194946e-05,0.769287511083054,0.769508440381966,0.769391506657978,0.769387883006333,0.000220929298911599,NA,FALSE,FALSE,TRUE,"diagnostics_met_only",190.669336074849,171.624073308987
"mu.nu[82]","local_continuous",TRUE,0.662021301939163,0.105398999676825,0.321173006521389,0.698005934251768,0.726776146107824,1.184453622888,14.3230638657573,15.1476789746221,0.0402661581770722,0.700385283000606,0.700696888773615,0.700753627888272,0.546249408094159,0.154504219794113,NA,FALSE,FALSE,FALSE,"inconclusive",0.0555357701255,0.0587331052457751
"mu.nu[83]","local_continuous",TRUE,0.741939998624035,0.0207726876192383,0.714984311809029,0.74380186501787,0.766957503346274,1.00773985639011,611.173294923353,190.450620492991,0.00199060335166925,0.735841233095014,0.743929155305312,0.743893435534729,0.744096170561082,0.00825493746606809,NA,FALSE,FALSE,FALSE,"inconclusive",2.3697429496809,0.738446883927118
"mu.nu[84]","local_continuous",TRUE,0.499382239642093,0.0154723952223789,0.469278551033475,0.4994161140075,0.529784014325113,1.00015949824375,48796.8105121589,48477.4000250058,7.00370348426669e-05,0.499463003399007,0.49933619581928,0.499365064260079,0.49936469509001,0.000126807579726551,NA,FALSE,FALSE,TRUE,"diagnostics_met_only",189.203125592399,187.964654022597
"mu.nu[85]","local_continuous",TRUE,0.502446183669331,0.0138354660949964,0.475348086775259,0.502465217485361,0.529455061092358,1.00006914812461,49449.702518207,47205.2439643292,6.22172163779396e-05,0.50259920187503,0.502491253710997,0.502331981360032,0.502362297731256,0.000267220514998057,NA,FALSE,FALSE,TRUE,"diagnostics_met_only",191.734627281179,183.032038542301
"mu.nu[86]","local_continuous",TRUE,0.61324944001513,0.0160256788495239,0.581641144740163,0.613268281672606,0.644391969346493,1.00003697839678,47126.9379186289,43855.5266999244,7.37941180941196e-05,0.613169275997438,0.61316874996335,0.613347919296863,0.613311814802869,0.000179169333512808,NA,FALSE,FALSE,TRUE,"diagnostics_met_only",182.728417292392,170.043956542182
"mu.nu[87]","local_continuous",TRUE,0.719001815570452,0.0128832507200851,0.693449405028494,0.71911745302791,0.744021634395338,1.00010559676644,50666.6591499395,47338.8015853597,5.72223013680717e-05,0.718886368670241,0.719216818765091,0.718891043349775,0.7190130314967,0.000330450094850221,NA,FALSE,FALSE,TRUE,"diagnostics_met_only",196.453214336717,183.549890407626
"mu.nu[88]","local_continuous",TRUE,0.492206352308444,0.0148777104699679,0.462898994666901,0.492209422537486,0.521385339948664,1.00021050076883,50389.0602718346,48541.1751407166,6.63191296446592e-05,0.492077437734918,0.492232626995695,0.492428931791632,0.492086412711531,0.000351494056714474,NA,FALSE,FALSE,TRUE,"diagnostics_met_only",195.376861705323,188.211933529205
"mu.nu[89]","local_continuous",TRUE,0.469191590520535,0.0132057441520826,0.443400494290402,0.469176332779537,0.495105838050819,1.00007865386715,50126.8223899911,47159.8663246929,5.89899580947545e-05,0.469282899234547,0.469106542312912,0.469096489344621,0.469280431190059,0.00018640988992602,NA,FALSE,FALSE,TRUE,"diagnostics_met_only",194.360069288508,182.856092795825
"mu.nu[90]","local_continuous",TRUE,0.46790113165785,0.0172835362410483,0.434039773306604,0.467812782493823,0.501772733200774,1.00009178117188,48755.2319927419,47794.1840246218,7.82860635742124e-05,0.467980690198993,0.467782236938051,0.467912285018314,0.467929314476041,0.000198453260941922,NA,FALSE,FALSE,TRUE,"diagnostics_met_only",189.041910427952,185.315575089555
"mu.nu[91]","local_continuous",TRUE,0.633892856466328,0.0119003011209167,0.610433451381924,0.633946568311302,0.657144935587726,1.00003027953277,48598.4743295282,45093.4836438238,5.40037732892098e-05,0.633931948572994,0.633756727026199,0.633888046556377,0.633994703709737,0.000237976683537311,NA,FALSE,FALSE,TRUE,"diagnostics_met_only",188.434103492841,174.843969507706
"mu.nu[92]","local_continuous",TRUE,0.958660396337478,0.0101651886058595,0.939104506541361,0.959664636297251,0.973811559206004,1.001130245251,3331.15499149043,1277.51834441316,0.000322718001322341,0.958823166440836,0.957461139263359,0.959346739512246,0.959010540133469,0.00188560024888684,NA,FALSE,FALSE,TRUE,"diagnostics_met_only",12.9161092622164,4.95340702041108
"mu.nu[93]","local_continuous",TRUE,0.926372947117549,0.0115218909778382,0.902576813005309,0.92695220084319,0.947126387938331,1.00016193045239,35816.4024877567,29038.407267564,7.83537803244809e-05,0.926059008184724,0.926465569099231,0.926634019769256,0.92633319141698,0.000575011584531993,NA,FALSE,FALSE,TRUE,"diagnostics_met_only",138.873324445466,112.59255184064
"mu.nu[94]","local_continuous",TRUE,0.94610667130077,0.00967966692088804,0.926138391035963,0.946737820108112,0.962915930576917,1.00006467536288,23386.950313765,13815.0040641736,0.000112426466580342,0.94582919189191,0.94620151414589,0.94620500366783,0.946190975497442,0.000375811775920276,NA,FALSE,FALSE,TRUE,"diagnostics_met_only",90.6797811372512,53.5658359958188
"mu.nu[95]","local_continuous",TRUE,0.934449271356627,0.01162915474806,0.910136916303166,0.935079272051198,0.955341199303449,1.00004041708245,49297.4177182238,45422.642168964,5.4310613244162e-05,0.934468402169089,0.934445796858408,0.934346997530107,0.934535888868904,0.000188891338796737,NA,FALSE,FALSE,TRUE,"diagnostics_met_only",191.144163276777,176.120237794879
"mu.nu[96]","local_continuous",TRUE,0.942523945942288,0.00882198999500827,0.924197292091837,0.942951804748487,0.958548338123279,1.00005600462171,48519.7124863066,44296.3603780678,4.01606120325472e-05,0.942460065624055,0.942520587345258,0.942534920265536,0.94258021053429,0.000120144910235043,NA,FALSE,FALSE,TRUE,"diagnostics_met_only",188.128714948825,171.753230342983
"mu.nu[97]","local_continuous",TRUE,0.925518539235447,0.0138638498853908,0.897942870321174,0.92650520740883,0.9489292009944,1.00005818011815,16420.6110430658,8824.01317623501,0.000219272793581856,0.924933502160254,0.925675407051935,0.925613216845399,0.925852030884203,0.000918528723948708,NA,FALSE,FALSE,TRUE,"diagnostics_met_only",63.668729592705,34.2139343881128
"mu.nu[98]","local_continuous",TRUE,0.949463501653565,0.0107724758405661,0.929845139057347,0.950554741052167,0.964883186082164,1.00389379320408,2031.92725013484,554.62588940558,0.000616240231527628,0.950289529250306,0.950092428650371,0.950194227246808,0.947277821466786,0.00301170778351934,NA,FALSE,FALSE,TRUE,"diagnostics_met_only",7.8785269501597,2.15048792551416
"mu.nu[99]","local_continuous",TRUE,0.932651457535611,0.0115321566075565,0.909023877274596,0.933307546379486,0.952970528445567,1.00014800435637,35205.3052945209,27768.548659919,7.86373724188799e-05,0.932375366060721,0.932796064142425,0.932687118298603,0.932747281640697,0.000420698081704196,NA,FALSE,FALSE,TRUE,"diagnostics_met_only",136.50387656993,107.668844428104
"mu.nu[100]","local_continuous",TRUE,0.942275539719997,0.010670091492314,0.920318853073316,0.942955598914992,0.960633243426015,1.00023131525759,25531.6312618151,16282.046832977,0.000105271052384737,0.942043611671788,0.942282954830841,0.942651837535922,0.942123754841454,0.000608225864133782,NA,FALSE,FALSE,TRUE,"diagnostics_met_only",98.9954955151087,63.1314653459464
"mu.nu[101]","local_continuous",TRUE,0.944669028241706,0.0267303843966564,0.85999244775993,0.951966109315179,0.96704913930123,1.0865711057606,36.8731852296544,63.0856471233699,0.00535850495312494,0.951816776108595,0.9240103697992,0.953108999386097,0.949739967672933,0.0290986295868962,NA,FALSE,FALSE,FALSE,"inconclusive",0.14297085860273,0.24460618410268
"mu.nu[102]","local_continuous",TRUE,0.95001332115644,0.0086833859072106,0.933649633452616,0.950622654986051,0.963933872780262,1.00097964858854,6682.59020296424,2872.82983449221,0.000269156888583372,0.950244368955045,0.950319327621619,0.950276496430854,0.949213091618244,0.00110623600337489,NA,FALSE,FALSE,TRUE,"diagnostics_met_only",25.9108523730036,11.1390145846845
"mu.nu[103]","local_continuous",TRUE,0.949708577478258,0.0148634934046752,0.921480490584803,0.951757317823749,0.963545474150777,1.01591197408255,196.922121898584,42.6416992112501,0.00264175535306567,0.951716732589393,0.943668946076826,0.951785276471657,0.951663354775147,0.00811633039483095,NA,FALSE,FALSE,FALSE,"inconclusive",0.763539267637498,0.165337502321574
"mu.nu[104]","local_continuous",TRUE,0.935399050249917,0.00904628846151361,0.917030386879951,0.935844241886053,0.951622481436379,1.00005886957384,32601.1520352663,20879.1115499268,7.80639110571522e-05,0.93529977640233,0.935522614525674,0.935383543193277,0.93539026687839,0.000222838123343894,NA,FALSE,FALSE,TRUE,"diagnostics_met_only",126.406619577081,80.955970756617
"mu.nu[105]","local_continuous",TRUE,0.942730759547468,0.00829489625862156,0.925606631193881,0.943078912529971,0.957771938557791,1.00009033257658,44821.4954673153,41292.9284876554,4.51347800418891e-05,0.942523298511635,0.942800932120734,0.942837472416672,0.942761335140833,0.000314173905036519,NA,FALSE,FALSE,TRUE,"diagnostics_met_only",173.789371623552,160.107823702557
"mu.nu[106]","local_continuous",TRUE,0.944702748598477,0.0069459671888026,0.930289956933703,0.945011952209289,0.957445608873751,1.00001275990676,48175.9937465103,42255.5519736042,3.20135684934641e-05,0.944630566748579,0.944704989606362,0.944702903284872,0.944772534754111,0.000141968005532012,NA,FALSE,FALSE,TRUE,"diagnostics_met_only",186.79599137096,163.840267901237
"mu.nu[107]","local_continuous",TRUE,0.947523813824974,0.0103491554499594,0.925651622323521,0.948232406902245,0.965672556847514,1.00027124239335,39905.3327497229,31464.9967931186,6.14480640443266e-05,0.947511539998637,0.947392295948102,0.947539095664675,0.947652323688488,0.000260027740385582,NA,FALSE,FALSE,TRUE,"diagnostics_met_only",154.727606267852,122.001329134605
"mu.nu[108]","local_continuous",TRUE,0.920073021995238,0.029725919307825,0.817435307386457,0.92670035406654,0.946237102555132,1.01634122768346,230.542598651437,88.7534971582921,0.00319901473037484,0.917961638677912,0.917416457614116,0.927343873274411,0.917570118414506,0.0099274156602952,NA,FALSE,FALSE,FALSE,"inconclusive",0.893898182877691,0.34412984974542
"mu.nu[109]","local_continuous",TRUE,0.909630518323047,0.0476380817873511,0.765866318964943,0.925972339114822,0.94815474265702,1.02872740177195,85.8878122833231,73.3273285320052,0.00695380312052414,0.918851402596502,0.905554902980468,0.911518987965834,0.902596779749383,0.0162546228471189,NA,FALSE,FALSE,FALSE,"inconclusive",0.33301853878849,0.28431693801256
"mu.nu[110]","local_continuous",TRUE,0.933325654119749,0.0117714410009455,0.918914387258322,0.934547408364759,0.945685268002135,1.0075301389909,440.794786901023,111.66339646802,0.00152752215123611,0.934508334564592,0.93454756872682,0.934483382344989,0.929763330842596,0.00478423788422389,NA,FALSE,FALSE,FALSE,"inconclusive",1.70912300519576,0.43295992923038
"mu.nu[111]","local_continuous",TRUE,0.939649204335389,0.0215701083848856,0.865430308049509,0.94340831837326,0.958180633759037,1.0326659811781,109.07190278164,26.2138402617511,0.00414456360609132,0.928713208225447,0.943437775465175,0.943492762302675,0.942953071348251,0.0147795540772283,NA,FALSE,FALSE,FALSE,"inconclusive",0.422911758043172,0.101640669938199
"mu.nu[112]","local_continuous",TRUE,0.943907470527166,0.0178917265150622,0.889213350431443,0.946988050231491,0.961661095866476,1.01720978378584,153.48317422972,34.5844489961204,0.00261866678108559,0.94226192329775,0.939688397247744,0.947007925077682,0.946671636485484,0.0073195278299385,NA,FALSE,FALSE,FALSE,"inconclusive",0.595110540736467,0.134096589065517
"mu.nu[113]","local_continuous",TRUE,0.941856582193598,0.0156932137231108,0.894519269519236,0.944444262189393,0.95726736340818,1.01009115767266,387.702941311475,65.8656793156262,0.00162099376719181,0.943563825761379,0.941726190485941,0.944588936969297,0.937547375557765,0.00704156141153212,NA,FALSE,FALSE,FALSE,"inconclusive",1.50326645384373,0.255385388204377
"mu.nu[114]","local_continuous",TRUE,0.945867503356185,0.00796400136272669,0.929258485401542,0.946236914953924,0.960325204073526,1.00020650175626,50615.6409222858,45511.9431515496,3.5290962434016e-05,0.945797031599189,0.945906996700693,0.945801535656592,0.945964449468265,0.000167417869075259,NA,FALSE,FALSE,TRUE,"diagnostics_met_only",196.255397962389,176.466490446361
"mu.nu[115]","local_continuous",TRUE,0.94762011439725,0.00947268268599905,0.929568340831396,0.948220400857357,0.963175956135824,1.00058474070568,8583.09396871806,3471.00594363515,0.000253341480282381,0.947867408612607,0.947841224792592,0.947904136098662,0.946867688085146,0.00103644801351577,NA,FALSE,FALSE,TRUE,"diagnostics_met_only",33.2798022881041,13.4583626797068
"mu.nu[116]","local_continuous",TRUE,0.952420082317228,0.00699674222182654,0.93781077413332,0.952740915381625,0.965169545587816,1.00014340057042,47237.2483747702,44153.5067925987,3.24660753624398e-05,0.952262334020034,0.95246002816234,0.952505371163845,0.952452595922688,0.000243037143810909,NA,FALSE,FALSE,TRUE,"diagnostics_met_only",183.156131375923,171.199334615186
"mu.nu[117]","local_continuous",TRUE,0.930052476803013,0.012697659735325,0.903388783765462,0.93082724395372,0.952602799016598,1.00012117299604,45978.6063845683,42844.2802568753,6.546564577823e-05,0.930004024711477,0.930199763152957,0.930031813045717,0.929974306301902,0.000225456851055239,NA,FALSE,FALSE,TRUE,"diagnostics_met_only",178.27591490176,166.122983311331
"mu.nu[118]","local_continuous",TRUE,0.931262500443324,0.00977613304878139,0.910872853866776,0.93170980779037,0.949006737122852,1.00008447162761,48448.4416516945,46056.7388116245,4.44553959070732e-05,0.931214413847158,0.931204769026349,0.931196072736118,0.931434746163675,0.000238673427557345,NA,FALSE,FALSE,TRUE,"diagnostics_met_only",187.852371791748,178.578862968529
"mu.nu[119]","local_continuous",TRUE,0.95880638681688,0.00770102981518045,0.942546769111518,0.95932647809774,0.972372991725768,1.00005634968396,43496.9099588951,39611.3399544316,4.22275276722926e-05,0.958823852390993,0.958844055582224,0.958860536805534,0.958697102488768,0.000163434316765909,NA,FALSE,FALSE,TRUE,"diagnostics_met_only",168.653467951219,153.587688408735
"mu.nu[120]","local_continuous",TRUE,0.938764018403241,0.0109737236972462,0.916478457862448,0.939457098843709,0.957825483673841,1.00020964847396,24112.025268552,15417.3024951466,0.000138188914747503,0.938999710126623,0.938753163444762,0.9389190331782,0.938384166863391,0.00061554326323221,NA,FALSE,FALSE,TRUE,"diagnostics_met_only",93.4911625840013,59.7785344916835
"mu.nu[121]","local_continuous",TRUE,0.947888754040952,0.00709901179547367,0.933207121940793,0.948195725355364,0.960905645569768,1.00005536688412,48168.9494524786,46504.1149594234,3.22731026509321e-05,0.947948622716556,0.947827426774938,0.947893848667922,0.947885118004394,0.000121195941617414,NA,FALSE,FALSE,TRUE,"diagnostics_met_only",186.768678060225,180.313504322967
"mu.nu[122]","local_continuous",TRUE,0.94518727605347,0.00993661399493047,0.924862623595217,0.945823121466871,0.962432749781058,1.0001145059595,33844.6200909199,22813.1345164063,8.44382255060135e-05,0.945178877129717,0.94506976228366,0.94528921994407,0.945211244856438,0.000219457660409539,NA,FALSE,FALSE,TRUE,"diagnostics_met_only",131.228001143513,88.4548869026675
"mu.nu[123]","local_continuous",TRUE,0.937523742282349,0.00903824157220428,0.918762217731429,0.937950099231213,0.954061503925459,1.00005552550369,45472.6792196997,43799.6493780058,4.2608808043531e-05,0.937431946922785,0.937606787578247,0.937531488444515,0.937524746183853,0.000174840655461916,NA,FALSE,FALSE,TRUE,"diagnostics_met_only",176.31424978655,169.827299677813
"mu.nu[124]","local_continuous",TRUE,0.965348966186533,0.00658020631471035,0.951729650175728,0.965825696102,0.976494883435473,1.00095507141404,7257.5558759077,3086.46791568172,0.000133998636710557,0.965475154641525,0.965519941140718,0.965509478306969,0.964891290656923,0.000628650483795123,NA,FALSE,FALSE,TRUE,"diagnostics_met_only",28.1402050968283,11.9673677553603
"mu.nu[125]","local_continuous",TRUE,0.95840216159244,0.00597289966458338,0.946068318354053,0.958702230597906,0.969239157902354,1.00006176072931,41043.565131706,32939.4421490449,3.40757165459074e-05,0.958396984716206,0.958388252105369,0.958523245835419,0.958300163712769,0.000223082122650209,NA,FALSE,FALSE,TRUE,"diagnostics_met_only",159.140950543048,127.718294381482
"mu.nu[126]","local_continuous",TRUE,0.940810808643922,0.0075862174188245,0.925222889172641,0.941099078837466,0.954846649028247,1.00006732812948,48536.514245776,43567.631500797,3.44921156670097e-05,0.940832143714693,0.94082156006238,0.94079792644119,0.94079160435744,4.05393572537882e-05,NA,FALSE,FALSE,TRUE,"diagnostics_met_only",188.193861530614,168.927681299061
"mu.nu[127]","local_continuous",TRUE,0.792761764290028,0.0102055071718097,0.772465520630311,0.792878954146547,0.812463025404397,1.00007343199485,48287.5410840695,45321.9598831659,4.64303338154305e-05,0.792819500951047,0.792718244479373,0.792797024843235,0.792712286886452,0.000107214064595018,NA,FALSE,FALSE,TRUE,"diagnostics_met_only",187.228501297248,175.729855657915
"mu.nu[128]","local_continuous",TRUE,0.748244205958636,0.0157138807181182,0.716923706944186,0.748481971360722,0.77834669300743,1.00002561293907,47793.8849524438,44699.8816305085,7.28135710000779e-05,0.748184368682294,0.748472864670535,0.748126318349531,0.748193272132175,0.000346546321004726,NA,FALSE,FALSE,TRUE,"diagnostics_met_only",185.314415477066,173.317830188822
"mu.nu[129]","local_continuous",TRUE,0.57410168691055,0.0176573647912998,0.539347849133653,0.574172900999128,0.608362052141549,1.00012561947474,49794.400893382,47778.046413341,7.9136371653169e-05,0.574084842869127,0.574223245813659,0.573917739324094,0.574180919635316,0.000305506489565399,NA,FALSE,FALSE,TRUE,"diagnostics_met_only",193.071149264588,185.253003653801
"mu.nu[130]","local_continuous",TRUE,0.412180139476617,0.0226874743553735,0.368074549848486,0.412080582037776,0.457014210861742,1.00003418979172,46860.0263009595,45540.0070264957,0.000104802917341618,0.412076949139843,0.412069814113845,0.412455636443565,0.412118158209216,0.00038582232972012,NA,FALSE,FALSE,TRUE,"diagnostics_met_only",181.693503088165,176.575304379081
"mu.nu[131]","local_continuous",TRUE,0.580164730031066,0.0191837111942717,0.542334353023531,0.580300932725203,0.61717485131042,1.00006307382065,51211.2786389715,49057.2371656671,8.4816449925867e-05,0.580331944058408,0.580230594166968,0.580146924393252,0.579949457505635,0.000382486552773509,NA,FALSE,FALSE,TRUE,"diagnostics_met_only",198.564903779159,190.212895212876
"mu.nu[132]","local_continuous",TRUE,0.947426221559927,0.00963188161991185,0.92864936973483,0.948178245826605,0.962994553268248,1.00064422639858,7072.29129796257,3021.74805118051,0.000229581649720356,0.947130337585166,0.947789646550785,0.947738784780757,0.947046117323003,0.00074352922778198,NA,FALSE,FALSE,TRUE,"diagnostics_met_only",27.4218664013097,11.7164251113018
"mu.nu[133]","local_continuous",TRUE,0.918665680011986,0.0119671853527552,0.89428075264744,0.919297200212493,0.939713820217057,1.0004774793991,23482.9297043431,12549.148776946,0.000125687580054674,0.918325212920948,0.918788327343068,0.918833878199286,0.918715301584647,0.000508665278338372,NA,FALSE,FALSE,TRUE,"diagnostics_met_only",91.051928425142,48.6576509243487
"mu.nu[134]","local_continuous",TRUE,0.933847088689851,0.0176596638465327,0.904696487171674,0.936171379711079,0.953488484670507,1.01377101007303,226.491020753746,49.9066267650506,0.00285746311828194,0.935968572704034,0.935953718188273,0.93597422612518,0.927491837741922,0.00848238838325777,NA,FALSE,FALSE,FALSE,"inconclusive",0.87818872986676,0.193506290116401
"mu.nu[135]","local_continuous",TRUE,0.791016416834574,0.0133680329664053,0.765754572398851,0.791413394842943,0.815055552892853,1.00027527326084,17440.9615054092,8831.27502101119,0.000208013604013753,0.790984192425197,0.791347461769216,0.791314307305721,0.79041970583815,0.000927755931066865,NA,FALSE,FALSE,TRUE,"diagnostics_met_only",67.6250024443274,34.2420912228485
"mu.nu[136]","local_continuous",TRUE,0.518404600477428,0.0276031363177364,0.464409123743738,0.518571736277981,0.571408496723699,1.0001234164347,43670.5340398254,34851.5191481341,0.000164961818448345,0.518582135791317,0.51847966147979,0.518427011479524,0.518129593159083,0.000452542632234598,NA,FALSE,FALSE,TRUE,"diagnostics_met_only",169.32667217185,135.132117965523
"mu.nu[137]","local_continuous",TRUE,0.645976363517848,0.0250255244762958,0.596327883115487,0.646383636234684,0.69357440910675,1.00008103965851,45258.515544629,39266.4552811596,0.000124478916999941,0.646221237821602,0.645906784440445,0.645993508567908,0.645783923241439,0.000437314580162607,NA,FALSE,FALSE,TRUE,"diagnostics_met_only",175.483858695689,152.250444079298
"mu.nu[138]","local_continuous",TRUE,0.566664469845194,0.015525441176405,0.53611582529815,0.566760187721886,0.597021968783793,0.999992888706118,49127.9697907328,45980.6166703983,6.99994799409934e-05,0.566750063383625,0.566638152936032,0.566688766374854,0.566580896686259,0.000169166697365775,NA,FALSE,FALSE,TRUE,"diagnostics_met_only",190.487151534207,178.28370951699
"mu.nu[139]","local_continuous",TRUE,0.923609715206835,0.0109025954476805,0.904248753862211,0.924461965640662,0.940098661457707,1.00435974541535,1356.67613474641,398.496131155546,0.000608566262283197,0.921551853824523,0.924344625317061,0.924343890478287,0.924198491207486,0.00279277149253865,NA,FALSE,FALSE,FALSE,"inconclusive",5.26033079655228,1.54511560816707
"mu.nu[140]","local_continuous",TRUE,0.923737589171504,0.010480690455783,0.901846328407021,0.924226810196082,0.942738152336935,1.00005674821547,47010.3213633508,42640.1475841658,4.95430048957493e-05,0.923681238737611,0.923773094111368,0.923766906738443,0.923729117098593,9.18553737563332e-05,NA,FALSE,FALSE,TRUE,"diagnostics_met_only",182.276252150391,165.331486094467
"mu.nu[141]","local_continuous",TRUE,0.602818332051919,0.0169480926328892,0.569608209854692,0.602786214252654,0.636275063986413,1.00007811078346,49929.8312658133,45612.8217236781,7.58824252924403e-05,0.602831171143671,0.603013470851189,0.60268036266444,0.602748323548379,0.000333108186749698,NA,FALSE,FALSE,TRUE,"diagnostics_met_only",193.596262473734,176.857633657396
"mu.nu[142]","local_continuous",TRUE,0.740131965312205,0.0186605006243387,0.70479891271638,0.740623655404885,0.773949497810005,1.00031501560103,17415.0660274793,8617.59611313654,0.000311764915621845,0.739421866833377,0.740609486752096,0.740328419343795,0.740168088319556,0.00118761991871907,NA,FALSE,FALSE,TRUE,"diagnostics_met_only",67.524596181877,33.4135797521453
"mu.nu[143]","local_continuous",TRUE,0.567774922229585,0.0170901317829534,0.534282129558917,0.567830109607917,0.601000123872712,1.00007216124011,48939.7462478401,46993.9341048309,7.72297188776951e-05,0.567611596392918,0.567848701196947,0.5681192726507,0.567520118677779,0.000599153972921429,NA,FALSE,FALSE,TRUE,"diagnostics_met_only",189.757339846689,182.212712740759
"mu.iota.m[1]","local_continuous",TRUE,0.225404463292889,0.140807362062599,0.0444481882635786,0.185663609206561,0.568557780173018,1.24423476373012,12.4107630237927,32.8331317769379,0.0439668772241415,0.167526521869714,0.189645646311206,0.363606417127142,0.180839267863493,0.196079895257428,NA,FALSE,FALSE,FALSE,"inconclusive",0.0481210786205598,0.127306090090373
"mu.iota.m[2]","local_continuous",TRUE,0.22622689431502,0.14152202943312,0.0449729556923842,0.185489181473133,0.569519054636491,1.24385964589487,12.3995822499649,32.5988555452835,0.0442018223192878,0.167510721240792,0.190725941719575,0.365336153443225,0.181334760856489,0.197825432202433,NA,FALSE,FALSE,FALSE,"inconclusive",0.0480777266610248,0.126397715243415
"mu.iota.m[3]","local_continuous",TRUE,0.225886306877752,0.140421320106626,0.0457760609654805,0.185672951494739,0.567621863886844,1.24368353827342,12.3611379483544,32.0620605248599,0.0438133685338846,0.169523503740708,0.189568170527632,0.36357850753365,0.180875045709019,0.194055003792942,NA,FALSE,FALSE,FALSE,"inconclusive",0.0479286640081675,0.124316364134591
"mu.iota.m[4]","local_continuous",TRUE,0.22583472107399,0.141121861058123,0.0447173182537958,0.185012385317089,0.568408202832551,1.24471399803268,12.3626185601852,32.5222523699587,0.0441388698436491,0.167240233471009,0.190164555344594,0.364440756313955,0.181493339166403,0.197200522842946,NA,FALSE,FALSE,FALSE,"inconclusive",0.0479344048830983,0.126100696646305
"mu.iota.m[5]","local_continuous",TRUE,0.225727502337623,0.141407606957666,0.0459564358981644,0.184222156320012,0.569632383375078,1.24387201277335,12.3365406274133,33.6123787860368,0.0441718940633932,0.168239870006158,0.189998152277135,0.364381887325873,0.180290099741326,0.196142017319715,NA,FALSE,FALSE,FALSE,"inconclusive",0.0478332911763282,0.130327516453748
"mu.iota.m[6]","local_continuous",TRUE,0.225655453843218,0.140695265401488,0.0457169826584192,0.184988680267376,0.569886983813376,1.2444682726953,12.3537046103105,32.9437035630255,0.0439292433402948,0.166900857153035,0.190961852280914,0.363574302945777,0.181184802993147,0.196673445792742,NA,FALSE,FALSE,FALSE,"inconclusive",0.0478998422311551,0.127734817445922
"mu.iota.m[7]","local_continuous",TRUE,0.22616201918778,0.140667940932915,0.0461865714506521,0.185631300837188,0.568018305430093,1.24147653295823,12.5027592702701,31.6190031665618,0.0436961788274384,0.169391540871055,0.19029022214325,0.36384310014449,0.181123213592326,0.194451559273435,NA,FALSE,FALSE,FALSE,"inconclusive",0.0484777817983618,0.122598468310522
"mu.iota.m[8]","local_continuous",TRUE,0.225916917631876,0.140829791274824,0.0453042418877486,0.18513447876587,0.568135271913896,1.24067174967862,12.5198215125825,33.325614352807,0.043579308053034,0.169631303251761,0.18977265327867,0.362881472477387,0.181382241519686,0.193250169225626,NA,FALSE,FALSE,FALSE,"inconclusive",0.0485439383676384,0.129215625604606
"mu.iota.m[9]","local_continuous",TRUE,0.224853164225914,0.140996155722904,0.0461319271921973,0.184370359893024,0.568937583389182,1.24108324855691,12.5529478081131,32.821145430791,0.0439650948100873,0.165159241635029,0.189617165322629,0.363630129459374,0.181006120486625,0.198470887824346,NA,FALSE,FALSE,FALSE,"inconclusive",0.0486723811610895,0.127259614631596
"mu.iota.m[10]","local_continuous",TRUE,0.225729132656393,0.140846954983147,0.0441765039862509,0.185914029588432,0.56706812454899,1.24281575473606,12.42356157375,32.9674248586397,0.04382509868219,0.167954339260289,0.190554177622022,0.363318175433738,0.181089838309525,0.195363836173449,NA,FALSE,FALSE,FALSE,"inconclusive",0.0481707032913027,0.127826793606376
"mu.iota.m[11]","local_continuous",TRUE,0.22715924186663,0.14115012364637,0.0465806881750879,0.186856525780934,0.569473450782093,1.24124749531833,12.540994576749,32.2570472069396,0.0439156746284621,0.170751287739789,0.191069063722149,0.365327503336904,0.181489112667681,0.194576215597115,NA,FALSE,FALSE,FALSE,"inconclusive",0.0486260341004666,0.125072398992426
"mu.iota.m[12]","local_continuous",TRUE,0.225790745985317,0.140662110578991,0.0457038194833749,0.185215032284232,0.567670576588451,1.23912111792729,12.5430021774412,31.5778806437098,0.0436556599249177,0.169247595962049,0.190091918967502,0.363026517147874,0.180796951863846,0.193778921185825,NA,FALSE,FALSE,FALSE,"inconclusive",0.0486338183044322,0.122439021211948
"mu.iota.m[13]","local_continuous",TRUE,0.225834473619276,0.14084812954161,0.0465689873890767,0.185336091860123,0.569433485246426,1.23550104303432,12.7200536113976,34.5720171328826,0.0436660743614993,0.169583280678892,0.189526334249891,0.363585229319299,0.180643050229021,0.194001948640407,NA,FALSE,FALSE,FALSE,"inconclusive",0.0493203116293764,0.134048386173631
"mu.iota.m[14]","local_continuous",TRUE,0.224739168115471,0.141205598441924,0.0442995298993021,0.183919571788788,0.566632259914019,1.24474652331365,12.3256874995686,29.9381196007251,0.0442946138858502,0.166136130920226,0.189086434559412,0.364170292739199,0.179563814243046,0.198034161818973,NA,FALSE,FALSE,FALSE,"inconclusive",0.0477912096204005,0.116081066433734
"mu.iota.m[15]","local_continuous",TRUE,0.226632323558296,0.140703982779307,0.0460003816864767,0.186285530354697,0.566490489384249,1.23676217880446,12.686711279902,32.3628511301161,0.0436118788929548,0.171738135521658,0.189804565332205,0.363744066593241,0.181242526786077,0.192005931071583,NA,FALSE,FALSE,FALSE,"inconclusive",0.0491910311852801,0.125482639595343
"mu.iota.m[16]","local_continuous",TRUE,0.225934778162664,0.140843213385623,0.0462719204318823,0.185594211503243,0.569294425233868,1.24102602295481,12.5194536772029,32.9702912806651,0.0439526445165972,0.168179700620155,0.190066494175778,0.364576962074447,0.180915955780279,0.196397261454291,NA,FALSE,FALSE,FALSE,"inconclusive",0.0485425121350056,0.127837907775536
"mu.iota.m[17]","local_continuous",TRUE,0.225080309839027,0.140751111033085,0.0445862137776986,0.184856249849525,0.568189796429997,1.25263489650034,12.0649325658467,30.3078394457551,0.0444930390213985,0.16498858944582,0.190346204467461,0.364658350801017,0.180328094641814,0.199669761355197,NA,FALSE,FALSE,FALSE,"inconclusive",0.0467801671371723,0.117514605829835
"mu.iota.m[18]","local_continuous",TRUE,0.225463430732577,0.140770271806554,0.0464469200480966,0.184032842006534,0.567557909896904,1.24433255414255,12.3690566045852,30.7502639847719,0.0440854684245807,0.166974171741996,0.189678822585774,0.36410081225269,0.181099916349846,0.197126640510694,NA,FALSE,FALSE,FALSE,"inconclusive",0.047959367541731,0.119230047981528
"mu.iota.m[19]","local_continuous",TRUE,0.2253531908844,0.141083866882208,0.0449116770118795,0.184824921092236,0.568506958411851,1.23967521845569,12.5128915938424,31.537841248295,0.0438980321927814,0.167791792122835,0.188940864689087,0.363283115948494,0.181396990777184,0.195491323825658,NA,FALSE,FALSE,FALSE,"inconclusive",0.0485170685318446,0.122283773795573
"mu.iota.m[20]","local_continuous",TRUE,0.227017018364182,0.140620359774698,0.0452883384945309,0.186853795521098,0.56916059128485,1.24074239120003,12.5429070665514,31.0303405749606,0.043590700694597,0.171457754106608,0.191196955605589,0.36429236684519,0.181120996899342,0.192834612738582,NA,FALSE,FALSE,FALSE,"inconclusive",0.0486334495246403,0.120316007611118
"mu.iota.m[21]","local_continuous",TRUE,0.226572458197777,0.140418459375911,0.0464839503747834,0.185897491429206,0.569572700209411,1.243444414064,12.4075908918223,31.5129044503534,0.0439992064712102,0.169804660824006,0.190071720401333,0.364890677808024,0.181522773757748,0.195086016984018,NA,FALSE,FALSE,FALSE,"inconclusive",0.0481087791018556,0.122187084686935
"mu.iota.m[22]","local_continuous",TRUE,0.225471868579573,0.141335825781383,0.0464921865685189,0.1842071991883,0.569560087427852,1.24159550340868,12.4970287133769,32.8387107349255,0.0441376733784679,0.165662561672402,0.190749091127363,0.364381909757645,0.181093911760883,0.198719348085242,NA,FALSE,FALSE,FALSE,"inconclusive",0.0484555623281916,0.127327721756003
"mu.iota.m[23]","local_continuous",TRUE,0.226139430817131,0.141428352926091,0.0449522143055999,0.184889776350392,0.568846672124821,1.24508080780905,12.3603772118077,33.2127807035057,0.0442362668077423,0.168185265937619,0.189752838074615,0.365601481032358,0.181018138223933,0.197416215094739,NA,FALSE,FALSE,FALSE,"inconclusive",0.0479257143536533,0.12877812817607
"mu.iota.m[24]","local_continuous",TRUE,0.225192348776968,0.141261188932025,0.0457436356836087,0.183832404884945,0.570159316628821,1.24506737122759,12.3347722022436,30.6413900024992,0.0442948019496686,0.166667115736381,0.189118093274945,0.364613745302176,0.180370440794372,0.197946629565794,NA,FALSE,FALSE,FALSE,"inconclusive",0.0478264343435562,0.118807903633865
"mu.iota.m[25]","local_continuous",TRUE,0.225088009848804,0.140627386990936,0.0445286166425497,0.185054481018882,0.568456865141301,1.24523104767785,12.3264665606365,32.1956636678766,0.0439737956453764,0.165883978527737,0.189782130884765,0.363200801822366,0.181485128160352,0.197316823294628,NA,FALSE,FALSE,FALSE,"inconclusive",0.0477942303258016,0.124834392505347
"mu.iota.m[26]","local_continuous",TRUE,0.225439206044371,0.140797562631037,0.0452324854856717,0.185218872985585,0.569405963486805,1.24506832715527,12.3274407972052,33.678703593584,0.0440822974441603,0.166983496866242,0.190031173075355,0.364102918870599,0.180639235365291,0.197119422004356,NA,FALSE,FALSE,FALSE,"inconclusive",0.04779800779818,0.130584682050445
"mu.iota.m[27]","local_continuous",TRUE,0.225155890755441,0.140448730098604,0.0449512122452471,0.184663099079974,0.568317329851768,1.24733470700809,12.2446502573433,31.2545562864854,0.044208431019335,0.164975894488094,0.190644116243023,0.364089210205522,0.180914342085123,0.199113315717428,NA,FALSE,FALSE,FALSE,"inconclusive",0.0474769985201772,0.121185374132867
"mu.iota.m[28]","local_continuous",TRUE,0.225515153604662,0.140700564292319,0.0451227243815337,0.18467568630475,0.566534075443303,1.24418340185632,12.3814567322169,33.1399203107217,0.044004198377411,0.166520072932239,0.190666518168637,0.363732484762027,0.181141538555747,0.197212411829788,NA,FALSE,FALSE,FALSE,"inconclusive",0.0480074473830369,0.128495621719153
"mu.iota.m[29]","local_continuous",TRUE,0.225315330231644,0.141130597154065,0.0461372777193631,0.18429508389971,0.569706226040449,1.25040928369646,12.126777968267,31.6927120293618,0.0445029425006967,0.164370850039427,0.189595432161606,0.365310862528526,0.181984176197017,0.200940012489098,NA,FALSE,FALSE,FALSE,"inconclusive",0.0470199644378282,0.12288426459678
"mu.iota.m[30]","local_continuous",TRUE,0.224988865304596,0.141312203818794,0.044198865451267,0.184391109272154,0.56749796792771,1.24687635875007,12.2665349934905,32.8090083077874,0.0442047136978595,0.165608144929784,0.190564630789387,0.363824302755497,0.179958382743716,0.198216157825714,NA,FALSE,FALSE,FALSE,"inconclusive",0.0475618536662071,0.127212554555663
"mu.iota.m[31]","local_continuous",TRUE,0.22646276075202,0.140733944318318,0.0462053113228408,0.186397863219312,0.569937893547528,1.24454238269893,12.3783296472258,31.6461455000259,0.0440968272744994,0.169222023859644,0.19039082435868,0.365453045579213,0.180785149210542,0.196231021719569,NA,FALSE,FALSE,FALSE,"inconclusive",0.047995322527988,0.122703709089036
"mu.iota.m[32]","local_continuous",TRUE,0.226366351494562,0.141338905841832,0.0456501500316008,0.185705277945919,0.568262010673781,1.23702051756094,12.6691284684242,32.7163231189934,0.0436991265256475,0.170525229621917,0.19015107516815,0.36443132098648,0.180357780201703,0.193906091364563,NA,FALSE,FALSE,FALSE,"inconclusive",0.0491228561784836,0.126853180095901
"mu.iota.m[33]","local_continuous",TRUE,0.225870684907056,0.141240821187544,0.045547996398089,0.184734630296908,0.567661087622379,1.24413840693515,12.3938496279724,32.1932614784941,0.0440738306859381,0.168672963761972,0.189726485603924,0.364860874389862,0.180222415872466,0.19618791062789,NA,FALSE,FALSE,FALSE,"inconclusive",0.0480554991837075,0.124825078336354
"mu.iota.m[34]","local_continuous",TRUE,0.225200296858201,0.141058411250872,0.0442120160155973,0.184498275339052,0.56858409060311,1.24671383443025,12.2876953578475,32.1026541393851,0.0441191175517346,0.165296573556231,0.189189167665097,0.36374565644392,0.18256978976756,0.198449082887689,NA,FALSE,FALSE,FALSE,"inconclusive",0.0476439001572175,0.124473760461659
"mu.iota.m[35]","local_continuous",TRUE,0.225485698765078,0.140704526667939,0.0468778755521215,0.184766532814981,0.568334941766299,1.24563686468648,12.353363161528,31.4385931246173,0.0440566172299549,0.166869203116088,0.189680969910791,0.364201579496664,0.181191042536767,0.197332376380576,NA,FALSE,FALSE,FALSE,"inconclusive",0.0478985183090338,0.121898952430982
"mu.iota.m[36]","local_continuous",TRUE,0.225603897607722,0.140833485327108,0.0459654933807884,0.185411722440159,0.569230497883758,1.24429909701506,12.3871249093104,32.2033198076939,0.0441154319221067,0.166744992533739,0.189997244502963,0.364780284885263,0.180893068508922,0.198035292351524,NA,FALSE,FALSE,FALSE,"inconclusive",0.0480294249838522,0.124864078166525
"mu.iota.m[37]","local_continuous",TRUE,0.225303099491975,0.140903007137117,0.0459781596860095,0.184611943286988,0.569741823709088,1.2406414014138,12.4606984199868,32.719197605503,0.043962619345888,0.167815759374269,0.188644037097534,0.363496178711154,0.18125642278494,0.195680419336885,NA,FALSE,FALSE,FALSE,"inconclusive",0.0483146964603009,0.126864325534022
"mu.iota.m[38]","local_continuous",TRUE,0.225080043870138,0.140691869393764,0.0453279833299686,0.184939912427203,0.570845350649038,1.24406377647931,12.3605576820659,33.6579874393702,0.0438784875774405,0.166731649065161,0.189744918086749,0.36291691796688,0.180926690361765,0.196185268901719,NA,FALSE,FALSE,FALSE,"inconclusive",0.0479264141030134,0.130504357925028
"mu.iota.m[39]","local_continuous",TRUE,0.225742209638612,0.14083800087122,0.0448810734317641,0.185490540566046,0.567125230857623,1.2437332473362,12.3802054923845,32.1922015755809,0.0438974827897227,0.168813690787245,0.189607619305365,0.364349140123674,0.180198388338164,0.195535449336429,NA,FALSE,FALSE,FALSE,"inconclusive",0.0480025958674426,0.124820968704149
"mu.iota.m[40]","local_continuous",TRUE,0.226107570466745,0.140879918001566,0.0452117969437244,0.185821025199701,0.568526054320123,1.24231502269076,12.4675191860306,31.6990128497626,0.0438904216997415,0.168503284290582,0.190138765947242,0.364561172342478,0.181227059286676,0.196057888051896,NA,FALSE,FALSE,FALSE,"inconclusive",0.0483411430710706,0.122908695187655
"mu.iota.m[41]","local_continuous",TRUE,0.225109982509726,0.140553106364061,0.0456985275841704,0.184781178151677,0.566815528462143,1.24376971986483,12.4277150026703,30.942128076361,0.0438782123442604,0.166196320178751,0.18934000637181,0.363174906619142,0.181728696869203,0.196978586440392,NA,FALSE,FALSE,FALSE,"inconclusive",0.0481868076580716,0.11997397541114
"mu.iota.m[42]","local_continuous",TRUE,0.225092888872287,0.140643775968701,0.0459297473458531,0.184827661166505,0.569219757951955,1.24116672975248,12.5155174742677,31.6627903049819,0.0438934967993814,0.16620186007656,0.189769699521472,0.363479021848786,0.18092097404233,0.197277161772226,NA,FALSE,FALSE,FALSE,"inconclusive",0.0485272500330263,0.122768247100629
"mu.iota.m[43]","local_continuous",TRUE,0.225231416186261,0.140636438434384,0.0453611005057053,0.184770368641999,0.56760985714948,1.24035577619056,12.511286065031,32.2140461096588,0.0438275353969058,0.167650825228514,0.189439731645164,0.36305663209728,0.180778475774087,0.195405806868766,NA,FALSE,FALSE,FALSE,"inconclusive",0.0485108433079794,0.124905667972016
"mu.iota.m[44]","local_continuous",TRUE,0.226389557731009,0.141019974320706,0.0464827855271541,0.185282221411968,0.569157641124828,1.24433140105985,12.3920916108694,31.5602878867579,0.0440172634638247,0.169749485301641,0.190032177745124,0.365020459093547,0.180756108783727,0.195270973791906,NA,FALSE,FALSE,FALSE,"inconclusive",0.0480486827068263,0.122370807642902
"mu.iota.m[45]","local_continuous",TRUE,0.225692976847493,0.140218686522421,0.0467318876461979,0.184997697713774,0.568342777806397,1.24912915601396,12.1516558832387,30.9688467262828,0.0441681646395981,0.167396956439273,0.190084986935787,0.364364693341581,0.18092527067333,0.196967736902308,NA,FALSE,FALSE,FALSE,"inconclusive",0.047116425235603,0.120077573413218
"mu.iota.m[46]","local_continuous",TRUE,0.225646921356245,0.141543217344904,0.0439795271245045,0.18494924017445,0.569560160554466,1.24300849062294,12.4620987670582,31.9566395779812,0.0441031993967645,0.166176975755839,0.189840929335927,0.364756810616925,0.181812969716289,0.198579834861086,NA,FALSE,FALSE,FALSE,"inconclusive",0.0483201261193307,0.123907608471198
"mu.iota.m[47]","local_continuous",TRUE,0.226151682754116,0.140816745946419,0.0470788192796814,0.185502847019382,0.566965152712357,1.24318855456061,12.4348999224589,30.4457592897712,0.0440428173487652,0.168448216309988,0.190406279934135,0.364963067122094,0.180789167650246,0.196514850812107,NA,FALSE,FALSE,FALSE,"inconclusive",0.0482146662264261,0.118049371633074
"mu.iota.m[48]","local_continuous",TRUE,0.226365129122641,0.140976098702032,0.046353583760344,0.185684880296419,0.567899806955237,1.24231149715284,12.4542887185735,33.440209567252,0.0439162577277407,0.170285396110538,0.190169762043336,0.364378034332658,0.180627324004031,0.194092638222121,NA,FALSE,FALSE,FALSE,"inconclusive",0.0482898436978196,0.129659953267077
"mu.iota.m[49]","local_continuous",TRUE,0.225446427611862,0.141023611437082,0.0458276973497802,0.184199090627966,0.567586061972627,1.24364450055888,12.4322881174255,30.741922767975,0.0441818914417714,0.167017828497538,0.188926808625046,0.364836639088859,0.181004434236005,0.197818810591321,NA,FALSE,FALSE,FALSE,"inconclusive",0.0482045393006995,0.119197706025718
"mu.iota.m[50]","local_continuous",TRUE,0.225396285634867,0.140809177027912,0.0461227947074203,0.184457141937013,0.567940084821233,1.24352975215899,12.4228764259769,31.5569964044334,0.0440148514075759,0.167110530602945,0.190154102707015,0.363752979166443,0.180567530063066,0.196642448563498,NA,FALSE,FALSE,FALSE,"inconclusive",0.0481680467221786,0.122358045359115
"mu.iota.m[51]","local_continuous",TRUE,0.226604482810622,0.141032893663044,0.0456564222452603,0.186301972843324,0.56935089554709,1.24206098828029,12.4263210898034,33.1443595678851,0.043943352406464,0.169964278619309,0.189700290155818,0.364403674561556,0.182349687905809,0.194439395942247,NA,FALSE,FALSE,FALSE,"inconclusive",0.0481814029468118,0.128512834346819
"mu.iota.m[52]","local_continuous",TRUE,0.226781118829,0.141430958504028,0.0464355497949041,0.186102594213418,0.569432453805636,1.23714565242369,12.7176397958167,32.0202604358496,0.0438828566355883,0.17015532050732,0.19047214348237,0.365303933708541,0.18119307761777,0.195148613201221,NA,FALSE,FALSE,FALSE,"inconclusive",0.0493109523813495,0.124154289863593
"mu.iota.m[53]","local_continuous",TRUE,0.226155122564869,0.141118027802279,0.0475448792232366,0.185363366693107,0.56948702537038,1.24268831960952,12.3846884475146,30.8518394826518,0.0442409728058689,0.167476251743347,0.19034960550303,0.365355745924753,0.181438887088348,0.197879494181406,NA,FALSE,FALSE,FALSE,"inconclusive",0.0480199779281471,0.119623893429228
"mu.iota.m[54]","local_continuous",TRUE,0.225454784825625,0.140868010329843,0.0442882386175847,0.185839237783321,0.567295328560578,1.24250322346615,12.4179430433657,31.9935292188932,0.0438154089783966,0.168199483344151,0.190700025735665,0.363075318040426,0.179844312182257,0.194875834696275,NA,FALSE,FALSE,FALSE,"inconclusive",0.0481489181889815,0.124050643134514
"mu.iota.m[55]","local_continuous",TRUE,0.226209733229192,0.141459674773181,0.0455834409393548,0.185127501460655,0.570387499726589,1.24587305444357,12.2770862495001,32.5918140100168,0.0442476115379275,0.167565263710475,0.190995986034787,0.365267742624838,0.181009940546668,0.197702478914363,NA,FALSE,FALSE,FALSE,"inconclusive",0.0476027647543497,0.126370412629424
"mu.iota.m[56]","local_continuous",TRUE,0.226133149456992,0.141104720913316,0.0462372168396025,0.18513511766012,0.56826878112213,1.24065972960414,12.5028255077693,33.5436525167774,0.0438763151734996,0.169126855206438,0.189937171776917,0.364220995311546,0.181247575533066,0.195094140105108,NA,FALSE,FALSE,FALSE,"inconclusive",0.048478038625432,0.130061039509503
"mu.iota.m[57]","local_continuous",TRUE,0.225432797634679,0.141221134220294,0.044530815616802,0.184808806006109,0.569043850751056,1.24667676018974,12.2561909922719,31.2674410952146,0.0442950229207225,0.166657973238072,0.190249870723861,0.36496181920222,0.179861527374562,0.198303845964149,NA,FALSE,FALSE,FALSE,"inconclusive",0.0475217461808788,0.121235333260496
"mu.iota.m[58]","local_continuous",TRUE,0.226129786049262,0.140966707765339,0.0462995536367671,0.185637461037639,0.57033913269577,1.24516825822535,12.3488908453275,32.6841080345546,0.0440786644308711,0.167989056162388,0.190095166227722,0.364622409414959,0.181812512391978,0.196633353252571,NA,FALSE,FALSE,FALSE,"inconclusive",0.0478811774993601,0.126728270401946
"mu.iota.m[59]","local_continuous",TRUE,0.224960327927597,0.141206123692033,0.0458083096003454,0.184493525800635,0.56959314490487,1.24310654581613,12.4701411066112,32.1305749472185,0.0441222091668783,0.16455105611206,0.19026842066852,0.363714106270455,0.181307728659355,0.199163050158395,NA,FALSE,FALSE,FALSE,"inconclusive",0.0483513092184828,0.124582019670728
"mu.iota.m[60]","local_continuous",TRUE,0.225748741880074,0.140573654753526,0.0454876701594891,0.185881905900067,0.568769122989591,1.24639164901801,12.2813883958488,31.6240922277798,0.0439964445163607,0.168271356009788,0.189939925888553,0.363911115791478,0.18087256983048,0.19563975978169,NA,FALSE,FALSE,FALSE,"inconclusive",0.0476194457531156,0.122618200466757
"mu.iota.m[61]","local_continuous",TRUE,0.222991508558714,0.140922094528885,0.0452725952084364,0.179413700668304,0.566861007542391,1.25350975837264,11.989108968368,31.7783578774634,0.0449870115912755,0.164221299229524,0.182581127124897,0.364047135722578,0.181116472157854,0.199825836493054,NA,FALSE,FALSE,FALSE,"inconclusive",0.0464861712492023,0.123216344951721
"mu.iota.m[62]","local_continuous",TRUE,0.226081418592699,0.140890509700428,0.0451744584019894,0.18501836960202,0.569434539969752,1.24799917889427,12.2890014685876,33.8795656311567,0.0440933663158823,0.168694119539974,0.189656452470402,0.364893249622682,0.181081852737736,0.196199130082708,NA,FALSE,FALSE,FALSE,"inconclusive",0.0476489644274393,0.131363497815711
"mu.iota.m[63]","local_continuous",TRUE,0.225554494092737,0.140015927355129,0.0465823246278874,0.185864766522273,0.567755017833941,1.24154435873946,12.4462662351964,30.9078649446422,0.0437202379469364,0.168247675280325,0.190017872661325,0.363055315850187,0.180897112579108,0.194807640569862,NA,FALSE,FALSE,FALSE,"inconclusive",0.0482587375883417,0.119841124686969
"mu.iota.m[64]","local_continuous",TRUE,0.225510238456967,0.140778570774173,0.0461534767218115,0.184235224772373,0.568734662952629,1.24191744652452,12.4552214969924,31.1415336946261,0.0439936243103564,0.167518989210046,0.188677033522195,0.363811290298432,0.182033640797194,0.196292301088386,NA,FALSE,FALSE,FALSE,"inconclusive",0.0482934604217503,0.120747144104759
"mu.iota.m[65]","local_continuous",TRUE,0.224714541497131,0.140828625295101,0.045999990751125,0.182930682004081,0.568602907434814,1.25223187023736,11.9967218730599,31.8292659610254,0.0446119654760385,0.16462611089027,0.1898538350154,0.364181826777181,0.180196393305668,0.199555715886911,NA,FALSE,FALSE,FALSE,"inconclusive",0.0465156892719465,0.123413734257021
"mu.iota.m[66]","local_continuous",TRUE,0.22514957029697,0.140621816067106,0.0449319071961881,0.185334616050737,0.568943518492242,1.24367861100758,12.3942060312582,32.8749474468765,0.0440279688741512,0.165950056067012,0.190205874813492,0.363711884646469,0.180730465660909,0.197761828579457,NA,FALSE,FALSE,FALSE,"inconclusive",0.0480568810899209,0.127468224774343
"mu.iota.m[67]","local_continuous",TRUE,0.225050049803955,0.140453450726769,0.0470224206266097,0.184276417072378,0.570294178234169,1.24454368364941,12.4191595952719,33.1536413525391,0.0441804921498752,0.167904631039526,0.186508143676684,0.364033946968583,0.181753477531027,0.196129315929057,NA,FALSE,FALSE,FALSE,"inconclusive",0.0481536352067678,0.128548823229067
"mu.iota.m[68]","local_continuous",TRUE,0.225400494926656,0.140950224174879,0.0463097737373233,0.184835738874979,0.569273246571092,1.25198061217695,12.0703091454831,30.1963497778012,0.0444727143451856,0.165371037504929,0.189665662315561,0.364733482052155,0.181831797833978,0.199362444547226,NA,FALSE,FALSE,FALSE,"inconclusive",0.046801014107733,0.11708231950975
"mu.iota.m[69]","local_continuous",TRUE,0.225662896638382,0.140370633828001,0.046692535188054,0.184863363441512,0.569113119155521,1.2428767681016,12.4853640206778,30.2875162196936,0.043828869755246,0.16872960193345,0.188062815719776,0.363736257734807,0.182122911165498,0.195006655801358,NA,FALSE,FALSE,FALSE,"inconclusive",0.0484103340377646,0.11743580523093
"mu.iota.m[70]","local_continuous",TRUE,0.225478299476371,0.14183944903723,0.045042636820344,0.183601725821408,0.568307162490159,1.25129019659047,12.0805735988075,31.6360414063522,0.0447982773232288,0.166595468481841,0.189472098491714,0.365882711905336,0.179962919026593,0.199287243423494,NA,FALSE,FALSE,FALSE,"inconclusive",0.0468408131567096,0.12266453181322
"mu.iota.m[71]","local_continuous",TRUE,0.225826399597968,0.141644616438387,0.0455067570286966,0.184287094430568,0.570762552539463,1.24522275478775,12.3320841208264,31.9680007925853,0.0444184664196774,0.165984739921419,0.190657236862299,0.365223292013738,0.181440329594417,0.199238552092319,NA,FALSE,FALSE,FALSE,"inconclusive",0.0478160116663232,0.123951660065781
"mu.iota.m[72]","local_continuous",TRUE,0.225162343837975,0.140460011472968,0.0468304579346055,0.18429592718167,0.564976123283121,1.24828617189086,12.1604966295773,30.7607811407469,0.0442726644781791,0.164972960512984,0.18938835779495,0.364120284253559,0.182167772790407,0.199147323740575,NA,FALSE,FALSE,FALSE,"inconclusive",0.0471507040505968,0.119270826851334
"mu.iota.m[73]","local_continuous",TRUE,0.223994577521937,0.141202226277181,0.0446497413870711,0.181955291928752,0.569137967734869,1.2555086750297,11.930180755989,31.3510328756278,0.0448818731845993,0.161811493295541,0.189993354719801,0.364415375913792,0.179758086158616,0.202603882618251,NA,FALSE,FALSE,FALSE,"inconclusive",0.0462576849639174,0.121559449241889
"mu.iota.m[74]","local_continuous",TRUE,0.226629022698519,0.141270638612812,0.044965834155473,0.186080299666882,0.569478646805345,1.24210047887218,12.4383640839594,32.3469077420311,0.0440951267457521,0.16900549441539,0.190832609452461,0.364999942177692,0.181678044748532,0.195994447762302,NA,FALSE,FALSE,FALSE,"inconclusive",0.0482280980506905,0.125420821234131
"mu.iota.m[75]","local_continuous",TRUE,0.225430550207604,0.140163605849228,0.0457627234686693,0.185336277533733,0.565840889832417,1.24108713201657,12.5254088147793,31.4484058294286,0.043629460742693,0.168941715238609,0.189550934589302,0.362092200300222,0.181137350702283,0.193150485061614,NA,FALSE,FALSE,FALSE,"inconclusive",0.0485656023868266,0.121936999885341
"mu.iota.m[76]","local_continuous",TRUE,0.225378650574254,0.140824630334243,0.0455361797550225,0.185071522872536,0.567415086110582,1.2435145481476,12.4412810981658,31.982979827132,0.044071268024998,0.167245304468616,0.188787269917107,0.364320996617265,0.181161031294028,0.197075692148649,NA,FALSE,FALSE,FALSE,"inconclusive",0.0482394083842849,0.124009739274746
"mu.iota.m[77]","local_continuous",TRUE,0.22559805152091,0.140948073136395,0.0452766816800755,0.184961737041978,0.567860201669242,1.24511152777215,12.3513827736563,31.7920483352782,0.0441330925716132,0.166371733268161,0.190465396950403,0.364484606557893,0.181070469307179,0.198112873289732,NA,FALSE,FALSE,FALSE,"inconclusive",0.0478908396191508,0.123269427876243
"mu.iota.m[78]","local_continuous",TRUE,0.225829730436685,0.14077356296468,0.0462259638773826,0.185552522260871,0.568415537206333,1.23988912083055,12.5640608805442,30.5447483156201,0.0438456419714117,0.169525537734831,0.188740184965501,0.364208882312106,0.180844316734299,0.194683344577275,NA,FALSE,FALSE,FALSE,"inconclusive",0.0487154706174868,0.118433188380386
"mu.iota.m[79]","local_continuous",TRUE,0.22654608377027,0.140745534354082,0.0466078727340956,0.186030318748829,0.568141111549646,1.24291364806315,12.4273932511897,32.6132776956348,0.0439854264013011,0.169709598568149,0.190861257942497,0.365034802608619,0.180578675961815,0.195325204040469,NA,FALSE,FALSE,FALSE,"inconclusive",0.0481855601096119,0.126453635208175
"mu.iota.m[80]","local_continuous",TRUE,0.225009802824104,0.140345183289116,0.0452888283031136,0.184619851335099,0.567078835409398,1.24872493885857,12.1853352022952,31.4661921977537,0.0440151540221431,0.166026613033858,0.189831493045513,0.36328729411514,0.180893811101906,0.197260681081282,NA,FALSE,FALSE,FALSE,"inconclusive",0.0472470123040291,0.122005964156668
"mu.iota.m[81]","local_continuous",TRUE,0.225169978508194,0.140703534134852,0.0463905437035626,0.184033705269861,0.570457434952217,1.24241705356406,12.456106043923,32.4025565115948,0.0440700750008956,0.165533457030707,0.189302186469871,0.363903396589719,0.181940873942483,0.198369939559012,NA,FALSE,FALSE,FALSE,"inconclusive",0.0482968901345173,0.125636591917221
"mu.iota.m[82]","local_continuous",TRUE,0.222497478886167,0.142269302805525,0.0446080341335096,0.179382896843707,0.569917169287361,1.25912548876179,11.7455095587283,30.2147126675965,0.0451804216911545,0.168131531218625,0.190096318577767,0.364611431505363,0.167150634242912,0.197460797262451,NA,FALSE,FALSE,FALSE,"inconclusive",0.0455416470228736,0.117153519166197
"mu.iota.m[83]","local_continuous",TRUE,0.225277423581854,0.140923124660816,0.043837461524633,0.185131036407467,0.567636495464948,1.24567980468943,12.3261931016451,30.7666665445982,0.043954291942558,0.16679345700189,0.189736330899004,0.363293630028789,0.181286276397736,0.196500173026899,NA,FALSE,FALSE,FALSE,"inconclusive",0.0477931700250289,0.119293646719935
"mu.iota.m[84]","local_continuous",TRUE,0.225289231056459,0.140608220145953,0.0445371877735052,0.185278389952241,0.568810926287034,1.24613969240121,12.3308736172603,31.6904552717352,0.0439440963931681,0.166326200756635,0.19009663504861,0.363738212057371,0.180995876363221,0.197412011300736,NA,FALSE,FALSE,FALSE,"inconclusive",0.0478113181001692,0.122875514320027
"mu.iota.m[85]","local_continuous",TRUE,0.225308745414802,0.141446952610438,0.0457573437697709,0.184776707576978,0.569037486363446,1.24255477480195,12.4116970725047,32.2535652373009,0.0441216768872822,0.167096033645238,0.189908003402936,0.36451820789264,0.179712736718397,0.197422174247402,NA,FALSE,FALSE,FALSE,"inconclusive",0.0481247002698828,0.125058898119481
"mu.iota.m[86]","local_continuous",TRUE,0.225941557356984,0.140842864094228,0.045574206777161,0.18553226108895,0.567799820422309,1.2399508026146,12.5548127239882,31.4866151411906,0.0437704152291208,0.169046825003073,0.189164353988066,0.363813435238521,0.181741615198272,0.194766610235448,NA,FALSE,FALSE,FALSE,"inconclusive",0.0486796121237043,0.122085151396397
"mu.iota.m[87]","local_continuous",TRUE,0.225023974828391,0.140574444974124,0.0452295834235336,0.184904201121141,0.567922542203642,1.24086869919953,12.5054048714012,32.1283255218259,0.0436645045023256,0.168194171376083,0.189684675892622,0.362579049842537,0.179638002202325,0.194384878466454,NA,FALSE,FALSE,FALSE,"inconclusive",0.0484880397639507,0.124573297823734
"mu.iota.m[88]","local_continuous",TRUE,0.224767046488286,0.140437823737049,0.0463376727721226,0.184484422540321,0.568100149276676,1.24543182388138,12.3156679530957,31.2120395347387,0.0440698200077106,0.164815282166399,0.189598841343321,0.363439836341193,0.181214226102227,0.198624554174794,NA,FALSE,FALSE,FALSE,"inconclusive",0.0477523601650818,0.121020521097678
"mu.iota.m[89]","local_continuous",TRUE,0.225605046302209,0.140932505297866,0.0448793532908296,0.184981367996883,0.570153318797528,1.2408444213313,12.5047231033874,32.0876477073677,0.0439054904597432,0.167093234793766,0.189647182647159,0.363684257936229,0.181995509831682,0.196591023142463,NA,FALSE,FALSE,FALSE,"inconclusive",0.0484853962993925,0.124415575022654
"mu.iota.m[90]","local_continuous",TRUE,0.225050061587653,0.140179658776413,0.0460548481821813,0.185149311264144,0.566084786834518,1.24773173305952,12.2099829340781,31.3011449057231,0.0441379575407276,0.165596692710972,0.189387076893857,0.363905302440492,0.181311174305292,0.19830860972952,NA,FALSE,FALSE,FALSE,"inconclusive",0.0473425805971846,0.121366015291261
"mu.iota.m[91]","local_continuous",TRUE,0.224967304692884,0.141183421369168,0.0455438775562551,0.18369459229274,0.568236357688888,1.24551061422801,12.3038344081201,31.7652874797101,0.0442997719362419,0.164405424900926,0.189974669734754,0.364122525478287,0.181366598657567,0.199717100577361,NA,FALSE,FALSE,FALSE,"inconclusive",0.0477064771724694,0.1231656662274
"mu.iota.m[92]","local_continuous",TRUE,0.224731578545496,0.140980697514372,0.0446853231808217,0.18426422485344,0.569983670349735,1.24610547316504,12.206907405161,30.7404210161229,0.0444045873864608,0.166735776050236,0.187063537965569,0.364169598924777,0.180957401241401,0.197433822874541,NA,FALSE,FALSE,FALSE,"inconclusive",0.0473306556439377,0.119191883183174
"mu.iota.m[93]","local_continuous",TRUE,0.226249939068223,0.140897433344989,0.0468223900663248,0.185571958937851,0.570209429958889,1.23719632699257,12.7193231105991,32.4209170472506,0.0437513273278291,0.168831274940202,0.190798332618524,0.364338921579248,0.181031227134918,0.195507646639046,NA,FALSE,FALSE,FALSE,"inconclusive",0.0493174792099444,0.125707782445807
"mu.iota.m[94]","local_continuous",TRUE,0.22555711890085,0.141152094335868,0.0452311178478071,0.185274642935634,0.569386030075996,1.24525627296858,12.331811380277,31.60299503717,0.04410052775635,0.167575920960697,0.189461030159173,0.36431666787625,0.180874856607279,0.196740746915554,NA,FALSE,FALSE,FALSE,"inconclusive",0.0478149541512135,0.122536398923527
"mu.iota.m[95]","local_continuous",TRUE,0.226028942229133,0.14071903153859,0.0463364336478485,0.186130509603005,0.567243419529499,1.24422952950416,12.3856108332147,32.3151100920641,0.0438442056934424,0.168236701173711,0.190418277044916,0.363688539384198,0.181772251313709,0.195451838210487,NA,FALSE,FALSE,FALSE,"inconclusive",0.0480235543556969,0.125297530086675
"mu.iota.m[96]","local_continuous",TRUE,0.225558995724975,0.140623693230813,0.0468695822197752,0.185014187675147,0.567838554874203,1.23967529965817,12.5609070778945,32.0563143201348,0.043777019824971,0.16865620847795,0.188803741795624,0.363441967765699,0.181334064860629,0.194785759287749,NA,FALSE,FALSE,FALSE,"inconclusive",0.0487032421682797,0.124294083992039
"mu.iota.m[97]","local_continuous",TRUE,0.226176217737406,0.141073329882239,0.0453888431638392,0.185911797262811,0.569099772951212,1.24265386873152,12.4068659251361,32.8303322987823,0.0440759522106154,0.168226781057725,0.190176345173029,0.364876316476435,0.181425428242435,0.19664953541871,NA,FALSE,FALSE,FALSE,"inconclusive",0.0481059681402059,0.127295235487142
"mu.iota.m[98]","local_continuous",TRUE,0.225489761117774,0.141379322927291,0.0447809959095088,0.184577315137053,0.567226477456732,1.24058392308564,12.608693366603,31.8012770147428,0.0437978644260833,0.168552263531762,0.189290051638255,0.363792543975834,0.180324185325242,0.195240280444072,NA,FALSE,FALSE,FALSE,"inconclusive",0.0488885271303336,0.123305210850201
"mu.iota.m[99]","local_continuous",TRUE,0.22554212793618,0.140677783107217,0.045896902733699,0.184627433431436,0.568433750516525,1.24219549451637,12.454235017752,30.9985302331965,0.0439368769479396,0.167816956161424,0.189069436795983,0.363566022006378,0.181716096780934,0.195749065844954,NA,FALSE,FALSE,FALSE,"inconclusive",0.0482896354800451,0.120192667252911
"mu.iota.m[100]","local_continuous",TRUE,0.22545672068649,0.141000310988534,0.0450994196843541,0.185385201016262,0.568716606211974,1.24869318462547,12.1810588398548,32.4253483142404,0.0443316371179952,0.165347516115051,0.190860391485046,0.364688840469759,0.180930134676102,0.199341324354708,NA,FALSE,FALSE,FALSE,"inconclusive",0.0472304312789293,0.125724964092639
"mu.iota.m[101]","local_continuous",TRUE,0.222864596388535,0.14090015333811,0.0466318134968,0.179154705359755,0.567553413478247,1.25511022312353,11.9894346769614,32.4842283775116,0.0450084786574158,0.163132697948946,0.18472990183156,0.364323883557823,0.179271902215811,0.201191185608877,NA,FALSE,FALSE,FALSE,"inconclusive",0.046487434140839,0.12595326368618
"mu.iota.m[102]","local_continuous",TRUE,0.225094893521679,0.140741343392744,0.0457929823973558,0.184587959593955,0.568217510556515,1.24610096714963,12.2763154933898,30.5593959780988,0.0440956564631819,0.166439196670804,0.189119233189141,0.363783392074043,0.181037752152724,0.197344195403239,NA,FALSE,FALSE,FALSE,"inconclusive",0.0475997762503142,0.118489982738347
"mu.iota.m[103]","local_continuous",TRUE,0.224072456345639,0.14133248107964,0.045825635156588,0.183132317498673,0.569077265301215,1.23930155579057,12.5274447516782,33.5654800520204,0.0440894947609506,0.167537113185636,0.183662890099315,0.363706071414282,0.181383750683325,0.196168958228645,NA,FALSE,FALSE,FALSE,"inconclusive",0.0485734964606553,0.130145672866655
"mu.iota.m[104]","local_continuous",TRUE,0.225416983464565,0.141412099756171,0.0453615089419299,0.184919502625737,0.569316410751852,1.24731299283201,12.2380982487991,32.4491507469856,0.0443271581339389,0.166080509155123,0.190073003722233,0.364494351067141,0.181020069913761,0.198413841912018,NA,FALSE,FALSE,FALSE,"inconclusive",0.0474515939807723,0.125817254851499
"mu.iota.m[105]","local_continuous",TRUE,0.22580426383581,0.14117410406552,0.0457178241921253,0.185221367739976,0.568730260733756,1.24163107463164,12.5120661108029,32.2866700462384,0.0439004603180138,0.16780440648183,0.189734023442857,0.364192004466846,0.181486620951707,0.196387597985016,NA,FALSE,FALSE,FALSE,"inconclusive",0.048513867831439,0.125187257601533
"mu.iota.m[106]","local_continuous",TRUE,0.225961554531443,0.14008954082071,0.0460358150494621,0.186180678506517,0.565672697646045,1.24438918450476,12.3768866763472,31.5259954421358,0.0437762629404582,0.16810813912326,0.191076408668407,0.363281172492606,0.181380497841498,0.195173033369347,NA,FALSE,FALSE,FALSE,"inconclusive",0.0479897276008299,0.122237843261857
"mu.iota.m[107]","local_continuous",TRUE,0.225721598451782,0.140871889890582,0.0448295291075371,0.185583036592612,0.568600941590774,1.24513061262905,12.3142506094884,30.7368017138754,0.0442779323038228,0.167446482328635,0.189645694737341,0.365310605274067,0.180483611467084,0.197864122945433,NA,FALSE,FALSE,FALSE,"inconclusive",0.0477468646042504,0.119177849821352
"mu.iota.m[108]","local_continuous",TRUE,0.226467741728696,0.139644790937219,0.046191367178757,0.186585452542725,0.568298177344242,1.23996667861822,12.4695859702773,31.2680752596896,0.0437790341811943,0.167785995294416,0.190238865977602,0.364289718103818,0.183556387538948,0.196503722809402,NA,FALSE,FALSE,FALSE,"inconclusive",0.0483491567513767,0.12123779214868
"mu.iota.m[109]","local_continuous",TRUE,0.225985211527895,0.137262947610545,0.0482956737231315,0.190107820877325,0.56771409591241,1.2387202278058,12.6399314405554,31.8920339029541,0.0422594893491246,0.170379837659759,0.193187681170176,0.359068573434054,0.181304753847593,0.188688735774294,NA,FALSE,FALSE,FALSE,"inconclusive",0.0490096485964142,0.123657108581598
"mu.iota.m[110]","local_continuous",TRUE,0.224987204915557,0.141127574236564,0.0461919881051247,0.18330221922101,0.568901669569213,1.24579157714007,12.3552824693137,31.024129710374,0.0442276183951666,0.166224084480941,0.189531424217402,0.363987001182543,0.180206309781341,0.197762916701602,NA,FALSE,FALSE,FALSE,"inconclusive",0.0479059601690287,0.120291925811917
"mu.iota.m[111]","local_continuous",TRUE,0.224039077316772,0.141046316921061,0.0452187525264636,0.183234587279807,0.568452164745653,1.2488238798418,12.1922471901345,31.2257919621854,0.0444683723634317,0.161720216905491,0.189912152959569,0.363305302323144,0.181218637078887,0.201585085417653,NA,FALSE,FALSE,FALSE,"inconclusive",0.0472738126151462,0.121073844301184
"mu.iota.m[112]","local_continuous",TRUE,0.224010183545786,0.140780828856837,0.0462682192880414,0.181970725009581,0.568905114050365,1.24646799982236,12.3137886243021,31.595966255163,0.0444768204943697,0.165163462113745,0.185598493336215,0.363990624955157,0.181288153778027,0.198827162841412,NA,FALSE,FALSE,FALSE,"inconclusive",0.0477450733182971,0.122509145758599
"mu.iota.m[113]","local_continuous",TRUE,0.225428080367769,0.140312158103096,0.0468165895422184,0.184609578610091,0.569751827974251,1.23977865713384,12.545595692298,31.202461669538,0.0437456983980103,0.165723865722679,0.190087678468882,0.36325662911137,0.182644148168143,0.19753276338869,NA,FALSE,FALSE,FALSE,"inconclusive",0.0486438743124383,0.120983384202592
"mu.iota.m[114]","local_continuous",TRUE,0.226010617576894,0.141230687831279,0.0458110400188508,0.184627659805387,0.568987076614933,1.24292687405333,12.3945961210731,32.2223244241552,0.0441301776422922,0.167561988585201,0.190529437654058,0.364420813733386,0.181530230334931,0.196858825148185,NA,FALSE,FALSE,FALSE,"inconclusive",0.0480583936111588,0.124937766032544
"mu.iota.m[115]","local_continuous",TRUE,0.225433139543595,0.140254765384961,0.0461560999997086,0.18556913354212,0.567412606687533,1.24189354886023,12.4195504423217,30.2827430167851,0.0439182907749167,0.167574829090302,0.189550607165938,0.363584307854468,0.181022814063669,0.196009478764165,NA,FALSE,FALSE,FALSE,"inconclusive",0.048155150664083,0.117417297773171
"mu.iota.m[116]","local_continuous",TRUE,0.224742533227835,0.140595017619573,0.0460336451913697,0.184433589928636,0.570026236740366,1.24814255835955,12.2189566487438,31.2222097525946,0.0443797918242081,0.164244367928839,0.1892558774838,0.36453796256686,0.180931924931838,0.200293594638021,NA,FALSE,FALSE,FALSE,"inconclusive",0.0473773749791351,0.121059954761191
"mu.iota.m[117]","local_continuous",TRUE,0.225618300576586,0.140791665738599,0.0441595529715802,0.18517439445784,0.567323627710323,1.24942695561975,12.204535017964,31.0084183973192,0.0440729789864581,0.16703934470181,0.1894996004747,0.364087625319179,0.18184663181065,0.197048280617369,NA,FALSE,FALSE,FALSE,"inconclusive",0.0473214570289446,0.120231007290687
"mu.iota.m[118]","local_continuous",TRUE,0.225489503580646,0.140989238407884,0.0454959835332044,0.185041103298733,0.566684236074792,1.24327788984697,12.3825292655731,34.0228793378953,0.0439633055321863,0.167533211059327,0.189399405003852,0.364113216481564,0.180912181777842,0.196580005422237,NA,FALSE,FALSE,FALSE,"inconclusive",0.0480116059881009,0.131919177602373
"mu.iota.m[119]","local_continuous",TRUE,0.225752718412909,0.140969865266993,0.0445421450433403,0.185347098007396,0.569141670786572,1.24500376319909,12.3676434989346,31.3021295412884,0.0438616768903989,0.168523595893929,0.190075197487024,0.36389922803715,0.180512852233536,0.195375632143221,NA,FALSE,FALSE,FALSE,"inconclusive",0.0479538884130116,0.121369833084361
"mu.iota.m[120]","local_continuous",TRUE,0.225317448853977,0.140741834909554,0.044776914009147,0.18443175859488,0.567615624708089,1.24026767229963,12.5550678667554,32.4288401609107,0.0437225779205231,0.167581638295163,0.189750081602678,0.363045677453229,0.180892398064837,0.195464039158066,NA,FALSE,FALSE,FALSE,"inconclusive",0.0486806014057602,0.125738503262458
"mu.iota.m[121]","local_continuous",TRUE,0.225720353819688,0.140795583465925,0.0462649593204717,0.185024592497977,0.568427615403238,1.24098460239061,12.5481120469978,33.1990929838466,0.043888657266335,0.168422512198773,0.189487813120135,0.364142371983858,0.180828717975988,0.195719859785085,NA,FALSE,FALSE,FALSE,"inconclusive",0.0486536311422249,0.128725055868381
"mu.iota.m[122]","local_continuous",TRUE,0.226083942893937,0.141277762489431,0.0455894689405893,0.185350219157404,0.568862510054917,1.2423893029966,12.4313682820989,32.4518399906178,0.0439899402077302,0.169862596458333,0.188788881512937,0.364552539859178,0.181131753745295,0.194689943400845,NA,FALSE,FALSE,FALSE,"inconclusive",0.0482009727618827,0.125827682035066
"mu.iota.m[123]","local_continuous",TRUE,0.225390334344136,0.141402731292104,0.0448749917846592,0.184537945528245,0.568963180351362,1.24243491523355,12.4662599786014,33.031319432,0.0441279664503838,0.165964986672326,0.189323509219087,0.364285706686998,0.181987134798129,0.198320720014672,NA,FALSE,FALSE,FALSE,"inconclusive",0.0483362606621821,0.128074536294091
"mu.iota.m[124]","local_continuous",TRUE,0.225595895837288,0.14119904164307,0.0468231637473137,0.184075710786991,0.568899792219629,1.24284251404872,12.4557603864726,33.6898915792589,0.0439761867642645,0.168938989064698,0.189914297435175,0.363775451111662,0.179754845737616,0.194836462046964,NA,FALSE,FALSE,FALSE,"inconclusive",0.0482955498938478,0.130628061972955
"mu.iota.m[125]","local_continuous",TRUE,0.224764510211432,0.140166792679579,0.045171757664208,0.184233000787941,0.567229419393831,1.24392100999257,12.3899637217381,30.6256450426302,0.043837273815695,0.166344736609826,0.189856051204344,0.36233697475613,0.18052027827543,0.195992238146304,NA,FALSE,FALSE,FALSE,"inconclusive",0.0480404321004784,0.1187468546516
"mu.iota.m[126]","local_continuous",TRUE,0.22574749946472,0.140932625577213,0.0456472258131157,0.185218126439851,0.566840566418346,1.24370213330948,12.353956020797,32.3740520691852,0.0438902862726215,0.16837695190355,0.189956037456178,0.36345857722017,0.181198431278985,0.19508162531662,NA,FALSE,FALSE,FALSE,"inconclusive",0.0479008170417902,0.125526069742912
"mu.iota.m[127]","local_continuous",TRUE,0.226110798279826,0.140911179807978,0.0437631769073198,0.186317458789956,0.5682510219533,1.24318777078118,12.4507019254915,31.9985895423608,0.0436824384230079,0.168587453672966,0.19134317717209,0.363492957596509,0.181019604677739,0.194905503923543,NA,FALSE,FALSE,FALSE,"inconclusive",0.0482759363859513,0.124070263863954
"mu.iota.m[128]","local_continuous",TRUE,0.226185191315733,0.140978528480942,0.0467120873125918,0.185337393925978,0.569918716262947,1.23945780492726,12.5391219698833,33.1794265499927,0.0437505445488636,0.16866392335136,0.190343387857338,0.363801113770007,0.181932340284227,0.195137190418648,NA,FALSE,FALSE,FALSE,"inconclusive",0.0486187733170612,0.128648801893678
"mu.iota.m[129]","local_continuous",TRUE,0.226288668552172,0.140548140475075,0.0465498758201482,0.186321095025593,0.569886003793554,1.24146283962951,12.4997495256876,32.7802970366671,0.0436588474658648,0.168430425193316,0.190483780006706,0.363444115358587,0.182796353650085,0.195013690165271,NA,FALSE,FALSE,FALSE,"inconclusive",0.0484661119150997,0.127101230430609
"mu.iota.m[130]","local_continuous",TRUE,0.226156391041043,0.140622873479986,0.0473243719398187,0.185712105383384,0.568385283664765,1.24084325850439,12.5457812370791,32.484449854659,0.0437599313647831,0.169041493864305,0.190899657842593,0.364072812418744,0.180611600038529,0.195031318554439,NA,FALSE,FALSE,FALSE,"inconclusive",0.0486445937375841,0.125954122434284
"mu.iota.m[131]","local_continuous",TRUE,0.225613607789248,0.140841921723842,0.0456775102811203,0.184551775674745,0.569536071172174,1.24306816545715,12.4466649183301,32.3403231604964,0.0438334589094328,0.16713500631298,0.191330321807522,0.363148867566124,0.180840235470367,0.196013861253144,NA,FALSE,FALSE,FALSE,"inconclusive",0.0482602834290273,0.1253952903973
"mu.iota.m[132]","local_continuous",TRUE,0.225649857117169,0.14106860857894,0.0461762027981339,0.185149612167187,0.567525514438596,1.24721086494039,12.2329588107604,32.2724092615359,0.0442644652827897,0.165474706725315,0.190313676981773,0.364647885063583,0.182163159698007,0.199173178338267,NA,FALSE,FALSE,FALSE,"inconclusive",0.0474316664951336,0.125131963310557
"mu.iota.m[133]","local_continuous",TRUE,0.225465557885242,0.140975659363052,0.0447454712916542,0.184863380879301,0.569512887721851,1.24648359506995,12.2503997974682,32.4094304825777,0.0442502954292713,0.167309095715791,0.189427248273407,0.36475618697257,0.180369700579202,0.197447091256778,NA,FALSE,FALSE,FALSE,"inconclusive",0.0474992915952966,0.125663244823047
"mu.iota.m[134]","local_continuous",TRUE,0.224970289949012,0.141320798513862,0.0451023202588937,0.184378424481024,0.568700199816401,1.25180545578547,12.0622163908805,31.611274585258,0.0444744010498458,0.167800529868973,0.190057893425263,0.364557669289581,0.177465067212231,0.196757139420608,NA,FALSE,FALSE,FALSE,"inconclusive",0.046769635530949,0.122568501767141
"mu.iota.m[135]","local_continuous",TRUE,0.225379698316943,0.141144684013171,0.0447848951898225,0.184700828354406,0.568527175565631,1.24485014046833,12.3813412312894,31.5118752544512,0.0440454247930513,0.167634676621541,0.190465879366517,0.364282147516224,0.17913608976349,0.196647470894683,NA,FALSE,FALSE,FALSE,"inconclusive",0.048006999543593,0.12218309411707
"mu.iota.m[136]","local_continuous",TRUE,0.225445216248337,0.140323402289662,0.0457138614394669,0.1856651786937,0.569108098829349,1.24643917942355,12.3174207997079,32.1252501217525,0.0439597047873874,0.167243346841427,0.190064170591654,0.363689411429188,0.180783936131077,0.196446064587762,NA,FALSE,FALSE,FALSE,"inconclusive",0.0477591565940744,0.124561373370062
"mu.iota.m[137]","local_continuous",TRUE,0.225209364484582,0.140692575945706,0.0449959191731969,0.184672318375903,0.568597739695328,1.24438965979912,12.3490280267636,31.2265059528918,0.0440259195536902,0.165667677958018,0.190350565139297,0.363661414316192,0.181157800524825,0.197993736358174,NA,FALSE,FALSE,FALSE,"inconclusive",0.0478817094020851,0.121076612704935
"mu.iota.m[138]","local_continuous",TRUE,0.225580168035202,0.141114294184167,0.045627091658697,0.184717949833892,0.568497486820526,1.2425837088126,12.4803972702831,32.8288163308544,0.0439786954751916,0.167321499008158,0.190326398548926,0.364016878654908,0.180655895928818,0.196695379646749,NA,FALSE,FALSE,FALSE,"inconclusive",0.0483910761254372,0.127289357523659
"mu.iota.m[139]","local_continuous",TRUE,0.225891506214344,0.14065429901666,0.0464815073344468,0.186168464162306,0.567749251056028,1.24011340746617,12.5732519794778,31.0465796722982,0.0437381783935411,0.16965096245998,0.189615800172147,0.363659774609015,0.180639487616231,0.194008812149034,NA,FALSE,FALSE,FALSE,"inconclusive",0.0487511078779474,0.120378972545523
"mu.iota.m[140]","local_continuous",TRUE,0.225444786764446,0.140347550656084,0.0454552594753368,0.185075160514153,0.567329613882548,1.24845313774209,12.2465751913216,31.5013978986613,0.044086796439366,0.16675025727462,0.18997067233922,0.36413450248861,0.180923714955334,0.19738424521399,NA,FALSE,FALSE,FALSE,"inconclusive",0.0474844621949835,0.122142469567175
"mu.iota.m[141]","local_continuous",TRUE,0.225907024534814,0.141163229136942,0.0461883032694505,0.184840298777804,0.569602622487724,1.24124635986249,12.5146995417944,32.5072982926414,0.0440350643760396,0.167409500737381,0.190461421739321,0.364297613132305,0.18145956253025,0.196888112394924,NA,FALSE,FALSE,FALSE,"inconclusive",0.0485240786089343,0.126042714205669
"mu.iota.m[142]","local_continuous",TRUE,0.225482974318974,0.14130851221872,0.0455828109434209,0.184447574317496,0.569131492460008,1.24894359962922,12.1561745605414,31.9162323951004,0.0444393888305887,0.165344695302885,0.190472938796974,0.365085130716738,0.181029132459295,0.199740435413853,NA,FALSE,FALSE,FALSE,"inconclusive",0.0471339458042682,0.123750935007969
"mu.iota.m[143]","local_continuous",TRUE,0.225288870442349,0.140994110746829,0.0444040038440884,0.184517933084254,0.567931026009293,1.24714672629224,12.2604159230653,33.3604840298952,0.0440978310209044,0.166691822412786,0.1901488317837,0.363871304419036,0.180443523153873,0.19717948200625,NA,FALSE,FALSE,FALSE,"inconclusive",0.0475381277866257,0.129350828127562
"mu.iota.s[1]","local_continuous",TRUE,0.358182676914501,0.146695254485701,0.095533858830963,0.365937889800247,0.640087599046237,1.10723901046941,25.7250525596665,64.5645296471387,0.0285808005433816,0.308596330010675,0.401990103947601,0.361829738180302,0.360314535519424,0.0933937739369258,NA,FALSE,FALSE,FALSE,"inconclusive",0.099745460804346,0.25034035387616
"mu.iota.s[2]","local_continuous",TRUE,0.357855425364092,0.145879024949711,0.0963004018318514,0.364690914651407,0.636980161488769,1.1065431095086,25.9713931739027,61.8445330376751,0.0283787612107945,0.308144324034167,0.401937614379484,0.360799994060105,0.360539768982609,0.0937932903453169,NA,FALSE,FALSE,FALSE,"inconclusive",0.100700613685952,0.239793929740857
"mu.iota.s[3]","local_continuous",TRUE,0.357525120390381,0.14602906749982,0.0952495614017684,0.363706801963797,0.638417016342438,1.10865756804851,25.1377072644304,63.5777728707963,0.0289023833014767,0.307200634782906,0.402177903820468,0.360824548779374,0.359897394178775,0.0949772690375617,NA,FALSE,FALSE,FALSE,"inconclusive",0.0974681077459334,0.24651433606221
"mu.iota.s[4]","local_continuous",TRUE,0.357472900553336,0.145772038334559,0.0955487389398213,0.364649286817883,0.639046832839975,1.10673855109753,25.288444419469,70.280299844196,0.0287967844907489,0.307208635911085,0.401845286192442,0.360770063766236,0.360067616343578,0.0946366502813566,NA,FALSE,FALSE,FALSE,"inconclusive",0.0980525709634442,0.272502490603962
"mu.iota.s[5]","local_continuous",TRUE,0.357025827026743,0.146293728123836,0.0945994757093584,0.363523300631578,0.6382767536873,1.1078644269159,25.4080847723731,67.1810568268878,0.0288814905623859,0.306721216496529,0.401418609531249,0.360175312360671,0.359788169718523,0.0946973930347202,NA,FALSE,FALSE,FALSE,"inconclusive",0.0985164604775097,0.260485589095635
"mu.iota.s[6]","local_continuous",TRUE,0.357628616911562,0.146097631528412,0.0956693683139317,0.364880296502406,0.637468631536928,1.10750731969297,25.6018266395123,64.5127789130276,0.028506626597964,0.309010841646829,0.401952762687697,0.360310123223672,0.359240740088045,0.0929419210408673,NA,FALSE,FALSE,FALSE,"inconclusive",0.0992676687314122,0.250139697305725
"mu.iota.s[7]","local_continuous",TRUE,0.357505579295499,0.146458535045582,0.093249940820935,0.364641355392271,0.637519004622561,1.10854833843992,25.1068881349531,63.5236545999305,0.0287784771293583,0.307310317662237,0.402145657811856,0.360006542008138,0.360559799699771,0.0948353401496187,NA,FALSE,FALSE,FALSE,"inconclusive",0.097348610681188,0.246304499683725
"mu.iota.s[8]","local_continuous",TRUE,0.3572480207779,0.146097319839286,0.0950576136479409,0.363471592785015,0.638194892177701,1.10718632867759,25.65722924379,66.6894759673115,0.0285522282027548,0.308137931641014,0.400738720184578,0.359782450134925,0.360332981151083,0.0926007885435632,NA,FALSE,FALSE,FALSE,"inconclusive",0.0994824849414324,0.258579549866082
"mu.iota.s[9]","local_continuous",TRUE,0.358471059507614,0.145809333618389,0.0967690677157743,0.364781155615712,0.638698142429981,1.10729922908207,25.7712912188501,66.0366286937703,0.0284755571102664,0.309679133282491,0.402988517791282,0.360500178372613,0.360716408584074,0.0933093845087911,NA,FALSE,FALSE,FALSE,"inconclusive",0.0999247450392975,0.256048221621632
"mu.iota.s[10]","local_continuous",TRUE,0.357699068139291,0.146528660147445,0.094231168992963,0.364700201188453,0.638530075311922,1.10854880014117,25.3677545372981,61.2469838156022,0.0287036357250278,0.308297440733009,0.402242501341074,0.360084407153592,0.360171923329491,0.0939450606080658,NA,FALSE,FALSE,FALSE,"inconclusive",0.0983600853691373,0.237477012316851
"mu.iota.s[11]","local_continuous",TRUE,0.356917280621527,0.14628883595263,0.093676568046612,0.363772598448813,0.638535521732064,1.10949375077722,24.8585472741357,67.006010322781,0.0290873610266203,0.306901012903349,0.402400880219966,0.359516829125976,0.358850400236815,0.0954998673166169,NA,FALSE,FALSE,FALSE,"inconclusive",0.0963857021102012,0.25980686961882
"mu.iota.s[12]","local_continuous",TRUE,0.35803211468411,0.146362095366455,0.0953809680757465,0.364648179275448,0.638555028921711,1.10656642536026,26.0080394496331,65.172124213098,0.0283801521744562,0.308596156225876,0.402483275070756,0.36148131943626,0.359567708003552,0.0938871188448797,NA,FALSE,FALSE,FALSE,"inconclusive",0.10084270473323,0.252696220781514
"mu.iota.s[13]","local_continuous",TRUE,0.357717766398284,0.146416364895007,0.0941951944862014,0.364498845217269,0.637503367079619,1.10813697862382,25.4492086489305,62.980817582617,0.0287144704540642,0.307240323887735,0.402216378910317,0.361024049372624,0.36039031342246,0.0949760550225816,NA,FALSE,FALSE,FALSE,"inconclusive",0.0986759128248963,0.244199721537675
"mu.iota.s[14]","local_continuous",TRUE,0.357707293246698,0.145942408248056,0.0953046469863859,0.364341331566285,0.638889750109167,1.10757036018001,25.5987783531655,71.9677293971278,0.0286146684088785,0.307382074016427,0.401992040736138,0.361004874701224,0.360450183532997,0.0946099667197114,NA,FALSE,FALSE,FALSE,"inconclusive",0.0992558494075986,0.279045273672788
"mu.iota.s[15]","local_continuous",TRUE,0.357334721911117,0.146628683028992,0.0929320297169139,0.364177238012172,0.637389400795461,1.1089922299777,25.4615719036712,66.1098734861753,0.0287918270145647,0.307445682477288,0.401663401966463,0.361204590050801,0.359025213149917,0.0942177194891751,NA,FALSE,FALSE,FALSE,"inconclusive",0.0987238496964842,0.256332218536819
"mu.iota.s[16]","local_continuous",TRUE,0.357756335365948,0.145668902346295,0.0956788890363512,0.364274318884146,0.638138323714013,1.10616656066086,25.8061502035429,73.2853826577969,0.028391691309181,0.309310464075085,0.40231826199834,0.359706617421527,0.35968999796884,0.0930077979232549,NA,FALSE,FALSE,FALSE,"inconclusive",0.100059906103917,0.284154298478897
"mu.iota.s[17]","local_continuous",TRUE,0.358096069868471,0.146210515751033,0.0954767371762229,0.364318283979632,0.637822975393965,1.10723630426305,25.7644677767206,71.5971751280923,0.0285485007849198,0.308566792168002,0.401828793007172,0.360787026104993,0.36120166819372,0.0932620008391695,NA,FALSE,FALSE,FALSE,"inconclusive",0.0998982880523622,0.277608498908879
"mu.iota.s[18]","local_continuous",TRUE,0.357989967526388,0.146119985842774,0.0959486368286675,0.36513969747521,0.63751330580941,1.10937264801153,25.1212108900306,68.2714638049727,0.0288682159779762,0.308268306327213,0.402678241151089,0.360806854657966,0.36020646796928,0.0944099348238759,NA,FALSE,FALSE,FALSE,"inconclusive",0.0974041452540278,0.264713496744845
"mu.iota.s[19]","local_continuous",TRUE,0.357630056708999,0.146386702778839,0.096535404384324,0.364536457455759,0.637258547426697,1.10664520712812,25.5560748042628,62.2729942871205,0.0287100923922674,0.30829844980781,0.402475090528071,0.35993331777615,0.35981336872396,0.0941766407202612,NA,FALSE,FALSE,FALSE,"inconclusive",0.0990902720913463,0.241455231099274
"mu.iota.s[20]","local_continuous",TRUE,0.357961083363022,0.145909977417573,0.0961306700482582,0.364382664244013,0.638935671719125,1.10607274762922,25.9537570403768,74.4133198066723,0.0283482904107845,0.309277404822441,0.402453478154331,0.360535140806341,0.359578309668977,0.0931760733318897,NA,FALSE,FALSE,FALSE,"inconclusive",0.100632231930024,0.288527724360612
"mu.iota.s[21]","local_continuous",TRUE,0.357369514827737,0.145935551532573,0.0963033459690878,0.36403395748243,0.638381462790945,1.10855715609092,25.1873300924601,61.0419660889527,0.0288620926824978,0.306296711645534,0.401917607002615,0.361419161810041,0.359844578852755,0.0956208953570802,NA,FALSE,FALSE,FALSE,"inconclusive",0.0976605136442985,0.23668208342136
"mu.iota.s[22]","local_continuous",TRUE,0.358287063916016,0.145799010150385,0.0962248535657063,0.364943681073422,0.638474321887893,1.10619378243929,25.8071048353898,62.7189474894535,0.0283990437762273,0.309224871887769,0.401885584646063,0.361822927386077,0.36021487174415,0.0926607127582947,NA,FALSE,FALSE,FALSE,"inconclusive",0.100063607561601,0.243184355172421
"mu.iota.s[23]","local_continuous",TRUE,0.357771482472886,0.146237505887849,0.0951971825072269,0.3640144523157,0.638788129405701,1.10717776518034,25.7381677537899,59.9810921600288,0.0285122137661882,0.308591023684723,0.401834109433893,0.359878632171377,0.360782164601553,0.0932430857491702,NA,FALSE,FALSE,FALSE,"inconclusive",0.0997963132206178,0.232568686231971
"mu.iota.s[24]","local_continuous",TRUE,0.357699750848368,0.145754877392332,0.0964902809114245,0.363372792683693,0.638525428458751,1.11048393298666,25.0508116349606,64.5104861446218,0.02895795484361,0.306941180789286,0.402739689648884,0.360249896474135,0.360868236481163,0.0957985088595982,NA,FALSE,FALSE,FALSE,"inconclusive",0.0971311815303988,0.250130807401977
"mu.iota.s[25]","local_continuous",TRUE,0.358211272438425,0.145851870855974,0.0966132912826516,0.365110881200499,0.638281510756495,1.10877853911738,25.2908813582323,68.6003894188529,0.0287526359522758,0.308837945767313,0.401864819427908,0.361239143651843,0.360903180906636,0.0930268736605953,NA,FALSE,FALSE,FALSE,"inconclusive",0.0980620198685273,0.265988861949668
"mu.iota.s[26]","local_continuous",TRUE,0.357413406088633,0.146121160360211,0.0947712477042013,0.364073591361138,0.638314285176677,1.10985978433769,25.0525987419635,62.5655486117246,0.0289397741604521,0.306283037292745,0.402102868988656,0.361332811782215,0.359934906290918,0.0958198316959112,NA,FALSE,FALSE,FALSE,"inconclusive",0.0971381107994877,0.242589571480125
"mu.iota.s[27]","local_continuous",TRUE,0.358210260425864,0.145793955252897,0.0970399661475197,0.364593871069038,0.638008870459224,1.1074078945214,25.3726863501475,66.0787183299631,0.0286910081990828,0.309189241276253,0.402502209369889,0.360346051990799,0.360803539066518,0.0933129680936355,NA,FALSE,FALSE,FALSE,"inconclusive",0.0983792078157922,0.256211418573219
"mu.iota.s[28]","local_continuous",TRUE,0.357730725151686,0.146320819874144,0.0966851959313623,0.364262424930763,0.638001727243741,1.10687871537465,25.8269439245125,64.7341862714145,0.0284398024326761,0.308613217445682,0.402187172871967,0.360222160198315,0.35990035009078,0.0935739554262849,NA,FALSE,FALSE,FALSE,"inconclusive",0.100140530984085,0.250998174812683
"mu.iota.s[29]","local_continuous",TRUE,0.357623276302931,0.146064528643216,0.096610297173673,0.364421871557041,0.63781103635417,1.10862327172744,25.0037102787503,64.0007375333572,0.0288698673584999,0.30811206526621,0.402108221699726,0.360699681520232,0.359573136725556,0.0939961564335158,NA,FALSE,FALSE,FALSE,"inconclusive",0.0969485523027692,0.248154325137965
"mu.iota.s[30]","local_continuous",TRUE,0.35825591410124,0.146035617315807,0.0954996257699696,0.364646081680679,0.638479148991163,1.10641901234712,25.9339553784564,70.822234925427,0.0284618505583742,0.308371263475642,0.403099126009403,0.361408843974054,0.360144422945858,0.0947278625337611,NA,FALSE,FALSE,FALSE,"inconclusive",0.100555453626526,0.274603771613128
"mu.iota.s[31]","local_continuous",TRUE,0.35814962817642,0.146267628208712,0.0956380320267933,0.364454894420411,0.639315516415524,1.10794546823287,25.5080481923272,63.8617010747643,0.0287810784709539,0.30885806342951,0.402541879510232,0.360652997210725,0.360545572555208,0.093683816080722,NA,FALSE,FALSE,FALSE,"inconclusive",0.0989040553080266,0.247615229810608
"mu.iota.s[32]","local_continuous",TRUE,0.357448933637919,0.146181352256139,0.0953783736916831,0.363757664721703,0.638165706519617,1.10641646685615,26.014696004976,67.8136949180917,0.0284213686930498,0.307826400605028,0.401615135859164,0.360463801543282,0.359890396544202,0.0937887352541358,NA,FALSE,FALSE,FALSE,"inconclusive",0.100868514638905,0.262938558930512
"mu.iota.s[33]","local_continuous",TRUE,0.357866678808454,0.146276465808995,0.0958843166717243,0.364188879045292,0.637983888176754,1.10565405898081,25.9780686613681,70.6485297808864,0.0284321217073519,0.309216275625622,0.40190432099994,0.360526663928049,0.359819454680206,0.0926880453743179,NA,FALSE,FALSE,FALSE,"inconclusive",0.100726496998407,0.273930253079158
"mu.iota.s[34]","local_continuous",TRUE,0.35723725182868,0.145954900843428,0.0948882506222069,0.363637108415095,0.638770560645468,1.10656004664663,25.523282641246,72.8925227301177,0.0286404689630005,0.307842180025943,0.402341518031391,0.359991037569736,0.35877427168765,0.094499338005448,NA,FALSE,FALSE,FALSE,"inconclusive",0.0989631248521601,0.282631036498109
"mu.iota.s[35]","local_continuous",TRUE,0.357918924681278,0.145971661952442,0.0960419724818544,0.364279828214664,0.637961747386838,1.10878311059821,25.2236632963726,70.4845531753199,0.0286654240186341,0.307982797387782,0.403063009938179,0.359723063115873,0.360906828283283,0.0950802125503971,NA,FALSE,FALSE,FALSE,"inconclusive",0.0978013907973518,0.273294455657737
"mu.iota.s[36]","local_continuous",TRUE,0.357381159648825,0.146286379561713,0.0941778643049807,0.363524613808443,0.640209999197161,1.11065318298558,24.7580686271264,63.832736108482,0.0291305448824797,0.306552709121314,0.402623198059396,0.360776861403126,0.359571870011463,0.0960704889380816,NA,FALSE,FALSE,FALSE,"inconclusive",0.0959961095554847,0.247502922016394
"mu.iota.s[37]","local_continuous",TRUE,0.357652905341581,0.145905179095549,0.0966679253088062,0.364341269748114,0.636997970909041,1.1083108316485,25.3635319637977,84.3170959456249,0.0287084670416206,0.307049083380716,0.401589329772614,0.361532317881155,0.360440890331839,0.0945402463918981,NA,FALSE,FALSE,FALSE,"inconclusive",0.0983437129034794,0.326928295647753
"mu.iota.s[38]","local_continuous",TRUE,0.357865821108492,0.146478649709106,0.0942964941346017,0.365064802514139,0.638359847588554,1.10687122640659,25.4888662981505,64.478031962996,0.02868411874676,0.307646735540803,0.402129878933968,0.361280368063621,0.360406301895573,0.0944831433931648,NA,FALSE,FALSE,FALSE,"inconclusive",0.0988296800713069,0.250004970640564
"mu.iota.s[39]","local_continuous",TRUE,0.357545037141154,0.146054768478343,0.0959175289953943,0.364297910269432,0.638540634109169,1.1075811618106,25.6148027645203,70.1118533677505,0.028632495174618,0.308676603264748,0.40150320504531,0.359991367855513,0.360008972399047,0.092826601780562,NA,FALSE,FALSE,FALSE,"inconclusive",0.0993179819257342,0.271849361854275
"mu.iota.s[40]","local_continuous",TRUE,0.357246845690419,0.145857396257692,0.0957768328980309,0.363859182511763,0.6384327034414,1.10687020409102,25.7640066901115,74.4448497242963,0.0285472140932298,0.307976234999307,0.402061958695436,0.359745243476283,0.359203945590645,0.0940857236961289,NA,FALSE,FALSE,FALSE,"inconclusive",0.0998965002505224,0.288649977411611
"mu.iota.s[41]","local_continuous",TRUE,0.35810300724821,0.145913887780118,0.0948210807830095,0.364821622946884,0.637726604610837,1.10971893119608,25.2341058529489,70.8998295637316,0.0286930372737677,0.308155922110368,0.402182648302459,0.361684594706548,0.360388863873462,0.0940267261920905,NA,FALSE,FALSE,FALSE,"inconclusive",0.0978418804179372,0.274904634475728
"mu.iota.s[42]","local_continuous",TRUE,0.357369771207418,0.14636460962095,0.0953064960412807,0.364149410838984,0.636867946826678,1.10862180864126,25.303181625939,68.0007160690695,0.0287630770907719,0.307842411435096,0.401405752905572,0.360746952831674,0.359483967657332,0.0935633414704757,NA,FALSE,FALSE,FALSE,"inconclusive",0.0981097125162908,0.263663708503722
"mu.iota.s[43]","local_continuous",TRUE,0.357586463536152,0.146726504707705,0.0951594255619202,0.364748772715774,0.638395478565805,1.10618544057298,25.5837929922122,63.4865694443706,0.0286962672354409,0.307926673467411,0.402345879067375,0.359081077527999,0.360992224081817,0.0944192055999649,NA,FALSE,FALSE,FALSE,"inconclusive",0.099197745668835,0.246160706938434
"mu.iota.s[44]","local_continuous",TRUE,0.357927466476507,0.146052369450287,0.0951537692902873,0.364272970388908,0.63686045589642,1.10760160146475,25.3552866159959,58.5385833203778,0.0287284216722722,0.308231615618347,0.402418787893715,0.359846048587286,0.361213413806682,0.094187172275368,NA,FALSE,FALSE,FALSE,"inconclusive",0.0983117426669144,0.226975550568142
"mu.iota.s[45]","local_continuous",TRUE,0.358023152089356,0.145919801215519,0.0964539514346906,0.363955102937877,0.637799358683086,1.10736626918692,25.4706359629396,61.0490137684616,0.0286709489675426,0.309055403389567,0.402151680123731,0.360555940511737,0.360329584332394,0.0930962767341636,NA,FALSE,FALSE,FALSE,"inconclusive",0.0987589943775843,0.236709409858831
"mu.iota.s[46]","local_continuous",TRUE,0.357403870675258,0.14622185640992,0.0943286990853106,0.364547056532745,0.638880626731395,1.10775248315879,25.4134489771627,68.7630579028944,0.0287068157416606,0.306526456923631,0.402409145734218,0.360542596069094,0.360137283974088,0.0958826888105869,NA,FALSE,FALSE,FALSE,"inconclusive",0.0985372594662521,0.266619587304317
"mu.iota.s[47]","local_continuous",TRUE,0.357313377313383,0.146146555695929,0.0943976150977161,0.36456023054465,0.638002030194594,1.1083570784349,25.3161866361705,71.1910233697955,0.0287977090990732,0.30665846004224,0.402322564976851,0.360627742617669,0.359644741616774,0.0956641049346115,NA,FALSE,FALSE,FALSE,"inconclusive",0.0981601377092151,0.276033699627368
"mu.iota.s[48]","local_continuous",TRUE,0.357538707648054,0.145898150562054,0.09682199547129,0.364069697743469,0.638677958482262,1.10411487975344,26.2771590514878,72.8677213663994,0.0282324863586517,0.308185478407546,0.401738695304711,0.360981763112262,0.359248893767696,0.0935532168971654,NA,FALSE,FALSE,FALSE,"inconclusive",0.101886180101695,0.282534872517611
"mu.iota.s[49]","local_continuous",TRUE,0.357843794755785,0.146057994200737,0.0960814928089403,0.364450078790574,0.638326850924,1.10556670720403,25.8602424953897,66.0197261163106,0.0285485008196202,0.308333334712472,0.402275582412777,0.360648604139792,0.360117657758095,0.0939422477003049,NA,FALSE,FALSE,FALSE,"inconclusive",0.10026964175222,0.255982684131531
"mu.iota.s[50]","local_continuous",TRUE,0.358119390168294,0.145789241085602,0.0953055160181949,0.364922833858805,0.638483084587767,1.10777903435788,25.5304592045294,60.660323905699,0.0285277425959478,0.307623435388247,0.402072481863268,0.360920620547545,0.361861022874114,0.0944490464750212,NA,FALSE,FALSE,FALSE,"inconclusive",0.0989909510192797,0.235202316748669
"mu.iota.s[51]","local_continuous",TRUE,0.356940273968085,0.146427063298058,0.09586172689093,0.362979589996739,0.638773639835858,1.10836300970918,25.7475796190419,66.478394140403,0.0286331830164083,0.306243742555241,0.401432208097155,0.360170317961243,0.359914827258704,0.0951884655419137,NA,FALSE,FALSE,FALSE,"inconclusive",0.0998328064730383,0.257761108230498
"mu.iota.s[52]","local_continuous",TRUE,0.357908103832933,0.145924292607222,0.0951553289362579,0.365329345896359,0.637512197390825,1.106395268551,25.8822329861895,73.2054348607637,0.028394463630258,0.308505679543841,0.402140559137592,0.360081201833139,0.360904974817161,0.0936348795937509,NA,FALSE,FALSE,FALSE,"inconclusive",0.100354906947812,0.283844311557126
"mu.iota.s[53]","local_continuous",TRUE,0.357880940759594,0.145893654438713,0.09581249135848,0.364650433841505,0.638008009869346,1.10571270890905,25.9989771227755,68.9907041908602,0.0283092687455823,0.308818885951574,0.402250884012721,0.360651756246622,0.359802236827457,0.093431998061147,NA,FALSE,FALSE,FALSE,"inconclusive",0.100807566769322,0.26750225542874
"mu.iota.s[54]","local_continuous",TRUE,0.358164804802016,0.146137631607819,0.097206759367504,0.365183343050888,0.637838433382522,1.10623249726098,25.7591545247864,73.666182430609,0.0285287404918463,0.309644331793346,0.40241942556525,0.3604260243173,0.360169437532167,0.0927750937719047,NA,FALSE,FALSE,FALSE,"inconclusive",0.099877686626522,0.285630798817438
"mu.iota.s[55]","local_continuous",TRUE,0.357947782566073,0.146136559945959,0.0950617199880168,0.365151962401986,0.638074848123083,1.1072617031051,25.5782222993597,76.1829664689841,0.0286277516103945,0.307249971915511,0.402511034338554,0.36128751760001,0.360742606410217,0.0952610624230431,NA,FALSE,FALSE,FALSE,"inconclusive",0.0991761460501641,0.295389293307216
"mu.iota.s[56]","local_continuous",TRUE,0.35774332163473,0.146278442967097,0.0949964637367601,0.364516075699527,0.637878373435286,1.10907663848225,25.272551113233,64.1825167604364,0.0288152803974995,0.307185323279486,0.40200719753675,0.360488506863205,0.361292258859482,0.094821874257264,NA,FALSE,FALSE,FALSE,"inconclusive",0.0979909467879235,0.248859149850281
"mu.iota.s[57]","local_continuous",TRUE,0.35721023807979,0.145665004522126,0.0960943413101417,0.364246674590325,0.637848204939951,1.10888718811219,25.1343413066176,70.0068443554798,0.0288172393634799,0.307072885337943,0.401885097723364,0.360939672194906,0.358943297062952,0.0948122123854203,NA,FALSE,FALSE,FALSE,"inconclusive",0.0974550566933723,0.271442203412392
"mu.iota.s[58]","local_continuous",TRUE,0.357600118204943,0.145827849166959,0.096516118452313,0.364264553800412,0.637782858473228,1.10978171595761,25.1450185084648,64.6288993933044,0.0288618437382205,0.308597828748496,0.401688687762236,0.360048243156296,0.360065713152745,0.0930908590137408,NA,FALSE,FALSE,FALSE,"inconclusive",0.097496456119705,0.250589938983061
"mu.iota.s[59]","local_continuous",TRUE,0.357682054264708,0.146152060954718,0.0961561634416612,0.364445242466817,0.639172681522554,1.10784954122361,25.4265934816258,68.5553109301933,0.0287200104161942,0.308469382924302,0.401577719460112,0.360415515105658,0.360265599568762,0.0931083365358098,NA,FALSE,FALSE,FALSE,"inconclusive",0.0985882255294575,0.265814076121211
"mu.iota.s[60]","local_continuous",TRUE,0.357634911120335,0.146166167333401,0.0955580680135289,0.364549172222404,0.638793821424035,1.1082980856311,25.4845210455094,69.2197798684143,0.0286867510704855,0.30665359006715,0.402685461607734,0.361552689005256,0.359647903801197,0.0960318715405832,NA,FALSE,FALSE,FALSE,"inconclusive",0.0988128319336405,0.268390465820681
"mu.iota.s[61]","local_continuous",TRUE,0.357237250874679,0.14624127090756,0.0941223068884175,0.363607509823267,0.637734715185989,1.10772332652735,25.666974355035,67.2942811776907,0.028568860810986,0.307616315175802,0.400678423831028,0.360858724192371,0.359795540299512,0.0930621086552261,NA,FALSE,FALSE,FALSE,"inconclusive",0.0995202703107517,0.260924601417141
"mu.iota.s[62]","local_continuous",TRUE,0.357815149875313,0.14500058020595,0.0989668288173594,0.364826517855496,0.636670491347583,1.1035742337594,26.5714925740411,69.6300245022581,0.027920897783781,0.308554139047701,0.400937740524893,0.36096949831891,0.360799221609748,0.0923836014771918,NA,FALSE,FALSE,FALSE,"inconclusive",0.103027419085333,0.269981134681331
"mu.iota.s[63]","local_continuous",TRUE,0.357086262025947,0.146089091411827,0.0951785694267365,0.363972776366939,0.638077855971806,1.1075983433023,25.299691143785,67.9483274265749,0.0287499143848726,0.307700265600903,0.401269843089718,0.359207478971644,0.36016746044152,0.0935695774888148,NA,FALSE,FALSE,FALSE,"inconclusive",0.0980961786372026,0.263460578528597
"mu.iota.s[64]","local_continuous",TRUE,0.357439418382766,0.146481770865689,0.0939420744819746,0.363623102578012,0.638623608735974,1.10797370758331,25.5114946582913,66.7417173749158,0.0287779852961758,0.307337158566087,0.402600968943651,0.359616056273755,0.360203489747569,0.0952638103775645,NA,FALSE,FALSE,FALSE,"inconclusive",0.0989174185202081,0.258782108957554
"mu.iota.s[65]","local_continuous",TRUE,0.357911211076898,0.145273289945558,0.097669481184837,0.363666098194888,0.637817737400712,1.1072178691747,25.3729906708062,64.9118706726034,0.0286021795273235,0.30856234247331,0.401870784903081,0.360633040290636,0.360578676640564,0.093308442429771,NA,FALSE,FALSE,FALSE,"inconclusive",0.0983803877785644,0.251687122383663
"mu.iota.s[66]","local_continuous",TRUE,0.357922766521982,0.14637360503666,0.0937584743306512,0.364958535065733,0.637287965862997,1.10767222951885,25.28120910498,58.2357256969132,0.0287824805863997,0.308399874779363,0.40284893114771,0.359949798114305,0.360492462046553,0.0944490563683477,NA,FALSE,FALSE,FALSE,"inconclusive",0.0980245169963592,0.225801260519929
"mu.iota.s[67]","local_continuous",TRUE,0.358302510106113,0.145330034683522,0.0983603946497228,0.364953767356462,0.638041962387154,1.10613350209036,25.9320214284575,64.5239133258674,0.0283410418743962,0.308655180025947,0.40304195152026,0.36083068044936,0.360682228428888,0.0943867714943131,NA,FALSE,FALSE,FALSE,"inconclusive",0.100547954993302,0.250182869506711
"mu.iota.s[68]","local_continuous",TRUE,0.358059806023073,0.145858768538694,0.0964205945198584,0.364536681956286,0.638158839269893,1.108249873278,25.1685787639604,63.4077941026343,0.0287778184303629,0.308751398817065,0.402509914992969,0.360613179184811,0.360364731097446,0.0937585161759035,NA,FALSE,FALSE,FALSE,"inconclusive",0.0975878078685743,0.245855266055727
"mu.iota.s[69]","local_continuous",TRUE,0.357570102643649,0.146297045033359,0.0932505758858686,0.364293326217544,0.637434731255596,1.11021463046797,25.0391575066644,64.084678481931,0.0288999924134529,0.307148514847622,0.402596509442346,0.360835621780294,0.359699764504337,0.0954479945947246,NA,FALSE,FALSE,FALSE,"inconclusive",0.0970859942020355,0.248479794972339
"mu.iota.s[70]","local_continuous",TRUE,0.357806271510111,0.146103017579687,0.0934106055726695,0.364465955883501,0.637783255609249,1.1079899819742,25.4384193365403,61.5276868034126,0.0287178533415085,0.307532330625005,0.402976737173382,0.360909016459286,0.359807001782771,0.0954444065483775,NA,FALSE,FALSE,FALSE,"inconclusive",0.0986340787048833,0.238565400719688
"mu.iota.s[71]","local_continuous",TRUE,0.357729630822222,0.145927971068144,0.0957950257583156,0.364160472948024,0.638352439543854,1.10498063475529,26.166939807399,61.1117473843466,0.028373382979484,0.310056830784988,0.400986558837572,0.359351786311928,0.360523347354397,0.0909297280525838,NA,FALSE,FALSE,FALSE,"inconclusive",0.101458819680734,0.236952651088751
"mu.iota.s[72]","local_continuous",TRUE,0.358378939459273,0.145645435359774,0.0971772277811557,0.365251707220931,0.638752838276122,1.10943233471725,25.1185559223248,60.8787829706693,0.0289007117289418,0.309480653109537,0.402928430959725,0.360798083757826,0.360308590010007,0.0934477778501874,NA,FALSE,FALSE,FALSE,"inconclusive",0.0973938509707951,0.236049362641066
"mu.iota.s[73]","local_continuous",TRUE,0.357462799951515,0.145965118556921,0.0968730008336816,0.364208506249892,0.638530280471784,1.10604489196825,26.1928207495957,66.7712697657715,0.0284120871385343,0.307426549401823,0.401241329532993,0.361130618979999,0.360052701891244,0.0938147801311697,NA,FALSE,FALSE,FALSE,"inconclusive",0.101559169582817,0.258896694412216
"mu.iota.s[74]","local_continuous",TRUE,0.357736557781389,0.146388596007943,0.0943058304352382,0.36458522685444,0.637446157395328,1.10923063114556,24.8953544696752,65.3624654675731,0.0289643095424526,0.307524653019815,0.403063914868647,0.360299473369836,0.36005818986726,0.0955392618488314,NA,FALSE,FALSE,FALSE,"inconclusive",0.0965284171025803,0.253434243613291
"mu.iota.s[75]","local_continuous",TRUE,0.358001459614836,0.146290401617737,0.0962910287383826,0.364647990993203,0.638522842214584,1.10871115362234,25.3720609838406,61.2641505009301,0.0287248102991648,0.308223940213266,0.402107642334779,0.360892916176756,0.360781339734543,0.0938837021215136,NA,FALSE,FALSE,FALSE,"inconclusive",0.0983767830413311,0.237543573849993
"mu.iota.s[76]","local_continuous",TRUE,0.358046818371132,0.145948571592368,0.0962314412394211,0.364699354029899,0.636856217942968,1.10840789379576,25.2789105971565,69.4089172586688,0.0287016879787017,0.308097860783654,0.402207009272306,0.360900934214915,0.360981469213649,0.0941091484886517,NA,FALSE,FALSE,FALSE,"inconclusive",0.0980156048387851,0.26912382082948
"mu.iota.s[77]","local_continuous",TRUE,0.357801357813514,0.145747457826345,0.0957949995727841,0.364636630784767,0.638809860163921,1.10675167014128,25.6529493188561,66.6315280692121,0.0285769163116547,0.308816628044568,0.401977933142326,0.359724427298192,0.360686442768969,0.0931613050977587,NA,FALSE,FALSE,FALSE,"inconclusive",0.099465890103239,0.258354864618689
"mu.iota.s[78]","local_continuous",TRUE,0.35816429281919,0.145892837190981,0.0945754874376396,0.36464293462694,0.638170849112197,1.10769363015653,25.690278823596,77.6291758838273,0.0284738505086942,0.308323034470663,0.403131969164198,0.360570086880662,0.360632080761234,0.0948089346935355,NA,FALSE,FALSE,FALSE,"inconclusive",0.0996106302798918,0.300996777457872
"mu.iota.s[79]","local_continuous",TRUE,0.358303763983105,0.145947440692647,0.0980128337203639,0.365160251143894,0.637617802335199,1.10750339481502,25.610568843541,68.9320524506005,0.0285681168102515,0.309350687983944,0.402397492854507,0.361470202071711,0.359996673022262,0.0930468048705628,NA,FALSE,FALSE,FALSE,"inconclusive",0.0993015654617399,0.26727484112723
"mu.iota.s[80]","local_continuous",TRUE,0.356863206457864,0.146664670678925,0.0940516516988726,0.364036049672744,0.638728375348543,1.10974419298632,24.991204828636,65.1187826686314,0.0289847139331565,0.30724889262625,0.401952160422844,0.359843363599948,0.358408409182415,0.094703267796594,NA,FALSE,FALSE,FALSE,"inconclusive",0.096900064087582,0.252489396056064
"mu.iota.s[81]","local_continuous",TRUE,0.35825718059396,0.145774393964432,0.0969726518984523,0.36453795975049,0.637798406309836,1.1055260891701,26.1052339399678,69.8879624551817,0.02821313834136,0.310252619903636,0.401771657142196,0.361291458816027,0.359712986513982,0.0915190372385602,NA,FALSE,FALSE,FALSE,"inconclusive",0.101219563408391,0.270981254697165
"mu.iota.s[82]","local_continuous",TRUE,0.356129198817173,0.145848324747557,0.0951644655575578,0.36248329212158,0.63815687342347,1.10940904649601,25.0670747312126,65.0731112902964,0.0289013338831085,0.309166582518763,0.402307679015468,0.359976450780802,0.353066082953661,0.0931410964967049,NA,FALSE,FALSE,FALSE,"inconclusive",0.0971942395173944,0.252312311376955
"mu.iota.s[83]","local_continuous",TRUE,0.357486164388336,0.146125262966515,0.0953496515761772,0.364245057796885,0.638766787736895,1.10677323411535,25.641647235075,64.4062500606215,0.0284978965008347,0.307313845361009,0.401068940225597,0.361203645966915,0.360358225999823,0.0937550948645882,NA,FALSE,FALSE,FALSE,"inconclusive",0.0994220677805372,0.249726645886391
"mu.iota.s[84]","local_continuous",TRUE,0.357953677499464,0.146213545401034,0.0965825269751753,0.364194222555458,0.638729890781834,1.10586511782607,25.7955732769933,68.3882817050167,0.0286426980715564,0.309641585028132,0.401452512437329,0.360776788787742,0.359943823744653,0.0918109274091968,NA,FALSE,FALSE,FALSE,"inconclusive",0.100018895481679,0.265166442574326
"mu.iota.s[85]","local_continuous",TRUE,0.357580791891183,0.146129023251954,0.0958061203316765,0.363778591693884,0.638034365163943,1.10719507196584,25.5982691362478,66.1399299914818,0.0286382621390871,0.308112616673502,0.401742666385129,0.359809059330614,0.360658825175481,0.0936300497116279,NA,FALSE,FALSE,FALSE,"inconclusive",0.0992538749869052,0.25644875862804
"mu.iota.s[86]","local_continuous",TRUE,0.357315158058237,0.145808056334981,0.0952083346710636,0.364448975655747,0.637976004665215,1.1085704044845,25.1434179343348,66.0139430546592,0.0287884306402542,0.307838234415221,0.401654222630611,0.359965594776403,0.359802580410713,0.09381598821539,NA,FALSE,FALSE,FALSE,"inconclusive",0.0974902501069565,0.255960261081162
"mu.iota.s[87]","local_continuous",TRUE,0.358054354382436,0.145727882845443,0.096006768329978,0.364579038910485,0.638648020456856,1.10725455314124,25.8445493532186,65.8579049420695,0.0284474724654761,0.308809606671174,0.402598662103581,0.360707859457856,0.360101289297131,0.0937890554324074,NA,FALSE,FALSE,FALSE,"inconclusive",0.100208793686168,0.255355244107642
"mu.iota.s[88]","local_continuous",TRUE,0.358063140957781,0.145990264644914,0.0968492131314648,0.364279988353133,0.63927055417693,1.10791455609656,25.6004730335947,60.2352632310965,0.0285989792553198,0.30917383781318,0.401975939489631,0.360887189556005,0.360215596972307,0.0928021016764503,NA,FALSE,FALSE,FALSE,"inconclusive",0.0992624203049732,0.23355420066573
"mu.iota.s[89]","local_continuous",TRUE,0.357608878930365,0.145819882043176,0.0959247508222393,0.364327359889949,0.637736413754455,1.10886896003877,25.1999136502379,66.521225850924,0.0288301690153693,0.307468738644827,0.401707994499381,0.360822736675387,0.360436045901866,0.0942392558545536,NA,FALSE,FALSE,FALSE,"inconclusive",0.0977093047115354,0.257927182476334
"mu.iota.s[90]","local_continuous",TRUE,0.357901896146019,0.146458911166629,0.0944098902877396,0.364246319549248,0.638445156268493,1.10759639920878,25.3648299199009,62.425095159902,0.0288470003656305,0.307875401111798,0.403196166724825,0.360942370867574,0.359593645879876,0.0953207656130265,NA,FALSE,FALSE,FALSE,"inconclusive",0.0983487455551842,0.242044981950478
"mu.iota.s[91]","local_continuous",TRUE,0.357685630730896,0.146477531145496,0.0949146125175958,0.364744552156308,0.63923516691306,1.10686189551993,25.3953651290371,67.4907598809565,0.0287838021362443,0.307965690960639,0.402637357820504,0.359890293862258,0.360249180280176,0.0946716668598652,NA,FALSE,FALSE,FALSE,"inconclusive",0.0984671417566684,0.261686421388161
"mu.iota.s[92]","local_continuous",TRUE,0.3575583303012,0.146020719859182,0.0950113561949752,0.364834332131384,0.637573545415816,1.10574680687723,25.8654564740552,72.2298956018459,0.0284378925745307,0.309328927315408,0.401887652808453,0.360206692705745,0.358810048375192,0.0925587254930445,NA,FALSE,FALSE,FALSE,"inconclusive",0.100289858259199,0.280061788171108
"mu.iota.s[93]","local_continuous",TRUE,0.357291188291631,0.146751468362731,0.0930345440256487,0.364653961040705,0.638138528861763,1.10758409107927,25.8614717179205,65.3545760212565,0.0285262223403585,0.307768547395272,0.402279899484271,0.359958054006481,0.3591582522805,0.0945113520889986,NA,FALSE,FALSE,FALSE,"inconclusive",0.100274407898663,0.253403653337275
"mu.iota.s[94]","local_continuous",TRUE,0.358137098932878,0.145724973552951,0.095743200853319,0.364534513321709,0.638884747464276,1.10736318778678,25.6226835523356,65.1375299514548,0.0285687171840325,0.309859417168099,0.401918261915441,0.360626972581801,0.360143744066172,0.092058844747342,NA,FALSE,FALSE,FALSE,"inconclusive",0.0993485386295664,0.252562086145218
"mu.iota.s[95]","local_continuous",TRUE,0.357781886781282,0.146338951158587,0.0947516606266797,0.364580927586321,0.637620741186229,1.106042505764,26.2227357846642,72.86810590993,0.0283283146190005,0.308933065077904,0.401999603940503,0.361055070196675,0.359139807910049,0.0930665388625991,NA,FALSE,FALSE,FALSE,"inconclusive",0.101675161142056,0.282536363533871
"mu.iota.s[96]","local_continuous",TRUE,0.357951663841392,0.146252257061421,0.0947440694160143,0.365121234534811,0.637892212179465,1.10883331315864,25.0775118414419,66.7473598395403,0.0288000371131272,0.308146530091433,0.401771478544329,0.360600094962284,0.361288551767521,0.093624948452896,NA,FALSE,FALSE,FALSE,"inconclusive",0.0972347080204952,0.258803986861699
"mu.iota.s[97]","local_continuous",TRUE,0.357292241393237,0.146168140134983,0.0949366163636462,0.363512490341805,0.638257098408842,1.10786743240874,25.6741093206834,62.2436030326644,0.0286797499999549,0.307820557902802,0.401469262406028,0.360540042805241,0.359339102458878,0.0936487045032257,NA,FALSE,FALSE,FALSE,"inconclusive",0.099547935188589,0.241341270429513
"mu.iota.s[98]","local_continuous",TRUE,0.357830825890543,0.146128495745405,0.0957119597445039,0.364569160922364,0.63884367976221,1.10638280864746,25.9507956939063,63.3907432654034,0.0284029706720039,0.309507220832985,0.402069752379729,0.360193053796675,0.359553276552782,0.0925625315467433,NA,FALSE,FALSE,FALSE,"inconclusive",0.100620749703988,0.245789153708133
"mu.iota.s[99]","local_continuous",TRUE,0.358118239851043,0.145929026380284,0.0949460313620049,0.36478342862598,0.638639855572858,1.10843707582782,25.3730320360479,62.4615369251499,0.028623389042993,0.307709122422671,0.402727661670157,0.360324017127897,0.361712158183451,0.0950185392474864,NA,FALSE,FALSE,FALSE,"inconclusive",0.0983805481667729,0.242186280035633
"mu.iota.s[100]","local_continuous",TRUE,0.358323350533155,0.146212764399582,0.0952636841358076,0.365305805534116,0.637428284925902,1.10561198826091,25.9592689431801,74.5072925556697,0.0283900048095871,0.310695582714628,0.402233373171465,0.360343489703779,0.360020956542744,0.091537790456837,NA,FALSE,FALSE,FALSE,"inconclusive",0.100653603598119,0.288892091163364
"mu.iota.s[101]","local_continuous",TRUE,0.358800299314564,0.146066375654546,0.096714917526497,0.365436443401924,0.637753150548586,1.10667548619758,25.6856295441389,67.7946851270139,0.0284923424729852,0.309037544376873,0.405385116935993,0.360597218179353,0.360181317766045,0.0963475725591202,NA,FALSE,FALSE,FALSE,"inconclusive",0.0995926033187888,0.262864851000608
"mu.iota.s[102]","local_continuous",TRUE,0.358319190340808,0.145469801559566,0.0975033086368464,0.363859028503978,0.638348858480257,1.10712690627283,25.5412334088492,66.8425771695631,0.0286531927469381,0.309598958063442,0.403037257341688,0.36066993368683,0.35997061227127,0.093438299278246,NA,FALSE,FALSE,FALSE,"inconclusive",0.0990327265597644,0.25917317936141
"mu.iota.s[103]","local_continuous",TRUE,0.357555041577964,0.146186132104336,0.0944282246716682,0.364267546769698,0.638508731327269,1.10992023114602,24.777599367718,64.107629333248,0.029075806970178,0.307380419477482,0.401883712920192,0.360566527590626,0.360389506323552,0.0945032934427096,NA,FALSE,FALSE,FALSE,"inconclusive",0.0960718373976588,0.248568783837771
"mu.iota.s[104]","local_continuous",TRUE,0.357237379662067,0.145870509210294,0.0965304208562506,0.363783560431476,0.638437654968633,1.11046673057782,24.8181370360729,67.4759319501504,0.029005855370318,0.306804763731533,0.40181183482175,0.360747065094702,0.35958585500028,0.095007071090217,NA,FALSE,FALSE,FALSE,"inconclusive",0.0962290168009124,0.2616289280638
"mu.iota.s[105]","local_continuous",TRUE,0.357611492274,0.145564394828165,0.0965446808304804,0.364480050073081,0.637479960937219,1.10825492266259,25.1997419637866,64.6779327196234,0.0287997763712948,0.307625280700959,0.402148943314485,0.360150819950721,0.36052092512984,0.0945236626135252,NA,FALSE,FALSE,FALSE,"inconclusive",0.0977086390202149,0.250780059167155
"mu.iota.s[106]","local_continuous",TRUE,0.357632738615901,0.1461519813993,0.0951845318095997,0.364149009598057,0.636920835853598,1.10877363644034,25.2677421675715,65.4370177746486,0.0287690926686129,0.307354064404838,0.402939200941713,0.361343861150335,0.358893827966719,0.0955851365368752,NA,FALSE,FALSE,FALSE,"inconclusive",0.0979723007424051,0.253723310242252
"mu.iota.s[107]","local_continuous",TRUE,0.357964849406341,0.14581580534398,0.0972671964515709,0.364368367058952,0.6381786244485,1.10611723535159,25.9906493561132,62.4434405142919,0.0283842949504974,0.309365252915223,0.401966455684218,0.360853691302916,0.359673997723013,0.092601202768995,NA,FALSE,FALSE,FALSE,"inconclusive",0.100775276964616,0.24211611361573
"mu.iota.s[108]","local_continuous",TRUE,0.358371378119985,0.146072455796251,0.0959832923044597,0.364646670449972,0.639711118713137,1.10754614576237,25.59943709745,70.6621038457949,0.0286074404569374,0.308812885547387,0.403180984818889,0.36066435730096,0.360827284812703,0.094368099271502,NA,FALSE,FALSE,FALSE,"inconclusive",0.0992584036007166,0.273982884705707
"mu.iota.s[109]","local_continuous",TRUE,0.358311073575822,0.14588380006886,0.0978295411493719,0.364564524826118,0.638482958135746,1.10727571767345,25.6511642745668,62.6694047511611,0.028535637607092,0.30971940288061,0.402361792264271,0.360125453009623,0.361037646148783,0.0926423893836607,NA,FALSE,FALSE,FALSE,"inconclusive",0.0994589688320473,0.242992259811332
"mu.iota.s[110]","local_continuous",TRUE,0.357386566824513,0.146042012034999,0.0955562022484782,0.36408533896044,0.639091897566232,1.10732293223281,25.6408074806842,70.5764019955622,0.028691652274846,0.307147593668907,0.401795359340398,0.360233924632279,0.360369389656464,0.0946477656714908,NA,FALSE,FALSE,FALSE,"inconclusive",0.0994188117448701,0.273650587209972
"mu.iota.s[111]","local_continuous",TRUE,0.35852442402798,0.145772055621978,0.0960841785223212,0.36528927319232,0.638003334435624,1.10731187787312,25.4369752294098,65.123877125649,0.0285936455252931,0.30927133395805,0.40271325853202,0.362024431699779,0.360088671922071,0.0934419245739703,NA,FALSE,FALSE,FALSE,"inconclusive",0.0986284793720598,0.252509149133792
"mu.iota.s[112]","local_continuous",TRUE,0.357852620550362,0.146131019023855,0.0943765414719426,0.364883684640571,0.638888048583354,1.10713587582726,25.5623589470865,67.581222986366,0.0286319368167663,0.307700575527582,0.402460072838637,0.36118980562107,0.360060028214162,0.0947594973110552,NA,FALSE,FALSE,FALSE,"inconclusive",0.0991146380171397,0.262037180015921
"mu.iota.s[113]","local_continuous",TRUE,0.358097874470116,0.146328211676039,0.0962297173356625,0.364612925406934,0.637779730813588,1.10389883343031,26.2378640315342,69.1871852526858,0.0283266815046164,0.30998209469519,0.402418785226139,0.359769825403318,0.360220792555815,0.0924366905309487,NA,FALSE,FALSE,FALSE,"inconclusive",0.101733818901907,0.268264084544761
"mu.iota.s[114]","local_continuous",TRUE,0.35765850047602,0.145613188623539,0.0978734867997973,0.363872813797418,0.63806215765627,1.10603151363269,25.9779537114902,67.8394413594748,0.0283344026660753,0.309674912451529,0.40120022709048,0.360195415191892,0.359563447170179,0.0915253146389512,NA,FALSE,FALSE,FALSE,"inconclusive",0.100726051295584,0.263038387323627
"mu.iota.s[115]","local_continuous",TRUE,0.357413208977725,0.146218978243665,0.0950958247958613,0.364104940188392,0.638122202708303,1.10810770497691,25.3800976800464,67.5362705480569,0.0287865833903814,0.307330259246403,0.402176652523542,0.360354741275828,0.359791182865131,0.0948463932771398,NA,FALSE,FALSE,FALSE,"inconclusive",0.0984079442591572,0.261862882930889
"mu.iota.s[116]","local_continuous",TRUE,0.35728506632474,0.145940873726762,0.0967107726951084,0.363536154979313,0.638694903251927,1.10811947958712,25.2604569944692,65.6267666003022,0.0288531658331311,0.307777303223285,0.402213602468133,0.360707993354305,0.358441366253236,0.0944362992448475,NA,FALSE,FALSE,FALSE,"inconclusive",0.097944053455196,0.254459036010276
"mu.iota.s[117]","local_continuous",TRUE,0.357798254404813,0.14623688400875,0.0957179008254847,0.364211177973013,0.638442379789398,1.10599066080683,26.2197916135925,73.836895935099,0.0282978864598117,0.309096526903117,0.402567030003438,0.360018449986418,0.359511010726282,0.0934705031003205,NA,FALSE,FALSE,FALSE,"inconclusive",0.101663745511338,0.286292717666054
"mu.iota.s[118]","local_continuous",TRUE,0.357830688717253,0.146217651836935,0.0970015605932269,0.363768093402425,0.638513204913725,1.1071564453566,25.7117444560198,67.305440330074,0.0285722037669225,0.306792560899836,0.402842447637752,0.360508701266154,0.361179045065271,0.0960498867379161,NA,FALSE,FALSE,FALSE,"inconclusive",0.0996938604071229,0.260967869542409
"mu.iota.s[119]","local_continuous",TRUE,0.358115680910816,0.145872696861251,0.0947705285370894,0.365171675088441,0.636875038041486,1.10678637237851,25.8327046165517,65.8785124103161,0.0284511792110331,0.308704941116812,0.40213606731008,0.361305847927625,0.360315867288744,0.0934311261932678,NA,FALSE,FALSE,FALSE,"inconclusive",0.100162867299266,0.255435146817714
"mu.iota.s[120]","local_continuous",TRUE,0.357607243611753,0.146067106618228,0.0968737520447888,0.364320263926003,0.639293271805641,1.10893746275334,25.4273614425036,69.6136414229505,0.0287520417571433,0.307980944337896,0.401595016296146,0.359918630247659,0.360934383565311,0.0936140719582497,NA,FALSE,FALSE,FALSE,"inconclusive",0.0985912031953519,0.269917611476038
"mu.iota.s[121]","local_continuous",TRUE,0.357195426939277,0.146110357432981,0.0954032059080758,0.363561858984027,0.638476671328728,1.1078947459209,25.377143368718,63.2031378962925,0.0286669551947742,0.307732808621727,0.401798089815571,0.359889585773687,0.359361223546117,0.0940652811938434,NA,FALSE,FALSE,FALSE,"inconclusive",0.0983964893109456,0.245061738907019
"mu.iota.s[122]","local_continuous",TRUE,0.358125857444727,0.146413215096039,0.0964638629392466,0.364899449370263,0.638750970455286,1.1093597278519,25.1464390264259,66.6564398543443,0.0288598032852386,0.308126922503475,0.401975115323552,0.362307550520903,0.360093841430971,0.0938481928200765,NA,FALSE,FALSE,FALSE,"inconclusive",0.0975019639886699,0.258451456743494
"mu.iota.s[123]","local_continuous",TRUE,0.358289014073032,0.146232715086729,0.0967599283129578,0.364155645794568,0.638145820320325,1.10579156824994,26.2097215830154,64.8287027045838,0.0283215308902201,0.310154666845543,0.402270941502444,0.360893265572046,0.359837182372096,0.092116274656901,NA,FALSE,FALSE,FALSE,"inconclusive",0.101624700310637,0.25136464967831
"mu.iota.s[124]","local_continuous",TRUE,0.357627638112968,0.145740343648401,0.0959902905714538,0.364405433985546,0.63863984879567,1.10621838309453,26.0415209322248,68.655960707845,0.0283781803758906,0.307633903330292,0.401502350896937,0.361225986700642,0.360148311524005,0.0938684475666449,NA,FALSE,FALSE,FALSE,"inconclusive",0.100972524717145,0.266204332212173
"mu.iota.s[125]","local_continuous",TRUE,0.357426503811822,0.146286126206825,0.0947930946070405,0.364965376675204,0.638483928389299,1.10749553238263,25.3327306293569,70.3176912333758,0.02875095258193,0.307679651598078,0.402306818617596,0.360147532761033,0.359572012270581,0.0946271670195181,NA,FALSE,FALSE,FALSE,"inconclusive",0.0982242848366153,0.272647470729278
"mu.iota.s[126]","local_continuous",TRUE,0.357441041884365,0.14610507362332,0.0963721404824889,0.364372967234192,0.638324331236,1.10971771408976,24.9267476804074,63.7483185811114,0.0290383441581754,0.307733821966171,0.401655288069908,0.360331492306624,0.360043565194752,0.0939214661037366,NA,FALSE,FALSE,FALSE,"inconclusive",0.0966501400908367,0.247175604311288
"mu.iota.s[127]","local_continuous",TRUE,0.357538908678623,0.145831751503479,0.0955538999226995,0.364365376990418,0.637274472238621,1.1060720407903,25.8282672348823,66.132783225764,0.0284118080418427,0.309710425471342,0.401220597327989,0.360259361362404,0.358965250552762,0.0915101718566473,NA,FALSE,FALSE,FALSE,"inconclusive",0.100145661943578,0.256421047997007
"mu.iota.s[128]","local_continuous",TRUE,0.357786869150219,0.145951292446122,0.0964755023819885,0.36410111288008,0.638750004145712,1.10671674871952,25.9830080074364,75.0667532848623,0.028454702970143,0.308858429140218,0.402232971537494,0.359755881931554,0.360300193991608,0.0933745423972769,NA,FALSE,FALSE,FALSE,"inconclusive",0.100745648654114,0.291061325535415
"mu.iota.s[129]","local_continuous",TRUE,0.358607682824769,0.145693207377584,0.0962215772288223,0.364545406067205,0.638192498766826,1.10488923783322,26.0743460915392,65.2729494294746,0.0282677555887373,0.310790446722344,0.402922855515007,0.360944408452095,0.35977302060963,0.0921324087926637,NA,FALSE,FALSE,FALSE,"inconclusive",0.101099799895075,0.253087157112737
"mu.iota.s[130]","local_continuous",TRUE,0.357491796359699,0.145760673607907,0.0956087689500463,0.364370836551098,0.638532033087626,1.10741738097047,25.3992382109934,64.3105852668985,0.0287042525674044,0.308265007182668,0.400906925724951,0.361090366671714,0.359704885859464,0.0926419185422828,NA,FALSE,FALSE,FALSE,"inconclusive",0.0984821591154694,0.249355718405854
"mu.iota.s[131]","local_continuous",TRUE,0.357173730166148,0.146274258915006,0.095434259604773,0.363909536199749,0.638025565002434,1.10597689468084,25.5614550573827,63.8696089151833,0.0286072946450402,0.307813763031719,0.401763030505324,0.359433907672561,0.359684219454988,0.093949267473605,NA,FALSE,FALSE,FALSE,"inconclusive",0.0991111333053494,0.247645891407303
"mu.iota.s[132]","local_continuous",TRUE,0.358287264560303,0.146196969028097,0.0951785933048142,0.364252439741504,0.639498419101315,1.10502458769126,26.1511034868214,62.4877255658323,0.0282743834283028,0.310488015386823,0.40266732631203,0.360065414193211,0.359928302349145,0.0921793109252066,NA,FALSE,FALSE,FALSE,"inconclusive",0.101397416459504,0.242287822997562
"mu.iota.s[133]","local_continuous",TRUE,0.357001089001698,0.145508264223903,0.0980094459187052,0.363669751879769,0.638294554921873,1.10803832371675,25.3652827317251,63.2573699446189,0.0286980096058703,0.30717422024647,0.401508513293455,0.360473967632596,0.358847654834271,0.0943342930469853,NA,FALSE,FALSE,FALSE,"inconclusive",0.0983505012726491,0.245272016442434
"mu.iota.s[134]","local_continuous",TRUE,0.357740395760767,0.146298403036232,0.0950961292638669,0.363888373229829,0.638950614664359,1.1065254988735,25.6709504091327,66.6168430048109,0.0285383923728962,0.307850404400347,0.402085732060386,0.360479982022364,0.360545464559972,0.0942353276600383,NA,FALSE,FALSE,FALSE,"inconclusive",0.0995356869302994,0.258297925239761
"mu.iota.s[135]","local_continuous",TRUE,0.357912305720381,0.145702356054798,0.0964193775407958,0.364000378115492,0.638715295956271,1.10782221250827,25.4543967919784,61.4836128654495,0.0285925302501271,0.309275188465905,0.402645983877369,0.360223401040512,0.359504649497735,0.0933707954114641,NA,FALSE,FALSE,FALSE,"inconclusive",0.0986960291577136,0.238394509902599
"mu.iota.s[136]","local_continuous",TRUE,0.357950362477943,0.146557897872191,0.0944557275204851,0.364727280613433,0.638454548889926,1.10694128006644,25.508028832531,68.4514669428468,0.0287340227781872,0.307599592079873,0.403313347794949,0.360987074140322,0.359901435896626,0.0957137557150763,NA,FALSE,FALSE,FALSE,"inconclusive",0.0989039802429984,0.265411434908113
"mu.iota.s[137]","local_continuous",TRUE,0.357379445927441,0.14636805544187,0.0939761795386087,0.36430938471909,0.637883774550643,1.10709341502016,25.5192576408588,68.7089625351315,0.0286386489745345,0.307489976246028,0.401771762371079,0.3605643740115,0.359691671081154,0.0942817861250509,NA,FALSE,FALSE,FALSE,"inconclusive",0.0989475184499016,0.266409839729559
"mu.iota.s[138]","local_continuous",TRUE,0.357625760628863,0.146511749679788,0.0946878237160075,0.364330184308799,0.638178135520231,1.10818691581188,25.3401763001035,63.3545945473786,0.0287586730087862,0.30837608765736,0.403014870293731,0.359592890503978,0.359519194060379,0.0946387826363715,NA,FALSE,FALSE,FALSE,"inconclusive",0.0982531544320373,0.245648991874507
"mu.iota.s[139]","local_continuous",TRUE,0.358420222917271,0.145821164434815,0.096635045312475,0.365194473942351,0.638736758898105,1.10761999950079,25.5082663262284,61.5719973658759,0.0285673200917244,0.309210551685148,0.401780450821219,0.361287437469319,0.361402451693389,0.0925698991360704,NA,FALSE,FALSE,FALSE,"inconclusive",0.0989049010931397,0.238737209016723
"mu.iota.s[140]","local_continuous",TRUE,0.357812290603315,0.146235821733651,0.0952781411392346,0.364590751466327,0.637732550090926,1.10592843432459,25.7537134190693,68.3763967156786,0.0285384724232154,0.308720870724598,0.402619050674738,0.360293223304216,0.359616017709707,0.0938981799501402,NA,FALSE,FALSE,FALSE,"inconclusive",0.0998565894646879,0.265120360113058
"mu.iota.s[141]","local_continuous",TRUE,0.358039215183054,0.146514748679799,0.0950099345890955,0.364935490858316,0.63838422858523,1.108191218249,25.2641783989031,62.9807470712262,0.0287685525007801,0.308151318357803,0.402776428033143,0.360756591728528,0.36047252261274,0.0946251096753401,NA,FALSE,FALSE,FALSE,"inconclusive",0.0979584827046303,0.24419944813916
"mu.iota.s[142]","local_continuous",TRUE,0.357258897444847,0.145717255678578,0.0969491060146931,0.36368253895876,0.637075287926946,1.10953434152439,24.9703102204383,66.5096588920459,0.0289524992376404,0.306505857264609,0.402406526415788,0.360002032247599,0.360121173851385,0.0959006691511791,NA,FALSE,FALSE,FALSE,"inconclusive",0.0968190480306401,0.257882333135766
"mu.iota.s[143]","local_continuous",TRUE,0.358445181834217,0.145997237543424,0.0956234765916031,0.365159954373903,0.638362345810122,1.10696298368594,25.9776991370951,63.1525304289278,0.0283220070416696,0.309851770340854,0.40238749894036,0.361396883906738,0.360144574148915,0.0925357285995062,NA,FALSE,FALSE,FALSE,"inconclusive",0.100725064217315,0.244865515200936
"mu.chi.m[1]","local_continuous",TRUE,0.840533217396443,0.0659673339681737,0.736533830734965,0.832031185676029,0.968896403974033,1.10319340467647,43.9152996752779,137.440328022881,0.0115071993315328,0.816311075269123,0.834648110064593,0.876253077358559,0.834920606893485,0.0599420020894356,NA,FALSE,FALSE,FALSE,"inconclusive",0.170275718283249,0.532906543920408
"mu.chi.m[2]","local_continuous",TRUE,0.840672422986349,0.0660480541734577,0.736248075163217,0.832258448339345,0.968883855000008,1.10178528783661,46.3452237547133,141.548142705033,0.0113206872595873,0.817027271283947,0.8346741694955,0.87612320359814,0.834865047567814,0.0590959323141936,NA,FALSE,FALSE,FALSE,"inconclusive",0.179697424865216,0.548834047563784
"mu.chi.m[3]","local_continuous",TRUE,0.840923137164811,0.0662246638535286,0.73668417734209,0.83225335414223,0.969241795498152,1.10438491021999,44.5393980684908,136.39929883127,0.0115545471493875,0.816504423285571,0.834424834658544,0.876990241902729,0.835773048812404,0.0604858186171584,NA,FALSE,FALSE,FALSE,"inconclusive",0.172695576577956,0.52887009205361
"mu.chi.m[4]","local_continuous",TRUE,0.840859005068676,0.0659179404973824,0.736580318266831,0.832847972561706,0.968806203390047,1.10209034310457,45.2443670994514,144.966994405595,0.0113860527530879,0.81724293441971,0.834622256931398,0.876555488627694,0.835015340295899,0.0593125542079846,NA,FALSE,FALSE,FALSE,"inconclusive",0.175428999986241,0.562090189120867
"mu.chi.m[5]","local_continuous",TRUE,0.840699889990239,0.0659244420028462,0.736933708134349,0.832268986808739,0.968999299624986,1.10241833742589,45.110696282413,142.74517483872,0.0113890831465624,0.817020116605523,0.834214809544849,0.876664583900198,0.834900049910383,0.0596444672946751,NA,FALSE,FALSE,FALSE,"inconclusive",0.17491070921849,0.553475380035129
"mu.chi.m[6]","local_continuous",TRUE,0.840659085630911,0.0661041657965024,0.736141745133937,0.832341033393376,0.969120651331227,1.10396060069053,44.1802788128232,141.461035833147,0.0115919195502055,0.816764487868978,0.834685035444519,0.87686946251854,0.834317356691611,0.0601049746495619,NA,FALSE,FALSE,FALSE,"inconclusive",0.171303139553495,0.548496302283951
"mu.chi.m[7]","local_continuous",TRUE,0.840872253804143,0.0660656911502242,0.736729321232769,0.83278068434173,0.969047526097927,1.10456512310716,43.0789122287169,142.50628476452,0.0116449932204154,0.816443874135557,0.834820230358422,0.876806876636534,0.835418034086058,0.0603630025009766,NA,FALSE,FALSE,FALSE,"inconclusive",0.167032737493426,0.552549115628967
"mu.chi.m[8]","local_continuous",TRUE,0.840755460050132,0.0660137909596836,0.736426226175903,0.832138788550873,0.969109615996847,1.10256455221163,45.2517603523793,135.608991099901,0.0114104817777587,0.816753209120056,0.834714726837745,0.876317906076937,0.835235998165783,0.0595646969568814,NA,FALSE,FALSE,FALSE,"inconclusive",0.175457666338561,0.525805779214604
"mu.chi.m[9]","local_continuous",TRUE,0.840590217474188,0.0659248818837809,0.736697068927008,0.832196120469046,0.968606012025344,1.10541515243556,42.7818618649051,136.652701830426,0.0116468706256284,0.816409060738224,0.834261343717579,0.87659600458979,0.83509446085117,0.0601869438515659,NA,FALSE,FALSE,FALSE,"inconclusive",0.165880964320104,0.529852628390955
"mu.chi.m[10]","local_continuous",TRUE,0.840922175003349,0.0659626212014048,0.737089796443221,0.832828980365954,0.968994282911281,1.10287238566643,43.8580125956794,141.867571936878,0.011543408773115,0.816887601337698,0.835052198537115,0.876851386950392,0.834897513188194,0.0599637856126946,NA,FALSE,FALSE,FALSE,"inconclusive",0.170053595271472,0.550072591813631
"mu.chi.m[11]","local_continuous",TRUE,0.841035959362748,0.0661397434277733,0.736535644262059,0.832999859020638,0.96899843320035,1.10476131903823,42.3464391682421,139.646269031817,0.0116547773994389,0.817065795332192,0.834690792904359,0.877295961322778,0.835091287891667,0.0602301659905861,NA,FALSE,FALSE,FALSE,"inconclusive",0.164192670878426,0.54145978601518
"mu.chi.m[12]","local_continuous",TRUE,0.841028126825814,0.0660080670951683,0.737046847854324,0.832502222934821,0.969127619923002,1.10239032165017,44.7700089237302,143.372790353074,0.0114524694321334,0.817533061424041,0.83485126560717,0.876898205881836,0.834829974390205,0.0593651444577948,NA,FALSE,FALSE,FALSE,"inconclusive",0.173589739416651,0.555908875498043
"mu.chi.m[13]","local_continuous",TRUE,0.84069748907088,0.066176367491998,0.736480337459265,0.832514922721265,0.969248588943445,1.10212427052711,44.4526692051734,143.220225737834,0.011510981254583,0.81636722867627,0.834772011474139,0.876668213711066,0.83498250242204,0.0603009850347955,NA,FALSE,FALSE,FALSE,"inconclusive",0.172359296975939,0.555317326547297
"mu.chi.m[14]","local_continuous",TRUE,0.840804526528848,0.0659362683296984,0.736827345653673,0.832605249570486,0.969151970269954,1.10491802571405,42.6996944990955,133.337566207247,0.0116404196460533,0.816913712430885,0.834746707087272,0.87661642021974,0.834941266377516,0.0597027077888551,NA,FALSE,FALSE,FALSE,"inconclusive",0.165562371316387,0.516998632093144
"mu.chi.m[15]","local_continuous",TRUE,0.840845960928066,0.0661364065692405,0.736523657123975,0.832426473180559,0.96919365180987,1.1065947899811,42.1973887067604,143.674012779974,0.0117512245134381,0.816469654406933,0.834487636386787,0.877037984797125,0.835388568121415,0.0605683303901918,NA,FALSE,FALSE,FALSE,"inconclusive",0.163614747590257,0.557076825289636
"mu.chi.m[16]","local_continuous",TRUE,0.840897715691629,0.0659299391097714,0.736856090279981,0.832420681961993,0.968447428901547,1.104983244883,42.8649100994082,139.64027940993,0.0116809170681633,0.817176213074027,0.834675820068294,0.877227298256611,0.834511531367581,0.0600510851825838,NA,FALSE,FALSE,FALSE,"inconclusive",0.166202972774714,0.541436562055042
"mu.chi.m[17]","local_continuous",TRUE,0.840814143880439,0.0659875305746651,0.736386184335161,0.832540593307528,0.96904374205164,1.10392881783678,43.5600390821121,139.006063864657,0.011607855818843,0.816778920566926,0.834685313855057,0.876803683578812,0.83498865752096,0.0600247630118861,NA,FALSE,FALSE,FALSE,"inconclusive",0.168898242708077,0.538977475852371
"mu.chi.m[18]","local_continuous",TRUE,0.840659093226725,0.0660649575875588,0.736442557911059,0.832247658583497,0.969016006269598,1.10376074367919,44.4791980653555,135.685111758162,0.0115643679582545,0.816293582850042,0.834493887191107,0.87668808341575,0.835160819450002,0.0603945005657082,NA,FALSE,FALSE,FALSE,"inconclusive",0.17246215909361,0.526100926916146
"mu.chi.m[19]","local_continuous",TRUE,0.841021271249791,0.066169801214382,0.736776064949892,0.832910726686087,0.969571838494012,1.10265073853273,44.4664147952945,144.158077208731,0.0115745276449701,0.816870743925346,0.835192393400869,0.876951957730774,0.835069989942185,0.0600812138054287,NA,FALSE,FALSE,FALSE,"inconclusive",0.172412593668627,0.55895372056102
"mu.chi.m[20]","local_continuous",TRUE,0.840810014080821,0.0660191986123437,0.736884817450422,0.832287837193287,0.968344536713164,1.10292304727864,45.1938858248699,140.014324887055,0.0114355076029378,0.81630155144422,0.834790692712151,0.876511965428132,0.835635846738785,0.0602104139839122,NA,FALSE,FALSE,FALSE,"inconclusive",0.175233265575847,0.542886873512758
"mu.chi.m[21]","local_continuous",TRUE,0.840786191035459,0.0659369603036803,0.736786944638046,0.832531791242416,0.969067714138269,1.10308210751759,44.6524363003014,141.76923505406,0.011475228878358,0.817002670674846,0.834777740516133,0.876641662809646,0.834722690141218,0.0596389921347995,NA,FALSE,FALSE,FALSE,"inconclusive",0.173133867247889,0.549691303663957
"mu.chi.m[22]","local_continuous",TRUE,0.840701034002153,0.0662458208218404,0.736212618701121,0.832411057501225,0.969072016777217,1.10141246087581,45.7335737298305,138.408228778375,0.0114271363108059,0.816709011321137,0.834439426064751,0.87646069650461,0.835195002118109,0.0597516851834723,NA,FALSE,FALSE,FALSE,"inconclusive",0.17732583345869,0.536659450028014
"mu.chi.m[23]","local_continuous",TRUE,0.840724873224925,0.0660973604423233,0.736906234086717,0.832328585674597,0.968906560366853,1.10336232397819,45.0077247826598,140.447557181435,0.0114954721017367,0.81663750861655,0.834815235422706,0.876694828430948,0.834751920429508,0.0600573198143973,NA,FALSE,FALSE,FALSE,"inconclusive",0.174511450959686,0.54456667396168
"mu.chi.m[24]","local_continuous",TRUE,0.840823876117336,0.0658417432216221,0.737345665914646,0.832524356142527,0.968810856743394,1.10421359805491,43.9476833773094,137.777447725361,0.0115206120456103,0.816650001963469,0.834662457545682,0.876651267531437,0.83533177742875,0.0600012655679678,NA,FALSE,FALSE,FALSE,"inconclusive",0.170401281769434,0.534213680611076
"mu.chi.m[25]","local_continuous",TRUE,0.840639397724927,0.0659665682892364,0.73696973302571,0.832534123203639,0.96918104793457,1.10172589036446,45.7470519262747,138.291286483082,0.0113487774175318,0.816801334928719,0.834538885806704,0.876498210728108,0.834719159436182,0.0596968757993889,NA,FALSE,FALSE,FALSE,"inconclusive",0.177378093368054,0.536206021872543
"mu.chi.m[26]","local_continuous",TRUE,0.840888149653574,0.0659266717590666,0.736992834180519,0.832475844449268,0.968747834392118,1.1045349427906,43.589002372053,144.262980513355,0.0115305510986854,0.816633261802479,0.835049408761337,0.877026687104087,0.834843240946389,0.0603934253016082,NA,FALSE,FALSE,FALSE,"inconclusive",0.169010544002501,0.559360469135597
"mu.chi.m[27]","local_continuous",TRUE,0.841002622976026,0.0661517582278026,0.736307029343118,0.832640214727101,0.9693261939704,1.10458199745074,43.6964880186876,145.712054937944,0.0116031682091052,0.81696063823557,0.834883804687988,0.87713333100182,0.835032717978721,0.0601726927662493,NA,FALSE,FALSE,FALSE,"inconclusive",0.169427305263865,0.56497906197949
"mu.chi.m[28]","local_continuous",TRUE,0.841243326229592,0.0659714591012252,0.736880173524243,0.833045758983306,0.969237909392832,1.10396621841594,43.2831045045199,145.639580041322,0.0115332501161109,0.817263082598484,0.83537858921836,0.876794438160001,0.835537194941517,0.0595313555615171,NA,FALSE,FALSE,FALSE,"inconclusive",0.167824465813336,0.564698050232534
"mu.chi.m[29]","local_continuous",TRUE,0.84074311375506,0.0660540797406981,0.73665796098801,0.832394567070353,0.968751475465233,1.1017540240797,44.8920249999853,137.007088522651,0.0115067302242713,0.816667990015551,0.834689665567704,0.876875810585004,0.834738988851973,0.060207820569453,NA,FALSE,FALSE,FALSE,"inconclusive",0.174062840481202,0.531226715531765
"mu.chi.m[30]","local_continuous",TRUE,0.840825957620172,0.0660599179927115,0.736784052053922,0.832559089306761,0.968492444910414,1.10454439112789,44.7016913007995,137.847574482211,0.0114990112442204,0.817237186138683,0.834437241403995,0.87707634598969,0.834553056948315,0.0598391598510065,NA,FALSE,FALSE,FALSE,"inconclusive",0.173324846944051,0.534485587759197
"mu.chi.m[31]","local_continuous",TRUE,0.840869601921816,0.0660466479756619,0.736890132575907,0.832341989764588,0.968993819298937,1.10616807473703,41.7736163493964,140.698888218627,0.0117858608717122,0.81637871639038,0.834845043792794,0.876914621004583,0.835340026499514,0.0605359046142037,NA,FALSE,FALSE,FALSE,"inconclusive",0.16197162678561,0.54554117654281
"mu.chi.m[32]","local_continuous",TRUE,0.84118165492234,0.0661290261089064,0.736631261835247,0.832949232638467,0.969429904817953,1.10219176904363,45.2478568530041,138.631165071983,0.0113876319909834,0.817763478701024,0.834686812189539,0.877052599504908,0.835223729293889,0.0592891208038847,NA,FALSE,FALSE,FALSE,"inconclusive",0.175442531040275,0.537523855777406
"mu.chi.m[33]","local_continuous",TRUE,0.840667491251492,0.0659274946892549,0.737040430226282,0.832296326942837,0.968392050808069,1.10513907209748,42.8413240023913,136.335026800459,0.0116360236985862,0.816710982379846,0.83470731764397,0.876760627863971,0.834491037118182,0.0600496454841246,NA,FALSE,FALSE,FALSE,"inconclusive",0.166111520828792,0.528620885824965
"mu.chi.m[34]","local_continuous",TRUE,0.840610629121402,0.0659705633067482,0.736352526624413,0.832445206191812,0.968847410349853,1.10518814116468,42.8714554856005,140.068412061609,0.0116292113435451,0.816721684766479,0.83447200683763,0.876794158164027,0.834454666717472,0.0600724733975488,NA,FALSE,FALSE,FALSE,"inconclusive",0.166228351636832,0.54309658931944
"mu.chi.m[35]","local_continuous",TRUE,0.840993249953487,0.0660836107997484,0.736665223661306,0.832807607631427,0.969211073783994,1.1047798607414,44.2596491072923,137.764096152917,0.0115133038339227,0.816752941065773,0.834984887229314,0.877191530794051,0.835043640724814,0.0604385897282779,NA,FALSE,FALSE,FALSE,"inconclusive",0.171610887286085,0.534161911669389
"mu.chi.m[36]","local_continuous",TRUE,0.840716166084016,0.066199245526883,0.736681835416999,0.832498470853126,0.969278396671156,1.10727947084031,40.5654425516932,138.626515392582,0.0118563738306546,0.816637532347034,0.834611185647302,0.87725743614402,0.83435851019772,0.0606199037969859,NA,FALSE,FALSE,FALSE,"inconclusive",0.15728709399781,0.537505827265573
"mu.chi.m[37]","local_continuous",TRUE,0.840729197370144,0.0660752314741339,0.736403544131878,0.832375997425746,0.969303011947611,1.10390068231346,43.8012072693441,143.760741490653,0.011531061864747,0.816518237985247,0.834932404103968,0.876748173853716,0.834717973537652,0.0602299358684684,NA,FALSE,FALSE,FALSE,"inconclusive",0.169833340193729,0.557413104299816
"mu.chi.m[38]","local_continuous",TRUE,0.840647112640176,0.0661855487568846,0.736159669919164,0.832050284076469,0.969215764631157,1.10200992519035,45.0398013066581,144.909578037792,0.0114389410691076,0.816843498180119,0.834320927543591,0.876423424776556,0.835000600060445,0.0595799265964371,NA,FALSE,FALSE,FALSE,"inconclusive",0.17463582340401,0.561867564811314
"mu.chi.m[39]","local_continuous",TRUE,0.84077075169683,0.0660498741620542,0.736220056061079,0.832518705107303,0.969056978352844,1.10404427525127,44.2862331771845,135.005223909273,0.0115470783073082,0.81694938374528,0.834322077721915,0.876810472769623,0.835001072550503,0.0598610890243432,NA,FALSE,FALSE,FALSE,"inconclusive",0.171713963472044,0.523464752446709
"mu.chi.m[40]","local_continuous",TRUE,0.841183361105356,0.0661944510122443,0.736849144670337,0.832575036224375,0.96936240931727,1.10527226403894,42.9263428345379,140.681965012076,0.0116930398283621,0.817304132287928,0.834634710413392,0.877568985491538,0.835225616228559,0.0602648532036095,NA,FALSE,FALSE,FALSE,"inconclusive",0.166441170012981,0.545475559066161
"mu.chi.m[41]","local_continuous",TRUE,0.840848517642214,0.0662040922770056,0.736645025458973,0.83253534955649,0.969169527949058,1.10360499729551,44.4998116955692,137.126473531789,0.011491526221917,0.816388948294101,0.834766880262457,0.87695171238936,0.835286529622938,0.0605627640952586,NA,FALSE,FALSE,FALSE,"inconclusive",0.172542085695887,0.53168961498443
"mu.chi.m[42]","local_continuous",TRUE,0.841201642447939,0.0660611382455528,0.737490589066171,0.832731402307021,0.969491851275816,1.10256134942115,44.1715299176496,141.677789107775,0.0114991344118262,0.817410442346108,0.834838456726635,0.876976914824295,0.835580755894713,0.0595664724781877,NA,FALSE,FALSE,FALSE,"inconclusive",0.171269216879145,0.549336734201766
"mu.chi.m[43]","local_continuous",TRUE,0.840904756612325,0.0660443997056815,0.737184169552945,0.832457711759165,0.968922931309854,1.1039018368109,43.9821385038264,137.783965167164,0.0115092555418182,0.816921850898026,0.834809492677525,0.876783028060657,0.835104654813091,0.0598611771626315,NA,FALSE,FALSE,FALSE,"inconclusive",0.170534876927832,0.534238951122553
"mu.chi.m[44]","local_continuous",TRUE,0.840745825716059,0.0661707650996101,0.73675771407979,0.832091493669662,0.969005093848894,1.1025579719991,43.9473623370183,139.921614879129,0.0115277803262968,0.816948176910245,0.83425217514379,0.87634976273205,0.835433188078153,0.0594015858218049,NA,FALSE,FALSE,FALSE,"inconclusive",0.170400036978517,0.542527402820119
"mu.chi.m[45]","local_continuous",TRUE,0.840646481898753,0.0660687886607762,0.736767513842045,0.832259825169514,0.96927540192559,1.10567637708619,42.1694024945128,137.771013092938,0.011655165730831,0.816468865633586,0.834634336455432,0.876708059536305,0.834774665969692,0.0602391939027187,NA,FALSE,FALSE,FALSE,"inconclusive",0.163506234784293,0.534188731181931
"mu.chi.m[46]","local_continuous",TRUE,0.840713153334123,0.06599972699166,0.73644138882323,0.832322407806206,0.968546700190533,1.10291339123998,44.286492158769,138.340571039761,0.0115361606260607,0.816199741183262,0.834960259706749,0.876800540005295,0.834892072441187,0.0606007988220322,NA,FALSE,FALSE,FALSE,"inconclusive",0.171714967638602,0.536397116168855
"mu.chi.m[47]","local_continuous",TRUE,0.840832390106045,0.0662600407797989,0.736721414701706,0.832406644832156,0.96936773793822,1.10384758980117,45.1105509599071,138.003680296367,0.0114821004567909,0.816550993432836,0.834722948933361,0.876773629942079,0.835281988115908,0.0602226365092435,NA,FALSE,FALSE,FALSE,"inconclusive",0.174910145749852,0.535090867236512
"mu.chi.m[48]","local_continuous",TRUE,0.841204867431588,0.0660385229764457,0.737282236128445,0.833062770245412,0.969534724044323,1.10346046348399,44.4664390806345,139.920067797775,0.0115216478472411,0.817155366439911,0.835391398699373,0.877074788410216,0.835197916176846,0.0599194219703049,NA,FALSE,FALSE,FALSE,"inconclusive",0.172412687831794,0.542521404218477
"mu.chi.m[49]","local_continuous",TRUE,0.840757305523496,0.0660695256051438,0.736490403499399,0.832338907395534,0.96885953836939,1.10589126371304,42.5589267186295,140.877803540462,0.011703382783883,0.816841427555952,0.834253946542368,0.877204582733842,0.83472926526182,0.06036315517789,NA,FALSE,FALSE,FALSE,"inconclusive",0.165016563019342,0.546234896844451
"mu.chi.m[50]","local_continuous",TRUE,0.840962787559458,0.065941003178493,0.736891860511043,0.832655630427599,0.968726974164278,1.1053758539395,43.5701080912666,139.226347583661,0.011566003880169,0.816935046923462,0.834622396777069,0.877501831530555,0.834791875006754,0.0605667846070933,NA,FALSE,FALSE,FALSE,"inconclusive",0.168937283948348,0.53983159659746
"mu.chi.m[51]","local_continuous",TRUE,0.840785027083114,0.0659287031996234,0.736509079945991,0.832616502459687,0.969204063283408,1.10437262919944,43.7241386127448,141.66669666734,0.0115318029111237,0.816725431557108,0.83445433737489,0.877025239892018,0.834935099508439,0.0602998083349102,NA,FALSE,FALSE,FALSE,"inconclusive",0.169534516755051,0.549293724743181
"mu.chi.m[52]","local_continuous",TRUE,0.840970190998667,0.0661378756190233,0.737081445840486,0.832366377610885,0.969602494884392,1.10432771479241,43.7781875278613,136.381166140149,0.0115835065587609,0.817083186319018,0.834393896853594,0.877138780777216,0.83526490004483,0.0600555944581984,NA,FALSE,FALSE,FALSE,"inconclusive",0.169744084215866,0.528799784961825
"mu.chi.m[53]","local_continuous",TRUE,0.84066758796413,0.0658928901717091,0.737027609090599,0.832102841334232,0.96907773173648,1.10216974914851,44.8220435034849,140.720683576587,0.0114355531772983,0.816795654251476,0.834596847509818,0.876351279918797,0.834926570176419,0.0595556256673208,NA,FALSE,FALSE,FALSE,"inconclusive",0.173791496560717,0.545625685136842
"mu.chi.m[54]","local_continuous",TRUE,0.840868550560574,0.0660664804971369,0.736733320183921,0.832680043298887,0.968964963493933,1.10359800519225,44.8121143679271,139.245570339262,0.0115178858846887,0.816804705482247,0.834670600968653,0.876915075692273,0.835083820099123,0.0601103702100259,NA,FALSE,FALSE,FALSE,"inconclusive",0.173752997661665,0.539906130268905
"mu.chi.m[55]","local_continuous",TRUE,0.840759175497259,0.0659791684337719,0.736636626855831,0.832520591093405,0.969129911886028,1.10249951868453,46.1334141135271,140.205811338978,0.0113230331837524,0.817149280875461,0.834585229106106,0.876427599830006,0.834874592177463,0.0592783189545455,NA,FALSE,FALSE,FALSE,"inconclusive",0.178876161226826,0.543629336694924
"mu.chi.m[56]","local_continuous",TRUE,0.840812118941478,0.0660690071060076,0.736803668283658,0.832488265756198,0.968824496907396,1.10260445641414,44.7422398389419,140.638070345826,0.0115742634914997,0.816610607935402,0.834638162270818,0.876910073351259,0.835089632208435,0.0602994654158572,NA,FALSE,FALSE,FALSE,"inconclusive",0.173482068493457,0.545305363351232
"mu.chi.m[57]","local_continuous",TRUE,0.840815767048097,0.0660535104806428,0.73717721990037,0.832663681230182,0.969350605188623,1.1026134754048,46.365586912163,140.770020885469,0.0113462305070392,0.81660602352385,0.835112954524014,0.876552288573927,0.8349918015706,0.0599462650500774,NA,FALSE,FALSE,FALSE,"inconclusive",0.179776380292753,0.545816983972785
"mu.chi.m[58]","local_continuous",TRUE,0.840839964374679,0.0658908571967372,0.736558982436939,0.832804024992856,0.968299903170012,1.10544724253263,43.2087041670916,137.204677049574,0.0116176449323044,0.81642835665154,0.834991136063721,0.876902688334542,0.83503767644891,0.0604743316830028,NA,FALSE,FALSE,FALSE,"inconclusive",0.167535988426416,0.53199283869602
"mu.chi.m[59]","local_continuous",TRUE,0.841007105427471,0.06617977267675,0.736542750860221,0.832633608647562,0.969405033692228,1.10606475862274,42.9466759230881,144.189244789246,0.0116349987457504,0.81663105116615,0.835070392655442,0.877151989732965,0.835174988155321,0.060520938566815,NA,FALSE,FALSE,FALSE,"inconclusive",0.16652000885237,0.559074568698199
"mu.chi.m[60]","local_continuous",TRUE,0.841203549351055,0.0660640692304947,0.737125532945129,0.832883441030283,0.969072520116305,1.10594246023721,42.7694986008901,136.076659346913,0.011712056781416,0.816968669130841,0.834975669400828,0.877614688234377,0.835255170638178,0.0606460191035358,NA,FALSE,FALSE,FALSE,"inconclusive",0.165833027412556,0.527619100477743
"mu.chi.m[61]","local_continuous",TRUE,0.840518652232339,0.0659874466396854,0.736639867889219,0.832207134418735,0.968958236937583,1.10521338374607,43.0677990115657,133.515556132572,0.0115704602872599,0.816402374044151,0.834222470606405,0.876530317162407,0.834919447116384,0.0601279431182564,NA,FALSE,FALSE,FALSE,"inconclusive",0.166989647475895,0.517688764293224
"mu.chi.m[62]","local_continuous",TRUE,0.84063792970341,0.0657670770659008,0.736308539597726,0.832651252995106,0.968645095528239,1.10364375837489,43.0107397041643,137.21090628514,0.0115262827847572,0.816835087022955,0.834566295921801,0.876174066590298,0.834976269278575,0.0593389795673431,NA,FALSE,FALSE,FALSE,"inconclusive",0.166768407620438,0.532016991726242
"mu.chi.m[63]","local_continuous",TRUE,0.840901617596802,0.066003493787261,0.736313473941578,0.832812094459384,0.968861890782283,1.10268182926377,45.0846542884978,139.897388685307,0.0114398229030014,0.816761472640893,0.834762376238699,0.876679141209989,0.83540348029763,0.0599176685690961,NA,FALSE,FALSE,FALSE,"inconclusive",0.174809734859844,0.542433468984198
"mu.chi.m[64]","local_continuous",TRUE,0.840893571623658,0.0659469310422421,0.736795724522684,0.832493445132038,0.968737421588617,1.10403860831126,44.8581157826643,142.990764320147,0.0114724761093192,0.816837701100947,0.834492116889181,0.877024691812987,0.835219776691514,0.0601869907120396,NA,FALSE,FALSE,FALSE,"inconclusive",0.173931362012913,0.554427620499432
"mu.chi.m[65]","local_continuous",TRUE,0.840899699857675,0.066090068352597,0.736125539563637,0.832800265542526,0.96894280854142,1.10529992553182,42.111394053494,137.74842312731,0.0116538588825562,0.816795147531031,0.834858353468694,0.876867363158661,0.835077935272314,0.06007221562763,NA,FALSE,FALSE,FALSE,"inconclusive",0.163281314789804,0.534101141602632
"mu.chi.m[66]","local_continuous",TRUE,0.840761577950963,0.0659548643049872,0.736613630052956,0.832918387445809,0.969086719631256,1.1046949066703,43.9109984586428,142.915119714488,0.0115477845039889,0.817135364223476,0.834309257001692,0.877214786722991,0.834386903855689,0.0600794224995148,NA,FALSE,FALSE,FALSE,"inconclusive",0.170259040889324,0.554134318628374
"mu.chi.m[67]","local_continuous",TRUE,0.8408600830404,0.0659452781111587,0.73684631130075,0.832444497865368,0.969051834873671,1.10463499933452,43.3328349468586,134.074693579379,0.0115896345759997,0.816665521116641,0.834890593681369,0.876721847226484,0.8351623701371,0.0600563261098431,NA,FALSE,FALSE,FALSE,"inconclusive",0.168017288971833,0.519856745180932
"mu.chi.m[68]","local_continuous",TRUE,0.84081973638126,0.0658926222440507,0.737110105078858,0.832272009343216,0.968756519985437,1.10465645459543,43.3875850772179,136.585642538973,0.011603695202285,0.816370858314158,0.834814761199259,0.877009278928786,0.835084047082848,0.0606384206146274,NA,FALSE,FALSE,FALSE,"inconclusive",0.168229575301244,0.52959261493086
"mu.chi.m[69]","local_continuous",TRUE,0.840558974145797,0.0661410328197741,0.736360136044656,0.832184472135456,0.96892491832563,1.10405627474395,43.8121466756894,142.079920411434,0.0115844765893826,0.81622828400179,0.834620834854628,0.876933884221594,0.834452893505174,0.0607056002198039,NA,FALSE,FALSE,FALSE,"inconclusive",0.169875756283038,0.550895944706555
"mu.chi.m[70]","local_continuous",TRUE,0.840722948598404,0.0660418780079752,0.736617582788034,0.832300528534771,0.968682166917094,1.10252337401857,46.2944552600189,141.525222686661,0.0114011246732202,0.816492243567932,0.834775313317254,0.87672051517825,0.834903722330176,0.0602282716103186,NA,FALSE,FALSE,FALSE,"inconclusive",0.179500576797136,0.548745178248984
"mu.chi.m[71]","local_continuous",TRUE,0.840804758043422,0.066046268199393,0.7367902202351,0.832490920428467,0.969262154175563,1.1047457748728,43.016669322364,136.347077820997,0.0116157644084057,0.81662177098175,0.835310881723348,0.876968084049676,0.834318295418909,0.0603463130679253,NA,FALSE,FALSE,FALSE,"inconclusive",0.166791398924279,0.528667612050068
"mu.chi.m[72]","local_continuous",TRUE,0.840879466396479,0.0661100448238423,0.73692035368066,0.832601104516145,0.968939761629837,1.10464847549487,43.8060978311137,140.182800156251,0.0116002064376677,0.816589630259077,0.834831970242352,0.876782821423767,0.83531344366072,0.0601931911646896,NA,FALSE,FALSE,FALSE,"inconclusive",0.169852302694823,0.543540113902495
"mu.chi.m[73]","local_continuous",TRUE,0.840745943739703,0.0659807656886249,0.737025400917205,0.831985979770883,0.969070468804308,1.10319122165529,43.9640874534231,138.897631172331,0.0115966433519969,0.816604992165723,0.835023055111637,0.876704387803385,0.834651339878067,0.060099395637662,NA,FALSE,FALSE,FALSE,"inconclusive",0.170464886387043,0.538557042547627
"mu.chi.m[74]","local_continuous",TRUE,0.840975444480318,0.0661840874882174,0.736602411349139,0.832546190487232,0.969233802008663,1.10465990035673,42.1661113652562,147.774733113706,0.0116970622741244,0.816605007207687,0.83512856213887,0.87719620204582,0.834972006528896,0.0605911948381331,NA,FALSE,FALSE,FALSE,"inconclusive",0.163493473869481,0.572976821543062
"mu.chi.m[75]","local_continuous",TRUE,0.840854523192726,0.066049374839287,0.73579307906897,0.832494554470034,0.969059571896742,1.1028051452693,44.5021054276763,142.945902611582,0.011455695907064,0.817114584742062,0.834743921726246,0.87673414702305,0.834825439279556,0.0596195622809879,NA,FALSE,FALSE,FALSE,"inconclusive",0.172550979336258,0.554253675206883
"mu.chi.m[76]","local_continuous",TRUE,0.840618186143802,0.0660434537636363,0.736319289348029,0.832336089903738,0.96903779909451,1.10605045802027,41.5180519215377,142.300490721289,0.0118341197231428,0.81617177557062,0.83479165384856,0.877217314150852,0.834292001005174,0.0610455385802322,NA,FALSE,FALSE,FALSE,"inconclusive",0.160980709796701,0.551751176669456
"mu.chi.m[77]","local_continuous",TRUE,0.840777337464955,0.0658509623494644,0.73666358131413,0.832848446047167,0.969038788378935,1.10451695157349,44.7840921932014,138.716398937548,0.0114544509488649,0.816293570093724,0.834928868174451,0.876776039061655,0.835110872529987,0.0604824689679312,NA,FALSE,FALSE,FALSE,"inconclusive",0.173644345415989,0.537854338724997
"mu.chi.m[78]","local_continuous",TRUE,0.840809441766259,0.0660716718958655,0.736558229944254,0.832773430283793,0.968483509191055,1.10554202868394,41.6250089023563,138.039895899436,0.0116969808918613,0.816779881454179,0.835094600868864,0.876702702502411,0.834660582239575,0.0599228210482324,NA,FALSE,FALSE,FALSE,"inconclusive",0.161395421226862,0.535231288407977
"mu.chi.m[79]","local_continuous",TRUE,0.840790950065308,0.0660304524023452,0.736894218646431,0.832581221929456,0.969119512726653,1.10430723803494,43.7800451062887,137.41674612477,0.0115828729730562,0.816798504200875,0.834618308257009,0.876909286349226,0.834837701454131,0.0601107821483507,NA,FALSE,FALSE,FALSE,"inconclusive",0.169751286728506,0.532815108255187
"mu.chi.m[80]","local_continuous",TRUE,0.840764836693828,0.0661400612330179,0.736362368022746,0.832530126149935,0.968611117256428,1.10345167381009,43.3949275923844,139.926303863764,0.0116162057197868,0.816723756578882,0.834632414617184,0.876795220577034,0.834907955002218,0.0600714639981518,NA,FALSE,FALSE,FALSE,"inconclusive",0.168258044924661,0.542545583732757
"mu.chi.m[81]","local_continuous",TRUE,0.840902931232956,0.0661143104132376,0.736768390150005,0.832431046126557,0.968652660135469,1.10439692337102,43.887251125129,141.987666344343,0.0115444549818866,0.816522594265798,0.834805320477332,0.876893316742926,0.83539049344577,0.0603707224771282,NA,FALSE,FALSE,FALSE,"inconclusive",0.170166963770386,0.550538241863708
"mu.chi.m[82]","local_continuous",TRUE,0.840633647944078,0.0660357612917419,0.736502773345001,0.832270714599466,0.96916169908197,1.10415741569477,43.719145376623,139.631583924969,0.0115694112136731,0.816254692100859,0.835113762556149,0.876941975221773,0.834224161897533,0.0606872831209142,NA,FALSE,FALSE,FALSE,"inconclusive",0.169515156147848,0.541402846471668
"mu.chi.m[83]","local_continuous",TRUE,0.840797640200602,0.0660987467109955,0.736789548611873,0.83238505422445,0.969298268898184,1.1029365583387,44.0090559023429,142.336266044126,0.0115390872988472,0.816875348373923,0.834827903327586,0.876688362596038,0.834798946504864,0.0598130142221147,NA,FALSE,FALSE,FALSE,"inconclusive",0.170639245551082,0.551889890713034
"mu.chi.m[84]","local_continuous",TRUE,0.840812462115835,0.0661309716094861,0.736548418209107,0.83218340651489,0.968967765933056,1.10448746524689,43.1232576756288,140.603877051761,0.0116430227588596,0.816625354343244,0.834853726391247,0.876646721278367,0.835124046450477,0.0600213669351232,NA,FALSE,FALSE,FALSE,"inconclusive",0.167204681050258,0.545172783413249
"mu.chi.m[85]","local_continuous",TRUE,0.840652405265761,0.0659068748768843,0.736112313189122,0.832432107965105,0.968650824384013,1.10477884806014,43.4159449447431,141.362982718426,0.0115463850983301,0.816667702153958,0.834662792415069,0.876598886613132,0.834680239880884,0.059931184459174,NA,FALSE,FALSE,FALSE,"inconclusive",0.168339536905718,0.548116114407231
"mu.chi.m[86]","local_continuous",TRUE,0.841004698469657,0.0658811673400879,0.737035381005187,0.832857121911405,0.96888933978457,1.10345439936819,44.3894559388656,138.628333396901,0.0114791398572496,0.817027857041354,0.834824922031256,0.876956114646318,0.835209900159703,0.0599282576049646,NA,FALSE,FALSE,FALSE,"inconclusive",0.172114195965467,0.537512876334884
"mu.chi.m[87]","local_continuous",TRUE,0.840832242869274,0.0661335606496509,0.736369715449755,0.832467404660932,0.969149075363304,1.10459912472866,43.0975081688167,145.914230996557,0.0116359453912057,0.816544077952559,0.834767023343352,0.8771819640009,0.834835906180291,0.0606378860483409,NA,FALSE,FALSE,FALSE,"inconclusive",0.167104840771351,0.56576297268611
"mu.chi.m[88]","local_continuous",TRUE,0.841088774821591,0.0659763178372526,0.736809051886442,0.832834197110603,0.968714787565974,1.10250813250857,43.964116547368,142.514220049443,0.0115112987559991,0.817360576563818,0.835261005070305,0.876946122635686,0.834787395016553,0.0595855460718687,NA,FALSE,FALSE,FALSE,"inconclusive",0.170464999194935,0.552579883638067
"mu.chi.m[89]","local_continuous",TRUE,0.84078195553805,0.0660704787418956,0.736749968434954,0.83258878037531,0.968908117209332,1.10176530489019,44.9829268805918,140.89664846796,0.0114693566052862,0.816993467933052,0.834429339589534,0.876552726389075,0.835152288240547,0.0595592584560225,NA,FALSE,FALSE,FALSE,"inconclusive",0.174415300401276,0.54630796553781
"mu.chi.m[90]","local_continuous",TRUE,0.840653657461816,0.0660794623421339,0.736924502557795,0.832324098120749,0.968431623988135,1.10272701447606,45.1351027246714,139.730453869356,0.0114955785799864,0.816586829570084,0.834363484622398,0.87649943335663,0.83516488229815,0.0599126037865457,NA,FALSE,FALSE,FALSE,"inconclusive",0.175005341943691,0.541786201496494
"mu.chi.m[91]","local_continuous",TRUE,0.840941911617331,0.0661810255956802,0.736389067312032,0.832649246527696,0.968977979988657,1.10478006213975,43.8977722159502,139.545540158201,0.0115955044309592,0.816977649096619,0.834475309087977,0.877155184907371,0.835159503377351,0.0601775358107518,NA,FALSE,FALSE,FALSE,"inconclusive",0.170207757897033,0.541069223240163
"mu.chi.m[92]","local_continuous",TRUE,0.840866193661205,0.0661190809377733,0.736349533471994,0.832804220383583,0.969503559786593,1.10290249015515,44.6727276047776,141.851765183942,0.0114603252959333,0.816940988585452,0.834975062415476,0.876660025093374,0.834888698550516,0.059719036507922,NA,FALSE,FALSE,FALSE,"inconclusive",0.173212544075103,0.550011303236989
"mu.chi.m[93]","local_continuous",TRUE,0.840816331065428,0.066039235712402,0.736680832805326,0.832462416521275,0.96950359197004,1.10210625631753,44.0865130206509,140.237197258601,0.011535163826353,0.816773924621384,0.834875861299085,0.876539139389089,0.835076398952153,0.0597652147677046,NA,FALSE,FALSE,FALSE,"inconclusive",0.170939575198234,0.543751031412878
"mu.chi.m[94]","local_continuous",TRUE,0.840687500452914,0.066154604371253,0.736821271985828,0.832371821909089,0.968739813825311,1.10499207541132,43.1470007892282,134.939453619377,0.0115948636475309,0.816413218962678,0.834576976349628,0.876674980088524,0.835084826410822,0.0602617611258464,NA,FALSE,FALSE,FALSE,"inconclusive",0.16729674180704,0.523209736918256
"mu.chi.m[95]","local_continuous",TRUE,0.840598873563277,0.065859689613081,0.736392750771283,0.832194139771133,0.968909533900963,1.10396738084396,43.6517636045634,141.530343872338,0.011500718220751,0.816643095909061,0.834617650494265,0.876432017317084,0.834702730532697,0.0597889214080223,NA,FALSE,FALSE,FALSE,"inconclusive",0.169253892312203,0.548765034963526
"mu.chi.m[96]","local_continuous",TRUE,0.840916285552123,0.065976781667185,0.736728766838022,0.832694459976935,0.9689686232387,1.10252377117149,43.7099042206169,138.557326580374,0.0115647941036785,0.817039512978098,0.834765866121242,0.876773159495032,0.835086603614125,0.0597336465169346,NA,FALSE,FALSE,FALSE,"inconclusive",0.169479324797764,0.537237556872724
"mu.chi.m[97]","local_continuous",TRUE,0.840720132389312,0.0661667875285596,0.736281993673207,0.832116505789898,0.968705745785674,1.10319589483251,43.5643141088602,141.240137871921,0.0116250164763409,0.816591038627312,0.834429660739017,0.876878655340311,0.834981174850611,0.0602876167129995,NA,FALSE,FALSE,FALSE,"inconclusive",0.168914818554208,0.547639799896555
"mu.chi.m[98]","local_continuous",TRUE,0.84091018543878,0.0661839325447292,0.736487998344853,0.832574784088599,0.969164378963006,1.10249563104759,43.6906334722048,144.42076737469,0.0116140737205689,0.816756286190144,0.834741308695127,0.876758762294651,0.835384384575211,0.0600024761045069,NA,FALSE,FALSE,FALSE,"inconclusive",0.169404605040595,0.55997226664918
"mu.chi.m[99]","local_continuous",TRUE,0.840899011687003,0.0661146082299387,0.736892564428486,0.832438245508913,0.968503200440437,1.10273303122645,45.3471476421203,144.96387485626,0.0114680311476293,0.817155403970019,0.834590479149908,0.876670267177964,0.835179896450117,0.0595148632079452,NA,FALSE,FALSE,FALSE,"inconclusive",0.175827517834414,0.562078093484319
"mu.chi.m[100]","local_continuous",TRUE,0.84067391158339,0.0659722883117824,0.736528385183247,0.832616164906204,0.968866704879201,1.10300532801316,44.3490335675208,142.4972600798,0.0114504047598498,0.816929767602576,0.834346659279605,0.876525639366027,0.834893580085343,0.0595958717634512,NA,FALSE,FALSE,FALSE,"inconclusive",0.171957463610995,0.552514123617426
"mu.chi.m[101]","local_continuous",TRUE,0.84092061895422,0.0661474501344996,0.736175148675354,0.832711849350543,0.969109924291917,1.10350412991478,44.1516818838624,140.525166907966,0.0115427886518687,0.81701450795837,0.834562312675301,0.876719502245466,0.835386152937751,0.0597049942870959,NA,FALSE,FALSE,FALSE,"inconclusive",0.171192258774916,0.544867595326866
"mu.chi.m[102]","local_continuous",TRUE,0.840821966941494,0.0660276912343022,0.737071577616227,0.832469242681252,0.969478778712217,1.10525986159544,41.8679577943144,145.616506441186,0.0117269840929896,0.816843456053853,0.834501882749276,0.877219420176798,0.834723108786043,0.0603759641229454,NA,FALSE,FALSE,FALSE,"inconclusive",0.162337423157628,0.564608585424925
"mu.chi.m[103]","local_continuous",TRUE,0.841141431389787,0.0661673817721532,0.736712355090228,0.833075631272965,0.96954351988076,1.10319996522817,45.2589726180884,140.564008114084,0.0114881308187988,0.817390635374599,0.835149493873678,0.8770890012164,0.83493659509448,0.0596983658418017,NA,FALSE,FALSE,FALSE,"inconclusive",0.175485630937076,0.545018196924023
"mu.chi.m[104]","local_continuous",TRUE,0.840777562119332,0.0658922117645371,0.736658227330793,0.832472222248359,0.968969731962508,1.10353307970121,44.5924198198103,139.01514925956,0.0114631169472384,0.816863866083227,0.834300928674255,0.876682662547539,0.835262791172302,0.0598187964643124,NA,FALSE,FALSE,FALSE,"inconclusive",0.172901161348123,0.539012703259546
"mu.chi.m[105]","local_continuous",TRUE,0.840678173710525,0.0659808629300312,0.736367484024352,0.83246413999689,0.968484607962935,1.10292878420968,44.8123466254458,137.662690533974,0.0113963245859412,0.816839695121955,0.834644412052352,0.876251824586435,0.83497676308135,0.0594121294644799,NA,FALSE,FALSE,FALSE,"inconclusive",0.173753898209222,0.533768724904612
"mu.chi.m[106]","local_continuous",TRUE,0.840816060081946,0.0663017713663196,0.736290664530449,0.832329999855357,0.968974682606184,1.10465936853697,44.0813774190615,139.898760631589,0.01163685039103,0.81680709114326,0.834317590284667,0.877047609387413,0.835091949512451,0.0602405182441527,NA,FALSE,FALSE,FALSE,"inconclusive",0.170919662587915,0.542438788522953
"mu.chi.m[107]","local_continuous",TRUE,0.840886229891956,0.0661869833266306,0.736364358835368,0.832771238626309,0.969411820308665,1.10403708428127,43.8635259421188,140.66872029707,0.0115810056347519,0.816665687422615,0.834735860645066,0.877221172220687,0.834922199279449,0.0605554847980714,NA,FALSE,FALSE,FALSE,"inconclusive",0.170074972537073,0.545424204449939
"mu.chi.m[108]","local_continuous",TRUE,0.840733927452571,0.0660525260049104,0.736510351848616,0.832261927403743,0.968928132484753,1.10526412925741,43.8021177243677,140.860172758174,0.0115218202082784,0.81673533825548,0.834854043016315,0.876901495281933,0.834444833256548,0.0601661570264529,NA,FALSE,FALSE,FALSE,"inconclusive",0.169836870361672,0.546166535837236
"mu.chi.m[109]","local_continuous",TRUE,0.841130339551382,0.066165348145171,0.736883723727475,0.832829995264216,0.969742919373687,1.10367708694257,44.9191810443602,136.782060068995,0.011473433467993,0.817165453854202,0.835194915287202,0.877074496023133,0.835086493040993,0.0599090421689308,NA,FALSE,FALSE,FALSE,"inconclusive",0.174168134421944,0.530354197710785
"mu.chi.m[110]","local_continuous",TRUE,0.840629234494387,0.0660629657335059,0.736657240299927,0.832049734206479,0.969156485320216,1.10495296419165,42.3597724816236,136.410174568865,0.0116975519924419,0.816527773186975,0.834237605201467,0.876802060932995,0.834949498656111,0.0602742877460204,NA,FALSE,FALSE,FALSE,"inconclusive",0.164244369023034,0.52891226127583
"mu.chi.m[111]","local_continuous",TRUE,0.840927494218174,0.0661803155497065,0.736561913704966,0.832572501218008,0.969118655523661,1.10281634426161,45.3496492131119,142.923907620418,0.0114226807904752,0.817079544675224,0.834775639628577,0.876618628141063,0.835236164427827,0.0595390834658391,NA,FALSE,FALSE,FALSE,"inconclusive",0.175837217342344,0.55416839256173
"mu.chi.m[112]","local_continuous",TRUE,0.840607495763617,0.0660498644758106,0.736376286997963,0.832113938910825,0.968889042972253,1.10380267802569,43.9122846937443,137.013579696427,0.0114950146695871,0.816382775033043,0.83467409538692,0.876619527443462,0.834753585191046,0.0602367524104195,NA,FALSE,FALSE,FALSE,"inconclusive",0.170264028094407,0.531251884192468
"mu.chi.m[113]","local_continuous",TRUE,0.840835223320911,0.0660424461049137,0.736476879765372,0.832452735284915,0.96882169077691,1.1051727112368,42.5545382182431,139.275844208747,0.0116026646195347,0.816741756469799,0.834682679327124,0.877077897695773,0.834838559790953,0.0603361412259741,NA,FALSE,FALSE,FALSE,"inconclusive",0.164999547194311,0.540023513160741
"mu.chi.m[114]","local_continuous",TRUE,0.840920460995988,0.0660827117358216,0.736674748312975,0.832654821227424,0.969159095362997,1.10459103606918,43.2218411053561,137.814487713611,0.011657223855557,0.816848133349729,0.834509560934873,0.87697782767836,0.835346322020988,0.0601296943286315,NA,FALSE,FALSE,FALSE,"inconclusive",0.167586925152695,0.534357298226149
"mu.chi.m[115]","local_continuous",TRUE,0.840931417119107,0.0661091513320002,0.73658385086999,0.832743354915705,0.968635360770738,1.1032916585196,43.2238146277207,132.659923607359,0.0116226481996278,0.817148503120539,0.8348792716586,0.876692059826889,0.835005833870399,0.0595435567063506,NA,FALSE,FALSE,FALSE,"inconclusive",0.16759457722249,0.5143711632773
"mu.chi.m[116]","local_continuous",TRUE,0.840999429757962,0.0661529107208154,0.73673748883348,0.832733886973728,0.968686681583226,1.10309407534629,45.0100639259842,137.683521452843,0.0114437849600028,0.817049441102711,0.834700088075313,0.877198160262505,0.83505002959132,0.060148719159794,NA,FALSE,FALSE,FALSE,"inconclusive",0.174520520675997,0.533849494014676
"mu.chi.m[117]","local_continuous",TRUE,0.840985251826423,0.0663080434958547,0.736518014090887,0.83247142604319,0.969473891626144,1.10276132458523,43.9842045471643,136.900493586304,0.0116021766888245,0.817193103472328,0.834522361185968,0.877133873784537,0.835091668862864,0.0599407703122087,NA,FALSE,FALSE,FALSE,"inconclusive",0.170542887735363,0.530813407880763
"mu.chi.m[118]","local_continuous",TRUE,0.840682931490804,0.0660425650111789,0.736340541570758,0.832346075781791,0.96875888363253,1.1026374778764,46.1332669535447,136.285012899859,0.0113274423444888,0.816923576520241,0.83452506049661,0.876301245346935,0.834981843599426,0.0593776688266939,NA,FALSE,FALSE,FALSE,"inconclusive",0.178875590633619,0.528426963594859
"mu.chi.m[119]","local_continuous",TRUE,0.841040595105413,0.0660587396285743,0.736755296193231,0.832910630248066,0.969665413102555,1.10156007724227,44.7179503188804,140.992121292039,0.0114428907355909,0.817541031947187,0.834543040633594,0.877074868811609,0.835003439029268,0.059533836864422,NA,FALSE,FALSE,FALSE,"inconclusive",0.173387889118482,0.546678148681654
"mu.chi.m[120]","local_continuous",TRUE,0.840729252860015,0.065980637864712,0.736648317225137,0.832565185816744,0.968581286322729,1.10432180025793,44.43453067837,138.355322059247,0.0115250148003285,0.816752276038165,0.834334212746268,0.876780570962574,0.83504995169307,0.0600282949244089,NA,FALSE,FALSE,FALSE,"inconclusive",0.172288967257073,0.536454311279831
"mu.chi.m[121]","local_continuous",TRUE,0.840841024749971,0.066094377695803,0.736587393552968,0.832221873050805,0.969248681240159,1.10405484820098,44.2624867282394,138.878720052926,0.0115504373635724,0.816884734296927,0.83429534226927,0.87708062580054,0.835103396633134,0.0601958915036124,NA,FALSE,FALSE,FALSE,"inconclusive",0.171621889782904,0.538483717203975
"mu.chi.m[122]","local_continuous",TRUE,0.840764936670017,0.0661183076703993,0.736504540019084,0.83261314326902,0.96863739085089,1.10588180850519,41.8499298219974,134.694358601723,0.0117381347110754,0.816357786164801,0.834655325419903,0.877086074844202,0.834960560251158,0.0607282886794006,NA,FALSE,FALSE,FALSE,"inconclusive",0.162267522099041,0.522259413671298
"mu.chi.m[123]","local_continuous",TRUE,0.84070500795661,0.0660911084908773,0.736471588526496,0.832430364005135,0.968928987727733,1.10380814516849,42.9059688346213,145.900549535072,0.011632028195215,0.816316405497109,0.834736951245348,0.876635628968732,0.835131046115254,0.0603192234716232,NA,FALSE,FALSE,FALSE,"inconclusive",0.166362172545225,0.565709924643657
"mu.chi.m[124]","local_continuous",TRUE,0.840971422471881,0.0660808096885,0.736704726565431,0.832842104943396,0.969306307101948,1.10423836908194,43.1210079861758,148.549257544085,0.0116365954421956,0.816792067427353,0.834888276047202,0.87725813370883,0.834947212704145,0.0604660662814771,NA,FALSE,FALSE,FALSE,"inconclusive",0.167195958179405,0.575979936737216
"mu.chi.m[125]","local_continuous",TRUE,0.840595471393448,0.0659925215170582,0.736721445509397,0.832229590018004,0.968811686407769,1.10300320509032,45.2630808800101,138.725798580586,0.0114733739866649,0.816595993564126,0.834485245463477,0.87685262710152,0.834448019444677,0.0602566335373942,NA,FALSE,FALSE,FALSE,"inconclusive",0.175501560174831,0.537890784587414
"mu.chi.m[126]","local_continuous",TRUE,0.840630581789955,0.0661354672177826,0.736639913961901,0.832192417434244,0.969260698266831,1.10423453009064,42.7781505813027,137.421442102936,0.0116527056904839,0.816590080080373,0.83452582161837,0.876729270551561,0.834677154909507,0.0601391904711888,NA,FALSE,FALSE,FALSE,"inconclusive",0.165866574312844,0.532833316284305
"mu.chi.m[127]","local_continuous",TRUE,0.840679062558551,0.0660378319674343,0.736534279032514,0.832662360284473,0.968999087105798,1.1047035193469,43.7529913930033,136.356248326031,0.0115033150672789,0.816258547648373,0.834614536620081,0.876414304360567,0.835428861605185,0.0601557567121941,NA,FALSE,FALSE,FALSE,"inconclusive",0.169646389562917,0.528703169460431
"mu.chi.m[128]","local_continuous",TRUE,0.840660285459839,0.0658693746767103,0.737046103581514,0.832294944270448,0.968889504738451,1.10471795663883,42.9680672502304,140.142282084405,0.0115908970959602,0.81618255698161,0.834752835332807,0.876706031047473,0.834999718477464,0.0605234740658633,NA,FALSE,FALSE,FALSE,"inconclusive",0.166602950870781,0.543383010482092
"mu.chi.m[129]","local_continuous",TRUE,0.840940583992195,0.0660398319327891,0.737041286219538,0.832707101578553,0.968853264958511,1.10366991971776,44.2101642157577,138.489179999655,0.0115191653054761,0.817191214534386,0.834868448590408,0.87664765060261,0.835055022241374,0.059456436068224,NA,FALSE,FALSE,FALSE,"inconclusive",0.171419016218085,0.536973327593493
"mu.chi.m[130]","local_continuous",TRUE,0.840768346955932,0.0659978144185876,0.736754522951859,0.83260460102116,0.969278094002981,1.10402692930993,43.6580765199859,136.201127735768,0.0115093677051494,0.81650160498276,0.834694498874716,0.876495770450765,0.835381513515492,0.0599941654680045,NA,FALSE,FALSE,FALSE,"inconclusive",0.169278369799912,0.528101710057379
"mu.chi.m[131]","local_continuous",TRUE,0.840681247318745,0.0662457256534423,0.736591412947477,0.832104909749423,0.969075237069224,1.10442048775696,43.1815133544673,137.731876547528,0.0116713194718898,0.816479810842696,0.834420917965686,0.87717599790642,0.834648262560182,0.0606961870637237,NA,FALSE,FALSE,FALSE,"inconclusive",0.167430559676423,0.534036984446054
"mu.chi.m[132]","local_continuous",TRUE,0.840718427160749,0.0662934048803437,0.73614675313184,0.832427933936966,0.969561102259765,1.10513163214794,44.1093941681758,139.459988997659,0.0115942515703834,0.816757943377129,0.834586920990518,0.877178563149814,0.83435028112553,0.0604206197726852,NA,FALSE,FALSE,FALSE,"inconclusive",0.171028293796507,0.540737510023608
"mu.chi.m[133]","local_continuous",TRUE,0.840539694209851,0.0661037973383703,0.736431602200649,0.832339281609737,0.968469107900028,1.10332226917437,43.82730881901,141.175507145063,0.0115991883956055,0.816339982184474,0.83449439348713,0.876595052356247,0.834729348811542,0.0602550701717729,NA,FALSE,FALSE,FALSE,"inconclusive",0.169934545471856,0.54738920287182
"mu.chi.m[134]","local_continuous",TRUE,0.840997303902825,0.066076169195585,0.736995955541994,0.832445658880161,0.96923879350009,1.10529694114072,41.9823158831872,138.068450666897,0.0117066160791687,0.816827698110897,0.835001386297926,0.877008097558644,0.835152033643829,0.0601803994477467,NA,FALSE,FALSE,FALSE,"inconclusive",0.162780831397314,0.535342005710962
"mu.chi.m[135]","local_continuous",TRUE,0.840525316882108,0.0659822331399086,0.736436615982874,0.832299487809464,0.968514847015927,1.10293872201452,44.8559297059795,145.175124538741,0.0114063871838593,0.816480222740291,0.834350650692245,0.876495957678578,0.834774436417316,0.0600157349382868,NA,FALSE,FALSE,FALSE,"inconclusive",0.173922885792086,0.5628971859575
"mu.chi.m[136]","local_continuous",TRUE,0.84067548650963,0.0660871672465049,0.736545247891862,0.832160789539286,0.968536471784474,1.10609933646214,43.2167482090195,136.733592821597,0.0116176230001429,0.816470575463083,0.834585756257532,0.876900695204628,0.834744919113273,0.0604301197415449,NA,FALSE,FALSE,FALSE,"inconclusive",0.167567178126299,0.530166272422218
"mu.chi.m[137]","local_continuous",TRUE,0.840661479598152,0.0660816379198284,0.736525724821022,0.832349464269009,0.968463657218298,1.10404077766914,43.4977702263802,132.740765068062,0.0115936423979884,0.816625627862937,0.834470686427286,0.876523113894163,0.835026490208222,0.059897486031226,NA,FALSE,FALSE,FALSE,"inconclusive",0.168656803523674,0.514684615260782
"mu.chi.m[138]","local_continuous",TRUE,0.8405096969301,0.0660708948073649,0.736385602467036,0.832161513985396,0.968299193954364,1.10303354383936,45.1130492603128,134.728529008819,0.0114659242407694,0.816565963865343,0.834506580647774,0.876265846043186,0.834700397164098,0.0596998821778426,NA,FALSE,FALSE,FALSE,"inconclusive",0.174919832576521,0.522391904868109
"mu.chi.m[139]","local_continuous",TRUE,0.84072299119725,0.0661694865830383,0.736669511787457,0.832225281058672,0.969610117574716,1.1052823161939,43.5799231019703,137.107604611843,0.01167370421924,0.816326267373186,0.834672545210895,0.876907686120808,0.834985466084111,0.0605814187476219,NA,FALSE,FALSE,FALSE,"inconclusive",0.168975340343497,0.531616453263554
"mu.chi.m[140]","local_continuous",TRUE,0.841017942787954,0.0659022361479449,0.736572250351996,0.833102911455171,0.968506865603007,1.10378559990742,43.4033577075213,142.188508866689,0.0115731906476124,0.817059584577555,0.834829273424675,0.877154370890769,0.835028542258815,0.0600947863132144,NA,FALSE,FALSE,FALSE,"inconclusive",0.168290731571928,0.551316981961283
"mu.chi.m[141]","local_continuous",TRUE,0.840854275313546,0.0660624413101623,0.736225492726817,0.832907611276895,0.968503866095522,1.10307210861101,43.4506278875902,141.134499161492,0.0115310158596363,0.816965642493641,0.834916751854009,0.876621872425959,0.834912834480577,0.0596562299323183,NA,FALSE,FALSE,FALSE,"inconclusive",0.168474015391557,0.547230199884034
"mu.chi.m[142]","local_continuous",TRUE,0.840816824436257,0.0660040677706609,0.736926049255515,0.832994847686835,0.968979998514389,1.10267700507469,44.9581229702316,138.144854990772,0.011428086134959,0.817075963298351,0.834553601771203,0.876725817601636,0.834911915073839,0.0596498543032852,NA,FALSE,FALSE,FALSE,"inconclusive",0.174319126546513,0.535638253288093
"mu.chi.m[143]","local_continuous",TRUE,0.840844910869941,0.0662520789898426,0.736282540493072,0.8326191136365,0.969110092736892,1.10465355295684,43.4459118978192,137.318385025945,0.0116706760059759,0.816502657799645,0.834651011258853,0.877120789538525,0.83510518488274,0.0606181317388801,NA,FALSE,FALSE,FALSE,"inconclusive",0.168455729770108,0.532433726211174
"mu.chi.s[1]","local_continuous",TRUE,0.86797845907312,0.0689295271180858,0.741461357705347,0.875325574535663,0.973804428025605,1.15083251834513,29.6466575477309,70.1937331432788,0.0123612489768794,0.845508533709528,0.883160390980464,0.845448814029408,0.897796097573073,0.0523472835436649,NA,FALSE,FALSE,FALSE,"inconclusive",0.114950961190394,0.272166839765027
"mu.chi.s[2]","local_continuous",TRUE,0.868313590323535,0.0689108795146375,0.741481578944326,0.876032454837457,0.973698810411554,1.15162868593839,29.4266413253974,71.0239200756462,0.0123782019185046,0.845706210688967,0.883427142423779,0.84599782599558,0.898123182185809,0.0524169714968415,NA,FALSE,FALSE,FALSE,"inconclusive",0.114097877627972,0.275385778887918
"mu.chi.s[3]","local_continuous",TRUE,0.868207358918788,0.0688479242722864,0.742206239968767,0.876026005568593,0.973859471489659,1.1552645850599,27.9457933752639,71.7492309098359,0.0127506151783053,0.845509401758283,0.883178857788115,0.845750213667151,0.8983909624616,0.0528815607033173,NA,FALSE,FALSE,FALSE,"inconclusive",0.108356087175857,0.278198074925597
"mu.chi.s[4]","local_continuous",TRUE,0.868340564455802,0.0688014974189804,0.742106306251019,0.876078790463813,0.974025997203031,1.15433680225966,28.5837589957361,71.6789496699611,0.0126314574422696,0.845769962160368,0.883184127820375,0.845615828179659,0.898792339662811,0.0531765114831518,NA,FALSE,FALSE,FALSE,"inconclusive",0.110829713795035,0.277925568790149
"mu.chi.s[5]","local_continuous",TRUE,0.868324883824552,0.0687790006986116,0.741403622473903,0.875637124458482,0.973875156989029,1.15190207382053,29.414333402366,70.4888219585642,0.0124231994439878,0.845430274729712,0.883259762365484,0.846423255492812,0.8981862427102,0.0527559679804881,NA,FALSE,FALSE,FALSE,"inconclusive",0.114050155297708,0.273311007295514
"mu.chi.s[6]","local_continuous",TRUE,0.868669142382021,0.0687465313186867,0.741933446204484,0.876237464746841,0.973841214060027,1.15252429163405,29.3280496958245,70.9103582066913,0.012381977553425,0.845739234521673,0.883539469445031,0.84658019792244,0.898817667638935,0.0530784331172615,NA,FALSE,FALSE,FALSE,"inconclusive",0.113715601731727,0.274945457884785
"mu.chi.s[7]","local_continuous",TRUE,0.868130670761306,0.0688783533033153,0.741337617201176,0.875489874300182,0.973806597916559,1.15359816354492,28.6092452453246,73.0294831220582,0.0125568876480748,0.845257816926535,0.883252734295875,0.845908838169378,0.898103293653447,0.0528454767269115,NA,FALSE,FALSE,FALSE,"inconclusive",0.110928533329163,0.28316208215387
"mu.chi.s[8]","local_continuous",TRUE,0.868343314534497,0.0688074109908744,0.742191380863454,0.875660297527592,0.973840875067952,1.15212457858091,29.2289753728892,70.5768701384198,0.0124032725248417,0.845449306900205,0.882833686719796,0.846494630124393,0.898595634393602,0.0531463274933965,NA,FALSE,FALSE,FALSE,"inconclusive",0.113331454256337,0.273652402371474
"mu.chi.s[9]","local_continuous",TRUE,0.868141702493013,0.0687282265520348,0.741951483098347,0.875653161925442,0.974001670136784,1.15277711640251,28.9583878499917,71.4969243140388,0.0124949187295007,0.845742988896357,0.882918888671079,0.845892859267083,0.898012073137548,0.0522690842411907,NA,FALSE,FALSE,FALSE,"inconclusive",0.11228228721978,0.277219789746067
"mu.chi.s[10]","local_continuous",TRUE,0.868197693223435,0.0687246080371932,0.74209868188726,0.875594180442462,0.973735192951074,1.15562103921146,28.1364810441107,73.2262018020938,0.0126105783258555,0.845610380991739,0.88317142019423,0.845721435261878,0.898287536445883,0.0526771554541449,NA,FALSE,FALSE,FALSE,"inconclusive",0.109095453183166,0.283924832602813
"mu.chi.s[11]","local_continuous",TRUE,0.86844938484632,0.0690490209510814,0.741606759854154,0.876063444944309,0.974137436849722,1.15076334244263,29.711322513669,72.6040010404173,0.0123812381585777,0.845825973839572,0.883112098943727,0.846167229000401,0.898692237601577,0.0528662637620045,NA,FALSE,FALSE,FALSE,"inconclusive",0.115201690972595,0.281512332121336
"mu.chi.s[12]","local_continuous",TRUE,0.868328344958578,0.0687155992231401,0.741422338972617,0.875690772585075,0.973455750777629,1.15011337793828,29.7501396546619,70.6238942579817,0.0122941365192451,0.846045079067602,0.883054747774124,0.845935502738933,0.898278050253635,0.0523425475147018,NA,FALSE,FALSE,FALSE,"inconclusive",0.115352199260439,0.2738347321243
"mu.chi.s[13]","local_continuous",TRUE,0.86842505023401,0.0687044778346016,0.742583162389029,0.876201785438212,0.973767192148795,1.15352373276285,29.1711743206904,70.1593271478526,0.0123817465659609,0.845736723195159,0.882938829670968,0.846416190117559,0.89860845795235,0.0528717347571901,NA,FALSE,FALSE,FALSE,"inconclusive",0.113107338384342,0.272033435105882
"mu.chi.s[14]","local_continuous",TRUE,0.868072466884734,0.0688279921840626,0.742231562993869,0.875566422670804,0.973689785422965,1.15660582350582,28.1369891897972,71.9195245096516,0.0126682724116414,0.845381747410919,0.882669334750737,0.845192508763091,0.899046276614175,0.0538537678510843,NA,FALSE,FALSE,FALSE,"inconclusive",0.109097423450302,0.278858365649834
"mu.chi.s[15]","local_continuous",TRUE,0.868233143782217,0.068635630798708,0.742377082783615,0.875708232130349,0.974055232702337,1.15253670629496,28.9960223340878,70.2929239709257,0.0124238111135313,0.845607147870539,0.882976939605724,0.846134097018073,0.898214390634534,0.0526072427639949,NA,FALSE,FALSE,FALSE,"inconclusive",0.112428209913216,0.272551438971899
"mu.chi.s[16]","local_continuous",TRUE,0.868253099779246,0.0686658622725593,0.741861365390813,0.875509580335842,0.973795906003478,1.15302443257186,28.7515114546622,73.0464653044768,0.0124523763561101,0.845418568309883,0.883228146085603,0.846261996576351,0.898103688145144,0.0526851198352613,NA,FALSE,FALSE,FALSE,"inconclusive",0.111480151584339,0.283227928301585
"mu.chi.s[17]","local_continuous",TRUE,0.868304658283259,0.0689784390112502,0.740906135332582,0.875942693380233,0.973833455388489,1.15395803875236,28.6074657795527,71.5929344263305,0.0125571561574117,0.845407677387788,0.88299784902856,0.846054653272437,0.898758453444243,0.0533507760564553,NA,FALSE,FALSE,FALSE,"inconclusive",0.110921633687929,0.277592056153305
"mu.chi.s[18]","local_continuous",TRUE,0.868629875850959,0.0687655518331795,0.741464713432511,0.876247567713994,0.974024070188175,1.1531932397461,28.7973683998708,68.90501529383,0.0125427986664244,0.845870272281042,0.883666489573464,0.846283393585483,0.898699347963839,0.0528290756827968,NA,FALSE,FALSE,FALSE,"inconclusive",0.111657955774255,0.26717000815732
"mu.chi.s[19]","local_continuous",TRUE,0.868218694040578,0.068947214257242,0.740959026878681,0.875816844317845,0.973737293749249,1.15291709268136,29.065087114355,71.179726193657,0.012531459400294,0.845334459495779,0.883202593782731,0.845755041919194,0.898582680964608,0.0532482214688295,NA,FALSE,FALSE,FALSE,"inconclusive",0.112695999388753,0.275989896333395
"mu.chi.s[20]","local_continuous",TRUE,0.868310993611523,0.0688007577947911,0.742257695689979,0.876189489438751,0.974007714873069,1.15503568473713,28.5112003126206,71.3435938951766,0.0125680981170933,0.845616702611422,0.883220457252488,0.845473786451747,0.898933028130441,0.0534592416786942,NA,FALSE,FALSE,FALSE,"inconclusive",0.110548377177124,0.276625271493898
"mu.chi.s[21]","local_continuous",TRUE,0.868234272304586,0.0686441941915253,0.741791536383913,0.875786590576921,0.973789991804072,1.15164292270389,29.1123261582249,70.0384394056124,0.01243375468572,0.845415443507867,0.882996570317924,0.846067931426691,0.898457143965871,0.0530417004580038,NA,FALSE,FALSE,FALSE,"inconclusive",0.112879162481922,0.271564709006008
"mu.chi.s[22]","local_continuous",TRUE,0.868137390682683,0.0687734438713331,0.741938598841283,0.875478086973577,0.973842309435317,1.15291434454444,29.0571336726117,69.4085707780892,0.012496749138264,0.845534265821625,0.883129832275806,0.845722519023023,0.89816294561028,0.0526286797886547,NA,FALSE,FALSE,FALSE,"inconclusive",0.112665160979003,0.269122477397237
"mu.chi.s[23]","local_continuous",TRUE,0.868400992409562,0.068731611689073,0.741661646903203,0.876003022746648,0.974096178607762,1.15380599197345,28.8986618017587,71.4905248067886,0.0124632519037675,0.845367036552461,0.883291164470297,0.846120249068561,0.898825519546922,0.0534584829944604,NA,FALSE,FALSE,FALSE,"inconclusive",0.112050707432364,0.277194976510093
"mu.chi.s[24]","local_continuous",TRUE,0.868219170079165,0.0690547528480064,0.741629683271095,0.876028555617262,0.973972349568571,1.1540644615275,28.6582603255176,68.9150379071847,0.0125578696755732,0.845209481405089,0.883283570311266,0.846037512303576,0.898346116296729,0.0531366348916398,NA,FALSE,FALSE,FALSE,"inconclusive",0.111118582766337,0.267208869504064
"mu.chi.s[25]","local_continuous",TRUE,0.868440853485988,0.0687135942927639,0.741779392894236,0.876241674013449,0.9739953517311,1.15346317799284,28.4230818523039,70.8599089777149,0.0125242606664117,0.845723760820297,0.883206222654537,0.846376480786513,0.898456949682624,0.0527331888623275,NA,FALSE,FALSE,FALSE,"inconclusive",0.110206709598048,0.274749847726952
"mu.chi.s[26]","local_continuous",TRUE,0.868258381573114,0.0687057595255757,0.741507450119012,0.875577058351426,0.973626443284952,1.15425830349988,28.3841211004379,72.5624699397516,0.0125314281416811,0.845596876602023,0.882974826932675,0.845929093338646,0.898532729419103,0.05293585281708,NA,FALSE,FALSE,FALSE,"inconclusive",0.110055644478195,0.281351300816774
"mu.chi.s[27]","local_continuous",TRUE,0.86822600781496,0.0689396148232341,0.741449643007975,0.875997085234641,0.973969492742627,1.15476810398622,28.3276761155485,71.1483407861164,0.0126346177835846,0.844796647579664,0.883588673269881,0.84586373698919,0.898654973421107,0.053858325841443,NA,FALSE,FALSE,FALSE,"inconclusive",0.109836786576357,0.275868203600974
"mu.chi.s[28]","local_continuous",TRUE,0.868036246554757,0.0687579404180837,0.74201902541137,0.875741733445171,0.973592691126217,1.15219255369637,28.994927281428,72.2794123639138,0.0124568730683175,0.845390059250625,0.883040723170324,0.845693091444578,0.898021112353511,0.0526310531028855,NA,FALSE,FALSE,FALSE,"inconclusive",0.112423963992555,0.28025378281285
"mu.chi.s[29]","local_continuous",TRUE,0.868093675946978,0.06877474792747,0.741213900989528,0.875391207141977,0.973830618587353,1.15458344490252,28.5408960469878,72.6067492846934,0.0125353285860888,0.845151959516522,0.883448261814959,0.845420412219682,0.898354070236746,0.0532021107202238,NA,FALSE,FALSE,FALSE,"inconclusive",0.110663518427138,0.281522988072032
"mu.chi.s[30]","local_continuous",TRUE,0.868564530692633,0.0686934610649461,0.741547347850932,0.876428636331182,0.973879754655177,1.15546284283571,28.185712838465,71.5439290222292,0.0126329882283,0.84572161957423,0.88333353221521,0.846124356465573,0.899078614515509,0.0533569949412785,NA,FALSE,FALSE,FALSE,"inconclusive",0.1092863429006,0.277402044233887
"mu.chi.s[31]","local_continuous",TRUE,0.868320783957222,0.0688146490050212,0.741922030714783,0.875379327904949,0.974114118526946,1.15436765761089,28.2665189855994,69.9143989375525,0.0126024846833806,0.845455543255435,0.883195116889302,0.846063254022884,0.898569221661268,0.0531136784058334,NA,FALSE,FALSE,FALSE,"inconclusive",0.109599657960425,0.271083758632191
"mu.chi.s[32]","local_continuous",TRUE,0.868152862516074,0.0689294197443746,0.741309889947913,0.876172566571978,0.973894311947356,1.15231643919593,29.158870541984,70.4178406263791,0.0123795348545232,0.84536924729542,0.883167815739485,0.846207466075463,0.897866920953927,0.0524976736585064,NA,FALSE,FALSE,FALSE,"inconclusive",0.113059632123145,0.273035786645493
"mu.chi.s[33]","local_continuous",TRUE,0.86859570287778,0.0688027860099023,0.742277711241105,0.876063959530102,0.973871668689555,1.15287402946325,28.9917800144668,71.6047697533385,0.0124636394403799,0.845382050493439,0.883312186286899,0.846851755717147,0.898836819013639,0.0534547685201997,NA,FALSE,FALSE,FALSE,"inconclusive",0.112411760884609,0.27763794605551
"mu.chi.s[34]","local_continuous",TRUE,0.868502839792737,0.0688392103494364,0.741182601837216,0.876416461667731,0.973741325567699,1.15398670701165,28.4061141986965,69.3219768888516,0.012622116671369,0.845591093009997,0.88360597375522,0.846067396639123,0.898746895766608,0.0531558027566104,NA,FALSE,FALSE,FALSE,"inconclusive",0.110140919783862,0.268786721139215
"mu.chi.s[35]","local_continuous",TRUE,0.868340623448064,0.0688049563953191,0.741497804375394,0.875831920326553,0.973971641711045,1.1530305317988,28.9642718210587,70.4070678324697,0.0124194549940928,0.845424069883423,0.883220214661343,0.846450352093309,0.898267857154168,0.0528437872707448,NA,FALSE,FALSE,FALSE,"inconclusive",0.112305101532951,0.272994016573686
"mu.chi.s[36]","local_continuous",TRUE,0.868517059886814,0.0686096330135836,0.742736804661324,0.876167203201813,0.973861865769083,1.15407672754806,28.6307043518516,70.1205871938534,0.0124347423000419,0.845214739670306,0.883525822638142,0.846718068332661,0.898609608906138,0.0533948692358311,NA,FALSE,FALSE,FALSE,"inconclusive",0.1110117381531,0.271883226100313
"mu.chi.s[37]","local_continuous",TRUE,0.868458339877323,0.0687463469258437,0.741686989958195,0.875906733150913,0.97428686739846,1.15488306464349,28.6916631292846,70.0841532159379,0.0125392231566028,0.845612143926975,0.883953069508691,0.845639662087427,0.898628483986199,0.0530163400592243,NA,FALSE,FALSE,FALSE,"inconclusive",0.111248097683601,0.271741958209501
"mu.chi.s[38]","local_continuous",TRUE,0.86821260360364,0.0688735378353192,0.741584014392388,0.87606426945709,0.974163441948872,1.15592974834226,28.0615106230189,71.3363124158575,0.0126445641195235,0.844938966809337,0.883635144248057,0.846024670801379,0.898251632555772,0.0533126657464342,NA,FALSE,FALSE,FALSE,"inconclusive",0.108804765372863,0.27659703852884
"mu.chi.s[39]","local_continuous",TRUE,0.868507314758564,0.0687625391358838,0.741583976787946,0.876288672892492,0.973882055724414,1.15359242220704,28.6277648758197,71.0851758889315,0.0125475548575547,0.845760130565241,0.883515506886403,0.846038172077908,0.898715449504707,0.0529553189394663,NA,FALSE,FALSE,FALSE,"inconclusive",0.111000340726772,0.275623290135326
"mu.chi.s[40]","local_continuous",TRUE,0.868355900322387,0.0687728208362245,0.741109648312332,0.875552077594848,0.973752227248533,1.15303634746734,29.0685794584801,69.0068205035286,0.0124098203907999,0.845058409897525,0.883201091316956,0.84655258639351,0.898611513681554,0.0535531037840296,NA,FALSE,FALSE,FALSE,"inconclusive",0.112709540487385,0.267564744281964
"mu.chi.s[41]","local_continuous",TRUE,0.86856103206497,0.0686478313268363,0.741637323243789,0.876521257346676,0.973661808297069,1.15426925598742,28.9214371422194,70.3307026275321,0.0124368780581568,0.845633012624181,0.88354999476096,0.846384117134301,0.898677003740432,0.0530439911162511,NA,FALSE,FALSE,FALSE,"inconclusive",0.112139015777855,0.272697920675019
"mu.chi.s[42]","local_continuous",TRUE,0.8683981847705,0.0688803905676838,0.741331277718304,0.876044172869393,0.974459875277267,1.15316286156572,28.9693886200008,69.2677473633996,0.0124877528213281,0.845957000035073,0.88309003235549,0.845971497755713,0.898574208935717,0.0526172089006438,NA,FALSE,FALSE,FALSE,"inconclusive",0.112324941238512,0.268576453385909
"mu.chi.s[43]","local_continuous",TRUE,0.868151983149355,0.0687238830815957,0.742198975151549,0.87528755622824,0.973858964376989,1.1540221359125,28.3229231825884,74.9100842581128,0.012622677973382,0.845265527483839,0.883111833796154,0.845976670161605,0.898253901155821,0.0529883736719821,NA,FALSE,FALSE,FALSE,"inconclusive",0.109818357712619,0.290453862276374
"mu.chi.s[44]","local_continuous",TRUE,0.868049548853041,0.0688753132368325,0.741394426561127,0.875155463120415,0.974103096813842,1.15146298839259,29.4469554750995,73.3763069432455,0.0123411913297734,0.845482335052297,0.882992503181761,0.845677522991751,0.89804583418635,0.0525634991340523,NA,FALSE,FALSE,FALSE,"inconclusive",0.114176643034503,0.284506845270759
"mu.chi.s[45]","local_continuous",TRUE,0.868439830094731,0.0688702780581037,0.741538967158544,0.876228682543585,0.973955516031147,1.15137937885912,29.6965125857229,71.0228877405999,0.0123039007676324,0.845594868569579,0.883096754625731,0.846684006814526,0.898383690369085,0.0527888217995056,NA,FALSE,FALSE,FALSE,"inconclusive",0.115144267451922,0.27538177614644
"mu.chi.s[46]","local_continuous",TRUE,0.86838264749123,0.0688294604284883,0.74171447386943,0.875833407080128,0.973737376309247,1.15272558002586,29.1515620987412,69.7426536480454,0.012434044408484,0.845947125418967,0.88336947490846,0.845823175438029,0.898390814199462,0.0525676387614324,NA,FALSE,FALSE,FALSE,"inconclusive",0.113031294609069,0.270417839174762
"mu.chi.s[47]","local_continuous",TRUE,0.868223497724209,0.0688097619610249,0.7420044653526,0.875645108130224,0.974188668822325,1.15568452541115,28.2615563543895,70.9227034227184,0.0126260300453905,0.845552231422665,0.882865035816693,0.845445264364291,0.899031459293187,0.0535861949288963,NA,FALSE,FALSE,FALSE,"inconclusive",0.109580416019687,0.274993324813667
"mu.chi.s[48]","local_continuous",TRUE,0.868394712079853,0.0689089011093062,0.741550063031911,0.876171166389006,0.974089539112304,1.15203052112742,29.5316981468829,71.1789149531189,0.0123563352382092,0.845538053643187,0.883223990676222,0.846403774110673,0.898413029889323,0.052874976246136,NA,FALSE,FALSE,FALSE,"inconclusive",0.11450522144371,0.27598675085639
"mu.chi.s[49]","local_continuous",TRUE,0.868100786893247,0.0689054867103091,0.741084312303359,0.875683609361932,0.973920106038372,1.1546930320368,28.8208785124009,71.4521286478194,0.0124920336168815,0.845020665649346,0.882854383129207,0.845553681626763,0.898974417167683,0.0539537515183364,NA,FALSE,FALSE,FALSE,"inconclusive",0.111749113100462,0.277046100523907
"mu.chi.s[50]","local_continuous",TRUE,0.868527776422896,0.0688881122968028,0.74172161895662,0.876434849647368,0.974017696316374,1.15350527856199,28.731700059236,70.5383214127912,0.0124986560395371,0.84571424405095,0.883574914711062,0.846286033983635,0.898535912945934,0.0528216688949842,NA,FALSE,FALSE,FALSE,"inconclusive",0.11140333554047,0.273502934828412
"mu.chi.s[51]","local_continuous",TRUE,0.867877439344158,0.0687502065107838,0.74181003765371,0.875079835562085,0.973667298698035,1.15153156677643,29.2332137324274,72.6507621763922,0.0124069384916742,0.845278918275129,0.88279223401177,0.845526158132892,0.897912446956845,0.0526335286817161,NA,FALSE,FALSE,FALSE,"inconclusive",0.113347887930252,0.281693642190372
"mu.chi.s[52]","local_continuous",TRUE,0.868340720910894,0.0687244536463191,0.741480097042257,0.875559357214523,0.973834282775179,1.15516354427579,28.2736609049978,70.4040928804266,0.0125737597101342,0.845494956295386,0.883330387875928,0.845960219849474,0.898577319622787,0.053082363327401,NA,FALSE,FALSE,FALSE,"inconclusive",0.109627349800501,0.272982481593856
"mu.chi.s[53]","local_continuous",TRUE,0.868334808417047,0.0686565375445286,0.74208147264831,0.875792214434572,0.973986024964335,1.15657550182924,27.8303942963683,72.3737801680604,0.0127579664869493,0.8455308230638,0.883342891984585,0.845796738545717,0.89866878007409,0.0531379570102891,NA,FALSE,FALSE,FALSE,"inconclusive",0.107908642636176,0.280619681389262
"mu.chi.s[54]","local_continuous",TRUE,0.868169328775342,0.0686700101962619,0.741955203658577,0.87541962220234,0.973696379677903,1.15369726208226,28.8291819117901,70.7606356766647,0.0124280930831992,0.84529241227061,0.883005337689695,0.846102104539085,0.898277460601979,0.0529850483313696,NA,FALSE,FALSE,FALSE,"inconclusive",0.111781308424316,0.274364928740456
"mu.chi.s[55]","local_continuous",TRUE,0.868226516480763,0.0686748269605718,0.742396063182267,0.875271656071005,0.973814352869994,1.14993298631953,30.0374683127419,73.5555501243343,0.0122608749211421,0.845894573408697,0.882717634799633,0.845976882830227,0.898316974884497,0.0524224014757999,NA,FALSE,FALSE,FALSE,"inconclusive",0.116466277816197,0.285201836802934
"mu.chi.s[56]","local_continuous",TRUE,0.868546506661943,0.0686989824327101,0.741328600611308,0.876041448130293,0.974043264974081,1.15260417549855,29.0927237672942,70.5475330073002,0.0124115414889664,0.845443936775505,0.883260646050878,0.846930121735003,0.898551322086389,0.053107385310884,NA,FALSE,FALSE,FALSE,"inconclusive",0.112803156825112,0.273538651557733
"mu.chi.s[57]","local_continuous",TRUE,0.868179224601086,0.0689577647322307,0.741243691709312,0.875661858377907,0.97378254687686,1.1510779162062,29.5793575919209,70.3138460287048,0.0123471835199483,0.845227718857106,0.88327165383051,0.846027108880317,0.898190416836421,0.0529626979793155,NA,FALSE,FALSE,FALSE,"inconclusive",0.114690014586347,0.272632561460933
"mu.chi.s[58]","local_continuous",TRUE,0.868545685931436,0.0687256156158072,0.741428335976396,0.876447076326643,0.973694066607997,1.15289801519849,29.1022222311727,68.5058659838065,0.0123844935822714,0.845540367573597,0.883138096606107,0.846911512024943,0.898592767521092,0.0530523999474958,NA,FALSE,FALSE,FALSE,"inconclusive",0.112839985852159,0.265622359935196
"mu.chi.s[59]","local_continuous",TRUE,0.868356723127089,0.068731612998858,0.742453611463877,0.87556636630326,0.974031734344771,1.15189832970346,29.2388374487161,73.733125240245,0.0124145498444194,0.845809049792578,0.88331701019757,0.845906168237578,0.898394664280635,0.0525856144880565,NA,FALSE,FALSE,FALSE,"inconclusive",0.113369693140225,0.285890360634822
"mu.chi.s[60]","local_continuous",TRUE,0.868463590386161,0.0687581826662445,0.742271856952373,0.876436434805918,0.974227721962796,1.1542393056543,28.433326953121,70.3923486619096,0.0125703989664609,0.845584539363253,0.883290874726738,0.846032033630062,0.898946913824603,0.0533623744613493,NA,FALSE,FALSE,FALSE,"inconclusive",0.110246433610259,0.272936944952675
"mu.chi.s[61]","local_continuous",TRUE,0.86810232249707,0.06886039851599,0.741625443024059,0.875906243297314,0.97377195656528,1.15064473570901,29.8273254088959,74.3922822856726,0.0123141321100742,0.845448351110837,0.883035557210144,0.845649130325052,0.898276251342248,0.0528279002314108,NA,FALSE,FALSE,FALSE,"inconclusive",0.11565147672958,0.288446154178338
"mu.chi.s[62]","local_continuous",TRUE,0.86801905723106,0.0688450416690394,0.741460847152692,0.875672827930807,0.974014010329003,1.15498934639955,28.1099862107259,69.2989962058748,0.0127127058049755,0.844767927596124,0.883185832289898,0.845832227254555,0.898290241783655,0.0535223141875307,NA,FALSE,FALSE,FALSE,"inconclusive",0.108992722999864,0.268697616605501
"mu.chi.s[63]","local_continuous",TRUE,0.868359864322422,0.0688528823122149,0.741607201106017,0.87603967710604,0.974164104392529,1.1504655739524,29.7760327922572,74.2563858594308,0.0122943746702657,0.845751144652748,0.883212136598791,0.846104127885573,0.898372048152576,0.0526209034998283,NA,FALSE,FALSE,FALSE,"inconclusive",0.115452596448554,0.287919233907691
"mu.chi.s[64]","local_continuous",TRUE,0.868237116062894,0.0688481453345486,0.742229332015901,0.876011347833386,0.973766907218359,1.153728879337,28.9326943367412,68.5075447168389,0.0124841165698347,0.845303558020431,0.882920132535973,0.845978677864219,0.898746095830954,0.0534425378105228,NA,FALSE,FALSE,FALSE,"inconclusive",0.112182664048441,0.265628868998666
"mu.chi.s[65]","local_continuous",TRUE,0.868239348893905,0.0688805753215108,0.741412962935196,0.875318797089419,0.974147612767344,1.15451055046067,28.3483978019979,72.4330207503928,0.0126178280060641,0.845393448847131,0.883056098945316,0.845984595859537,0.898523251923635,0.0531298030765036,NA,FALSE,FALSE,FALSE,"inconclusive",0.109917132152279,0.280849378847386
"mu.chi.s[66]","local_continuous",TRUE,0.868127608422977,0.0689592312473803,0.740962037604146,0.876073104468666,0.973828725728167,1.15215846080181,29.3907911968527,73.391245882424,0.0123924898073839,0.845731958073533,0.882303962244921,0.845988801936842,0.898485711436606,0.0527537533630731,NA,FALSE,FALSE,FALSE,"inconclusive",0.113958873535238,0.284564769015281
"mu.chi.s[67]","local_continuous",TRUE,0.868131418285085,0.0686524809245349,0.742301646054247,0.875819420333183,0.973558782876426,1.15373634245098,28.9663141482629,69.4569150672441,0.0124512750327887,0.845242638249698,0.883142275432998,0.845805365415348,0.898335394042287,0.0530927557925892,NA,FALSE,FALSE,FALSE,"inconclusive",0.112313020384336,0.269309925931611
"mu.chi.s[68]","local_continuous",TRUE,0.868395585620723,0.0688834026777515,0.741612089684566,0.876105419117965,0.973891303505681,1.15241853923158,29.4800749741928,73.5218539135898,0.0124384917079086,0.845778099983265,0.883478743340984,0.84590697753203,0.898418521626615,0.05264042164335,NA,FALSE,FALSE,FALSE,"inconclusive",0.114305059475674,0.28507118423924
"mu.chi.s[69]","local_continuous",TRUE,0.868286216790951,0.0687578451500711,0.74096497361617,0.875903752145781,0.974093251795716,1.15572377164626,28.5562743652632,70.2549012231559,0.0125510975944121,0.845225125983001,0.883455198600397,0.845858436893024,0.898606105687379,0.0533809797043774,NA,FALSE,FALSE,FALSE,"inconclusive",0.110723145805516,0.272404010837844
"mu.chi.s[70]","local_continuous",TRUE,0.868209111602807,0.0686888355264541,0.742036430624231,0.875868754011977,0.973782803145987,1.1550587388831,28.7299006617603,70.5889617209695,0.012547286733374,0.845520160712831,0.882930627753228,0.845576051873759,0.898809606071416,0.0532894453585856,NA,FALSE,FALSE,FALSE,"inconclusive",0.111396358616712,0.27369928587037
"mu.chi.s[71]","local_continuous",TRUE,0.868175066047151,0.0687074473920962,0.741835551025913,0.875960747896471,0.974092059053026,1.15495450080585,28.6707823759617,70.4806561336335,0.012494489029378,0.845446391601726,0.883408195235663,0.845698192241032,0.898147485110194,0.0527010935084679,NA,FALSE,FALSE,FALSE,"inconclusive",0.111167135347089,0.273279345398277
"mu.chi.s[72]","local_continuous",TRUE,0.868478785846392,0.0686478408064923,0.741996122514232,0.876013269928289,0.973881989119788,1.15321092471293,28.4883630075386,72.4872923405313,0.0125932862002514,0.845730791440124,0.88314709740271,0.846063126783786,0.898974127758957,0.053243336318833,NA,FALSE,FALSE,FALSE,"inconclusive",0.110459828572077,0.281059809700905
"mu.chi.s[73]","local_continuous",TRUE,0.868127955395689,0.0687699604893953,0.741406873546995,0.875982067843377,0.973462155844597,1.15644966321131,28.1907833676325,72.7158937266467,0.0126019961137046,0.845107248815591,0.883407109840691,0.845574590644347,0.898422872282132,0.0533156234665413,NA,FALSE,FALSE,FALSE,"inconclusive",0.10930600320128,0.28194618109104
"mu.chi.s[74]","local_continuous",TRUE,0.868440609769277,0.0687787663550576,0.741466287368946,0.875869108534701,0.974434094471642,1.15450828002788,28.6074347660322,72.299517994479,0.0125337958918389,0.845904930521804,0.883155146205922,0.846036618056536,0.898665744292853,0.0527608137710482,NA,FALSE,FALSE,FALSE,"inconclusive",0.110921513437139,0.280331739714234
"mu.chi.s[75]","local_continuous",TRUE,0.868158593528194,0.0687222633751604,0.741661680545221,0.87565115941455,0.973606722158201,1.15762506651891,28.0562647093529,71.439287599025,0.0127029566347359,0.845113036031317,0.883373104844017,0.845530743335394,0.898617489902047,0.0535044538707308,NA,FALSE,FALSE,FALSE,"inconclusive",0.108784425042178,0.276996311069591
"mu.chi.s[76]","local_continuous",TRUE,0.868278397605723,0.0687630479592543,0.741539249043801,0.875998913389685,0.974038376521214,1.15588293017808,28.2914524896454,70.9651511720741,0.0125618900629174,0.845624937923753,0.88329418036956,0.845483536349767,0.898710935779818,0.0532273994300503,NA,FALSE,FALSE,FALSE,"inconclusive",0.109696334297423,0.275157910301287
"mu.chi.s[77]","local_continuous",TRUE,0.868171995692511,0.0688409754271941,0.741325421330712,0.875642688954984,0.974057993519711,1.15347436443588,29.3104823579894,69.4632050990192,0.0123910161071039,0.844971655664014,0.883026174642373,0.846027641086013,0.898662511377658,0.0536908557136441,NA,FALSE,FALSE,FALSE,"inconclusive",0.113647486721917,0.269334314691029
"mu.chi.s[78]","local_continuous",TRUE,0.868531239429698,0.069011344875464,0.741453615727018,0.876656970563951,0.97402925184854,1.15336487256879,29.122746503963,67.7774411073855,0.0124778914625658,0.845690607661976,0.883735521387168,0.84633628265287,0.898362546016777,0.0526719383548006,NA,FALSE,FALSE,FALSE,"inconclusive",0.112919565982944,0.26279798961403
"mu.chi.s[79]","local_continuous",TRUE,0.868312009173963,0.0687247567170921,0.741958942342892,0.875694154456504,0.974226853772099,1.15344552584994,28.7020235855783,70.9794297122519,0.0125162858111647,0.845810349123741,0.883160553666291,0.846057398768527,0.898219735137291,0.0524093860135502,NA,FALSE,FALSE,FALSE,"inconclusive",0.111288268971289,0.27521327343675
"mu.chi.s[80]","local_continuous",TRUE,0.868287444084113,0.0688311756622049,0.741602634615867,0.875722666067938,0.973894836763855,1.15006214396745,30.4449466546932,71.1315354145309,0.0121500760342597,0.845580068086861,0.882998443595878,0.846297505198542,0.898273759455168,0.052693691368307,NA,FALSE,FALSE,FALSE,"inconclusive",0.118046220748926,0.275803043013687
"mu.chi.s[81]","local_continuous",TRUE,0.868258515701416,0.0687501924456851,0.7418249848119,0.875825164220238,0.973806937947337,1.15148762050744,28.8703104016619,73.1082897266557,0.0124722371468088,0.845746684851078,0.882552251528683,0.845990151217542,0.898744975208377,0.0529982903572996,NA,FALSE,FALSE,FALSE,"inconclusive",0.111940778659214,0.283467644254153
"mu.chi.s[82]","local_continuous",TRUE,0.868111982542187,0.0688960458173787,0.741911411872646,0.875876208771088,0.973812962833189,1.15156286413807,29.5292870701389,74.2019669862082,0.0123325086416191,0.845643831567681,0.882933893240158,0.845815403420782,0.898054801940138,0.0524109703724569,NA,FALSE,FALSE,FALSE,"inconclusive",0.114495872815158,0.287708231983654
"mu.chi.s[83]","local_continuous",TRUE,0.868253031211439,0.0688509179637109,0.741354026945943,0.876433668281121,0.973898765881997,1.15253107088883,29.2527045467977,72.4750839218269,0.0123669341842232,0.845406753576197,0.88314212714167,0.846043999521364,0.89841924460653,0.0530124910303329,NA,FALSE,FALSE,FALSE,"inconclusive",0.113423460963827,0.2810124731854
"mu.chi.s[84]","local_continuous",TRUE,0.867990966520883,0.0690076977084629,0.741519679346548,0.875472690562429,0.973771735023345,1.15230161283756,28.8019260871527,72.8823478260506,0.0125103612339896,0.844930487090755,0.882944593842283,0.845987231428816,0.898101553721672,0.0531710666309168,NA,FALSE,FALSE,FALSE,"inconclusive",0.111675627598912,0.282591584664436
"mu.chi.s[85]","local_continuous",TRUE,0.868192907040374,0.0689213071418073,0.741595515525841,0.875472787011852,0.974042426702449,1.153180317889,28.6784461065314,69.6513114461129,0.0125524126311091,0.84535873841381,0.882672198291413,0.846181645821072,0.898559045635204,0.0532003072213935,NA,FALSE,FALSE,FALSE,"inconclusive",0.111196850440397,0.270063671967465
"mu.chi.s[86]","local_continuous",TRUE,0.868364544728124,0.068693567114793,0.741132656838281,0.875733276751453,0.974009683543099,1.1551853259442,28.3493951739397,70.4864358278316,0.0125288960175164,0.845582581169991,0.883077266764264,0.846114884452206,0.898683446526035,0.0531008653560441,NA,FALSE,FALSE,FALSE,"inconclusive",0.109920999328982,0.273301755391795
"mu.chi.s[87]","local_continuous",TRUE,0.868380528841825,0.0688236669614118,0.741750876398694,0.875750609800263,0.973931515881423,1.15469476749239,28.3229991944059,70.8220921888795,0.0126255827603466,0.845088279142128,0.88316591211974,0.846636634152155,0.898631289953265,0.053543010811137,NA,FALSE,FALSE,FALSE,"inconclusive",0.109818652438305,0.274603218171199
"mu.chi.s[88]","local_continuous",TRUE,0.868316642576645,0.0687580441418802,0.741667845310337,0.875655389307594,0.973682321614982,1.1540231518287,28.8181711581567,73.5281557891281,0.0125122040169229,0.845570684853063,0.883255660372103,0.845766619324883,0.898673605756523,0.0531029209034597,NA,FALSE,FALSE,FALSE,"inconclusive",0.111738615695412,0.28509561892127
"mu.chi.s[89]","local_continuous",TRUE,0.868399609349335,0.0688453480182727,0.740606179206742,0.876232548031769,0.974085536476959,1.15467694235552,28.6163402111153,71.7844873125832,0.01253939138104,0.846062688453189,0.883022798224742,0.845637662357106,0.898875288362305,0.0532376260051995,NA,FALSE,FALSE,FALSE,"inconclusive",0.110956043112887,0.278334776925726
"mu.chi.s[90]","local_continuous",TRUE,0.868260823622104,0.0689190844774756,0.741876810993655,0.876206403206002,0.974090623382394,1.15374561502777,28.8787621812476,74.5133258939363,0.0125338619423971,0.845519658935886,0.882779003967905,0.846090839931582,0.898653791653047,0.0531341327171611,NA,FALSE,FALSE,FALSE,"inconclusive",0.111973549307493,0.288915484627933
"mu.chi.s[91]","local_continuous",TRUE,0.868199472248535,0.0688647914551622,0.741476334399302,0.875333353568212,0.973856811027074,1.15101506226484,29.538755351912,71.9775330647124,0.0123246773979489,0.845529372642823,0.883369848845407,0.845895064531305,0.898003602974612,0.0524742303317882,NA,FALSE,FALSE,FALSE,"inconclusive",0.114532584815116,0.279083286086506
"mu.chi.s[92]","local_continuous",TRUE,0.868185550026343,0.0687366644634123,0.742055808108562,0.87541645210264,0.973858783064934,1.15232280762271,28.9507161393917,73.9759112537148,0.0124996975475638,0.845688757062284,0.882992081564605,0.845933688675502,0.898127672802976,0.052438915740692,NA,FALSE,FALSE,FALSE,"inconclusive",0.112252541184969,0.28683173102597
"mu.chi.s[93]","local_continuous",TRUE,0.868298218896119,0.0686602652246208,0.741870724599594,0.875871387357827,0.973846347238172,1.15505634124831,28.5652163514671,71.8059958771614,0.0125482069250036,0.845464474462643,0.883172837089735,0.845987098146304,0.898568465885787,0.0531039914231435,NA,FALSE,FALSE,FALSE,"inconclusive",0.110757817164587,0.278418173516661
"mu.chi.s[94]","local_continuous",TRUE,0.868085229624069,0.0689556865958508,0.741159368291996,0.875517974967779,0.974095615781619,1.15255188305852,29.1805734498038,73.5348305172054,0.0124697199112797,0.845409196321554,0.883066218993879,0.845558242141386,0.898307261039469,0.0528980647179149,NA,FALSE,FALSE,FALSE,"inconclusive",0.113143782254083,0.2851214992893
"mu.chi.s[95]","local_continuous",TRUE,0.868371074507098,0.0686338960840353,0.741834563075184,0.87603945655105,0.973428336922135,1.1515181817924,29.3086653640484,74.3399698732647,0.0123463298057167,0.845320748631676,0.883169693525634,0.846445315289481,0.898548540581596,0.0532277919499204,NA,FALSE,FALSE,FALSE,"inconclusive",0.113640441570211,0.288243319775209
"mu.chi.s[96]","local_continuous",TRUE,0.867999669370641,0.069036883854218,0.741324006937087,0.875239525282082,0.974495167001058,1.15213220111571,29.361149152505,72.3052069484547,0.0124874524239509,0.844993988597108,0.883292428652758,0.845570835357424,0.898141424875271,0.053147436278163,NA,FALSE,FALSE,FALSE,"inconclusive",0.113843940461116,0.28035379787464
"mu.chi.s[97]","local_continuous",TRUE,0.868236768632633,0.0689202212496167,0.741598364961926,0.87561809959243,0.973953707147047,1.15429978630084,28.3766999154538,73.295402061336,0.0126184170859909,0.845041008749477,0.882944780719884,0.845908128465528,0.899053156595649,0.0540121478461715,NA,FALSE,FALSE,FALSE,"inconclusive",0.110026869823052,0.284193147380009
"mu.chi.s[98]","local_continuous",TRUE,0.867979881559097,0.0687762741587917,0.741803020130701,0.875486110253417,0.97368160616322,1.15185706249788,29.0277306555695,73.2744947416714,0.0124832152116275,0.84541586539696,0.882475328597639,0.845550915960417,0.898477416281373,0.0530615508844139,NA,FALSE,FALSE,FALSE,"inconclusive",0.112551154701383,0.284112082036049
"mu.chi.s[99]","local_continuous",TRUE,0.868209707726596,0.0686952891484671,0.740755728081357,0.875545215096937,0.973645387611349,1.15350562685361,28.9633726336679,73.0619300889225,0.0124394404195659,0.84557731448027,0.882821219639,0.845988369573782,0.898451927213339,0.0528746127330685,NA,FALSE,FALSE,FALSE,"inconclusive",0.112301615053752,0.283287890941008
"mu.chi.s[100]","local_continuous",TRUE,0.868620965026944,0.0688153820249633,0.741167993973181,0.876442212742805,0.974008953223829,1.15260389694266,29.2724959122832,72.2702528070212,0.0124570476389672,0.845841800577156,0.88339824409955,0.846526178035063,0.898717637396012,0.0528758368188565,NA,FALSE,FALSE,FALSE,"inconclusive",0.113500199344272,0.280218267852447
"mu.chi.s[101]","local_continuous",TRUE,0.86811186070196,0.0688260244957425,0.741865831626229,0.875559807116578,0.97377959443065,1.15397873987073,28.323760336113,71.1764597285564,0.0126649058920402,0.845047231887882,0.883083156968985,0.845760463794549,0.898556590156412,0.05350935826853,NA,FALSE,FALSE,FALSE,"inconclusive",0.109821603663774,0.275977231050558
"mu.chi.s[102]","local_continuous",TRUE,0.868319291573039,0.0687737783099731,0.741189491569143,0.875449868761004,0.974089734500335,1.15431149665798,28.3139974329237,69.9380706273325,0.012631546534989,0.84585524172692,0.88314496526646,0.845642618968246,0.898634340330529,0.0529917213622821,NA,FALSE,FALSE,FALSE,"inconclusive",0.109783749308564,0.271175542452638
"mu.chi.s[103]","local_continuous",TRUE,0.868423670099901,0.0687206491225445,0.742227144011594,0.876134090410139,0.973832308164514,1.15069370173295,29.9324216812405,73.7329112810505,0.0122107641045786,0.845643550232733,0.882915173647607,0.846689868187647,0.898446088331622,0.0528025380988897,NA,FALSE,FALSE,FALSE,"inconclusive",0.116058973510764,0.285889531036577
"mu.chi.s[104]","local_continuous",TRUE,0.868139871744583,0.0687888379408916,0.741592156840786,0.875784125400827,0.973901922015419,1.15411731824745,28.4098506395213,70.3602735893047,0.012618054639683,0.846024176031844,0.882914434463283,0.845283111747369,0.898337764735826,0.0530546529884572,NA,FALSE,FALSE,FALSE,"inconclusive",0.110155407334897,0.272812578135935
"mu.chi.s[105]","local_continuous",TRUE,0.868134039802262,0.068887783618067,0.741646703251505,0.875595506852659,0.974050966612177,1.15243831265198,28.9869404028685,72.3531862544726,0.0124807970579237,0.845352910653994,0.883249945692371,0.845848607689071,0.898084695173614,0.0527317845196198,NA,FALSE,FALSE,FALSE,"inconclusive",0.11239299593601,0.280539831235572
"mu.chi.s[106]","local_continuous",TRUE,0.868454162875175,0.0688082220552577,0.742185369417036,0.87615359031195,0.974035638611515,1.1537249712532,28.6753220669643,75.0896418769483,0.012557454421776,0.845933313345289,0.883222599214745,0.845976483855504,0.898684255085165,0.0527509417398756,NA,FALSE,FALSE,FALSE,"inconclusive",0.111184737393573,0.291150072998981
"mu.chi.s[107]","local_continuous",TRUE,0.868139893280373,0.0689867323194868,0.741111312106058,0.875892134340198,0.973818137922554,1.15163897023123,29.2964008215957,68.7092185332276,0.0124359607395446,0.845380684922084,0.883006915622207,0.845994818808551,0.898177153768655,0.0527964688465709,NA,FALSE,FALSE,FALSE,"inconclusive",0.113592887442356,0.266410832328039
"mu.chi.s[108]","local_continuous",TRUE,0.868104230233761,0.0687317132883087,0.741729183231663,0.875440901628917,0.973822023060937,1.15100007330071,29.5206483004551,71.5324982154611,0.0123372186907402,0.84559551032941,0.882957415345577,0.845895349580675,0.897968645679399,0.0523731353499892,NA,FALSE,FALSE,FALSE,"inconclusive",0.114462377137709,0.277357722804969
"mu.chi.s[109]","local_continuous",TRUE,0.868164067829532,0.0689976599330725,0.740974409433756,0.876055198855812,0.973935840124643,1.15240514343793,29.0437210990293,73.7206256928569,0.0124212617445659,0.845737686581052,0.883191965307477,0.845712160193643,0.898014459235964,0.0523022990423206,NA,FALSE,FALSE,FALSE,"inconclusive",0.112613155513535,0.285841895306668
"mu.chi.s[110]","local_continuous",TRUE,0.868374640074895,0.068841766630423,0.741654855187389,0.875903080459545,0.973998645043471,1.15310262316204,28.684862256936,70.2100975086214,0.0125160910952246,0.845450551118431,0.883031242751617,0.846537559528942,0.898479206900587,0.0530286557821562,NA,FALSE,FALSE,FALSE,"inconclusive",0.111221728207982,0.272230290409417
"mu.chi.s[111]","local_continuous",TRUE,0.868351298431526,0.0687748641881959,0.741671181061208,0.875728148949417,0.974376275493071,1.15404751751617,28.7948252585688,72.3331631543648,0.0125787043330556,0.845501701042413,0.883424729577798,0.846089648152934,0.898389114952956,0.0528874139105427,NA,FALSE,FALSE,FALSE,"inconclusive",0.11164809508299,0.280462194335031
"mu.chi.s[112]","local_continuous",TRUE,0.868371737369104,0.0688532510961994,0.741580664900436,0.876142931462391,0.973700733821644,1.15342506390266,28.8284498863821,72.3520317412068,0.0125218306582692,0.845450212185148,0.883657443876673,0.845887689591751,0.898491603822841,0.053041391637693,NA,FALSE,FALSE,FALSE,"inconclusive",0.111778470093414,0.280535354764341
"mu.chi.s[113]","local_continuous",TRUE,0.868213000137745,0.0689097947579573,0.741419688406269,0.87592358280991,0.973801070564819,1.15250514499739,29.2635841197964,70.1547848929578,0.0123727443732718,0.845335892529942,0.883155285819418,0.84591176701313,0.898449055188498,0.0531131626585558,NA,FALSE,FALSE,FALSE,"inconclusive",0.113465645057313,0.272015823118247
"mu.chi.s[114]","local_continuous",TRUE,0.868542102425452,0.069007705295611,0.741527376706368,0.876676501210136,0.974148209058035,1.15359994562939,28.6535493517019,69.6543634238143,0.0126150259159107,0.845566394532696,0.883424856481761,0.846194294089266,0.898982864598079,0.053416470065383,NA,FALSE,FALSE,FALSE,"inconclusive",0.111100316593586,0.270075505604013
"mu.chi.s[115]","local_continuous",TRUE,0.868184686116281,0.068806731483402,0.741848290819226,0.875903972885466,0.974041371599715,1.15104663065636,29.6816310044809,70.4982786252826,0.012335745965044,0.845353402119854,0.883021171514205,0.846174784593405,0.898189386237662,0.0528359841178078,NA,FALSE,FALSE,FALSE,"inconclusive",0.11508656610515,0.273347674259646
"mu.chi.s[116]","local_continuous",TRUE,0.86829972357525,0.0688915933037537,0.740608580432751,0.876071957724786,0.973941317254237,1.15502443596821,28.2548264943553,70.640652686854,0.0126411062815452,0.84549793270381,0.883039113279552,0.845858855668279,0.898802992649362,0.0533050599455528,NA,FALSE,FALSE,FALSE,"inconclusive",0.109554321884847,0.273899710697476
"mu.chi.s[117]","local_continuous",TRUE,0.868286399579882,0.0689254788618674,0.741203691977183,0.875830220024024,0.97429199633006,1.15164869395746,29.3016016370615,73.0854789304152,0.0124566434385807,0.845878373402888,0.883384230418603,0.845671963608223,0.898211030889808,0.0525390672815853,NA,FALSE,FALSE,FALSE,"inconclusive",0.113613052910784,0.283379198433603
"mu.chi.s[118]","local_continuous",TRUE,0.868391357673276,0.0688947966797447,0.741498496078593,0.875768550794507,0.974054916321518,1.15438915231352,28.5102803268994,73.3800076602405,0.0126230121615897,0.845675610245707,0.883447186734088,0.845825199012814,0.898617434700505,0.0529418244547974,NA,FALSE,FALSE,FALSE,"inconclusive",0.110544810055172,0.284521194307407
"mu.chi.s[119]","local_continuous",TRUE,0.868177577012834,0.0688827857864085,0.74170401909811,0.87557946795476,0.973659608230211,1.14964211819532,30.1140842311096,70.890628784364,0.0122443479509631,0.845360132205183,0.882937632340917,0.846235332081145,0.898177211424083,0.0528170792188996,NA,FALSE,FALSE,FALSE,"inconclusive",0.116763345822756,0.274868959680675
"mu.chi.s[120]","local_continuous",TRUE,0.868194375794758,0.0688493636389704,0.741551777360556,0.875595635946621,0.973823720887268,1.15615306123648,28.6818885344222,70.0163957752818,0.012490015555745,0.845338071991669,0.883230146185842,0.845617628851366,0.898591656150157,0.0532535841584877,NA,FALSE,FALSE,FALSE,"inconclusive",0.111210197995488,0.27147923776897
"mu.chi.s[121]","local_continuous",TRUE,0.868431172438796,0.0686374718008594,0.741756173681699,0.876128471453695,0.973818381211519,1.15493295761994,28.2073655843145,70.4103394631469,0.0126560574214658,0.845550457645339,0.883331615370581,0.84607145073188,0.89877116600739,0.053220708362051,NA,FALSE,FALSE,FALSE,"inconclusive",0.109370298535187,0.273006701885357
"mu.chi.s[122]","local_continuous",TRUE,0.868350453293882,0.0688591470938454,0.741786230483781,0.875992233464517,0.973831492080672,1.15054133753523,29.9182300917657,74.7442852267327,0.0122624641971156,0.845628057101524,0.883432363388313,0.846172701858614,0.898168690827073,0.0525406337255488,NA,FALSE,FALSE,FALSE,"inconclusive",0.116003947515057,0.289810998641885
"mu.chi.s[123]","local_continuous",TRUE,0.868457711025445,0.0687795237762416,0.741846795815885,0.875977093629558,0.973971942927119,1.15302756622335,29.4154566049942,71.747908804187,0.0123917981698445,0.845690834274647,0.883801130081746,0.845854259977271,0.898484619768108,0.0527937854934617,NA,FALSE,FALSE,FALSE,"inconclusive",0.114054510366117,0.278192948637249
"mu.chi.s[124]","local_continuous",TRUE,0.868293229818637,0.0687107299616188,0.742099199887514,0.875700975271178,0.973816744573467,1.15309056127427,29.0445012894024,70.7372748623714,0.0124790985132011,0.84524160561771,0.883482035663398,0.845999177627538,0.898450100365894,0.0532084947481835,NA,FALSE,FALSE,FALSE,"inconclusive",0.112616180597667,0.274274350298252
"mu.chi.s[125]","local_continuous",TRUE,0.868283718916363,0.068854586842327,0.740962855928503,0.875825033547833,0.9740829574408,1.15291540539805,28.7202523867112,71.3735120710505,0.0125185104931808,0.844902267640327,0.883222381238068,0.846426697502162,0.898583529284899,0.0536812616445719,NA,FALSE,FALSE,FALSE,"inconclusive",0.111358948716829,0.27674127523119
"mu.chi.s[126]","local_continuous",TRUE,0.868441736007195,0.0688965059056171,0.741428384455126,0.8761119198239,0.974082010778749,1.15046312258173,29.8284234981079,70.9725956593048,0.0122720145136937,0.845868753052239,0.883076357060517,0.84624644805381,0.89857538586221,0.0527066328099707,NA,FALSE,FALSE,FALSE,"inconclusive",0.115655734424067,0.275186775307785
"mu.chi.s[127]","local_continuous",TRUE,0.868203351241591,0.0686940685201173,0.742036549793993,0.875530100325956,0.973800224566536,1.15326975989879,28.8467220542958,72.0978469990803,0.0124683094668217,0.845267045380729,0.883023095973902,0.845915422191734,0.898607841419992,0.0533407960392633,NA,FALSE,FALSE,FALSE,"inconclusive",0.111849317987863,0.279549787322873
"mu.chi.s[128]","local_continuous",TRUE,0.868290494968316,0.0689210015934042,0.741526476314079,0.875738411673957,0.973996440908791,1.15262021820834,29.1528228852084,72.4077236899097,0.0124953814307615,0.844976342586899,0.883259836793848,0.8465739853359,0.898351815156612,0.0533754725697128,NA,FALSE,FALSE,FALSE,"inconclusive",0.113036183140467,0.280751292868785
"mu.chi.s[129]","local_continuous",TRUE,0.868372325464555,0.0687373759373453,0.741479016416655,0.875940017710366,0.973735587861977,1.154490943989,28.4421469730372,70.9037482235557,0.0126188228016051,0.84578781682268,0.882909184753678,0.846083587885058,0.898708712396792,0.0529208955741127,NA,FALSE,FALSE,FALSE,"inconclusive",0.110280632061314,0.274919828556633
"mu.chi.s[130]","local_continuous",TRUE,0.868140721099955,0.0687264909109175,0.741720057669434,0.87589207975947,0.97412755664712,1.1535370231673,29.0785874520723,72.508037891843,0.0123603189624485,0.845808525626954,0.882931588166943,0.8460834142257,0.897739356380226,0.0519308307532721,NA,FALSE,FALSE,FALSE,"inconclusive",0.11274834514795,0.281140247809648
"mu.chi.s[131]","local_continuous",TRUE,0.8683045442627,0.0687420933550159,0.741267142173176,0.876003333117788,0.97363650185502,1.15508668892068,28.1429966153697,70.4695903547453,0.0125618330079862,0.845581645964835,0.883011412829853,0.846062861996152,0.898562256259961,0.0529806102951265,NA,FALSE,FALSE,FALSE,"inconclusive",0.109120716441856,0.273236439316286
"mu.chi.s[132]","local_continuous",TRUE,0.867979832876279,0.068855109777695,0.741367498922692,0.875553421975265,0.97394128217981,1.15385986291678,29.0370366291605,67.8315824987447,0.0124489271323041,0.845052661012316,0.883182594289847,0.845619374861462,0.89806470134149,0.0530120403291743,NA,FALSE,FALSE,FALSE,"inconclusive",0.112587237373008,0.263007915639144
"mu.chi.s[133]","local_continuous",TRUE,0.868214459954713,0.068880863249404,0.741269848398365,0.87550763084811,0.973931078069246,1.15182524107744,29.1111047691717,72.7097373042122,0.0125248519031682,0.845462838110019,0.883182933238906,0.845891704791642,0.89832036367828,0.0528575255682605,NA,FALSE,FALSE,FALSE,"inconclusive",0.112874426708743,0.281922310384023
"mu.chi.s[134]","local_continuous",TRUE,0.868511319211772,0.0687663051922047,0.742135460010526,0.876024774342732,0.973905331965998,1.15525894280877,28.4513716370188,71.3046798506971,0.012580962761763,0.845414910516145,0.883467353847803,0.84639736998695,0.898765642496188,0.0533507319800436,NA,FALSE,FALSE,FALSE,"inconclusive",0.110316399465772,0.276474387475707
"mu.chi.s[135]","local_continuous",TRUE,0.868484506665015,0.0688338771728784,0.741601340206151,0.876367355813044,0.973940854771399,1.15565521732886,28.3088146634786,69.5033352896336,0.0126054173915296,0.845130189543942,0.883347255929388,0.846516874053652,0.898943707133082,0.0538135175891401,NA,FALSE,FALSE,FALSE,"inconclusive",0.109763653811175,0.269489914153682
"mu.chi.s[136]","local_continuous",TRUE,0.86863349471129,0.0687052810478392,0.741510211285709,0.876310820977262,0.973931170798723,1.1541925724648,27.9001135839946,70.4121420419241,0.0126436063671907,0.845676394975364,0.883491860037631,0.846526875778965,0.898838848053198,0.0531624530778341,NA,FALSE,FALSE,FALSE,"inconclusive",0.108178969876718,0.273013691144188
"mu.chi.s[137]","local_continuous",TRUE,0.868179886760805,0.0689740202953053,0.741378282083483,0.875684301886804,0.973660786171968,1.1537909173461,28.7104024984287,71.5464609107438,0.0125775342232189,0.844996185422242,0.88347919978351,0.845683721690357,0.898560440147106,0.0535642547248647,NA,FALSE,FALSE,FALSE,"inconclusive",0.111320757088519,0.27741186129397
"mu.chi.s[138]","local_continuous",TRUE,0.868306433609855,0.0687507201202519,0.741828047564756,0.875605511112693,0.974007805349479,1.15249197173211,29.1142445111725,70.4087401610626,0.0124869309289654,0.84557649179686,0.883213696678486,0.84609776141654,0.898337784547531,0.0527612927506712,NA,FALSE,FALSE,FALSE,"inconclusive",0.112886600639659,0.273000500804796
"mu.chi.s[139]","local_continuous",TRUE,0.868380138233901,0.0687878367746094,0.742041515373326,0.875779280567591,0.973991095603869,1.15449596770224,28.3433220122427,72.3641929065385,0.0125784898017313,0.845264573482611,0.883195062773934,0.84615296120117,0.898907955477878,0.0536433819952674,NA,FALSE,FALSE,FALSE,"inconclusive",0.109897451454372,0.280582508061195
"mu.chi.s[140]","local_continuous",TRUE,0.868407850313451,0.0687494220767314,0.741730297565942,0.8759915120303,0.973999255217563,1.1513319469636,29.5715826188938,71.8402356635311,0.0123604768034921,0.845129890414474,0.883253950835022,0.846944862019749,0.898302697984559,0.0531728075700848,NA,FALSE,FALSE,FALSE,"inconclusive",0.114659868165245,0.278550933722354
"mu.chi.s[141]","local_continuous",TRUE,0.868367940989324,0.068635621596112,0.741944382583331,0.875905820803203,0.973879456277241,1.15459961535985,28.1867611437157,72.1182001154895,0.0125748200338353,0.84588741445013,0.882896435919961,0.845603912087584,0.899084001499621,0.0534800894120372,NA,FALSE,FALSE,FALSE,"inconclusive",0.109290407564415,0.279628703817615
"mu.chi.s[142]","local_continuous",TRUE,0.86843344296679,0.0689874313621983,0.741431915985921,0.876350856834832,0.974223063970389,1.15285997592606,28.6200058033082,73.7848230934556,0.0125775604299925,0.845844089133168,0.883317119066063,0.845915129721908,0.898657433946018,0.0528133448128505,NA,FALSE,FALSE,FALSE,"inconclusive",0.1109702559578,0.286090812166617
"mu.chi.s[143]","local_continuous",TRUE,0.868232049240585,0.0687955999569723,0.741289323266511,0.875886781631167,0.973785987966473,1.15317256270156,28.7985626784566,73.8291864182236,0.0124821246080895,0.845477077542013,0.883236431949463,0.846189164712111,0.898025522758744,0.0525484452167312,NA,FALSE,FALSE,FALSE,"inconclusive",0.111662586430211,0.286262825042452
"p.a[1]","local_continuous",TRUE,0.783108772600649,0.00684788352046877,0.769536700676696,0.783158587146596,0.796435379900187,1.00006422184401,49655.1999679999,45619.1898698658,3.07363369912197e-05,0.78309539055884,0.783102297184252,0.783084103475504,0.783153299184,6.91957084952843e-05,NA,FALSE,FALSE,TRUE,"diagnostics_met_only",192.531416239187,176.882325295032
"p.a[2]","local_continuous",TRUE,0.855132374221183,0.0116364639498357,0.831423447610466,0.855395651259366,0.8770231581675,1.00000431245063,47485.291364975,46438.3523300885,5.34436220278161e-05,0.855138587744115,0.854952428683073,0.855240964615698,0.855197515841859,0.000288535932624456,NA,FALSE,FALSE,TRUE,"diagnostics_met_only",184.117884993331,180.058518497321
"p.a[3]","local_continuous",TRUE,0.724134045577539,0.00895519837663192,0.706339771985198,0.724220150497164,0.741430835647921,1.00003656162951,50427.589243137,47923.474838618,3.98829440446013e-05,0.724125693449556,0.72402334232394,0.724278247927562,0.724108898609094,0.000254905603621847,NA,FALSE,FALSE,TRUE,"diagnostics_met_only",195.526252653619,185.816882979594
"p.a[4]","local_continuous",TRUE,0.745381267490504,0.00837829067431698,0.728815223095274,0.745462296670401,0.761651748358594,1.0000235419642,51641.308565706,47338.1261291739,3.68596659720027e-05,0.745411106882626,0.745299208942482,0.745429124374192,0.745385629762725,0.000129915431710259,NA,FALSE,FALSE,TRUE,"diagnostics_met_only",200.232287474578,183.54727141634
"p.a[5]","local_continuous",TRUE,0.740263664306911,0.00698187824617087,0.72655259941596,0.740315523634517,0.75390161983999,1.00005519860509,49477.969619163,46526.0660838161,3.13784862152129e-05,0.740281907630922,0.740296196654765,0.740226722521407,0.740249830420553,6.94741333581161e-05,NA,FALSE,FALSE,TRUE,"diagnostics_met_only",191.844229195652,180.398616880566
"p.a[6]","local_continuous",TRUE,0.848676762383237,0.0048387684706356,0.839156411527431,0.848707244149485,0.85801777491469,1.00006375502074,49733.9586599941,47769.3261020476,2.16931580099743e-05,0.848763531892222,0.848670017762616,0.848631422729523,0.848642077148586,0.000132109162698901,NA,FALSE,FALSE,TRUE,"diagnostics_met_only",192.836792564739,185.219191809635
"p.a[7]","local_continuous",TRUE,0.708961584463461,0.00971125145782497,0.68984777797306,0.709053126863783,0.727860070871541,1.00011319808861,49691.7694534591,46392.5825259354,4.35730538203115e-05,0.709014930838091,0.708947267850662,0.709043906874432,0.708840232290662,0.000203674583769464,NA,FALSE,FALSE,TRUE,"diagnostics_met_only",192.673209542429,179.881052185227
"p.a[8]","local_continuous",TRUE,0.655819484316647,0.00756742717194008,0.641007056402837,0.655849344723968,0.670608026107279,1.00013302476435,48846.571623038,46765.8079144992,3.42594295713844e-05,0.655771848882687,0.655972207037045,0.655765398934475,0.655768482412386,0.000206808102570011,NA,FALSE,FALSE,TRUE,"diagnostics_met_only",189.396067664073,181.328183858907
"p.a[9]","local_continuous",TRUE,0.657277989841256,0.00993946700191799,0.63769668467204,0.657358805903519,0.676652034388266,1.00003981217945,49502.1212638566,46560.1830394779,4.46861809892207e-05,0.657209737816833,0.657248479346606,0.657381406605953,0.657272335595627,0.000171668789119672,NA,FALSE,FALSE,TRUE,"diagnostics_met_only",191.937873977273,180.530900826569
"p.a[10]","local_continuous",TRUE,0.669299324916142,0.00812919894677062,0.653244688990378,0.669351642729175,0.685054988244275,1.0000433970227,49314.7419649345,47877.2602338975,3.66101037612487e-05,0.669295831512292,0.669414925051875,0.669201965395259,0.669284577705143,0.000212959656616496,NA,FALSE,FALSE,TRUE,"diagnostics_met_only",191.211335733169,185.637692012615
"p.a[11]","local_continuous",TRUE,0.765565335601817,0.00548030206945182,0.75470671631243,0.765598866659425,0.776182902049747,1.00004145875774,48978.5310422954,46790.704769581,2.47740726140366e-05,0.765550835691826,0.765584757326163,0.765547714492092,0.765578034897171,3.70428340713547e-05,NA,FALSE,FALSE,TRUE,"diagnostics_met_only",189.907722715147,181.424718094433
"p.a[12]","local_continuous",TRUE,0.697783362930922,0.0145899484884125,0.668675971113516,0.69795555322559,0.725749522099306,1.00008402267085,48930.5535158621,44226.9168565731,6.59846802492243e-05,0.697887507314941,0.697997453150751,0.697522184138527,0.697726307119466,0.000475269012224055,NA,FALSE,FALSE,TRUE,"diagnostics_met_only",189.721696254317,171.483972348843
"p.a[13]","local_continuous",TRUE,0.705969069269673,0.0100842344339303,0.686038632464122,0.706061986480671,0.725489591996317,0.999986075120537,49322.0180720374,47191.7192759735,4.53761172179473e-05,0.70594765154979,0.705984678505416,0.705995468839423,0.705948478184052,4.78172896325457e-05,NA,FALSE,FALSE,TRUE,"diagnostics_met_only",191.239547868175,182.979598366751
"p.a[14]","local_continuous",TRUE,0.771536420095949,0.00645339978675758,0.758771896480059,0.771594958080398,0.784058525078062,1.00001352847049,49240.7236552298,45848.726272856,2.90894402345941e-05,0.771539594133887,0.771552605435802,0.771504757348416,0.771548723465699,4.78480873857823e-05,NA,FALSE,FALSE,TRUE,"diagnostics_met_only",190.924339607803,177.772322088412
"p.a[15]","local_continuous",TRUE,0.71472361791021,0.00688119864895597,0.701115205461133,0.714744130048871,0.728109416497971,1.00007384727473,49441.0543774116,46325.2951699582,3.09435572395211e-05,0.714770081132635,0.714818405707229,0.714562117221611,0.714743867579378,0.000256288485617984,NA,FALSE,FALSE,TRUE,"diagnostics_met_only",191.701095268494,179.620154435351
"p.a[16]","local_continuous",TRUE,0.719763567998463,0.0068280797681081,0.706289145959027,0.719805991920055,0.73312882174673,1.00003596842113,50406.2766668992,45791.4494159002,3.04185958638838e-05,0.719764689686344,0.719789967327454,0.719754157576199,0.719745457403862,4.45099235923951e-05,NA,FALSE,FALSE,TRUE,"diagnostics_met_only",195.443615981339,177.550238713568
"p.a[17]","local_continuous",TRUE,0.763039808077116,0.00533277556576322,0.752483774986499,0.763083005428207,0.773472000398712,1.00009838327115,50060.2603009948,48104.9748960835,2.38515695412509e-05,0.763026660244629,0.76308565838117,0.762971939884934,0.763074973797717,0.000113718496235871,NA,FALSE,FALSE,TRUE,"diagnostics_met_only",194.101983664634,186.52062524896
"p.a[18]","local_continuous",TRUE,0.708811357968697,0.00663209390623067,0.695726806778021,0.708836736329536,0.721698694132044,0.999995511592588,51843.4947216854,48748.7507127927,2.91149002144342e-05,0.70881287550284,0.708831853364265,0.708847541715168,0.708753161292523,9.43804226456457e-05,NA,FALSE,FALSE,TRUE,"diagnostics_met_only",201.016237332393,189.016780129243
"p.a[19]","local_continuous",TRUE,0.726687225360001,0.00644408647193401,0.714020817219385,0.726708534664462,0.739285560447187,1.00013090281861,50201.7317702711,46547.5953706129,2.87680974267174e-05,0.726639287528943,0.726762781865334,0.726578895551172,0.726767936494559,0.00018904094338712,NA,FALSE,FALSE,TRUE,"diagnostics_met_only",194.650520421203,180.48209381914
"p.a[20]","local_continuous",TRUE,0.863019931993648,0.00728164974265715,0.848326062981126,0.863154427911594,0.876902710694546,1.00002923165752,48742.6947589195,45821.8655819962,3.29964792268535e-05,0.863074725288114,0.863001303272006,0.863040856019915,0.862962843394555,0.00011188189355904,NA,FALSE,FALSE,TRUE,"diagnostics_met_only",188.993298975675,177.668173341539
"p.a[21]","local_continuous",TRUE,0.741265407612065,0.00985372234455299,0.721821408968297,0.741328277450885,0.760451419747352,1.00008907947669,48288.6784418558,46187.7106831225,4.48602606611504e-05,0.741285337684031,0.741353760595911,0.741110459494622,0.741312072673702,0.000243301101289117,NA,FALSE,FALSE,TRUE,"diagnostics_met_only",187.232911250396,179.086688934858
"p.a[22]","local_continuous",TRUE,0.701333533962765,0.00691777330307496,0.687680449365767,0.701364473923316,0.714930527508121,1.00011272654772,46962.7018083939,45011.9372881616,3.19390165965631e-05,0.701352811765365,0.701363927811208,0.701320983738945,0.701296412535556,6.75152756515196e-05,NA,FALSE,FALSE,TRUE,"diagnostics_met_only",182.091613676224,174.527784388022
"p.a[23]","local_continuous",TRUE,0.718951854922895,0.00797877288907526,0.703124213774887,0.719006541353427,0.734444790833899,1.00001488417991,49004.598750806,46167.0765251625,3.6045361644387e-05,0.718858145552149,0.71895241184036,0.718988132820712,0.719008729478359,0.000150583926209813,NA,FALSE,FALSE,TRUE,"diagnostics_met_only",190.008796778707,179.006682738982
"p.a[24]","local_continuous",TRUE,0.725319332891146,0.0077679664929025,0.709941985521608,0.725365906067621,0.740364405131134,1.00009397097873,48535.2316141941,45678.5521919203,3.5246342023352e-05,0.725388164288094,0.725235437755022,0.725392951108297,0.725260778413172,0.000157513353274852,NA,FALSE,FALSE,TRUE,"diagnostics_met_only",188.188888297697,177.112494782694
"p.a[25]","local_continuous",TRUE,0.68412676215586,0.00630742942780077,0.6717338673033,0.684196800323735,0.696381094265313,1.00006222200562,51025.4755574031,48508.7203835732,2.79352435945388e-05,0.684112653821133,0.684195118435984,0.684082077134111,0.684117199232219,0.000113041301872174,NA,FALSE,FALSE,TRUE,"diagnostics_met_only",197.844477107652,188.086094536299
"p.a[26]","local_continuous",TRUE,0.698100224129245,0.00719797002126767,0.683986551706853,0.698110919222526,0.712184217698208,1.000048163849,50101.1441707463,47152.6359194569,3.21558070303508e-05,0.698177340190677,0.698021672955623,0.698058360152542,0.698143523218134,0.000155667235053336,NA,FALSE,FALSE,TRUE,"diagnostics_met_only",194.260505417636,182.828057863714
"p.a[27]","local_continuous",TRUE,0.65813115674219,0.008221360233429,0.641903793865515,0.658165562312738,0.674186023496699,1.00000711649972,49527.856104954,47285.1108723811,3.69449182515938e-05,0.658181767931913,0.65805612193727,0.658156841544406,0.658129895555177,0.000125645994643042,NA,FALSE,FALSE,TRUE,"diagnostics_met_only",192.037657391827,183.341711827834
"p.a[28]","local_continuous",TRUE,0.702131464916599,0.00702982892869888,0.688327331936574,0.702148900016765,0.715765204484849,1.00016690578628,50265.995565031,48119.4563692905,3.1349747574107e-05,0.702139141719356,0.70212353384766,0.702069201247514,0.702193982851866,0.000124781604352031,NA,FALSE,FALSE,TRUE,"diagnostics_met_only",194.899694715657,186.576775230182
"p.a[29]","local_continuous",TRUE,0.712641507391424,0.00943411225958101,0.69398902328641,0.712754663868192,0.730878915922255,1.0001595409497,48568.6627865229,46175.882530942,4.27892578823848e-05,0.712715365940708,0.712654004344823,0.712522811035463,0.712673848244699,0.000192554905244946,NA,FALSE,FALSE,TRUE,"diagnostics_met_only",188.318513210277,179.04082685209
"p.a[30]","local_continuous",TRUE,0.589364319070614,0.0109734427832599,0.567748971370882,0.589339199703501,0.610966848274502,1.00004262150489,51026.5892035388,46244.5006568448,4.85750655784074e-05,0.58921280183881,0.589411265862998,0.589379540422947,0.589453668157703,0.000240866318892641,NA,FALSE,FALSE,TRUE,"diagnostics_met_only",197.848795122035,179.306884484891
"p.a[31]","local_continuous",TRUE,0.634022003577359,0.00802690348461555,0.618253486381601,0.634034485153834,0.649697675891495,0.999994336764609,50376.0748336995,47752.6837170162,3.57631951673197e-05,0.633998945692227,0.634034620075205,0.63403421848875,0.634020230053246,3.56743829775796e-05,NA,FALSE,FALSE,TRUE,"diagnostics_met_only",195.326512400592,185.154663180977
"p.a[32]","local_continuous",TRUE,0.646093207079114,0.00766058862834649,0.631085101566698,0.646107580515689,0.661007408818142,1.00011953235503,48436.9316534464,45061.490256025,3.48023684784971e-05,0.646029804744505,0.646199391678081,0.64608477020415,0.64605886168971,0.000169586933576382,NA,FALSE,FALSE,TRUE,"diagnostics_met_only",187.807743308427,174.719919412909
"p.a[33]","local_continuous",TRUE,0.665758352762339,0.0073190706964054,0.651293565851255,0.665770301275111,0.680065164305181,1.00007242819957,48977.2928723901,46386.0826232088,3.30730431715388e-05,0.665757078037722,0.665743127579522,0.665720124647971,0.665813080784149,9.29561361774356e-05,NA,FALSE,FALSE,TRUE,"diagnostics_met_only",189.902921876452,179.855849679182
"p.a[34]","local_continuous",TRUE,0.684826800373823,0.00661082718422491,0.67178611736307,0.684832600244401,0.697676772473958,1.00002200393771,49785.3982463675,43523.1446067802,2.96431440025411e-05,0.684846053313313,0.684772628966456,0.684790388004213,0.684898131211308,0.000125502244852083,NA,FALSE,FALSE,TRUE,"diagnostics_met_only",193.036242701313,168.755189299942
"p.a[35]","local_continuous",TRUE,0.714338074905008,0.00668442664989903,0.701151821268901,0.714372354298922,0.727322933216878,1.00009311938694,50230.404155546,46322.2119487158,2.98228320335535e-05,0.714304167915743,0.714398048821119,0.714307398972172,0.714342683911002,9.38809053754319e-05,NA,FALSE,FALSE,TRUE,"diagnostics_met_only",194.761693771577,179.608199656139
"p.a[36]","local_continuous",TRUE,0.761729954745938,0.00580192731473802,0.750319365064081,0.76174605815607,0.773081005383587,1.00014663692067,47938.0054939464,45868.2211573703,2.65000076607959e-05,0.761726953595773,0.761718419374372,0.76171442776139,0.761760018252224,4.55904908335247e-05,NA,FALSE,FALSE,TRUE,"diagnostics_met_only",185.873223657933,177.847910903428
"p.a[37]","local_continuous",TRUE,0.779066009887759,0.00656913414633523,0.76600459073932,0.779127250796182,0.791708962975184,1.00004821501819,47705.8541418715,46854.7240816755,3.00811948729755e-05,0.779137256341621,0.779027570474683,0.77900075250631,0.77909846022843,0.000136503835311164,NA,FALSE,FALSE,TRUE,"diagnostics_met_only",184.973087748186,181.672944439955
"p.a[38]","local_continuous",TRUE,0.75623525296684,0.0073367398608622,0.741773146403178,0.756262421379095,0.770520512959924,1.00009044902191,50307.1191509694,47253.2278686766,3.27192246422428e-05,0.756327843894163,0.756154864035902,0.756282626043542,0.756175677893755,0.00017297985826159,NA,FALSE,FALSE,TRUE,"diagnostics_met_only",195.059145936207,183.218089732642
"p.a[39]","local_continuous",TRUE,0.747018304263459,0.00611356939855971,0.734836253734765,0.747034365807118,0.758935492240424,1.00006744993115,49833.3274663152,46031.4129687839,2.73870123232556e-05,0.746991205565293,0.747027813512324,0.747035074968838,0.747019123007373,4.38694035446163e-05,NA,FALSE,FALSE,TRUE,"diagnostics_met_only",193.222081860187,178.480665390175
"p.a[40]","local_continuous",TRUE,0.714075062359424,0.00642447154089283,0.701369302532536,0.714109471107727,0.726523394574537,1.00012211599791,46982.3227506664,46483.4361668022,2.96401969056747e-05,0.714104794464818,0.714161421874879,0.713977049835197,0.714056983262813,0.000184372039681691,NA,FALSE,FALSE,TRUE,"diagnostics_met_only",182.167691263387,180.233325062143
"p.a[41]","local_continuous",TRUE,0.750827967040455,0.0067247163698001,0.737547184888799,0.750855838191553,0.763937981989403,0.999996277647185,50885.5376212022,46536.5959948248,2.98238602975756e-05,0.750830586587691,0.750886301895108,0.750796836838515,0.750798142840499,8.9465056593574e-05,NA,FALSE,FALSE,TRUE,"diagnostics_met_only",197.301886421083,180.439445206314
"p.a[42]","local_continuous",TRUE,0.741034457555,0.00932438540504136,0.722532829751962,0.741108792491454,0.759035526690443,1.00002081895567,48841.3983398003,46246.0607590416,4.22015494841034e-05,0.741076361311533,0.740944771556889,0.741024169770638,0.741092527580942,0.000147756024052703,NA,FALSE,FALSE,TRUE,"diagnostics_met_only",189.376008948188,179.312933573116
"p.a[43]","local_continuous",TRUE,0.707528874272561,0.0100260450292559,0.687621190821842,0.707619520736406,0.726888817322855,1.00000863705539,51365.159396581,48165.2672370988,4.42497100838373e-05,0.707515726598513,0.707632825076629,0.707434190066591,0.70753275534852,0.00019863501003814,NA,FALSE,FALSE,TRUE,"diagnostics_met_only",199.161555896432,186.754400761122
"p.a[44]","local_continuous",TRUE,0.73057365656158,0.00711131852459843,0.716552050492359,0.730637209279911,0.74442762201848,0.99999343903267,52693.9529169849,49472.6049848631,3.09830491065623e-05,0.730589759367696,0.730536484260552,0.730610927131762,0.730557455486302,7.44428712099454e-05,NA,FALSE,FALSE,TRUE,"diagnostics_met_only",204.313775574083,191.823428541541
"p.a[45]","local_continuous",TRUE,0.715203465906017,0.00848828802374905,0.69844723078241,0.715212879813439,0.731775804484326,1.00006000818463,48987.1086923951,45211.3986127378,3.83602495333494e-05,0.715272929784934,0.715181276587189,0.715100677580219,0.715258979671718,0.000172252204715284,NA,FALSE,FALSE,TRUE,"diagnostics_met_only",189.940981409559,175.301169075434
"p.a[46]","local_continuous",TRUE,0.75095070163686,0.00697318919307326,0.737163221574303,0.750981987427164,0.764472273748481,1.00011357496912,50336.7774277318,45519.1844617814,3.10722402061674e-05,0.750925865882022,0.750910952668688,0.750952388160467,0.751013599836262,0.000102647167574021,NA,FALSE,FALSE,TRUE,"diagnostics_met_only",195.174141949353,176.494567661139
"p.a[47]","local_continuous",TRUE,0.740512426339308,0.00699033117589693,0.72673360751088,0.740531888029513,0.754043438028345,0.999991946771901,50192.9712233784,46216.7764161256,3.12044095222103e-05,0.740471853196939,0.740562716175105,0.740531509327069,0.740483626658115,9.0862978166184e-05,NA,FALSE,FALSE,TRUE,"diagnostics_met_only",194.616552568866,179.199387438595
"p.a[48]","local_continuous",TRUE,0.680228605535436,0.00768402440899773,0.665010775148898,0.680281481150047,0.695188901465338,1.00004898961136,50180.88522642,47790.3240905579,3.43117162522961e-05,0.680214830106534,0.680149136056459,0.68022850187979,0.68032195409896,0.000172818042501355,NA,FALSE,FALSE,TRUE,"diagnostics_met_only",194.569690727355,185.300608709953
"p.a[49]","local_continuous",TRUE,0.745276062619703,0.0130800985621631,0.719283597521835,0.74543239058125,0.770424349154982,0.999969898551206,49961.3130308657,45796.9472311236,5.84708912804304e-05,0.745266601602791,0.745304991246408,0.745330247409212,0.745202410220394,0.000127837188818369,NA,FALSE,FALSE,TRUE,"diagnostics_met_only",193.718328819558,177.57155575895
"p.a[50]","local_continuous",TRUE,0.601065745730505,0.00900049530036414,0.583318063722368,0.601059457281921,0.618627004355085,1.00006496476367,49043.8703849873,45703.8173228726,4.06353694949743e-05,0.600941166425882,0.601020248903813,0.601083684326706,0.601217883265615,0.000276716839732849,NA,FALSE,FALSE,TRUE,"diagnostics_met_only",190.161067303281,177.210456958798
"p.a[51]","local_continuous",TRUE,0.585028382991415,0.0073020826199729,0.570574605145773,0.585044915462884,0.599365545911731,1.00003823459716,47117.0410186407,47222.49955161,3.36479128424471e-05,0.584991154019201,0.585038113680595,0.585030000232599,0.585054264033256,6.31100140551233e-05,NA,FALSE,FALSE,TRUE,"diagnostics_met_only",182.690043382462,183.098944780909
"p.a[52]","local_continuous",TRUE,0.617271984120002,0.011285467877127,0.595091612001534,0.617309358502146,0.639409664681079,1.00005054464629,48550.2210737631,45997.5053884646,5.12050114405222e-05,0.617226851957147,0.617213658604297,0.617361410264447,0.617286015654112,0.000147751660150686,NA,FALSE,FALSE,TRUE,"diagnostics_met_only",188.247007928296,178.349193269142
"p.a[53]","local_continuous",TRUE,0.665638850900696,0.0117444476956786,0.642330167100457,0.665741962635029,0.688563397589978,1.00005893950782,49125.4337990489,46801.2792943367,5.29972107956536e-05,0.665469124155935,0.665616784230169,0.665717948338293,0.665751546878388,0.000282422722452935,NA,FALSE,FALSE,TRUE,"diagnostics_met_only",190.477318564633,181.465719404036
"p.a[54]","local_continuous",TRUE,0.681316350808832,0.00838266283936335,0.664774829548179,0.681364336159707,0.697582904503679,1.00007749098766,51361.3845127265,47861.4158044134,3.69746737092944e-05,0.681190219617884,0.681378336277042,0.681274907973976,0.681421939366421,0.000231719748536197,NA,FALSE,FALSE,TRUE,"diagnostics_met_only",199.146919287676,185.576257350182
"p.a[55]","local_continuous",TRUE,0.738734919342772,0.00752268666837877,0.723798360502646,0.738748827108535,0.753367628778829,1.00008431563731,51654.8431657302,47306.5501094833,3.30946131123907e-05,0.738742673274727,0.73879856005059,0.73865152205303,0.738746921992739,0.000147037997559885,NA,FALSE,FALSE,TRUE,"diagnostics_met_only",200.284766081301,183.424839610725
"p.a[56]","local_continuous",TRUE,0.716280639762789,0.00708844823669112,0.702280219274253,0.716314754254447,0.730044150627654,1.00004765911076,49302.4291788767,47650.5518864339,3.19317587792226e-05,0.716308445810597,0.71629809166122,0.716238960238986,0.716277061340344,6.94855716107945e-05,NA,FALSE,FALSE,TRUE,"diagnostics_met_only",191.163594547169,184.758660627412
"p.a[57]","local_continuous",TRUE,0.704947594881143,0.00788302971408489,0.689432941167872,0.704926689453172,0.72032360116924,1.00003423781421,50890.2516116328,47593.7348782453,3.49366123225574e-05,0.704905648210789,0.704933156431256,0.704984230106951,0.704967344775577,7.85818961617224e-05,NA,FALSE,FALSE,TRUE,"diagnostics_met_only",197.320164290356,184.538360254841
"p.a[58]","local_continuous",TRUE,0.673853632805209,0.00872168682416524,0.656593424342292,0.673896886627461,0.69079518550807,1.00011302273623,50385.4306798209,45873.8004421326,3.88479288297953e-05,0.673811758810641,0.673933301197004,0.673848052597844,0.673821418615353,0.00012154238636386,NA,FALSE,FALSE,TRUE,"diagnostics_met_only",195.362788446304,177.869543836083
"p.a[59]","local_continuous",TRUE,0.665275182913383,0.00818059213447981,0.649207742649469,0.665322563359372,0.681147850946978,1.00010679517596,49601.7123290614,47747.7359689636,3.67229806145829e-05,0.665306709448409,0.665270148913466,0.66529594483806,0.665227928453598,7.87809948116225e-05,NA,FALSE,FALSE,TRUE,"diagnostics_met_only",192.324025051904,185.135478947696
"p.a[60]","local_continuous",TRUE,0.741306810972128,0.00800982733841286,0.725502954895508,0.741355546191291,0.756842485891304,1.000120785711,47962.5942177878,46238.1065784971,3.65711446266409e-05,0.741330767040676,0.741302091377114,0.74135501037105,0.741239375099668,0.000115635271382586,NA,FALSE,FALSE,TRUE,"diagnostics_met_only",185.968563155664,179.282092298763
"p.a[61]","local_continuous",TRUE,0.620382502168477,0.0106648554826969,0.599204958501625,0.620487139356179,0.641080876804708,1.00419867228476,17162.4122292795,44271.5971762796,8.16271383958471e-05,0.62044091514756,0.61951326789597,0.620745474647488,0.620830350982888,0.0013170830869178,NA,FALSE,FALSE,TRUE,"diagnostics_met_only",66.5449647713305,171.65721433028
"p.a[62]","local_continuous",TRUE,0.552876283120615,0.00797011111097259,0.537268099446036,0.552910738228437,0.568414093196998,1.00075977876535,49339.9651678934,48312.7695680374,3.58842910828868e-05,0.552945346865259,0.552560526984861,0.552958482510726,0.553040776121617,0.000480249136756039,NA,FALSE,FALSE,TRUE,"diagnostics_met_only",191.30913533907,187.326321379557
"p.a[63]","local_continuous",TRUE,0.647393024307291,0.00741311825849959,0.632829704055176,0.647429682679816,0.661746570496969,1.00007406819929,48133.822711698,47922.5524337712,3.3781942273087e-05,0.647442671297361,0.647500623747779,0.647287326706155,0.647341475477867,0.000213297041623428,NA,FALSE,FALSE,TRUE,"diagnostics_met_only",186.632478807082,185.813306477805
"p.a[64]","local_continuous",TRUE,0.627443985281678,0.00905949891196174,0.609715418117019,0.62745280093009,0.645084928179652,1.00010581605871,47748.2308840954,46580.1736161231,4.14525623978141e-05,0.627469089368712,0.627467998145796,0.627425258323564,0.627413595288638,5.54940800746584e-05,NA,FALSE,FALSE,TRUE,"diagnostics_met_only",185.137397915122,180.608411621721
"p.a[65]","local_continuous",TRUE,0.617906001669385,0.00847933721480804,0.601187620635532,0.61792431769409,0.634464360928071,1.0004235222364,51326.7910413498,48735.5245763006,3.74233943770035e-05,0.617575787624551,0.618078942341914,0.618092286652348,0.617876990058733,0.000516499027797157,NA,FALSE,FALSE,TRUE,"diagnostics_met_only",199.012787715532,188.965497548731
"p.a[66]","local_continuous",TRUE,0.60575064990456,0.00658151724909413,0.592822371608172,0.605755154991685,0.618606445769273,1.00006159729031,49104.3095479696,46560.5663723261,2.97048530430944e-05,0.605780828990082,0.605775420956837,0.605633332368051,0.605813017303264,0.000179684935212809,NA,FALSE,FALSE,TRUE,"diagnostics_met_only",190.395412098042,180.53238714857
"p.a[67]","local_continuous",TRUE,0.60385816552881,0.00810755971904821,0.58792307354751,0.603900597492838,0.619717000357986,1.00207733999938,45253.3327107963,48717.9226234306,3.81122297311928e-05,0.604087547254894,0.603331993124595,0.604070301556939,0.603942820178801,0.000755554130299374,NA,FALSE,FALSE,TRUE,"diagnostics_met_only",175.463762948645,188.897248323739
"p.a[68]","local_continuous",TRUE,0.635570811152642,0.009435850990189,0.616910783668358,0.635622572689586,0.65395343706997,1.00016531360663,49028.0743600059,46652.2540392344,4.26460139534266e-05,0.635586080838584,0.635576651789187,0.635475088704243,0.635645423278555,0.000170334574312259,NA,FALSE,FALSE,TRUE,"diagnostics_met_only",190.099820322852,180.887893850242
"p.a[69]","local_continuous",TRUE,0.602042083929659,0.00939643338152582,0.583621264038016,0.602085231108528,0.620370145062051,1.00045823523626,50805.5322111395,49735.4825547069,4.16755145563277e-05,0.6021647628357,0.601780001774445,0.602115733366706,0.60210783774178,0.000384761061254291,NA,FALSE,FALSE,TRUE,"diagnostics_met_only",196.991676112473,192.842701263273
"p.a[70]","local_continuous",TRUE,0.649568689244379,0.0106765665664591,0.628319699023318,0.649596635594686,0.670446032502724,1.00024901667278,48957.6188284471,46473.6007415808,4.82624039557648e-05,0.649675692054256,0.649667178654289,0.649675033375225,0.649256852893745,0.000418839160510553,NA,FALSE,FALSE,TRUE,"diagnostics_met_only",189.826638394643,180.195189512424
"p.a[71]","local_continuous",TRUE,0.665548119494913,0.00843614905549808,0.648997265998475,0.665559049681606,0.682105853637354,1.00009118745841,48481.70926214,47818.9681770005,3.82977772614023e-05,0.665549547372687,0.665663179350148,0.66543533675566,0.66554441450116,0.000227842594487826,NA,FALSE,FALSE,TRUE,"diagnostics_met_only",187.981362514937,185.411672335379
"p.a[72]","local_continuous",TRUE,0.726756250165422,0.00613780829109379,0.714696973532627,0.726777966637866,0.738686456272935,1.00007812943116,51924.7820416657,46357.2028552803,2.69247036692571e-05,0.726794885029974,0.726719433808155,0.726814787182951,0.726695894640602,0.000118892542349203,NA,FALSE,FALSE,TRUE,"diagnostics_met_only",201.331418075763,179.743872230224
"p.a[73]","local_continuous",TRUE,0.636468313371148,0.00965972042916392,0.617499266482986,0.636488794501081,0.655282413613866,1.00041438755336,48518.6402217862,47833.5278884424,4.38397720637184e-05,0.636585360309391,0.636516628223402,0.636639190241474,0.636132074710327,0.000507115531147018,NA,FALSE,FALSE,TRUE,"diagnostics_met_only",188.124557386136,185.468125674923
"p.a[74]","local_continuous",TRUE,0.734006705201951,0.00626405050449104,0.72161691222415,0.734016026873758,0.746168980705029,1.00008515046357,49122.3662377903,46684.2269489403,2.82543910885743e-05,0.734023271315896,0.734031477272179,0.734006957160848,0.733965115058876,6.63622133033615e-05,NA,FALSE,FALSE,TRUE,"diagnostics_met_only",190.46542450492,181.011864543965
"p.a[75]","local_continuous",TRUE,0.741448751692347,0.00730241869874223,0.7270974961789,0.741469849399899,0.755654109942151,1.00004474495877,48513.1548605279,46545.5377106244,3.31474296851879e-05,0.741474268125662,0.741425740259503,0.741395813222391,0.741499185161829,0.000103371939438102,NA,FALSE,FALSE,TRUE,"diagnostics_met_only",188.103288629343,180.474115516928
"p.a[76]","local_continuous",TRUE,0.809925647795916,0.0106658132877374,0.788731417354501,0.810084952087319,0.830435282130215,1.00002272696059,48780.0263932459,46777.6359206689,4.82785409445224e-05,0.809975757145079,0.809926348939914,0.809906775817259,0.809893709281414,8.20478636645028e-05,NA,FALSE,FALSE,TRUE,"diagnostics_met_only",189.138047409515,181.374045375538
"p.a[77]","local_continuous",TRUE,0.763530118670097,0.00713149290714065,0.749502387970602,0.763562784556873,0.777468365000313,1.00010032531331,49064.2154593697,47432.9387618732,3.22009033385025e-05,0.763611688486276,0.763440157527725,0.76348053064206,0.76358809802432,0.000171530958550825,NA,FALSE,FALSE,TRUE,"diagnostics_met_only",190.239952616136,183.914894756145
"p.a[78]","local_continuous",TRUE,0.759218830208998,0.00738316818171843,0.744444667845918,0.759258775770018,0.773575617527623,1.00012055942829,48516.8744956853,46139.533821723,3.35379039172477e-05,0.759271826529836,0.759235567391073,0.759246151822508,0.759121775092572,0.00015005143726321,NA,FALSE,FALSE,TRUE,"diagnostics_met_only",188.117711018644,178.899889579278
"p.a[79]","local_continuous",TRUE,0.822075629005461,0.00764730077139394,0.806795353781822,0.822122486509052,0.836939509989509,1.00004123218969,48329.1748541212,46546.8551430411,3.48148082538906e-05,0.822072963964601,0.822019572692607,0.822085966285231,0.822124013079393,0.000104440386786142,NA,FALSE,FALSE,TRUE,"diagnostics_met_only",187.389930688664,180.479223685441
"p.a[80]","local_continuous",TRUE,0.666694666125293,0.011414664808557,0.644181307771057,0.666815575432407,0.688683555842063,1.00003990184417,50690.5618512427,47272.8022271482,5.06978482334714e-05,0.666689135912572,0.666618567934325,0.666749875971135,0.666721084683145,0.000131308036809386,NA,FALSE,FALSE,TRUE,"diagnostics_met_only",196.545893873538,183.29398669733
"p.a[81]","local_continuous",TRUE,0.718122103121959,0.00586753453506435,0.706472545515042,0.718146055254806,0.729372355758358,1.00008974046645,48832.2802390736,46577.4858619451,2.6557607332043e-05,0.718174854987749,0.718040169431108,0.718148474015395,0.718124914053584,0.000134685556640535,NA,FALSE,FALSE,TRUE,"diagnostics_met_only",189.34065472854,180.597990213314
"p.a[82]","local_continuous",TRUE,0.659192815807187,0.00841291167618935,0.642666382967625,0.659212077746108,0.675626599515364,1.00120673238857,42723.0239727613,47749.9075389126,4.07081593366948e-05,0.659435547643489,0.659415094438937,0.659279648256987,0.658640972889345,0.000794574754143906,NA,FALSE,FALSE,TRUE,"diagnostics_met_only",165.652828239487,185.14389892059
"p.a[83]","local_continuous",TRUE,0.681547883181164,0.00721040157880965,0.667254102921803,0.681568763297043,0.695659628434166,1.00006058866305,48738.9968207881,47499.9682001713,3.26594931304743e-05,0.68142837680934,0.681555012829513,0.681541757762159,0.681666385323641,0.000238008514301002,NA,FALSE,FALSE,TRUE,"diagnostics_met_only",188.9789607137,184.174792464614
"p.a[84]","local_continuous",TRUE,0.645989798544893,0.00887329407206335,0.628595401845874,0.645997616950259,0.663446897301872,1.00003930165972,48260.0994363292,46097.7993170611,4.04176874428057e-05,0.646063819137645,0.646099449936957,0.645898611640659,0.645897313464308,0.000202136472649106,NA,FALSE,FALSE,TRUE,"diagnostics_met_only",187.122099967543,178.738069602846
"p.a[85]","local_continuous",TRUE,0.673630396174646,0.00737055366624441,0.659045466746715,0.673665648021636,0.688003761343078,1.00009598608514,49793.7463139663,45103.9084188713,3.30314170968445e-05,0.673636075786207,0.673693036853287,0.673573044958972,0.67361942710011,0.00011999189431422,NA,FALSE,FALSE,TRUE,"diagnostics_met_only",193.068611220193,174.884390182784
"p.a[86]","local_continuous",TRUE,0.688895395838795,0.00842853588574378,0.672282812693075,0.688940209515118,0.705300419404502,1.00004405837282,49739.7999512275,47315.435510748,3.77831971885375e-05,0.68889010145568,0.688986618478404,0.688812623132359,0.688892240288729,0.000173995346044453,NA,FALSE,FALSE,TRUE,"diagnostics_met_only",192.859441392547,183.45929156924
"p.a[87]","local_continuous",TRUE,0.679353801854975,0.00753697955670803,0.664508253748638,0.679370785243634,0.69411167725002,1.00006053911782,49983.7995161743,48087.232275972,3.3719216674453e-05,0.679289794410115,0.679416434480673,0.679388028752708,0.679320949776412,0.000126640070558404,NA,FALSE,FALSE,TRUE,"diagnostics_met_only",193.805517167717,186.451830605497
"p.a[88]","local_continuous",TRUE,0.605280445742219,0.00901391834374671,0.587451500065912,0.605351644270841,0.622763469752794,1.00007792352543,50767.7075741199,48477.4043419689,4.00094555957276e-05,0.605327946334964,0.605370356174917,0.605165272804181,0.605258207654817,0.000205083370736325,NA,FALSE,FALSE,TRUE,"diagnostics_met_only",196.845016126433,187.964670761045
"p.a[89]","local_continuous",TRUE,0.643286136506316,0.0075598073858264,0.628468595238576,0.643278552888542,0.658111207716579,1.00003909418903,49986.3709217809,46282.6521765014,3.38190806546545e-05,0.643303442484438,0.643279136747351,0.643202999497095,0.643358967296378,0.000155967799282952,NA,FALSE,FALSE,TRUE,"diagnostics_met_only",193.815487450053,179.454811914766
"p.a[90]","local_continuous",TRUE,0.631159527293216,0.0100843114179331,0.611257257248475,0.63124040284352,0.650760168295396,0.999994431518448,48649.5840134109,47192.0412614424,4.57310443206365e-05,0.631110853115398,0.631290703821356,0.631096546599181,0.631140005636933,0.000194157222175306,NA,FALSE,FALSE,TRUE,"diagnostics_met_only",188.632274476501,182.980846822469
"p.a[91]","local_continuous",TRUE,0.68082659003289,0.00653553044270032,0.667924460300368,0.680876279567068,0.693561899317553,1.00004808505802,49352.9354629931,46998.7890094596,2.94209114305958e-05,0.68078423694062,0.680749088957863,0.680935432570284,0.680837601662793,0.000186343612420647,NA,FALSE,FALSE,TRUE,"diagnostics_met_only",191.3594259287,182.231536986044
"p.a[92]","local_continuous",TRUE,0.718871728768159,0.010039273994363,0.699063567543255,0.718946381222204,0.738335580351427,1.00001813559948,48682.7319982122,45333.3050688926,4.54901472353609e-05,0.718769317657598,0.718915278604286,0.718858280428692,0.718944038382053,0.000174720724455457,NA,FALSE,FALSE,TRUE,"diagnostics_met_only",188.760801367207,175.773845102663
"p.a[93]","local_continuous",TRUE,0.713038792180119,0.010584840399201,0.691960242313769,0.713188331276023,0.73338493859649,1.00009344411099,48340.2659749684,45837.5303591864,4.81510538812736e-05,0.713079275363252,0.713175204546155,0.712885597455714,0.71301509135535,0.000289607090441235,NA,FALSE,FALSE,TRUE,"diagnostics_met_only",187.432935030722,177.728911426159
"p.a[94]","local_continuous",TRUE,0.746786677778921,0.00891913211096372,0.729187633361845,0.746847733345209,0.764091217087286,1.00006449831571,49287.1718468232,46482.330031047,4.01766958043088e-05,0.746852291256545,0.746686030944343,0.746713671875966,0.74689471703883,0.000208686094486987,NA,FALSE,FALSE,TRUE,"diagnostics_met_only",191.104436276732,180.229036168258
"p.a[95]","local_continuous",TRUE,0.776365218122229,0.00917142918098707,0.758004616942554,0.776448774010272,0.794085345471567,1.000010027095,50278.8596376913,46883.2035538264,4.09178884568985e-05,0.776437509312131,0.776328014533795,0.776397064016687,0.776298284626302,0.000139224685828165,NA,FALSE,FALSE,TRUE,"diagnostics_met_only",194.949573441944,181.783369795416
"p.a[96]","local_continuous",TRUE,0.753982695735054,0.00807802833650156,0.73799762463318,0.754048505810142,0.769609282285849,1.00005593121862,49709.1487369835,48126.7357407702,3.62243109622628e-05,0.754025559232113,0.753959626512363,0.753997849618697,0.753947747577044,7.78116550690378e-05,NA,FALSE,FALSE,TRUE,"diagnostics_met_only",192.740595396726,186.605000022373
"p.a[97]","local_continuous",TRUE,0.758977285581229,0.0102569886081045,0.738622696241596,0.759110474674488,0.778833814251966,1.00005348933043,48698.8624569578,46126.5770385035,4.64890952748829e-05,0.759018179948735,0.758934655174694,0.759014574346589,0.758941732854901,8.3524774041499e-05,NA,FALSE,FALSE,TRUE,"diagnostics_met_only",188.823345069959,178.849651380162
"p.a[98]","local_continuous",TRUE,0.682758316312317,0.00991708678870491,0.663199851276819,0.682791076519658,0.70206715303147,1.00013215077447,49397.2698038596,47239.5323990072,4.46415583370612e-05,0.682986432922026,0.682848305763329,0.682648748460588,0.682549778103322,0.000436654818703697,NA,FALSE,FALSE,TRUE,"diagnostics_met_only",191.531326423322,183.164987375322
"p.a[99]","local_continuous",TRUE,0.712301041458334,0.0108717865170687,0.690746498583044,0.712390776609723,0.733423249402847,1.0000261061375,48575.9528978386,45628.2609687378,4.93240087823283e-05,0.712478211978121,0.712252808112627,0.712279899265357,0.712193246477232,0.000284965500888634,NA,FALSE,FALSE,TRUE,"diagnostics_met_only",188.34677964475,176.917497271256
"p.a[100]","local_continuous",TRUE,0.769352075252328,0.0088412063994927,0.751677007902057,0.769445890654437,0.786489937719085,0.999976884646049,50192.3824507749,48488.3420571221,3.9455484548507e-05,0.769344573754299,0.769370214324756,0.769369621795026,0.769323891135233,4.63231895230232e-05,NA,FALSE,FALSE,TRUE,"diagnostics_met_only",194.614269681609,188.007080292982
"p.a[101]","local_continuous",TRUE,0.64325657331295,0.0108207035957712,0.621901534780133,0.643329455824196,0.664275512737276,1.00199080282025,15216.8150828512,46447.9440186561,8.79700762296699e-05,0.643471745534153,0.642422183716979,0.643747687163743,0.643384676836926,0.0013255034467643,NA,FALSE,FALSE,TRUE,"diagnostics_met_only",59.0011712859721,180.095708990668
"p.a[102]","local_continuous",TRUE,0.707305295158019,0.00859229634803454,0.690361601023019,0.707345691225425,0.723978816017219,1.00010015850678,47834.3611277081,46020.9804087143,3.92916705640482e-05,0.70729562124003,0.707338721541885,0.707299682755561,0.707287155094605,5.15664472795496e-05,NA,FALSE,FALSE,TRUE,"diagnostics_met_only",185.471356449061,178.440214529712
"p.a[103]","local_continuous",TRUE,0.742753830872818,0.00667614795435741,0.729569754300669,0.742775341189691,0.755794241831088,1.00012959345336,47169.8122702539,48021.9194897661,3.07420222397629e-05,0.742809583367459,0.742677500023404,0.742810385153422,0.742717854946997,0.000132885130017857,NA,FALSE,FALSE,TRUE,"diagnostics_met_only",182.894656873423,186.198588986596
"p.a[104]","local_continuous",TRUE,0.747191536456538,0.00780541173392739,0.731727727034548,0.747253463869402,0.762325525340409,1.00002680703556,49298.0759255141,46957.749196521,3.51540980546816e-05,0.747283731478655,0.747146155266549,0.747172899371327,0.747163359709624,0.000137576212106416,NA,FALSE,FALSE,TRUE,"diagnostics_met_only",191.146715387772,182.072410584129
"p.a[105]","local_continuous",TRUE,0.715282348236411,0.0085019486984249,0.69857706407446,0.715315040312681,0.731809661112956,1.00008851633636,49954.7204685696,46983.6782871283,3.80271768732735e-05,0.715282916344312,0.71526139565292,0.715221060179276,0.71536402076914,0.000142960589863295,NA,FALSE,FALSE,TRUE,"diagnostics_met_only",193.692767038388,182.172947175254
"p.a[106]","local_continuous",TRUE,0.694313874794625,0.00773643714618564,0.679041167816603,0.694346468903297,0.709405166862924,1.0001407415984,50013.4400708043,47399.6638008646,3.45990108002717e-05,0.694370622183764,0.694217071563413,0.694241522386139,0.694426283045176,0.000209211481762561,NA,FALSE,FALSE,TRUE,"diagnostics_met_only",193.920444465657,183.785875532128
"p.a[107]","local_continuous",TRUE,0.77655537249469,0.00902616328976098,0.758643469835233,0.776613576057742,0.794111079250706,1.00002132503008,48888.4606560777,46961.678546825,4.08247783805918e-05,0.776547591911399,0.776533329868055,0.77651822830683,0.776622339892477,0.000104111585646272,NA,FALSE,FALSE,TRUE,"diagnostics_met_only",189.558486803684,182.087646115945
"p.a[108]","local_continuous",TRUE,0.562560388916203,0.0132244629190825,0.536437472225092,0.562633656929102,0.588389298515359,1.00006618722199,50321.1423956752,48950.6799670058,5.89501392000793e-05,0.56271800188005,0.562407853659552,0.562616861587231,0.562498838537981,0.000310148220497908,NA,FALSE,FALSE,TRUE,"diagnostics_met_only",195.113519197522,189.799733884717
"p.a[109]","local_continuous",TRUE,0.55766867358836,0.0142133156511981,0.529573310660873,0.55773845459404,0.5853149781925,1.00138663152455,3820.60147785908,43420.5971824102,0.00023073796230142,0.558145369511812,0.557616660995689,0.557407339961236,0.557505323884697,0.000738029550576225,NA,FALSE,FALSE,TRUE,"diagnostics_met_only",14.8138727442802,168.357575336886
"p.a[110]","local_continuous",TRUE,0.634772734709714,0.00702926156533297,0.620897128322992,0.634783201934944,0.648450156538318,1.00004923634141,51216.0871242107,45941.1304345875,3.10871689660779e-05,0.634782050783885,0.634817239482266,0.634710853295195,0.634780795277513,0.000106386187070706,NA,FALSE,FALSE,TRUE,"diagnostics_met_only",198.583548039451,178.130606903215
"p.a[111]","local_continuous",TRUE,0.707694154428927,0.00855378582479437,0.690693667367833,0.707792245477938,0.724354551412388,1.00042125895626,46687.8380421118,47789.790707777,3.96269528721805e-05,0.707403433168879,0.707762215757133,0.707807628806654,0.707803339983043,0.000404195637774274,NA,FALSE,FALSE,TRUE,"diagnostics_met_only",181.025866076189,185.298540589348
"p.a[112]","local_continuous",TRUE,0.696750316487329,0.0092043553239792,0.678544564557853,0.696803040778094,0.714459895083091,1.00052336874816,48085.6955580575,47212.0395956407,4.20363930625781e-05,0.696740900223639,0.696477830873204,0.696987125215963,0.69679540963652,0.000509294342758371,NA,FALSE,FALSE,TRUE,"diagnostics_met_only",186.445872186709,183.058387696498
"p.a[113]","local_continuous",TRUE,0.596026584096004,0.00952102333649815,0.577290411671153,0.596060827262147,0.614629347610974,1.00005027241067,47802.3656073405,45251.3854251194,4.35460006978252e-05,0.596004941075706,0.596068017102962,0.596106664311588,0.59592671389375,0.000179950417837804,NA,FALSE,FALSE,TRUE,"diagnostics_met_only",185.347298085513,175.456212608108
"p.a[114]","local_continuous",TRUE,0.790083744035711,0.00658870509827899,0.776983429348469,0.790150520334788,0.802778572505726,1.0000314587773,50453.4394978198,48378.2769713964,2.93380387765239e-05,0.790057994309943,0.789998377904043,0.790170402264912,0.790108201663938,0.000172024360869161,NA,FALSE,FALSE,TRUE,"diagnostics_met_only",195.62648356896,187.580317600517
"p.a[115]","local_continuous",TRUE,0.805404532100557,0.00662818006393523,0.792177120040623,0.805474051446675,0.818209497475013,1.00008865054363,50013.0044052551,47441.1361387246,2.9641555533368e-05,0.805451857036249,0.80541422867955,0.805375952391735,0.805376090294699,7.59046445141243e-05,NA,FALSE,FALSE,TRUE,"diagnostics_met_only",193.918755230587,183.946678991748
"p.a[116]","local_continuous",TRUE,0.802376348786183,0.00583077326968372,0.79088126100178,0.802430487218039,0.813653320665622,1.00002012329053,49710.3737243557,47018.686249476,2.6161154220412e-05,0.802437098318451,0.80235213856593,0.802357105915136,0.802359052345228,8.49597525206525e-05,NA,FALSE,FALSE,TRUE,"diagnostics_met_only",192.745345121907,182.308685880864
"p.a[117]","local_continuous",TRUE,0.794521842560128,0.0089423724620866,0.77666802209198,0.794619317381275,0.811745910589176,1.00005341228887,47582.3919610876,46465.5032648417,4.09923696619456e-05,0.794472795016435,0.794436157907661,0.79446688291391,0.794711534402502,0.000275376494841217,NA,FALSE,FALSE,TRUE,"diagnostics_met_only",184.494379606167,180.163792626186
"p.a[118]","local_continuous",TRUE,0.780510833297792,0.00742048271333762,0.765955405629626,0.780534372702212,0.794905535990683,1.00005145825826,47895.7202897337,46505.5357091763,3.39075862477292e-05,0.780568404938883,0.780550199532515,0.780509981460266,0.780414747259504,0.000153657679379138,NA,FALSE,FALSE,TRUE,"diagnostics_met_only",185.709268417429,180.319013090673
"p.a[119]","local_continuous",TRUE,0.800916323271633,0.00680882535850571,0.787344758386714,0.800999051440723,0.814090117322235,1.00016386188436,47890.6380064945,45546.1449485064,3.10909004962035e-05,0.801118417960816,0.80082064717014,0.800876731146343,0.800849496809225,0.000297770790675167,NA,FALSE,FALSE,TRUE,"diagnostics_met_only",185.689562541903,176.599103353172
"p.a[120]","local_continuous",TRUE,0.753634986135025,0.00923331925714903,0.735381193102563,0.753700837370319,0.771540514603516,1.00011703324783,48863.7585017178,45729.050392828,4.17563336377119e-05,0.753598092720277,0.753523637682538,0.753760740911654,0.753657473225642,0.000237103229115632,NA,FALSE,FALSE,TRUE,"diagnostics_met_only",189.462707494243,177.308294822661
"p.a[121]","local_continuous",TRUE,0.760867572707997,0.0066103430668663,0.747833398303313,0.760918745899734,0.773510313392624,1.00009482408776,49924.6762490842,48155.0497981642,2.95813188421486e-05,0.76085069643148,0.760910510095091,0.760942095224926,0.76076698908049,0.000175106144435722,NA,FALSE,FALSE,TRUE,"diagnostics_met_only",193.5762745838,186.714784004173
"p.a[122]","local_continuous",TRUE,0.752370722342941,0.00899957962610315,0.7344970691131,0.752453280030246,0.769616606611553,1.00004410556014,48469.6946773829,45392.6970560854,4.08917229447013e-05,0.75235086705505,0.752358505991737,0.752412672201658,0.752360844123322,6.18051466079184e-05,NA,FALSE,FALSE,TRUE,"diagnostics_met_only",187.934777564715,176.004129612943
"p.a[123]","local_continuous",TRUE,0.76641017411927,0.0076394327307695,0.751329311995345,0.766452247697398,0.781245680891356,1.00007995929533,49058.4713187273,46682.0411749082,3.44787598368367e-05,0.766399963200857,0.766511312796867,0.766417955844519,0.766311464634836,0.000199848162031002,NA,FALSE,FALSE,TRUE,"diagnostics_met_only",190.217680476789,181.003389496633
"p.a[124]","local_continuous",TRUE,0.716163044936257,0.00811612749724123,0.700151964217271,0.716215024928349,0.732023022495242,1.00005475030767,50343.2405325946,47451.5319622141,3.61798274125133e-05,0.716207215655012,0.716223203368639,0.716150262989502,0.716071497731881,0.00015170563675837,NA,FALSE,FALSE,TRUE,"diagnostics_met_only",195.199201776588,183.986987411021
"p.a[125]","local_continuous",TRUE,0.782992531191659,0.00570742894515982,0.771738894667221,0.78300547742472,0.794137529043194,1.00002259541565,50035.6011215736,47437.7226650868,2.55129630443585e-05,0.783072093877113,0.782982977920555,0.782982464192911,0.782932588776057,0.000139505101055315,NA,FALSE,FALSE,TRUE,"diagnostics_met_only",194.006370984788,183.933443702911
"p.a[126]","local_continuous",TRUE,0.793587582236569,0.00591501580751595,0.781859638161993,0.793617082970593,0.805030432126925,1.00001780945946,51155.8613672454,47623.1464177143,2.61492008027155e-05,0.793654748883355,0.793521216671304,0.79362221801101,0.793552145380616,0.000133532212051035,NA,FALSE,FALSE,TRUE,"diagnostics_met_only",198.350030698063,184.652399577035
"p.a[127]","local_continuous",TRUE,0.685116086005815,0.00647449676370606,0.672405812510881,0.685148375708775,0.69768823156442,1.00012260872403,51282.0210829122,49808.0667308663,2.85832990561882e-05,0.685130106536274,0.685166067280442,0.685118938657281,0.685049231549258,0.000116835731183929,NA,FALSE,FALSE,TRUE,"diagnostics_met_only",198.839198171869,193.124136727062
"p.a[128]","local_continuous",TRUE,0.72012710286466,0.00845284867224913,0.703550607907419,0.720178416528829,0.736473874139498,1.00003881866665,50030.6348034677,48224.3548788652,3.7788113263037e-05,0.720236864637774,0.720101489886837,0.720090991976328,0.720079064957694,0.000157799680080339,NA,FALSE,FALSE,TRUE,"diagnostics_met_only",193.987114748602,186.983505212597
"p.a[129]","local_continuous",TRUE,0.734238091853346,0.00810099909943779,0.718284843125752,0.734285002462422,0.74993442669599,1.00009366953257,48979.5030048672,44465.601415516,3.66214404724724e-05,0.734253343072791,0.734302247482112,0.73405846603862,0.734338310819854,0.000279844781234662,NA,FALSE,FALSE,TRUE,"diagnostics_met_only",189.911491370406,172.409439897001
"p.a[130]","local_continuous",TRUE,0.675857998279328,0.0123251231010799,0.65129906707258,0.675999907013196,0.699488649297245,1.00005202606475,48778.4921738477,46211.9491305383,5.57881908536524e-05,0.675968917223401,0.675859469807566,0.675827943558959,0.675775662527387,0.000193254696014944,NA,FALSE,FALSE,TRUE,"diagnostics_met_only",189.132098678391,179.180670282459
"p.a[131]","local_continuous",TRUE,0.55785183837202,0.0127936722576264,0.53268708761531,0.557848490908253,0.582989549935534,1.0000451817287,47920.4125973108,48113.7864713123,5.84362893563444e-05,0.557795585332157,0.557982680760803,0.557646544571467,0.557982542823651,0.000336136189336034,NA,FALSE,FALSE,TRUE,"diagnostics_met_only",185.805009547282,186.554790956865
"p.a[132]","local_continuous",TRUE,0.723178817679317,0.00889475180293344,0.705615950957116,0.723221916887145,0.740560342451223,1.00001394554246,48432.0208686402,45058.0105929177,4.04349037591317e-05,0.723131052368315,0.723182606395136,0.723187715776425,0.723213896177393,8.28438090784145e-05,NA,FALSE,FALSE,TRUE,"diagnostics_met_only",187.788702395205,174.706427483231
"p.a[133]","local_continuous",TRUE,0.670012556772313,0.0111393920086487,0.648112429474353,0.669989681097318,0.69166672836489,1.00004432673039,48287.8804057268,47985.4597008207,5.06719223357852e-05,0.669863544755069,0.6701716309694,0.66992427586661,0.670090775498178,0.000308086214330205,NA,FALSE,FALSE,TRUE,"diagnostics_met_only",187.229816971726,186.057221016959
"p.a[134]","local_continuous",TRUE,0.750870365027348,0.00853314914668257,0.733829116503291,0.750977024541528,0.767386418633213,1.00026915778602,47267.1701602131,46397.1517501451,3.92771277004079e-05,0.750960440547192,0.750874599225237,0.750906039825449,0.750740380511514,0.000220060035677538,NA,FALSE,FALSE,TRUE,"diagnostics_met_only",183.272149108838,179.898768742784
"p.a[135]","local_continuous",TRUE,0.691572597493692,0.0077511783437186,0.676283883163324,0.69163954739696,0.706578559506758,1.00021788399778,50442.1712408356,47625.4121993556,3.4511218694126e-05,0.691509932057586,0.691609326756523,0.691563497884206,0.691607633276454,9.93946989374939e-05,NA,FALSE,FALSE,TRUE,"diagnostics_met_only",195.582792405152,184.661184843201
"p.a[136]","local_continuous",TRUE,0.713347431229376,0.012978582620094,0.687657806312695,0.713423403346412,0.738410789214694,1.00004629817181,50440.3580552148,46577.2453422693,5.77694324198127e-05,0.713428720446591,0.713197859922397,0.713351598077159,0.71341154647136,0.00023086052419341,NA,FALSE,FALSE,TRUE,"diagnostics_met_only",195.5757620197,180.597057630345
"p.a[137]","local_continuous",TRUE,0.652757270318769,0.0141886187079005,0.624644451861258,0.652836886725321,0.680402398510111,1.00001957286192,47639.135789995,47810.7971799084,6.50009828211097e-05,0.652947681864698,0.652671539895427,0.652624709320587,0.652785150194366,0.000322972544111066,NA,FALSE,FALSE,TRUE,"diagnostics_met_only",184.714396235833,185.379990383775
"p.a[138]","local_continuous",TRUE,0.657655371582856,0.00868391402162019,0.640554285478088,0.657638146828314,0.674568974154493,1.00010526804038,50194.2412450833,46068.7327248476,3.87642692975405e-05,0.657662742228797,0.657743396403811,0.65759036715914,0.657624980539683,0.000153029244670866,NA,FALSE,FALSE,TRUE,"diagnostics_met_only",194.621476908666,178.625367767636
"p.a[139]","local_continuous",TRUE,0.619438231049381,0.00963145049210375,0.600413954278208,0.619437305816877,0.63824758951802,1.00006028794698,48163.4427752403,47155.8928549436,4.38918296014582e-05,0.619293738735745,0.619602703341485,0.619383673759345,0.619472808360953,0.000308964605739592,NA,FALSE,FALSE,TRUE,"diagnostics_met_only",186.747326653562,182.840686196744
"p.a[140]","local_continuous",TRUE,0.728001365097167,0.0090105458712725,0.710155988848116,0.728076513709784,0.745417990402986,1.00000547192397,48759.7383790561,43510.2271817989,4.08730264916676e-05,0.727938470621819,0.727978599990642,0.727974431389217,0.728113958386981,0.000175487765162408,NA,FALSE,FALSE,TRUE,"diagnostics_met_only",189.059383339949,168.705103707146
"p.a[141]","local_continuous",TRUE,0.730262999200601,0.00796630478520352,0.714557630126729,0.730285465414359,0.74579893159398,1.0000503659944,49792.3412072536,46492.605490827,3.56983637976395e-05,0.73019427412477,0.730330694381532,0.730287221959161,0.73023980633694,0.00013642025676186,NA,FALSE,FALSE,TRUE,"diagnostics_met_only",193.063163106289,180.268877893299
"p.a[142]","local_continuous",TRUE,0.639912825866105,0.0113998555331571,0.617465910351413,0.64000717924845,0.662035504355984,1.00007150368519,51899.5493286124,49549.3588599269,5.0053373941271e-05,0.639981420935591,0.639896969846979,0.63982908864214,0.639943824039704,0.000152332293451463,NA,FALSE,FALSE,TRUE,"diagnostics_met_only",201.233581595739,192.121031456792
"p.a[143]","local_continuous",TRUE,0.773737163571504,0.00684056273467195,0.760173870042062,0.773792873303865,0.787057300244962,0.999988562562779,48923.6793139985,47366.2275875695,3.09285518414607e-05,0.773813585087064,0.773698506611389,0.773696440964839,0.773740121622732,0.000117144122224744,NA,FALSE,FALSE,TRUE,"diagnostics_met_only",189.695042453282,183.656231073873
"p.w[1]","local_continuous",TRUE,0.183036741314415,0.00643782545919796,0.170535899347004,0.183003310192445,0.195824916363614,1.00010457388275,49737.933264191,52259.6963569404,2.8867810530204e-05,0.18305967242213,0.183017700300652,0.183045746568022,0.183023845966857,4.19721214782176e-05,NA,FALSE,FALSE,TRUE,"diagnostics_met_only",192.85220356249,202.630003671635
"p.w[2]","local_continuous",TRUE,0.0994458653197324,0.0100812913090827,0.0805677723698476,0.0991446209395706,0.120025441154437,1.00006652780001,46857.9666374419,53490.0806717006,4.65745512766271e-05,0.0994010483468572,0.0995214560433351,0.0994012454278641,0.0994597114608727,0.000120407696477892,NA,FALSE,FALSE,TRUE,"diagnostics_met_only",181.685517017537,207.4006547775
"p.w[3]","local_continuous",TRUE,0.163785582227718,0.00747268631602425,0.149382131926759,0.163675354637122,0.17873072656296,1.00007558485399,49635.7264230369,54427.2560156516,3.35365682595559e-05,0.163788911870636,0.163834810295069,0.163642125530863,0.163876481214303,0.00023435568343963,NA,FALSE,FALSE,TRUE,"diagnostics_met_only",192.455910165435,211.034427199152
"p.w[4]","local_continuous",TRUE,0.139312223012785,0.00668477365114188,0.126532583286288,0.139215851962789,0.152690479521724,1.00011433650852,50225.2525206596,56675.0688313363,2.98132716561052e-05,0.139282151265308,0.139331973248174,0.139300259148747,0.139334508388907,5.23571235990783e-05,NA,FALSE,FALSE,TRUE,"diagnostics_met_only",194.741718994287,219.750021640887
"p.w[5]","local_continuous",TRUE,0.115057997572009,0.00509875282040231,0.105209290626251,0.114979116959228,0.125207007810497,1.00008155607062,50024.426744717,54392.573222054,2.27972489588317e-05,0.115034571153369,0.115026327087267,0.115077822970983,0.115093269076416,6.69419891483197e-05,NA,FALSE,FALSE,TRUE,"diagnostics_met_only",193.963043828655,210.899949292008
"p.w[6]","local_continuous",TRUE,0.0708261224357936,0.00349004672235776,0.0641288824956782,0.0707780339174617,0.0778114896453879,1.00003156578086,48274.4269104888,52982.4001951091,1.58762324662394e-05,0.0707911001740713,0.0708777523812657,0.0708306545589985,0.0708049826288395,8.66522071943515e-05,NA,FALSE,FALSE,TRUE,"diagnostics_met_only",187.177652837995,205.432191429892
"p.w[7]","local_continuous",TRUE,0.132063694242262,0.00730355972775866,0.118068606559076,0.131960440180807,0.14666956198691,1.00001824550974,50232.9392302703,55964.8537655225,3.25865307163567e-05,0.132060203160156,0.132064204414879,0.13195956236991,0.132170807024103,0.000211244654192866,NA,FALSE,FALSE,TRUE,"diagnostics_met_only",194.771523185762,216.99625743203
"p.w[8]","local_continuous",TRUE,0.158812476513143,0.00582324605877745,0.147516003089907,0.158760219964533,0.170372460613578,1.00008149155329,49661.7670809781,55429.9758634214,2.61265734097585e-05,0.158855196716816,0.158739156281248,0.158856204645115,0.158799348409393,0.000117048363866779,NA,FALSE,FALSE,TRUE,"diagnostics_met_only",192.55687934402,214.922339693849
"p.w[9]","local_continuous",TRUE,0.154904881626765,0.00762741195023952,0.14020195016264,0.154810503272671,0.170070247796141,0.999985471090494,52318.8015133523,55445.8573597014,3.3334038848347e-05,0.154921911732906,0.154874761730512,0.154926398178027,0.154896454865615,5.16364475148245e-05,NA,FALSE,FALSE,TRUE,"diagnostics_met_only",202.859176033812,214.98391807784
"p.w[10]","local_continuous",TRUE,0.17574859326037,0.0066295816339349,0.162938203403683,0.175688563245336,0.188902996006573,0.999996081268093,49998.4003092051,56002.5725269995,2.96548896344788e-05,0.175749306420931,0.175748768715539,0.175754335919593,0.175741961985418,1.2373934174692e-05,NA,FALSE,FALSE,TRUE,"diagnostics_met_only",193.862129795644,217.142506899772
"p.w[11]","local_continuous",TRUE,0.113342891062371,0.0041220864682826,0.105424140319937,0.113292645271043,0.121520550000562,1.00003391028459,48616.3537925699,54284.0311780197,1.86925096260806e-05,0.113346811313804,0.113339542352705,0.113353957558209,0.113331253024768,2.27045334406095e-05,NA,FALSE,FALSE,TRUE,"diagnostics_met_only",188.503428726517,210.4790919906
"p.w[12]","local_continuous",TRUE,0.136635642747451,0.0110368570310505,0.115743647108849,0.136333591406444,0.15896926060873,1.00001929861283,48845.3436342761,56113.6495989077,4.98923399856835e-05,0.136558826946348,0.136527237214061,0.136793480479862,0.136663026349532,0.000266243265800464,NA,FALSE,FALSE,TRUE,"diagnostics_met_only",189.391306301404,217.573193433709
"p.w[13]","local_continuous",TRUE,0.15330224317472,0.00800793546497474,0.137988748583851,0.153163162702596,0.169420749823634,0.999998047536046,49616.7030471427,55103.9487256853,3.59308934856145e-05,0.153375327415018,0.153301716812955,0.15331884914911,0.153213079321797,0.000162248093220657,NA,FALSE,FALSE,TRUE,"diagnostics_met_only",192.382149562217,213.658212943756
"p.w[14]","local_continuous",TRUE,0.119121233599847,0.00497837674514098,0.109545126668861,0.119055179407336,0.129139428712489,1.00003738515721,48894.7470169828,53673.9450266003,2.25215856701269e-05,0.119155011232169,0.11909071506809,0.119116378257113,0.119122829842018,6.42961640794082e-05,NA,FALSE,FALSE,TRUE,"diagnostics_met_only",189.582861329793,208.113564294883
"p.w[15]","local_continuous",TRUE,0.150827131384428,0.00547854179086355,0.140290200918674,0.150747674703208,0.161757605379826,1.00007975576124,49549.8457528739,55924.4101613108,2.46104348567512e-05,0.150773519132631,0.150760208107849,0.150900873050035,0.150873925247195,0.000140664942185703,NA,FALSE,FALSE,TRUE,"diagnostics_met_only",192.122919319266,216.839442749948
"p.w[16]","local_continuous",TRUE,0.141707954139612,0.00531568555345257,0.131504205901095,0.141635754957183,0.152281933511562,1.00005762438636,49207.9644455737,55054.5645219734,2.395301325001e-05,0.141723056106414,0.141683589188464,0.141705900081005,0.141719271182566,3.94669179499263e-05,NA,FALSE,FALSE,TRUE,"diagnostics_met_only",190.797320140879,213.466732279362
"p.w[17]","local_continuous",TRUE,0.142280207220795,0.0043979828787146,0.133709180614633,0.142243777922947,0.150967321567984,1.00007189289871,50438.9895519286,55753.3511948902,1.958666876739e-05,0.142282534756603,0.142289200633645,0.142294671390538,0.142254422102396,4.02492881419192e-05,NA,FALSE,FALSE,TRUE,"diagnostics_met_only",195.570455830701,216.176184418764
"p.w[18]","local_continuous",TRUE,0.213959851154677,0.00598959500212974,0.202353111643149,0.213921542394001,0.225786614270093,1.00001695983366,51076.8167387151,56861.6000816206,2.65013968893246e-05,0.213936903981482,0.213953442746236,0.213916502993934,0.214032554897054,0.000116051903120168,NA,FALSE,FALSE,TRUE,"diagnostics_met_only",198.043545691722,220.473271689487
"p.w[19]","local_continuous",TRUE,0.213565851144953,0.00593871237029721,0.202007916911277,0.213508716031357,0.225328210019447,1.00007814620484,51170.4532289425,52922.6245493404,2.62554542792499e-05,0.213609101814039,0.213495735584455,0.213652223496569,0.213506343684752,0.000156487912113284,NA,FALSE,FALSE,TRUE,"diagnostics_met_only",198.406608695935,205.200419334645
"p.w[20]","local_continuous",TRUE,0.114792287103103,0.00674549365088125,0.101935202076001,0.114673914656318,0.12845148971101,1.00000967112567,49444.5507038833,51017.2458887777,3.03286906854716e-05,0.114765153244075,0.114790853811932,0.114791439249938,0.114821702106467,5.65488623917032e-05,NA,FALSE,FALSE,TRUE,"diagnostics_met_only",191.714651808145,197.812567665002
"p.w[21]","local_continuous",TRUE,0.175684337683965,0.00853037404793901,0.15913589074892,0.17558509457923,0.192643674759222,1.00014146847872,49741.1284114468,54689.5142563414,3.8259543604103e-05,0.175730013053909,0.17558424282428,0.175817362573995,0.175605732283678,0.000233119749715405,NA,FALSE,FALSE,TRUE,"diagnostics_met_only",192.864592319894,212.051298554678
"p.w[22]","local_continuous",TRUE,0.166101631191769,0.0056087004422966,0.155229427304895,0.166054259690583,0.177204908141185,1.00009422960897,49097.92952906,55411.420148907,2.53144921259425e-05,0.166022561652083,0.166073531369931,0.166192493058996,0.166117938686069,0.000169931406913459,NA,FALSE,FALSE,TRUE,"diagnostics_met_only",190.37067442551,214.850392385267
"p.w[23]","local_continuous",TRUE,0.203118429546943,0.00713942098487072,0.189270553724729,0.203054346311206,0.217325571140144,1.00001851489322,49878.9633329308,54242.1681969205,3.19610860544459e-05,0.203200704776538,0.203115908598071,0.203110701734388,0.203046403078776,0.000154301697762371,NA,FALSE,FALSE,TRUE,"diagnostics_met_only",193.39902884734,210.316773863914
"p.w[24]","local_continuous",TRUE,0.165027120817249,0.00646940121593942,0.152551073835077,0.16493437127274,0.177938873628989,1.00004064804466,49359.0060184808,56081.8477520476,2.91134417382465e-05,0.16498029723075,0.165101231766688,0.164988424120748,0.165038530150811,0.000120934535938588,NA,FALSE,FALSE,TRUE,"diagnostics_met_only",191.38296369808,217.44988601336
"p.w[25]","local_continuous",TRUE,0.163697157227524,0.00504934712677023,0.153877080229529,0.16365698218284,0.173710621893332,0.999990457203481,48562.7252503851,56571.1103380513,2.29186825423181e-05,0.16368732031157,0.163669187980171,0.163700065937669,0.163732054680688,6.28667005162786e-05,NA,FALSE,FALSE,TRUE,"diagnostics_met_only",188.295491205687,219.346936446282
"p.w[26]","local_continuous",TRUE,0.174482045808457,0.00592642525112366,0.163094173306021,0.174438904458885,0.186220766053181,1.00001490809325,51009.50118376,57737.910303842,2.62384718901579e-05,0.174466065717357,0.17453388654986,0.174490750177274,0.174437480789333,9.64057605268576e-05,NA,FALSE,FALSE,TRUE,"diagnostics_met_only",197.78253860407,223.871047718139
"p.w[27]","local_continuous",TRUE,0.188072303021876,0.00675632332716997,0.174971862665661,0.188022355342241,0.201473455919655,1.00010901336908,47655.6767326549,54749.6362935542,3.09503744468225e-05,0.188092330695687,0.188111679211107,0.188067599986074,0.188017602194639,9.40770164681304e-05,NA,FALSE,FALSE,TRUE,"diagnostics_met_only",184.778531535224,212.284413736557
"p.w[28]","local_continuous",TRUE,0.160031559108655,0.00563341851413086,0.149170739944218,0.159976476760229,0.17122172110969,1.00004658201517,48765.8050523844,56249.1236978466,2.55060027450962e-05,0.160003131690854,0.160088617334857,0.160077542163293,0.159956945245615,0.000131672089242751,NA,FALSE,FALSE,TRUE,"diagnostics_met_only",189.082906056774,218.098476186558
"p.w[29]","local_continuous",TRUE,0.155170185017238,0.00760996174637423,0.140477697591057,0.155068290749717,0.17035515909675,1.00004244898121,47265.4535508926,53248.812321865,3.49901976058946e-05,0.155184056151881,0.155114717776688,0.15522689453467,0.155155071605715,0.000112176757981863,NA,FALSE,FALSE,TRUE,"diagnostics_met_only",183.265493185112,206.465168924709
"p.w[30]","local_continuous",TRUE,0.205890108893687,0.00903510151171425,0.18857664751605,0.205791241110785,0.223961248285018,1.00008794435149,51022.4079586447,53725.6246077992,3.9959606455151e-05,0.20597722149218,0.205872832271414,0.205958501330438,0.205751880480718,0.000225341011462127,NA,FALSE,FALSE,TRUE,"diagnostics_met_only",197.832582902537,208.313944979389
"p.w[31]","local_continuous",TRUE,0.203341403049374,0.00671278926568312,0.190306303657525,0.203290269488697,0.216652606027759,1.00003935015138,49153.664067445,55248.6636982074,3.02776726338047e-05,0.203321633350505,0.203313581181492,0.203425497061004,0.203304900604492,0.000120596456512106,NA,FALSE,FALSE,TRUE,"diagnostics_met_only",190.586777665767,214.219325951631
"p.w[32]","local_continuous",TRUE,0.190702525528514,0.00626896693335489,0.17853502812889,0.190688688947466,0.203092612416333,1.00008350721342,50160.7808525859,54745.576878623,2.79935138050385e-05,0.190773062541132,0.190574919663959,0.190718175017169,0.190743944891795,0.000198142877173041,NA,FALSE,FALSE,TRUE,"diagnostics_met_only",194.491738698779,212.268673896494
"p.w[33]","local_continuous",TRUE,0.1745380103121,0.00589940691944273,0.163096474467896,0.174473324042395,0.186235493241586,1.0000133870481,48449.5484096166,55736.0025212545,2.67934714208746e-05,0.174574814044612,0.174572881150259,0.174506673001029,0.174497673052499,7.71409921130894e-05,NA,FALSE,FALSE,TRUE,"diagnostics_met_only",187.856663098003,216.108917250228
"p.w[34]","local_continuous",TRUE,0.193331462637887,0.00562813090289037,0.182367657719829,0.193281374051357,0.204523951808761,1.00008450888265,48338.972531654,54691.1867845373,2.55972705776821e-05,0.193377721638602,0.193373974364616,0.193313956258084,0.193260198290246,0.000117523348355325,NA,FALSE,FALSE,TRUE,"diagnostics_met_only",187.427919876754,212.057783559722
"p.w[35]","local_continuous",TRUE,0.171719948375167,0.00560003842769277,0.160890418675055,0.171651541453075,0.182750496767293,1.00011759270246,49628.0600085581,56738.265022465,2.51350238621405e-05,0.171707548232547,0.171712207028111,0.171736727644975,0.171723310595032,2.91794124288036e-05,NA,FALSE,FALSE,TRUE,"diagnostics_met_only",192.426184665628,219.995056444629
"p.w[36]","local_continuous",TRUE,0.170631933738184,0.00512961482349011,0.16064724845345,0.170596757453018,0.180704945863078,1.00007398443361,47844.1795097064,54498.901097725,2.34539869654611e-05,0.170621172916009,0.17062382606709,0.17063936257783,0.170643373391806,2.22004757975403e-05,NA,FALSE,FALSE,TRUE,"diagnostics_met_only",185.509425915956,211.312221450853
"p.w[37]","local_continuous",TRUE,0.168923225219845,0.00594138611777,0.157461723393469,0.168876762869022,0.180677721845649,1.00007049209405,49631.0712290658,54306.0794030723,2.6670599129022e-05,0.168860795417548,0.16891021245456,0.168992167958825,0.168929725048446,0.000131372541276792,NA,FALSE,FALSE,TRUE,"diagnostics_met_only",192.437860271593,210.564581043059
"p.w[38]","local_continuous",TRUE,0.195262464403728,0.00678519712606909,0.182111725858518,0.195211722951184,0.208791375209781,1.00005390074665,49948.2482104401,53010.500351381,3.0363574675039e-05,0.195194965275608,0.195305801598367,0.195219261234381,0.195329829506554,0.000134864230946247,NA,FALSE,FALSE,TRUE,"diagnostics_met_only",193.667671720582,205.541146038615
"p.w[39]","local_continuous",TRUE,0.147227557659263,0.00499028045424305,0.137641662092487,0.147178143742504,0.157219027167522,1.00002428390894,49397.5090062122,54888.8162734023,2.24545211032876e-05,0.147224172090713,0.147236607435785,0.147198353167478,0.147251097943076,5.27447755978572e-05,NA,FALSE,FALSE,TRUE,"diagnostics_met_only",191.532253898546,212.824065548443
"p.w[40]","local_continuous",TRUE,0.178889800768732,0.00547729653723814,0.168226598563295,0.178844532167981,0.189735515559336,1.0001429504464,46569.1343708183,53166.0383291145,2.5377859313267e-05,0.178899014549854,0.178803404278481,0.178952422876121,0.178904361370473,0.000149018597639716,NA,FALSE,FALSE,TRUE,"diagnostics_met_only",180.565608420161,206.144223805924
"p.w[41]","local_continuous",TRUE,0.188863397953462,0.00610961738495222,0.177021162214305,0.188797889700355,0.200993546763657,1.00000291448177,50571.7551666068,54848.4440237056,2.71676061419137e-05,0.188886792870817,0.188793778222403,0.18886125932299,0.188911761397638,0.000117983175234759,NA,FALSE,FALSE,TRUE,"diagnostics_met_only",196.085236797011,212.667527533978
"p.w[42]","local_continuous",TRUE,0.187677929552252,0.00835378229308681,0.171691224111067,0.1875800611323,0.204361736031977,1.00001488578816,49203.0398960265,54518.567040229,3.76686869145372e-05,0.187667293077443,0.187784691468313,0.187617689641513,0.187642044021737,0.000167001826799407,NA,FALSE,FALSE,TRUE,"diagnostics_met_only",190.77822585671,211.388473520413
"p.w[43]","local_continuous",TRUE,0.240145668066924,0.00946899452814448,0.221925919828811,0.240023398945224,0.259069521179547,1.00004121396847,51035.1852086047,53748.9726241172,4.19272030472921e-05,0.240152793455465,0.240110241121916,0.240215424491347,0.240104213198966,0.000111211292380037,NA,FALSE,FALSE,TRUE,"diagnostics_met_only",197.882124985381,208.404473799149
"p.w[44]","local_continuous",TRUE,0.236452052839755,0.00682103068523947,0.223185260408632,0.236397670079341,0.249826624609574,1.00002951126231,52620.0846690453,54813.1633028263,2.97352770742272e-05,0.236451104668492,0.236486269221544,0.236376544972481,0.236494292496508,0.000117747524026712,NA,FALSE,FALSE,TRUE,"diagnostics_met_only",204.0273612932,212.530731243535
"p.w[45]","local_continuous",TRUE,0.227088619490779,0.00790548473033302,0.211699254468389,0.227069691529774,0.242695196079709,1.00004448126986,49323.6749915091,53221.5617295146,3.56011674574413e-05,0.227035382202132,0.227111437120074,0.227197403251952,0.227010255388958,0.000187147862994341,NA,FALSE,FALSE,TRUE,"diagnostics_met_only",191.245972352472,206.359508386801
"p.w[46]","local_continuous",TRUE,0.208369271920816,0.00655286429609042,0.195633507067493,0.208323954063766,0.221337942521567,1.00009310639042,50150.1259089692,52636.1818867688,2.92543837158197e-05,0.208399988841704,0.208385739260214,0.208357096211499,0.208334263369847,6.57254718567646e-05,NA,FALSE,FALSE,TRUE,"diagnostics_met_only",194.450425575767,204.089776108321
"p.w[47]","local_continuous",TRUE,0.199009833860935,0.00638909440812629,0.186581229309675,0.198988514523431,0.211639544692527,1.00001161218233,49123.035283582,52391.1161626998,2.88260541353384e-05,0.199066616072208,0.198926061680401,0.199067877313787,0.198978780377346,0.000141815633385861,NA,FALSE,FALSE,TRUE,"diagnostics_met_only",190.468018640758,203.13956644333
"p.w[48]","local_continuous",TRUE,0.240399297841623,0.00705571277823967,0.226703463437309,0.240356143480892,0.254428358580438,1.00007032153684,49592.1369004084,53844.5651223527,3.16892338883511e-05,0.240318532761642,0.240503142797793,0.240460754484077,0.240314761322978,0.000188381474814758,NA,FALSE,FALSE,TRUE,"diagnostics_met_only",192.286897604208,208.775120963575
"p.w[49]","local_continuous",TRUE,0.197955010246393,0.0120252037018107,0.17492200238165,0.197733981020019,0.222023833824764,0.999994181110665,49666.1741657681,51922.6959116332,5.39334915229522e-05,0.19798473423835,0.198023536566251,0.197937773163926,0.197873997017043,0.000149539549207933,NA,FALSE,FALSE,TRUE,"diagnostics_met_only",192.573967227598,201.323329384752
"p.w[50]","local_continuous",TRUE,0.221943995714194,0.00769478164114304,0.20705289860776,0.221874330885361,0.237127904968731,1.00003265265179,48792.431393121,54546.2557626421,3.48301026301529e-05,0.221964477373878,0.221931029385039,0.22192764687199,0.221952829225868,3.68305018882409e-05,NA,FALSE,FALSE,TRUE,"diagnostics_met_only",189.186146142295,211.495832849214
"p.w[51]","local_continuous",TRUE,0.199152170564094,0.00591881973064244,0.187744222832907,0.199104893171325,0.210911552904594,1.00005094899987,49378.2262788374,55039.492549306,2.66453190298824e-05,0.199190828833197,0.199156761302235,0.19916860022634,0.199092491894604,9.83369385927635e-05,NA,FALSE,FALSE,TRUE,"diagnostics_met_only",191.457487694546,213.408292715227
"p.w[52]","local_continuous",TRUE,0.189677304228499,0.00910345842347894,0.172321022819828,0.189561150980009,0.207815198907819,1.00010462445734,48583.2510448577,54126.3166234646,4.13057342607174e-05,0.189764393449531,0.189605204395385,0.189633186720077,0.189706432349001,0.000159189054145775,NA,FALSE,FALSE,TRUE,"diagnostics_met_only",188.375077236592,209.867574836916
"p.w[53]","local_continuous",TRUE,0.25737956015421,0.0108770719451851,0.236342143805172,0.257333304641616,0.279034248529937,1.00005819211358,48471.5829060577,54696.8992000065,4.94071014224703e-05,0.257513446690729,0.257314307827073,0.257328548245533,0.257361937853505,0.000199138863655635,NA,FALSE,FALSE,TRUE,"diagnostics_met_only",187.942098919602,212.07993268894
"p.w[54]","local_continuous",TRUE,0.257881417641567,0.00786576028561826,0.242618556762526,0.257817227908742,0.273419519825072,1.00008432185896,51173.9868299406,55300.8456624314,3.47682927159775e-05,0.257995847105089,0.257859363347108,0.257907898364327,0.257762561749747,0.000233285355341284,NA,FALSE,FALSE,TRUE,"diagnostics_met_only",198.420309762591,214.421654559324
"p.w[55]","local_continuous",TRUE,0.224599361516056,0.00715792850190093,0.210768597657948,0.224550559176942,0.238774978698865,0.999979618745024,51117.0348229764,52054.9330084717,3.16620189249616e-05,0.224573625617878,0.224555966654926,0.224639085420752,0.224628768370672,8.31187658262011e-05,NA,FALSE,FALSE,TRUE,"diagnostics_met_only",198.199485950271,201.836061093618
"p.w[56]","local_continuous",TRUE,0.244716097964342,0.00677079407138793,0.231592178410834,0.244686320464442,0.258139571379083,0.999984157278225,49309.8061269658,52157.8200707107,3.05015359103416e-05,0.244714653112955,0.244716848147972,0.244745720429387,0.244687170167051,5.85502623359768e-05,NA,FALSE,FALSE,TRUE,"diagnostics_met_only",191.192197679651,202.23499195722
"p.w[57]","local_continuous",TRUE,0.256493020314555,0.00755741181491211,0.241742292349326,0.256451321534168,0.27139883969873,1.00002057117375,50301.4134425441,52913.7005374588,3.36935699826662e-05,0.25652315329223,0.256494659094084,0.25646039276492,0.256493876106985,6.2760527309691e-05,NA,FALSE,FALSE,TRUE,"diagnostics_met_only",195.037022812658,205.165817668612
"p.w[58]","local_continuous",TRUE,0.286203024238494,0.00841941204162676,0.26977634230122,0.28615840463868,0.302894943055278,1.00004561539769,50404.5250989647,49975.9273420603,3.75037810804232e-05,0.286276490687703,0.286124957361081,0.286208217697773,0.286202431207419,0.000151533326622044,NA,FALSE,FALSE,TRUE,"diagnostics_met_only",195.436824510249,193.774993862362
"p.w[59]","local_continuous",TRUE,0.28952004294934,0.00788217376979994,0.274173120107147,0.289474172865356,0.30503476958563,0.999983552302629,49863.9252673081,52239.3467141938,3.52871381170539e-05,0.289479747803322,0.289558460986746,0.289496813302785,0.2895451497045,7.87131834238952e-05,NA,FALSE,FALSE,TRUE,"diagnostics_met_only",193.340720753249,202.551100645558
"p.w[60]","local_continuous",TRUE,0.233912158601667,0.00774300867769278,0.218974997459914,0.233839483115471,0.249313693340032,1.00006936558834,47941.8284208089,49438.0774705908,3.53627608292509e-05,0.233891746592316,0.233926393047438,0.233867425691151,0.233963069075763,9.56433846117932e-05,NA,FALSE,FALSE,TRUE,"diagnostics_met_only",185.888046547045,191.689552709274
"p.w[61]","local_continuous",TRUE,0.321348128987885,0.0102363176612179,0.301423021391711,0.321301329987364,0.341608784032336,1.00439479591294,7642.55023235091,49794.2482656987,0.000117345617769482,0.321270357295393,0.322191812591783,0.321025225436966,0.320905120627399,0.00128669196438386,NA,FALSE,FALSE,TRUE,"diagnostics_met_only",29.6329693740415,193.070557471099
"p.w[62]","local_continuous",TRUE,0.365305762648613,0.00772098434883349,0.350214986867245,0.365271532533657,0.380556526656109,1.0008987893154,48215.4260825369,53318.5039708206,3.51829038772424e-05,0.365217276369292,0.365672012738843,0.365228606800239,0.36510515468608,0.000566858052762298,NA,FALSE,FALSE,TRUE,"diagnostics_met_only",186.94888499551,206.735388999991
"p.w[63]","local_continuous",TRUE,0.275124097254468,0.00694593493992553,0.261606415836733,0.27506575703892,0.288794126770117,1.00010484852777,47679.682409953,52122.9627309292,3.18081129163833e-05,0.275033561404801,0.275054928928997,0.275233849896077,0.275174048787998,0.000200288491275846,NA,FALSE,FALSE,TRUE,"diagnostics_met_only",184.871610347734,202.099837270525
"p.w[64]","local_continuous",TRUE,0.329835209798095,0.00880359622290664,0.31271541769041,0.329777427787336,0.347206175931695,1.00014503737247,46598.2768284838,51348.0863288028,4.07753499162136e-05,0.329853388627538,0.329809616544255,0.329825155929791,0.329852678090797,4.37720832835442e-05,NA,FALSE,FALSE,TRUE,"diagnostics_met_only",180.678604413543,199.095357352855
"p.w[65]","local_continuous",TRUE,0.343171338527152,0.00829854006415377,0.326998267648738,0.343166483019956,0.35951494760716,1.00039040002743,50839.5992208641,53276.0586773392,3.68051539979606e-05,0.34349718984895,0.343008218434326,0.342998592037306,0.343181353788026,0.000498597811643076,NA,FALSE,FALSE,TRUE,"diagnostics_met_only",197.123766399765,206.570813034695
"p.w[66]","local_continuous",TRUE,0.363987406673164,0.00648177955169173,0.351369353092875,0.363963916704896,0.376737014054282,1.00007330539875,49891.358419859,51740.988833117,2.90216280140336e-05,0.364004839045106,0.363963563741624,0.364090129850906,0.363891094055019,0.000199035795886926,NA,FALSE,FALSE,TRUE,"diagnostics_met_only",193.44708914399,200.618784418868
"p.w[67]","local_continuous",TRUE,0.363606193160386,0.00796234088903812,0.348109538397691,0.363575337449984,0.379227704030214,1.00225087088947,42470.1866556104,52260.9619702607,3.86412742356489e-05,0.363380309691371,0.364135029261368,0.363406789011897,0.363502644676908,0.000754719569997009,NA,FALSE,FALSE,TRUE,"diagnostics_met_only",164.67248525868,202.634910918512
"p.w[68]","local_continuous",TRUE,0.299169274033764,0.00899877103684618,0.281637498221946,0.299123327599537,0.316874826521695,1.00006649794956,48865.2284721295,53215.4737438938,4.07148952068146e-05,0.299183206905764,0.299162820529234,0.299242530478134,0.299088538221924,0.000153992256210211,NA,FALSE,FALSE,TRUE,"diagnostics_met_only",189.468407108491,206.335903034403
"p.w[69]","local_continuous",TRUE,0.369754422786602,0.00928780727456211,0.35169701215938,0.369739704832699,0.38800416860777,1.00048959026355,50356.7922007382,51386.8817123164,4.13792798119442e-05,0.3696146025129,0.370034586238018,0.369657174690459,0.369711327705029,0.000419983725118422,NA,FALSE,FALSE,TRUE,"diagnostics_met_only",195.251746562669,199.245781278974
"p.w[70]","local_continuous",TRUE,0.308765952844937,0.0103892393349353,0.288556247073581,0.308694954749138,0.32946000183754,1.00030999346049,48171.0200766298,51242.8892161666,4.73366795410363e-05,0.308696837943377,0.308595970729274,0.308683806012569,0.309087196694529,0.000491225965254805,NA,FALSE,FALSE,TRUE,"diagnostics_met_only",186.776706629249,198.687469576888
"p.w[71]","local_continuous",TRUE,0.298354855202282,0.00819575806883984,0.28229260738712,0.298334973062823,0.314429564036456,1.00007332728871,50345.2883004578,52350.5411970275,3.65196297646081e-05,0.29836568538223,0.298255465066443,0.298461167561986,0.298337102798471,0.000205702495543025,NA,FALSE,FALSE,TRUE,"diagnostics_met_only",195.207141723403,202.982242424701
"p.w[72]","local_continuous",TRUE,0.258076469391126,0.0060268838344695,0.246339419115068,0.258042497651044,0.269941266568735,1.00005832206517,51954.3897434368,48258.5664412467,2.64312098707638e-05,0.258034637315818,0.258115491050251,0.258001827010958,0.258153922187475,0.000152095176517153,NA,FALSE,FALSE,TRUE,"diagnostics_met_only",201.446217991124,187.116155983539
"p.w[73]","local_continuous",TRUE,0.298353191024133,0.00921190626045158,0.280402016002468,0.298323606308326,0.316481958702289,1.00041123655037,47353.9311280979,54003.144839732,4.23332465906106e-05,0.298278841494528,0.298219763854018,0.298228498861888,0.2986856598861,0.000465896032081303,NA,FALSE,FALSE,TRUE,"diagnostics_met_only",183.608553192034,209.389992670738
"p.w[74]","local_continuous",TRUE,0.228675173452684,0.00596348958274167,0.217082908160995,0.228613877275106,0.240447841691299,0.999993064422097,48887.991139767,51817.7414531057,2.69575135139042e-05,0.228650856028152,0.228647743598013,0.228705439074711,0.228696655109861,5.7695476698566e-05,NA,FALSE,FALSE,TRUE,"diagnostics_met_only",189.5566663168,200.916382467733
"p.w[75]","local_continuous",TRUE,0.218733012233043,0.00689901221445781,0.20532247400216,0.21868610255131,0.232376942868061,1.00002787673563,48222.8738495993,50607.3591951327,3.1413075954941e-05,0.218708480892315,0.218754338197391,0.218787803937768,0.218681425904701,0.000106378033067484,NA,FALSE,FALSE,TRUE,"diagnostics_met_only",186.977762719117,196.22328666974
"p.w[76]","local_continuous",TRUE,0.179701121629878,0.0104231181110758,0.159713070069435,0.179548019520593,0.200580398896965,1.00000904927816,48573.9374553983,49263.8470072304,4.72743166784719e-05,0.179613846690094,0.179684475223393,0.179788714912119,0.179717449693904,0.000174868222025448,NA,FALSE,FALSE,TRUE,"diagnostics_met_only",188.338965035452,191.013997321633
"p.w[77]","local_continuous",TRUE,0.214306627526621,0.00689014743673218,0.200899251088642,0.214287346878293,0.227895991150785,1.0000283950948,47983.0670840899,50042.2367048907,3.14515819935904e-05,0.214241405585898,0.214367549121046,0.214356425711097,0.214261129688444,0.000126143535148115,NA,FALSE,FALSE,TRUE,"diagnostics_met_only",186.047943964646,194.032099574229
"p.w[78]","local_continuous",TRUE,0.223952420782609,0.00721070116670418,0.209952128625272,0.2238905225409,0.238330795560369,1.00004603448837,48517.3685926255,48702.2463122425,3.27546504060793e-05,0.223918940744548,0.223918208545434,0.223924754478711,0.224047779361744,0.000129570816310404,NA,FALSE,FALSE,TRUE,"diagnostics_met_only",188.11962681364,188.83646551758
"p.w[79]","local_continuous",TRUE,0.165104701808264,0.00742300552729777,0.150768745828675,0.165057906571443,0.17981156758028,1.00001533609576,48675.7560144647,48305.1061471846,3.3656582837657e-05,0.165085970374257,0.165145795374332,0.165101007267978,0.165086034216486,5.98250000752587e-05,NA,FALSE,FALSE,TRUE,"diagnostics_met_only",188.733752920489,187.296607487135
"p.w[80]","local_continuous",TRUE,0.302227164371831,0.011105156239788,0.280823543959697,0.302117094895566,0.324231181001197,1.00003952813646,51129.1151168004,52803.7208629033,4.91228980662775e-05,0.302218636212951,0.302329384267295,0.302171681640975,0.302188955366105,0.000157702626320255,NA,FALSE,FALSE,TRUE,"diagnostics_met_only",198.246325678638,204.73938614657
"p.w[81]","local_continuous",TRUE,0.216875275001289,0.00538645501873136,0.206424438014367,0.216828301637396,0.227557547899106,1.00013760149019,49105.7943629277,54905.8337174374,2.43098263387529e-05,0.216804824202258,0.21697075285772,0.216853995026299,0.21687152791888,0.000165928655462916,NA,FALSE,FALSE,TRUE,"diagnostics_met_only",190.401169270038,212.890048418373
"p.w[82]","local_continuous",TRUE,0.23882217399756,0.00758791714944961,0.224060288414685,0.238765302582974,0.253792568514167,1.00157459721849,40777.6791676218,53908.7481332851,3.75972098696635e-05,0.238526382405912,0.238645493439423,0.238761678761177,0.239355141383731,0.000828758977818422,NA,FALSE,FALSE,TRUE,"diagnostics_met_only",158.110013173826,209.023982029511
"p.w[83]","local_continuous",TRUE,0.23691494291635,0.00658730616445323,0.224144071518807,0.236870816669391,0.249894220935744,1.00000864206904,49017.2340648789,54144.532276549,2.97427618239904e-05,0.236989151076758,0.236901429034865,0.236899518693591,0.236869672860186,0.000119478216572461,NA,FALSE,FALSE,TRUE,"diagnostics_met_only",190.057788524076,209.938203602651
"p.w[84]","local_continuous",TRUE,0.176785897596346,0.00703353064711618,0.1631619880492,0.176709035859051,0.190705845243984,1.00006966242111,47331.5359545836,54397.2061595907,3.23216152261503e-05,0.176776538721824,0.176715207837643,0.176826145453836,0.176825698372078,0.000110937616192769,NA,FALSE,FALSE,TRUE,"diagnostics_met_only",183.521718893181,210.917912889494
"p.w[85]","local_continuous",TRUE,0.163982764509048,0.00583021529803706,0.152698016942606,0.163912824612831,0.175616947246345,1.00003696678076,49476.6488778996,56157.9013042635,2.62074152399394e-05,0.16402997658879,0.163966551356399,0.163973800082116,0.163960730008887,6.92465799021769e-05,NA,FALSE,FALSE,TRUE,"diagnostics_met_only",191.839108197527,217.744773520159
"p.w[86]","local_continuous",TRUE,0.190785637466328,0.00720610906342762,0.176832182242498,0.190737082931599,0.204987683393344,1.00003183866842,49564.1397182738,55551.9372461642,3.23624108505344e-05,0.19076387957196,0.19070413004858,0.190868628294571,0.190805911950204,0.000164498245991573,NA,FALSE,FALSE,TRUE,"diagnostics_met_only",192.17834226397,215.395228691599
"p.w[87]","local_continuous",TRUE,0.230545610860246,0.0068292701397153,0.21726262397165,0.230480138564399,0.244119915330087,1.00010254941455,50285.5598940858,55533.117224368,3.04573131889794e-05,0.2305550286086,0.230569077711037,0.230485200163682,0.230573136957666,8.79367939840836e-05,NA,FALSE,FALSE,TRUE,"diagnostics_met_only",194.975552792618,215.322256566778
"p.w[88]","local_continuous",TRUE,0.194283204228479,0.00735483918409455,0.180045999911865,0.194202045529087,0.208937470167076,1.00015803025116,50834.5084563671,55719.8602737718,3.26264452389037e-05,0.194210204880483,0.194249081992136,0.194428026119951,0.194245503921345,0.000217821239467508,NA,FALSE,FALSE,TRUE,"diagnostics_met_only",197.104027639293,216.04632783822
"p.w[89]","local_continuous",TRUE,0.16736746219795,0.00590718799996963,0.156007576638067,0.16730525271563,0.179074490302542,1.00004797412936,49773.053233179,56506.158510858,2.64866622075576e-05,0.167391970041643,0.167340331453623,0.1673730339085,0.167364513388033,5.1638588019931e-05,NA,FALSE,FALSE,TRUE,"diagnostics_met_only",192.988376558911,219.095094397818
"p.w[90]","local_continuous",TRUE,0.1725806153873,0.00792724074094693,0.157225309226341,0.172464371211023,0.188399384361952,1.00004782607906,47263.0425013055,55444.722942813,3.64579107620101e-05,0.172634456291471,0.172472984909109,0.172614488422793,0.172600531925829,0.000161471382361611,NA,FALSE,FALSE,TRUE,"diagnostics_met_only",183.256144661857,214.979519527632
"p.w[91]","local_continuous",TRUE,0.202321583832346,0.00561542985417807,0.19150926238461,0.202302531589753,0.213474038843064,1.00002097377794,48112.5894887075,53931.4157532404,2.56010271319502e-05,0.20236045233308,0.20232736535838,0.202251775506742,0.20234674213118,0.000108676826338278,NA,FALSE,FALSE,TRUE,"diagnostics_met_only",186.550149816436,209.111872703108
"p.w[92]","local_continuous",TRUE,0.269682290370679,0.00989829088187047,0.250396175673382,0.269567863658569,0.289266000278753,1.00003532577905,48444.858560198,48049.8669438542,4.49645737155305e-05,0.269801755511225,0.269642006248532,0.269712970904566,0.269572428818393,0.000229326692831822,NA,FALSE,FALSE,TRUE,"diagnostics_met_only",187.838478832285,186.306951512965
"p.w[93]","local_continuous",TRUE,0.265857414170518,0.0103176167071931,0.245906153745978,0.265720682288449,0.286385049868441,1.00011458447896,48027.1114525021,48932.6628773017,4.70704961460463e-05,0.265777942702986,0.265733839816745,0.266054998194602,0.265862875967737,0.000321158377857511,NA,FALSE,FALSE,TRUE,"diagnostics_met_only",186.218720129745,189.729875022011
"p.w[94]","local_continuous",TRUE,0.239602367188348,0.00877206537552145,0.222631543573547,0.239524284570125,0.257042641589834,1.00003386464616,49442.4468426914,48797.2380088519,3.94540417390866e-05,0.239559749057703,0.239691306553918,0.239662143311712,0.239496269830058,0.000195036723859399,NA,FALSE,FALSE,TRUE,"diagnostics_met_only",191.706494366928,189.204783153818
"p.w[95]","local_continuous",TRUE,0.20898237788486,0.00896013028992414,0.191695280519144,0.208887253738599,0.226832359184573,0.999992663712821,49883.3747296101,49160.3556894768,4.0124716987807e-05,0.208927877055728,0.209009494828274,0.208928092922106,0.209064046733326,0.000136169677597137,NA,FALSE,FALSE,TRUE,"diagnostics_met_only",193.416133449694,190.612723537852
"p.w[96]","local_continuous",TRUE,0.23187978575592,0.00791960367881087,0.216575093088534,0.23180344030506,0.247556334905211,1.00005017239606,49727.7453836318,50576.6492268969,3.55152432375371e-05,0.231829540647571,0.231898447372287,0.231866117017006,0.231925037986816,9.54973392446323e-05,NA,FALSE,FALSE,TRUE,"diagnostics_met_only",192.812701414199,196.104212863152
"p.w[97]","local_continuous",TRUE,0.223151905495894,0.00999292750021308,0.203831761641926,0.223079791877236,0.242914003823832,1.00002986146846,48291.0524828841,49408.0184332528,4.54909765667798e-05,0.223125911556974,0.223164328746984,0.22311988185019,0.223197499829429,7.76179792391363e-05,NA,FALSE,FALSE,TRUE,"diagnostics_met_only",187.242116277899,191.573002800439
"p.w[98]","local_continuous",TRUE,0.301460449631929,0.00976757142420342,0.282315028670002,0.301436335333226,0.320824394898161,1.00012416803679,49069.3834390557,50155.2422127296,4.41057044690939e-05,0.30126961671262,0.301323064975513,0.301568969879848,0.301680146959739,0.000410530247119234,NA,FALSE,FALSE,TRUE,"diagnostics_met_only",190.259990768206,194.470263361327
"p.w[99]","local_continuous",TRUE,0.26836354778409,0.0106348853521158,0.247735019092824,0.268219722718453,0.289540124436943,1.00005372789016,49134.1560618062,48976.0503701606,4.79687955550226e-05,0.268152934754957,0.268438190025291,0.26837633978032,0.268486726575795,0.000333791820838369,NA,FALSE,FALSE,TRUE,"diagnostics_met_only",190.511137975341,189.898104239748
"p.w[100]","local_continuous",TRUE,0.217370742847337,0.00864889591983763,0.200640996254265,0.217266287346801,0.234618869482505,0.999968528466631,50400.0583644112,50295.9077001469,3.8516284033508e-05,0.217352223873,0.217318838283086,0.217404808584096,0.217407100649166,8.82623660794224e-05,NA,FALSE,FALSE,TRUE,"diagnostics_met_only",195.419505342667,195.015675030716
"p.w[101]","local_continuous",TRUE,0.340050463409263,0.0107018320352223,0.319202432246126,0.340015064319903,0.36105269322485,1.00226525584129,13135.2534890579,46497.5284681409,9.36981346403244e-05,0.339814906170174,0.340947722842849,0.339549477243897,0.339889747380132,0.00139824559895257,NA,FALSE,FALSE,TRUE,"diagnostics_met_only",50.930193787132,180.287966081343
"p.w[102]","local_continuous",TRUE,0.278149500723076,0.00846070268804774,0.261739890462065,0.278081113185615,0.294850308809915,1.00006657833286,47842.8428350541,48298.0559897535,3.8680679240898e-05,0.278159491512815,0.278121670369562,0.278146509825476,0.278170331184455,4.86608148922985e-05,NA,FALSE,FALSE,TRUE,"diagnostics_met_only",185.50424313824,187.269271441851
"p.w[103]","local_continuous",TRUE,0.244832394408427,0.00657259324272937,0.231983526491642,0.24480527896783,0.257838764641151,1.0002052309701,45977.6113246995,49727.4197866206,3.06589022923432e-05,0.244773184043814,0.244920603182194,0.244789691707418,0.244846098700285,0.00014741913837979,NA,FALSE,FALSE,TRUE,"diagnostics_met_only",178.272056689813,192.811438955207
"p.w[104]","local_continuous",TRUE,0.236500250389324,0.00763404255312919,0.221668412801559,0.236423579719943,0.251645756485107,1.00001765109272,49333.7628454108,49257.2038239467,3.43656664863956e-05,0.236428435920405,0.236550325286077,0.236491607106633,0.236530633244183,0.000121889365671535,NA,FALSE,FALSE,TRUE,"diagnostics_met_only",191.285086660737,190.988239264334
"p.w[105]","local_continuous",TRUE,0.268423554604756,0.00833607330237548,0.252304641881966,0.268349430458059,0.284981964773255,1.00004710224966,50532.9564562182,49689.4978925156,3.70636150922309e-05,0.268397748075734,0.26845086573038,0.268500473576516,0.268345131036395,0.000155342540120784,NA,FALSE,FALSE,TRUE,"diagnostics_met_only",195.934799971378,192.664401867788
"p.w[106]","local_continuous",TRUE,0.288789215748001,0.00761024110164375,0.273968456942748,0.288755304439524,0.303836262041046,1.00015202153849,50298.2569420481,49826.2451309419,3.39387783164106e-05,0.288719742936733,0.288885513915899,0.288854166323634,0.288697439815737,0.000188074100162416,NA,FALSE,FALSE,TRUE,"diagnostics_met_only",195.024783902911,193.194621049223
"p.w[107]","local_continuous",TRUE,0.211735320592155,0.0088454600251343,0.194642741795486,0.211651940421298,0.229325450903925,1.00006048726068,48723.0120563534,48746.3222581089,4.00792389750858e-05,0.211743983049553,0.211747000600973,0.211761167044421,0.211689131673674,7.20353707467924e-05,NA,FALSE,FALSE,TRUE,"diagnostics_met_only",188.91698192121,189.007364120047
"p.w[108]","local_continuous",TRUE,0.405733714364373,0.0130991181629983,0.380214640104067,0.405631335223054,0.431663693682234,1.0001148379367,50453.7439747154,52718.466720215,5.8309572220383e-05,0.405620032304836,0.405880332357096,0.405648901955085,0.405785590840474,0.000260300052260243,NA,FALSE,FALSE,TRUE,"diagnostics_met_only",195.62766413752,204.408824577135
"p.w[109]","local_continuous",TRUE,0.410947861474558,0.014078739301545,0.383529509588419,0.410881594493648,0.438912012174407,1.00144644329131,3688.23866983827,30822.0173047928,0.000232802768026073,0.410490072996287,0.41099081296706,0.41115239286459,0.411158167070294,0.000668094074007364,NA,FALSE,FALSE,TRUE,"diagnostics_met_only",14.3006536070687,119.508261911436
"p.w[110]","local_continuous",TRUE,0.341304768725004,0.00693049064941776,0.327751086934715,0.341278088977845,0.354972801173803,1.00002519138059,50384.7580447262,50475.0918377027,3.08870429559813e-05,0.341300124743298,0.341281087844859,0.341360228710599,0.341277633601259,8.25951093391675e-05,NA,FALSE,FALSE,TRUE,"diagnostics_met_only",195.360180393422,195.710437629466
"p.w[111]","local_continuous",TRUE,0.27580170097117,0.00841217096496695,0.259430807293303,0.275723054638318,0.292594659442429,1.00048430228787,44336.8545452983,48970.585115569,3.99967368297912e-05,0.276122531494553,0.275708690381476,0.275691612721859,0.275683969286794,0.000438562207758342,NA,FALSE,FALSE,TRUE,"diagnostics_met_only",171.910241076428,189.876913443873
"p.w[112]","local_continuous",TRUE,0.287223210832632,0.00907176082460553,0.269739783339917,0.287166734389137,0.305212781407086,1.00052758720428,47199.7629382752,49874.730205899,4.17668605534629e-05,0.287261910870398,0.287457021513043,0.286981291996587,0.287192618950501,0.000475729516456025,NA,FALSE,FALSE,TRUE,"diagnostics_met_only",183.010786594684,193.382615461771
"p.w[113]","local_continuous",TRUE,0.38160020630476,0.00942751140956001,0.363200887652924,0.381526912601292,0.400115349194134,1.00005837977846,47069.4502336852,49278.3118939009,4.34571181150261e-05,0.38160363552377,0.381562482142535,0.381516549396822,0.38171815815591,0.000201608759087979,NA,FALSE,FALSE,TRUE,"diagnostics_met_only",182.50551646014,191.070082990771
"p.w[114]","local_continuous",TRUE,0.198552977662327,0.00644676177124285,0.186105302077605,0.198470656526976,0.211358049305784,1.0000716020561,50681.6664264084,51422.7458430441,2.86422865000386e-05,0.198562272599197,0.198641785038746,0.198457203569624,0.198550649441743,0.000184581469122702,NA,FALSE,FALSE,TRUE,"diagnostics_met_only",196.511403049969,199.384839663305
"p.w[115]","local_continuous",TRUE,0.184451822336219,0.00648708356728441,0.171927871471507,0.18441091868863,0.197390805082315,1.00005718037348,50410.8534658345,50148.575451017,2.88956275430578e-05,0.184406357318229,0.184435953585922,0.184484383880652,0.184480594560071,7.8026562423672e-05,NA,FALSE,FALSE,TRUE,"diagnostics_met_only",195.461361908884,194.444413881814
"p.w[116]","local_continuous",TRUE,0.188224467249467,0.00572631054401063,0.177192241723918,0.188163377975915,0.199461322310677,1.00003782712263,49375.1755916293,49059.8325973747,2.57735011267829e-05,0.188145206791407,0.188251881042231,0.188256547378169,0.18824423378606,0.000111340586761682,NA,FALSE,FALSE,TRUE,"diagnostics_met_only",191.445659061713,190.222958653215
"p.w[117]","local_continuous",TRUE,0.191115370845639,0.00871528722350953,0.174336860151472,0.191003490666344,0.20852523402696,1.00006732277621,48141.1648399836,49244.5508577395,3.97007262126046e-05,0.19117901191279,0.191215348505705,0.191153533395144,0.190913589568912,0.000301758936792129,NA,FALSE,FALSE,TRUE,"diagnostics_met_only",186.660946930419,190.939179075169
"p.w[118]","local_continuous",TRUE,0.20440345421647,0.00723918550809499,0.190376083047005,0.204381802455915,0.218652645258161,1.00005873752783,47859.300639402,49768.9980387347,3.30925506710167e-05,0.204342205607336,0.204352849918286,0.20438848991731,0.204530271422945,0.000188065815608984,NA,FALSE,FALSE,TRUE,"diagnostics_met_only",185.568056079913,192.972653083223
"p.w[119]","local_continuous",TRUE,0.190892532546726,0.00670717316876978,0.177941706003236,0.19083604563625,0.204219442533495,1.00015284210335,46591.6960974386,45961.3393131285,3.10793067838361e-05,0.19070755045102,0.190983111352298,0.190931604492909,0.190947863890679,0.000275560901278005,NA,FALSE,FALSE,TRUE,"diagnostics_met_only",180.653088506472,178.208964134857
"p.w[120]","local_continuous",TRUE,0.231316487837953,0.00905897628401786,0.213785071647604,0.231218931946666,0.249304948607055,1.00010294456209,48827.9405411566,48792.0157566197,4.09781419837091e-05,0.231382682978734,0.231389477481603,0.231199415288723,0.231294375602752,0.000190062192880591,NA,FALSE,FALSE,TRUE,"diagnostics_met_only",189.323828128576,189.184534567188
"p.w[121]","local_continuous",TRUE,0.226671598867016,0.0064935300232423,0.214190913431751,0.226630816884888,0.239450761680797,1.00009013822136,49557.9404330832,48992.6727943093,2.91709740584061e-05,0.226703791219994,0.226615642719977,0.226601122531864,0.226765838996227,0.000164716464363612,NA,FALSE,FALSE,TRUE,"diagnostics_met_only",192.154305362333,189.962555472745
"p.w[122]","local_continuous",TRUE,0.234088009310803,0.00882876284362582,0.217140633318751,0.233991527258569,0.251644694161656,1.00009985025222,48768.3680205927,48959.1626650672,3.99948369411717e-05,0.23408352362739,0.234074879523928,0.234041893760877,0.234151740331018,0.000109846570141403,NA,FALSE,FALSE,TRUE,"diagnostics_met_only",189.092843624224,189.832624415263
"p.w[123]","local_continuous",TRUE,0.219000865713472,0.00747540893211712,0.204467873690364,0.218970338957235,0.233742646137814,1.00007046061112,48920.386249202,49043.7084694289,3.37834644842733e-05,0.218995692643454,0.218920678720219,0.218992146671932,0.219094944818282,0.000174266098063536,NA,FALSE,FALSE,TRUE,"diagnostics_met_only",189.682274033671,190.160439497295
"p.w[124]","local_continuous",TRUE,0.274047813716989,0.00803455887529734,0.258409152569749,0.273992567930273,0.28991315619623,1.000023757411,49905.3907895039,48975.9629176725,3.5976945610201e-05,0.274025779310092,0.273992213456667,0.274060622516095,0.274112639585102,0.000120426128434659,NA,FALSE,FALSE,TRUE,"diagnostics_met_only",193.501497786039,189.897765154387
"p.w[125]","local_continuous",TRUE,0.207986067272382,0.00562144779027641,0.197022662984372,0.207961467519241,0.219059921945417,1.00004365649516,49864.1914644367,49126.4984957789,2.5173539365353e-05,0.207904489333507,0.20798658510813,0.208016583897617,0.208036610750272,0.000132121416764858,NA,FALSE,FALSE,TRUE,"diagnostics_met_only",193.341752897117,190.481446784224
"p.w[126]","local_continuous",TRUE,0.194196682134053,0.00578011156978332,0.183045124469336,0.194148651399326,0.205629942659119,1.00001067440838,51060.4498718036,49233.5703739274,2.55748921536932e-05,0.194142588935697,0.194259459273278,0.194160102825283,0.194224577501951,0.000116870337580344,NA,FALSE,FALSE,TRUE,"diagnostics_met_only",197.980085347833,190.89660371346
"p.w[127]","local_continuous",TRUE,0.249628286011995,0.0060708662491582,0.237837751091776,0.249598345296543,0.261609991091224,1.00012006603421,50093.6044104954,53927.4786012818,2.71172032559133e-05,0.249635111397383,0.24957423136144,0.249637302428831,0.249666498860327,9.22674988872996e-05,NA,FALSE,FALSE,TRUE,"diagnostics_met_only",194.231271002708,209.096606921417
"p.w[128]","local_continuous",TRUE,0.209418906717971,0.00768798702883648,0.194566845818736,0.209363957281372,0.224621091718557,1.00004901691679,50182.0710648052,55040.9819041036,3.43164580846504e-05,0.2093191316868,0.209495806170094,0.209407015390014,0.209453673624979,0.000176674483293615,NA,FALSE,FALSE,TRUE,"diagnostics_met_only",194.574288657559,213.414067489846
"p.w[129]","local_continuous",TRUE,0.152574756432754,0.00661814027990104,0.139871490813175,0.152475764403577,0.165840220187382,1.00004118693961,49734.7126452346,55367.1408540517,2.96715490420443e-05,0.152563470752455,0.152569690853311,0.152628750026471,0.152537114098781,9.1635927690098e-05,NA,FALSE,FALSE,TRUE,"diagnostics_met_only",192.839716041963,214.678705324213
"p.w[130]","local_continuous",TRUE,0.133605719057948,0.0089555095309958,0.116564691359348,0.133402666618582,0.151681431124913,1.00008449159807,47274.5937642542,53173.0788280337,4.11834209803393e-05,0.133525796013899,0.133571809831761,0.133705448041676,0.133619822344455,0.000179652027776506,NA,FALSE,FALSE,TRUE,"diagnostics_met_only",183.300933143552,206.171522401617
"p.w[131]","local_continuous",TRUE,0.256523780186395,0.011278323494702,0.23464793337383,0.256451641781899,0.278840618800106,1.00009428332001,50714.4336369272,56667.0640524382,5.00871178155859e-05,0.256626374295852,0.256471278269931,0.256647365425855,0.256350102753943,0.000297262671912935,NA,FALSE,FALSE,TRUE,"diagnostics_met_only",196.638453539172,219.718984178166
"p.w[132]","local_continuous",TRUE,0.262372279134558,0.00873837081848183,0.245359599624723,0.262355466624617,0.279601456222118,1.00001814481419,48830.0210496776,48687.8191319602,3.95672137740318e-05,0.262414503014177,0.26236479118247,0.262371331377737,0.262338490963845,7.60120503315864e-05,NA,FALSE,FALSE,TRUE,"diagnostics_met_only",189.331895022925,188.780526049933
"p.w[133]","local_continuous",TRUE,0.303227258275461,0.0109046938669466,0.282057206139977,0.30323698172382,0.3246001410684,1.00007626827563,48160.1120979985,50788.7209750659,4.96753246494339e-05,0.303422678267929,0.303071707509885,0.30328541179629,0.303129235527741,0.000350970758043856,NA,FALSE,FALSE,TRUE,"diagnostics_met_only",186.734412396711,196.926492786415
"p.w[134]","local_continuous",TRUE,0.23319486963048,0.0083451396927613,0.217156489690487,0.23311847712595,0.249776753774748,1.00029849659923,47669.1009919307,48789.0435070895,3.82472043144873e-05,0.233100056568048,0.233169722076412,0.233145327054622,0.233364372822838,0.000264316254790037,NA,FALSE,FALSE,TRUE,"diagnostics_met_only",184.830582310409,189.173010065991
"p.w[135]","local_continuous",TRUE,0.244060391063585,0.00720522820275295,0.230135701129612,0.243987940287601,0.25837600990423,1.0000751698683,49952.2826580011,54077.6690699139,3.22208585292976e-05,0.244065499829127,0.244043424565726,0.24406937416774,0.244063265691747,2.59496020146854e-05,NA,FALSE,FALSE,TRUE,"diagnostics_met_only",193.683314752997,209.678950435288
"p.w[136]","local_continuous",TRUE,0.148636004799987,0.0102919975206978,0.129047790509831,0.148443557889448,0.169325835670358,1.00007774769683,50449.3517978062,55070.3146335346,4.58039647351726e-05,0.148617800367315,0.148699931443498,0.148601478774361,0.148624808614777,9.84526691369114e-05,NA,FALSE,FALSE,TRUE,"diagnostics_met_only",195.610634057262,213.527801236626
"p.w[137]","local_continuous",TRUE,0.224345357646282,0.0125869227810615,0.199935220899516,0.22421674094049,0.249573024957123,1.00001801103031,49220.0529078524,53964.1155564655,5.6796763867753e-05,0.224276873817876,0.224347618477332,0.224526324520725,0.224230613769198,0.000295710751527289,NA,FALSE,FALSE,TRUE,"diagnostics_met_only",190.84419154134,209.238661829518
"p.w[138]","local_continuous",TRUE,0.193995758292051,0.00727625660819488,0.179975274685879,0.193955418317558,0.208425495588352,1.00006716905826,49411.1670167507,56539.4512040249,3.27267823107162e-05,0.194022146450783,0.19393675583253,0.194039046832558,0.193985084052333,0.000102291000027482,NA,FALSE,FALSE,TRUE,"diagnostics_met_only",191.585211013081,219.224182375914
"p.w[139]","local_continuous",TRUE,0.351768159626207,0.00948425372724471,0.33332668473084,0.351710076825691,0.370553696139758,1.00006351531248,48062.7094424609,49755.5760226431,4.3269254647814e-05,0.351882556342848,0.351621969020855,0.351860166692253,0.351707946448872,0.000260587321993189,NA,FALSE,FALSE,TRUE,"diagnostics_met_only",186.356746588735,192.920611005685
"p.w[140]","local_continuous",TRUE,0.251264623075747,0.00879996690375792,0.234245509519391,0.251169205107551,0.268765328709681,1.00000749095776,49145.1148589024,49062.864993738,3.97189064704451e-05,0.251313904114044,0.251285749556552,0.251289271661187,0.251169566971206,0.000144337142837458,NA,FALSE,FALSE,TRUE,"diagnostics_met_only",190.5536292497,190.234716365737
"p.w[141]","local_continuous",TRUE,0.162603019785034,0.00664605749181014,0.149839518252454,0.16251868672702,0.175883572516571,1.00006654986102,49228.0785411099,54594.5514048521,2.99462264604669e-05,0.162648403167368,0.162615023725287,0.162553007692563,0.162595644554922,9.53954748041386e-05,NA,FALSE,FALSE,TRUE,"diagnostics_met_only",190.875309864059,211.683092761546
"p.w[142]","local_continuous",TRUE,0.266625885953001,0.0105279272108131,0.246110757606273,0.266521863193141,0.287553799469098,1.00000888500219,50762.9616246403,55825.8171483834,4.67391426706935e-05,0.266654371937673,0.266694432237219,0.2666457467557,0.266508992881414,0.000185439355805284,NA,FALSE,FALSE,TRUE,"diagnostics_met_only",196.826614340209,216.45716148993
"p.w[143]","local_continuous",TRUE,0.128466563033746,0.00548699057805735,0.117897861764351,0.128426981896168,0.139357345863486,1.00006876183793,48647.112681179,55687.6404795391,2.48818562567124e-05,0.128386544485115,0.128504989979268,0.128567674159219,0.128407043511381,0.000181129674103775,NA,FALSE,FALSE,TRUE,"diagnostics_met_only",188.62269221533,215.921399882667
"p.o[1]","local_continuous",TRUE,0.033854486084936,0.00300861066277433,0.0281881096834741,0.0337592456835637,0.0399588536744413,1.00005075541704,48799.6323724013,49512.8529282569,1.36210576444594e-05,0.033844937019032,0.0338800025150937,0.0338701499564738,0.033822854849145,5.71476659486508e-05,NA,FALSE,FALSE,TRUE,"diagnostics_met_only",189.214066979187,191.979484574893
"p.o[2]","local_continuous",TRUE,0.0454217604590846,0.00722530010828539,0.0322837953273818,0.045058868520458,0.0604911454866216,1.0001298481856,48096.0505310379,50398.7565582759,3.28988851137578e-05,0.0454603639090338,0.0455261152735947,0.0453577899564445,0.0453427726972654,0.000183342576329334,NA,FALSE,FALSE,TRUE,"diagnostics_met_only",186.486022213581,195.414457762976
"p.o[3]","local_continuous",TRUE,0.112080372194743,0.00637103311067548,0.0999802894503574,0.111979542590001,0.124877219948256,1.00003782088881,49849.0108878976,53394.0390497868,2.85535263526357e-05,0.112085394679806,0.112141847380988,0.112079626541574,0.112014620176606,0.000127227204382144,NA,FALSE,FALSE,TRUE,"diagnostics_met_only",193.282892235952,207.028266195903
"p.o[4]","local_continuous",TRUE,0.115306509496711,0.00616700997585869,0.103532326821709,0.115207818896811,0.127700966030354,1.00013349977912,49908.0314793299,56357.2424906431,2.75989995802159e-05,0.115306741852069,0.115368817809346,0.115270616477061,0.115279861848368,9.82013322852054e-05,NA,FALSE,FALSE,TRUE,"diagnostics_met_only",193.511736708697,218.517692387733
"p.o[5]","local_continuous",TRUE,0.14467833812108,0.00559752460669821,0.133822780900245,0.144632939075407,0.155773364179787,1.00002833701874,49632.4139778973,56272.6838275522,2.51235849777355e-05,0.144683521215714,0.144677476257967,0.14469545450761,0.144656900503029,3.85540045809152e-05,NA,FALSE,FALSE,TRUE,"diagnostics_met_only",192.443066601129,218.189827447693
"p.o[6]","local_continuous",TRUE,0.0804971151809689,0.00368532375083931,0.073429261538493,0.0804439975494181,0.0879240064592188,1.00017509341473,49155.3350055829,56586.7672080372,1.6629710503671e-05,0.0804453679337077,0.0804522298561138,0.0805379227114771,0.0805529402225774,0.000107572288869776,NA,FALSE,FALSE,TRUE,"diagnostics_met_only",190.593256505573,219.407643871773
"p.o[7]","local_continuous",TRUE,0.158974721294277,0.00783733578925298,0.143915505875317,0.158886837986048,0.174646559480342,1.00008565544882,49716.5435417065,55135.6380262278,3.51534185400737e-05,0.158924866001758,0.158988527734462,0.158996530755662,0.15898896068523,7.16647539040216e-05,NA,FALSE,FALSE,TRUE,"diagnostics_met_only",192.769267765925,213.781083980767
"p.o[8]","local_continuous",TRUE,0.18536803917021,0.00620849197360627,0.173357185892612,0.185313984868165,0.197714150086739,1.00007204932588,50008.9814063957,56117.3706412402,2.77642953261501e-05,0.185372954400503,0.185288636681706,0.185378396420413,0.185432169178219,0.000143532496512305,NA,FALSE,FALSE,TRUE,"diagnostics_met_only",193.903156588987,217.587621279144
"p.o[9]","local_continuous",TRUE,0.187817128531979,0.00823030734554961,0.171808079140397,0.187750033279453,0.204229344625013,1.00003550796087,51150.3047732925,56097.3421548476,3.64005072156385e-05,0.187868350450263,0.187876758922883,0.187692195216019,0.187831209538749,0.000184563706863955,NA,FALSE,FALSE,TRUE,"diagnostics_met_only",198.328485745996,217.509963494002
"p.o[10]","local_continuous",TRUE,0.154952081823488,0.006282734235017,0.142831809075498,0.154897750541751,0.16747466977231,1.00010352338606,50464.6223535065,55723.3079231036,2.79640332376454e-05,0.154954862066777,0.154836306232586,0.155043698685147,0.154973460309441,0.000207392452560906,NA,FALSE,FALSE,TRUE,"diagnostics_met_only",195.669843600625,216.059695638752
"p.o[11]","local_continuous",TRUE,0.121091773335811,0.00423696069358528,0.112900938025782,0.121032510904482,0.129435570883606,1.00005151643753,48613.9275396886,56288.23335423,1.9216592033886e-05,0.121102352994368,0.121075700321129,0.121098327949696,0.121090712078052,2.66526732391748e-05,NA,FALSE,FALSE,TRUE,"diagnostics_met_only",188.494021254517,218.250118663821
"p.o[12]","local_continuous",TRUE,0.165580994321627,0.0119064467292974,0.142799061924382,0.165346056163185,0.189389142073649,1.00003131840617,48323.3435856544,54594.1366469835,5.41605077682626e-05,0.16555366573871,0.165475309635189,0.16568433538161,0.165610666530999,0.000209025746421343,NA,FALSE,FALSE,TRUE,"diagnostics_met_only",187.367320722797,211.68148459322
"p.o[13]","local_continuous",TRUE,0.140728687555607,0.00773788342881986,0.12585679607311,0.140608568182525,0.156109884805183,0.999996829062062,49223.097500441,54130.6420043017,3.4864391539444e-05,0.140677021035189,0.140713604681622,0.140685682011465,0.140838442494151,0.000161421458961974,NA,FALSE,FALSE,TRUE,"diagnostics_met_only",190.855996543099,209.884345924312
"p.o[14]","local_continuous",TRUE,0.109342346304204,0.00479312950474411,0.1000895294226,0.109279466724457,0.118876726400839,1.00009909604426,48491.456906189,55644.6582200438,2.17629833716014e-05,0.109305394633947,0.109356679496108,0.109378864394476,0.109328446692285,7.34697605286883e-05,NA,FALSE,FALSE,TRUE,"diagnostics_met_only",188.019157704867,215.754741903259
"p.o[15]","local_continuous",TRUE,0.134449250705363,0.00521895099723403,0.12433429500101,0.134425825335871,0.1447932482807,1.00005846170938,49451.5165214903,55496.909059124,2.34671455573138e-05,0.13445639973474,0.134421386184925,0.134537009728354,0.134382207173433,0.000154802554921452,NA,FALSE,FALSE,TRUE,"diagnostics_met_only",191.741660837008,215.181864234488
"p.o[16]","local_continuous",TRUE,0.138528477861925,0.00530711250190124,0.12824493965927,0.138467140255007,0.14907393837694,1.00009233742299,50184.0371504589,54496.181112564,2.36818514216924e-05,0.138512254207247,0.138526443484081,0.1385399423428,0.13853527141357,2.76881355531222e-05,NA,FALSE,FALSE,TRUE,"diagnostics_met_only",194.5819118925,211.301675071107
"p.o[17]","local_continuous",TRUE,0.0946799847020887,0.00369337026858233,0.0875573275161608,0.0946425130539685,0.102018027141232,1.00007034397854,49982.2028085168,55353.3292180752,1.65182604093115e-05,0.0946908049987617,0.094625140985185,0.0947333887245282,0.0946706040998797,0.000108247739343245,NA,FALSE,FALSE,TRUE,"diagnostics_met_only",193.799326146699,214.625152547528
"p.o[18]","local_continuous",TRUE,0.0772287908766263,0.0039248456827402,0.0697362754515763,0.0771523016981882,0.0851256702456819,1.00002036521923,50141.1630927769,53053.819788325,1.75210901585758e-05,0.0772502205156815,0.0772147038894993,0.0772359552908981,0.0772142838104252,3.59367052562565e-05,NA,FALSE,FALSE,TRUE,"diagnostics_met_only",194.415673451193,205.709111378617
"p.o[19]","local_continuous",TRUE,0.0597469234950451,0.00346237113728675,0.0531138867161551,0.0596878234763605,0.066728352769795,1.00003569817754,51461.4055932437,50885.7010773644,1.52573902447168e-05,0.0597516106570205,0.059741482550208,0.0597688809522587,0.0597257198206939,4.31611315647659e-05,NA,FALSE,FALSE,TRUE,"diagnostics_met_only",199.534737689336,197.302520200554
"p.o[20]","local_continuous",TRUE,0.0221877809032494,0.00316799994613905,0.0163869424627124,0.0220550850843482,0.0287551473674013,0.999989860260678,49024.0057007934,49814.3658955119,1.42687204942282e-05,0.0221601214678116,0.0222078429160625,0.0221677047301463,0.0222154544989772,5.53330311655886e-05,NA,FALSE,FALSE,TRUE,"diagnostics_met_only",190.084044639321,193.148560897967
"p.o[21]","local_continuous",TRUE,0.0830502547039692,0.00619844448992664,0.0713134648109914,0.0829049059652972,0.0956027095539521,1.00004722667905,49604.6521573257,53265.0315328062,2.7823109892697e-05,0.0829846492620618,0.0830619965798132,0.0830721779313845,0.0830821950426176,9.75457805558327e-05,NA,FALSE,FALSE,TRUE,"diagnostics_met_only",192.335423843966,206.528056752264
"p.o[22]","local_continuous",TRUE,0.132564834845465,0.00514720741470845,0.122570643055193,0.132505266946671,0.142796616801601,1.0000872836824,45717.2401042883,53089.5645543751,2.40648368102265e-05,0.132624626582557,0.132562540818863,0.13248652320206,0.132585648778382,0.000138103380497495,NA,FALSE,FALSE,TRUE,"diagnostics_met_only",177.262502003778,205.847706942329
"p.o[23]","local_continuous",TRUE,0.0779297155301625,0.00475937239805817,0.0688440732321198,0.0778369766466239,0.0874434084093405,1.0000759138874,47696.822502067,54047.8328132511,2.17707527996955e-05,0.0779411496713168,0.0779316795615707,0.0779011654449002,0.0779448674428621,4.37019979618869e-05,NA,FALSE,FALSE,TRUE,"diagnostics_met_only",184.938068769235,209.563264328813
"p.o[24]","local_continuous",TRUE,0.109653546291605,0.00544946784551743,0.0992182601003628,0.109577732110496,0.120586267783594,1.00007799341838,48647.3580301511,53031.1261556705,2.46849522504698e-05,0.109631538481155,0.109663330478289,0.109618624770956,0.10970069143602,8.20666650642315e-05,NA,FALSE,FALSE,TRUE,"diagnostics_met_only",188.623643523251,205.621119844248
"p.o[25]","local_continuous",TRUE,0.152176080616615,0.00488405987175043,0.142695773120948,0.152143644189669,0.161811831429937,1.00000006140805,50732.7134388985,56536.0949603737,2.16808687882837e-05,0.152200025867296,0.152135693583847,0.152217856928221,0.152150746087094,8.21633443742753e-05,NA,FALSE,FALSE,TRUE,"diagnostics_met_only",196.709331033661,219.21116898872
"p.o[26]","local_continuous",TRUE,0.127417730062298,0.00522921611363654,0.117332866440591,0.127359246350961,0.137856835561765,1.00003551775732,50798.1247739582,55746.8362654446,2.3208485032493e-05,0.127356594091965,0.12744444049452,0.127450889670181,0.127418995992529,9.42955782160526e-05,NA,FALSE,FALSE,TRUE,"diagnostics_met_only",196.962954762601,216.15092364862
"p.o[27]","local_continuous",TRUE,0.153796540235934,0.00625214953677456,0.141743025403847,0.153757375175777,0.166313589201011,1.0000649826818,48724.881033356,54929.9687153545,2.83288079216075e-05,0.153725901372404,0.153832198851627,0.15377555846952,0.153852502250183,0.000126600877779465,NA,FALSE,FALSE,TRUE,"diagnostics_met_only",188.924228630305,212.983628654339
"p.o[28]","local_continuous",TRUE,0.137836975974746,0.00525049653044763,0.127718745414427,0.137783554496737,0.14828644524232,1.00005562034609,49896.1337659297,57169.4110159876,2.34964238643846e-05,0.137857726589788,0.137787848817484,0.137853256589191,0.137849071902522,6.98777723040778e-05,NA,FALSE,FALSE,TRUE,"diagnostics_met_only",193.465604911575,221.666767540189
"p.o[29]","local_continuous",TRUE,0.132188307591338,0.00711622016379779,0.118653392163691,0.132044165644763,0.146512696364141,1.00004082161594,46989.6622137813,55848.2804648733,3.28176920154561e-05,0.132100577907411,0.132231277878492,0.132250294429866,0.132171080149584,0.000149716522455184,NA,FALSE,FALSE,TRUE,"diagnostics_met_only",182.196149052881,216.544260004084
"p.o[30]","local_continuous",TRUE,0.204745572035699,0.00901521982934937,0.187472431616446,0.204632283500355,0.222738465200061,1.00004087045112,50249.1463476456,55970.0828142027,4.02163297779416e-05,0.204809976669009,0.204715901865589,0.204661958246615,0.204794451361583,0.000148018422394008,NA,FALSE,FALSE,TRUE,"diagnostics_met_only",194.834364122128,217.016532370982
"p.o[31]","local_continuous",TRUE,0.162636593373267,0.00615330337107584,0.150772095684838,0.162571123635866,0.174881267816081,1.00007549086357,49347.0904230455,54396.7534311203,2.76933287835131e-05,0.162679420957264,0.162651798743302,0.162540284450244,0.162674869342259,0.000139136507020327,NA,FALSE,FALSE,TRUE,"diagnostics_met_only",191.336762565752,210.916157495222
"p.o[32]","local_continuous",TRUE,0.163204267392373,0.0059177273503882,0.151772218365085,0.16315698713784,0.174941692112982,1.00001546172316,48622.8541190241,54658.6147010826,2.68379163961061e-05,0.163197132714359,0.163225688657957,0.163197054778679,0.163197193418495,2.86338792779561e-05,NA,FALSE,FALSE,TRUE,"diagnostics_met_only",188.52863287551,211.93148964969
"p.o[33]","local_continuous",TRUE,0.159703636925561,0.005705228073362,0.148700047083604,0.159631314524113,0.171048625263287,1.00010687107053,49236.1550394366,54614.4044045705,2.57121950648568e-05,0.15966810791767,0.159683991270221,0.159773202351,0.159689246163352,0.000105094433329372,NA,FALSE,FALSE,TRUE,"diagnostics_met_only",190.906625409301,211.76007012051
"p.o[34]","local_continuous",TRUE,0.12184173698829,0.00467127921499646,0.112778429174826,0.121807926642473,0.131135161025339,1.00028407476986,50162.4644375663,53222.5459348679,2.08545640511413e-05,0.121776225048084,0.121853396668928,0.121895655737705,0.121841670498445,0.000119430689620725,NA,FALSE,FALSE,TRUE,"diagnostics_met_only",194.49826657503,206.363324511812
"p.o[35]","local_continuous",TRUE,0.113941976719826,0.00472072779597612,0.104850179648741,0.113875089749739,0.123406443336505,1.00000788707559,50532.1768595624,55127.6701914446,2.09994121077251e-05,0.113988283851712,0.113889744150768,0.113955873382853,0.113934005493969,9.85397009441447e-05,NA,FALSE,FALSE,TRUE,"diagnostics_met_only",195.931777189306,213.750189763925
"p.o[36]","local_continuous",TRUE,0.0676381115158785,0.00345028773187699,0.0610352824841005,0.0675779727457941,0.0745456818596847,1.0000471174436,45877.1655810094,51628.9835460582,1.6103832673683e-05,0.067651873488222,0.0676577545585409,0.067646209660781,0.0675966083559697,6.11462025711385e-05,NA,FALSE,FALSE,TRUE,"diagnostics_met_only",177.882591713329,200.184498854464
"p.o[37]","local_continuous",TRUE,0.052010764892396,0.0035503662211968,0.0453056383039242,0.0519416288481751,0.0591848503417175,1.00008053428305,46519.6131781616,51783.5590918399,1.64546634291458e-05,0.052001948240831,0.0520622170707605,0.0520070795348693,0.0519718147231228,9.04023476376581e-05,NA,FALSE,FALSE,TRUE,"diagnostics_met_only",180.3735965994,200.783844920223
"p.o[38]","local_continuous",TRUE,0.0485022826294323,0.00368232973246309,0.0415789645672878,0.0484166708476876,0.0560108204100152,1.00003723260176,49631.8014345139,51172.0183171466,1.65163489352627e-05,0.0484771908302295,0.0485393343657334,0.048498112722075,0.0484944925996913,6.21435355038988e-05,NA,FALSE,FALSE,TRUE,"diagnostics_met_only",192.440691545844,198.412677116738
"p.o[39]","local_continuous",TRUE,0.105754138077278,0.00433309072532697,0.0973261690453278,0.105705421549474,0.114400139855302,1.00000885872284,49528.4738745638,52317.4089589623,1.9473682351714e-05,0.105784622343992,0.105735579051891,0.105766571863684,0.105729779049545,5.48432944471045e-05,NA,FALSE,FALSE,TRUE,"diagnostics_met_only",192.040052711108,202.853776589865
"p.o[40]","local_continuous",TRUE,0.107035136871844,0.00440046696281404,0.0985878781847274,0.106971724923024,0.115819193421229,0.999988999593025,49263.4998644886,54780.754109598,1.9829305337187e-05,0.106996190985326,0.107035173846646,0.107070527288686,0.107038655366716,7.43363033598315e-05,NA,FALSE,FALSE,TRUE,"diagnostics_met_only",191.012651321944,212.405068918633
"p.o[41]","local_continuous",TRUE,0.0603086350060824,0.00372596265009614,0.0532604104608535,0.0602050897983024,0.0677934584612384,1.00005344066813,51489.6442411635,52428.7139788721,1.64138069602968e-05,0.0602826205414852,0.0603199198824873,0.0603419038384943,0.0602900957618623,5.92832970090981e-05,NA,FALSE,FALSE,TRUE,"diagnostics_met_only",199.644229280956,203.285346961781
"p.o[42]","local_continuous",TRUE,0.0712876128927482,0.0054829481960251,0.0608400942255626,0.0711472837117569,0.0823895642488969,1.00004323688446,48761.6612201334,52567.5603300002,2.48170415653718e-05,0.0712563456110241,0.0712705369747976,0.0713581405878495,0.0712654283973218,0.000101794976825456,NA,FALSE,FALSE,TRUE,"diagnostics_met_only",189.06683889981,203.823705172796
"p.o[43]","local_continuous",TRUE,0.0523254576605144,0.0049304865461749,0.0430568382771001,0.0522011765414669,0.0624051753608966,1.00004372565498,48856.9370801429,49862.0075979791,2.2256822088309e-05,0.0523314799460215,0.0522569338014636,0.0523503854420603,0.0523630314525127,0.000106097651049131,NA,FALSE,FALSE,TRUE,"diagnostics_met_only",189.436258341739,193.333285246151
"p.o[44]","local_continuous",TRUE,0.0329742905986649,0.00289655941876495,0.027549113348204,0.0328820220262335,0.0388573304742211,1.00001806592967,49423.4708182804,49097.8871978419,1.30174624014374e-05,0.0329591359638142,0.0329772465179013,0.0330125278957563,0.0329482520171881,6.42758785682207e-05,NA,FALSE,FALSE,TRUE,"diagnostics_met_only",191.632917362772,190.370510291857
"p.o[45]","local_continuous",TRUE,0.0577079146032041,0.00440574943753338,0.0494005709906122,0.0576174562366638,0.0666270020148075,0.999978851882692,48716.7961615839,49455.5000916055,1.99290078132549e-05,0.0576916880129324,0.0577072862927336,0.0577019191678263,0.0577307649393241,3.90769263917123e-05,NA,FALSE,FALSE,TRUE,"diagnostics_met_only",188.892880618145,191.757106598912
"p.o[46]","local_continuous",TRUE,0.0406800264423247,0.00318996281769264,0.0346337330212994,0.0405950470120807,0.0471218297722373,1.00017535755472,49499.5484382706,49196.2039967325,1.43303419764069e-05,0.0406741452762765,0.0407033080710931,0.040690515628033,0.0406521367938957,5.11712771973996e-05,NA,FALSE,FALSE,TRUE,"diagnostics_met_only",191.927898189156,190.751720568781
"p.o[47]","local_continuous",TRUE,0.0604777397997566,0.00386953943292606,0.0531159717336538,0.0604031430039093,0.068274231167649,1.00006519639939,48736.4073611561,51579.4579485992,1.75287994363751e-05,0.0604615307308514,0.0605112221444951,0.0604006133591451,0.0605375929645356,0.00013697960539049,NA,FALSE,FALSE,TRUE,"diagnostics_met_only",188.968920429287,199.992469954671
"p.o[48]","local_continuous",TRUE,0.079372096622941,0.00447581900759207,0.0708158430497765,0.0792858890488047,0.0883340534173658,1.00006414555304,47505.9305217345,50745.3886123586,2.05310128528012e-05,0.0794666371318224,0.0793477211457454,0.079310743636132,0.0793632845780634,0.000155893495690299,NA,FALSE,FALSE,TRUE,"diagnostics_met_only",184.197910571386,196.758477328489
"p.o[49]","local_continuous",TRUE,0.0567689271339047,0.00703644193545733,0.0438398512554467,0.0565130574516962,0.0711910239602699,1.0000917927221,50474.2563488037,49665.7880962933,3.12739629058641e-05,0.0567486641588624,0.0566714721873376,0.0567319794268583,0.0569235927625604,0.00025212057522276,NA,FALSE,FALSE,TRUE,"diagnostics_met_only",195.707198132674,192.572470294693
"p.o[50]","local_continuous",TRUE,0.176990258555302,0.00707963851807596,0.163395251487013,0.176918937623164,0.19105108272032,1.00009320899793,49418.4317849048,55178.2682958814,3.18523223131605e-05,0.177094356200238,0.177048721711149,0.176988668801306,0.176829287508514,0.000265068691723935,NA,FALSE,FALSE,TRUE,"diagnostics_met_only",191.613379182825,213.946377166503
"p.o[51]","local_continuous",TRUE,0.215819446444491,0.00608759938285083,0.203904972188187,0.215777683426854,0.227891165167685,1.00004738893274,49803.948856922,55563.9762913018,2.72805566901227e-05,0.215818017147603,0.21580512501717,0.215801399541056,0.215853244072137,5.18445310812576e-05,NA,FALSE,FALSE,TRUE,"diagnostics_met_only",193.108170219971,215.441908483685
"p.o[52]","local_continuous",TRUE,0.1930507116515,0.00914725892723251,0.1753962754992,0.192951250610349,0.211301154228076,1.00007483395184,46688.416602567,53608.7133906075,4.23193055519461e-05,0.193008754593318,0.193181137000313,0.193005403015478,0.19300755199689,0.000175733984834975,NA,FALSE,FALSE,TRUE,"diagnostics_met_only",181.028109367202,207.860637325111
"p.o[53]","local_continuous",TRUE,0.0769815889450935,0.00666165446914506,0.064486289349022,0.0768098765665818,0.090621618666915,1.00003396620056,48873.0377151509,50570.5979680426,3.01165016536664e-05,0.0770174291533361,0.0770689079427585,0.0769535034161705,0.0768865152681097,0.000182392674648826,NA,FALSE,FALSE,TRUE,"diagnostics_met_only",189.498686406925,196.080749913894
"p.o[54]","local_continuous",TRUE,0.0608022315496004,0.00427796303340172,0.0527099404443047,0.0607234233123152,0.0694411376006706,1.00000979571357,50410.4930476146,49724.1066167376,1.90370412625455e-05,0.0608139332770243,0.0607623003758525,0.0608171936616935,0.0608154988838306,5.48932858409276e-05,NA,FALSE,FALSE,TRUE,"diagnostics_met_only",195.459964435299,192.798592580805
"p.o[55]","local_continuous",TRUE,0.0366657191411715,0.00322683848423579,0.0305454632836514,0.0365940987343953,0.0431797227341785,1.00006902885727,50901.5347539373,49598.8822627681,1.42837119005712e-05,0.0366837011073928,0.0366454732944831,0.0367093925262171,0.0366243096365926,8.50828896245201e-05,NA,FALSE,FALSE,TRUE,"diagnostics_met_only",197.363913170008,192.313051847248
"p.o[56]","local_continuous",TRUE,0.0390032622728695,0.00305598248413122,0.033234050063495,0.0389284285316556,0.0451789048783025,1.0000180618866,49965.5703432167,49429.8166750211,1.3662189123154e-05,0.0389769010764451,0.038985060190805,0.0390153193316272,0.0390357684926009,5.88674161557667e-05,NA,FALSE,FALSE,TRUE,"diagnostics_met_only",193.734835980476,191.657522576049
"p.o[57]","local_continuous",TRUE,0.0385593848043024,0.00332530930302873,0.0322839047795189,0.0384748785643128,0.0453134115201629,0.999992030499296,48635.4672556046,48795.2952313814,1.50767951357468e-05,0.0385711984969823,0.0385721844746601,0.0385553771281308,0.0385387791174363,3.34053572237925e-05,NA,FALSE,FALSE,TRUE,"diagnostics_met_only",188.577538630609,189.197250293251
"p.o[58]","local_continuous",TRUE,0.0399433429562971,0.00365608868120121,0.0330605399745615,0.0398561961583484,0.0473623955184471,1.00004889915002,46925.2244037327,47160.6428180828,1.68522909186251e-05,0.0399117505016575,0.0399417414419156,0.0399437297043847,0.0399761501772302,6.43996755726878e-05,NA,FALSE,FALSE,TRUE,"diagnostics_met_only",181.946300037349,182.859103545397
"p.o[59]","local_continuous",TRUE,0.0452047741372763,0.00364111750673958,0.0383510897022011,0.0450991653473091,0.0526482851215823,1.0000364644517,48713.3735473602,49139.5723154819,1.64890328096233e-05,0.0452135427482679,0.0451713900997835,0.045207241859151,0.0452269218419027,5.55317421192802e-05,NA,FALSE,FALSE,TRUE,"diagnostics_met_only",188.879609887906,190.532138776698
"p.o[60]","local_continuous",TRUE,0.0247810304262048,0.00285545049463469,0.0194937756873088,0.0246835706148898,0.0306357552057695,1.00014189538359,48829.7539043314,47846.6153317778,1.29027289353946e-05,0.0247774863670088,0.0247715155754475,0.0247775639377947,0.0247975558245685,2.60402491209372e-05,NA,FALSE,FALSE,TRUE,"diagnostics_met_only",189.33085920247,185.518870491215
"p.o[61]","local_continuous",TRUE,0.0582693688436381,0.00509260547224212,0.0486650833832803,0.0581579953011364,0.0686154192006465,0.999987439308356,51639.0760947916,52900.9316300972,2.23944209085723e-05,0.0582887275570452,0.0582949195122484,0.0582292999155433,0.0582645283897153,6.56195967051396e-05,NA,FALSE,FALSE,TRUE,"diagnostics_met_only",200.223631366313,205.116307933081
"p.o[62]","local_continuous",TRUE,0.0818179542307712,0.00437728017118547,0.0734236428049316,0.0817248793521479,0.090622512363159,0.999998844874713,48785.5288598555,49926.7469431958,1.9807220600443e-05,0.0818373767654494,0.0817674602762981,0.0818129106890332,0.0818540691923044,8.66089160062727e-05,NA,FALSE,FALSE,TRUE,"diagnostics_met_only",189.159382490028,193.584303424086
"p.o[63]","local_continuous",TRUE,0.0774828784382404,0.0042122118696807,0.0693945888010091,0.0774117002958153,0.085935790918887,1.00001164306075,46181.4098709206,48479.8606262965,1.96140967005709e-05,0.0775237672978364,0.0774444473232161,0.0774788233977712,0.077484475734138,7.93199746202955e-05,NA,FALSE,FALSE,TRUE,"diagnostics_met_only",179.062258375773,187.974194675974
"p.o[64]","local_continuous",TRUE,0.0427208049202268,0.00377509477475334,0.0356321149916315,0.0426150535814554,0.050423181572187,1.00001979375936,50057.5875099649,50456.1752585788,1.68619328382351e-05,0.0426775220037494,0.0427223853099512,0.0427495857466406,0.0427337266205654,7.20637428912596e-05,NA,FALSE,FALSE,TRUE,"diagnostics_met_only",194.091620273839,195.637091116483
"p.o[65]","local_continuous",TRUE,0.0389226598034628,0.00340976618005056,0.0325352250017212,0.03882036227618,0.0458265511200291,1.00005801762309,47302.0956991603,45415.6534790953,1.56338780934047e-05,0.0389270225264968,0.0389128392237657,0.0389091213103475,0.0389416561532409,3.25348428934433e-05,NA,FALSE,FALSE,TRUE,"diagnostics_met_only",183.407568228704,176.093140081872
"p.o[66]","local_continuous",TRUE,0.0302619434222768,0.00231949701553334,0.0258531363398585,0.0301998433073103,0.0349794916649872,1.0000992159385,47653.6115378824,46339.4710018516,1.0608601379614e-05,0.0302143319648104,0.0302610153015375,0.0302765377810419,0.0302958886417173,8.15566769069506e-05,NA,FALSE,FALSE,TRUE,"diagnostics_met_only",184.770524017892,179.675119333138
"p.o[67]","local_continuous",TRUE,0.0325356413108038,0.00294102728080807,0.0270243302273336,0.0324342361450727,0.0385404713718244,1.00001267145897,50916.8073045462,50248.8851458331,1.30143810907646e-05,0.03253214305373,0.0325329776140338,0.0325229094311632,0.0325545351442876,3.16257131243933e-05,NA,FALSE,FALSE,TRUE,"diagnostics_met_only",197.423130448364,194.833351346932
"p.o[68]","local_continuous",TRUE,0.0652599148135936,0.00485600040816002,0.0560154476402963,0.0651365621556814,0.0750644221117376,1.000029711633,46158.7469790054,48180.0789662432,2.26072669136049e-05,0.0652307122556544,0.0652605276815758,0.0652823808176273,0.0652660384995167,5.16685619729174e-05,NA,FALSE,FALSE,TRUE,"diagnostics_met_only",178.974386034522,186.811831265701
"p.o[69]","local_continuous",TRUE,0.0282034932837387,0.00318694778031635,0.0223168789467427,0.0280696839177162,0.034806787426187,1.00006837940949,49292.326749217,48370.6170381241,1.43262896362898e-05,0.0282206346513955,0.0281854119875366,0.0282270919428334,0.0281808345531894,4.6257389644068e-05,NA,FALSE,FALSE,TRUE,"diagnostics_met_only",191.124423723346,187.550617230723
"p.o[70]","local_continuous",TRUE,0.0416653579106844,0.00448884378783711,0.0333465712360691,0.0415123438677354,0.0509382381191455,1.00005467256761,49483.6542278031,48854.5508631195,2.01581155790518e-05,0.0416274700023695,0.041736850616435,0.041641160612205,0.0416559504117276,0.000109380614065409,NA,FALSE,FALSE,TRUE,"diagnostics_met_only",191.866270507598,189.427006103439
"p.o[71]","local_continuous",TRUE,0.0360970253028049,0.00336125995746273,0.0297531373583442,0.0360044656445859,0.0429542164127625,1.00000241673573,50104.3682869573,49722.390849562,1.50228029857271e-05,0.036084767245082,0.0360813555834058,0.0361034956823594,0.0361184827003726,3.71271169668091e-05,NA,FALSE,FALSE,TRUE,"diagnostics_met_only",194.273006498301,192.791939922383
"p.o[72]","local_continuous",TRUE,0.0151672804434519,0.00167914698536338,0.0120444938315627,0.0151048412996712,0.0186602622679589,1.00013694555845,49415.6184104706,45847.1740687025,7.54531631751526e-06,0.0151704776542025,0.0151650751415926,0.0151833858060849,0.0151501831719277,3.32026341572401e-05,NA,FALSE,FALSE,TRUE,"diagnostics_met_only",191.602470698626,177.766303623797
"p.o[73]","local_continuous",TRUE,0.065178495604719,0.00496186999096069,0.0558364194905376,0.0650739403511824,0.0753165319425152,1.00002625367218,50075.7020882536,50109.684565437,2.21494246994572e-05,0.0651357981960842,0.0652636079225821,0.0651323108966372,0.0651822654035712,0.000131297025944846,NA,FALSE,FALSE,TRUE,"diagnostics_met_only",194.161857135532,194.293619659168
"p.o[74]","local_continuous",TRUE,0.0373181213453651,0.00269219148562017,0.032221771494345,0.0372533535740892,0.0427320340063188,0.999995506607342,48412.8816633291,48453.3607648181,1.22174754987295e-05,0.0373258726559515,0.037320779129808,0.0372876037644389,0.0373382298312619,5.06260668229758e-05,NA,FALSE,FALSE,TRUE,"diagnostics_met_only",187.714492678869,187.87144499691
"p.o[75]","local_continuous",TRUE,0.0398182360746095,0.00323660778219401,0.0336737216507224,0.0397340374599958,0.0464175493884338,1.00001659669964,50151.0498323031,49536.0675169778,1.44374433379556e-05,0.0398172509820199,0.0398199215431049,0.0398163828398365,0.039819388933476,3.53870326837147e-06,NA,FALSE,FALSE,TRUE,"diagnostics_met_only",194.454007965286,192.069496046939
"p.o[76]","local_continuous",TRUE,0.0103732305742058,0.00274168696390029,0.00573989441219437,0.0101206084775406,0.0164186861964942,1.00010717167952,48181.2423758013,45291.4966567726,1.24315849376961e-05,0.0104103961648322,0.0103891758366909,0.0103045092706204,0.0103888410246798,0.000105886894211801,NA,FALSE,FALSE,TRUE,"diagnostics_met_only",186.81634223112,175.611738559917
"p.o[77]","local_continuous",TRUE,0.0221632538032824,0.00247408636714822,0.017603968803025,0.0220570439301141,0.0272540730070509,1.00001021017058,49868.74527373,47665.0417675003,1.10596953242792e-05,0.0221469059278251,0.0221922933512298,0.02216304364684,0.0221507722872345,4.53874234047393e-05,NA,FALSE,FALSE,TRUE,"diagnostics_met_only",193.35940968539,184.814843208987
"p.o[78]","local_continuous",TRUE,0.0168287490083934,0.00223549168716764,0.0127661916545931,0.0167351500193266,0.0214904541610297,1.00006046763118,48977.0000686506,47491.9870487737,1.00826770686448e-05,0.0168092327256166,0.0168462240634975,0.0168290936987809,0.0168304455456787,3.69913378808658e-05,NA,FALSE,FALSE,TRUE,"diagnostics_met_only",189.901786568998,184.143846614375
"p.o[79]","local_continuous",TRUE,0.0128196691862756,0.00225551489997389,0.00879137462788781,0.012680873224439,0.0176265670482737,1.00007835116409,49943.6009931785,47395.5519113829,1.00462821732768e-05,0.0128410656611371,0.0128346319330586,0.0128130264467889,0.0127899527041178,5.11129570193239e-05,NA,FALSE,FALSE,TRUE,"diagnostics_met_only",193.649652755367,183.769932228993
"p.o[80]","local_continuous",TRUE,0.031078169502876,0.00420009095946878,0.0234046217956001,0.0308966480482749,0.0397968989107969,1.0000546869847,48636.0275321198,47902.5507016347,1.89934046615783e-05,0.0310922278744828,0.0310520477983823,0.0310784423878911,0.031089959950748,4.01800761004045e-05,NA,FALSE,FALSE,TRUE,"diagnostics_met_only",188.579711028083,185.735752428723
"p.o[81]","local_continuous",TRUE,0.0650026218767514,0.00322101387183838,0.0588465003259615,0.064944704530011,0.0714634519937599,1.00009605093802,49015.9208461045,51372.8275856611,1.4545841658585e-05,0.0650203208099912,0.0649890777111728,0.0649975309583034,0.0650035580275385,3.1243098818301e-05,NA,FALSE,FALSE,TRUE,"diagnostics_met_only",190.052696693399,199.191288277019
"p.o[82]","local_continuous",TRUE,0.101985010195252,0.00541283501858622,0.0915932849011556,0.101892649516147,0.112947538870015,1.00004448357373,49479.8391099872,53406.7299806027,2.43372001927299e-05,0.102038069950604,0.101939412121644,0.101958672981835,0.102003885726926,9.86578289596113e-05,NA,FALSE,FALSE,TRUE,"diagnostics_met_only",191.851477897022,207.077473587777
"p.o[83]","local_continuous",TRUE,0.0815371739024861,0.00424331125651311,0.0734253219899794,0.081465971601711,0.0900301172936482,1.00002227503998,48932.6158864814,50806.6595278993,1.91841408664521e-05,0.0815824721139039,0.0815435581356207,0.0815587235442466,0.0814639418161733,0.000118530297730582,NA,FALSE,FALSE,TRUE,"diagnostics_met_only",189.729692821371,196.996047132879
"p.o[84]","local_continuous",TRUE,0.177224303858762,0.00706526536575337,0.163547011132464,0.177182905625911,0.191251449375789,1.00011486944573,49385.0762008234,56039.6478907666,3.17914546648072e-05,0.177159642140533,0.177185342225398,0.177275242905504,0.177276988163611,0.00011734602307889,NA,FALSE,FALSE,TRUE,"diagnostics_met_only",191.484047353594,217.286261678693
"p.o[85]","local_continuous",TRUE,0.162386839316306,0.0058299551777818,0.151200682480052,0.162332575009314,0.174080431861247,1.00001648996648,49949.9910456583,55595.6562456651,2.61021588373604e-05,0.162333947625,0.162340411790311,0.16245315495891,0.162419842891004,0.000119207333909965,NA,FALSE,FALSE,TRUE,"diagnostics_met_only",193.674429331729,215.564743282133
"p.o[86]","local_continuous",TRUE,0.120318966694876,0.00593995054094829,0.108885010626836,0.120241354561532,0.132216602262258,1.00001047790326,47914.3294703471,55268.350447465,2.71436470376758e-05,0.120346018972359,0.120309251473014,0.120318748573065,0.120301847761066,4.41712112924514e-05,NA,FALSE,FALSE,TRUE,"diagnostics_met_only",185.781423033679,214.295658696604
"p.o[87]","local_continuous",TRUE,0.0901005872847782,0.00463632181666412,0.0812450177505266,0.0900099200642919,0.0993918444741458,1.00005677520623,50564.3082706217,51733.8504934592,2.06210721016123e-05,0.0901551769812879,0.0900144878082926,0.0901267710836108,0.090105913265923,0.000140689172995256,NA,FALSE,FALSE,TRUE,"diagnostics_met_only",196.05636245089,200.591106458759
"p.o[88]","local_continuous",TRUE,0.200436350029302,0.00745384900669993,0.186095392631728,0.200375274502003,0.215289855856322,1.00013626931705,50283.0707713516,55229.7704784358,3.32379942135518e-05,0.200461848784554,0.200380561832948,0.200406701075866,0.20049628842384,0.000115726590891707,NA,FALSE,FALSE,TRUE,"diagnostics_met_only",194.965901551147,214.146070011422
"p.o[89]","local_continuous",TRUE,0.189346401295735,0.00617810131273023,0.177295057259126,0.189314031576225,0.201506399154745,1.0000567252715,50679.1801063144,57283.9829997081,2.7443187770832e-05,0.189304587473919,0.189380531799024,0.1894239665944,0.189276519315596,0.000147447278804003,NA,FALSE,FALSE,TRUE,"diagnostics_met_only",196.501762675361,222.111005128624
"p.o[90]","local_continuous",TRUE,0.196259857319484,0.00834077376323358,0.180181750091442,0.196169243019349,0.212804502988273,1.00007446264765,49485.54959141,53568.1940749935,3.74887842018273e-05,0.196254690593128,0.196236311269535,0.196288964978025,0.196259462437247,5.26537084905021e-05,NA,FALSE,FALSE,TRUE,"diagnostics_met_only",191.873619527233,207.703529082163
"p.o[91]","local_continuous",TRUE,0.116851826134764,0.0044936632790265,0.10820787796719,0.1167942505437,0.125795883291687,1.00003237389117,49047.3028851073,54488.4776642583,2.0298208434644e-05,0.116855310726298,0.116923545683759,0.116812791922972,0.116815656206028,0.000110753760786952,NA,FALSE,FALSE,TRUE,"diagnostics_met_only",190.174376364764,211.271805977575
"p.o[92]","local_continuous",TRUE,0.0114459808611617,0.00236060854231727,0.00729685512512406,0.0112837483656614,0.0164962928558113,1.00003865520713,47793.6118149631,43866.0752257405,1.06975644349398e-05,0.0114289268311753,0.0114427151471767,0.0114287486667418,0.0114835327995528,5.47841328110352e-05,NA,FALSE,FALSE,TRUE,"diagnostics_met_only",185.313356422909,170.084857044363
"p.o[93]","local_continuous",TRUE,0.0211037936493631,0.00333805429704288,0.0150453336185523,0.020930646347394,0.0281211843697264,1.0001495102753,47962.7301421169,46586.9463776517,1.52082722298652e-05,0.0211427819337597,0.0210909556370969,0.0210594043496838,0.0211220326769118,8.33775840759082e-05,NA,FALSE,FALSE,TRUE,"diagnostics_met_only",185.969090184124,180.634672101384
"p.o[94]","local_continuous",TRUE,0.0136109550327308,0.00238782073888734,0.00934007856147611,0.0134638209047736,0.018690646535963,0.999987625226943,48694.2746703558,46173.7700661309,1.07841064711722e-05,0.0135879596857536,0.0136226625017363,0.0136241848123218,0.0136090131311116,3.6225126568229e-05,NA,FALSE,FALSE,TRUE,"diagnostics_met_only",188.805556539201,179.032636051487
"p.o[95]","local_continuous",TRUE,0.0146524039929111,0.00265290087401214,0.00991467950131528,0.0145029109013794,0.0202707739799848,1.00003381261929,50353.2031801384,44792.8650947966,1.17571821152245e-05,0.0146346136321413,0.0146624906379251,0.0146748430612084,0.0146376686403699,4.02294290670225e-05,NA,FALSE,FALSE,TRUE,"diagnostics_met_only",195.237830613897,173.678361172037
"p.o[96]","local_continuous",TRUE,0.0141375185090254,0.00221583939757809,0.010133151922018,0.0140202824011886,0.0187975669863589,1.00001113597346,49079.067985604,47023.6182824336,1.0002522502581e-05,0.014144900120317,0.0141419261153477,0.014136033364297,0.01412721443614,1.76856841770257e-05,NA,FALSE,FALSE,TRUE,"diagnostics_met_only",190.29754130599,182.327809180959
"p.o[97]","local_continuous",TRUE,0.0178708089228771,0.00316446032193889,0.012183986577721,0.0176752894570823,0.0245177857523773,1.0000818763224,50511.2345342282,47318.5766146797,1.4035161508229e-05,0.0178559084942941,0.0179010160783182,0.017865543803223,0.0178607673156729,4.51075840240366e-05,NA,FALSE,FALSE,TRUE,"diagnostics_met_only",195.850576115531,183.471470780862
"p.o[98]","local_continuous",TRUE,0.0157812340557537,0.0026488530487333,0.0110338905272878,0.0156301467847083,0.0213929727910836,1.00007015327244,50343.4303818838,48498.0591183522,1.1763716356596e-05,0.0157439503653548,0.0158286292611599,0.0157822816595662,0.0157700749369339,8.46788958050633e-05,NA,FALSE,FALSE,TRUE,"diagnostics_met_only",195.19993789189,188.044756902109
"p.o[99]","local_continuous",TRUE,0.019335410757576,0.00329456555466854,0.0133984847460529,0.0191617484502355,0.0262518682605959,1.00002795047587,48064.8325106009,45243.7364467442,1.49538610047255e-05,0.019368853266924,0.019309001862084,0.019343760954321,0.0193200269469747,5.98514048400431e-05,NA,FALSE,FALSE,TRUE,"diagnostics_met_only",186.364978502332,175.426554714467
"p.o[100]","local_continuous",TRUE,0.0132771819003355,0.00240501234606362,0.00900104743028733,0.0131299176676027,0.0184262978737078,1.00012961884921,46903.1023382229,46847.0101480988,1.10551744415874e-05,0.0133032023727035,0.0133109473921599,0.0132255696208787,0.0132690082155997,8.53777712812049e-05,NA,FALSE,FALSE,TRUE,"diagnostics_met_only",181.860524678364,181.643034691183
"p.o[101]","local_continuous",TRUE,0.016692963277787,0.00287488113954206,0.011534209584579,0.0165378624268373,0.0227504895486554,1.00008787584905,49771.0604455743,46010.8666644984,1.28234617233129e-05,0.01671334829567,0.0166300934401751,0.0167028355923609,0.016725575782942,9.5482342766913e-05,NA,FALSE,FALSE,TRUE,"diagnostics_met_only",192.980649790716,178.400999835206
"p.o[102]","local_continuous",TRUE,0.0145452041189048,0.00225082076628709,0.0104981291436527,0.0144230913642779,0.0192984716998436,1.00005084606814,48657.7294203418,47911.8069875171,1.01895680938027e-05,0.0145448872471526,0.0145396080885594,0.0145538074189684,0.0145425137209386,1.41993304090208e-05,NA,FALSE,FALSE,TRUE,"diagnostics_met_only",188.663857205666,185.771642442885
"p.o[103]","local_continuous",TRUE,0.0124137747187546,0.00168933567370125,0.00930843373803142,0.0123400480986796,0.0159347977236004,1.00016321777491,47882.7771177248,45483.9106122587,7.69676670229205e-06,0.0124172325887259,0.0124018967944049,0.012399923139164,0.0124360463527237,3.61232135596742e-05,NA,FALSE,FALSE,TRUE,"diagnostics_met_only",185.659082993966,176.357798013465
"p.o[104]","local_continuous",TRUE,0.0163082131541378,0.00226801694004409,0.0121616013016252,0.0162112474800248,0.0210502926806103,1.00001724493447,48364.2703123737,48573.2265773378,1.0292036204756e-05,0.0162878326009368,0.0163035194473752,0.0163354935220451,0.0163060070461942,4.76609211083438e-05,NA,FALSE,FALSE,TRUE,"diagnostics_met_only",187.526008647977,188.33620870057
"p.o[105]","local_continuous",TRUE,0.0162940971588329,0.00238059189415808,0.0119579495940069,0.0161878097061217,0.0212786116024192,1.00000395247648,49479.0366442741,47028.7657395214,1.06838684849433e-05,0.0163193355799535,0.0162877386167036,0.0162784662442102,0.016290848194464,4.08693357433348e-05,NA,FALSE,FALSE,TRUE,"diagnostics_met_only",191.84836644323,182.347767759392
"p.o[106]","local_continuous",TRUE,0.0168969094573742,0.00215514790439827,0.0129510641828016,0.0168007682872301,0.0214006422334948,0.999999723509952,50406.4815169498,48220.6523342983,9.57717566025692e-06,0.0169096348795013,0.0168974145206835,0.0169043112902272,0.0168762771390852,3.33577404161879e-05,NA,FALSE,FALSE,TRUE,"diagnostics_met_only",195.444410260093,186.969149089781
"p.o[107]","local_continuous",TRUE,0.0117093069131551,0.00232222865027833,0.00760086893827246,0.0115525925129147,0.0166796627571485,1.00011134820469,48823.4741383586,46219.8482571072,1.0460118622985e-05,0.0117084250390451,0.0117196695309776,0.011720604648744,0.0116885284338538,3.20762148901654e-05,NA,FALSE,FALSE,TRUE,"diagnostics_met_only",189.306510247332,179.211298092364
"p.o[108]","local_continuous",TRUE,0.0317058967194237,0.0046656919812898,0.0232219824327632,0.0314966812855443,0.0414376037726324,1.00005491615021,49548.2394140295,47966.6166279951,2.08993302204267e-05,0.0316619658151122,0.0317118139833555,0.0317342364576825,0.0317155706215445,7.22706425703573e-05,NA,FALSE,FALSE,TRUE,"diagnostics_met_only",192.116690954606,185.984159514845
"p.o[109]","local_continuous",TRUE,0.0313834649370825,0.0049867630906467,0.022341517673861,0.0311441657775225,0.0418095631509351,1.00002390840206,49627.6891583572,48612.8901892167,2.23410921481491e-05,0.0313645574918932,0.0313925260372512,0.0314402671741712,0.0313365090450144,0.000103758129156757,NA,FALSE,FALSE,TRUE,"diagnostics_met_only",192.424746743428,188.489999066395
"p.o[110]","local_continuous",TRUE,0.0239224965652826,0.00222929106687346,0.0197544779948216,0.0238531496236749,0.0284976906601319,1.00005288027781,48891.8046433264,46008.0503023408,1.00585166857182e-05,0.0239178244728181,0.0239016726728737,0.0239289179942095,0.0239415711212296,3.98984483559461e-05,NA,FALSE,FALSE,TRUE,"diagnostics_met_only",189.571452668312,178.390079766508
"p.o[111]","local_continuous",TRUE,0.0165041445999036,0.0024075362937301,0.0121011531082804,0.016393904645224,0.0215269493440838,1.00013061880023,46791.8271010575,45934.8150509053,1.1074915713979e-05,0.0164740353365692,0.0165290938613913,0.0165007584714859,0.0165126907301679,5.50585248220818e-05,NA,FALSE,FALSE,TRUE,"diagnostics_met_only",181.429069785068,178.106119845159
"p.o[112]","local_continuous",TRUE,0.0160264726800392,0.00250630789292504,0.0115172510417941,0.0158931154075338,0.0212829493063483,1.00002207399497,49068.2211858715,47101.2257632701,1.12876170721577e-05,0.0159971889059651,0.0160651476137557,0.0160315827874532,0.0160119714129826,6.79587077905691e-05,NA,FALSE,FALSE,TRUE,"diagnostics_met_only",190.255484286473,182.628721838764
"p.o[113]","local_continuous",TRUE,0.0223732095992365,0.00285526239511312,0.0171437628201174,0.0222414544902868,0.0283512039888891,1.00001317300397,49044.2970970435,45739.3716857651,1.28650998991759e-05,0.0223914234005184,0.0223695007544996,0.0223767862915883,0.0223551279503394,3.62954501789935e-05,NA,FALSE,FALSE,TRUE,"diagnostics_met_only",190.162721822376,177.348314259656
"p.o[114]","local_continuous",TRUE,0.0113632783019612,0.0017115623389781,0.00827618560176422,0.0112820482491804,0.0149674373195811,1.00018036356288,50478.1847615412,47052.8940109774,7.59419658549857e-06,0.011379733090859,0.0113598370572095,0.0113723941654639,0.0113411488943125,3.85841965464869e-05,NA,FALSE,FALSE,TRUE,"diagnostics_met_only",195.722430029201,182.441321914401
"p.o[115]","local_continuous",TRUE,0.010143645563224,0.00168288348555051,0.00711864467179783,0.0100484806967527,0.0136752207847024,1.0000358190255,48092.1344248115,44177.6233414682,7.6353363290983e-06,0.0101417856455258,0.010149817734528,0.0101396637276088,0.0101433151452333,1.01540069191164e-05,NA,FALSE,FALSE,TRUE,"diagnostics_met_only",186.470838033909,171.292843317429
"p.o[116]","local_continuous",TRUE,0.00939918396434981,0.00140415204696256,0.00685709469152924,0.00932745951968783,0.0123417962952574,1.00005827650722,49005.2547238024,48088.716392195,6.33474067588859e-06,0.00941769489014323,0.00939598039183822,0.00938634670670072,0.0093967138687171,3.13481834425117e-05,NA,FALSE,FALSE,TRUE,"diagnostics_met_only",190.011340226525,186.457585068242
"p.o[117]","local_continuous",TRUE,0.0143627865942336,0.00265444674277347,0.00965167723604429,0.0142000045576696,0.0199952046478764,1.00004842110479,49076.0865957399,46124.5462887994,1.19244657708888e-05,0.0143481930707785,0.0143484935866314,0.0143795836909436,0.0143748760285812,3.13906201650331e-05,NA,FALSE,FALSE,TRUE,"diagnostics_met_only",190.285981364367,178.84177741899
"p.o[118]","local_continuous",TRUE,0.0150857124857388,0.0022039890412449,0.0110908935393332,0.0149746546603773,0.0196952980423538,1.0000799420191,48720.2626266512,47921.6241089362,9.96980470686271e-06,0.0150893894537771,0.0150969505492009,0.0151015286224225,0.0150549813175545,4.65473048680103e-05,NA,FALSE,FALSE,TRUE,"diagnostics_met_only",188.906321374182,185.809707022051
"p.o[119]","local_continuous",TRUE,0.00819114418164097,0.0015352935893496,0.00546502828575824,0.00808852440193641,0.011472277432034,1.00005559018196,49230.4610313004,44078.5644255671,6.89680059571355e-06,0.00817403158816333,0.00819624147756041,0.00819166436074627,0.00820263930009377,2.86077119304364e-05,NA,FALSE,FALSE,TRUE,"diagnostics_met_only",190.884547652062,170.90875558076
"p.o[120]","local_continuous",TRUE,0.015048526027021,0.00263024436257366,0.0102883570784914,0.0149056046273718,0.0205991961567251,1.00003513169649,49720.2106384614,47129.1488603124,1.17519686011803e-05,0.0150192243009958,0.01508688483586,0.0150398437996247,0.0150481511716039,6.76605348641449e-05,NA,FALSE,FALSE,TRUE,"diagnostics_met_only",192.783486444577,182.736989923936
"p.o[121]","local_continuous",TRUE,0.0124608284249871,0.00173171350525475,0.00931477371571019,0.012373603376736,0.0160618895672377,1.00004096101113,48604.7425651516,46814.1766224829,7.82983671659406e-06,0.0124455123485265,0.0124738471849328,0.0124567822432086,0.0124671719232804,2.83348364062234e-05,NA,FALSE,FALSE,TRUE,"diagnostics_met_only",188.458407740587,181.515727074034
"p.o[122]","local_continuous",TRUE,0.0135412683462559,0.00241439440620663,0.00922988992938211,0.0133844215040612,0.0186412052281799,1.00008736910665,49308.996573104,45993.7720818889,1.08223320329415e-05,0.0135656093175619,0.0135666144843364,0.013545434037467,0.0134874155456582,7.91989386782384e-05,NA,FALSE,FALSE,TRUE,"diagnostics_met_only",191.189058742508,178.33471787074
"p.o[123]","local_continuous",TRUE,0.0145889601672581,0.00215470916236797,0.0106744814513107,0.0144841836938177,0.0190839949586407,1.00006773079557,47736.2914698542,45500.6381733258,9.81826980740705e-06,0.0146043441556902,0.0145680084829108,0.0145898974835508,0.0145935905468804,3.63356727793619e-05,NA,FALSE,FALSE,TRUE,"diagnostics_met_only",185.091104428551,176.422656900843
"p.o[124]","local_continuous",TRUE,0.00978914134675358,0.0017717116279006,0.00663153404347667,0.00968496229630918,0.0135703723415188,1.00016104941759,47964.3151991562,45746.8886335424,8.07237570093128e-06,0.00976700503489616,0.00978458317469378,0.00978911449440611,0.00981586268301827,4.88576481221057e-05,NA,FALSE,FALSE,TRUE,"diagnostics_met_only",185.975236031423,177.37746022226
"p.o[125]","local_continuous",TRUE,0.00902140153595894,0.00130478060998964,0.00664662283755948,0.00895554380423947,0.011743322781411,1.0000237309269,48153.9340773832,44536.7007224657,5.92471730638049e-06,0.00902341678937929,0.00903043697131061,0.00900095190947266,0.00903080047367318,2.98485642005134e-05,NA,FALSE,FALSE,TRUE,"diagnostics_met_only",186.710457945628,172.685117978441
"p.o[126]","local_continuous",TRUE,0.0122157356293785,0.0016015226601103,0.00926248557112674,0.0121439794901589,0.0155262827488549,1.00009144569844,48984.9442765574,45986.4578924439,7.21851339473553e-06,0.0122026621809475,0.012219324055424,0.0122176791637073,0.0122232771174354,2.06149364879674e-05,NA,FALSE,FALSE,TRUE,"diagnostics_met_only",189.932589175778,178.306358076531
"p.o[127]","local_continuous",TRUE,0.0652556279821899,0.00347637689351145,0.0586029656983634,0.065201597448848,0.0721858157878317,1.0001228327335,49006.955842665,49698.0288913489,1.5694139451128e-05,0.0652347820663419,0.0652597013581138,0.065243758913887,0.0652842695904158,4.94875240739517e-05,NA,FALSE,FALSE,TRUE,"diagnostics_met_only",190.017936088066,192.697479678136
"p.o[128]","local_continuous",TRUE,0.0704539904173688,0.00487776257584921,0.0611845660694754,0.0703361534383005,0.0802884023345961,1.00011085007905,49167.783994834,53356.84566623,2.19888512245892e-05,0.070444003675423,0.0704027039430662,0.0705019926336563,0.0704672614173296,9.92886905900325e-05,NA,FALSE,FALSE,TRUE,"diagnostics_met_only",190.641525801293,206.884053810986
"p.o[129]","local_continuous",TRUE,0.1131871517139,0.005819380755515,0.102040580443094,0.113087971077664,0.124946845236197,1.00008729195823,48042.4052792666,55184.1845384035,2.65672450789575e-05,0.113183186174751,0.113128061664572,0.113312783934913,0.113124575081362,0.000188208853551156,NA,FALSE,FALSE,TRUE,"diagnostics_met_only",186.278019903557,213.969316607938
"p.o[130]","local_continuous",TRUE,0.190536282662724,0.0103123007560704,0.170902773959436,0.190356202641684,0.21130526279385,0.999992143635311,47738.6148975324,55623.0679731934,4.71672690680336e-05,0.1905052867627,0.190568720360673,0.190466608399365,0.190604515128159,0.000137906728794351,NA,FALSE,FALSE,TRUE,"diagnostics_met_only",185.100113209538,215.671028600206
"p.o[131]","local_continuous",TRUE,0.185624381441586,0.010025454708496,0.16656521072302,0.185448332410267,0.20561302509163,1.00002650615802,50099.7247112298,55206.6443641624,4.47787742316404e-05,0.185578040371986,0.185546040969267,0.185706090002681,0.185667354422409,0.000160049033414017,NA,FALSE,FALSE,TRUE,"diagnostics_met_only",194.255001652649,214.056401587248
"p.o[132]","local_continuous",TRUE,0.0144489031861249,0.00238411149612068,0.0101723608403008,0.0143079964158698,0.0195183434419087,1.00005249795761,48035.0343460999,46861.9305039233,1.08315050661258e-05,0.0144544446175069,0.0144526024223954,0.0144409528458386,0.0144476128587589,1.34917716683586e-05,NA,FALSE,FALSE,TRUE,"diagnostics_met_only",186.249440093134,181.700886381228
"p.o[133]","local_continuous",TRUE,0.026760184952226,0.00386919982864454,0.0197148056163191,0.026580370477182,0.0348753390644478,1.00004184337438,48487.2275932113,46980.3067681121,1.75345046588585e-05,0.0267137769770032,0.0267566615207209,0.0267903123370988,0.0267799889740809,7.65353600956295e-05,NA,FALSE,FALSE,TRUE,"diagnostics_met_only",188.002759107784,182.159874559869
"p.o[134]","local_continuous",TRUE,0.0159347653421723,0.00247031759595997,0.0114725070243607,0.0158115426785233,0.0211498380550561,1.00005194119522,48022.7684134195,47647.8354313815,1.12343468337161e-05,0.0159395028847606,0.0159556786983543,0.015948633119929,0.0158952466656454,6.04320327089493e-05,NA,FALSE,FALSE,TRUE,"diagnostics_met_only",186.201880574856,184.748127935192
"p.o[135]","local_continuous",TRUE,0.0643670114427235,0.00414172262002163,0.0564904263081383,0.0642855086409964,0.0727363377595435,1.00008949745251,49879.6346250021,50553.2426300372,1.85272887164552e-05,0.0644245681132845,0.0643472486777512,0.0643671279480553,0.0643291010318031,9.54670814813791e-05,NA,FALSE,FALSE,TRUE,"diagnostics_met_only",193.401631692828,196.013456905153
"p.o[136]","local_continuous",TRUE,0.138016563970636,0.0100093035290831,0.119082292173376,0.137814736193657,0.158222731970536,1.00010259734481,49881.4968738393,56045.2051016686,4.47825036143495e-05,0.137953479186098,0.138102208634099,0.138046923148478,0.137963644913869,0.00014872944800115,NA,FALSE,FALSE,TRUE,"diagnostics_met_only",193.408852314359,217.307809022898
"p.o[137]","local_continuous",TRUE,0.122897372034949,0.00994548971358674,0.103984194942171,0.122677633580346,0.143229662106852,1.00005627726356,48937.1494463365,51356.7733683377,4.49498405830942e-05,0.122775444317428,0.122980841627241,0.12284896615869,0.122984236036437,0.000208791719009171,NA,FALSE,FALSE,TRUE,"diagnostics_met_only",189.747271095148,199.129040190215
"p.o[138]","local_continuous",TRUE,0.148348870125092,0.00648675306143599,0.135933925377413,0.148261804616023,0.161320096667864,1.0000055910186,49521.7964136164,54075.4776890875,2.91388477371675e-05,0.148315111320417,0.14831984776366,0.148370586008307,0.148389935407985,7.48240875684258e-05,NA,FALSE,FALSE,TRUE,"diagnostics_met_only",192.01416174674,209.67045364836
"p.o[139]","local_continuous",TRUE,0.0287936093244126,0.0033002536967103,0.0226902675284193,0.0286724680211592,0.0356398027405393,1.00009021889322,48840.0279586522,48020.1646305358,1.49040985163518e-05,0.0288237049214089,0.028775327637666,0.0287561595483981,0.0288192451901777,6.75453730108015e-05,NA,FALSE,FALSE,TRUE,"diagnostics_met_only",189.37069547803,186.191784753945
"p.o[140]","local_continuous",TRUE,0.0207340118270863,0.00291581207100275,0.0154424469452384,0.0205953297633705,0.0268155147028028,1.00012043364649,48498.7057482889,47600.5017440736,1.32235739833536e-05,0.0207476252641304,0.0207356504528089,0.0207362969495963,0.0207164746418096,3.11506223207823e-05,NA,FALSE,FALSE,TRUE,"diagnostics_met_only",188.047264123459,184.564597874713
"p.o[141]","local_continuous",TRUE,0.107133981014364,0.00554917165999804,0.0963530965257664,0.107070935541087,0.118195799440107,1.00003282982192,50412.7701370948,52857.8868597284,2.47072191524646e-05,0.107157322707865,0.107054281893177,0.107159770348277,0.107164549108139,0.000110267214961809,NA,FALSE,FALSE,TRUE,"diagnostics_met_only",195.468793546103,204.949407576097
"p.o[142]","local_continuous",TRUE,0.0934612881808932,0.00695697986724795,0.0802885573317861,0.0933283601033905,0.107610370765379,1.00006489528368,49691.5811532947,50456.7159807131,3.11791611551137e-05,0.0933642071267334,0.0934085979158025,0.0935251646021543,0.0935471830788833,0.00018297595214993,NA,FALSE,FALSE,TRUE,"diagnostics_met_only",192.672479433651,195.639187694452
"p.o[143]","local_continuous",TRUE,0.0977962733947502,0.00486554287304872,0.088555790053984,0.09774811722251,0.10753725867845,1.00000280386485,48869.377975008,55700.6557297253,2.20086991269718e-05,0.0977998704278226,0.0977965034093444,0.0977358848759431,0.097852834865891,0.000116949989947865,NA,FALSE,FALSE,TRUE,"diagnostics_met_only",189.484496252556,215.97186477965
"class_count[1]","class_count",TRUE,141.3865875,1.83633595958451,138,142,143,1.45629912472736,7.96091949095941,NA,0.652701655478095,141.69445,140.32865,142.77925,140.744,0.0171370629370628,0.05,FALSE,FALSE,FALSE,"inconclusive",0.0308674037190127,NA
"class_indicator[1,1]","class_indicator",TRUE,0.9997625,0.0154093011467844,1,1,1,1.00090130707796,4677.86711899012,NA,0.000225298864176665,0.99905,1,1,1,0.000950000000000006,0.05,FALSE,FALSE,FALSE,"inconclusive",18.1378059493931,NA
"class_indicator[2,1]","class_indicator",TRUE,0.9999125,0.00935379267558633,1,1,1,1.00030016509756,22403.7668436701,NA,6.2492401953204e-05,0.99965,1,1,1,0.000349999999999961,0.05,FALSE,FALSE,FALSE,"inconclusive",86.8676183417672,NA
"class_indicator[3,1]","class_indicator",TRUE,0.999975,0.00499996874951217,1,1,1,1.00005000875156,40004.00080008,NA,2.49985935991291e-05,1,1,1,0.9999,9.9999999999989e-05,0.05,FALSE,FALSE,FALSE,"inconclusive",155.110178475497,NA
"class_indicator[4,1]","class_indicator",TRUE,1,0,1,1,1,NA,NA,NA,NA,1,1,1,1,0,0.05,TRUE,FALSE,FALSE,"inconclusive",NA,NA
"class_indicator[5,1]","class_indicator",TRUE,1,0,1,1,1,NA,NA,NA,NA,1,1,1,1,0,0.05,TRUE,FALSE,FALSE,"inconclusive",NA,NA
"class_indicator[6,1]","class_indicator",TRUE,1,0,1,1,1,NA,NA,NA,NA,1,1,1,1,0,0.05,TRUE,FALSE,FALSE,"inconclusive",NA,NA
"class_indicator[7,1]","class_indicator",TRUE,1,0,1,1,1,NA,NA,NA,NA,1,1,1,1,0,0.05,TRUE,FALSE,FALSE,"inconclusive",NA,NA
"class_indicator[8,1]","class_indicator",TRUE,1,0,1,1,1,NA,NA,NA,NA,1,1,1,1,0,0.05,TRUE,FALSE,FALSE,"inconclusive",NA,NA
"class_indicator[9,1]","class_indicator",TRUE,1,0,1,1,1,NA,NA,NA,NA,1,1,1,1,0,0.05,TRUE,FALSE,FALSE,"inconclusive",NA,NA
"class_indicator[10,1]","class_indicator",TRUE,1,0,1,1,1,NA,NA,NA,NA,1,1,1,1,0,0.05,TRUE,FALSE,FALSE,"inconclusive",NA,NA
"class_indicator[11,1]","class_indicator",TRUE,1,0,1,1,1,NA,NA,NA,NA,1,1,1,1,0,0.05,TRUE,FALSE,FALSE,"inconclusive",NA,NA
"class_indicator[12,1]","class_indicator",TRUE,0.9997625,0.0154093011467802,1,1,1,1.00090130707796,4211.38307941153,NA,0.00023744912240655,1,1,0.99905,1,0.000950000000000006,0.05,FALSE,FALSE,FALSE,"inconclusive",16.3290762926618,NA
"class_indicator[13,1]","class_indicator",TRUE,1,0,1,1,1,NA,NA,NA,NA,1,1,1,1,0,0.05,TRUE,FALSE,FALSE,"inconclusive",NA,NA
"class_indicator[14,1]","class_indicator",TRUE,1,0,1,1,1,NA,NA,NA,NA,1,1,1,1,0,0.05,TRUE,FALSE,FALSE,"inconclusive",NA,NA
"class_indicator[15,1]","class_indicator",TRUE,1,0,1,1,1,NA,NA,NA,NA,1,1,1,1,0,0.05,TRUE,FALSE,FALSE,"inconclusive",NA,NA
"class_indicator[16,1]","class_indicator",TRUE,1,0,1,1,1,NA,NA,NA,NA,1,1,1,1,0,0.05,TRUE,FALSE,FALSE,"inconclusive",NA,NA
"class_indicator[17,1]","class_indicator",TRUE,1,0,1,1,1,NA,NA,NA,NA,1,1,1,1,0,0.05,TRUE,FALSE,FALSE,"inconclusive",NA,NA
"class_indicator[18,1]","class_indicator",TRUE,1,0,1,1,1,NA,NA,NA,NA,1,1,1,1,0,0.05,TRUE,FALSE,FALSE,"inconclusive",NA,NA
"class_indicator[19,1]","class_indicator",TRUE,1,0,1,1,1,NA,NA,NA,NA,1,1,1,1,0,0.05,TRUE,FALSE,FALSE,"inconclusive",NA,NA
"class_indicator[20,1]","class_indicator",TRUE,1,0,1,1,1,NA,NA,NA,NA,1,1,1,1,0,0.05,TRUE,FALSE,FALSE,"inconclusive",NA,NA
"class_indicator[21,1]","class_indicator",TRUE,0.9977,0.0479034308189871,1,1,1,1.008708613715,459.361652014892,NA,0.00223506032803836,1,1,0.99105,0.99975,0.00895000000000001,0.05,FALSE,FALSE,FALSE,"inconclusive",1.78111354874002,NA
"class_indicator[22,1]","class_indicator",TRUE,1,0,1,1,1,NA,NA,NA,NA,1,1,1,1,0,0.05,TRUE,FALSE,FALSE,"inconclusive",NA,NA
"class_indicator[23,1]","class_indicator",TRUE,0.9998,0.0141408097197809,1,1,1,1.00064356071897,6466.22140965028,NA,0.000175852680582156,0.99925,1,1,0.99995,0.000750000000000028,0.05,FALSE,FALSE,FALSE,"inconclusive",25.071911230212,NA
"class_indicator[24,1]","class_indicator",TRUE,1,0,1,1,1,NA,NA,NA,NA,1,1,1,1,0,0.05,TRUE,FALSE,FALSE,"inconclusive",NA,NA
"class_indicator[25,1]","class_indicator",TRUE,1,0,1,1,1,NA,NA,NA,NA,1,1,1,1,0,0.05,TRUE,FALSE,FALSE,"inconclusive",NA,NA
"class_indicator[26,1]","class_indicator",TRUE,1,0,1,1,1,NA,NA,NA,NA,1,1,1,1,0,0.05,TRUE,FALSE,FALSE,"inconclusive",NA,NA
"class_indicator[27,1]","class_indicator",TRUE,1,0,1,1,1,NA,NA,NA,NA,1,1,1,1,0,0.05,TRUE,FALSE,FALSE,"inconclusive",NA,NA
"class_indicator[28,1]","class_indicator",TRUE,1,0,1,1,1,NA,NA,NA,NA,1,1,1,1,0,0.05,TRUE,FALSE,FALSE,"inconclusive",NA,NA
"class_indicator[29,1]","class_indicator",TRUE,0.9997,0.0173180180425513,1,1,1,1.00115210296931,3333.98928168589,NA,0.000299927362283718,0.9988,1,1,1,0.00119999999999998,0.05,FALSE,FALSE,FALSE,"inconclusive",12.92709884449,NA
"class_indicator[30,1]","class_indicator",TRUE,0.9999875,0.00353553390593316,1,1,1,1,80016.0048012804,NA,1.24987498124827e-05,1,1,1,0.99995,4.99999999999945e-05,0.05,FALSE,FALSE,FALSE,"inconclusive",310.251388296093,NA
"class_indicator[31,1]","class_indicator",TRUE,1,0,1,1,1,NA,NA,NA,NA,1,1,1,1,0,0.05,TRUE,FALSE,FALSE,"inconclusive",NA,NA
"class_indicator[32,1]","class_indicator",TRUE,0.997999999999999,0.0446768950388184,1,1,1,1.00804689205679,500.225096070365,NA,0.00199756189387089,1,1,1,0.992,0.00800000000000001,0.05,FALSE,FALSE,FALSE,"inconclusive",1.93955610382954,NA
"class_indicator[33,1]","class_indicator",TRUE,1,0,1,1,1,NA,NA,NA,NA,1,1,1,1,0,0.05,TRUE,FALSE,FALSE,"inconclusive",NA,NA
"class_indicator[34,1]","class_indicator",TRUE,0.999875,0.0111797109678285,1,1,1,1.00045034904332,8001.44616524738,NA,0.000124981672465341,0.9995,1,1,1,0.000499999999999945,0.05,FALSE,FALSE,FALSE,"inconclusive",31.0245404942378,NA
"class_indicator[35,1]","class_indicator",TRUE,1,0,1,1,1,NA,NA,NA,NA,1,1,1,1,0,0.05,TRUE,FALSE,FALSE,"inconclusive",NA,NA
"class_indicator[36,1]","class_indicator",TRUE,1,0,1,1,1,NA,NA,NA,NA,1,1,1,1,0,0.05,TRUE,FALSE,FALSE,"inconclusive",NA,NA
"class_indicator[37,1]","class_indicator",TRUE,1,0,1,1,1,NA,NA,NA,NA,1,1,1,1,0,0.05,TRUE,FALSE,FALSE,"inconclusive",NA,NA
"class_indicator[38,1]","class_indicator",TRUE,0.9992375,0.0276030454451959,1,1,1,1.0029005301598,1355.53519440117,NA,0.000749724324375045,0.997,1,1,0.99995,0.003,0.05,FALSE,FALSE,FALSE,"inconclusive",5.25590695251069,NA
"class_indicator[39,1]","class_indicator",TRUE,1,0,1,1,1,NA,NA,NA,NA,1,1,1,1,0,0.05,TRUE,FALSE,FALSE,"inconclusive",NA,NA
"class_indicator[40,1]","class_indicator",TRUE,1,0,1,1,1,NA,NA,NA,NA,1,1,1,1,0,0.05,TRUE,FALSE,FALSE,"inconclusive",NA,NA
"class_indicator[41,1]","class_indicator",TRUE,1,0,1,1,1,NA,NA,NA,NA,1,1,1,1,0,0.05,TRUE,FALSE,FALSE,"inconclusive",NA,NA
"class_indicator[42,1]","class_indicator",TRUE,0.9999375,0.00790549650314779,1,1,1,1.00020008003401,30776.3372619615,NA,4.50630605758449e-05,0.99975,1,1,1,0.000249999999999972,0.05,FALSE,FALSE,FALSE,"inconclusive",119.331143636898,NA
"class_indicator[43,1]","class_indicator",TRUE,0.999062499999999,0.0306044572188319,1,1,1,1.00248204166987,2289.35530023344,NA,0.000639628905970998,0.99935,0.9969,1,1,0.00309999999999999,0.05,FALSE,FALSE,FALSE,"inconclusive",8.87666988578611,NA
"class_indicator[44,1]","class_indicator",TRUE,0.9998625,0.0117253064900574,1,1,1,1.00039639066286,10605.367389514,NA,0.000113857421624403,0.9995,1,1,0.99995,0.000499999999999945,0.05,FALSE,FALSE,FALSE,"inconclusive",41.1208978023629,NA
"class_indicator[45,1]","class_indicator",TRUE,1,0,1,1,1,NA,NA,NA,NA,1,1,1,1,0,0.05,TRUE,FALSE,FALSE,"inconclusive",NA,NA
"class_indicator[46,1]","class_indicator",TRUE,0.999525,0.0217894540949278,1,1,1,1.00185533568066,2105.70130431256,NA,0.000474840732924703,0.9981,1,1,1,0.00190000000000001,0.05,FALSE,FALSE,FALSE,"inconclusive",8.16457600729161,NA
"class_indicator[47,1]","class_indicator",TRUE,0.9999875,0.00353553390593419,1,1,1,1,80016.0048012803,NA,1.24987498124864e-05,0.99995,1,1,1,4.99999999999945e-05,0.05,FALSE,FALSE,FALSE,"inconclusive",310.251388296093,NA
"class_indicator[48,1]","class_indicator",TRUE,1,0,1,1,1,NA,NA,NA,NA,1,1,1,1,0,0.05,TRUE,FALSE,FALSE,"inconclusive",NA,NA
"class_indicator[49,1]","class_indicator",TRUE,0.99885,0.033892356935543,1,1,1,1.00424347517414,2090.15304620299,NA,0.000741331967097921,0.99555,1,1,0.99985,0.00444999999999995,0.05,FALSE,FALSE,FALSE,"inconclusive",8.10428970986824,NA
"class_indicator[50,1]","class_indicator",TRUE,1,0,1,1,1,NA,NA,NA,NA,1,1,1,1,0,0.05,TRUE,FALSE,FALSE,"inconclusive",NA,NA
"class_indicator[51,1]","class_indicator",TRUE,1,0,1,1,1,NA,NA,NA,NA,1,1,1,1,0,0.05,TRUE,FALSE,FALSE,"inconclusive",NA,NA
"class_indicator[52,1]","class_indicator",TRUE,1,0,1,1,1,NA,NA,NA,NA,1,1,1,1,0,0.05,TRUE,FALSE,FALSE,"inconclusive",NA,NA
"class_indicator[53,1]","class_indicator",TRUE,0.9993,0.0264484166630765,1,1,1,1.00129394187533,3341.45643548398,NA,0.00045754285353542,0.99935,0.9998,0.99805,1,0.00195000000000001,0.05,FALSE,FALSE,FALSE,"inconclusive",12.9560517375797,NA
"class_indicator[54,1]","class_indicator",TRUE,0.995462499999999,0.0672083890287662,1,1,1,1.00713999661279,475.48468936701,NA,0.00308216026308965,0.9991,1,0.99845,0.9843,0.0157,0.05,FALSE,FALSE,FALSE,"inconclusive",1.84362847602822,NA
"class_indicator[55,1]","class_indicator",TRUE,0.9999,0.00999956248495778,1,1,1,1.00025012631691,16846.2108758661,NA,7.70424139858007e-05,0.99965,1,1,0.99995,0.000349999999999961,0.05,FALSE,FALSE,FALSE,"inconclusive",65.3189361896579,NA
"class_indicator[56,1]","class_indicator",TRUE,0.999975,0.00499996874951583,1,1,1,1.00005000875156,80016.0048011203,NA,1.76757910214408e-05,0.9999,1,1,1,9.9999999999989e-05,0.05,FALSE,FALSE,FALSE,"inconclusive",310.251388295472,NA
"class_indicator[57,1]","class_indicator",TRUE,0.99995,0.00707093522645525,1,1,1,1.00006430079413,80019.4353080515,NA,2.49964950830391e-05,0.99985,1,0.99995,1,0.000149999999999983,0.05,FALSE,FALSE,FALSE,"inconclusive",310.264689628632,NA
"class_indicator[58,1]","class_indicator",TRUE,0.995362500000001,0.0679415284961701,1,1,1,1.01739857054281,525.739043838529,NA,0.00296312653463988,0.98215,1,0.99955,0.99975,0.01785,0.05,FALSE,FALSE,FALSE,"inconclusive",2.03848303395615,NA
"class_indicator[59,1]","class_indicator",TRUE,0.996099999999996,0.0623284731121647,1,1,1,1.01533710270329,265.101713669394,NA,0.00382807308233712,0.98465,1,0.99975,1,0.01535,0.05,FALSE,FALSE,FALSE,"inconclusive",1.02789654282123,NA
"class_indicator[60,1]","class_indicator",TRUE,0.9987375,0.0355094614894607,1,1,1,1.00399554907664,1450.40307043386,NA,0.000932394559857131,0.99545,1,1,0.9995,0.00455000000000005,0.05,FALSE,FALSE,FALSE,"inconclusive",5.6237444909749,NA
"class_indicator[61,1]","class_indicator",TRUE,0.837874999999903,0.368567744657894,0,1,1,2.26091112900003,5.02311260611818,NA,0.164448860324763,0.84355,0.50935,0.9999,0.9987,0.49055,0.05,FALSE,FALSE,FALSE,"inconclusive",0.0194764492864412,NA
"class_indicator[62,1]","class_indicator",TRUE,0.91774999999996,0.27474694006178,0,1,1,1.5060319527522,7.53423930358984,NA,0.10009517867638,0.99915,0.67185,1,1,0.32815,0.05,FALSE,FALSE,FALSE,"inconclusive",0.0292130081912854,NA
"class_indicator[63,1]","class_indicator",TRUE,1,0,1,1,1,NA,NA,NA,NA,1,1,1,1,0,0.05,TRUE,FALSE,FALSE,"inconclusive",NA,NA
"class_indicator[64,1]","class_indicator",TRUE,0.946837499999997,0.22435881485848,0,1,1,1.06819186060218,54.6413320476393,NA,0.0303516634686437,0.9545,0.9399,0.99975,0.8932,0.10655,0.05,FALSE,FALSE,FALSE,"inconclusive",0.211864478465646,NA
"class_indicator[65,1]","class_indicator",TRUE,0.933900000000005,0.24845837004292,0,1,1,1.16881745128979,16.8110366601619,NA,0.0605977339697758,0.8187,1,0.99295,0.92395,0.1813,0.05,FALSE,FALSE,FALSE,"inconclusive",0.0651825528588284,NA
"class_indicator[66,1]","class_indicator",TRUE,0.99985,0.0122466066623474,1,1,1,1.00044559324882,7870.82474393093,NA,0.000138040221732622,0.99995,1,0.99945,1,0.00055000000000005,0.05,FALSE,FALSE,FALSE,"inconclusive",30.5180733517544,NA
"class_indicator[67,1]","class_indicator",TRUE,0.868562500000059,0.337880319984185,0,1,1,2.83206625800198,4.60189308323162,NA,0.157505105019006,0.99945,0.52175,0.9999,0.95315,0.47815,0.05,FALSE,FALSE,FALSE,"inconclusive",0.0178432267570544,NA
"class_indicator[68,1]","class_indicator",TRUE,0.991662499999995,0.0909290352136963,1,1,1,1.03506506627244,120.903448838017,NA,0.0082695759140719,0.96665,1,1,1,0.03335,0.05,FALSE,FALSE,FALSE,"inconclusive",0.468787000112508,NA
"class_indicator[69,1]","class_indicator",TRUE,0.921199999999997,0.269428037504169,0,1,1,1.17239852409051,30.7013265191362,NA,0.0486255153854103,0.9821,0.8035,0.99735,0.90185,0.19385,0.05,FALSE,FALSE,FALSE,"inconclusive",0.119040299484451,NA
"class_indicator[70,1]","class_indicator",TRUE,0.958912499999982,0.19849385340962,0,1,1,1.11513963192523,22.5523688576521,NA,0.0417975648092387,0.97845,1,0.9999,0.8573,0.1427,0.05,FALSE,FALSE,FALSE,"inconclusive",0.0874438028345569,NA
"class_indicator[71,1]","class_indicator",TRUE,0.999125,0.0295676394571666,1,1,1,1.00195626273214,3309.48418660065,NA,0.000513968495102471,0.9973,1,0.99945,0.99975,0.00270000000000004,0.05,FALSE,FALSE,FALSE,"inconclusive",12.8320836061086,NA
"class_indicator[72,1]","class_indicator",TRUE,0.998512500000001,0.0385396667094509,1,1,1,1.00426402071797,906.681335336827,NA,0.00127991349094788,0.99915,1,0.9949,1,0.00509999999999999,0.05,FALSE,FALSE,FALSE,"inconclusive",3.51553596969771,NA
"class_indicator[73,1]","class_indicator",TRUE,0.933087499999957,0.249871962800273,0,1,1,1.4523758536147,9.50494525594221,NA,0.0810480776365374,0.9979,1,0.9999,0.73455,0.26545,0.05,FALSE,FALSE,FALSE,"inconclusive",0.0368541577232964,NA
"class_indicator[74,1]","class_indicator",TRUE,1,0,1,1,1,NA,NA,NA,NA,1,1,1,1,0,0.05,TRUE,FALSE,FALSE,"inconclusive",NA,NA
"class_indicator[75,1]","class_indicator",TRUE,0.997975000000002,0.0449546953783392,1,1,1,1.00791854924559,506.429161765659,NA,0.00199763301158252,0.9999,1,1,0.992,0.00800000000000001,0.05,FALSE,FALSE,FALSE,"inconclusive",1.96361154123641,NA
"class_indicator[76,1]","class_indicator",TRUE,0.9996875,0.0176750176472036,1,1,1,1.00047362152915,39244.5882322283,NA,8.92215919092229e-05,0.99915,0.9999,0.9999,0.9998,0.000750000000000028,0.05,FALSE,FALSE,FALSE,"inconclusive",152.165657513089,NA
"class_indicator[77,1]","class_indicator",TRUE,0.999425,0.0239724124454858,1,1,1,1.00094990824304,5031.47014839725,NA,0.00033795921364926,0.99855,0.99925,1,0.9999,0.00144999999999995,0.05,FALSE,FALSE,FALSE,"inconclusive",19.5088545421305,NA
"class_indicator[78,1]","class_indicator",TRUE,0.998162499999998,0.0428269368573734,1,1,1,1.00650035409953,702.702290530752,NA,0.0016155906405915,0.99305,1,0.9996,1,0.00695000000000001,0.05,FALSE,FALSE,FALSE,"inconclusive",2.72463442454354,NA
"class_indicator[79,1]","class_indicator",TRUE,0.9998125,0.0136918657271177,1,1,1,1.00042606162547,25544.4833843096,NA,8.56671008095385e-05,0.9994,1,0.99985,1,0.000600000000000045,0.05,FALSE,FALSE,FALSE,"inconclusive",99.0453279062205,NA
"class_indicator[80,1]","class_indicator",TRUE,0.989150000000003,0.10359735351428,1,1,1,1.01997361221972,236.686346990966,NA,0.00673382859781741,0.97255,0.99975,0.999,0.9853,0.0272,0.05,FALSE,FALSE,FALSE,"inconclusive",0.917719747781045,NA
"class_indicator[81,1]","class_indicator",TRUE,1,0,1,1,1,NA,NA,NA,NA,1,1,1,1,0,0.05,TRUE,FALSE,FALSE,"inconclusive",NA,NA
"class_indicator[82,1]","class_indicator",TRUE,0.863875000000017,0.342923394259752,0,1,1,1.66634444599974,6.36246897912107,NA,0.135951584866813,1,1,1,0.4555,0.5445,0.05,FALSE,FALSE,FALSE,"inconclusive",0.0246696250164636,NA
"class_indicator[83,1]","class_indicator",TRUE,0.983575000000015,0.127103978371446,1,1,1,1.07292254645789,61.9464180841116,NA,0.0161492011710006,0.9343,1,1,1,0.0657,0.05,FALSE,FALSE,FALSE,"inconclusive",0.240188975421805,NA
"class_indicator[84,1]","class_indicator",TRUE,1,0,1,1,1,NA,NA,NA,NA,1,1,1,1,0,0.05,TRUE,FALSE,FALSE,"inconclusive",NA,NA
"class_indicator[85,1]","class_indicator",TRUE,1,0,1,1,1,NA,NA,NA,NA,1,1,1,1,0,0.05,TRUE,FALSE,FALSE,"inconclusive",NA,NA
"class_indicator[86,1]","class_indicator",TRUE,1,0,1,1,1,NA,NA,NA,NA,1,1,1,1,0,0.05,TRUE,FALSE,FALSE,"inconclusive",NA,NA
"class_indicator[87,1]","class_indicator",TRUE,1,0,1,1,1,NA,NA,NA,NA,1,1,1,1,0,0.05,TRUE,FALSE,FALSE,"inconclusive",NA,NA
"class_indicator[88,1]","class_indicator",TRUE,1,0,1,1,1,NA,NA,NA,NA,1,1,1,1,0,0.05,TRUE,FALSE,FALSE,"inconclusive",NA,NA
"class_indicator[89,1]","class_indicator",TRUE,1,0,1,1,1,NA,NA,NA,NA,1,1,1,1,0,0.05,TRUE,FALSE,FALSE,"inconclusive",NA,NA
"class_indicator[90,1]","class_indicator",TRUE,1,0,1,1,1,NA,NA,NA,NA,1,1,1,1,0,0.05,TRUE,FALSE,FALSE,"inconclusive",NA,NA
"class_indicator[91,1]","class_indicator",TRUE,1,0,1,1,1,NA,NA,NA,NA,1,1,1,1,0,0.05,TRUE,FALSE,FALSE,"inconclusive",NA,NA
"class_indicator[92,1]","class_indicator",TRUE,0.984824999999999,0.122249360678393,1,1,1,1.01361325368655,188.304742329854,NA,0.00890873350746494,0.9828,0.9601,0.99975,0.99665,0.0396500000000001,0.05,FALSE,FALSE,FALSE,"inconclusive",0.730126527507411,NA
"class_indicator[93,1]","class_indicator",TRUE,0.997975,0.0449546953783753,1,1,1,1.00285209684306,1905.14328574088,NA,0.00102993836752414,0.9952,0.9998,0.9993,0.9976,0.00460000000000005,0.05,FALSE,FALSE,FALSE,"inconclusive",7.3869390351595,NA
"class_indicator[94,1]","class_indicator",TRUE,0.997087499999999,0.0538892720717694,1,1,1,1.00761663592982,814.068538606116,NA,0.00188873849466053,0.9904,0.9997,0.9998,0.99845,0.00940000000000007,0.05,FALSE,FALSE,FALSE,"inconclusive",3.15644220050683,NA
"class_indicator[95,1]","class_indicator",TRUE,0.99925,0.0273760272516801,1,1,1,1.00053559871165,6562.41546086263,NA,0.000337939193786462,0.9988,1,0.9991,0.9991,0.00119999999999998,0.05,FALSE,FALSE,FALSE,"inconclusive",25.4448908360868,NA
"class_indicator[96,1]","class_indicator",TRUE,0.9996375,0.0190361005306652,1,1,1,1.00091278691137,8035.1233104055,NA,0.000212364400832106,0.9988,1,1,0.99975,0.00119999999999998,0.05,FALSE,FALSE,FALSE,"inconclusive",31.1551191336625,NA
"class_indicator[97,1]","class_indicator",TRUE,0.995212500000001,0.0690263674384443,1,1,1,1.00387683614067,765.859947289791,NA,0.00249425206345754,0.98775,0.9986,0.9955,0.999,0.01125,0.05,FALSE,FALSE,FALSE,"inconclusive",2.96951981640588,NA
"class_indicator[98,1]","class_indicator",TRUE,0.984849999999981,0.122150169906926,1,1,1,1.0301106054805,98.2197469623494,NA,0.0123252197142614,0.9979,0.9999,0.99725,0.94435,0.05555,0.05,FALSE,FALSE,FALSE,"inconclusive",0.380833971014162,NA
"class_indicator[99,1]","class_indicator",TRUE,0.9973375,0.051531003161194,1,1,1,1.00196916614813,2736.66881481064,NA,0.000985048185521812,0.99515,0.998,0.99805,0.99815,0.003,0.05,FALSE,FALSE,FALSE,"inconclusive",10.6110683882587,NA
"class_indicator[100,1]","class_indicator",TRUE,0.9967375,0.0570254043603355,1,1,1,1.00365310909832,985.586745440931,NA,0.00181643953727661,0.9951,0.99995,0.9999,0.992,0.00795000000000001,0.05,FALSE,FALSE,FALSE,"inconclusive",3.82148117515589,NA
"class_indicator[101,1]","class_indicator",TRUE,0.868612500000018,0.337825770807776,0,1,1,1.2846823067797,13.2869940710295,NA,0.0926785874139244,0.96495,0.56955,0.99955,0.9404,0.43,0.05,FALSE,FALSE,FALSE,"inconclusive",0.0515185476587666,NA
"class_indicator[102,1]","class_indicator",TRUE,0.994925,0.0710584793768354,1,1,1,1.01477082739229,179.66076171742,NA,0.0053013843440259,0.9976,1,0.99985,0.98225,0.01775,0.05,FALSE,FALSE,FALSE,"inconclusive",0.696610645377673,NA
"class_indicator[103,1]","class_indicator",TRUE,0.974112499999981,0.158800669281906,0,1,1,1.12250031109725,21.5331226609267,NA,0.0342214826375597,0.99985,0.8966,1,1,0.1034,0.05,FALSE,FALSE,FALSE,"inconclusive",0.083491811625612,NA
"class_indicator[104,1]","class_indicator",TRUE,0.99805,0.0441160042136178,1,1,1,1.00322671800585,1122.57923436239,NA,0.00131670252189205,0.99585,1,0.9999,0.99645,0.00414999999999999,0.05,FALSE,FALSE,FALSE,"inconclusive",4.35265128268093,NA
"class_indicator[105,1]","class_indicator",TRUE,0.99885,0.0338923569355431,1,1,1,1.00392181059172,2708.32603776569,NA,0.00065125534246248,0.9957,0.99995,0.99995,0.9998,0.00424999999999998,0.05,FALSE,FALSE,FALSE,"inconclusive",10.5011730498424,NA
"class_indicator[106,1]","class_indicator",TRUE,0.998987500000001,0.0318038910723948,1,1,1,1.00118828831188,2898.12451011067,NA,0.000590774494732748,0.99825,0.99825,0.99945,1,0.00175000000000003,0.05,FALSE,FALSE,FALSE,"inconclusive",11.237091316291,NA
"class_indicator[107,1]","class_indicator",TRUE,0.9982375,0.041945388142719,1,1,1,1.0017491584417,2004.26527934103,NA,0.000936928858565853,0.9976,0.99665,0.99965,0.99905,0.003,0.05,FALSE,FALSE,FALSE,"inconclusive",7.77127134719503,NA
"class_indicator[108,1]","class_indicator",TRUE,0.91707500000001,0.275770547724736,0,1,1,1.06010938598141,74.3040671562608,NA,0.0319920145450885,0.9044,0.90585,0.9973,0.86075,0.13655,0.05,FALSE,FALSE,FALSE,"inconclusive",0.288104111777737,NA
"class_indicator[109,1]","class_indicator",TRUE,0.808612500000017,0.393395804943182,0,1,1,1.05653391616968,48.6490180197085,NA,0.0564017637618073,0.88155,0.73345,0.84475,0.7747,0.1481,0.05,FALSE,FALSE,FALSE,"inconclusive",0.188630079911396,NA
"class_indicator[110,1]","class_indicator",TRUE,0.981712500000017,0.133989894245413,1,1,1,1.06599984122384,35.4565623219572,NA,0.0225021352717068,0.99985,0.99995,0.99935,0.9277,0.07225,0.05,FALSE,FALSE,FALSE,"inconclusive",0.137478092188103,NA
"class_indicator[111,1]","class_indicator",TRUE,0.957749999999975,0.201160242886094,0,1,1,1.1843658354604,22.4232722605528,NA,0.0424807970141377,0.84265,0.99995,0.99875,0.98965,0.1573,0.05,FALSE,FALSE,FALSE,"inconclusive",0.0869432479946369,NA
"class_indicator[112,1]","class_indicator",TRUE,0.949749999999977,0.218461745092994,0,1,1,1.07806996876178,32.134713942441,NA,0.0385379118836582,0.9311,0.8864,0.99715,0.98435,0.11075,0.05,FALSE,FALSE,FALSE,"inconclusive",0.124598068072759,NA
"class_indicator[113,1]","class_indicator",TRUE,0.952024999999987,0.213714693691419,0,1,1,1.04939871955661,58.0002621440696,NA,0.0280620506620186,0.9791,0.94935,0.9995,0.88015,0.11935,0.05,FALSE,FALSE,FALSE,"inconclusive",0.224888281993391,NA
"class_indicator[114,1]","class_indicator",TRUE,0.99995,0.00707093522644455,1,1,1,1.00006430079413,32008.9196502453,NA,3.95222217671799e-05,0.99995,1,1,0.99985,0.000149999999999983,0.05,FALSE,FALSE,FALSE,"inconclusive",124.110317479732,NA
"class_indicator[115,1]","class_indicator",TRUE,0.996112499999998,0.0622288980233002,1,1,1,1.01540054344165,147.734237106174,NA,0.00511978275827512,0.9998,1,1,0.98465,0.01535,0.05,FALSE,FALSE,FALSE,"inconclusive",0.572819803674093,NA
"class_indicator[116,1]","class_indicator",TRUE,0.999137499999999,0.029355865952827,1,1,1,1.00308350589423,2156.81215473235,NA,0.000632104285522178,0.9967,1,0.99995,0.9999,0.00329999999999997,0.05,FALSE,FALSE,FALSE,"inconclusive",8.36275151404323,NA
"class_indicator[117,1]","class_indicator",TRUE,0.999162500000001,0.0289276520627497,1,1,1,1.00309302414811,2554.64298051078,NA,0.000572332064805231,0.99675,1,1,0.9999,0.00324999999999998,0.05,FALSE,FALSE,FALSE,"inconclusive",9.90528748933058,NA
"class_indicator[118,1]","class_indicator",TRUE,0.9998125,0.0136918657271172,1,1,1,1.00042606162547,11013.1333935302,NA,0.000130468954342814,0.9994,1,1,0.99985,0.000600000000000045,0.05,FALSE,FALSE,FALSE,"inconclusive",42.701956106388,NA
"class_indicator[119,1]","class_indicator",TRUE,0.9984,0.0399682369919983,1,1,1,1.00263815941717,1757.6482346097,NA,0.000953342623833985,0.9965,0.9999,1,0.9972,0.00349999999999995,0.05,FALSE,FALSE,FALSE,"inconclusive",6.81504664320745,NA
"class_indicator[120,1]","class_indicator",TRUE,0.997625000000001,0.048676369958767,1,1,1,1.00532448234337,496.845916072511,NA,0.00218377213986826,0.9987,0.99925,0.9999,0.99265,0.00724999999999998,0.05,FALSE,FALSE,FALSE,"inconclusive",1.92645378400939,NA
"class_indicator[121,1]","class_indicator",TRUE,0.999875,0.0111797109678285,1,1,1,1.00045034904332,22230.8943698328,NA,7.49811519343023e-05,0.9995,1,1,1,0.000499999999999945,0.05,FALSE,FALSE,FALSE,"inconclusive",86.1973283774104,NA
"class_indicator[122,1]","class_indicator",TRUE,0.9973,0.0518916530792576,1,1,1,1.00185959668765,1420.0158648961,NA,0.00137705379907022,0.99835,0.998,0.99995,0.9929,0.00705,0.05,FALSE,FALSE,FALSE,"inconclusive",5.50592215370696,NA
"class_indicator[123,1]","class_indicator",TRUE,0.99935,0.0254869696084334,1,1,1,1.00085706443719,4337.28267966562,NA,0.000386998549372574,0.99875,1,0.9999,0.99875,0.00124999999999997,0.05,FALSE,FALSE,FALSE,"inconclusive",16.8172352036417,NA
"class_indicator[124,1]","class_indicator",TRUE,0.994,0.0772274209781326,1,1,1,1.01281345815452,295.145875772916,NA,0.0044952429879563,0.99365,1,0.99975,0.9826,0.0174,0.05,FALSE,FALSE,FALSE,"inconclusive",1.14438877491854,NA
"class_indicator[125,1]","class_indicator",TRUE,0.998912499999999,0.032959534627882,1,1,1,1.00337628903975,1139.19742570516,NA,0.000976520969438991,0.99965,0.99995,1,0.99605,0.00395000000000001,0.05,FALSE,FALSE,FALSE,"inconclusive",4.41708610353795,NA
"class_indicator[126,1]","class_indicator",TRUE,0.9997375,0.0161998263626297,1,1,1,1.00070699769223,5046.58865051813,NA,0.000228040196345867,0.9991,1,0.99985,1,0.000900000000000012,0.05,FALSE,FALSE,FALSE,"inconclusive",19.5674745180167,NA
"class_indicator[127,1]","class_indicator",TRUE,1,0,1,1,1,NA,NA,NA,NA,1,1,1,1,0,0.05,TRUE,FALSE,FALSE,"inconclusive",NA,NA
"class_indicator[128,1]","class_indicator",TRUE,0.9997375,0.0161998263626297,1,1,1,1.00056522809389,5980.85868487592,NA,0.000209473258766223,0.99975,1,1,0.9992,0.000800000000000023,0.05,FALSE,FALSE,FALSE,"inconclusive",23.1899819891508,NA
"class_indicator[129,1]","class_indicator",TRUE,1,0,1,1,1,NA,NA,NA,NA,1,1,1,1,0,0.05,TRUE,FALSE,FALSE,"inconclusive",NA,NA
"class_indicator[130,1]","class_indicator",TRUE,1,0,1,1,1,NA,NA,NA,NA,1,1,1,1,0,0.05,TRUE,FALSE,FALSE,"inconclusive",NA,NA
"class_indicator[131,1]","class_indicator",TRUE,0.99985,0.0122466066623474,1,1,1,1.00035023892157,9414.34691330887,NA,0.000126217818716779,0.99995,1,0.9995,0.99995,0.000499999999999945,0.05,FALSE,FALSE,FALSE,"inconclusive",36.502874731236,NA
"class_indicator[132,1]","class_indicator",TRUE,0.992387499999997,0.0869174566862212,1,1,1,1.00969324254082,419.125973225669,NA,0.00424555745343439,0.98675,0.9999,0.99645,0.98645,0.01345,0.05,FALSE,FALSE,FALSE,"inconclusive",1.62510506975642,NA
"class_indicator[133,1]","class_indicator",TRUE,0.995212499999998,0.0690263674384381,1,1,1,1.01011949869191,1021.75911949209,NA,0.0021594380903697,0.98565,0.9981,0.99985,0.99725,0.0142,0.05,FALSE,FALSE,FALSE,"inconclusive",3.9617347318688,NA
"class_indicator[134,1]","class_indicator",TRUE,0.97594999999999,0.153205387955628,1,1,1,1.10698883340688,23.6575790721029,NA,0.0314984286427223,0.99905,1,0.99995,0.9048,0.0952,0.05,FALSE,FALSE,FALSE,"inconclusive",0.09172910805873,NA
"class_indicator[135,1]","class_indicator",TRUE,0.996574999999998,0.0584235572470308,1,1,1,1.0051284421626,647.992709397749,NA,0.00229510699499155,0.99745,1,0.99995,0.9889,0.0111,0.05,FALSE,FALSE,FALSE,"inconclusive",2.51250531935058,NA
"class_indicator[136,1]","class_indicator",TRUE,0.9992875,0.0266833514342971,1,1,1,1.00248487189491,1559.47695734398,NA,0.000675695295404981,0.99985,1,1,0.9973,0.00270000000000004,0.05,FALSE,FALSE,FALSE,"inconclusive",6.04666394221164,NA
"class_indicator[137,1]","class_indicator",TRUE,0.99925,0.0273760272516924,1,1,1,1.00232631776423,2109.44013360672,NA,0.00059605566819869,0.9998,1,0.9973,0.9999,0.00270000000000004,0.05,FALSE,FALSE,FALSE,"inconclusive",8.17907281929813,NA
"class_indicator[138,1]","class_indicator",TRUE,1,0,1,1,1,NA,NA,NA,NA,1,1,1,1,0,0.05,TRUE,FALSE,FALSE,"inconclusive",NA,NA
"class_indicator[139,1]","class_indicator",TRUE,0.986074999999985,0.117180484791063,1,1,1,1.0444869430203,101.751593721058,NA,0.0116167509931114,0.9511,0.9996,0.99565,0.99795,0.0485000000000001,0.05,FALSE,FALSE,FALSE,"inconclusive",0.394528235841051,NA
"class_indicator[140,1]","class_indicator",TRUE,0.999075,0.0303999330089266,1,1,1,1.00108270630306,5738.4736103233,NA,0.000401304871917297,0.9982,1,0.9999,0.9982,0.00180000000000002,0.05,FALSE,FALSE,FALSE,"inconclusive",22.2501661851881,NA
"class_indicator[141,1]","class_indicator",TRUE,1,0,1,1,1,NA,NA,NA,NA,1,1,1,1,0,0.05,TRUE,FALSE,FALSE,"inconclusive",NA,NA
"class_indicator[142,1]","class_indicator",TRUE,0.997537500000003,0.0495627561742615,1,1,1,1.00925943666468,432.332971043579,NA,0.00238367076863773,0.99045,1,0.99995,0.99975,0.00954999999999995,0.05,FALSE,FALSE,FALSE,"inconclusive",1.6763134426114,NA
"class_indicator[143,1]","class_indicator",TRUE,1,0,1,1,1,NA,NA,NA,NA,1,1,1,1,0,0.05,TRUE,FALSE,FALSE,"inconclusive",NA,NA
"class_count[2]","class_count",TRUE,1.61341249999988,1.83633595958453,0,1,5,1.45629912472736,7.96091949095941,11.1846436147469,0.652701655478103,1.30555,2.67135,0.22075,2.256,0.0171370629370629,0.05,FALSE,FALSE,FALSE,"inconclusive",0.0308674037190127,0.0433669641178676
"class_indicator[1,2]","class_indicator",TRUE,0.000237499999999762,0.0154093011467844,0,0,0,1.00090130707796,4677.86711899013,4677.86711899013,0.000225298864176665,0.00095,0,0,0,0.00095,0.05,FALSE,FALSE,TRUE,"diagnostics_met_only",18.1378059493931,18.1378059493931
"class_indicator[2,2]","class_indicator",TRUE,8.74999999999967e-05,0.00935379267558633,0,0,0,1.00030016509756,22403.7668436702,22403.7668436701,6.2492401953204e-05,0.00035,0,0,0,0.00035,0.05,FALSE,FALSE,TRUE,"diagnostics_met_only",86.8676183417672,86.8676183417672
"class_indicator[3,2]","class_indicator",TRUE,2.50000000000116e-05,0.00499996874951217,0,0,0,1.00005000875156,40004.00080008,40004.00080008,2.49985935991291e-05,0,0,0,1e-04,1e-04,0.05,FALSE,FALSE,TRUE,"diagnostics_met_only",155.110178475497,155.110178475497
"class_indicator[4,2]","class_indicator",TRUE,0,0,0,0,0,NA,NA,NA,NA,0,0,0,0,0,0.05,TRUE,FALSE,FALSE,"inconclusive",NA,NA
"class_indicator[5,2]","class_indicator",TRUE,0,0,0,0,0,NA,NA,NA,NA,0,0,0,0,0,0.05,TRUE,FALSE,FALSE,"inconclusive",NA,NA
"class_indicator[6,2]","class_indicator",TRUE,0,0,0,0,0,NA,NA,NA,NA,0,0,0,0,0,0.05,TRUE,FALSE,FALSE,"inconclusive",NA,NA
"class_indicator[7,2]","class_indicator",TRUE,0,0,0,0,0,NA,NA,NA,NA,0,0,0,0,0,0.05,TRUE,FALSE,FALSE,"inconclusive",NA,NA
"class_indicator[8,2]","class_indicator",TRUE,0,0,0,0,0,NA,NA,NA,NA,0,0,0,0,0,0.05,TRUE,FALSE,FALSE,"inconclusive",NA,NA
"class_indicator[9,2]","class_indicator",TRUE,0,0,0,0,0,NA,NA,NA,NA,0,0,0,0,0,0.05,TRUE,FALSE,FALSE,"inconclusive",NA,NA
"class_indicator[10,2]","class_indicator",TRUE,0,0,0,0,0,NA,NA,NA,NA,0,0,0,0,0,0.05,TRUE,FALSE,FALSE,"inconclusive",NA,NA
"class_indicator[11,2]","class_indicator",TRUE,0,0,0,0,0,NA,NA,NA,NA,0,0,0,0,0,0.05,TRUE,FALSE,FALSE,"inconclusive",NA,NA
"class_indicator[12,2]","class_indicator",TRUE,0.000237499999999948,0.0154093011467802,0,0,0,1.00090130707796,4211.38307941153,4211.38307941152,0.00023744912240655,0,0,0.00095,0,0.00095,0.05,FALSE,FALSE,TRUE,"diagnostics_met_only",16.3290762926618,16.3290762926618
"class_indicator[13,2]","class_indicator",TRUE,0,0,0,0,0,NA,NA,NA,NA,0,0,0,0,0,0.05,TRUE,FALSE,FALSE,"inconclusive",NA,NA
"class_indicator[14,2]","class_indicator",TRUE,0,0,0,0,0,NA,NA,NA,NA,0,0,0,0,0,0.05,TRUE,FALSE,FALSE,"inconclusive",NA,NA
"class_indicator[15,2]","class_indicator",TRUE,0,0,0,0,0,NA,NA,NA,NA,0,0,0,0,0,0.05,TRUE,FALSE,FALSE,"inconclusive",NA,NA
"class_indicator[16,2]","class_indicator",TRUE,0,0,0,0,0,NA,NA,NA,NA,0,0,0,0,0,0.05,TRUE,FALSE,FALSE,"inconclusive",NA,NA
"class_indicator[17,2]","class_indicator",TRUE,0,0,0,0,0,NA,NA,NA,NA,0,0,0,0,0,0.05,TRUE,FALSE,FALSE,"inconclusive",NA,NA
"class_indicator[18,2]","class_indicator",TRUE,0,0,0,0,0,NA,NA,NA,NA,0,0,0,0,0,0.05,TRUE,FALSE,FALSE,"inconclusive",NA,NA
"class_indicator[19,2]","class_indicator",TRUE,0,0,0,0,0,NA,NA,NA,NA,0,0,0,0,0,0.05,TRUE,FALSE,FALSE,"inconclusive",NA,NA
"class_indicator[20,2]","class_indicator",TRUE,0,0,0,0,0,NA,NA,NA,NA,0,0,0,0,0,0.05,TRUE,FALSE,FALSE,"inconclusive",NA,NA
"class_indicator[21,2]","class_indicator",TRUE,0.00229999999999892,0.0479034308189871,0,0,0,1.008708613715,459.361652014892,459.361652014902,0.00223506032803836,0,0,0.00895,0.00025,0.00895,0.05,FALSE,FALSE,TRUE,"diagnostics_met_only",1.78111354874002,1.78111354874006
"class_indicator[22,2]","class_indicator",TRUE,0,0,0,0,0,NA,NA,NA,NA,0,0,0,0,0,0.05,TRUE,FALSE,FALSE,"inconclusive",NA,NA
"class_indicator[23,2]","class_indicator",TRUE,0.000200000000000014,0.0141408097197809,0,0,0,1.00064356071897,6466.22140965028,6466.22140965027,0.000175852680582156,0.00075,0,0,5e-05,0.00075,0.05,FALSE,FALSE,TRUE,"diagnostics_met_only",25.071911230212,25.0719112302119
"class_indicator[24,2]","class_indicator",TRUE,0,0,0,0,0,NA,NA,NA,NA,0,0,0,0,0,0.05,TRUE,FALSE,FALSE,"inconclusive",NA,NA
"class_indicator[25,2]","class_indicator",TRUE,0,0,0,0,0,NA,NA,NA,NA,0,0,0,0,0,0.05,TRUE,FALSE,FALSE,"inconclusive",NA,NA
"class_indicator[26,2]","class_indicator",TRUE,0,0,0,0,0,NA,NA,NA,NA,0,0,0,0,0,0.05,TRUE,FALSE,FALSE,"inconclusive",NA,NA
"class_indicator[27,2]","class_indicator",TRUE,0,0,0,0,0,NA,NA,NA,NA,0,0,0,0,0,0.05,TRUE,FALSE,FALSE,"inconclusive",NA,NA
"class_indicator[28,2]","class_indicator",TRUE,0,0,0,0,0,NA,NA,NA,NA,0,0,0,0,0,0.05,TRUE,FALSE,FALSE,"inconclusive",NA,NA
"class_indicator[29,2]","class_indicator",TRUE,0.000300000000000256,0.0173180180425513,0,0,0,1.00115210296931,3333.98928168589,3333.9892816859,0.000299927362283718,0.0012,0,0,0,0.0012,0.05,FALSE,FALSE,TRUE,"diagnostics_met_only",12.92709884449,12.9270988444901
"class_indicator[30,2]","class_indicator",TRUE,1.25000000000018e-05,0.00353553390593316,0,0,0,1,80016.0048012804,80016.0048012804,1.24987498124827e-05,0,0,0,5e-05,5e-05,0.05,FALSE,FALSE,TRUE,"diagnostics_met_only",310.251388296093,310.251388296093
"class_indicator[31,2]","class_indicator",TRUE,0,0,0,0,0,NA,NA,NA,NA,0,0,0,0,0,0.05,TRUE,FALSE,FALSE,"inconclusive",NA,NA
"class_indicator[32,2]","class_indicator",TRUE,0.00200000000000135,0.0446768950388184,0,0,0,1.00804689205679,500.225096070365,500.225096070362,0.00199756189387089,0,0,0,0.008,0.008,0.05,FALSE,FALSE,TRUE,"diagnostics_met_only",1.93955610382954,1.93955610382953
"class_indicator[33,2]","class_indicator",TRUE,0,0,0,0,0,NA,NA,NA,NA,0,0,0,0,0,0.05,TRUE,FALSE,FALSE,"inconclusive",NA,NA
"class_indicator[34,2]","class_indicator",TRUE,0.000125000000000094,0.0111797109678285,0,0,0,1.00045034904332,8001.44616524738,8001.44616524738,0.000124981672465341,5e-04,0,0,0,5e-04,0.05,FALSE,FALSE,TRUE,"diagnostics_met_only",31.0245404942378,31.0245404942378
"class_indicator[35,2]","class_indicator",TRUE,0,0,0,0,0,NA,NA,NA,NA,0,0,0,0,0,0.05,TRUE,FALSE,FALSE,"inconclusive",NA,NA
"class_indicator[36,2]","class_indicator",TRUE,0,0,0,0,0,NA,NA,NA,NA,0,0,0,0,0,0.05,TRUE,FALSE,FALSE,"inconclusive",NA,NA
"class_indicator[37,2]","class_indicator",TRUE,0,0,0,0,0,NA,NA,NA,NA,0,0,0,0,0,0.05,TRUE,FALSE,FALSE,"inconclusive",NA,NA
"class_indicator[38,2]","class_indicator",TRUE,0.000762499999999615,0.0276030454451959,0,0,0,1.0029005301598,1355.53519440117,1355.53519440119,0.000749724324375045,0.003,0,0,5e-05,0.003,0.05,FALSE,FALSE,TRUE,"diagnostics_met_only",5.25590695251069,5.25590695251075
"class_indicator[39,2]","class_indicator",TRUE,0,0,0,0,0,NA,NA,NA,NA,0,0,0,0,0,0.05,TRUE,FALSE,FALSE,"inconclusive",NA,NA
"class_indicator[40,2]","class_indicator",TRUE,0,0,0,0,0,NA,NA,NA,NA,0,0,0,0,0,0.05,TRUE,FALSE,FALSE,"inconclusive",NA,NA
"class_indicator[41,2]","class_indicator",TRUE,0,0,0,0,0,NA,NA,NA,NA,0,0,0,0,0,0.05,TRUE,FALSE,FALSE,"inconclusive",NA,NA
"class_indicator[42,2]","class_indicator",TRUE,6.25000000000476e-05,0.00790549650314779,0,0,0,1.00020008003401,30776.3372619615,30776.3372619615,4.50630605758449e-05,0.00025,0,0,0,0.00025,0.05,FALSE,FALSE,TRUE,"diagnostics_met_only",119.331143636898,119.331143636898
"class_indicator[43,2]","class_indicator",TRUE,0.000937500000000593,0.0306044572188319,0,0,0,1.00248204166987,2289.35530023344,2289.35530023341,0.000639628905970998,0.00065,0.0031,0,0,0.0031,0.05,FALSE,FALSE,TRUE,"diagnostics_met_only",8.87666988578611,8.87666988578602
"class_indicator[44,2]","class_indicator",TRUE,0.000137499999999948,0.0117253064900574,0,0,0,1.00039639066286,10605.367389514,10605.3673895141,0.000113857421624403,5e-04,0,0,5e-05,5e-04,0.05,FALSE,FALSE,TRUE,"diagnostics_met_only",41.1208978023629,41.1208978023631
"class_indicator[45,2]","class_indicator",TRUE,0,0,0,0,0,NA,NA,NA,NA,0,0,0,0,0,0.05,TRUE,FALSE,FALSE,"inconclusive",NA,NA
"class_indicator[46,2]","class_indicator",TRUE,0.000474999999999504,0.0217894540949278,0,0,0,1.00185533568066,2105.70130431256,2105.70130431256,0.000474840732924703,0.0019,0,0,0,0.0019,0.05,FALSE,FALSE,TRUE,"diagnostics_met_only",8.1645760072916,8.1645760072916
"class_indicator[47,2]","class_indicator",TRUE,1.25000000000025e-05,0.00353553390593419,0,0,0,1,80016.0048012804,80016.0048012803,1.24987498124864e-05,5e-05,0,0,0,5e-05,0.05,FALSE,FALSE,TRUE,"diagnostics_met_only",310.251388296093,310.251388296093
"class_indicator[48,2]","class_indicator",TRUE,0,0,0,0,0,NA,NA,NA,NA,0,0,0,0,0,0.05,TRUE,FALSE,FALSE,"inconclusive",NA,NA
"class_indicator[49,2]","class_indicator",TRUE,0.00114999999999936,0.033892356935543,0,0,0,1.00424347517414,2090.15304620298,2090.15304620299,0.000741331967097922,0.00445,0,0,0.00015,0.00445,0.05,FALSE,FALSE,TRUE,"diagnostics_met_only",8.10428970986823,8.10428970986825
"class_indicator[50,2]","class_indicator",TRUE,0,0,0,0,0,NA,NA,NA,NA,0,0,0,0,0,0.05,TRUE,FALSE,FALSE,"inconclusive",NA,NA
"class_indicator[51,2]","class_indicator",TRUE,0,0,0,0,0,NA,NA,NA,NA,0,0,0,0,0,0.05,TRUE,FALSE,FALSE,"inconclusive",NA,NA
"class_indicator[52,2]","class_indicator",TRUE,0,0,0,0,0,NA,NA,NA,NA,0,0,0,0,0,0.05,TRUE,FALSE,FALSE,"inconclusive",NA,NA
"class_indicator[53,2]","class_indicator",TRUE,0.000700000000000106,0.0264484166630765,0,0,0,1.00129394187533,3341.45643548398,3341.45643548389,0.00045754285353542,0.00065,2e-04,0.00195,0,0.00195,0.05,FALSE,FALSE,TRUE,"diagnostics_met_only",12.9560517375797,12.9560517375794
"class_indicator[54,2]","class_indicator",TRUE,0.00453750000000141,0.0672083890287662,0,0,0,1.00713999661279,475.48468936701,475.484689367043,0.00308216026308965,9e-04,0,0.00155,0.0157,0.0157,0.05,FALSE,FALSE,TRUE,"diagnostics_met_only",1.84362847602822,1.84362847602835
"class_indicator[55,2]","class_indicator",TRUE,9.9999999999994e-05,0.00999956248495778,0,0,0,1.00025012631691,16846.2108758661,16846.2108758678,7.70424139858007e-05,0.00035,0,0,5e-05,0.00035,0.05,FALSE,FALSE,TRUE,"diagnostics_met_only",65.3189361896579,65.3189361896643
"class_indicator[56,2]","class_indicator",TRUE,2.50000000000051e-05,0.00499996874951583,0,0,0,1.00005000875156,80016.0048011203,80016.0048011203,1.76757910214408e-05,1e-04,0,0,0,1e-04,0.05,FALSE,FALSE,TRUE,"diagnostics_met_only",310.251388295472,310.251388295472
"class_indicator[57,2]","class_indicator",TRUE,4.99999999999635e-05,0.00707093522645525,0,0,0,1.00006430079413,80019.4353080515,80019.4353080515,2.49964950830391e-05,0.00015,0,5e-05,0,0.00015,0.05,FALSE,FALSE,TRUE,"diagnostics_met_only",310.264689628632,310.264689628632
"class_indicator[58,2]","class_indicator",TRUE,0.00463749999999894,0.0679415284961701,0,0,0,1.01739857054281,525.739043838529,525.739043838529,0.00296312653463988,0.01785,0,0.00045,0.00025,0.01785,0.05,FALSE,FALSE,FALSE,"inconclusive",2.03848303395615,2.03848303395615
"class_indicator[59,2]","class_indicator",TRUE,0.00390000000000379,0.0623284731121647,0,0,0,1.01533710270329,265.101713669394,265.101713669395,0.00382807308233712,0.01535,0,0.00025,0,0.01535,0.05,FALSE,FALSE,FALSE,"inconclusive",1.02789654282123,1.02789654282123
"class_indicator[60,2]","class_indicator",TRUE,0.00126249999999962,0.0355094614894607,0,0,0,1.00399554907664,1450.40307043386,1450.40307043385,0.000932394559857131,0.00455,0,0,5e-04,0.00455,0.05,FALSE,FALSE,TRUE,"diagnostics_met_only",5.6237444909749,5.62374449097485
"class_indicator[61,2]","class_indicator",TRUE,0.162125000000097,0.368567744657894,0,0,1,2.26091112900003,5.02311260611818,NA,0.164448860324763,0.15645,0.49065,1e-04,0.0013,0.49055,0.05,FALSE,FALSE,FALSE,"inconclusive",0.0194764492864412,NA
"class_indicator[62,2]","class_indicator",TRUE,0.0822500000000396,0.27474694006178,0,0,1,1.5060319527522,7.53423930358984,NA,0.10009517867638,0.00085,0.32815,0,0,0.32815,0.05,FALSE,FALSE,FALSE,"inconclusive",0.0292130081912854,NA
"class_indicator[63,2]","class_indicator",TRUE,0,0,0,0,0,NA,NA,NA,NA,0,0,0,0,0,0.05,TRUE,FALSE,FALSE,"inconclusive",NA,NA
"class_indicator[64,2]","class_indicator",TRUE,0.0531625000000026,0.22435881485848,0,0,1,1.06819186060218,54.6413320476393,NA,0.0303516634686437,0.0455,0.0601,0.00025,0.1068,0.10655,0.05,FALSE,FALSE,FALSE,"inconclusive",0.211864478465646,NA
"class_indicator[65,2]","class_indicator",TRUE,0.0660999999999945,0.24845837004292,0,0,1,1.16881745128979,16.8110366601619,NA,0.0605977339697758,0.1813,0,0.00705,0.07605,0.1813,0.05,FALSE,FALSE,FALSE,"inconclusive",0.0651825528588284,NA
"class_indicator[66,2]","class_indicator",TRUE,0.000150000000000034,0.0122466066623474,0,0,0,1.00044559324882,7870.82474393093,7870.8247439309,0.000138040221732622,5e-05,0,0.00055,0,0.00055,0.05,FALSE,FALSE,TRUE,"diagnostics_met_only",30.5180733517544,30.5180733517543
"class_indicator[67,2]","class_indicator",TRUE,0.131437499999941,0.337880319984185,0,0,1,2.83206625800198,4.60189308323162,NA,0.157505105019006,0.00055,0.47825,1e-04,0.04685,0.47815,0.05,FALSE,FALSE,FALSE,"inconclusive",0.0178432267570544,NA
"class_indicator[68,2]","class_indicator",TRUE,0.00833750000000471,0.0909290352136963,0,0,0,1.03506506627244,120.903448838016,120.903448838021,0.0082695759140719,0.03335,0,0,0,0.03335,0.05,FALSE,FALSE,FALSE,"inconclusive",0.468787000112507,0.468787000112524
"class_indicator[69,2]","class_indicator",TRUE,0.0788000000000033,0.269428037504169,0,0,1,1.17239852409051,30.7013265191362,NA,0.0486255153854103,0.0179,0.1965,0.00265,0.09815,0.19385,0.05,FALSE,FALSE,FALSE,"inconclusive",0.119040299484451,NA
"class_indicator[70,2]","class_indicator",TRUE,0.0410875000000177,0.19849385340962,0,0,1,1.11513963192523,22.5523688576521,22.552368857652,0.0417975648092387,0.02155,0,1e-04,0.1427,0.1427,0.05,FALSE,FALSE,FALSE,"inconclusive",0.0874438028345569,0.0874438028345568
"class_indicator[71,2]","class_indicator",TRUE,0.00087499999999954,0.0295676394571666,0,0,0,1.00195626273214,3309.48418660064,3309.48418660085,0.000513968495102471,0.0027,0,0.00055,0.00025,0.0027,0.05,FALSE,FALSE,TRUE,"diagnostics_met_only",12.8320836061086,12.8320836061094
"class_indicator[72,2]","class_indicator",TRUE,0.0014874999999992,0.0385396667094509,0,0,0,1.00426402071797,906.681335336827,906.681335336873,0.00127991349094788,0.00085,0,0.0051,0,0.0051,0.05,FALSE,FALSE,TRUE,"diagnostics_met_only",3.51553596969771,3.51553596969789
"class_indicator[73,2]","class_indicator",TRUE,0.0669125000000433,0.249871962800273,0,0,1,1.4523758536147,9.5049452559422,NA,0.0810480776365374,0.0021,0,1e-04,0.26545,0.26545,0.05,FALSE,FALSE,FALSE,"inconclusive",0.0368541577232964,NA
"class_indicator[74,2]","class_indicator",TRUE,0,0,0,0,0,NA,NA,NA,NA,0,0,0,0,0,0.05,TRUE,FALSE,FALSE,"inconclusive",NA,NA
"class_indicator[75,2]","class_indicator",TRUE,0.00202499999999813,0.0449546953783392,0,0,0,1.00791854924559,506.429161765659,506.429161765658,0.00199763301158252,1e-04,0,0,0.008,0.008,0.05,FALSE,FALSE,TRUE,"diagnostics_met_only",1.96361154123641,1.96361154123641
"class_indicator[76,2]","class_indicator",TRUE,0.000312500000000111,0.0176750176472036,0,0,0,1.00047362152915,39244.5882322283,39244.5882322272,8.92215919092229e-05,0.00085,1e-04,1e-04,2e-04,0.00075,0.05,FALSE,FALSE,TRUE,"diagnostics_met_only",152.165657513089,152.165657513085
"class_indicator[77,2]","class_indicator",TRUE,0.000574999999999632,0.0239724124454858,0,0,0,1.00094990824304,5031.47014839725,5031.47014839725,0.00033795921364926,0.00145,0.00075,0,1e-04,0.00145,0.05,FALSE,FALSE,TRUE,"diagnostics_met_only",19.5088545421305,19.5088545421305
"class_indicator[78,2]","class_indicator",TRUE,0.00183750000000158,0.0428269368573734,0,0,0,1.00650035409953,702.702290530752,702.702290530738,0.0016155906405915,0.00695,0,4e-04,0,0.00695,0.05,FALSE,FALSE,TRUE,"diagnostics_met_only",2.72463442454354,2.72463442454349
"class_indicator[79,2]","class_indicator",TRUE,0.000187500000000044,0.0136918657271177,0,0,0,1.00042606162547,25544.4833843096,25544.4833843095,8.56671008095385e-05,6e-04,0,0.00015,0,6e-04,0.05,FALSE,FALSE,TRUE,"diagnostics_met_only",99.0453279062205,99.0453279062202
"class_indicator[80,2]","class_indicator",TRUE,0.010849999999997,0.10359735351428,0,0,0,1.01997361221972,236.686346990966,236.686346990902,0.00673382859781741,0.02745,0.00025,0.001,0.0147,0.0272,0.05,FALSE,FALSE,FALSE,"inconclusive",0.917719747781046,0.917719747780795
"class_indicator[81,2]","class_indicator",TRUE,0,0,0,0,0,NA,NA,NA,NA,0,0,0,0,0,0.05,TRUE,FALSE,FALSE,"inconclusive",NA,NA
"class_indicator[82,2]","class_indicator",TRUE,0.136124999999983,0.342923394259752,0,0,1,1.66634444599974,6.36246897912107,NA,0.135951584866813,0,0,0,0.5445,0.5445,0.05,FALSE,FALSE,FALSE,"inconclusive",0.0246696250164636,NA
"class_indicator[83,2]","class_indicator",TRUE,0.0164249999999845,0.127103978371446,0,0,0,1.07292254645789,61.9464180841116,61.9464180841128,0.0161492011710006,0.0657,0,0,0,0.0657,0.05,FALSE,FALSE,FALSE,"inconclusive",0.240188975421805,0.24018897542181
"class_indicator[84,2]","class_indicator",TRUE,0,0,0,0,0,NA,NA,NA,NA,0,0,0,0,0,0.05,TRUE,FALSE,FALSE,"inconclusive",NA,NA
"class_indicator[85,2]","class_indicator",TRUE,0,0,0,0,0,NA,NA,NA,NA,0,0,0,0,0,0.05,TRUE,FALSE,FALSE,"inconclusive",NA,NA
"class_indicator[86,2]","class_indicator",TRUE,0,0,0,0,0,NA,NA,NA,NA,0,0,0,0,0,0.05,TRUE,FALSE,FALSE,"inconclusive",NA,NA
"class_indicator[87,2]","class_indicator",TRUE,0,0,0,0,0,NA,NA,NA,NA,0,0,0,0,0,0.05,TRUE,FALSE,FALSE,"inconclusive",NA,NA
"class_indicator[88,2]","class_indicator",TRUE,0,0,0,0,0,NA,NA,NA,NA,0,0,0,0,0,0.05,TRUE,FALSE,FALSE,"inconclusive",NA,NA
"class_indicator[89,2]","class_indicator",TRUE,0,0,0,0,0,NA,NA,NA,NA,0,0,0,0,0,0.05,TRUE,FALSE,FALSE,"inconclusive",NA,NA
"class_indicator[90,2]","class_indicator",TRUE,0,0,0,0,0,NA,NA,NA,NA,0,0,0,0,0,0.05,TRUE,FALSE,FALSE,"inconclusive",NA,NA
"class_indicator[91,2]","class_indicator",TRUE,0,0,0,0,0,NA,NA,NA,NA,0,0,0,0,0,0.05,TRUE,FALSE,FALSE,"inconclusive",NA,NA
"class_indicator[92,2]","class_indicator",TRUE,0.0151750000000007,0.122249360678393,0,0,0,1.01361325368655,188.304742329854,188.304742329936,0.00890873350746494,0.0172,0.0399,0.00025,0.00335,0.03965,0.05,FALSE,FALSE,FALSE,"inconclusive",0.73012652750741,0.730126527507731
"class_indicator[93,2]","class_indicator",TRUE,0.00202499999999949,0.0449546953783753,0,0,0,1.00285209684306,1905.14328574088,1905.14328574108,0.00102993836752414,0.0048,2e-04,7e-04,0.0024,0.0046,0.05,FALSE,FALSE,TRUE,"diagnostics_met_only",7.3869390351595,7.38693903516026
"class_indicator[94,2]","class_indicator",TRUE,0.0029125000000013,0.0538892720717694,0,0,0,1.00761663592982,814.068538606115,814.068538606086,0.00188873849466053,0.0096,3e-04,2e-04,0.00155,0.0094,0.05,FALSE,FALSE,TRUE,"diagnostics_met_only",3.15644220050683,3.15644220050672
"class_indicator[95,2]","class_indicator",TRUE,0.000749999999999975,0.0273760272516801,0,0,0,1.00053559871165,6562.41546086263,6562.41546086196,0.000337939193786462,0.0012,0,9e-04,9e-04,0.0012,0.05,FALSE,FALSE,TRUE,"diagnostics_met_only",25.4448908360868,25.4448908360842
"class_indicator[96,2]","class_indicator",TRUE,0.000362500000000091,0.0190361005306652,0,0,0,1.00091278691137,8035.1233104055,8035.12331040543,0.000212364400832106,0.0012,0,0,0.00025,0.0012,0.05,FALSE,FALSE,TRUE,"diagnostics_met_only",31.1551191336625,31.1551191336623
"class_indicator[97,2]","class_indicator",TRUE,0.00478749999999888,0.0690263674384443,0,0,0,1.00387683614067,765.85994728979,765.85994728963,0.00249425206345754,0.01225,0.0014,0.0045,0.001,0.01125,0.05,FALSE,FALSE,TRUE,"diagnostics_met_only",2.96951981640588,2.96951981640525
"class_indicator[98,2]","class_indicator",TRUE,0.0151500000000186,0.122150169906926,0,0,0,1.0301106054805,98.2197469623493,98.2197469624184,0.0123252197142614,0.0021,1e-04,0.00275,0.05565,0.05555,0.05,FALSE,FALSE,FALSE,"inconclusive",0.380833971014161,0.380833971014429
"class_indicator[99,2]","class_indicator",TRUE,0.0026625000000004,0.051531003161194,0,0,0,1.00196916614813,2736.66881481064,2736.66881481057,0.000985048185521812,0.00485,0.002,0.00195,0.00185,0.003,0.05,FALSE,FALSE,TRUE,"diagnostics_met_only",10.6110683882587,10.6110683882584
"class_indicator[100,2]","class_indicator",TRUE,0.00326249999999867,0.0570254043603355,0,0,0,1.00365310909832,985.586745440929,985.58674544111,0.00181643953727661,0.0049,5e-05,1e-04,0.008,0.00795,0.05,FALSE,FALSE,TRUE,"diagnostics_met_only",3.82148117515589,3.82148117515659
"class_indicator[101,2]","class_indicator",TRUE,0.131387499999982,0.337825770807776,0,0,1,1.2846823067797,13.2869940710295,NA,0.0926785874139244,0.03505,0.43045,0.00045,0.0596,0.43,0.05,FALSE,FALSE,FALSE,"inconclusive",0.0515185476587666,NA
"class_indicator[102,2]","class_indicator",TRUE,0.00507500000000031,0.0710584793768354,0,0,0,1.01477082739229,179.660761717419,179.660761717397,0.0053013843440259,0.0024,0,0.00015,0.01775,0.01775,0.05,FALSE,FALSE,FALSE,"inconclusive",0.696610645377671,0.696610645377586
"class_indicator[103,2]","class_indicator",TRUE,0.0258875000000191,0.158800669281906,0,0,1,1.12250031109725,21.5331226609267,21.5331226609238,0.0342214826375597,0.00015,0.1034,0,0,0.1034,0.05,FALSE,FALSE,FALSE,"inconclusive",0.0834918116256119,0.0834918116256006
"class_indicator[104,2]","class_indicator",TRUE,0.0019499999999994,0.0441160042136178,0,0,0,1.00322671800585,1122.57923436239,1122.57923436239,0.00131670252189205,0.00415,0,1e-04,0.00355,0.00415,0.05,FALSE,FALSE,TRUE,"diagnostics_met_only",4.35265128268093,4.35265128268094
"class_indicator[105,2]","class_indicator",TRUE,0.00114999999999919,0.0338923569355431,0,0,0,1.00392181059172,2708.32603776569,2708.32603776571,0.000651255342462481,0.0043,5e-05,5e-05,2e-04,0.00425,0.05,FALSE,FALSE,TRUE,"diagnostics_met_only",10.5011730498424,10.5011730498424
"class_indicator[106,2]","class_indicator",TRUE,0.00101249999999931,0.0318038910723948,0,0,0,1.00118828831188,2898.12451011067,2898.12451011068,0.000590774494732748,0.00175,0.00175,0.00055,0,0.00175,0.05,FALSE,FALSE,TRUE,"diagnostics_met_only",11.237091316291,11.2370913162911
"class_indicator[107,2]","class_indicator",TRUE,0.00176249999999995,0.041945388142719,0,0,0,1.0017491584417,2004.26527934103,2004.26527934097,0.000936928858565852,0.0024,0.00335,0.00035,0.00095,0.003,0.05,FALSE,FALSE,TRUE,"diagnostics_met_only",7.77127134719503,7.77127134719482
"class_indicator[108,2]","class_indicator",TRUE,0.0829249999999903,0.275770547724736,0,0,1,1.06010938598141,74.3040671562606,NA,0.0319920145450885,0.0956,0.09415,0.0027,0.13925,0.13655,0.05,FALSE,FALSE,FALSE,"inconclusive",0.288104111777736,NA
"class_indicator[109,2]","class_indicator",TRUE,0.191387499999983,0.393395804943182,0,0,1,1.05653391616968,48.6490180197085,NA,0.0564017637618074,0.11845,0.26655,0.15525,0.2253,0.1481,0.05,FALSE,FALSE,FALSE,"inconclusive",0.188630079911396,NA
"class_indicator[110,2]","class_indicator",TRUE,0.0182874999999831,0.133989894245413,0,0,0,1.06599984122384,35.456562321957,35.4565623219602,0.0225021352717068,0.00015,5e-05,0.00065,0.0723,0.07225,0.05,FALSE,FALSE,FALSE,"inconclusive",0.137478092188103,0.137478092188115
"class_indicator[111,2]","class_indicator",TRUE,0.0422500000000252,0.201160242886094,0,0,1,1.1843658354604,22.4232722605528,22.4232722605528,0.0424807970141377,0.15735,5e-05,0.00125,0.01035,0.1573,0.05,FALSE,FALSE,FALSE,"inconclusive",0.0869432479946369,0.0869432479946368
"class_indicator[112,2]","class_indicator",TRUE,0.0502500000000234,0.218461745092994,0,0,1,1.07806996876178,32.134713942441,NA,0.0385379118836582,0.0689,0.1136,0.00285,0.01565,0.11075,0.05,FALSE,FALSE,FALSE,"inconclusive",0.124598068072759,NA
"class_indicator[113,2]","class_indicator",TRUE,0.0479750000000125,0.213714693691419,0,0,1,1.04939871955661,58.0002621440696,58.000262144078,0.0280620506620186,0.0209,0.05065,5e-04,0.11985,0.11935,0.05,FALSE,FALSE,FALSE,"inconclusive",0.224888281993391,0.224888281993424
"class_indicator[114,2]","class_indicator",TRUE,4.99999999999928e-05,0.00707093522644455,0,0,0,1.00006430079413,32008.9196502453,32008.9196502459,3.95222217671799e-05,5e-05,0,0,0.00015,0.00015,0.05,FALSE,FALSE,TRUE,"diagnostics_met_only",124.110317479732,124.110317479735
"class_indicator[115,2]","class_indicator",TRUE,0.00388750000000241,0.0622288980233002,0,0,0,1.01540054344165,147.734237106173,147.734237106196,0.00511978275827512,2e-04,0,0,0.01535,0.01535,0.05,FALSE,FALSE,FALSE,"inconclusive",0.572819803674088,0.572819803674179
"class_indicator[116,2]","class_indicator",TRUE,0.000862500000000825,0.029355865952827,0,0,0,1.00308350589423,2156.81215473234,2156.81215473235,0.000632104285522178,0.0033,0,5e-05,1e-04,0.0033,0.05,FALSE,FALSE,TRUE,"diagnostics_met_only",8.36275151404322,8.36275151404323
"class_indicator[117,2]","class_indicator",TRUE,0.000837499999999402,0.0289276520627497,0,0,0,1.00309302414811,2554.64298051078,2554.64298051072,0.000572332064805231,0.00325,0,0,1e-04,0.00325,0.05,FALSE,FALSE,TRUE,"diagnostics_met_only",9.90528748933059,9.90528748933035
"class_indicator[118,2]","class_indicator",TRUE,0.000187500000000055,0.0136918657271172,0,0,0,1.00042606162547,11013.1333935302,11013.1333935299,0.000130468954342814,6e-04,0,0,0.00015,6e-04,0.05,FALSE,FALSE,TRUE,"diagnostics_met_only",42.701956106388,42.7019561063866
"class_indicator[119,2]","class_indicator",TRUE,0.00159999999999979,0.0399682369919983,0,0,0,1.00263815941717,1757.64823460971,1757.64823461003,0.000953342623833981,0.0035,1e-04,0,0.0028,0.0035,0.05,FALSE,FALSE,TRUE,"diagnostics_met_only",6.81504664320748,6.8150466432087
"class_indicator[120,2]","class_indicator",TRUE,0.00237499999999939,0.048676369958767,0,0,0,1.00532448234337,496.845916072509,496.845916072977,0.00218377213986826,0.0013,0.00075,1e-04,0.00735,0.00725,0.05,FALSE,FALSE,TRUE,"diagnostics_met_only",1.92645378400939,1.9264537840112
"class_indicator[121,2]","class_indicator",TRUE,0.000125000000000096,0.0111797109678285,0,0,0,1.00045034904332,22230.8943698328,22230.8943698328,7.49811519343023e-05,5e-04,0,0,0,5e-04,0.05,FALSE,FALSE,TRUE,"diagnostics_met_only",86.1973283774104,86.1973283774103
"class_indicator[122,2]","class_indicator",TRUE,0.00269999999999981,0.0518916530792576,0,0,0,1.00185959668765,1420.0158648961,1420.01586489606,0.00137705379907022,0.00165,0.002,5e-05,0.0071,0.00705,0.05,FALSE,FALSE,TRUE,"diagnostics_met_only",5.50592215370696,5.50592215370682
"class_indicator[123,2]","class_indicator",TRUE,0.000649999999999847,0.0254869696084334,0,0,0,1.00085706443719,4337.28267966562,4337.28267966495,0.000386998549372574,0.00125,0,1e-04,0.00125,0.00125,0.05,FALSE,FALSE,TRUE,"diagnostics_met_only",16.8172352036417,16.8172352036391
"class_indicator[124,2]","class_indicator",TRUE,0.00599999999999978,0.0772274209781326,0,0,0,1.01281345815452,295.145875772916,295.145875772872,0.0044952429879563,0.00635,0,0.00025,0.0174,0.0174,0.05,FALSE,FALSE,FALSE,"inconclusive",1.14438877491854,1.14438877491837
"class_indicator[125,2]","class_indicator",TRUE,0.00108750000000108,0.032959534627882,0,0,0,1.00337628903975,1139.19742570516,1139.19742570514,0.000976520969438992,0.00035,5e-05,0,0.00395,0.00395,0.05,FALSE,FALSE,TRUE,"diagnostics_met_only",4.41708610353795,4.41708610353786
"class_indicator[126,2]","class_indicator",TRUE,0.000262500000000128,0.0161998263626297,0,0,0,1.00070699769223,5046.58865051813,5046.58865051798,0.000228040196345867,9e-04,0,0.00015,0,9e-04,0.05,FALSE,FALSE,TRUE,"diagnostics_met_only",19.5674745180167,19.5674745180161
"class_indicator[127,2]","class_indicator",TRUE,0,0,0,0,0,NA,NA,NA,NA,0,0,0,0,0,0.05,TRUE,FALSE,FALSE,"inconclusive",NA,NA
"class_indicator[128,2]","class_indicator",TRUE,0.0002625000000001,0.0161998263626297,0,0,0,1.00056522809389,5980.85868487592,5980.85868487544,0.000209473258766223,0.00025,0,0,8e-04,8e-04,0.05,FALSE,FALSE,TRUE,"diagnostics_met_only",23.1899819891508,23.189981989149
"class_indicator[129,2]","class_indicator",TRUE,0,0,0,0,0,NA,NA,NA,NA,0,0,0,0,0,0.05,TRUE,FALSE,FALSE,"inconclusive",NA,NA
"class_indicator[130,2]","class_indicator",TRUE,0,0,0,0,0,NA,NA,NA,NA,0,0,0,0,0,0.05,TRUE,FALSE,FALSE,"inconclusive",NA,NA
"class_indicator[131,2]","class_indicator",TRUE,0.000150000000000005,0.0122466066623474,0,0,0,1.00035023892157,9414.34691330887,9414.34691330967,0.000126217818716779,5e-05,0,5e-04,5e-05,5e-04,0.05,FALSE,FALSE,TRUE,"diagnostics_met_only",36.5028747312359,36.5028747312391
"class_indicator[132,2]","class_indicator",TRUE,0.00761250000000313,0.0869174566862212,0,0,0,1.00969324254082,419.125973225668,419.12597322575,0.00424555745343439,0.01325,1e-04,0.00355,0.01355,0.01345,0.05,FALSE,FALSE,TRUE,"diagnostics_met_only",1.62510506975642,1.62510506975673
"class_indicator[133,2]","class_indicator",TRUE,0.00478750000000151,0.0690263674384381,0,0,0,1.01011949869191,1021.75911949209,1021.75911949213,0.0021594380903697,0.01435,0.0019,0.00015,0.00275,0.0142,0.05,FALSE,FALSE,FALSE,"inconclusive",3.9617347318688,3.96173473186896
"class_indicator[134,2]","class_indicator",TRUE,0.0240500000000098,0.153205387955628,0,0,0,1.10698883340688,23.6575790721029,23.657579072104,0.0314984286427223,0.00095,0,5e-05,0.0952,0.0952,0.05,FALSE,FALSE,FALSE,"inconclusive",0.09172910805873,0.0917291080587342
"class_indicator[135,2]","class_indicator",TRUE,0.00342500000000248,0.0584235572470308,0,0,0,1.0051284421626,647.992709397749,647.99270939783,0.00229510699499155,0.00255,0,5e-05,0.0111,0.0111,0.05,FALSE,FALSE,TRUE,"diagnostics_met_only",2.51250531935058,2.51250531935089
"class_indicator[136,2]","class_indicator",TRUE,0.000712500000000411,0.0266833514342971,0,0,0,1.00248487189491,1559.47695734398,1559.47695734396,0.000675695295404981,0.00015,0,0,0.0027,0.0027,0.05,FALSE,FALSE,TRUE,"diagnostics_met_only",6.04666394221164,6.04666394221157
"class_indicator[137,2]","class_indicator",TRUE,0.000749999999999972,0.0273760272516924,0,0,0,1.00232631776423,2109.44013360672,2109.4401336067,0.00059605566819869,2e-04,0,0.0027,1e-04,0.0027,0.05,FALSE,FALSE,TRUE,"diagnostics_met_only",8.17907281929813,8.17907281929805
"class_indicator[138,2]","class_indicator",TRUE,0,0,0,0,0,NA,NA,NA,NA,0,0,0,0,0,0.05,TRUE,FALSE,FALSE,"inconclusive",NA,NA
"class_indicator[139,2]","class_indicator",TRUE,0.0139250000000145,0.117180484791063,0,0,0,1.0444869430203,101.751593721058,101.751593721062,0.0116167509931114,0.0489,4e-04,0.00435,0.00205,0.0485,0.05,FALSE,FALSE,FALSE,"inconclusive",0.394528235841051,0.394528235841067
"class_indicator[140,2]","class_indicator",TRUE,0.000925000000000084,0.0303999330089266,0,0,0,1.00108270630306,5738.4736103233,5738.4736103228,0.000401304871917297,0.0018,0,1e-04,0.0018,0.0018,0.05,FALSE,FALSE,TRUE,"diagnostics_met_only",22.2501661851881,22.2501661851861
"class_indicator[141,2]","class_indicator",TRUE,0,0,0,0,0,NA,NA,NA,NA,0,0,0,0,0,0.05,TRUE,FALSE,FALSE,"inconclusive",NA,NA
"class_indicator[142,2]","class_indicator",TRUE,0.00246250000000144,0.0495627561742612,0,0,0,1.00925943666468,432.332971043579,432.332971043576,0.00238367076863771,0.00955,0,5e-05,0.00025,0.00955,0.05,FALSE,FALSE,TRUE,"diagnostics_met_only",1.6763134426114,1.67631344261139
"class_indicator[143,2]","class_indicator",TRUE,0,0,0,0,0,NA,NA,NA,NA,0,0,0,0,0,0.05,TRUE,FALSE,FALSE,"inconclusive",NA,NA
"class_count[3]","class_count",TRUE,0,0,0,0,0,NA,NA,NA,NA,0,0,0,0,0,0.05,TRUE,FALSE,FALSE,"inconclusive",NA,NA
"class_indicator[1,3]","class_indicator",TRUE,0,0,0,0,0,NA,NA,NA,NA,0,0,0,0,0,0.05,TRUE,FALSE,FALSE,"inconclusive",NA,NA
"class_indicator[2,3]","class_indicator",TRUE,0,0,0,0,0,NA,NA,NA,NA,0,0,0,0,0,0.05,TRUE,FALSE,FALSE,"inconclusive",NA,NA
"class_indicator[3,3]","class_indicator",TRUE,0,0,0,0,0,NA,NA,NA,NA,0,0,0,0,0,0.05,TRUE,FALSE,FALSE,"inconclusive",NA,NA
"class_indicator[4,3]","class_indicator",TRUE,0,0,0,0,0,NA,NA,NA,NA,0,0,0,0,0,0.05,TRUE,FALSE,FALSE,"inconclusive",NA,NA
"class_indicator[5,3]","class_indicator",TRUE,0,0,0,0,0,NA,NA,NA,NA,0,0,0,0,0,0.05,TRUE,FALSE,FALSE,"inconclusive",NA,NA
"class_indicator[6,3]","class_indicator",TRUE,0,0,0,0,0,NA,NA,NA,NA,0,0,0,0,0,0.05,TRUE,FALSE,FALSE,"inconclusive",NA,NA
"class_indicator[7,3]","class_indicator",TRUE,0,0,0,0,0,NA,NA,NA,NA,0,0,0,0,0,0.05,TRUE,FALSE,FALSE,"inconclusive",NA,NA
"class_indicator[8,3]","class_indicator",TRUE,0,0,0,0,0,NA,NA,NA,NA,0,0,0,0,0,0.05,TRUE,FALSE,FALSE,"inconclusive",NA,NA
"class_indicator[9,3]","class_indicator",TRUE,0,0,0,0,0,NA,NA,NA,NA,0,0,0,0,0,0.05,TRUE,FALSE,FALSE,"inconclusive",NA,NA
"class_indicator[10,3]","class_indicator",TRUE,0,0,0,0,0,NA,NA,NA,NA,0,0,0,0,0,0.05,TRUE,FALSE,FALSE,"inconclusive",NA,NA
"class_indicator[11,3]","class_indicator",TRUE,0,0,0,0,0,NA,NA,NA,NA,0,0,0,0,0,0.05,TRUE,FALSE,FALSE,"inconclusive",NA,NA
"class_indicator[12,3]","class_indicator",TRUE,0,0,0,0,0,NA,NA,NA,NA,0,0,0,0,0,0.05,TRUE,FALSE,FALSE,"inconclusive",NA,NA
"class_indicator[13,3]","class_indicator",TRUE,0,0,0,0,0,NA,NA,NA,NA,0,0,0,0,0,0.05,TRUE,FALSE,FALSE,"inconclusive",NA,NA
"class_indicator[14,3]","class_indicator",TRUE,0,0,0,0,0,NA,NA,NA,NA,0,0,0,0,0,0.05,TRUE,FALSE,FALSE,"inconclusive",NA,NA
"class_indicator[15,3]","class_indicator",TRUE,0,0,0,0,0,NA,NA,NA,NA,0,0,0,0,0,0.05,TRUE,FALSE,FALSE,"inconclusive",NA,NA
"class_indicator[16,3]","class_indicator",TRUE,0,0,0,0,0,NA,NA,NA,NA,0,0,0,0,0,0.05,TRUE,FALSE,FALSE,"inconclusive",NA,NA
"class_indicator[17,3]","class_indicator",TRUE,0,0,0,0,0,NA,NA,NA,NA,0,0,0,0,0,0.05,TRUE,FALSE,FALSE,"inconclusive",NA,NA
"class_indicator[18,3]","class_indicator",TRUE,0,0,0,0,0,NA,NA,NA,NA,0,0,0,0,0,0.05,TRUE,FALSE,FALSE,"inconclusive",NA,NA
"class_indicator[19,3]","class_indicator",TRUE,0,0,0,0,0,NA,NA,NA,NA,0,0,0,0,0,0.05,TRUE,FALSE,FALSE,"inconclusive",NA,NA
"class_indicator[20,3]","class_indicator",TRUE,0,0,0,0,0,NA,NA,NA,NA,0,0,0,0,0,0.05,TRUE,FALSE,FALSE,"inconclusive",NA,NA
"class_indicator[21,3]","class_indicator",TRUE,0,0,0,0,0,NA,NA,NA,NA,0,0,0,0,0,0.05,TRUE,FALSE,FALSE,"inconclusive",NA,NA
"class_indicator[22,3]","class_indicator",TRUE,0,0,0,0,0,NA,NA,NA,NA,0,0,0,0,0,0.05,TRUE,FALSE,FALSE,"inconclusive",NA,NA
"class_indicator[23,3]","class_indicator",TRUE,0,0,0,0,0,NA,NA,NA,NA,0,0,0,0,0,0.05,TRUE,FALSE,FALSE,"inconclusive",NA,NA
"class_indicator[24,3]","class_indicator",TRUE,0,0,0,0,0,NA,NA,NA,NA,0,0,0,0,0,0.05,TRUE,FALSE,FALSE,"inconclusive",NA,NA
"class_indicator[25,3]","class_indicator",TRUE,0,0,0,0,0,NA,NA,NA,NA,0,0,0,0,0,0.05,TRUE,FALSE,FALSE,"inconclusive",NA,NA
"class_indicator[26,3]","class_indicator",TRUE,0,0,0,0,0,NA,NA,NA,NA,0,0,0,0,0,0.05,TRUE,FALSE,FALSE,"inconclusive",NA,NA
"class_indicator[27,3]","class_indicator",TRUE,0,0,0,0,0,NA,NA,NA,NA,0,0,0,0,0,0.05,TRUE,FALSE,FALSE,"inconclusive",NA,NA
"class_indicator[28,3]","class_indicator",TRUE,0,0,0,0,0,NA,NA,NA,NA,0,0,0,0,0,0.05,TRUE,FALSE,FALSE,"inconclusive",NA,NA
"class_indicator[29,3]","class_indicator",TRUE,0,0,0,0,0,NA,NA,NA,NA,0,0,0,0,0,0.05,TRUE,FALSE,FALSE,"inconclusive",NA,NA
"class_indicator[30,3]","class_indicator",TRUE,0,0,0,0,0,NA,NA,NA,NA,0,0,0,0,0,0.05,TRUE,FALSE,FALSE,"inconclusive",NA,NA
"class_indicator[31,3]","class_indicator",TRUE,0,0,0,0,0,NA,NA,NA,NA,0,0,0,0,0,0.05,TRUE,FALSE,FALSE,"inconclusive",NA,NA
"class_indicator[32,3]","class_indicator",TRUE,0,0,0,0,0,NA,NA,NA,NA,0,0,0,0,0,0.05,TRUE,FALSE,FALSE,"inconclusive",NA,NA
"class_indicator[33,3]","class_indicator",TRUE,0,0,0,0,0,NA,NA,NA,NA,0,0,0,0,0,0.05,TRUE,FALSE,FALSE,"inconclusive",NA,NA
"class_indicator[34,3]","class_indicator",TRUE,0,0,0,0,0,NA,NA,NA,NA,0,0,0,0,0,0.05,TRUE,FALSE,FALSE,"inconclusive",NA,NA
"class_indicator[35,3]","class_indicator",TRUE,0,0,0,0,0,NA,NA,NA,NA,0,0,0,0,0,0.05,TRUE,FALSE,FALSE,"inconclusive",NA,NA
"class_indicator[36,3]","class_indicator",TRUE,0,0,0,0,0,NA,NA,NA,NA,0,0,0,0,0,0.05,TRUE,FALSE,FALSE,"inconclusive",NA,NA
"class_indicator[37,3]","class_indicator",TRUE,0,0,0,0,0,NA,NA,NA,NA,0,0,0,0,0,0.05,TRUE,FALSE,FALSE,"inconclusive",NA,NA
"class_indicator[38,3]","class_indicator",TRUE,0,0,0,0,0,NA,NA,NA,NA,0,0,0,0,0,0.05,TRUE,FALSE,FALSE,"inconclusive",NA,NA
"class_indicator[39,3]","class_indicator",TRUE,0,0,0,0,0,NA,NA,NA,NA,0,0,0,0,0,0.05,TRUE,FALSE,FALSE,"inconclusive",NA,NA
"class_indicator[40,3]","class_indicator",TRUE,0,0,0,0,0,NA,NA,NA,NA,0,0,0,0,0,0.05,TRUE,FALSE,FALSE,"inconclusive",NA,NA
"class_indicator[41,3]","class_indicator",TRUE,0,0,0,0,0,NA,NA,NA,NA,0,0,0,0,0,0.05,TRUE,FALSE,FALSE,"inconclusive",NA,NA
"class_indicator[42,3]","class_indicator",TRUE,0,0,0,0,0,NA,NA,NA,NA,0,0,0,0,0,0.05,TRUE,FALSE,FALSE,"inconclusive",NA,NA
"class_indicator[43,3]","class_indicator",TRUE,0,0,0,0,0,NA,NA,NA,NA,0,0,0,0,0,0.05,TRUE,FALSE,FALSE,"inconclusive",NA,NA
"class_indicator[44,3]","class_indicator",TRUE,0,0,0,0,0,NA,NA,NA,NA,0,0,0,0,0,0.05,TRUE,FALSE,FALSE,"inconclusive",NA,NA
"class_indicator[45,3]","class_indicator",TRUE,0,0,0,0,0,NA,NA,NA,NA,0,0,0,0,0,0.05,TRUE,FALSE,FALSE,"inconclusive",NA,NA
"class_indicator[46,3]","class_indicator",TRUE,0,0,0,0,0,NA,NA,NA,NA,0,0,0,0,0,0.05,TRUE,FALSE,FALSE,"inconclusive",NA,NA
"class_indicator[47,3]","class_indicator",TRUE,0,0,0,0,0,NA,NA,NA,NA,0,0,0,0,0,0.05,TRUE,FALSE,FALSE,"inconclusive",NA,NA
"class_indicator[48,3]","class_indicator",TRUE,0,0,0,0,0,NA,NA,NA,NA,0,0,0,0,0,0.05,TRUE,FALSE,FALSE,"inconclusive",NA,NA
"class_indicator[49,3]","class_indicator",TRUE,0,0,0,0,0,NA,NA,NA,NA,0,0,0,0,0,0.05,TRUE,FALSE,FALSE,"inconclusive",NA,NA
"class_indicator[50,3]","class_indicator",TRUE,0,0,0,0,0,NA,NA,NA,NA,0,0,0,0,0,0.05,TRUE,FALSE,FALSE,"inconclusive",NA,NA
"class_indicator[51,3]","class_indicator",TRUE,0,0,0,0,0,NA,NA,NA,NA,0,0,0,0,0,0.05,TRUE,FALSE,FALSE,"inconclusive",NA,NA
"class_indicator[52,3]","class_indicator",TRUE,0,0,0,0,0,NA,NA,NA,NA,0,0,0,0,0,0.05,TRUE,FALSE,FALSE,"inconclusive",NA,NA
"class_indicator[53,3]","class_indicator",TRUE,0,0,0,0,0,NA,NA,NA,NA,0,0,0,0,0,0.05,TRUE,FALSE,FALSE,"inconclusive",NA,NA
"class_indicator[54,3]","class_indicator",TRUE,0,0,0,0,0,NA,NA,NA,NA,0,0,0,0,0,0.05,TRUE,FALSE,FALSE,"inconclusive",NA,NA
"class_indicator[55,3]","class_indicator",TRUE,0,0,0,0,0,NA,NA,NA,NA,0,0,0,0,0,0.05,TRUE,FALSE,FALSE,"inconclusive",NA,NA
"class_indicator[56,3]","class_indicator",TRUE,0,0,0,0,0,NA,NA,NA,NA,0,0,0,0,0,0.05,TRUE,FALSE,FALSE,"inconclusive",NA,NA
"class_indicator[57,3]","class_indicator",TRUE,0,0,0,0,0,NA,NA,NA,NA,0,0,0,0,0,0.05,TRUE,FALSE,FALSE,"inconclusive",NA,NA
"class_indicator[58,3]","class_indicator",TRUE,0,0,0,0,0,NA,NA,NA,NA,0,0,0,0,0,0.05,TRUE,FALSE,FALSE,"inconclusive",NA,NA
"class_indicator[59,3]","class_indicator",TRUE,0,0,0,0,0,NA,NA,NA,NA,0,0,0,0,0,0.05,TRUE,FALSE,FALSE,"inconclusive",NA,NA
"class_indicator[60,3]","class_indicator",TRUE,0,0,0,0,0,NA,NA,NA,NA,0,0,0,0,0,0.05,TRUE,FALSE,FALSE,"inconclusive",NA,NA
"class_indicator[61,3]","class_indicator",TRUE,0,0,0,0,0,NA,NA,NA,NA,0,0,0,0,0,0.05,TRUE,FALSE,FALSE,"inconclusive",NA,NA
"class_indicator[62,3]","class_indicator",TRUE,0,0,0,0,0,NA,NA,NA,NA,0,0,0,0,0,0.05,TRUE,FALSE,FALSE,"inconclusive",NA,NA
"class_indicator[63,3]","class_indicator",TRUE,0,0,0,0,0,NA,NA,NA,NA,0,0,0,0,0,0.05,TRUE,FALSE,FALSE,"inconclusive",NA,NA
"class_indicator[64,3]","class_indicator",TRUE,0,0,0,0,0,NA,NA,NA,NA,0,0,0,0,0,0.05,TRUE,FALSE,FALSE,"inconclusive",NA,NA
"class_indicator[65,3]","class_indicator",TRUE,0,0,0,0,0,NA,NA,NA,NA,0,0,0,0,0,0.05,TRUE,FALSE,FALSE,"inconclusive",NA,NA
"class_indicator[66,3]","class_indicator",TRUE,0,0,0,0,0,NA,NA,NA,NA,0,0,0,0,0,0.05,TRUE,FALSE,FALSE,"inconclusive",NA,NA
"class_indicator[67,3]","class_indicator",TRUE,0,0,0,0,0,NA,NA,NA,NA,0,0,0,0,0,0.05,TRUE,FALSE,FALSE,"inconclusive",NA,NA
"class_indicator[68,3]","class_indicator",TRUE,0,0,0,0,0,NA,NA,NA,NA,0,0,0,0,0,0.05,TRUE,FALSE,FALSE,"inconclusive",NA,NA
"class_indicator[69,3]","class_indicator",TRUE,0,0,0,0,0,NA,NA,NA,NA,0,0,0,0,0,0.05,TRUE,FALSE,FALSE,"inconclusive",NA,NA
"class_indicator[70,3]","class_indicator",TRUE,0,0,0,0,0,NA,NA,NA,NA,0,0,0,0,0,0.05,TRUE,FALSE,FALSE,"inconclusive",NA,NA
"class_indicator[71,3]","class_indicator",TRUE,0,0,0,0,0,NA,NA,NA,NA,0,0,0,0,0,0.05,TRUE,FALSE,FALSE,"inconclusive",NA,NA
"class_indicator[72,3]","class_indicator",TRUE,0,0,0,0,0,NA,NA,NA,NA,0,0,0,0,0,0.05,TRUE,FALSE,FALSE,"inconclusive",NA,NA
"class_indicator[73,3]","class_indicator",TRUE,0,0,0,0,0,NA,NA,NA,NA,0,0,0,0,0,0.05,TRUE,FALSE,FALSE,"inconclusive",NA,NA
"class_indicator[74,3]","class_indicator",TRUE,0,0,0,0,0,NA,NA,NA,NA,0,0,0,0,0,0.05,TRUE,FALSE,FALSE,"inconclusive",NA,NA
"class_indicator[75,3]","class_indicator",TRUE,0,0,0,0,0,NA,NA,NA,NA,0,0,0,0,0,0.05,TRUE,FALSE,FALSE,"inconclusive",NA,NA
"class_indicator[76,3]","class_indicator",TRUE,0,0,0,0,0,NA,NA,NA,NA,0,0,0,0,0,0.05,TRUE,FALSE,FALSE,"inconclusive",NA,NA
"class_indicator[77,3]","class_indicator",TRUE,0,0,0,0,0,NA,NA,NA,NA,0,0,0,0,0,0.05,TRUE,FALSE,FALSE,"inconclusive",NA,NA
"class_indicator[78,3]","class_indicator",TRUE,0,0,0,0,0,NA,NA,NA,NA,0,0,0,0,0,0.05,TRUE,FALSE,FALSE,"inconclusive",NA,NA
"class_indicator[79,3]","class_indicator",TRUE,0,0,0,0,0,NA,NA,NA,NA,0,0,0,0,0,0.05,TRUE,FALSE,FALSE,"inconclusive",NA,NA
"class_indicator[80,3]","class_indicator",TRUE,0,0,0,0,0,NA,NA,NA,NA,0,0,0,0,0,0.05,TRUE,FALSE,FALSE,"inconclusive",NA,NA
"class_indicator[81,3]","class_indicator",TRUE,0,0,0,0,0,NA,NA,NA,NA,0,0,0,0,0,0.05,TRUE,FALSE,FALSE,"inconclusive",NA,NA
"class_indicator[82,3]","class_indicator",TRUE,0,0,0,0,0,NA,NA,NA,NA,0,0,0,0,0,0.05,TRUE,FALSE,FALSE,"inconclusive",NA,NA
"class_indicator[83,3]","class_indicator",TRUE,0,0,0,0,0,NA,NA,NA,NA,0,0,0,0,0,0.05,TRUE,FALSE,FALSE,"inconclusive",NA,NA
"class_indicator[84,3]","class_indicator",TRUE,0,0,0,0,0,NA,NA,NA,NA,0,0,0,0,0,0.05,TRUE,FALSE,FALSE,"inconclusive",NA,NA
"class_indicator[85,3]","class_indicator",TRUE,0,0,0,0,0,NA,NA,NA,NA,0,0,0,0,0,0.05,TRUE,FALSE,FALSE,"inconclusive",NA,NA
"class_indicator[86,3]","class_indicator",TRUE,0,0,0,0,0,NA,NA,NA,NA,0,0,0,0,0,0.05,TRUE,FALSE,FALSE,"inconclusive",NA,NA
"class_indicator[87,3]","class_indicator",TRUE,0,0,0,0,0,NA,NA,NA,NA,0,0,0,0,0,0.05,TRUE,FALSE,FALSE,"inconclusive",NA,NA
"class_indicator[88,3]","class_indicator",TRUE,0,0,0,0,0,NA,NA,NA,NA,0,0,0,0,0,0.05,TRUE,FALSE,FALSE,"inconclusive",NA,NA
"class_indicator[89,3]","class_indicator",TRUE,0,0,0,0,0,NA,NA,NA,NA,0,0,0,0,0,0.05,TRUE,FALSE,FALSE,"inconclusive",NA,NA
"class_indicator[90,3]","class_indicator",TRUE,0,0,0,0,0,NA,NA,NA,NA,0,0,0,0,0,0.05,TRUE,FALSE,FALSE,"inconclusive",NA,NA
"class_indicator[91,3]","class_indicator",TRUE,0,0,0,0,0,NA,NA,NA,NA,0,0,0,0,0,0.05,TRUE,FALSE,FALSE,"inconclusive",NA,NA
"class_indicator[92,3]","class_indicator",TRUE,0,0,0,0,0,NA,NA,NA,NA,0,0,0,0,0,0.05,TRUE,FALSE,FALSE,"inconclusive",NA,NA
"class_indicator[93,3]","class_indicator",TRUE,0,0,0,0,0,NA,NA,NA,NA,0,0,0,0,0,0.05,TRUE,FALSE,FALSE,"inconclusive",NA,NA
"class_indicator[94,3]","class_indicator",TRUE,0,0,0,0,0,NA,NA,NA,NA,0,0,0,0,0,0.05,TRUE,FALSE,FALSE,"inconclusive",NA,NA
"class_indicator[95,3]","class_indicator",TRUE,0,0,0,0,0,NA,NA,NA,NA,0,0,0,0,0,0.05,TRUE,FALSE,FALSE,"inconclusive",NA,NA
"class_indicator[96,3]","class_indicator",TRUE,0,0,0,0,0,NA,NA,NA,NA,0,0,0,0,0,0.05,TRUE,FALSE,FALSE,"inconclusive",NA,NA
"class_indicator[97,3]","class_indicator",TRUE,0,0,0,0,0,NA,NA,NA,NA,0,0,0,0,0,0.05,TRUE,FALSE,FALSE,"inconclusive",NA,NA
"class_indicator[98,3]","class_indicator",TRUE,0,0,0,0,0,NA,NA,NA,NA,0,0,0,0,0,0.05,TRUE,FALSE,FALSE,"inconclusive",NA,NA
"class_indicator[99,3]","class_indicator",TRUE,0,0,0,0,0,NA,NA,NA,NA,0,0,0,0,0,0.05,TRUE,FALSE,FALSE,"inconclusive",NA,NA
"class_indicator[100,3]","class_indicator",TRUE,0,0,0,0,0,NA,NA,NA,NA,0,0,0,0,0,0.05,TRUE,FALSE,FALSE,"inconclusive",NA,NA
"class_indicator[101,3]","class_indicator",TRUE,0,0,0,0,0,NA,NA,NA,NA,0,0,0,0,0,0.05,TRUE,FALSE,FALSE,"inconclusive",NA,NA
"class_indicator[102,3]","class_indicator",TRUE,0,0,0,0,0,NA,NA,NA,NA,0,0,0,0,0,0.05,TRUE,FALSE,FALSE,"inconclusive",NA,NA
"class_indicator[103,3]","class_indicator",TRUE,0,0,0,0,0,NA,NA,NA,NA,0,0,0,0,0,0.05,TRUE,FALSE,FALSE,"inconclusive",NA,NA
"class_indicator[104,3]","class_indicator",TRUE,0,0,0,0,0,NA,NA,NA,NA,0,0,0,0,0,0.05,TRUE,FALSE,FALSE,"inconclusive",NA,NA
"class_indicator[105,3]","class_indicator",TRUE,0,0,0,0,0,NA,NA,NA,NA,0,0,0,0,0,0.05,TRUE,FALSE,FALSE,"inconclusive",NA,NA
"class_indicator[106,3]","class_indicator",TRUE,0,0,0,0,0,NA,NA,NA,NA,0,0,0,0,0,0.05,TRUE,FALSE,FALSE,"inconclusive",NA,NA
"class_indicator[107,3]","class_indicator",TRUE,0,0,0,0,0,NA,NA,NA,NA,0,0,0,0,0,0.05,TRUE,FALSE,FALSE,"inconclusive",NA,NA
"class_indicator[108,3]","class_indicator",TRUE,0,0,0,0,0,NA,NA,NA,NA,0,0,0,0,0,0.05,TRUE,FALSE,FALSE,"inconclusive",NA,NA
"class_indicator[109,3]","class_indicator",TRUE,0,0,0,0,0,NA,NA,NA,NA,0,0,0,0,0,0.05,TRUE,FALSE,FALSE,"inconclusive",NA,NA
"class_indicator[110,3]","class_indicator",TRUE,0,0,0,0,0,NA,NA,NA,NA,0,0,0,0,0,0.05,TRUE,FALSE,FALSE,"inconclusive",NA,NA
"class_indicator[111,3]","class_indicator",TRUE,0,0,0,0,0,NA,NA,NA,NA,0,0,0,0,0,0.05,TRUE,FALSE,FALSE,"inconclusive",NA,NA
"class_indicator[112,3]","class_indicator",TRUE,0,0,0,0,0,NA,NA,NA,NA,0,0,0,0,0,0.05,TRUE,FALSE,FALSE,"inconclusive",NA,NA
"class_indicator[113,3]","class_indicator",TRUE,0,0,0,0,0,NA,NA,NA,NA,0,0,0,0,0,0.05,TRUE,FALSE,FALSE,"inconclusive",NA,NA
"class_indicator[114,3]","class_indicator",TRUE,0,0,0,0,0,NA,NA,NA,NA,0,0,0,0,0,0.05,TRUE,FALSE,FALSE,"inconclusive",NA,NA
"class_indicator[115,3]","class_indicator",TRUE,0,0,0,0,0,NA,NA,NA,NA,0,0,0,0,0,0.05,TRUE,FALSE,FALSE,"inconclusive",NA,NA
"class_indicator[116,3]","class_indicator",TRUE,0,0,0,0,0,NA,NA,NA,NA,0,0,0,0,0,0.05,TRUE,FALSE,FALSE,"inconclusive",NA,NA
"class_indicator[117,3]","class_indicator",TRUE,0,0,0,0,0,NA,NA,NA,NA,0,0,0,0,0,0.05,TRUE,FALSE,FALSE,"inconclusive",NA,NA
"class_indicator[118,3]","class_indicator",TRUE,0,0,0,0,0,NA,NA,NA,NA,0,0,0,0,0,0.05,TRUE,FALSE,FALSE,"inconclusive",NA,NA
"class_indicator[119,3]","class_indicator",TRUE,0,0,0,0,0,NA,NA,NA,NA,0,0,0,0,0,0.05,TRUE,FALSE,FALSE,"inconclusive",NA,NA
"class_indicator[120,3]","class_indicator",TRUE,0,0,0,0,0,NA,NA,NA,NA,0,0,0,0,0,0.05,TRUE,FALSE,FALSE,"inconclusive",NA,NA
"class_indicator[121,3]","class_indicator",TRUE,0,0,0,0,0,NA,NA,NA,NA,0,0,0,0,0,0.05,TRUE,FALSE,FALSE,"inconclusive",NA,NA
"class_indicator[122,3]","class_indicator",TRUE,0,0,0,0,0,NA,NA,NA,NA,0,0,0,0,0,0.05,TRUE,FALSE,FALSE,"inconclusive",NA,NA
"class_indicator[123,3]","class_indicator",TRUE,0,0,0,0,0,NA,NA,NA,NA,0,0,0,0,0,0.05,TRUE,FALSE,FALSE,"inconclusive",NA,NA
"class_indicator[124,3]","class_indicator",TRUE,0,0,0,0,0,NA,NA,NA,NA,0,0,0,0,0,0.05,TRUE,FALSE,FALSE,"inconclusive",NA,NA
"class_indicator[125,3]","class_indicator",TRUE,0,0,0,0,0,NA,NA,NA,NA,0,0,0,0,0,0.05,TRUE,FALSE,FALSE,"inconclusive",NA,NA
"class_indicator[126,3]","class_indicator",TRUE,0,0,0,0,0,NA,NA,NA,NA,0,0,0,0,0,0.05,TRUE,FALSE,FALSE,"inconclusive",NA,NA
"class_indicator[127,3]","class_indicator",TRUE,0,0,0,0,0,NA,NA,NA,NA,0,0,0,0,0,0.05,TRUE,FALSE,FALSE,"inconclusive",NA,NA
"class_indicator[128,3]","class_indicator",TRUE,0,0,0,0,0,NA,NA,NA,NA,0,0,0,0,0,0.05,TRUE,FALSE,FALSE,"inconclusive",NA,NA
"class_indicator[129,3]","class_indicator",TRUE,0,0,0,0,0,NA,NA,NA,NA,0,0,0,0,0,0.05,TRUE,FALSE,FALSE,"inconclusive",NA,NA
"class_indicator[130,3]","class_indicator",TRUE,0,0,0,0,0,NA,NA,NA,NA,0,0,0,0,0,0.05,TRUE,FALSE,FALSE,"inconclusive",NA,NA
"class_indicator[131,3]","class_indicator",TRUE,0,0,0,0,0,NA,NA,NA,NA,0,0,0,0,0,0.05,TRUE,FALSE,FALSE,"inconclusive",NA,NA
"class_indicator[132,3]","class_indicator",TRUE,0,0,0,0,0,NA,NA,NA,NA,0,0,0,0,0,0.05,TRUE,FALSE,FALSE,"inconclusive",NA,NA
"class_indicator[133,3]","class_indicator",TRUE,0,0,0,0,0,NA,NA,NA,NA,0,0,0,0,0,0.05,TRUE,FALSE,FALSE,"inconclusive",NA,NA
"class_indicator[134,3]","class_indicator",TRUE,0,0,0,0,0,NA,NA,NA,NA,0,0,0,0,0,0.05,TRUE,FALSE,FALSE,"inconclusive",NA,NA
"class_indicator[135,3]","class_indicator",TRUE,0,0,0,0,0,NA,NA,NA,NA,0,0,0,0,0,0.05,TRUE,FALSE,FALSE,"inconclusive",NA,NA
"class_indicator[136,3]","class_indicator",TRUE,0,0,0,0,0,NA,NA,NA,NA,0,0,0,0,0,0.05,TRUE,FALSE,FALSE,"inconclusive",NA,NA
"class_indicator[137,3]","class_indicator",TRUE,0,0,0,0,0,NA,NA,NA,NA,0,0,0,0,0,0.05,TRUE,FALSE,FALSE,"inconclusive",NA,NA
"class_indicator[138,3]","class_indicator",TRUE,0,0,0,0,0,NA,NA,NA,NA,0,0,0,0,0,0.05,TRUE,FALSE,FALSE,"inconclusive",NA,NA
"class_indicator[139,3]","class_indicator",TRUE,0,0,0,0,0,NA,NA,NA,NA,0,0,0,0,0,0.05,TRUE,FALSE,FALSE,"inconclusive",NA,NA
"class_indicator[140,3]","class_indicator",TRUE,0,0,0,0,0,NA,NA,NA,NA,0,0,0,0,0,0.05,TRUE,FALSE,FALSE,"inconclusive",NA,NA
"class_indicator[141,3]","class_indicator",TRUE,0,0,0,0,0,NA,NA,NA,NA,0,0,0,0,0,0.05,TRUE,FALSE,FALSE,"inconclusive",NA,NA
"class_indicator[142,3]","class_indicator",TRUE,0,0,0,0,0,NA,NA,NA,NA,0,0,0,0,0,0.05,TRUE,FALSE,FALSE,"inconclusive",NA,NA
"class_indicator[143,3]","class_indicator",TRUE,0,0,0,0,0,NA,NA,NA,NA,0,0,0,0,0,0.05,TRUE,FALSE,FALSE,"inconclusive",NA,NA
"M_count_total","D_secondary",FALSE,382.166200000046,449.17589997141,0,190,1412,1.51702811754679,7.36390659712726,11.1846436147469,171.715569667636,247.5459,779.93505,36.55295,464.6309,743.3821,NA,FALSE,FALSE,FALSE,"inconclusive",0.0285525658362404,0.0433669641178676
"S_count_total","D_secondary",FALSE,106.362950000014,151.421836765554,0,29,528,1.4190909386969,8.55618252363739,11.1908863943951,51.09198205207,54.38095,199.25265,5.00605,166.81215,194.2466,NA,FALSE,FALSE,FALSE,"inconclusive",0.0331754567485078,0.0433911696634643
