turno,candidato,n,fraud_pct
1,13,471010,0.0226706439353729
1,22,471010,0.22211226937857
2,13,471010,0.0495189061803359
2,22,471010,0.0462540073459162
