"iteration","chain","M","S","M_fraction_N","S_fraction_N"
1,1,93128.4043389715,19873.1411492711,0.205585097173839,0.0438708435232215
2,1,94094.9023186232,19842.811608396,0.20771868447704,0.0438038897119508
3,1,88863.0527599743,18814.5611012179,0.196169143737581,0.0415339809559945
4,1,93197.8950971097,19769.2749606714,0.205738501115052,0.0436415542894165
5,1,94268.2537760853,19881.0826805354,0.208101365534237,0.0438883748069179
6,1,88636.8930670002,19086.1720720772,0.195669886150308,0.0421335742619675
7,1,218657.043657517,35618.4585598636,0.482695155008293,0.0786293324382408
8,1,94326.4776954546,19963.9325746273,0.208229897427448,0.0440712696352855
9,1,88831.8692261919,18999.5286725151,0.196100304698961,0.0419423051014479
10,1,93148.9140134137,20105.9022196487,0.205630373192934,0.0443846739449013
11,1,94084.2971213382,20279.390701049,0.207695273032058,0.0447676574885406
12,1,88830.041169557,19015.1870690409,0.196096269182584,0.0419768717086414
13,1,93183.4948426015,20046.2505747297,0.205706711912355,0.044252990284
14,1,212830.274075057,35109.0228202093,0.469832301839894,0.0775047303709764
15,1,88645.6676496588,19263.3303057707,0.195689256432031,0.0425246589471132
16,1,93060.746759598,19865.4318508928,0.205435740056332,0.0438538249039558
17,1,94292.5380253161,19832.2762216,0.208154974095163,0.0437806323767306
18,1,88857.6193372972,18860.4666439004,0.196157149215212,0.041635319484451
19,1,93169.0000640265,19757.2218831232,0.205674714043574,0.0436149465843177
20,1,94080.8958745279,19888.7888796098,0.207687764628355,0.0439053865843322
21,1,211137.62655565,34447.7129964106,0.466095707111052,0.0760448595039441
22,1,93159.6368808382,19918.3162634272,0.205654044399985,0.0439705695981987
23,1,94334.4664469074,20035.9414287186,0.208247532951812,0.0442302323853812
24,1,88667.0608348793,19361.1804097467,0.19573648284049,0.0427406674063708
25,1,93060.1316179163,20104.0503408807,0.205434382103693,0.0443805858401048
26,1,94256.3954146758,20078.4665965214,0.20807518767368,0.0443241085858501
27,1,88875.8893420168,19019.9196741235,0.19619748106372,0.0419873191449816
28,1,218381.618004589,35981.5792064733,0.482087140621886,0.0794309374259883
29,1,94099.7663139565,20167.8989644643,0.207729421963206,0.0445215345181909
30,1,88744.9392527333,18925.6323838958,0.195908402913812,0.0417791757556332
31,1,93136.5526585148,19838.7885841571,0.205603084951864,0.0437950087069023
32,1,94355.8737955682,19914.8443859217,0.208294790626696,0.0439629052740925
33,1,88684.9573620548,18985.1072760038,0.195775990220699,0.041910469226838
34,1,93069.8559431467,19762.3300529954,0.205455848984412,0.0436262230966449
35,1,213426.806350329,34595.0901099545,0.471149173385686,0.0763702010409776
36,1,88894.1660804467,18803.3180929982,0.196237827777194,0.0415091615149897
37,1,93203.5503183482,19892.9389100934,0.205750985267617,0.0439145479613181
38,1,94122.7704442429,20149.0037233494,0.207780204604591,0.0444798224325139
39,1,88706.6067415519,19342.323916808,0.195823782189425,0.0426990408590174
40,1,93114.9177378993,20112.595719639,0.205555324901763,0.044399450144018
41,1,94373.1667213753,20146.6627795709,0.208332965530021,0.0444746546949413
42,1,210631.798315074,34957.2137325791,0.464979068758552,0.0771696050539061
43,1,93080.0477655544,20074.512950711,0.205478347885955,0.0443153807367702
44,1,94175.5517259531,19979.3749432155,0.20789672163295,0.0441053593511928
45,1,88899.3302643685,18882.6653385695,0.196249227943029,0.0416843240908658
46,1,93214.1539678489,19871.8036961894,0.205774393295795,0.0438678910360213
47,1,94159.3560253663,19934.6598823488,0.207860968903129,0.0440066488643261
48,1,88672.9356549174,18898.1275259395,0.195749451767178,0.0417184575576158
49,1,218594.393554879,35468.7711807102,0.482556852118535,0.0782988908870581
50,1,94370.4007905238,19830.7923174692,0.208326859614571,0.0437773565923221
51,1,88754.8177255913,18934.260990091,0.195930210082278,0.0417982237878174
52,1,93097.2058939419,19919.4076099584,0.205516225217977,0.0439729787942357
53,1,94136.7360371261,20098.3596893712,0.207811034272407,0.0443680234736402
54,1,88892.5314735361,18922.1835819853,0.196234219309692,0.0417715623719299
55,1,93213.3982333155,20075.6705453701,0.205772724978179,0.0443179361784979
56,1,212911.999505496,35254.0769945495,0.470012714364703,0.0778249439163374
57,1,88645.4116274987,19436.9945069957,0.195688691251719,0.0429080304000859
58,1,93077.5461286776,20073.6585996401,0.205472825411216,0.044313494718759
59,1,94364.0439358033,20024.2742895784,0.20831282657487,0.0442044766564938
60,1,88782.7715218379,19161.8155364779,0.195991919331551,0.0423005605760763
61,1,93112.2412181057,19856.879325432,0.205549416365202,0.0438349448233788
62,1,94112.5147961874,19828.0095549002,0.20775756480509,0.0437712135201067
63,1,211386.4669361,34225.4913387958,0.466645033325312,0.0755542953049851
64,1,93204.2295054443,19774.8782621702,0.205752484603358,0.0436539238268451
65,1,94241.007542011,19891.1206124756,0.208041218259949,0.0439105339884051
66,1,88641.1301132981,19113.3592754015,0.195679239618576,0.0421935912232478
67,1,93068.8710774255,19912.8326149089,0.205453674849502,0.0439584642000496
68,1,94344.3627903145,19969.0078470294,0.208269379570311,0.0440824735249836
69,1,88811.6053748525,19050.3286481688,0.196055571345305,0.0420544483085105
70,1,218474.304280756,36006.8676161835,0.482291749701443,0.0794867627158614
71,1,94088.9581314906,20254.2355650688,0.207705562419404,0.0447121264063577
72,1,88849.3221578428,18967.9217858098,0.196138832822308,0.04187253149241
73,1,93190.8505563075,20035.5207301535,0.20572294997772,0.044229303674576
74,1,94279.4150674971,20178.2505079319,0.208126004581752,0.0445443860110816
75,1,88635.2451759617,19223.7185749887,0.195666248357502,0.0424372142885277
76,1,93059.9532403108,19855.3884773581,0.205433988327191,0.0438316537099068
77,1,213272.408906097,34694.6751948273,0.470808334156226,0.0765900395477785
78,1,88841.7757518158,18867.7415457692,0.196122173795157,0.0416513791540893
79,1,93155.2058832274,19755.7005334519,0.205644262775562,0.0436115881372119
80,1,94083.395115188,19897.7312808635,0.207693281813339,0.0439251273330732
81,1,88814.5386765008,19005.1672444923,0.196062046739238,0.0419547525000272
82,1,93170.489546943,19930.2312427342,0.2056780021434,0.0439968724452843
83,1,94312.550839413,20063.1301258771,0.208199153272934,0.0442902526443669
84,1,210489.489712488,34912.810317203,0.464664916185027,0.0770715825383296
85,1,93059.0452037254,20107.5005259928,0.205431983796017,0.0443882022772869
86,1,94283.210156326,20069.1411044259,0.208134382409239,0.0443035221470267
87,1,88864.8287577184,19061.705408797,0.19617306433164,0.0420795630139098
88,1,93176.3132051307,20081.5188694639,0.205690858128026,0.0443308466142093
89,1,94085.4630806415,20132.2000239145,0.20769784693911,0.0444427275181779
90,1,88769.9483318456,18882.8912347523,0.195963611568959,0.0416848227667426
91,1,218484.755038328,35649.4337591814,0.482314820213884,0.0786977115692582
92,1,94340.1633614719,19915.9154538384,0.208260109144249,0.0439652697041855
93,1,88671.9182685477,18979.3589951837,0.195747205841489,0.0418977796411056
94,1,93063.6845954378,19765.2246331782,0.205442225459694,0.0436326130112191
95,1,94240.189775523,19857.7885169335,0.208039413004033,0.043836951904081
96,1,88881.7034802607,18802.0861467001,0.196210316032647,0.04150644193871
97,1,93194.1186331712,19902.8197923825,0.20573016440284,0.043936360448711
98,1,213117.273656582,35025.5028260382,0.470465866188767,0.0773203562668618
99,1,88733.9477813675,19301.1459144561,0.195884138751606,0.0426081385862358
100,1,93128.1365623967,20115.5975321746,0.205584506045133,0.0444060767787833
101,1,94361.1554344257,20170.7714345932,0.208306450079528,0.044527875623837
102,1,88697.7172621318,19449.7226280762,0.195804158267987,0.0429361282938246
103,1,93073.0097612486,20062.3723343471,0.20546281117823,0.0442885797858398
104,1,94201.7018077965,19959.7082994318,0.207954449102405,0.044061944359794
105,1,211402.154958909,34371.7771685882,0.466679665333844,0.0758772277845705
106,1,93208.9758687717,19866.6505905709,0.205762962411636,0.0438565153260342
107,1,94135.5847592642,19914.9237859157,0.20780849277529,0.0439630805531128
108,1,88693.6326233717,18886.7649786119,0.195795141246141,0.0416933742287101
109,1,93106.0031524306,19751.5403402839,0.205535645557605,0.0436024043256479
110,1,94371.0333240757,19839.6666188031,0.208328255960537,0.0437969470074595
111,1,88726.4571656007,18969.0970397429,0.195867602883938,0.041875125917771
112,1,218585.418064402,35730.8816559408,0.482537038323861,0.0788775114261197
113,1,94158.1567707196,20088.2231345394,0.207858321495125,0.0443456465777307
114,1,88896.2680726527,18906.3097859922,0.196242468018536,0.0417365202608263
115,1,93217.3889346199,20079.8706538869,0.205781534628911,0.0443272081049706
116,1,94170.301287572,20326.0230442702,0.207885131056557,0.0448706004615317
117,1,88662.1766769071,19378.9201397546,0.195725700844402,0.0427798286498538
118,1,93084.2537372454,20062.9543517712,0.205487632755645,0.0442898646152057
119,1,213045.235296785,35055.1262607034,0.470306838303514,0.0773857513172493
120,1,88765.0907999502,19177.0428325421,0.195952888351119,0.0423341755098151
121,1,93099.4435814545,19843.0508453427,0.205521165012747,0.0438044178381577
122,1,94124.3285423534,19817.5869889433,0.207783644175512,0.0437482052419099
123,1,88889.2831670616,18813.0519306805,0.196227048528587,0.041530649394869
124,1,93213.1573286322,19779.6201187617,0.20577219317037,0.0436643916863029
125,1,94210.9143078304,19900.4038138407,0.207974786106224,0.0439310270685591
126,1,210602.636848033,34547.0849141285,0.464914693522255,0.0762642274347638
127,1,93075.6718543341,19925.6780471275,0.20546868786719,0.0439868210633465
128,1,94358.6864251123,19979.063252859,0.208300999631588,0.0441046712808592
129,1,88791.9712898572,19104.5885421835,0.196012228228881,0.0421742294393355
130,1,93120.3609647818,20125.7312315504,0.205567341067352,0.0444284473711465
131,1,94099.8987838828,20225.4753965758,0.207729714396464,0.044648637054464
132,1,88867.9689984477,18935.2233873227,0.196179996552804,0.0418003483225371
133,1,218387.851214966,35977.2889597592,0.482100900711195,0.0794214665154334
134,1,94249.6268438885,20176.6464499711,0.208060245752438,0.0445408449817461
135,1,88634.5507076621,19176.2353414916,0.195664715287824,0.0423323929373843
136,1,93061.230486314,19843.8471531338,0.205436807904586,0.0438061757230455
137,1,94333.7366075122,19834.8141395847,0.208245921798867,0.0437862349436298
138,1,88827.4891676924,18876.099206853,0.196090635524893,0.041669829062882
139,1,93140.2414588595,19755.5743215624,0.205611228142792,0.0436113095188489
140,1,213334.278068011,34677.3594532499,0.470944913084581,0.0765518142776251
141,1,88839.934880086,18980.8005169197,0.196118109988887,0.0419009618644915
142,1,93185.7720339369,19940.0505113372,0.205711738913572,0.0440185489177231
143,1,94295.1829740484,20091.6183716203,0.208160812937201,0.0443531417146888
144,1,88640.9174421323,19442.9059715751,0.195678770137513,0.0429210802212294
145,1,93060.6092425097,20111.7038267545,0.20543543648124,0.0443974812507826
146,1,94301.1669529844,20065.4748149211,0.208174022837014,0.0442954286497798
147,1,211176.144927766,34637.4204318118,0.466180738131723,0.0764636471103502
148,1,93166.1932876882,20076.0988433139,0.205668517959894,0.0443188816652697
149,1,94084.0547378402,20094.9861275048,0.2076947379597,0.0443605761856827
150,1,88802.1763821249,18850.5615039462,0.19603475642423,0.0416134534471828
151,1,93164.1650822043,19817.6592779019,0.205664040606025,0.0437483648230032
152,1,94325.3324802377,19915.4873809033,0.20822736931389,0.0439643247141302
153,1,88656.0953432786,18972.5054952299,0.195712276029772,0.0418826502349487
154,1,218654.432629975,35489.7622376813,0.482689391048793,0.0783452295795099
155,1,94266.0256245463,19856.4097069995,0.208096446790553,0.043833908119789
156,1,88873.0152921944,18808.720480113,0.19619113647083,0.041521087524974
157,1,93184.2013445092,19915.5866282435,0.205708271546758,0.0439645438070507
158,1,94095.5187456986,20187.5387129896,0.207720045267242,0.0445648901371097
159,1,88756.104331708,19250.2385296388,0.19593305032254,0.0424957582686643
160,1,93140.2951599476,20116.085720939,0.205611346690334,0.0444071544772071
161,1,212869.033218247,35289.2486254124,0.469917864373427,0.077902586856749
162,1,88676.7225705655,19473.598485127,0.195757811552004,0.0429888353108376
163,1,93065.2866183322,20051.4193179674,0.20544576199653,0.0442644005147275
164,1,94222.9231261602,19945.9799058772,0.208001296107128,0.0440316383200524
165,1,88888.9990293374,18925.9202142637,0.196226421281915,0.04177981115398
166,1,93198.7767008723,19858.2505655675,0.205740447294593,0.0438379718970036
167,1,94117.1995851661,19894.513523103,0.207767906685253,0.0439180239896135
168,1,210909.605373608,34243.0286012705,0.465592340203818,0.0755930095923779
169,1,93120.0666027726,19756.3978660133,0.205566691250116,0.0436131275298754
170,1,94371.6929305013,19851.3485260897,0.208329712071077,0.0438227353376873
171,1,88709.6237999873,19006.6849342978,0.195830442480192,0.0419581028678162
172,1,93074.9028978264,19946.6857943161,0.205466990361477,0.0440331966001962
173,1,94185.583157533,20075.3672107044,0.207918866464602,0.0443172665537237
174,1,88894.6163846918,18901.2971743773,0.196238821843855,0.0417254546976047
175,1,218356.468255233,36068.2191145671,0.482031621430915,0.0796221988789362
176,1,94151.6365277178,20331.935114853,0.207843927768521,0.0448836516204548
177,1,88679.308043641,19312.6481702619,0.195763519098883,0.0426335303278246
178,1,93100.7860543903,20049.4878441652,0.205524128581499,0.0442601367003506
179,1,94369.6298283292,20043.1726713232,0.208325157681216,0.0442461956752507
180,1,88744.3283433063,19186.8609121889,0.195907054304063,0.04235584935758
181,1,93087.7150206685,19829.9271959117,0.205495273692843,0.0437754467979825
182,1,213444.804484932,34595.9750398391,0.471188905068814,0.0763721545630809
183,1,88892.9545518905,18811.4153728168,0.196235153273988,0.0415270366205514
184,1,93215.2582555593,19780.935315847,0.205776831060061,0.0436672950424002
185,1,94189.1767868757,19911.8228925279,0.207926799561307,0.0439562351929568
186,1,88656.0223944615,19157.8038446041,0.195712114992012,0.0422917045877279
187,1,93078.8514901224,19939.5394002363,0.205475707054699,0.0440174206172213
188,1,94367.1292607925,19992.0880562293,0.208319637567093,0.0441334241139562
189,1,210831.550705582,34676.3992512222,0.465420031050398,0.0765496945889159
190,1,93109.8067427758,20132.1474849149,0.205544042152567,0.0444426115359981
191,1,94120.2574877805,20193.4369586193,0.207774657141363,0.0445779107768333
192,1,88881.18155172,18915.700960161,0.196209163852165,0.0417572516957497
193,1,93211.2837212826,20020.681192819,0.205768057098762,0.0441965447354898
194,1,94225.4402841841,20170.0853042662,0.20800685284549,0.0445263609606047
195,1,88641.251868497,19124.2105438501,0.195679508398596,0.0422175458812741
196,1,218643.753850692,35577.6244727693,0.482665817168276,0.078539189373696
197,1,94350.626087461,19836.7396619935,0.208283206077505,0.0437904856200407
198,1,88807.4486685497,18885.0873954373,0.196046395231151,0.041689670889193
199,1,93128.1455151547,19758.3981146486,0.205584525808744,0.043617543167757
200,1,94093.8029369622,19918.0959813644,0.207716257543096,0.0439700833157416
201,1,88857.1671993358,18953.7787123252,0.19615615110054,0.041841310028268
202,1,93199.303565216,19948.9773527962,0.205741610371079,0.0440382553175249
203,1,212839.78477549,35137.8605072827,0.469853297134365,0.0775683908485861
204,1,88635.2337395532,19470.1545839448,0.195666223111122,0.0429812327457103
205,1,93063.9167831424,20115.9191825783,0.205442738024385,0.0444067868363643
206,1,94325.2876674761,20066.6484868018,0.208227270387725,0.0442980195826897
207,1,88833.1721774332,19154.4168676964,0.196103181021813,0.04228422768547
208,1,93148.9220744332,20067.7427909353,0.205630390987994,0.0443004353077654
209,1,94080.1136587406,20056.2480352527,0.207686037852193,0.0442750601230323
210,1,211243.181113873,34240.7948274823,0.46632872349594,0.0755880784373285
211,1,93180.026385082,19811.9182198863,0.20569905513802,0.0437356911819332
212,1,94308.2455110104,19913.047201345,0.208189649068881,0.0439589379091572
213,1,88643.4781212907,18965.9396851423,0.195684422950716,0.041868155916975
214,1,93058.4996566344,19771.0012864931,0.205430779476535,0.0436453652304966
215,1,94293.0538235512,19854.6692091072,0.208156112742722,0.0438300658932325
216,1,88858.0899141672,18822.3736487988,0.196158188034595,0.0415512275024698
217,1,218407.70131806,35816.0136440792,0.482144720697188,0.0790654440786575
218,1,94085.7305580544,20200.4041231511,0.207698437407403,0.0445932911026047
219,1,88787.7667380561,19193.1379579289,0.19600294649366,0.0423697062154054
220,1,93157.298649627,20113.205503556,0.205648882650526,0.0444007962691527
221,1,94336.5310859585,20217.1152165203,0.208252090734403,0.0446301815849293
222,1,88665.0537248836,19488.202082611,0.19573205205585,0.0430210734022036
223,1,93063.1782496183,20040.6187206184,0.205441107678763,0.0442405577154086
224,1,213388.646136558,34835.5802294311,0.471064933015502,0.0769010936825178
225,1,88880.0638054819,18948.4408116852,0.1962066963776,0.0418295263750467
226,1,93190.284497887,19848.1233093891,0.205721700378565,0.0438156155282855
227,1,94103.1573531072,19874.8409789709,0.207736907833046,0.0438745959729331
228,1,88742.2357293849,18875.5176081695,0.195902434765702,0.0416685451579046
229,1,93134.2397747208,19763.8157237594,0.205597979157956,0.0436295027809749
230,1,94359.7572525069,19865.0777141237,0.208303363530718,0.0438530431312775
231,1,210556.082216627,34470.0233668707,0.464811922101553,0.0760941106396375
232,1,93071.7481119813,19959.1553863606,0.205460026031324,0.0440607237795824
233,1,94211.4849816508,20062.6593781992,0.207976045894079,0.0442892134479178
234,1,88892.4911059883,18910.3086665912,0.196234130196534,0.041745347967715
235,1,93204.6381602309,20096.8870137633,0.205753386726986,0.0443647724766956
236,1,94126.773404858,20330.3235902177,0.207789041318297,0.0448800941081029
237,1,88702.3021360275,19239.5589668642,0.195814279581157,0.0424721826585551
238,1,218559.198750522,35876.6906980402,0.482479158021604,0.0791993913756539
239,1,94372.0120176086,20051.9802163263,0.208330416470067,0.0442656387228169
240,1,88716.9429146815,19189.6140746823,0.19584659975161,0.0423619270863112
241,1,93084.3704661352,19820.4481947997,0.205487890439865,0.0437545214811735
242,1,94175.3290072956,19807.3948349697,0.207896229971601,0.0437257056084207
243,1,88896.8152237431,18809.336218562,0.196243675878919,0.041522446795003
244,1,93212.4769976125,19782.1766987924,0.205770691309366,0.0436700354504989
245,1,212973.422397503,34778.0182659565,0.47014830813238,0.0767740230864045
246,1,88669.2697589789,19172.2012909268,0.195741359138746,0.0423234875912307
247,1,93092.4811951511,19954.2065612554,0.205505795235128,0.0440497990279196
248,1,94372.9773799607,20010.7578942096,0.208332547550422,0.0441746386121822
249,1,88754.041821712,19221.4728551959,0.195928497239933,0.0424322567621412
250,1,93097.4269834999,20134.0473947213,0.205516713283016,0.0444468056714496
251,1,94134.7891571244,20160.7081432879,0.207806736448159,0.0445056604604228
252,1,211421.656213873,34390.253676605,0.466722715222063,0.075918015498298
253,1,93212.7451145261,20016.8255186581,0.205771283189385,0.0441880331631862
254,1,94199.5630559819,20157.7427369168,0.207949727712591,0.0444991141938861
255,1,88650.1350125966,19069.5219136878,0.195699118334533,0.0420968182963226
256,1,93073.7175513396,19818.308489591,0.205464373656355,0.0437497979866994
257,1,94366.9114307832,19839.0051213288,0.208319156697653,0.0437954867223457
258,1,88784.5277041561,18894.0491173292,0.195995796182176,0.0417094542891027
259,1,218513.642348918,35524.4251113383,0.482378590237615,0.0784217494157476
260,1,94102.6942348122,19927.1883609598,0.207735885478799,0.0439901551483466
261,1,88876.0987693941,18924.0185786854,0.196197943383976,0.0417756132088102
262,1,93207.9006723582,19954.8726484229,0.205760588867702,0.0440512694449855
263,1,94242.8425483096,20149.6532962484,0.208045269118019,0.0444812563935972
264,1,88637.0495534013,19485.7509952481,0.195670231601003,0.0430156625177665
265,1,93068.2686055214,20121.327976592,0.205452344865961,0.044418726989863
266,1,213196.394015545,35069.8934326893,0.470640527902359,0.0774183505066079
267,1,88817.3591584829,19201.4190377922,0.196068273078736,0.0423879870677456
268,1,93135.5285908126,20055.410538337,0.205600824276836,0.0442732113113189
269,1,94088.3673612471,20018.7329487363,0.2077042582678,0.0441922438999724
270,1,88847.5888646341,18816.5333362542,0.196135006500411,0.0415383347526097
271,1,93191.0609835898,19808.2356500359,0.205723414505311,0.0437275617450989
272,1,94285.1197379869,19910.2406835335,0.20813859789574,0.0439527423961869
273,1,210499.794702317,34308.6061183667,0.464687664908689,0.0757377748798361
274,1,93060.4424397544,19773.8771255014,0.205435068256734,0.043651713773094
275,1,94311.5211202261,19854.0420009836,0.208196880122002,0.0438286813033865
276,1,88843.254793711,18843.6522105199,0.196125438845964,0.0415982008744522
277,1,93156.7975197715,19947.35164342,0.205647776384068,0.0440346664917261
278,1,94083.064144017,20207.9674390777,0.207692551179749,0.0446099874591112
279,1,88809.8137948431,19134.962984561,0.196051616352702,0.0422412823726711
280,1,218446.826811687,36009.07415004,0.482231091965613,0.0794916337375495
281,1,94314.8204503565,20239.6453816077,0.208204163540099,0.0446799179270444
282,1,88649.6121166539,19488.8897571936,0.195697964018468,0.043022591474449
283,1,93062.0286925597,20031.8636677168,0.205438569980396,0.0442212305464926
284,1,94281.0380892945,19932.5160564118,0.208129587474601,0.0440019162731611
285,1,88867.1822289573,18970.3995962519,0.196178259724139,0.0418780013692336
286,1,93179.9409767056,19834.7646492101,0.205698866595228,0.0437861256914252
287,1,213197.150006195,34594.774568517,0.470642196785363,0.0763695044692114
288,1,88769.3710971268,18873.0885819328,0.195962337297627,0.0416631829743855
289,1,93147.2248986207,19772.8218919911,0.205626644396856,0.0436493842981577
290,1,94345.0555055594,19879.3054264302,0.208270908770043,0.0438844514393858
291,1,88673.5836568151,19088.5778647769,0.195750882260206,0.0421388851564198
292,1,93066.815953049,19968.9561065395,0.205449138070979,0.0440823593055495
293,1,94237.9416084427,20049.48107906,0.208034450075151,0.0442601217660799
294,1,211347.810391466,34411.0871774746,0.466559697282658,0.0759640063786439
295,1,93196.1024298833,20106.086907823,0.205734543722369,0.0443850816522654
296,1,94111.3667888123,20322.9150101324,0.207755030527719,0.0448637393378524
297,1,88727.0188381562,19165.4794127623,0.195868842801101,0.0423086487460316
298,1,93126.0835019333,20016.3213505975,0.20557997382279,0.044186920189755
299,1,94364.0231104629,20059.3029124618,0.208312780602004,0.0442818039004261
300,1,88703.0214605706,19185.6468308752,0.195815867522099,0.0423531692190485
301,1,218616.582362572,35524.4510258394,0.48260583489901,0.078421806623162
302,1,94193.7622406602,19806.7160558279,0.207936922154608,0.0437242071732568
303,1,88895.1181883966,18806.5838471339,0.196239929597866,0.0415163708125837
304,1,93206.8679641641,19782.3342982779,0.205758309118404,0.0436703833583769
305,1,94137.7814467354,19937.2909511926,0.207813342060644,0.044012457065892
306,1,88688.8221308694,19179.5584184942,0.195784521869855,0.0423397287777581
307,1,93101.2476429543,19970.2142518398,0.205525147558796,0.0440851367172925
308,1,212972.773125253,35011.689426603,0.470146874834993,0.0772898625728557
309,1,88733.9124966388,19280.3777254173,0.195884060858997,0.0425622918846631
310,1,93085.5232865626,20133.6121828796,0.205490435342263,0.0444458449219402
311,1,94154.8909097868,20129.2776767367,0.207851111961771,0.0444362763067266
312,1,88897.8782059291,18915.0869826847,0.196246022459401,0.0417558963131461
313,1,93212.3052500975,20015.5781331984,0.205770312169083,0.0441852795042703
314,1,94177.9813409781,20141.3045535538,0.207902085116245,0.0444628261725457
315,1,210693.349515536,34382.2295478234,0.465114945772853,0.0759003018769061
316,1,93088.167250154,19805.4039123974,0.205496272009559,0.0437213105582381
317,1,94370.216609538,19841.1071009976,0.208326453026848,0.0438001269360112
318,1,88766.1129542814,18904.4520791482,0.195955144802295,0.0417324192902926
319,1,93102.463783049,19771.76248901,0.205527832242179,0.0436470456189293
320,1,94125.2870647902,19933.1598295832,0.207785760156449,0.0440033374310876
321,1,88885.7609724238,18894.9491182284,0.196219273127172,0.0417114410811415
322,1,218367.850111379,35814.6629081327,0.482056747384896,0.0790624622689422
323,1,94218.2232865464,20177.578978203,0.207990921002018,0.0445429035793193
324,1,88642.071828736,19486.5276715095,0.195681318497316,0.0430173770651788
325,1,93069.9233879316,20125.9043029489,0.205455997871776,0.044428829433961
326,1,94354.9049771196,20084.0758326204,0.208292651916854,0.0443364912241725
327,1,88797.3007434699,19245.9463691672,0.196023993234913,0.0424862831334045
328,1,93123.146535518,20039.8989827633,0.205573490338721,0.0442389688620623
329,1,213389.097036766,34713.1123744955,0.471065928397778,0.0766307404424262
330,1,88864.6740696764,18813.3430334255,0.196172722850903,0.0415312920171339
331,1,93198.3664863156,19807.5206513835,0.205739541727703,0.0437259833537535
332,1,94253.895678614,19905.0506697187,0.208069669395075,0.0439412852097139
333,1,88636.1859793428,18954.1897814385,0.195668325222836,0.04184221748163
334,1,93062.7517791211,19776.3159165617,0.205440166226161,0.0436570975128958
335,1,94334.2121623628,19854.9985860898,0.208246971607363,0.0438307930075802
336,1,211061.869491542,34292.0299017845,0.465928470020535,0.0757011821440213
337,1,93142.5481582041,19964.8903333347,0.205616320284252,0.0440733839302565
338,1,94083.5593929061,20209.9696435683,0.207693644463713,0.0446144074146304
339,1,88837.4732465106,19077.7031605517,0.196112675823217,0.0421148787628738
340,1,93182.3310950292,20103.5764597872,0.205704142887798,0.044379539726501
341,1,94294.644174721,20259.4493872253,0.208159623513707,0.0447236361508046
342,1,88642.1962707899,19477.4018390798,0.195681593208688,0.0429972313839534
343,1,218660.447110173,35766.8181971195,0.482702668281499,0.0789568429400951
344,1,94301.1278334299,19932.1233736632,0.208173936478856,0.0440010494085177
345,1,88852.8295986182,18989.6840087546,0.196146575653915,0.0419205725680687
346,1,93167.763098156,19822.2174995077,0.205671983386364,0.0437584273000576
347,1,94087.8347145192,19842.6384386812,0.207703082426443,0.0438035074320987
348,1,88798.6017014185,18870.3660560519,0.196026865157483,0.0416571728773398
349,1,93166.8164326604,19784.222196219,0.205669893580152,0.0436745509771011
350,1,212839.595898044,34761.4028175563,0.469852880178995,0.0767373437446055
351,1,88659.9056106772,19130.7494094517,0.195720687364627,0.042231980718096
352,1,93063.6604195246,19978.1795452897,0.20544217209029,0.0441027204570715
353,1,94261.3528153937,20038.2939380997,0.20808613135639,0.0442354256545364
354,1,88878.2679522429,18960.9030901744,0.196202731951652,0.0418570374094341
355,1,93182.613426013,20116.9875782,0.205704766146009,0.0444091453672471
356,1,94099.9245312404,20308.2236669032,0.207729771234901,0.044831307543849
357,1,211031.312040751,34532.110208226,0.465861013087981,0.0762311701050482
358,1,93138.8444963801,19999.3664015029,0.205608144285948,0.044149491385064
359,1,94352.3320201992,20065.5831375504,0.208286971999945,0.0442956677768049
360,1,88686.1519594192,19175.0130539975,0.195778627347545,0.0423296946833443
361,1,93069.3750220323,19805.5516161551,0.205454787329649,0.0437216366208567
362,1,94219.4147794292,19806.4683167769,0.207993551275584,0.0437236602782762
363,1,88891.0020217715,18804.9743722599,0.196230842976855,0.0415128178251712
364,1,218365.289424409,35544.0714131717,0.482051094554448,0.0784651195013858
365,1,94117.9539777894,19951.5451622777,0.207769572040542,0.0440439238712332
366,1,88714.1241895208,19177.8041039542,0.195840377290373,0.042335856050337
367,1,93116.4528896089,19985.8186955078,0.205558713817482,0.0441195842211515
368,1,94373.6727886163,20055.97754801,0.208334082695978,0.0442744630104064
369,1,88714.75950717,19337.3484427082,0.195841779782358,0.0426880572785131
370,1,93078.312023808,20132.2223623742,0.205474516158802,0.044442776831322
371,1,213444.704676988,34881.8238612654,0.471188684738335,0.0770031785578231
372,1,88896.4673036315,18932.9295360243,0.196242907829788,0.04179528454371
373,1,93210.5994312944,20014.0272477905,0.20576654649816,0.0441818558557116
374,1,94153.0561386548,20118.1685949555,0.207847061622843,0.0444117525142949
375,1,88677.293393343,18963.7033386122,0.195759071668689,0.0418632190824831
376,1,93095.342369484,19791.4524837322,0.205512111404802,0.043690512158564
377,1,94371.348429201,19843.4233059401,0.208328951569125,0.0438052400615023
378,1,210719.593365008,34295.4985416538,0.46517288023852,0.0757088393209016
379,1,93090.6692448161,19781.3255714998,0.205501795274124,0.0436681565491219
380,1,94142.7642281738,19937.6581775787,0.207824341772424,0.0440132677344826
381,1,88895.1100114528,18870.4343599873,0.196239911546899,0.041657323661317
382,1,93210.1517352426,19966.2705354443,0.205765558189201,0.0440764307878379
383,1,94185.8449753192,20204.9047526488,0.207919444439017,0.0446032264425172
384,1,88653.31108651,19473.9768987722,0.195706129659045,0.0429896706758004
385,1,218621.34226059,35906.5414534229,0.482616342585719,0.0792652882466421
386,1,94364.0807876795,20098.9013138488,0.208312907927026,0.0443692191337789
387,1,88779.9254122048,19286.9134910917,0.195985636417872,0.0425767198782576
388,1,93107.271106938,20024.974887812,0.205538444623609,0.0442060232582739
389,1,94113.0266756533,19951.1589195841,0.207758694801792,0.0440430712232977
390,1,88882.4288181496,18816.6501526049,0.196211917248317,0.0415385926299027
391,1,93209.3749776771,19806.41365642,0.205763843462306,0.0437235396131057
392,1,212869.407622329,34649.3293058484,0.4699186908871,0.0764899364797797
393,1,88638.5812452842,18951.5202927627,0.195673612879001,0.041836324466575
394,1,93062.8326173377,19779.5442873069,0.205440344680122,0.0436642242849916
395,1,94345.5156775167,19858.4797707176,0.208271924620119,0.043838477877573
396,1,88807.6981633586,18906.575803283,0.196046946002046,0.0417371075058345
397,1,93128.8451391836,19983.6638356429,0.205586070259924,0.0441148272720995
398,1,94090.8567910828,20205.9018642857,0.207709753794952,0.0446054276108313
399,1,211329.584820923,34487.8769133298,0.466519463524571,0.076133523138002
400,1,93198.3762438512,20098.7246413027,0.205739563267897,0.0443688291212707
401,1,94277.6830549008,20276.3901426677,0.208122181086864,0.0447610336223767
402,1,88638.5576748636,19451.4793949064,0.195673560846248,0.0429400064347856
403,1,93058.6376465494,20012.8913810708,0.205431084095413,0.0441793483793771
404,1,94321.1552281159,19933.539225274,0.208218147843926,0.0440041749639596
405,1,88836.4123343929,19007.1353484515,0.196110333812502,0.0419590971771058
406,1,218440.539627204,35526.3097304398,0.482217212726061,0.0784259097962874
407,1,94085.1705786112,19831.0169718032,0.207697201227861,0.0437778525267625
408,1,88824.4014423456,18867.3390385759,0.196083819233774,0.0416504906015469
409,1,93174.5629889756,19794.7363338807,0.205686994447972,0.0436977614039114
410,1,94310.6250553861,19913.4786194418,0.20819490201899,0.0439598902838059
411,1,88648.0598915536,19173.0646144907,0.195694537412479,0.0423253934164195
412,1,93061.4420940256,19987.3282238918,0.205437275038026,0.0441229165722393
413,1,213333.681920039,34837.7945328066,0.470943597061402,0.0769059818557649
414,1,88862.4177172085,18999.8804756287,0.196167741852413,0.0419430817224778
415,1,93173.4252097014,20126.4070241597,0.205684482749588,0.0444299392134072
416,1,94089.3816063722,20286.3077324297,0.207706497259051,0.0447829271431498
417,1,88780.0797124239,19028.6532770973,0.195985977042473,0.0420065989622274
418,1,93158.0505457502,19982.0544041446,0.20565054249468,0.0441112743804408
419,1,94338.5695453457,20069.9334213426,0.20825659072422,0.0443052712218815
420,1,210507.429205851,34567.688492845,0.464704518415008,0.0763097107517241
421,1,93066.2520788721,19799.6803621467,0.205447893293639,0.0437086755663382
422,1,94246.4919574887,19807.0119903574,0.208053325351195,0.043724860461901
423,1,88881.6709442936,18804.4342847599,0.196210244208051,0.0415116255579786
424,1,93193.0181343347,19782.9277557268,0.205727735002682,0.0436716934421067
425,1,94101.1488714008,19967.5612458973,0.207732474020293,0.0440792800886049
426,1,88736.5106903573,19165.5684690968,0.195889796487261,0.0423088453418532
427,1,218520.56929795,35760.2122612113,0.482393881785881,0.0789422600425864
428,1,94355.6196446384,20082.9337620077,0.208294229577208,0.0443339700524683
429,1,88695.3856388209,19390.5874705216,0.195799011105761,0.0428055848017659
430,1,93072.1581990736,20129.2930998653,0.20546093131683,0.0444363103539695
431,1,94207.2344499604,20076.9314997955,0.207966662656207,0.0443207197915097
432,1,88893.0675331467,18958.3416171632,0.19623540268514,0.0418513828437658
433,1,93208.6787614116,20011.9163983553,0.205762306533916,0.0441771960616419
434,1,213045.969034223,34793.6172284266,0.470308458061563,0.0768084584902749
435,1,88702.5292675309,18917.9269132787,0.195814780984059,0.041762165586321
436,1,93107.9715945497,19780.3240214192,0.205539990981187,0.0436659455827458
437,1,94374.1841754046,19846.9979867406,0.208335211605072,0.0438131313284574
438,1,88721.1375614226,18926.3536754679,0.19585585962097,0.0417807680388792
439,1,93084.054235044,19790.8846756954,0.205487192345657,0.0436892586970529
440,1,94167.7599138529,19939.6359307171,0.207879520860971,0.0440176337125537
441,1,211425.690491739,34266.717117234,0.466731621069995,0.0756453030456034
442,1,93215.2210107709,19972.5924097009,0.205776748840533,0.0440903866066087
443,1,94166.0729460983,20229.4183378805,0.207875796804575,0.0446573412728712
444,1,88669.9998499978,19445.069320696,0.195742970847162,0.0429258559106915
445,1,93089.9815784032,20130.9021982335,0.205500277219914,0.0444398625102286
446,1,94370.7867217825,20113.9280510409,0.208327711575,0.0444023913248818
447,1,88754.85105008,19323.4549292998,0.19593028364757,0.0426573867293458
448,1,218552.609870357,35747.0296844846,0.482464612775408,0.0789131589177835
449,1,94130.2015637507,19924.413615043,0.20779660913162,0.0439840297732478
450,1,88893.8399705565,18824.6781798363,0.196237107875098,0.0415563148572963
451,1,93214.0451114045,19805.0391168922,0.20577415299035,0.0437205052559254
452,1,94206.3778299262,19889.6298197581,0.207964771629358,0.0439072429971349
453,1,88648.827918091,18952.6371767225,0.19569623286524,0.0418387900376221
454,1,93072.1880693599,19783.6366793339,0.205460997256817,0.0436732584225194
455,1,213116.505906734,34660.928917412,0.470464171346809,0.0765155431385365
456,1,88786.3599772625,18945.9613052856,0.195999841006602,0.0418240527543214
457,1,93116.57955326,20000.8935200912,0.205558993433129,0.0441528625673107
458,1,94106.1320610088,20196.3808465293,0.207743474633125,0.0445844095404099
459,1,88876.9617138923,18981.8553247639,0.19619984837236,0.0419032903997509
460,1,93204.4386466495,20094.1281093403,0.205752946291876,0.0443586820723994
461,1,94250.3974300292,20289.3634797099,0.208061946855638,0.0447896728412642
462,1,210540.948650752,34884.4802286379,0.464778514081379,0.0770090426070172
463,1,93063.5495218721,20002.5792910377,0.205441927278787,0.0441565839816987
464,1,94337.7689335505,19937.6825953734,0.208254823338051,0.044013321637851
465,1,88818.1799148828,19023.6358102998,0.196070084935016,0.0419955226809741
466,1,93136.2568789754,19795.5158571149,0.205602432005367,0.0436994822361429
467,1,94089.1751459498,19823.8374088946,0.207706041488481,0.0437620033221219
468,1,88843.5106305831,18862.0294522223,0.196126003617245,0.0416387694533729
469,1,218413.022018978,35539.9441487161,0.482156466381257,0.0784560083814198
470,1,94287.4854099527,19931.3836479976,0.208143820221886,0.0439994164311899
471,1,88638.7080137109,19213.309751166,0.195673892725944,0.0424142363467038
472,1,93056.550525733,19996.9773852867,0.205426476683326,0.0441442175254457
473,1,94311.9093121286,20028.5221977443,0.208197737072903,0.0442138541028193
474,1,88846.7418812802,19046.0099121966,0.196133136746963,0.0420449145066504
475,1,93158.182418888,20134.4050566742,0.205650833610501,0.044447595226128
476,1,213273.102289984,34956.0703487279,0.470809864832015,0.0771670809831694
477,1,88810.0034979675,18972.1308414784,0.196052035130791,0.0418818231701187
478,1,93167.5866238655,19967.928577323,0.205671593811514,0.0440800909890748
479,1,94323.5322369269,20071.9849844463,0.208223395196663,0.044309800138736
480,1,88654.3631882568,19131.2983899467,0.195708452220474,0.0422331926169704
481,1,93059.0798854582,19793.5815223683,0.205432060357486,0.043695212106104
482,1,94273.2361952442,19807.8130676443,0.208112364446269,0.043726628875663
483,1,211267.277658344,34189.3933042464,0.466381917690255,0.0754746072872069
484,1,93179.2686845526,19785.7624426657,0.205697382480381,0.0436779511396794
485,1,94093.5183196832,19984.2191058073,0.207715629237786,0.0441160530556992
486,1,88769.4343980056,19144.4638514469,0.195962477037135,0.0422622559591491
487,1,93148.9903482027,20012.1872874363,0.205630541705378,0.044177794061344
488,1,94350.7259638516,20110.4291547558,0.208283426559082,0.0443946673556172
489,1,88673.1049554181,19439.0422462315,0.195749825505568,0.0429125508755817
490,1,218640.452418588,35882.1495893035,0.482658529109981,0.0792114421210607
491,1,94231.810911865,20057.9385069945,0.208020916289614,0.0442787919146354
492,1,88887.6746895674,18989.4683982341,0.196223497742935,0.0419200965982491
493,1,93198.7288062159,20006.9066649736,0.205740341565008,0.0441661368522482
494,1,94112.550215132,20061.6115824871,0.207757642993987,0.0442869003922522
495,1,88730.777391927,18879.3563422695,0.195877139975821,0.0416770193342698
496,1,93120.8587066206,19770.7931292604,0.205568439854612,0.0436449057141415
497,1,212911.478368171,34654.6842926879,0.470011563930866,0.0765017578515469
498,1,88704.3709827872,18936.3997863261,0.195818846652451,0.0418029452756917
499,1,93075.3954556463,19801.3187602953,0.205468077704786,0.0437122924031668
500,1,94194.9107616644,19938.5727269004,0.207939457565839,0.0440152866428112
501,1,88899.007686377,18839.6665810215,0.196248515837757,0.0415894024199578
502,1,93211.2661317742,19980.8141284359,0.20576801826914,0.0441085364166163
503,1,94141.6859521104,20250.5356605102,0.207821961430026,0.0447039587023837
504,1,210801.892738709,34893.9708028289,0.465354559768626,0.0770299934719133
505,1,93104.8235352925,20130.8038839793,0.205533041500275,0.044439645477137
506,1,94374.8097598861,20131.6062188543,0.208336592610656,0.0444414166670809
507,1,88733.3904092622,19353.7907168149,0.195882908327878,0.0427243543303523
508,1,93086.3094250027,19991.7251966235,0.205492170777856,0.0441326230852278
509,1,94153.6257847399,19902.1405997658,0.207848319141927,0.0439348611007828
510,1,88897.0174728714,18835.7443784292,0.19624412235287,0.0415807439831811
511,1,218357.284376312,35564.2701021648,0.482033423054518,0.0785097090062623
512,1,94176.414984333,19880.8686002984,0.207898627314242,0.0438879022152673
513,1,88659.0001565014,18954.8466304199,0.195718688534238,0.0418436675049888
514,1,93084.2735064529,19790.5468030172,0.205487676397051,0.043688512828079
515,1,94369.4158116089,19872.6627301682,0.208324685229781,0.0438697873917602
516,1,88774.7445269897,18990.2166974631,0.195974199383189,0.0419217485020996
517,1,93101.463944262,20016.3975438675,0.205525625053559,0.0441870883897895
518,1,213427.081675443,34878.8150579112,0.47114978117813,0.0769965364905145
519,1,88886.6099116738,18949.4880538689,0.196221147198347,0.041831838208774
520,1,93210.4263912532,20092.2138199055,0.205766164504568,0.0443544561932782
521,1,94221.9220141077,20298.2901238255,0.207999086107719,0.0448093788054215
522,1,88642.0893177782,19361.0548832806,0.195681357105155,0.0427403903011103
523,1,93067.6502217403,19990.1068598135,0.205450979756244,0.0441290505346971
524,1,94358.8502044503,19942.4960574253,0.208301361181765,0.0440239475695493
525,1,210940.638135996,34468.0510710455,0.465660846407875,0.0760897567088282
526,1,93120.7065696176,19784.1320121677,0.205568104005408,0.0436743518917943
527,1,94097.6130832055,19818.6716457996,0.207724668610495,0.043750599670192
528,1,88863.2201487899,18854.2602399297,0.196169513255841,0.0416216185714752
529,1,93202.2565675097,19814.0062276434,0.205748129255063,0.043740300551982
530,1,94260.3005011965,19951.2421628992,0.208083808325967,0.0440432549866205
531,1,88635.940830052,19249.6678731548,0.195667784044866,0.0424944985190794
532,1,218656.217026552,35736.1396386733,0.482693330183649,0.0788891186570034
533,1,94326.1045693003,20030.0937694325,0.208229073734857,0.0442173234172622
534,1,88830.036150337,19098.3744553843,0.196096258102432,0.042160511566174
535,1,93145.3845846114,20139.5193711378,0.205622581821779,0.0444588853029143
536,1,94086.3510977873,20225.9030937566,0.20769980727648,0.044649581215025
537,1,88832.7330589268,18928.3046105146,0.196102211648168,0.0417850748148192
538,1,93183.8862740905,19954.1089966996,0.205707576014787,0.0440495836498208
539,1,212830.283428051,34916.1776987421,0.469832322487043,0.0770790161829394
540,1,88641.2117027732,19100.634291567,0.195679419730974,0.0421655002551193
541,1,93062.3902538023,19787.627714559,0.20543936814293,0.0436820688103962
542,1,94297.6977829288,19808.5566290838,0.208166364489723,0.0437282703206323
543,1,88855.0398511902,18812.9151410213,0.196151454884833,0.0415303474256087
544,1,93163.3193332243,19790.7049371524,0.205662173577512,0.0436888619162202
545,1,94083.9991351844,19999.6922124216,0.207694615214362,0.044150210627167
546,1,211148.118067902,34563.398209014,0.466118867591265,0.0763002397592319
547,1,93159.5748894053,20021.5647576815,0.205653907551138,0.044198495244246
548,1,94330.4766809977,20140.6261270476,0.208238725366006,0.0444613285158405
549,1,88661.6235040141,19478.7565658581,0.195724479690622,0.0430002220036073
550,1,93062.9652409281,20123.5793255191,0.2054406374526,0.0444236969428138
551,1,94261.4872625008,20044.2613765463,0.208086428154362,0.0442485990404825
552,1,88874.901015256,19025.0745181923,0.196195299288411,0.0419986986926752
553,1,218383.718192669,35828.4541292524,0.48209177688054,0.07909290700333
554,1,94095.8869001419,20028.3967850565,0.20772085798456,0.0442135772487295
555,1,88751.2143334344,18849.1992583964,0.195922255433726,0.0416104462295059
556,1,93139.9365807671,19764.6804915679,0.205610555110834,0.043631411794398
557,1,94356.719327457,19855.3436847083,0.20829665717597,0.043831554828139
558,1,88685.5446206897,18948.0665916853,0.195777286620271,0.0418287002677427
559,1,93069.676593974,19809.5228454072,0.205455453063131,0.0437304032861666
560,1,213424.030396032,34650.8047029999,0.471143045343035,0.0764931934846529
561,1,88893.5393808771,18836.6867337164,0.196236444310004,0.0415828242744163
562,1,93198.2686278388,19991.5920244766,0.20573932570076,0.0441323291017869
563,1,94123.1405791155,20267.9245916278,0.207781021693795,0.0447423455417045
564,1,88710.8993517195,19349.3803373371,0.195833258317408,0.0427146182213749
565,1,93113.4657993735,20127.2193206849,0.20555211968285,0.044431732394137
566,1,94372.592256225,20150.6521651727,0.208331697372636,0.0444834614412014
567,1,210623.701431507,34892.9605174485,0.464961194527732,0.0770277632219742
568,1,93080.2595155312,19976.8454892448,0.205478815333452,0.0440997754689814
569,1,94174.8827295768,19885.655982923,0.207895244793676,0.0438984705754692
570,1,88898.0249484958,18848.3855486703,0.196246346400148,0.0416086499290724
571,1,93210.0165564465,19800.5283225096,0.205765259775993,0.043710547476577
572,1,94156.3809336434,19872.3472585735,0.207854401255747,0.0438690909741751
573,1,88678.2391808188,18959.4789126275,0.195761159536634,0.0418538934741177
574,1,218591.316279901,35508.068814477,0.48255005889707,0.0783856421625039
575,1,94375.5849519363,19884.9361647332,0.208338303881606,0.0438968815447806
576,1,88746.807456725,19037.7321257159,0.195912527057266,0.042026640924599
577,1,93095.1084663064,20030.3207179024,0.205511595053128,0.0442178244161097
578,1,94143.2469541879,20163.1135567377,0.207825407411583,0.0445109705176641
579,1,88896.3450209252,18930.851085449,0.196242637885272,0.0417906962715655
580,1,93211.1493474455,20091.8877648968,0.205767760462537,0.0443537364123357
581,1,212917.150197251,35171.5028725647,0.47002408474598,0.0776426578671691
582,1,88651.7971964126,19300.4590323807,0.19570278767928,0.0426066222634852
583,1,93078.9029182163,19975.3264821352,0.205475820584505,0.0440964221931848
584,1,94366.6483379903,19947.2252220516,0.208318575908604,0.0440343874109291
585,1,88779.7306949497,19046.2523719902,0.195985206570866,0.0420454497474353
586,1,93110.4019158997,19775.2167358953,0.205545356023726,0.0436546710226567
587,1,94112.8436658475,19817.917018468,0.207758290799501,0.0437489337967736
588,1,211391.026205336,34252.2883986972,0.466655098115057,0.0756134510072963
589,1,93208.2931339357,19821.7443222342,0.205761455244101,0.043757382740168
590,1,94235.2407929382,19970.6707632924,0.208028487904727,0.0440861444866409
591,1,88637.5474034579,19280.1344658318,0.195671330627159,0.042561754878302
592,1,93066.423255681,20020.014260196,0.205448271174063,0.0441950724520432
593,1,94345.3421331947,20037.7658224541,0.208271541513304,0.0442342598157454
594,1,88807.9582228554,19152.8627486431,0.196047520094958,0.042280796898495
595,1,218477.924243261,35999.462953782,0.482299740929775,0.0794704165940722
596,1,94091.4407805504,20189.7036792436,0.207711042977691,0.0445696693964653
597,1,88852.3151023253,18896.635133419,0.196145439880451,0.0417151630347093
598,1,93191.6755656418,19944.1151701121,0.205724771222542,0.0440275218328626
599,1,94276.3233054257,20066.9021936867,0.208119179379383,0.0442985796519291
600,1,88635.7473994195,19064.6532125994,0.195667357038136,0.042086070421993
601,1,93065.2074614545,19780.2876480768,0.2054455872542,0.0436658652869736
602,1,213265.610567336,34610.8376044735,0.470793326520857,0.0764049643359563
603,1,88841.6000530518,18821.3799425762,0.196121785932316,0.0415490338517594
604,1,93151.8024426217,19798.4244431896,0.205636749528958,0.043705903069347
605,1,94082.0236134191,20014.9020888128,0.207690254162147,0.0441837871062024
606,1,88818.4312639765,19078.356978895,0.196070639799326,0.0421163220959641
607,1,93175.1412425445,20028.2109368593,0.20568827096846,0.0442131669805632
608,1,94312.7281860769,20169.2564706632,0.208199544773587,0.0445245312735394
609,1,210489.111660674,35040.0028335167,0.464664081618823,0.0773523656786803
610,1,93059.9511032004,20120.8839970762,0.205433983609424,0.0444177468853229
611,1,94283.6199656164,20037.6703693084,0.208135287081486,0.044234049098678
612,1,88864.261045837,19062.433691538,0.196171811082397,0.042081170730472
613,1,93170.0232396187,19990.9308231509,0.205676972749229,0.0441308694704341
614,1,94087.426865197,19993.7801251134,0.207702182080913,0.0441371594313219
615,1,88773.8495689354,18827.2217435273,0.195972223723455,0.0415619298873429
616,1,218481.10339542,35533.8011930214,0.482306759049653,0.0784424475333371
617,1,94342.130925235,19858.6081242487,0.208264452628821,0.0438387612237052
618,1,88667.3435249955,18960.5152699994,0.195737106891502,0.0418561812791382
619,1,93067.1319151292,19818.824228831,0.205449835571333,0.0437509365040244
620,1,94247.8308559886,19931.0636743465,0.20805628102922,0.0439987100751151
621,1,88879.1652431543,18843.5836457017,0.196204712761272,0.0415980495145646
622,1,93186.5799544954,20005.2659794292,0.205713522434161,0.0441625149658916
623,1,213124.759964028,35108.5875935336,0.470482392545626,0.0775037695887203
624,1,88736.765805343,19287.3932526634,0.195890359664946,0.0425777789732785
625,1,93134.5457807512,20119.9743541235,0.205598654679887,0.0444157388080221
626,1,94359.2473346527,20168.3605018678,0.208302237864361,0.0445225533825493
627,1,88696.953149471,19392.2408404935,0.195802471455282,0.0428092346895608
628,1,93070.4671354053,19963.4741602896,0.205457198218523,0.0440702576652337
629,1,94202.2011573025,19874.0130685473,0.207955551438662,0.0438727683238276
630,1,211398.298426125,34296.4361024945,0.466671151866094,0.0757109090281827
631,1,93204.6468579444,19794.8091723062,0.205753405927576,0.0436979221979774
632,1,94130.0655236401,19864.4036924935,0.207796308817021,0.0438515551985322
633,1,88695.42635403,18963.9770871548,0.195799100986397,0.0418638233945739
634,1,93110.0809368316,19810.2173724707,0.205544647448148,0.0437319364855686
635,1,94375.7189478044,19899.9109316277,0.208338599683448,0.0439299390091387
636,1,88724.8303006997,19088.1121759037,0.195864011507266,0.0421378571275071
637,1,218588.585908468,35847.4742244261,0.482544031480617,0.079134894709898
638,1,94160.9401138289,20142.5196683493,0.207864465848909,0.0444655085925343
639,1,88899.0663254138,18924.9542997942,0.19624864528604,0.0417776788548013
640,1,93215.5687864514,20094.2459463387,0.205777516570826,0.0443589422028175
641,1,94170.1917245666,20299.1994721556,0.207884889191347,0.0448113862323299
642,1,88663.8634813321,19232.7121138159,0.195729424540239,0.0424570679257379
643,1,93088.6455305565,19960.0769620313,0.205497327834833,0.0440627581988893
644,1,213038.117815146,34900.2386217797,0.470291126146037,0.0770438299611908
645,1,88756.449764459,19052.2676445433,0.195933812880711,0.0420587287293004
646,1,93102.0541655607,19768.7801235122,0.205526927993344,0.0436404619143654
647,1,94128.481062867,19818.4483728613,0.20779281104935,0.0437501067852442
648,1,88889.6411483712,18832.710957802,0.196227838788259,0.0415740475721469
649,1,93213.1616249902,19827.5893689232,0.205772202654771,0.0437702859408626
650,1,94207.6969282574,19992.6790829675,0.20796768359763,0.044134728831784
651,1,210610.183563166,34761.7193628456,0.464931353231769,0.0767380425324191
652,1,93072.2405486215,20032.1049965907,0.205461113107122,0.044221763290722
653,1,94364.1250316828,20049.3223937002,0.208313005597633,0.0442597714610859
654,1,88788.7416015786,19210.1352825724,0.196005098548272,0.0424072285660065
655,1,93120.0688758804,20138.4969898529,0.205566696268103,0.0444566283507277
656,1,94102.0644878522,20151.9782798591,0.207734495284359,0.0444863888983891
657,1,88869.2169602864,18877.7934454228,0.196182751484102,0.0416735691699252
658,1,218385.614354177,35836.9044814567,0.482095962741454,0.0791115615318962
659,1,94249.560282841,20057.2016382609,0.208060098815964,0.0442771652441122
660,1,88634.9414992709,19027.3983849435,0.195665577977693,0.04200382873195
661,1,93060.9385264486,19772.329173473,0.205436163390189,0.043648296600101
662,1,94339.2611566481,19810.1625026281,0.208258117486949,0.0437318153579491
663,1,88818.9138414365,18833.0677555611,0.196071705110546,0.0415748352190792
664,1,93139.6697661685,19808.0357532429,0.205609966105734,0.0437271204640323
665,1,213340.021994149,34786.0198537238,0.470957593057161,0.0767916869475041
666,1,88841.4783248754,19037.6937197279,0.196121517211949,0.0420265561416713
667,1,93189.5305253149,20033.6072679144,0.205720035950557,0.0442250796215263
668,1,94292.5221803858,20198.4813342799,0.208154939116774,0.0445890464605996
669,1,88642.5345078487,19529.1023095688,0.195682339882048,0.0431113624734406
670,1,93061.305002932,20119.0590576955,0.205436972403336,0.0444137182504228
671,1,94307.1968216375,20035.5560284273,0.208187334040419,0.0442293815970862
672,1,211165.973352146,34611.4767451522,0.466158283925866,0.0764063752674488
673,1,93158.2521864403,19978.0423580132,0.205650987625477,0.0441024176100531
674,1,94082.873056449,19960.1093564811,0.207692129345439,0.044062829711079
675,1,88802.1455995864,18812.9562646849,0.196034688470406,0.0415304382079262
676,1,93167.580616887,19761.526799176,0.205671580550842,0.0436244498780905
677,1,94324.327044669,19863.0329856556,0.208225149770126,0.0438485293021854
678,1,88655.6946974331,18973.04219068,0.195711391586238,0.0418838350140401
679,1,218655.422744052,35554.2858312439,0.482691576769682,0.0784876682838635
680,1,94270.1653102676,19926.044971006,0.208105585331016,0.0439876310641381
681,1,88870.6849617799,18860.2748956212,0.196185992162731,0.0416348961915911
682,1,93182.8447359096,20020.3594545269,0.2057052767729,0.0441958344838914
683,1,94091.1351582703,20287.6558629987,0.207710368302907,0.0447859032013782
684,1,88765.9051552942,19220.5161182864,0.195954686076783,0.0424301447228348
685,1,93141.8556391154,20111.69594447,0.205614791517544,0.0443974638502887
686,1,212865.473681195,35245.6788385263,0.469910006536969,0.0778064046131638
687,1,88679.3573420247,19396.7106751778,0.195763627927259,0.0428191020485523
688,1,93067.3268847388,19950.8391836162,0.205450265975423,0.0440423653919191
689,1,94229.4065150651,19866.2194285259,0.208015608476673,0.0438555635166314
690,1,88884.3968556317,18873.3215188034,0.196216261778644,0.0416636971928939
691,1,93201.3253787284,19787.8082256735,0.205746073614387,0.0436824672967149
692,1,94116.0442711284,19857.8834237045,0.207765356278098,0.0438371614150018
693,1,210920.965952964,34356.2142295077,0.465617419188339,0.0758428719039359
694,1,93120.5643637211,19823.18796611,0.205567790079562,0.043760569648272
695,1,94363.17187536,19918.7937234926,0.208310901462631,0.0439716236125419
696,1,88707.1393069051,19140.129361098,0.195824957851143,0.0422526873788014
697,1,93080.1037671967,20050.4131977222,0.205478471512072,0.0442621794595096
698,1,94186.8199622168,20121.942913721,0.207921596765984,0.0444200844909423
699,1,88897.7885142084,18932.1737134131,0.196245824460936,0.0417936160316587
700,1,218356.864655986,36075.6061851337,0.48203249650322,0.079638506165967
701,1,94144.2101828901,20289.9827172382,0.207827533781811,0.0447910398356665
702,1,88683.5654174744,19160.9235906773,0.19577291744109,0.0422985915660262
703,1,93099.9946909178,19942.097327771,0.205522381611414,0.0440230673560925
704,1,94371.7112741438,19956.9653176001,0.208329752565484,0.0440558891053266
705,1,88740.2818829577,19055.496341374,0.19589812156276,0.0420658562212445
706,1,93089.0428803309,19764.7421761872,0.205498205002143,0.0436315479659403
707,1,213445.677155652,34583.2522641943,0.471190831528266,0.0763440684696293
708,1,88897.534620644,18820.2079373118,0.196245263979593,0.0415464465979793
709,1,93214.752981422,19832.0235965129,0.205775715644916,0.0437800746956082
710,1,94185.8570099015,20014.087724588,0.207919471005893,0.0441819893609334
711,1,88656.5117622781,19316.9666655947,0.195713195293246,0.0426430635984625
712,1,93082.4205704739,20045.2808937811,0.205483585958414,0.0442508496701512
713,1,94372.8872471825,20065.5426585636,0.208332348578303,0.04429557841764
714,1,210820.604823349,34807.5113004281,0.465395867528233,0.0768391302725614
715,1,93106.5773641157,20133.9006198006,0.205536913155455,0.0444464816592801
716,1,94120.6175840279,20116.0563618461,0.207775452069855,0.044407089665703
717,1,88884.6039116322,18872.0356120849,0.19621671886398,0.0416608584965847
718,1,93209.3792627504,19932.4245051412,0.205763852921796,0.044001714169657
719,1,94228.2860702908,20045.3584334536,0.20801313504497,0.044251020842429
720,1,88639.659602541,18988.8636302213,0.195675993400636,0.0419187615459463
721,1,218642.026892486,35492.2960826037,0.48266200483118,0.0783508231549424
722,1,94356.1684204632,19811.0989478663,0.208295441024264,0.0437338826024881
723,1,88805.0480314923,18849.6535364909,0.196041095718009,0.0416114490686168
724,1,93127.8541600737,19820.8165306442,0.205583882629436,0.0437553345989425
725,1,94091.6432167818,20037.3360203637,0.207711489864681,0.0442333110085028
726,1,88860.5070824064,18997.6038752564,0.196163524041057,0.041938056025838
727,1,93195.7466688678,20036.2235331661,0.205733758364094,0.044230855143504
728,1,212841.722160488,35268.7991116971,0.469857573997968,0.0778574436451351
729,1,88637.4588520402,19533.7779137518,0.195671135145963,0.0431216840777581
730,1,93064.8787922353,20117.7381386081,0.205444861702271,0.0444108022627509
731,1,94327.0402488517,20038.1231630688,0.208231139289108,0.0442350486610554
732,1,88831.8169844803,19136.950052859,0.196100189373058,0.0422456689143715
733,1,93144.6270744696,19963.4448135459,0.205620909584429,0.0440701928809911
734,1,94087.6596271121,19928.1800801216,0.207702695913199,0.0439923444125318
735,1,211252.167138283,34207.3662957031,0.466348560544739,0.0755142834657192
736,1,93180.482981202,19762.7960478325,0.205700063094275,0.0436272518009865
737,1,94304.7759202572,19866.1358937511,0.208181989792882,0.0438553791098983
738,1,88642.9159203574,18989.085545873,0.195683181867135,0.0419192514346235
739,1,93059.954198144,19833.8963600416,0.20543399044165,0.0437842089044434
740,1,94295.9342505356,19922.4731495832,0.208162471413481,0.0439797461093865
741,1,88856.0831967868,18886.3709548819,0.196153758116671,0.0416925044037905
742,1,218410.515049993,35965.0939600053,0.482150932135652,0.0793945455107492
743,1,94082.8361900779,20288.0150297642,0.207692047961284,0.0447866960779974
744,1,88792.9805340529,19152.9397016184,0.196014456180358,0.0422809667756128
745,1,93161.7418690178,20099.5894887687,0.205658691255073,0.0443707383105413
746,1,94334.8316337714,20201.5252281068,0.208248339118067,0.0445957659916881
747,1,88660.2717990394,19389.6144530179,0.195721495741734,0.0428034368223234
748,1,93062.3402435088,19939.9547271193,0.205439257742982,0.0440183374697992
749,1,213384.172184183,34739.7141726589,0.471055056566525,0.0766894650957607
750,1,88876.9934787677,18885.0655804815,0.196199918494737,0.0416896227317071
751,1,93191.0785347449,19779.3431831397,0.205723453250267,0.0436637803385926
752,1,94101.1794018447,19853.9708952271,0.207732541417607,0.0438285243342645
753,1,88749.0429152036,18969.3288308384,0.195917461931344,0.0418756376069299
754,1,93135.0063083274,19837.7144766165,0.205599671315006,0.0437926375667042
755,1,94354.2500123043,19939.5430618191,0.208291206052876,0.0440174287003282
756,1,210550.324550054,34665.1005015446,0.464799211796355,0.076524752096162
757,1,93068.5213725802,20057.7575329369,0.205452902860493,0.0442783924063491
758,1,94214.6652356867,20102.5190883318,0.207983066446398,0.0443772055319559
759,1,88895.9453497116,18951.9210704818,0.196241755593281,0.041837209201226
760,1,93201.5031516304,20103.1878361664,0.20574646605598,0.0443786818225628
761,1,94125.6924319077,20274.3943882514,0.207786655022401,0.0447566279056835
762,1,88707.2526575683,19090.7992541278,0.195825208077777,0.0421437889722727
763,1,218555.695441535,35750.8549660638,0.482471424311104,0.0789216033971104
764,1,94369.8933088544,19960.714543862,0.208325739326201,0.0440641656891556
765,1,88716.9293040904,19053.7252664968,0.195846569705625,0.042061946494633
766,1,93077.2221942998,19762.7666803796,0.205472110311661,0.0436271869710273
767,1,94176.7134350011,19823.5730905481,0.207899286157374,0.0437614198276086
768,1,88900.110035137,18808.3162816627,0.196250949321703,0.0415201952389065
769,1,93214.8475230273,19835.515879084,0.205775924349718,0.0437877840648047
770,1,212979.801357804,34943.8420587205,0.470162389971134,0.0771400864887691
771,1,88670.8764470768,19319.8499279289,0.195744905974226,0.0426494285283822
772,1,93092.8519930714,20058.635755908,0.205506613788039,0.0442803311226424
773,1,94374.2249203468,20085.5042619534,0.208335301551345,0.0443396445454961
774,1,88750.6219981682,19322.4256775876,0.195920947827265,0.0426551146103852
775,1,93095.1006999122,20126.6464843889,0.205511577908467,0.04443046783252
776,1,94132.7521782229,20080.3585004127,0.20780223972658,0.0443282850478876
777,1,211423.372749373,34349.5659255275,0.466726504550573,0.0758281954770227
778,1,93210.5968944322,19929.5643416044,0.205766540897923,0.0439954002313603
779,1,94200.8258979896,20028.9276486099,0.207952515492524,0.0442147491536492
780,1,88647.7995443809,18952.703085207,0.195693962684509,0.0418389355335349
781,1,93078.9090871596,19757.817135455,0.205475834202722,0.0436162606303312
782,1,94364.0879842364,19814.8495292439,0.208312923813746,0.0437421621777955
783,1,88779.9965786063,18868.7336360018,0.195985793520871,0.0416535692374299
784,1,218517.340695072,35638.3579188007,0.482386754501342,0.0786732611586975
785,1,94111.3371900033,20042.4189608522,0.207754965187031,0.0442445318258428
786,1,88877.212551769,18957.8590178182,0.196200402108137,0.0418503174842341
787,1,93203.4082072087,20038.8780947979,0.205750671550952,0.0442367152064449
788,1,94239.137574843,20252.7533740305,0.208037090224205,0.0447088544036772
789,1,88638.0810687315,19524.4578422439,0.195672508717,0.043101109605123
790,1,93068.7470898839,20115.944637267,0.205453401141486,0.0444068430287223
791,1,213189.010524644,35060.752329589,0.470624228517599,0.0773981711146973
792,1,88810.8819260664,19170.9986441178,0.196053974299914,0.0423208326948771
793,1,93132.8816450777,19946.4559060711,0.205594981026326,0.0440326891116644
794,1,94086.4482343182,19899.5047529417,0.207700021709695,0.0439290423516126
795,1,88846.5472027746,18803.3859348746,0.196132706985498,0.0415093112789512
796,1,93193.5913504745,19765.8675267871,0.205729000402821,0.0436340322274723
797,1,94284.1254210813,19869.8284235895,0.208136402896919,0.0438635305338493
798,1,210502.361610306,34375.8702417657,0.464693331472313,0.0758862634257685
799,1,93059.1973971526,19841.473513315,0.205432319769781,0.0438009358075088
800,1,94314.0575561254,19921.6842261026,0.208202479417132,0.0439780045256928
801,1,88840.4059003638,18921.0818912249,0.196119149787113,0.0417691303405466
802,1,93155.2380598201,20053.9280512106,0.205644333806822,0.0442699386550107
803,1,94083.9812993241,20281.0347750594,0.207694575840907,0.0447712868550867
804,1,88815.2067221807,19088.203334902,0.196063521479807,0.0421380583650528
805,1,218443.455500412,36017.1678058474,0.482223649645936,0.0795095008429452
806,1,94313.7978717639,20213.9228953491,0.208201906152347,0.0446231343938726
807,1,88650.6321115681,19371.6235211282,0.195700215702635,0.0427637210395067
808,1,93062.011762678,19929.6709045589,0.205438532606929,0.043995635473825
809,1,94283.604522111,19861.984441915,0.20813525298926,0.0438462145952136
810,1,88866.750856878,18896.3098961886,0.196177307451076,0.0417144450590487
811,1,93179.2793794162,19770.5677210256,0.205697406089768,0.0436444081154316
812,1,213204.495747163,34627.5732222062,0.470658412835466,0.0764419089569047
813,1,88770.62777841,18967.1359302131,0.195965111477488,0.0418707966812066
814,1,93149.2384852499,19851.7972108915,0.205631089478953,0.0438237258293556
815,1,94345.5581214637,19961.5226010276,0.20827201831702,0.0440659495113106
816,1,88670.0587612796,19245.1754723828,0.195743100896439,0.042484581344445
817,1,93067.9633343738,20063.979878158,0.205451670966317,0.0442921285103446
818,1,94242.6253014175,20085.2950860083,0.208044789535836,0.0443391827802882
819,1,211341.322394089,34490.0130309511,0.466545374739707,0.076138238712717
820,1,93195.6987362804,20108.8403909562,0.205733652550774,0.0443911600888233
821,1,94109.7673686093,20251.7632889797,0.20775149973644,0.0447066687468647
822,1,88731.7675137575,19025.4426673146,0.195879325713826,0.0419995113982468
823,1,93128.6728296635,19906.2221537137,0.20558568987899,0.0439438713127688
824,1,94365.7643497728,19964.2678618862,0.208316624465273,0.0440720097968312
825,1,88699.5701525808,19047.3662068296,0.195808248606114,0.0420479085874136
826,1,218619.15073236,35482.0453034952,0.48261150468962,0.0783281941038588
827,1,94200.5616770027,19825.1553397496,0.207951932212937,0.0437649127131375
828,1,88896.9538273336,18799.3650136057,0.196243981852513,0.0415004349163024
829,1,93209.0337096468,19839.9889186691,0.205763090097942,0.0437976584987574
830,1,94136.4319407702,20059.6138234245,0.207810362966168,0.044282490250213
831,1,88694.18270187,19310.0457783476,0.195796355568906,0.0426277854318565
832,1,93102.3911139453,20070.4111431725,0.205527671821898,0.0443063258140818
833,1,212966.502085833,35161.5953532714,0.470133031236385,0.0776207865774041
834,1,88728.6780737694,19373.6236850641,0.19587250563756,0.0427681364904107
835,1,93086.3282116288,20117.8923045543,0.20549221225017,0.0444111425909384
836,1,94157.7379999669,20049.7074695898,0.207857397040051,0.0442606215332496
837,1,88898.3756804239,18891.3892087316,0.196247120656488,0.0417035824224967
838,1,93215.3841253462,19925.500250199,0.205777108923218,0.0439864285687143
839,1,94176.2175962115,20009.2332022446,0.207898191571179,0.0441712727868144
840,1,210702.842732902,34264.7048751103,0.465135902472674,0.0756408609315624
841,1,93086.2926230876,19750.6620241826,0.205492133686881,0.0436004654037657
842,1,94373.796209694,19818.2699381419,0.208334355153499,0.0437497128826599
843,1,88762.8968124585,18891.1051608615,0.19594804502609,0.0417029553741822
844,1,93100.2190666777,19849.8960624977,0.20552287693089,0.0438195289596675
845,1,94127.4010407282,20043.8271851739,0.207790426852413,0.0442476405437048
846,1,88889.5249180097,18925.0701673461,0.196227582204564,0.0417779346375788
847,1,218366.447243534,35967.2555302334,0.482053650491695,0.0793993172732264
848,1,94214.1080146082,20276.1093211727,0.207981836356068,0.0447604136964289
849,1,88642.5137745069,19499.3202741877,0.195682294112273,0.0430456173049143
850,1,93074.8675396559,20113.0919124489,0.205466912306742,0.0444005455117285
851,1,94357.2972094888,20053.9847282109,0.208297932876273,0.0442700637720111
852,1,88789.831370209,19201.4989753505,0.196007504261022,0.042388163533463
853,1,93120.5514983594,19928.5689534883,0.205567761678704,0.0439932028677953
854,1,213393.408131819,34624.8222794348,0.471075445331969,0.0764358361283088
855,1,88870.3209112479,18804.7369893133,0.19618518850498,0.0415122937917519
856,1,93201.8782579563,19769.6261544557,0.205747294119888,0.0436423295653249
857,1,94251.5141841045,19873.0246353896,0.208064412139959,0.0438705863136426
858,1,88638.0447205062,19023.5194702697,0.195672428476676,0.0419952658551799
859,1,93063.3483669137,19849.3781162645,0.205441483220264,0.043818385570307
860,1,94335.8916487107,19923.6964657631,0.20825067914822,0.0439824466342962
861,1,211050.711151411,34427.6494073282,0.465903837488104,0.0760005682381327
862,1,93141.157450485,20069.664113051,0.20561325023507,0.0443046767118426
863,1,94083.5879627387,20268.0697128954,0.20769370753289,0.0447426659033611
864,1,88839.2445399001,19030.7527717866,0.196116586032204,0.0420112336901902
865,1,93185.5507025203,20077.4769553015,0.20571125031462,0.044321923908814
866,1,94296.9945122238,20223.6153918279,0.208164811988344,0.0446445310112053
867,1,88640.9399984449,19340.9843975158,0.195678819931577,0.0426960838105658
868,1,218660.486442127,35654.9775999841,0.482702755108537,0.0787099498445538
869,1,94302.4690490685,19862.2270821099,0.208176897272068,0.0438467502342423
870,1,88845.6943167731,18906.2536718984,0.196130824201693,0.0417363963864669
871,1,93164.1949379478,19762.5951484194,0.205664106513907,0.0436268083065914
872,1,94084.5427557123,19852.8243620351,0.207695815280871,0.0438259933112177
873,1,88800.7397102282,18959.3073806654,0.19603158490708,0.0418535148096774
874,1,93162.5734151893,19865.6515369764,0.205660526930253,0.0438543098707624
875,1,212837.853317276,34938.8588784173,0.469849033354399,0.0771290858964779
876,1,88656.3656241544,19294.474189894,0.195712872686834,0.0425934104573458
877,1,93062.2259910246,20070.0971228822,0.205439005525538,0.0443056326003157
878,1,94263.562939411,20072.8583141964,0.208091010303518,0.044311728053026
879,1,88872.8175441399,19019.9779072587,0.196190699933199,0.0419874476972192
880,1,93180.714357873,20113.3359276489,0.205700573868574,0.0444010841861421
881,1,94094.6729567071,20223.1913821376,0.207718178150402,0.0446435949909437
882,1,211042.560351615,34374.0165624071,0.465885844234811,0.075882171346088
883,1,93143.069278313,19889.9153611217,0.205617470680085,0.0439078733424028
884,1,94355.7538363912,19965.8320386131,0.208294525811474,0.0440754627865682
885,1,88677.1324602323,19036.5345907989,0.195758716401685,0.0420239973129745
886,1,93066.0380563915,19761.5997058483,0.205447420829488,0.0436246108228143
887,1,94224.6632941506,19826.8840844676,0.208005137605412,0.0437687289940388
888,1,88889.2688164739,18794.5331269317,0.196227016849026,0.041489768311431
889,1,218366.619180588,35668.9980716572,0.482054030050393,0.0787409006597405
890,1,94120.1316044508,20081.2688593439,0.207774379248311,0.044330294705743
891,1,88715.8717888144,19288.3310880454,0.195844235193589,0.0425798492866219
892,1,93118.4591370667,20080.8085560028,0.205563142698031,0.0443292785656321
893,1,94371.9442153972,20133.390796873,0.208330266793668,0.0444453562024782
894,1,88711.5566010555,19421.0107898891,0.195834709224568,0.0428727456332321
895,1,93072.8155294784,20107.7904819056,0.205462382402953,0.0443888423678689
896,1,213443.632754407,34838.3099347477,0.471186318421532,0.0769071196284871
897,1,88895.3282254515,18911.1815796128,0.196240393264012,0.0417472749620585
898,1,93209.4144967929,19921.232162572,0.205763930702513,0.0439770065753303
899,1,94152.4986206637,19986.3000226377,0.207845830877066,0.0441206467722117
900,1,88675.0315565857,18892.5211628913,0.195754078563387,0.0417060812616808
901,1,93101.3389506862,19746.6378036119,0.205525349124678,0.0435915817577616
902,1,94374.8664176292,19823.3449915965,0.208336717685145,0.0437609162890217
903,1,210709.842936039,34309.2047114443,0.465151355732639,0.0757390963006946
904,1,93085.6619704943,19864.5069731892,0.205490741493215,0.0438517831952644
905,1,94145.6402641492,20040.6605696187,0.207830690749835,0.0442406500989392
906,1,88895.7908116256,18899.2146747053,0.196241414443579,0.041720857486899
907,1,93214.4961966097,20046.2936350686,0.205775148781015,0.0442530853416144
908,1,94189.4527307732,20297.0701465784,0.207927408719742,0.0448066856513546
909,1,88652.0225888159,19459.8350022475,0.195703285243042,0.0429584518098499
910,1,218618.831129515,35902.210230041,0.482610799152116,0.0792557268782694
911,1,94366.6640713032,20064.9960948225,0.208318610640592,0.0442943718538571
912,1,88774.5690111292,19228.4689145578,0.195973811924116,0.042447700874536
913,1,93109.9481945324,19911.7133945479,0.205544354413615,0.0439559934712929
914,1,94119.1369354379,19854.2267293655,0.207772183472198,0.0438290890995106
915,1,88882.2833444866,18808.2972239816,0.196211596108732,0.0415201531682273
916,1,93210.423906205,19772.230635813,0.205766159018713,0.0436480790738313
917,1,212873.142731754,34676.0428428012,0.469926936307383,0.0765489078014649
918,1,88638.8238319749,19042.2104675687,0.195674148399916,0.0420365270635436
919,1,93069.7623052711,19859.3342809849,0.205455642274634,0.0438403642470173
920,1,94349.1020173817,19928.2543768115,0.208279841624977,0.0439925084257813
921,1,88804.506410285,19010.1889891048,0.196039900065089,0.0419658382247475
922,1,93131.1309399699,20084.4977040448,0.205591116266888,0.0443374225241169
923,1,94092.7958343223,20249.8294682054,0.207714034319198,0.0447023997514425
924,1,211336.460961843,34449.5352491004,0.466534642911669,0.0760488822078545
925,1,93198.3918619488,20069.0751346264,0.205739597745543,0.0443033765157584
926,1,94271.5063174821,20229.9347285627,0.208108545664122,0.0446584812282837
927,1,88635.8016856193,19299.8129712313,0.195667476877338,0.0426051960547457
928,1,93061.7409985613,19907.110242491,0.205437934883091,0.0439458318082682
929,1,94327.3986428601,19864.2462848086,0.208231930459832,0.0438512077140625
930,1,88834.664342431,18915.7023940609,0.196106475042453,0.0417572548611474
931,1,218443.877652743,35485.5879319016,0.482224581565995,0.0783360146137275
932,1,94080.5449281699,19855.9003805458,0.207686989898651,0.0438327837589754
933,1,88825.1798528021,18947.1206948792,0.196085537609499,0.0418266121584471
934,1,93180.722384777,19878.4141977818,0.205700591588322,0.0438824840124811
935,1,94309.3463540437,20011.4905308212,0.208192079228869,0.0441762559401076
936,1,88643.5698342953,19340.5900728945,0.195684625411255,0.0426952133214151
937,1,93065.7716449524,20076.4788880634,0.20544683271438,0.0443197206309679
938,1,213327.810885454,34934.1274480523,0.47093063649127,0.0771186410533792
939,1,88858.7171321996,19064.6020590364,0.196159572646315,0.0420859574982259
940,1,93170.0809118746,20113.3389483729,0.2056771000633,0.0444010908545248
941,1,94086.3986563936,20190.1890123377,0.20769991226422,0.0445707407908698
942,1,88787.5834625803,18916.0598219708,0.196002541904891,0.0417580438991655
943,1,93157.8617412961,19875.7094684221,0.205650125700445,0.043876513202048
944,1,94336.9791964345,19966.8596659421,0.208253079958221,0.0440777313196306
945,1,210504.398014137,34396.5916664043,0.464697826924398,0.0759320068928464
946,1,93062.4877030525,19761.5370323672,0.205439583266487,0.0436244724683155
947,1,94254.1247309427,19827.2988021971,0.208070175038285,0.0437696445018833
948,1,88879.7947721712,18793.8996732539,0.196206102474594,0.0414883699342459
949,1,93190.4460379294,19854.3080279956,0.205722056985398,0.0438292685698546
950,1,94105.3549852747,20101.7168253237,0.207741759203859,0.0443754345006617
951,1,88742.1524951974,19255.8674858421,0.195902251022529,0.0425081844399947
952,1,218516.875585818,35895.436496652,0.482385727751965,0.0792407735603542
953,1,94361.4400354962,20159.5495219975,0.208307078349057,0.044503102752361
954,1,88688.9836582995,19461.3754513222,0.195784878448846,0.0429618524197386
955,1,93071.813709792,20098.9478916619,0.20546017084141,0.0443693219563743
956,1,94210.4186530875,20002.9140664467,0.20797369192632,0.0441573230133131
957,1,88889.2142931855,18937.1389598203,0.19622689648644,0.0418045770340762
958,1,93203.2777262354,19916.324111897,0.205750383508396,0.0439661718350368
959,1,213053.147217291,34664.7302155388,0.470324304220143,0.0765239346733249
960,1,88703.6157199166,18870.2768173495,0.195817179376052,0.0416569758789328
961,1,93109.9594974689,19744.0078532804,0.205544379365351,0.0435857760253612
962,1,94372.1802133441,19831.2216712157,0.208330787769638,0.0437783044098256
963,1,88723.21206238,18941.4861027203,0.195860439174158,0.0418141735454938
964,1,93083.546915159,19879.0198031816,0.205486072414433,0.043883820913353
965,1,94172.83867675,20034.9913613956,0.207890732456092,0.0442281350694837
966,1,211424.448840158,34326.6081753124,0.466728880068872,0.075777515221709
967,1,93211.9606671028,20053.1611510274,0.205769551486787,0.0442682456887261
968,1,94160.3567532473,20312.786486496,0.207863178054463,0.0448413801711642
969,1,88670.73136199,19407.8005279338,0.19574458569244,0.042843583392055
970,1,93092.3912586336,20100.6724533595,0.205505596696263,0.0443731290030718
971,1,94370.2957360628,20077.0610996828,0.208326627702173,0.0443210058890286
972,1,88753.3920328045,19248.2734378628,0.195927062802002,0.0424914202411142
973,1,218556.137851191,35610.3368376068,0.482472400950108,0.078611403374909
974,1,94134.4449041046,19838.8509084753,0.207805976494297,0.0437951462906084
975,1,88893.8863620062,18811.298108933,0.196237210286288,0.0415267777553091
976,1,93216.2782910362,19774.1640028723,0.205779082833772,0.0436523470676576
977,1,94199.1243762839,19878.0551665136,0.207948759307634,0.0438816914349782
978,1,88651.1277954096,19060.4808195675,0.195701309946775,0.0420768596786863
979,1,93073.6253198697,19869.9060082648,0.20546417005128,0.043863701805473
980,1,213109.033873713,34790.3037337891,0.470447676501379,0.0768011438033985
981,1,88786.6582750428,19061.6555917947,0.196000499512227,0.0420794530406601
982,1,93113.5017661402,20096.2047628628,0.205552199081088,0.0443632663774698
983,1,94104.263794001,20225.7688647007,0.20773935035056,0.0446492848984102
984,1,88873.5016040595,18949.5903411177,0.196192210025915,0.0418320640124278
985,1,93205.7529010247,20062.8966260591,0.205755847566899,0.0442897371831272
986,1,94244.600202635,20230.7032351712,0.208049149218165,0.0446601777408237
987,1,210546.287869557,34671.3247150706,0.464790300644509,0.0765384923245237
988,1,93068.9987262227,19894.7441803338,0.205453956639902,0.0439185331757158
989,1,94343.9200376777,19866.8561158831,0.208268402174161,0.0438569690323076
990,1,88815.9855410234,18925.4118307061,0.196065240757063,0.0417786888746515
991,1,93134.8529015423,19752.3701968102,0.205599332662701,0.0436042362708616
992,1,94088.7519459127,19862.0024645856,0.207705107255565,0.0438462543810611
993,1,88849.8476689323,18929.8666458637,0.196139992911425,0.0417885230773693
994,1,218410.157792098,35655.054974817,0.482150143472948,0.0787101206529409
995,1,94281.9735155192,20037.5144623159,0.208131652469622,0.0442337049270537
996,1,88638.8109321582,19380.3646013603,0.195674119922997,0.0427830173631329
997,1,93061.8245889958,20084.8333055904,0.205438119412696,0.0443381633794645
998,1,94313.6247565677,20063.5167467726,0.208201523992847,0.0442911061272001
999,1,88841.9055095451,19112.7072253563,0.196122460241119,0.0421921517937541
1000,1,93154.0057052187,20111.5460074915,0.205641613329195,0.044397132857736
1001,1,213279.813393497,34840.977621027,0.47082467989169,0.0769130086646717
1002,1,88811.9138141645,18877.0725069294,0.196056252238813,0.0416719776661164
1003,1,93173.83482313,19864.8960638814,0.205685386989461,0.0438526421302836
1004,1,94315.2973380069,19965.5071422205,0.208205216290811,0.0440747455633223
1005,1,88652.0107007656,19006.0534789344,0.195703258999642,0.0419567089019993
1006,1,93061.9487972554,19761.35881732,0.205438393607956,0.0436240790506675
1007,1,94278.6232114199,19827.6962625693,0.208124256524221,0.0437705219133436
1008,1,211258.594575934,34186.8720958902,0.466362749399403,0.0754690416075565
1009,1,93176.5031111217,19864.0197116987,0.205691277353953,0.043850707543839
1010,1,94092.7701801837,20120.1068064549,0.207713977686546,0.0444160312024382
1011,1,88772.0835573846,19213.3855620998,0.195968325174362,0.0424144037027139
1012,1,93148.3441446353,20092.4803210692,0.205629115182244,0.0443550445064574
1013,1,94346.7775861459,20186.2435018954,0.208274710339578,0.0445620309009772
1014,1,88671.9430949138,19492.6242262052,0.195747260646797,0.0430308354809914
1015,1,218642.248566792,35833.4885293098,0.482662494187076,0.0791040206655081
1016,1,94237.7209818954,19987.9152719247,0.208033963032229,0.0441242125068979
1017,1,88886.2443174911,18962.9419354695,0.196220340132919,0.04186153825116
1018,1,93198.3351135767,19907.4814346086,0.205739472470986,0.0439466512313872
1019,1,94112.139969777,19934.4232809156,0.207756737359108,0.0440061265561326
1020,1,88726.8386572408,18854.2991723407,0.195868445043711,0.0416217045165052
1021,1,93124.5650656791,19745.1074396391,0.205576621807182,0.0435882034111842
1022,1,212906.475558042,34642.2094317762,0.47000052000486,0.0764742190409017
1023,1,88700.6663018365,18970.6783718547,0.195810668404379,0.0418786167787835
1024,1,93076.3005545971,19891.1233474548,0.205470075751,0.0439105400259935
1025,1,94194.1147815483,20027.0818852501,0.207937700404308,0.0442106745488885
1026,1,88894.5097868731,18879.8946607986,0.196238586524427,0.0416782076963801
1027,1,93207.6832000831,20062.103634281,0.205760108787977,0.0442879866184856
1028,1,94139.96154907,20323.8056383266,0.207818154733571,0.0448657054392276
1029,1,210812.693949108,34818.0555181688,0.465378403921279,0.0768624071024848
1030,1,93101.8853109051,20089.9101779362,0.205526555239177,0.0443493708011095
1031,1,94371.9297476446,20089.4601059792,0.20833023485546,0.0443483772472343
1032,1,88734.6469271952,19263.0322596925,0.195885682147135,0.0425240009971312
1033,1,93087.0319457405,19880.8321252992,0.20549376577454,0.0438878216950834
1034,1,94156.5758686294,19828.4094938994,0.207854831583404,0.0437720964032464
1035,1,88897.1485402577,18815.1433295034,0.196244411689958,0.0415352662508465
1036,1,218356.809857624,35510.9362459333,0.482032375533395,0.0783919721450561
1037,1,94175.3433589138,19882.4603448715,0.207896261653437,0.0438914160622516
1038,1,88663.4735672653,19076.2367498985,0.195728563787584,0.0421116415960956
1039,1,93086.0100498335,19883.5440313473,0.205491509893847,0.0438938083483754
1040,1,94368.2047076377,19951.4930882411,0.208322011663865,0.0440438089154799
1041,1,88768.2676121539,19116.9543916658,0.19595990130544,0.0422015276023987
1042,1,93099.8062621868,20105.9339395475,0.205521965646605,0.0443847439679894
1043,1,213429.669977246,34902.394408252,0.47115549496955,0.0770485889557696
1044,1,88885.4862163323,18929.4126560342,0.196218666590872,0.0417875208746163
1045,1,93210.7342308045,20057.7351835331,0.205766844074077,0.0442783430690456
1046,1,94219.1431217089,20228.0771679365,0.207992951579076,0.0446543805805323
1047,1,88643.0797631188,19192.0443856042,0.195683543557323,0.0423672921058302
1048,1,93068.4595400046,19880.4431818177,0.20545276636233,0.0438869630850383
1049,1,94354.9687559181,19868.8336719523,0.20829279271139,0.0438613345753397
1050,1,210929.243535903,34328.1042482685,0.465635692321064,0.075780817869341
1051,1,93123.2545070216,19749.7204213183,0.20557372869062,0.0435983867735375
1052,1,94094.6714454537,19868.3752328597,0.207718174814243,0.0438603225506404
1053,1,88864.1761811464,18909.0366604726,0.196171623739815,0.0417425399575988
1054,1,93200.2576683833,19897.9818010895,0.205743716596283,0.0439256803676212
1055,1,94259.9626671324,20065.2223493622,0.208083062542236,0.044294871320823
1056,1,88638.1522007529,19411.76639293,0.195672665744104,0.0428523382155314
1057,1,218655.302930934,35834.8651322002,0.482691312276893,0.0791070595776529
1058,1,94334.2220098069,20066.4839883024,0.208246993346035,0.0442976564449314
1059,1,88824.4289228599,19163.9550903374,0.196083879898232,0.0423052837364399
1060,1,93142.6816663267,20105.7099688528,0.205616615009375,0.0443842495427134
1061,1,94082.5326559797,20113.8280587,0.207691377896253,0.0444021705873394
1062,1,88838.8787595927,18851.4037219902,0.196115778555897,0.041615312680997
1063,1,93182.3975027612,19856.2190086854,0.205704289485821,0.0438334871447738
1064,1,212830.475008706,34745.7420326724,0.469832745409866,0.0767027718650052
1065,1,88641.5619535839,18987.7974687555,0.195680192925226,0.041916407947062
1066,1,93059.0699769577,19759.5916096728,0.20543203848403,0.0436201778611385
1067,1,94301.0407151607,19827.1611956836,0.208173744161399,0.0437693407293806
1068,1,88856.2133605611,18810.9756450631,0.196154045458995,0.0415260659019653
1069,1,93167.806090931,19876.7962226994,0.205672078294829,0.0438789122604801
1070,1,94084.7964670886,20134.7791149968,0.207696375360025,0.0444484209765223
1071,1,211158.497554338,34628.1811378395,0.4661417807695,0.07644325095772
1072,1,93164.5762138948,20094.1649157606,0.205664948197529,0.0443587633242102
1073,1,94330.1116495216,20211.9932283074,0.208237919542777,0.044618874568
1074,1,88660.8883288431,19513.4316303013,0.195722856758713,0.0430767687515482
1075,1,93065.7610752747,20081.6081738944,0.205446809381346,0.044331043757714
1076,1,94263.1943574932,19978.0327452769,0.20809019664253,0.04410239638951
1077,1,88876.5867766899,18992.1404854289,0.1961990206818,0.0419259953496506
1078,1,218385.891865518,35660.9257517935,0.48209657536009,0.0787230806543901
1079,1,94099.1918284611,19908.6907977911,0.207728153760908,0.0439493209544343
1080,1,88752.5593032105,18843.5629202006,0.195925224514363,0.0415980037620988
1081,1,93138.6907903263,19748.5852970087,0.205607804972994,0.0435958809361063
1082,1,94354.7887189011,19848.5925627188,0.208292395271663,0.0438166514258945
1083,1,88685.9806132941,19001.0802983901,0.195778249093348,0.0419457303846207
1084,1,93068.6666328181,19903.1474132114,0.205453223528932,0.0439370836862712
1085,1,213421.085977143,34737.4904153635,0.471136545407298,0.0766845560525649
1086,1,88891.3843676071,18887.6350944473,0.196231687022303,0.0416952950481407
1087,1,93198.7024466254,20073.0708696652,0.205740283375038,0.0443121972786831
1088,1,94118.7117400867,20328.9344698981,0.207771244834537,0.0448770275631758
1089,1,88714.0261840988,19274.7792678831,0.195840160939043,0.042549933040502
1090,1,93115.6086061072,20076.9011331301,0.205556850024078,0.0443206527557443
1091,1,94368.9641766821,20101.6310500081,0.20832368822558,0.044375245147835
1092,1,210615.80226493,34738.9631417048,0.464943756765969,0.0766878071615057
1093,1,93076.1594394579,19868.3028546723,0.20546976423305,0.0438601627725706
1094,1,94179.8025772969,19821.6153708178,0.207906105576471,0.0437570980741775
1095,1,88896.556200647,18818.9894605873,0.196243104073906,0.0415437567563827
1096,1,93212.8116479441,19773.5582837613,0.205771430064867,0.0436510099157631
1097,1,94153.101877853,19887.1588674214,0.207847162594159,0.043901788259884
1098,1,88675.9311339045,19089.9503186253,0.195756064420353,0.0421419149093699
1099,1,218588.189873417,35613.3045799338,0.482543157215618,0.0786179547981727
1100,1,94373.6886586024,19968.8736678951,0.208334117729678,0.0440821773185733
1101,1,88744.1925733018,19175.5610102005,0.195906754585736,0.0423309043210488
1102,1,93092.0837828576,20111.7842168965,0.205504917929804,0.0443976587155988
1103,1,94141.554175224,20169.3090025998,0.207821670526685,0.0445246472401274
1104,1,88896.3362971547,18921.8368741405,0.19624261862716,0.0417707969989327
1105,1,93213.0669732494,20056.2406669424,0.205771993706841,0.0442750438571596
1106,1,212922.431809454,35012.6317996908,0.470035744139971,0.0772919429033863
1107,1,88653.4759996768,19130.8469742906,0.1957064937122,0.0422321960968198
1108,1,93080.4230705946,19865.6498865613,0.205479176388533,0.0438543062273977
1109,1,94363.5848604797,19872.2994739878,0.208311813145662,0.0438689854875755
1110,1,88779.3464141556,18940.2327297249,0.195984358253911,0.0418114066688262
1111,1,93108.7680240843,19751.907629911,0.205541749134829,0.0436032151338456
1112,1,94112.6434891603,19875.1886402797,0.207757848900555,0.0438753634507447
1113,1,211395.32997686,34300.147000392,0.466664598882233,0.0757191010004415
1114,1,93208.0734754637,19904.7687319736,0.205760970338248,0.0439406628195942
1115,1,94233.138160885,20092.352045777,0.208023846250894,0.0443547613330413
1116,1,88641.0464818256,19430.8281227111,0.195679054998379,0.0428944178323483
1117,1,93064.9139131184,20100.8021903092,0.205444939233184,0.0443734154031621
1118,1,94345.5472601867,20074.9902937469,0.208271994340268,0.0443164344927657
1119,1,88807.7284974478,19214.8858691693,0.196047012965897,0.0424177156973398
1120,1,218481.562048426,35906.993807742,0.482307771546575,0.0792662868389331
1121,1,94090.4438783929,20074.0469973078,0.207708842271812,0.0443143521238958
1122,1,88856.071584855,18835.7421551927,0.196153732482814,0.0415807390752877
1123,1,93196.164785816,19850.3629534075,0.205734681375865,0.0438205596421295
1124,1,94278.7522082103,19955.2985891127,0.208124541290377,0.0440522097280144
1125,1,88637.7500569563,18969.1688117445,0.195671777993775,0.0418752843576587
1126,1,93059.2871454838,19758.5667108528,0.205432517893216,0.043617915351381
1127,1,213258.737333482,34591.669410065,0.470778153551237,0.0763626496937362
1128,1,88837.8232143719,18827.8979403183,0.196113448392845,0.0415634226218527
1129,1,93148.9844915466,19891.4880758072,0.205630528776549,0.0439113451800632
1130,1,94085.0225909828,20146.3655966055,0.207696874538585,0.0444739986503194
1131,1,88821.5671480018,19110.5466691945,0.196077562402872,0.0421873822698734
1132,1,93172.9332796623,20093.8749720327,0.205683396792134,0.044358123260527
1133,1,94313.7937093498,20236.9106681639,0.208201896963633,0.0446738809254112
1134,1,210489.010820304,35045.8902116635,0.464663859009218,0.0773653623279517
1135,1,93060.745391723,20074.5496461476,0.205435737036687,0.0443154617435796
1136,1,94285.9335092447,19974.6509986553,0.208140394332008,0.0440949310333412
1137,1,88861.5475668052,19019.1352129111,0.196165820956673,0.0419855874119436
1138,1,93169.439876925,19883.6014073461,0.205675684950121,0.0438939350084462
1139,1,94084.8681866845,19883.8130719035,0.207696533684225,0.0438944022673768
1140,1,88779.2606696748,18837.7014738444,0.195984168969154,0.0415850643584089
1141,1,218477.467717432,35489.6249782545,0.48229873312869,0.0783449265732166
1142,1,94338.9597178555,19859.7391631953,0.208257452047399,0.0438412580425159
1143,1,88664.2841677414,19034.0449120799,0.19573035322421,0.0420185012364014
1144,1,93064.806854566,19913.5038365817,0.205444702896665,0.0439599459517645
1145,1,94249.6313785507,20008.4076809539,0.208060255762907,0.044169450411826
1146,1,88879.2865282779,18905.4405513013,0.19620498050358,0.0417346013865616
1147,1,93191.7033702612,20085.5402063477,0.205724832602477,0.0443397238943462
1148,1,213132.254568749,35107.6199447562,0.470498937219088,0.07750163346098
1149,1,88738.5626401388,19200.6636703239,0.195894326257724,0.0423863195604424
1150,1,93131.9087637724,20062.6902400345,0.205592833347548,0.0442892815767927
1151,1,94355.9587851898,20112.1683604328,0.208294978245068,0.044398506729551
1152,1,88693.7579407752,19267.3843212118,0.195795417889886,0.0425336083666197
1153,1,93070.7050766587,19857.5731299834,0.20545772348443,0.0438364764278031
1154,1,94211.0802298884,19817.3284199787,0.207975152386551,0.0437476344394134
1155,1,211394.182100347,34227.0963569843,0.466662064893743,0.0755578384540662
1156,1,93206.4776222879,19770.9881627311,0.205757447421341,0.0436453362592079
1157,1,94130.1696484424,19894.3004710649,0.207796538677156,0.0439175536677577
1158,1,88699.46732311,19097.8390820282,0.195808021605481,0.0421593297056641
1159,1,93110.096352238,19913.2757059147,0.205544681478344,0.0439594423431644
1160,1,94371.5854788775,19990.4865629864,0.208329474866835,0.0441298887463496
1161,1,88723.2322407839,19233.6280408209,0.195860483718882,0.0424590898753641
1162,1,218591.7062337,35914.8468841105,0.482550919737435,0.0792836228545107
1163,1,94167.4346348846,20140.960984447,0.207878802793172,0.0444620677284522
1164,1,88901.4102086742,18928.5452292798,0.19625381951265,0.041785605991452
1165,1,93211.009920075,20055.6255832808,0.205767452670411,0.0442736860326027
1166,1,94165.6929152252,20203.81092828,0.20787495786951,0.0446008117765434
1167,1,88670.8688178455,19068.4350724801,0.195744889132359,0.0420944190459877
1168,1,93089.8922889614,19849.0168076091,0.205500080109497,0.0438175879653705
1169,1,213031.059805325,34742.4299580999,0.470275545275247,0.0766954603129854
1170,1,88756.3508036746,18946.4891372338,0.195933594420375,0.0418252179668378
1171,1,93098.5392530797,19755.0061508772,0.205519168667614,0.0436100552567754
1172,1,94128.3570763231,19880.889590402,0.207792537343536,0.0438879485518552
1173,1,88892.1012000844,18863.1087887928,0.196233269461899,0.0416411521368872
1174,1,93213.3737673712,19910.0213764321,0.205772670968519,0.0439522582660006
1175,1,94208.0996060944,20119.2230229938,0.207968572526876,0.044414080211116
1176,1,210617.935979518,34932.8913018358,0.464948467035881,0.0771159122055926
1177,1,93072.0951103399,20109.2084822424,0.205460792045643,0.0443919726667191
1178,1,94359.9673685898,20087.7235288907,0.208303827371322,0.0443445436760267
1179,1,88790.5757692881,19264.6330088183,0.196009147555118,0.0425275347220663
1180,1,93116.6818558413,20086.3633603015,0.20555921927063,0.0443415410433329
1181,1,94107.9849975223,20036.575511151,0.207747565072942,0.0442316321505701
1182,1,88870.774590998,18831.1842947115,0.196186190023219,0.041570677395432
1183,1,218383.449858203,35678.2348031873,0.482091184520262,0.0787612911556658
1184,1,94246.412651985,19946.7051104595,0.208053150280767,0.0440332392414425
1185,1,88636.3187819057,18951.4271412052,0.195668618390404,0.0418361188303662
1186,1,93060.6879110998,19758.0019092407,0.205435610145653,0.0436166685266863
1187,1,94337.6303439769,19827.8785133056,0.2082545173954,0.0437709242399548
1188,1,88819.6472463297,18851.5023673927,0.196073324134487,0.0416155304451131
1189,1,93135.7436947367,19908.8232909829,0.205601299128322,0.0439496134390517
1190,1,213345.647074636,34889.5198804165,0.470970010672674,0.0770201678626035
1191,1,88844.3183730126,19058.4591955832,0.196127786744606,0.0420723968537705
1192,1,93191.3494470035,20090.9687832092,0.205724051301135,0.0443517077193619
1193,1,94290.7885093423,20260.6604170743,0.20815111196079,0.0447263095530921
1194,1,88638.0135244864,19516.7399899637,0.195672359610073,0.0430840721027386
1195,1,93058.6806833845,20067.8483824479,0.205431179101142,0.0443006684057287
1196,1,94312.4969532347,19974.155261794,0.208199034316798,0.0440938366721576
1197,1,211155.679204617,34518.2466931282,0.466135559137065,0.0762005657784866
1198,1,93157.6543346839,19868.818820548,0.205649667841118,0.0438613017902039
1199,1,94079.2644019707,19862.0957184836,0.207684163080078,0.0438464602431911
1200,1,88810.6973980403,18834.0981495387,0.196053566946084,0.0415771098596414
1201,1,93172.3897315641,19763.0642836267,0.205682196885517,0.0436278439434399
1202,1,94322.480891879,19871.690315318,0.208221074305681,0.0438676407427019
1203,1,88657.3749334333,19067.5157814471,0.195715100781986,0.0420923896701202
1204,1,218656.325862613,35658.9735772862,0.482693570444099,0.0787187711422856
1205,1,94273.6417102635,20000.314040224,0.208113259638721,0.0441515833397146
1206,1,88868.5223257075,18935.1186335957,0.196181218047355,0.0418001170740227
1207,1,93179.4828180678,20099.3005719916,0.205697855189645,0.0443701005138978
1208,1,94096.1225447044,20318.0652153283,0.207721378180419,0.0448530331999866
1209,1,88768.5309417395,19128.77200206,0.19596048261722,0.0422276155032761
1210,1,93148.1973860846,20046.5461405909,0.205628791206212,0.0442536427587924
1211,1,212862.075586942,35105.7768358815,0.469902505092677,0.0774975647161131
1212,1,88675.0005722477,19256.8323519682,0.195754010164082,0.0425103144249087
1213,1,93067.8203812853,19847.2808746207,0.205451355391012,0.0438137558160425
1214,1,94231.4420836688,19816.0676869222,0.208020102084957,0.0437448513150832
1215,1,88885.8920195864,18824.4306836451,0.196219562419615,0.0415557684984395
1216,1,93196.6431267485,19767.3713253161,0.205735737334762,0.0436373519296501
1217,1,94113.3204248612,19903.3394844328,0.207759343266241,0.0439375076920406
1218,1,210932.34867222,34521.6148412268,0.465642547047673,0.0762080011153107
1219,1,93122.2414494792,19928.5165245681,0.205571492321011,0.0439930871286207
1220,1,94363.5464785839,20014.5581187457,0.208311728415919,0.0441830277769711
1221,1,88704.1225113662,19290.7505662291,0.195818298140731,0.042585190392389
1222,1,93076.089744628,20117.9199966395,0.205469610378611,0.0444112037224488
1223,1,94190.3013413555,20115.5672494896,0.207929282065369,0.0444060099284085
1224,1,88899.8722513973,18946.7269676252,0.196250424403516,0.0418257429880112
1225,1,218357.350402351,35987.8142232584,0.482033568809938,0.0794447015030253
1226,1,94140.47711715,20182.6175683115,0.207819292873053,0.0445540264912216
1227,1,88685.1881211572,19007.4868684929,0.195776499631687,0.0419598731732413
1228,1,93101.1291539865,19833.8040332593,0.205524885989127,0.0437840050889626
1229,1,94373.6037238583,19876.4095685738,0.208333930232451,0.0438780587042901
1230,1,88732.6505870306,18951.3893122464,0.195881275137377,0.041836035321256
1231,1,93089.1345832203,19759.5597797326,0.205498407440353,0.0436201075951287
1232,1,213446.368576281,34619.1409418827,0.471192357870074,0.0764232943228197
1233,1,88896.2828770904,18842.9355395405,0.196242500699991,0.0415966187913705
1234,1,93210.5647145816,19915.7697428306,0.205766469859471,0.0439649480406511
1235,1,94178.7775610052,20145.9403202782,0.20790384280739,0.0444730598339003
1236,1,88657.7669592254,19432.6538501552,0.195715966196368,0.0428984482069335
1237,1,93082.0628271468,20116.8800515552,0.205482796224099,0.0444089079973933
1238,1,94371.6910856469,20104.3760263129,0.208329707998479,0.0443813048051906
1239,1,210809.740358575,34853.7313528731,0.46537188373873,0.0769411630953154
1240,1,93102.9153773955,20072.0662475073,0.205528829156796,0.0443099795305598
1241,1,94119.0088793553,20002.2064824369,0.207771900782697,0.0441557609901211
1242,1,88882.0692180816,18834.4541106613,0.196211123415163,0.0415778956596612
1243,1,93213.267181048,19845.0453229052,0.205772435674467,0.0438088207361394
1244,1,94220.8701156572,19935.0659146246,0.207996763995075,0.044007545198645
1245,1,88641.7730066611,18936.8422616833,0.195680658834286,0.0418039220597347
1246,1,218640.220850925,35469.7220392554,0.482658017914058,0.0783009899496137
1247,1,94356.7497075499,19831.4007255569,0.208296724241377,0.0437786996802524
1248,1,88799.7778710734,18880.1452763855,0.196029461604341,0.0416787609414415
1249,1,93122.9513881102,19926.6347475816,0.205573059542134,0.0439889330221761
1250,1,94100.083058654,20152.3564111829,0.207730121191222,0.0444872236401148
1251,1,88868.5255803206,19010.3854782877,0.196181225232058,0.0419662719833633
1252,1,93198.655793591,20089.4836765365,0.205740180386389,0.0443484292802887
1253,1,212843.835016944,35298.9168198966,0.469862238222627,0.0779239298263471
1254,1,88632.9534267464,19497.3910464407,0.195661189219117,0.0430413584488042
1255,1,93065.2823525381,20060.4554385254,0.2054457525796,0.0442843481530035
1256,1,94327.3544674417,19977.0421562299,0.20823183294063,0.0441002096201034
1257,1,88830.017646077,19068.6760489086,0.196096217253455,0.0420949510121781
1258,1,93141.9472060357,19852.922422143,0.205614993655596,0.0438262097832698
1259,1,94086.0455016034,19843.4991160361,0.207699132659304,0.0438054074156631
1260,1,211260.979681061,34233.021848086,0.466368014625117,0.0755709192393817
1261,1,93182.3830515781,19770.6891137185,0.205704257584192,0.0436446760952037
1262,1,94296.7292066438,19883.6882308898,0.208164226314469,0.043894126675283
1263,1,88644.7933040275,19101.9966755194,0.195687326275138,0.0421685077783259
1264,1,93060.9504089636,19932.7261041144,0.20543618962137,0.0440023799628126
1265,1,94298.9181331825,19994.665707387,0.208169058467219,0.044139114393603
1266,1,88855.5977339143,18973.3680550555,0.196152686435774,0.0418845543741512
1267,1,218413.386439329,36048.7481650549,0.4821572708554,0.079579215891351
1268,1,94086.5541601086,20301.0415523291,0.207700255545592,0.044815452706293
1269,1,88794.5725601631,19061.4187348222,0.196017970648848,0.0420789301683522
1270,1,93158.7691647428,20031.3212594771,0.205652128878088,0.0442200331561642
1271,1,94333.8187435128,20129.1083155648,0.208246103117743,0.0444359024344025
1272,1,88661.9608292633,19236.4039299714,0.195725224351122,0.0424652177742023
1273,1,93060.8388668508,19840.2751351202,0.205435943387192,0.043798290334311
1274,1,213379.553309173,34648.3355427861,0.471044860194381,0.0764877427035931
1275,1,88875.4082729212,18827.6939106619,0.196196419082282,0.0415629722173061
1276,1,93186.5031337342,19765.3545839212,0.205713352848912,0.0436328998832677
1277,1,94094.4222315521,19913.7233911077,0.207717624663464,0.0439604306281517
1278,1,88747.4752037531,19091.6047566936,0.195914001138548,0.0421455671550349
1279,1,93137.6434947877,19944.6833395209,0.205605493021483,0.0440287760921184
1280,1,94357.759727996,20040.5708868567,0.208298953906462,0.0442404521202509
1281,1,210544.807939985,34861.5480730544,0.464787033634115,0.0769584188529917
1282,1,93068.3023132856,20118.6982675005,0.205452419277351,0.0444129217900107
1283,1,94215.6461209145,20093.1440388939,0.207985231794192,0.0443565096930936
1284,1,88892.374155439,18973.4133284141,0.196233872022992,0.0418846543171052
1285,1,93199.120477796,20056.0100042453,0.205741206197452,0.0442745346589902
1286,1,94124.7556092381,20156.245879665,0.207784586944666,0.0444958098148863
1287,1,88710.8591209466,18953.4102126723,0.195833169506187,0.0418404965488845
1288,1,218552.164040227,35612.5541050201,0.482463628585553,0.0786162980914013
1289,1,94367.9032346172,19880.2062653746,0.208321346148756,0.0438864400814464
1290,1,88715.022345118,18955.4730691798,0.195842360008826,0.0418450503964304
1291,1,93078.9001572371,19765.6875328436,0.205475814489521,0.0436336348828314
1292,1,94177.2997969014,19888.774773337,0.207900580577364,0.0439053554441072
1293,1,88900.1633926759,18827.1116549254,0.196251067110845,0.041561686861855
1294,1,93211.4694099682,19922.3592347742,0.2057684670148,0.0439794946373759
1295,1,212986.274234108,35100.191029916,0.470176679133644,0.0774852338008531
1296,1,88676.1619665988,19412.7844832123,0.195756573993799,0.0428545856951388
1297,1,93095.3481513687,20122.5415196347,0.20551212416857,0.0444214059401374
1298,1,94371.5663702038,20123.5115705137,0.208329432683588,0.0444235473706239
1299,1,88746.8061093147,19355.3101767431,0.195912524082798,0.042727708605766
1300,1,93095.1121894617,20058.0979335837,0.205511603272159,0.0442791438559261
1301,1,94144.2359078445,19972.7546389206,0.207827590570793,0.044090744734831
1302,1,211424.814681915,34298.4087231377,0.46672968768083,0.0757152636760422
1303,1,93211.8345115171,19842.4087713015,0.205769272992718,0.0438030004311368
1304,1,94197.1524171578,19922.4877564227,0.207944406120103,0.0439797783546348
1305,1,88646.3203845424,18924.9329945395,0.195690697373336,0.0417776318225034
1306,1,93076.0036429094,19757.7421469672,0.205469420305236,0.043616095089907
1307,1,94368.8685735742,19836.5796714121,0.208323477177465,0.043790132433712
1308,1,88777.56833754,18913.6291562826,0.19598043307065,0.0417526780964843
1309,1,218521.033602852,35782.4766710054,0.482394906759615,0.0789914097180642
1310,1,94112.4887221099,20148.2148034127,0.207757507245404,0.0444780808566436
1311,1,88877.8884039209,18970.139919733,0.19620189408184,0.0418774281217615
1312,1,93209.6498206957,20087.5202069839,0.205764450190502,0.0443440948338687
1313,1,94234.2386585564,20299.596626727,0.20802627564848,0.0448122629687214
1314,1,88640.6372807867,19462.0849180222,0.195678151668874,0.042963418599053
1315,1,93065.6481885996,20051.8583076656,0.205446560178987,0.044265369604023
1316,1,213181.597381899,34975.0117866317,0.470607863675073,0.0772088950503138
1317,1,88806.5455149848,19089.2188743652,0.196044401479463,0.0421403002136134
1318,1,93131.7618304328,19837.312619169,0.205592508985662,0.0437917504485047
1319,1,94090.381580848,19828.7860778557,0.20770870474721,0.0437729277290896
1320,1,88852.4878191498,18829.8307754501,0.196145821160528,0.0415676894414253
1321,1,93188.8049795169,19778.8043114366,0.205718434275919,0.043662590755326
1322,1,94279.5400417604,19897.8141595367,0.208126280468,0.0439253102914327
1323,1,210505.197903755,34549.9908095392,0.464699592716328,0.0762706423282071
1324,1,93063.0947598661,19941.8868661127,0.20544092337142,0.0440226027526153
1325,1,94316.7179831003,19994.1389103271,0.208208352428079,0.0441379514656486
1326,1,88843.0118309445,19018.7127450971,0.196124902494844,0.0419846547954426
1327,1,93154.8447565818,20123.5391003902,0.20564346557242,0.0444236081440515
1328,1,94084.0375212276,20278.9563581408,0.207694699953261,0.0447666986572407
1329,1,88816.269373322,19003.5253610561,0.196065867329494,0.0419511279692712
1330,1,218440.122390506,35938.6683194325,0.482216291657482,0.0793362097331354
1331,1,94311.0060962381,20132.1620562964,0.208195743183628,0.0444426437029713
1332,1,88648.6488496797,19207.1989796024,0.195695837563753,0.0424007465465227
1333,1,93059.8363938476,19830.9085143785,0.205433730383423,0.0437776131021706
1334,1,94284.0501026679,19817.1874868842,0.20813623662817,0.0437473233233351
1335,1,88863.4226654425,18832.3736203127,0.196169960320364,0.0415733028846264
1336,1,93177.2790539212,19763.8981265924,0.205692990282215,0.043629684688896
1337,1,213211.802690055,34728.0418359581,0.470674543237088,0.0766636978930269
1338,1,88773.7349665565,19076.7245340729,0.195971970733604,0.042112718401369
1339,1,93154.2576230892,19958.0029873323,0.205642169449106,0.044058179807441
1340,1,94342.4789070632,20067.3778782089,0.208265220814194,0.0442996297466818
1341,1,88668.5167906648,19396.6316683881,0.195739696927683,0.042818927637548
1342,1,93067.9671292859,20119.4923148792,0.205451679343754,0.0444146746849375
1343,1,94242.4970174664,20075.8955856095,0.208044506343305,0.0443184329648416
1344,1,211334.60825619,34523.2540198447,0.466530552981487,0.0762116196750599
1345,1,93188.006684959,20054.8200656132,0.205716672005155,0.0442719078165026
1346,1,94103.9959670214,20124.9920443802,0.207738759110583,0.0444268155825715
1347,1,88735.8933705366,18905.2137980518,0.195888433726283,0.0417341008186718
1348,1,93133.1150672534,19806.251769488,0.205595496316168,0.0437231822404988
1349,1,94360.2413746657,19881.681748383,0.208304432251929,0.0438896972758526
1350,1,88696.1370366663,18957.4337213746,0.195800669849945,0.0418493786234074
1351,1,218621.653530428,35509.0065132095,0.48261702972774,0.0783877121741874
1352,1,94202.4745291275,19889.2243880613,0.207956154919132,0.0439063479886207
1353,1,88897.7944073475,18816.7717453766,0.196245837470303,0.0415388610513577
1354,1,93202.5840613737,19930.5176285076,0.205748852212343,0.0439975046546243
1355,1,94135.0204975415,20194.4329927771,0.207807247142425,0.0445801095665644
1356,1,88695.4437447625,19378.0256723634,0.195799139377213,0.0427778540732804
1357,1,93107.8168922235,20125.8960898111,0.205539649468917,0.044428811303094
1358,1,212960.332817531,35231.8738908057,0.470119412302053,0.0777759295766939
1359,1,88726.7684579855,19392.9973540212,0.195868290075731,0.0428109047268412
1360,1,93082.0581907644,20043.4391001474,0.205482785989078,0.0442467838287375
1361,1,94161.9385229095,19947.5887364773,0.207866669881388,0.0440351898852016
1362,1,88899.1110529856,18859.4350982081,0.196248744024145,0.0416330423014271
1363,1,93216.4736049974,19839.1048489509,0.205779513998034,0.0437957068755097
1364,1,94167.6035574167,19907.3059312282,0.207879175697179,0.0439462637998645
1365,1,210712.486923033,34265.6010907236,0.465157192451596,0.0756428393674139
1366,1,93089.3147813732,19760.8150548605,0.205498805235795,0.0436228786708385
1367,1,94372.7824139427,19843.9663763687,0.20833211715426,0.0438064389136424
1368,1,88755.9070849277,18951.5200134203,0.195932614891494,0.0418363238499142
1369,1,93102.1324470071,19960.5953100206,0.20552710080312,0.0440639024751445
1370,1,94129.5316185965,20138.882402653,0.207795130197877,0.0444574791666366
1371,1,88889.470150505,18938.830156383,0.19622746130286,0.0418083104257538
1372,1,218365.128061417,36060.9389802711,0.482050738338463,0.0796061276584821
1373,1,94210.2078059124,20313.638085891,0.207973226471797,0.0448432601147284
1374,1,88643.6568693029,19414.7856548316,0.195684817544908,0.0428590033705486
1375,1,93074.842391892,20041.4371396181,0.205466856791935,0.0442423644117734
1376,1,94362.7159311372,19989.2556419161,0.208309894945467,0.044127171433306
1377,1,88789.5644846829,19106.0804658078,0.196006915099346,0.0421775229271328
1378,1,93119.44540369,19823.1330710433,0.205565319925495,0.0437604484649692
1379,1,213397.568849092,34580.8543836761,0.471084630300519,0.0763387750416699
1380,1,88869.4096360109,18826.9316225753,0.196183176824339,0.04156128943243
1381,1,93206.6788794022,19786.0949167846,0.205757891705377,0.0436786850910934
1382,1,94248.5278112815,19911.6764991271,0.208057819589047,0.0439559120230094
1383,1,88636.9480556204,19168.0345580236,0.195670007540134,0.0423142893429102
1384,1,93061.4948512664,19953.3060213079,0.205437391501983,0.0440478110459079
1385,1,94334.9709271893,19997.095891971,0.208248646614486,0.0441444791342252
1386,1,211039.498318138,34578.116911643,0.465879084659636,0.076332731950328
1387,1,93139.052649618,20132.1584051552,0.205608603793484,0.0444426356429146
1388,1,94088.6966171193,20251.1888480156,0.207704985114791,0.0447054006428713
1389,1,88844.3738062347,18956.2426511873,0.196127909115911,0.0418467492829616
1390,1,93190.8258415696,20004.1392429346,0.205722895418837,0.0441600276449354
1391,1,94292.8975308219,20133.6812747828,0.208155767719567,0.0444459974453915
1392,1,88640.487955532,19171.7969430124,0.195677822026729,0.0423225949752145
1393,1,218660.435787729,35549.2069880335,0.482702643286701,0.0784764565114472
1394,1,94308.5205032159,19817.5949020412,0.208190256126413,0.0437482227104258
1395,1,88847.4949044195,18838.3547188018,0.196134799079056,0.0415865064257246
1396,1,93161.38408431,19764.9036368781,0.205657901429407,0.043631904397601
1397,1,94082.7087372511,19937.6868703498,0.207691766603497,0.0440133310750516
1398,1,88802.845110571,19053.9203641974,0.196036232672036,0.0420623771814898
1399,1,93167.47535538,19970.6699697786,0.205671348181381,0.0440861427349239
1400,1,212836.288493072,35130.0006457273,0.469845578935327,0.0775510398544065
1401,1,88655.9338935749,19440.4045099672,0.195711919622366,0.0429155581334046
1402,1,93061.349354481,20120.5331803911,0.205437070311354,0.0444169724418777
1403,1,94269.3074368949,20064.2324021018,0.208103691537367,0.0442926859681889
1404,1,88870.5904711442,19046.6239894744,0.196185783570448,0.0420462701095701
1405,1,93183.0560925403,20050.3614775202,0.205705743352069,0.044262065284862
1406,1,94091.1108740123,20090.9242438595,0.207710314694326,0.0443516093967653
1407,1,211053.758983547,34252.1964180943,0.465910565713185,0.0756132479560219
1408,1,93145.1687766364,19796.5170318421,0.20562210541607,0.0437016923739096
1409,1,94351.3778182735,19883.7685159102,0.208284865556728,0.0438943039080386
1410,1,88679.055469672,18959.1409793772,0.195762961530605,0.0418531474714282
1411,1,93068.1725585674,19778.2243702635,0.205452132838036,0.0436613105093765
1412,1,94231.2122395078,19887.6130481546,0.208019594693743,0.0439027908840654
1413,1,88883.988131688,18814.6449445249,0.196215359502349,0.0415341660438261
1414,1,218368.03252094,35835.9316368081,0.482057150062121,0.0791094139340387
1415,1,94118.2969558505,20214.5734988594,0.207770329179876,0.044624570630076
1416,1,88718.2907494077,19331.9901556042,0.195849575156753,0.0426762286212654
1417,1,93121.8937403712,20126.1920725859,0.20557072473768,0.0444294646982416
1418,1,94363.9777060535,20166.109588625,0.208312680369749,0.0445175843913911
1419,1,88705.6044273273,19423.0820110077,0.195821569536167,0.0428773179460292
1420,1,93078.7816192386,20029.4873324672,0.205475552811614,0.0442159846806725
1421,1,213442.380789244,34761.6239719098,0.471183554652717,0.076737831952683
1422,1,88896.3883190567,18876.4701208803,0.196242733467824,0.0416706478721043
1423,1,93210.9590149559,19834.2547723119,0.205767340295096,0.043785000115481
1424,1,94148.7280749987,19890.910235367,0.207837507229705,0.0439100695715751
1425,1,88685.6293149208,18911.6943573741,0.195777473586555,0.0417484069417874
1426,1,93097.1095933424,19765.7352860299,0.205516012630118,0.0436337403001155
1427,1,94374.783861977,19854.855378875,0.208336535439869,0.0438304768712802
1428,1,210700.239345219,34423.2712420914,0.465130155378504,0.0759909032435263
1429,1,93089.9734324671,19975.1212102367,0.205500259237397,0.0440959690463336
1430,1,94148.4314713116,20125.885958185,0.207836852463866,0.0444287889370784
1431,1,88898.0770687538,18920.5626914741,0.196246461457937,0.0417679841839902
1432,1,93216.9508692371,20091.3960266199,0.205780567580083,0.0443526508782051
1433,1,94184.7772934784,20322.0525926045,0.207917087483837,0.0448618355127783
1434,1,88655.240863661,19354.8580974088,0.195710389727988,0.0427267106205161
1435,1,218616.254615492,35826.8851413167,0.482605111382744,0.0790894433926355
1436,1,94371.7223717911,19996.3729730164,0.208329777064034,0.0441428832584602
1437,1,88775.1176867143,19119.2705812488,0.195975023149889,0.042206640693983
1438,1,93105.8973111517,19810.1844109014,0.205535411908272,0.0437318637214374
1439,1,94123.0443537734,19812.5783606331,0.20778080927207,0.0437371484720107
1440,1,88886.3633210011,18821.8482819968,0.196220602838463,0.0415500677318734
1441,1,93210.8524025432,19791.6047152962,0.20576710494345,0.0436908482165164
1442,1,212877.034754311,34801.0631360498,0.469935528120387,0.0768248956627266
1443,1,88641.4597045424,19196.6911320074,0.195679967205916,0.0423775500053145
1444,1,93068.9108386925,19966.5274964528,0.205453762624268,0.0440769980407002
1445,1,94354.7349011841,20004.8845206846,0.208292276466657,0.0441616728787366
1446,1,88806.4752875542,19125.1108627349,0.196044246449284,0.04221953337528
1447,1,93131.3624119662,20138.217310813,0.205591627251621,0.0444560109468003
1448,1,94090.5610038466,20218.9019683001,0.207709100831464,0.044634125919001
1449,1,211343.113833608,34381.9933579382,0.46654932942217,0.0758997804772229
1450,1,93197.8360244895,19993.8807696927,0.205738370709614,0.0441373816087099
1451,1,94266.2278964947,20130.0686905441,0.208096893314881,0.0444380225049099
1452,1,88638.045197498,19128.5125199235,0.195672429529656,0.0422270426849117
1453,1,93063.4342906707,19812.6216699438,0.205441672900781,0.0437372440792417
1454,1,94326.9406842711,19819.1069003949,0.208230919495866,0.0437515605140816
1455,1,88832.5460509002,18846.4359714882,0.196101798819626,0.0416043461506786
1456,1,218447.253630311,35538.7179520027,0.482232034186721,0.0784533014976042
1457,1,94088.0446407412,19949.6050439201,0.20770354584792,0.0440396409736157
1458,1,88827.9653264856,19025.5686502227,0.19609168666662,0.0419997895111231
1459,1,93181.0262312961,19979.2523965977,0.205701262343035,0.0441050888240801
1460,1,94303.0622889608,20125.9461767975,0.208178206875532,0.0444289218723454
1461,1,88645.9223330543,19476.812157913,0.195689818656962,0.0429959296365343
1462,1,93060.0198602551,20121.6187172289,0.205434135393683,0.044419368812758
1463,1,213321.828217617,34981.4589180648,0.470917429485769,0.077223127379876
1464,1,88856.5830377916,19089.1092802768,0.196154861537934,0.0421400582797861
1465,1,93168.6411479547,20043.1249922192,0.205673921720372,0.0442460904215067
1466,1,94085.5884289708,20054.5438549094,0.207698123651126,0.0442712980690817
1467,1,88790.0445713894,18838.4216092999,0.196007974912116,0.0415866540894759
1468,1,93159.439601419,19788.4949078889,0.205653608896888,0.0436839831782657
1469,1,94333.069738127,19885.7619177462,0.20824444965502,0.043898704431306
1470,1,210501.635005095,34323.2837619594,0.464691727458973,0.0757701764312822
1471,1,93062.3951892182,19784.8516107071,0.205439379038081,0.0436759404375951
1472,1,94260.645146959,19885.5902080172,0.208084569146826,0.0438983253744376
1473,1,88876.7253237208,18819.909146916,0.196199326530537,0.0415457870048832
1474,1,93189.8997398268,19954.4808491023,0.205720851008024,0.0440504045305488
1475,1,94099.149264317,20231.3815109465,0.207728059798665,0.0446616750647837
1476,1,88748.2664397054,19277.0943286218,0.195915747827126,0.0425550436401123
1477,1,218513.176710025,35976.1411200336,0.482377562319037,0.0794189326081555
1478,1,94356.7510495245,20187.0609459707,0.208296727203846,0.0445638354451529
1479,1,88691.6233212794,19443.5691449876,0.19579070562235,0.0429225442060514
1480,1,93070.6708495134,20015.9835977348,0.205457647926483,0.0441861745852791
1481,1,94216.4348559653,19914.8087992727,0.207986972961918,0.043962826714981
1482,1,88891.8065921471,18895.3703098106,0.196232619101766,0.0417123708803039
1483,1,93201.6388088791,19826.2929409468,0.205746765525394,0.0437674240184083
1484,1,213060.375995173,34614.363563658,0.470340262069027,0.0764127480477757
1485,1,88705.8970779532,18910.0873417078,0.195822215575448,0.0417448593831852
1486,1,93110.4823795187,19773.545613537,0.205545533650746,0.043650981945679
1487,1,94371.7128294957,19867.0078369077,0.208329755998993,0.0438573039632217
1488,1,88719.8181654046,19036.2683856713,0.195852946995542,0.0420234096533079
1489,1,93082.3321657363,19988.6193070171,0.205483390801021,0.0441257666956968
1490,1,94175.513758137,20109.8232487606,0.207896637817306,0.0443933297911675
1491,1,211422.931950033,34385.53670198,0.466725531466413,0.0759076025668887
1492,1,93212.8287144384,20095.754394462,0.205771467739912,0.0443622721691818
1493,1,94161.8062929445,20324.0143056721,0.207866377977855,0.0448661660816793
1494,1,88675.1723622262,19287.3815904491,0.195754389398105,0.0425777532284215
1495,1,93091.4345762475,20014.4128455385,0.205503484777319,0.0441827070799011
1496,1,94374.3004982136,20003.4307065672,0.208335468392849,0.0441584635193716
1497,1,88749.8365022019,19127.6524891284,0.195919213809961,0.0422251441286566
1498,1,218559.637478398,35510.7808528912,0.482480126532913,0.0783916291080002
1499,1,94133.7898824632,19808.4544277674,0.207804530504872,0.0437280447066778
1500,1,88893.5969849392,18816.9156572467,0.196236571473534,0.0415391787432155
1501,1,93215.458643885,19796.4202693029,0.205777273426208,0.043701478766298
1502,1,94201.1341396501,19941.5201969655,0.207953195949708,0.0440217933141545
1503,1,88648.7595910227,19220.5126233596,0.195696082030196,0.0424301370076285
1504,1,93078.0468917597,19980.0804330149,0.205473930868006,0.0441069167513221
1505,1,213101.579426465,34948.900342558,0.470431220477325,0.0771512528754548
1506,1,88779.3661614261,19181.9771250308,0.195984401846889,0.0423450681800799
1507,1,93114.5214390569,20141.6537251984,0.205554450054431,0.0444635969844907
1508,1,94109.5140531428,20183.7976937256,0.207750940531274,0.0445566316705936
1509,1,88877.579670629,18901.683409688,0.196201212539358,0.041726307329242
1510,1,93203.3834236578,19986.8897108402,0.20575061684016,0.0441219485351623
1511,1,94240.2631300964,20122.4807556096,0.208039574937519,0.0444212718008478
1512,1,210551.870529102,34456.6414219444,0.464802624613904,0.0760645694006614
1513,1,93068.0027153823,19802.1867456532,0.205451757901646,0.0437142085194733
1514,1,94342.891975028,19819.5033181578,0.208266132680109,0.0437524356239355
1515,1,88808.7750062369,18856.4597193354,0.196049323180623,0.041626474020149
1516,1,93130.0808290959,19774.5313371496,0.205588798100399,0.0436531579744226
1517,1,94086.1136404683,19961.40700868,0.207699283078881,0.0440656943360589
1518,1,88848.0925471142,18992.7183544324,0.196136118401902,0.0419272710211933
1519,1,218407.351433632,35811.2300191349,0.48214394831174,0.0790548840137021
1520,1,94283.2762169494,20155.3871720118,0.208134528241005,0.0444939141795259
1521,1,88641.5372676181,19501.701470218,0.195680138429858,0.0430508739011242
1522,1,93060.6570790848,20123.7399055231,0.205435542082608,0.0444240514303192
1523,1,94316.6277276835,20057.3310779701,0.208208153185229,0.0442774509880309
1524,1,88838.9733139425,19132.2985180006,0.196115987288832,0.0422354004441593
1525,1,93155.4160851982,20032.4817303191,0.205644726805767,0.0442225949471935
1526,1,213286.441213121,34714.7873005648,0.470839311098477,0.0766344379162651
1527,1,88815.1765298404,18818.2895668846,0.196063454828872,0.0415422117098858
1528,1,93172.9282944238,19785.0246761707,0.205683385786998,0.0436763224873082
1529,1,94316.2182152288,19886.1003949364,0.208207249168261,0.0438994516347671
1530,1,88648.6607640677,18962.792132727,0.195695863865295,0.0418612075549391
1531,1,93057.7292262113,19790.2740757998,0.205429078717088,0.0436879107706092
1532,1,94279.2780777089,19883.9515023507,0.208125702170698,0.0438947078587495
1533,1,211249.734215575,34250.9160068874,0.466343189759586,0.0756104213912992
1534,1,93179.3772817254,19969.6491204075,0.205697622213473,0.0440838891645051
1535,1,94089.6016290174,20241.7971772895,0.207706982968833,0.0446846681117757
1536,1,88773.9787280936,19216.2629814082,0.195972508848045,0.0424207557338943
1537,1,93150.6354053246,20119.1712692802,0.205634173242187,0.0444139659624898
1538,1,94343.1385777893,20207.6938440156,0.208266677066679,0.0446093834858354
1539,1,88671.850810162,19454.2537966076,0.1957470569241,0.0429461310500132
1540,1,218643.965500711,35735.4134799177,0.482666284395112,0.0788875156292335
1541,1,94241.6098920624,19905.823143179,0.208042547974495,0.0439429904792557
1542,1,88883.1820204581,18912.7661834016,0.196213579975934,0.0417507730454437
1543,1,93194.3255216191,19818.0896690878,0.205730621118296,0.0437493149307003
1544,1,94107.6505205422,19862.0347137638,0.207746826700123,0.0438463255725571
1545,1,88730.1499236734,18909.9859113377,0.195875754811726,0.0417446354711292
1546,1,93124.2348804231,19783.9007774755,0.205575892908535,0.0436738414309205
1547,1,212901.609973257,34735.9283233878,0.469989779009909,0.076681107665009
1548,1,88696.4824666074,19081.4343865764,0.195801432401913,0.0421231156103781
1549,1,93070.8837824403,19999.6932700952,0.205458117985396,0.0441502129620284
1550,1,94199.5029688541,20092.7841288391,0.207949595067582,0.0443557151756303
1551,1,88896.5579127094,18920.9302320132,0.19624310785336,0.0417687955460872
1552,1,93210.5117730118,20102.1999954756,0.2057663529886,0.0443765011202749
1553,1,94135.8531299128,20320.8094653804,0.20780908521544,0.044859091254107
1554,1,210823.581249465,34653.9940852115,0.465402438121347,0.0765002341878255
1555,1,93105.8698938186,19997.9386503968,0.205535351383288,0.0441463395609564
1556,1,94371.6379385274,20010.0545655914,0.208329590673847,0.0441730859829564
1557,1,88728.6679786869,19130.0189097761,0.195872483352216,0.0422303681075517
1558,1,93084.2520868836,19791.5521007541,0.205487629112398,0.0436907320675732
1559,1,94156.5394072008,19807.4864415813,0.207854751093178,0.0437259078340926
1560,1,88896.1418132088,18810.5202370996,0.196242189295195,0.0415250605686184
1561,1,218356.424716913,35554.4865152996,0.482031525318136,0.0784881113028478
1562,1,94176.6412331505,19958.4866399955,0.207899126768575,0.0440592474922196
1563,1,88663.7523382334,19235.2835346476,0.195729179186903,0.0424627444516628
1564,1,93086.1884959596,19994.8455583501,0.205491903821612,0.0441395114226081
1565,1,94373.1552867807,20035.7049699557,0.208332940287645,0.0442297103921388
1566,1,88762.8626172838,19241.2552481274,0.19594796953872,0.042475927274935
1567,1,93102.5020287159,20140.4145952942,0.20552791667119,0.0444608615500807
1568,1,213432.086483479,34873.7429214152,0.471160829514603,0.0769853395234688
1569,1,88890.0425975145,18894.5195572728,0.196228725005109,0.0417104928062146
1570,1,93214.4729782332,19982.1981244935,0.205775097525416,0.0441115916495072
1571,1,94215.1228490408,20110.4166207722,0.207984076648243,0.0443946396862906
1572,1,88641.3466285138,19033.8610520609,0.195679717585551,0.0420180953572269
1573,1,93074.6761091258,19791.4839711515,0.205466489715328,0.0436905816684434
1574,1,94356.7073077456,19821.9368003377,0.208296630641922,0.0437578076441476
1575,1,210917.866186617,34249.5370009788,0.465610576316176,0.0756073771743846
1576,1,93119.1854273682,19782.7579007212,0.205564746016195,0.0436713184796227
1577,1,94099.8544660773,19970.4587504996,0.207729616562935,0.0440856764589653
1578,1,88871.9348847961,18957.8614944707,0.196188751423416,0.0418503229515547
1579,1,93203.1509828903,19991.8990038684,0.205750103716821,0.044133006772456
1580,1,94252.599096548,20184.6106136202,0.208066807132462,0.0445584262274394
1581,1,88636.4694799606,19513.9253177943,0.195668951063066,0.04307785858866
1582,1,218654.301910568,35881.7965685643,0.482689102479885,0.079210662812068
1583,1,94335.7090410483,20062.4782454267,0.208250276033679,0.0442888135892614
1584,1,88823.8620689563,19174.4791415138,0.196082628543012,0.0423285160477751
1585,1,93141.3017312863,20018.4169030849,0.20561356874136,0.0441915462151316
1586,1,94084.1001801578,19980.9059350801,0.207694838275638,0.0441087390838691
1587,1,88837.8669217066,18808.1721273606,0.196113544878732,0.0415198770118691
1588,1,93190.4115906832,19783.6727283493,0.205721980941569,0.0436733380023252
1589,1,212830.848703869,34656.2993227426,0.469833570358568,0.0765053231022681
1590,1,88640.9934216707,18964.7755309528,0.195678937865726,0.041865585994792
1591,1,93059.1307363568,19794.8791781803,0.205432172613107,0.0436980767390601
1592,1,94300.8503238812,19881.5445964514,0.208173323864177,0.0438893945068598
1593,1,88848.4363111825,18857.7770973606,0.196136877276381,0.0416293821907685
1594,1,93164.2461878509,19986.4178844166,0.205664219650349,0.044120906957334
1595,1,94086.443928252,20247.337372363,0.207700012203862,0.0446968983389618
1596,1,211168.758884389,34620.9175607398,0.466164433112259,0.0764272162880134
1597,1,93161.029272225,20112.0663284261,0.205657118165939,0.0443982814893554
1598,1,94326.9452126645,20227.012275008,0.208230929492495,0.0446520297820006
1599,1,88654.4917364774,19452.845722457,0.195708735996392,0.0429430226636607
1600,1,93061.5116279903,19993.4944479465,0.205437428537348,0.0441365287862622
1601,1,94267.4760877124,19901.4941382478,0.208099648752544,0.0439334340082116
1602,1,88872.5616525849,18930.4185184622,0.196190135041204,0.0417897413606912
1603,1,218388.137739271,35535.8395503852,0.482101533226351,0.0784469472979328
1604,1,94095.3409751086,19849.9919024823,0.207719652830753,0.0438197405306987
1605,1,88759.4513345979,18909.448515568,0.195940438980375,0.0417434491460511
1606,1,93142.9320935838,19795.3887119195,0.20561716783869,0.0436992015574657
1607,1,94353.3300053202,19900.334824372,0.208289175096514,0.0439308747712366
1608,1,88683.2608313621,19128.3866628047,0.195772245053692,0.0422267648497208
1609,1,93064.6840220819,20009.0533128651,0.20544443173849,0.0441708756730032
1610,1,213417.974832759,34827.8534232576,0.471129677417612,0.0768840364140153
1611,1,88888.2390234252,18940.9426511063,0.196224743535041,0.04181297385187
1612,1,93200.574341724,20110.0449531737,0.205744415666776,0.0443938192135264
1613,1,94120.255869846,20309.2460597892,0.207774653569701,0.0448335645216454
1614,1,88717.2409898286,19141.2984555583,0.195847257765763,0.0422552682068519
1615,1,93115.517164775,19979.6044928035,0.205556648163268,0.0441058660921242
1616,1,94371.5571744313,20016.2879540091,0.208329412383511,0.0441868464652999
1617,1,210608.105480928,34548.4995861984,0.464926765772747,0.0762673503863167
1618,1,93075.0182268701,19786.0028812527,0.205467244955474,0.0436784819185608
1619,1,94186.0334680695,19807.5368671656,0.207919860545152,0.0437260191508142
1620,1,88898.3578918359,18803.605732751,0.196247081387388,0.0415097964925451
1621,1,93210.2241253504,19801.1519789827,0.205765717993586,0.0437119242259967
1622,1,94152.6905412138,19975.8731479117,0.207846254550221,0.0440976289822153
1623,1,88677.197339325,19242.0894101101,0.19575885962517,0.0424777687246356
1624,1,218585.016182016,35749.9054683099,0.482536151150606,0.078919507338562
1625,1,94374.2882070194,20056.8769772796,0.208335441259491,0.0442764485405473
1626,1,88739.2798260126,19299.2187304214,0.195895909477458,0.0426038842417115
1627,1,93088.7302067773,20137.4533495463,0.205497514761358,0.0444543244683047
1628,1,94145.9273867142,20115.257006249,0.207831324585675,0.0444053250526478
1629,1,88895.6369798058,18899.5496882196,0.19624107485299,0.0417215970441411
1630,1,93215.1331240695,19979.2614211368,0.205776554826729,0.0441051087461518
1631,1,212927.841222559,34831.6282456245,0.470047685660142,0.0768923695023853
1632,1,88654.3662178562,18986.750943456,0.195708458908449,0.0419140976958887
1633,1,93078.6490435043,19779.8181823168,0.20547526014478,0.0436648289204154
1634,1,94366.7333898549,19823.7001874791,0.20831876366438,0.0437617003997401
1635,1,88771.9431677802,18882.1297077876,0.195968015258062,0.041683141662077
1636,1,93107.1604651381,19793.3749448922,0.205538200376912,0.043694756077132
1637,1,94120.1304538131,19978.2026198462,0.207774376708227,0.0441027713951818
1638,1,211399.375708681,34353.6330153387,0.466673530015279,0.0758371737587832
1639,1,93210.4584463919,19996.1406555033,0.205766235267713,0.044142370407211
1640,1,94228.3497113847,20212.8094801768,0.208013275535516,0.0446206764803281
1641,1,88639.2919913189,19512.1763134843,0.195675181882503,0.043073997583808
1642,1,93068.2527377661,20128.1720991343,0.205452309837185,0.0444338356949666
1643,1,94348.9779340286,20070.3297230508,0.208279567705453,0.0443061460755396
1644,1,88802.417577766,19214.9370843324,0.196035288874342,0.0424178287570916
1645,1,218485.215547611,35761.0498223836,0.482315836808621,0.0789441089961491
1646,1,94094.5174545613,19947.9380671324,0.207717834872495,0.0440359610481696
1647,1,88855.9876777807,18805.2108682972,0.196153547254213,0.0415133399006984
1648,1,93198.2560852453,19784.3704360626,0.205739298012427,0.0436748782231531
1649,1,94269.7498749971,19883.647498816,0.208104668239168,0.0438940367574174
1650,1,88635.014191842,18969.8054194322,0.195665738449778,0.0418766896974609
1651,1,93061.7318746363,19799.29715674,0.205437914741621,0.0437078296233487
1652,1,213251.793264159,34646.0801544913,0.470762824209167,0.0764827638335583
1653,1,88834.5627554862,18888.3297776011,0.196106250784752,0.0416968285921188
1654,1,93150.6468714847,20004.2451824322,0.205634198554245,0.0441602615110912
1655,1,94083.1119901393,20245.9593320305,0.207692656802194,0.0446938562535994
1656,1,88824.5070361158,19091.3308123695,0.196084052336721,0.0421449624107479
1657,1,93178.4877763895,20104.0597368449,0.205695658590857,0.0443806065821139
1658,1,94306.8125084069,20243.9759982799,0.208186485651859,0.0446894779560784
1659,1,210489.187250938,34927.8524839182,0.464664248487695,0.0771047887907915
1660,1,93062.8867333554,19984.0907685315,0.205440464143639,0.0441157697454514
1661,1,94291.2056312937,19900.1478045355,0.208152032776062,0.0439304619166243
1662,1,88857.980700079,18946.5250287801,0.196157946939635,0.0418252971990236
1663,1,93169.4234853382,19795.56371852,0.205675648764963,0.0436995878923248
1664,1,94086.2371214442,19841.1524454414,0.20769955566863,0.0438002270358889
1665,1,88782.555478307,18907.4351051846,0.195991442405842,0.0417390044530248
1666,1,218473.850151748,35532.7209783159,0.482290747191447,0.0784400629113006
1667,1,94338.7516078688,19920.1894907872,0.208256992635342,0.0439747048309621
1668,1,88662.2064574496,19176.5884284149,0.195725766586274,0.0423331723924813
1669,1,93064.6301245265,20017.6384599785,0.205444312757237,0.0441898277673303
1670,1,94253.0689068081,20063.6754866891,0.208067844259519,0.0442914565526303
1671,1,88881.5515987561,18970.3094351742,0.196209980747466,0.0418778023346422
1672,1,93192.7624316841,20119.1135433522,0.2057271705277,0.0444138385299346
1673,1,213139.753044111,35023.1998248768,0.470515490437161,0.077315272289305
1674,1,88742.7618710565,19071.2520805143,0.195903596246858,0.0421006377165916
1675,1,93134.6409110454,19961.6643887111,0.205598864684245,0.044066262513932
1676,1,94360.4492430647,20020.9556967192,0.20830489113067,0.0441971507150661
1677,1,88690.9248227368,19117.8681775274,0.195789163655731,0.0422035448253555
1678,1,93069.8738494339,19781.495866084,0.205455888513338,0.0436685324819952
1679,1,94207.2871430532,19808.7261090717,0.207966778978554,0.0437286444552479
1680,1,211389.808412849,34187.9120255532,0.466652409783946,0.0754713372985687
1681,1,93204.8244488824,19802.198417634,0.205753797967475,0.0437142342858904
1682,1,94127.5374217106,19994.247988413,0.207790727919501,0.0441381922603777
1683,1,88702.7408005554,19237.6187790232,0.195815247952625,0.0424678996075499
1684,1,93109.0673375245,20023.9988402961,0.205542409882569,0.0442038685899444
1685,1,94372.4334447875,20080.9677931388,0.20833134678932,0.0443296300886965
1686,1,88726.7849807658,19355.0550846004,0.195868326550504,0.0427271454785083
1687,1,218594.777197103,35910.9065332002,0.482557699025817,0.0792749243545144
1688,1,94171.8298746522,20084.919967481,0.207888505480565,0.0443383546894448
1689,1,88899.1775473472,18914.544364077,0.196248890813408,0.0417546984584209
1690,1,93212.0660786218,19976.877847881,0.205769784187407,0.0440998469021109
1691,1,94162.6144908475,20071.8859331125,0.207868162110694,0.0443095814785085
1692,1,88670.9324333473,18942.9154328742,0.19574502956641,0.0418173288554194
1693,1,93092.9839897272,19769.758283288,0.205506905176531,0.0436426212456025
1694,1,213024.065436083,34637.0388883342,0.470260104893868,0.0764628048361432
1695,1,88751.2585420956,18897.022503136,0.195922353026313,0.041716018170599
1696,1,93097.5340958111,19804.776673412,0.20551694973821,0.0437199259002631
1697,1,94131.9644819799,19982.2560553165,0.207800500852068,0.044111719534377
1698,1,88891.4743829824,18895.712348303,0.19623188573525,0.0417131259454979
1699,1,93213.4846730819,20001.0506797566,0.205772915797811,0.0441532095042662
1700,1,94202.2545037037,20238.5981827174,0.207955669203217,0.0446776061888894
1701,1,210625.889518182,35000.3113000416,0.464966024826447,0.077264744852098
1702,1,93074.2757664948,20128.0372814588,0.205465605941153,0.044433538078948
1703,1,94362.6988301251,20082.5913507918,0.208309857194222,0.0443332141644703
1704,1,88788.1920879043,19252.124704796,0.19600388547238,0.0424999220842663
1705,1,93112.1756610756,19985.5343500024,0.205549271645141,0.0441189565157937
1706,1,94106.8156256987,19918.2097732675,0.2077449836326,0.043970334516432
1707,1,88872.9974512769,18807.157853215,0.196191097086211,0.0415176379565533
1708,1,218381.359005487,35555.3456196004,0.482086568869841,0.0784900078138255
1709,1,94244.8830575863,19880.9165919503,0.208049773633058,0.0438880081589747
1710,1,88639.4288407172,18976.0094525907,0.19567548398364,0.0418903853767632
1711,1,93064.6791420644,19805.2535351653,0.205444420965634,0.0437209785938057
1712,1,94343.9118625951,19883.8975162501,0.208268384127303,0.0438945886820299
1713,1,88816.0218615062,18926.3670294423,0.196065320936145,0.0417807975183718
1714,1,93132.9452326179,20022.363042079,0.205595121398651,0.0442002574925804
1715,1,213351.149987058,34953.1546525771,0.470982158596748,0.0771606444541562
1716,1,88848.4340641843,19035.8485688471,0.196136872316033,0.0420224828889849
1717,1,93190.9382475611,20095.2426775338,0.205723143560065,0.0443611425312893
1718,1,94280.2509376662,20257.6885902557,0.20812784980235,0.0447197491131317
1719,1,88638.0865193127,19411.2153839134,0.195672520749401,0.042851121838605
1720,1,93058.9707803483,19973.8825025154,0.2054318195031,0.0440932345439112
1721,1,94316.9448783879,19901.091545303,0.208208853309524,0.0439325452663689
1722,1,211145.268565342,34389.8018198012,0.466112577187549,0.075917018004294
1723,1,93159.9453629808,19784.6333934022,0.205654725388044,0.0436754587131829
1724,1,94088.2950347122,19834.0897991841,0.207704098603755,0.0437846359299593
1725,1,88811.8314401011,18903.2266268995,0.196056070394402,0.041729714049916
1726,1,93174.4206397649,19820.6737306098,0.205686680205754,0.0437550193615115
1727,1,94316.4137375705,19940.7880869285,0.208207680792532,0.0440201771486661
1728,1,88652.8949534517,19222.555816726,0.195705211026799,0.0424346474479153
1729,1,218657.141452239,35769.3340847347,0.482695370894495,0.0789623968739729
1730,1,94276.148345727,20053.9781618255,0.208118793148062,0.0442700492764233
1731,1,88866.1681882554,19008.7447224897,0.196176021184161,0.0419626499419189
1732,1,93178.0717147542,20125.7748647969,0.205694740116281,0.04442854369348
1733,1,94090.7362901186,20266.9815383594,0.207709487783711,0.0447402637096448
1734,1,88769.7945484726,19006.5144135861,0.195963272085319,0.0419577264357563
1735,1,93148.2202547298,19944.0995216117,0.205628841689764,0.0440274872881015
1736,1,212858.840942547,34917.8691600308,0.469895364471221,0.0770827501590113
1737,1,88673.7014854969,19102.6488424896,0.195751142372265,0.0421699474659368
1738,1,93066.0895585862,19777.9190266188,0.205447534522875,0.0436606364496919
1739,1,94237.882641515,19809.9762097386,0.208034319903034,0.0437314041081048
1740,1,88885.9361742108,18795.5646392918,0.196219659892914,0.0414920454208724
1741,1,93196.3543794271,19805.7122372153,0.2057350999122,0.0437219911989954
1742,1,94112.9426612243,20013.3737733183,0.207758509336201,0.044180413281732
1743,1,210943.746808256,34679.6486909397,0.465667708940238,0.0765568678717057
1744,1,93124.9548420728,20036.9582350907,0.205577482255918,0.0442324770306998
1745,1,94366.8877853723,20106.6222160098,0.208319104499356,0.0443862633689112
1746,1,88700.5226431802,19407.1405633261,0.195810351271502,0.0428421264908125
1747,1,93074.3702094878,20126.2561906015,0.205465814428263,0.0444296062416146
1748,1,94193.6519265571,20059.257324031,0.207936678631316,0.0442817032619363
1749,1,88893.1977818314,18937.9868335504,0.196235690214907,0.0418064487530695
1750,1,218357.925207425,35834.5193853554,0.482034837717719,0.079106296326106
1751,1,94140.0753236412,20046.3433293819,0.207818405896001,0.0442531950440226
1752,1,88688.7164987522,18904.2267391837,0.195784288682255,0.0417319218422924
1753,1,93106.5360663814,19760.3873296306,0.205536821988868,0.043621934448358
1754,1,94371.248800975,19830.4820265429,0.208328731635382,0.0437766716112931
1755,1,88733.8509505111,18913.1756780378,0.195883924993181,0.0417516770230772
1756,1,93087.8599234335,19818.1526303193,0.205495593572146,0.0437494539204209
1757,1,213446.878338435,34691.7543570934,0.471193483192716,0.0765835916684918
1758,1,88895.5317904504,18872.8719962549,0.196240842642807,0.0416627048518625
1759,1,93215.8377940148,20006.568185611,0.205778110416994,0.0441653896439915
1760,1,94174.9422448217,20261.7545181433,0.207895376176228,0.044728724829894
1761,1,88657.126728203,19462.2854745418,0.195714552857894,0.0429638613364957
1762,1,93085.1035433036,20127.7925468777,0.205489508740339,0.0444329978164684
1763,1,94369.7610613069,20095.6296914431,0.208325447383854,0.0443619968817178
1764,1,210798.963728275,34799.5508859026,0.46534809384774,0.0768215573032251
1765,1,93102.040826298,19969.077444476,0.205526898546327,0.0440826271644444
1766,1,94119.4752723905,19892.411699496,0.207772930366078,0.0439133841204612
1767,1,88886.6657701825,18813.3017636123,0.196221270508491,0.0415312009121846
1768,1,93212.1362037441,19785.6892243102,0.205769938991735,0.0436777895069013
1769,1,94215.9993960337,19877.6433875218,0.20798601166474,0.0438807824145279
1770,1,88640.6619682294,18984.4080235282,0.195678206167503,0.0419089255958786
1771,1,218638.336792735,35518.311337347,0.482653858771755,0.0784082529875738
1772,1,94355.6546782834,19889.3945237977,0.208294306915538,0.0439067235708307
1773,1,88798.7597791639,18968.7793904578,0.196027214121141,0.0418744246928373
1774,1,93122.526662145,20038.2641401059,0.205572121940664,0.0442353598741388
1775,1,94097.2666670765,20226.3186624656,0.207723903881474,0.0446504986014446
1776,1,88865.7703019955,18990.0739395073,0.196175142832534,0.0419214333575588
1777,1,93201.6077401062,20089.8984044844,0.205746696939695,0.0443493448106907
1778,1,212846.122096918,35217.9481161132,0.469867287053452,0.077745187809306
1779,1,88639.344327953,19371.6945076506,0.195675297417952,0.0427638777454141
1780,1,93064.1374702593,19963.0742233209,0.205443225201017,0.0440693747865767
1781,1,94332.6223366496,19903.3599962309,0.208243461996348,0.0439375529727477
1782,1,88825.1913545164,18973.9647581729,0.196085563000045,0.0418858716228387
1783,1,93142.0857190348,19773.8113330513,0.205615299429206,0.0436515685333323
1784,1,94083.7059709868,19831.8138363135,0.207693968041349,0.0437796116406327
1785,1,211269.613537145,34305.2111393399,0.466387074246665,0.075730280312544
1786,1,93183.5927856049,19832.4797611454,0.205706928125894,0.0437810816993355
1787,1,94295.4320271329,19961.9642862833,0.208161362732969,0.0440669245511694
1788,1,88640.2113815745,19266.5535182728,0.195677211477409,0.0425317743321577
1789,1,93059.7136268924,20034.2251206023,0.205433459369906,0.0442264435588317
1790,1,94298.7102009367,20048.7294436613,0.208168599447533,0.0442584624974862
1791,1,88854.7616978725,19054.6667280912,0.196150840849005,0.0420640248130014
1792,1,218416.313790103,36038.390253471,0.482163733112512,0.0795563503405601
1793,1,94082.5700611064,20236.3586948712,0.207691460469735,0.0446726624198027
1794,1,88796.1395117417,18952.326462772,0.196021429764194,0.0418381041227482
1795,1,93160.7739433686,19928.9474438581,0.205656554516125,0.0439940384021309
1796,1,94329.1383339624,20024.9849185693,0.208235770905363,0.044206045401617
1797,1,88659.7716578361,19082.1473227137,0.195720391657769,0.0421246894486297
1798,1,93064.3035789159,19774.4439396474,0.20544359189327,0.0436529650405468
1799,1,213374.792239632,34592.4303657679,0.471034349921481,0.0763643295373161
1800,1,88877.0097373433,18796.8237754802,0.196199954386266,0.0414948250200449
1801,1,93185.0219833622,19810.6451849527,0.205710083143548,0.043732880900662
1802,1,94097.73636546,20032.1221807112,0.207724940761559,0.0442218012254326
1803,1,88752.4515222947,19197.0590700467,0.195924986583195,0.0423783622449109
1804,1,93139.8987216994,20047.1466312122,0.205610471535258,0.0442549683685633
1805,1,94356.5046765584,20134.2733602164,0.208296183324559,0.0444473045003364
1806,1,210539.535644764,34992.2095008687,0.464775394807775,0.0772468597698607
1807,1,93070.8006028136,20120.8223274099,0.205457934362668,0.0444176107467899
1808,1,94220.8450173335,20039.1920895376,0.207996708589409,0.044237408363807
1809,1,88890.9926167466,18966.5775421742,0.196230822214844,0.04186956401476
1810,1,93200.9638313297,19968.3524785506,0.205745275482414,0.0440810267699002
1811,1,94116.7878530576,20017.6625738942,0.2077669977683,0.0441898809998723
1812,1,88713.2206196365,18872.4254150262,0.195838382619641,0.0416617190039254
1813,1,218548.606632392,35508.9959763288,0.482455775449439,0.0783876889135544
1814,1,94369.1681807814,19835.8762344961,0.208324138573709,0.0437885795654142
1815,1,88714.5214857469,18931.4832812693,0.195841254339474,0.0417920918719741
1816,1,93076.9174868831,19830.0582194971,0.205471437656478,0.0437757360383785
1817,1,94180.8148079024,19980.319127093,0.207908340120581,0.0441074436791224
1818,1,88899.4835825014,18858.9752286834,0.19624956639963,0.0416320271189853
1819,1,93211.3784960956,20014.7070288532,0.20576826631838,0.0441833565026606
1820,1,212992.837203258,35193.0762289201,0.470191167180121,0.0776902820114266
1821,1,88678.0526078819,19416.7498090046,0.195760747668572,0.0428633393282986
1822,1,93097.2020933329,20123.1025917648,0.205516216827964,0.0444226445318346
1823,1,94374.49562205,20111.3743359429,0.208335899137402,0.0443967538851523
1824,1,88743.3877543577,19311.9683929924,0.195904977912099,0.0426320296892492
1825,1,93090.6665100737,19951.6239621336,0.205501789237059,0.0440440978254221
1826,1,94139.7282487974,19872.9526802175,0.207817639712837,0.0438704274693979
1827,1,211425.98115983,34251.226957298,0.466732262732742,0.075611107828169
1828,1,93214.5970258855,19785.9213668401,0.205775371366129,0.0436783019718673
1829,1,94189.9402190554,19873.9373131212,0.20792848487182,0.043872601090353
1830,1,88647.9217685105,18994.4847901637,0.195694232499714,0.0419311705066837
1831,1,93078.3481143198,19820.1323853145,0.205474595830213,0.04375382431768
1832,1,94365.802324242,19898.4402348994,0.208316708295603,0.0439266923806588
1833,1,88780.0988205885,19016.7836525991,0.195986019224597,0.0419803962379006
1834,1,218524.718891069,35907.471126145,0.482403042197365,0.0792673405405504
1835,1,94112.2857413949,20207.3355192132,0.207757059156442,0.0446085924678872
1836,1,88878.7193760359,18955.3055737832,0.196203728489766,0.0418446806428881
1837,1,93208.6227634144,20084.9427074726,0.205762182915845,0.0443384048889884
1838,1,94231.9825550012,20274.7177325365,0.208021295199476,0.0447573417025831
1839,1,88639.4157201637,19320.331611906,0.195675455019435,0.0426504918671985
1840,1,93066.3414040383,19949.976017483,0.205448090482919,0.0440404599142656
1841,1,213174.158965827,34841.5400920253,0.470591443040555,0.0769142503444328
1842,1,88808.4866865906,18983.9726316371,0.196048686702173,0.0419079644489021
1843,1,93128.2903239741,19764.8222276376,0.205584845480658,0.0436317246830797
1844,1,94092.291197625,19831.2618272619,0.207712920311231,0.0437783930560847
1845,1,88854.8342444931,18883.9802824375,0.196151000998899,0.0416872268879748
1846,1,93196.7577325656,19842.2660720547,0.205735990332204,0.0438026854161988
1847,1,94277.0486796234,19985.121163989,0.208120780675207,0.0441180443892806
1848,1,210508.301907426,34770.2332680423,0.464706444942574,0.0767568373570445
1849,1,93061.3322420907,20043.6883237764,0.205437032534991,0.0442473340009899
1850,1,94321.6650168466,20048.3817099654,0.208219273225237,0.0442576948598771
1851,1,88834.907423685,19105.4396504333,0.19610701165514,0.0421761082986748
1852,1,93153.4731226761,20132.9360837765,0.20564043762953,0.044444352403081
1853,1,94085.3957991562,20201.2370715036,0.207697698412237,0.0445951298731624
1854,1,88823.0235390373,18908.6361152525,0.196080777450898,0.0417416557361996
1855,1,218436.829450646,35800.2456315373,0.482209022346192,0.0790306354892301
1856,1,94313.4990541449,20023.4491903747,0.208201246499154,0.0442026552132813
1857,1,88646.1799839794,19056.4468832567,0.195690387432845,0.0420679545847535
1858,1,93061.4930351543,19770.4426902815,0.205437387492835,0.0436441321044996
1859,1,94287.1265671577,19810.8872337887,0.208143028060446,0.0437334152342397
1860,1,88865.5091020537,18801.2325808477,0.196174566222039,0.0415045576541037
1861,1,93166.7298534172,19818.2071671471,0.20566970245262,0.0437495743128955
1862,1,213219.066519078,34860.3306492347,0.470690578462927,0.0769557313357293
1863,1,88779.9664186379,19162.8520494593,0.195985726941398,0.0423028487246117
1864,1,93151.9712221981,20055.1576215542,0.205637122117384,0.0442726529862652
1865,1,94343.5395408613,20162.354791477,0.208267562210506,0.0445092955095829
1866,1,88666.8452519045,19490.1619179756,0.195736006931479,0.0430253998259916
1867,1,93064.8600679206,20115.1615345046,0.205444820367513,0.0444051142945231
1868,1,94250.0255798664,20024.4084202867,0.208061125979855,0.0442047727560017
1869,1,211327.671943422,34498.593165635,0.466515240762358,0.076157179741883
1870,1,93191.1526148727,19961.2845862657,0.205723616785446,0.0440654240831309
1871,1,94101.1162311085,19986.5047476696,0.207732401965396,0.0441210987118306
1872,1,88738.410031893,18847.2519642587,0.195893989368229,0.0416061474910345
1873,1,93133.7159352422,19750.8916481998,0.205596822758994,0.0436009723090027
1874,1,94362.7382942354,19841.7334432801,0.208309944313002,0.0438015096144747
1875,1,88692.8929012153,18950.354527162,0.19579350827656,0.0418337509871299
1876,1,218624.089278517,35595.3818382532,0.482622406750047,0.0785783895482773
1877,1,94207.1087353195,19974.5720450475,0.207966385135542,0.0440947567397383
1878,1,88893.5822340575,18855.5388133773,0.196236538910306,0.0416244410792625
1879,1,93207.1848332716,20024.266852652,0.205759008621061,0.0442044602391476
1880,1,94130.2213632358,20297.4457933016,0.207796652839864,0.0448075149082139
1881,1,88698.6276117037,19359.2273072498,0.195806167905181,0.0427363558456878
1882,1,93109.9587736948,20117.5796919287,0.205544377767587,0.0444104524846547
1883,1,212954.268964182,35198.3225898488,0.470106026075918,0.0777018635866612
1884,1,88723.8661775126,19331.2555288264,0.195861883162424,0.0426746068999594
1885,1,93083.6788675039,19936.3834726906,0.205486363705107,0.0440104537667123
1886,1,94168.4188212852,19857.5426525359,0.207880975428452,0.0438364091474814
1887,1,88896.4274577779,18829.8654039945,0.196242819868293,0.041567765885478
1888,1,93212.562241664,19783.9853411556,0.205770879489404,0.0436740281090077
1889,1,94166.451853744,19870.0310624727,0.207876633260067,0.0438639778682023
1890,1,210722.276389662,34381.9732140831,0.46517880313485,0.0758997360087665
1891,1,93089.7453534473,19831.1961271563,0.205499755742811,0.0437782480201775
1892,1,94371.2878987295,19910.4424544235,0.208328817945415,0.0439531878144061
1893,1,88755.6342623846,19068.2025706929,0.195932012623589,0.0420939057879452
1894,1,93095.7573878853,20065.1178876425,0.205513027576393,0.0442946407169277
1895,1,94127.1573125383,20185.2071290331,0.207789888811587,0.0445597430617607
1896,1,88888.9691254413,18934.8039966324,0.196226355267734,0.0417994224989235
1897,1,218363.893344192,36063.8410588779,0.482048012645238,0.079612534126161
1898,1,94210.5269111914,20275.0089959608,0.207973930910902,0.0447579846795547
1899,1,88648.0033271194,19261.2518599618,0.195694412543973,0.0425200706854906
1900,1,93071.3025424528,19935.4520946382,0.20545904241676,0.0440083977082117
1901,1,94358.6287122278,19910.1424898255,0.208300872227827,0.0439525256292064
1902,1,88788.4588906847,18993.5674701308,0.196004474451391,0.0419291454818866
1903,1,93116.9001600473,19759.3307260723,0.20555970118688,0.0436196019489798
1904,1,213401.576731089,34594.0529149502,0.471093477878394,0.0763679113868461
1905,1,88871.7662208236,18869.9219906393,0.19618837909019,0.0416561925831788
1906,1,93204.2728320638,19850.3480871793,0.205752580248799,0.043820526824269
1907,1,94245.4206666147,20009.2143215408,0.208050960428914,0.0441712311068205
1908,1,88634.6414283433,19337.3104771513,0.195664915557765,0.0426879734678565
1909,1,93061.3054053655,20054.209122215,0.205436973291726,0.0442705591317618
1910,1,94340.4391086255,20053.2914507745,0.208260717868363,0.0442685333312168
1911,1,211028.237614499,34693.388836867,0.465854226155206,0.076587199855333
1912,1,93139.9446598786,20131.7533144058,0.205610572945833,0.0444417413870571
1913,1,94090.8067743392,20163.5540413144,0.207709643380764,0.0445119429069705
1914,1,88845.7808633398,18878.4754940804,0.19613101525709,0.0416750748226909
1915,1,93195.5662496241,19906.4489903873,0.205733360080585,0.0439443720648208
1916,1,94288.3655632215,20019.039670018,0.208145763199397,0.0441929210008522
1917,1,88638.0414071383,19027.8723116493,0.195672421162268,0.0420048749462447
1918,1,218660.295176899,35484.4349935057,0.482702332882036,0.078333469450908
1919,1,94313.7981597794,19810.9795345288,0.208201906788154,0.0437336189922312
1920,1,88846.0157715708,18810.1153106797,0.196131533827465,0.0415241666755255
1921,1,93158.518217407,19828.0130651402,0.205651574900676,0.0437712212691177
1922,1,94081.8585803925,20065.0995872144,0.207689889844396,0.0442946003179183
1923,1,88812.6530849088,19121.5199572284,0.196057884211882,0.0422116062915645
1924,1,93169.4120348272,20061.1397713007,0.205675623487451,0.0442858588480606
1925,1,212834.902349683,35269.2050286202,0.469842518962107,0.0778583397248079
1926,1,88660.3882611188,19518.201433423,0.195721752836957,0.043087298304215
1927,1,93059.1088929302,20110.5771287601,0.205432124392771,0.0443949940148173
1928,1,94273.3276078738,20015.5150716604,0.208112566243717,0.0441851402931186
1929,1,88869.7785550721,19031.6465774535,0.196183991229585,0.0420132068059778
1930,1,93175.2696271158,19951.2160010657,0.205688554383115,0.0440431972332087
1931,1,94092.4798342828,19956.5808794708,0.207713336735048,0.0440550404410472
1932,1,211064.901322157,34205.4856424642,0.465935162921546,0.0755101318399977
1933,1,93145.1905278975,19750.4037352233,0.205622153432947,0.0435998952193932
1934,1,94351.3714225012,19848.5842533693,0.208284851437776,0.0438166330826357
1935,1,88674.6673380802,18970.5610580296,0.195753274534827,0.0418783578032937
1936,1,93065.0059143432,19851.2747247616,0.205445142329982,0.0438225724179713
1937,1,94235.3151600122,19968.9770808157,0.208028652073353,0.0440824056071978
1938,1,88884.0792854812,18860.8174151459,0.196215560728404,0.0416360938275861
1939,1,218369.528610687,35987.7607927539,0.48206045274682,0.0794445835528087
1940,1,94110.6566943466,20308.1515537681,0.207753462962583,0.0448311483508939
1941,1,88723.4627831695,19293.5699931972,0.195860992651458,0.0425914144028973
1942,1,93124.9182643474,20107.61620684,0.205577401508961,0.0443884576479055
1943,1,94363.166263631,20142.7492402149,0.208310889074489,0.0444660153826444
1944,1,88703.2469097817,19342.5042695214,0.195816365211266,0.0426994389956587
1945,1,93076.8481122688,19922.5326368435,0.205471284508929,0.043979877430161
1946,1,213440.949520963,34676.3061682133,0.471180395064291,0.0765494891040312
1947,1,88898.6148439089,18838.4937578809,0.196247648620525,0.0415868133606794
1948,1,93209.3850670933,19779.8095945547,0.205763865735142,0.0436648099625484
1949,1,94144.8910077546,19867.7578534413,0.207829036732999,0.0438589596580984
1950,1,88686.5453273025,19013.2026278648,0.195779495724654,0.0419724909664295
1951,1,93097.4338199997,19844.4634977653,0.205516728374893,0.0438075363312494
1952,1,94372.524778583,19926.788532469,0.208331548412738,0.0439892725091591
1953,1,210690.788264838,34600.8895389014,0.46510929169795,0.0763830035384762
1954,1,93089.2377043406,20075.3769886065,0.205498635084815,0.0443172881388777
1955,1,94154.277964923,20161.4720530871,0.207849758858706,0.0445073468253018
1956,1,88896.8973889027,18927.0344599706,0.196243857262165,0.0417822709009664
1957,1,93214.1954104303,20083.1796475961,0.205774484782138,0.0443345128558476
1958,1,94179.1160517867,20270.3953474111,0.207904590040854,0.0447477998450548
1959,1,88657.8753941169,19195.6032895851,0.195716205571217,0.0423751485447538
1960,1,218613.614240319,35705.6030596634,0.482599282637042,0.0788217077998362
1961,1,94371.0225604472,19914.5364593238,0.208328232199348,0.0439622255124236
1962,1,88769.8509093267,19000.2201766191,0.195963396504412,0.0419438316275323
1963,1,93108.6251995404,19755.1324593857,0.205541433843292,0.0436103340884292
1964,1,94114.4121786778,19836.7049046403,0.207761753361379,0.0437904088916367
1965,1,88881.03760783,18853.6214113962,0.196208846089622,0.0416202083290571
1966,1,93211.0717396474,19857.5632689867,0.205767589139869,0.0438364546592142
1967,1,212881.081391204,34980.4495647443,0.469944461251422,0.0772208991875006
1968,1,88642.851277594,19360.9627923347,0.195683039165358,0.0427401870062489
1969,1,93074.6393538338,20065.3278362934,0.205466408576385,0.044295104187918
1970,1,94354.51395679,20064.1269256064,0.208291788722075,0.0442924531241312
1971,1,88799.0514063326,19213.2232071751,0.196027857901095,0.0424140452969923
1972,1,93120.9852610332,20127.3556465119,0.205568719229111,0.0444320333394672
1973,1,94101.1985069273,20125.0826239057,0.207732583592927,0.044427015540905
1974,1,211349.539506749,34307.2487452982,0.466563514381598,0.0757347784183786
1975,1,93198.4989954901,19899.4029132875,0.205739834247603,0.0439288175360437
1976,1,94260.9878360232,20011.4298081274,0.208085325648186,0.0441761218920585
1977,1,88639.8726613844,18998.4160104586,0.195676463737515,0.0419398488504402
1978,1,93064.5843860538,19761.1538910223,0.205444211787523,0.0436236266667453
1979,1,94327.2867681858,19812.6435279431,0.208231683491509,0.0437372923317479
1980,1,88830.7736882947,18824.3728684099,0.196097886250297,0.0415556408687348
1981,1,218450.665565911,35666.5385492359,0.482239566186403,0.0787354711545367
1982,1,94085.0022189508,20078.0631767954,0.207696829566418,0.044323218018851
1983,1,88830.621644937,19076.0545721721,0.196097550607819,0.0421112394306568
1984,1,93180.1026554938,20063.4318219602,0.205699223508348,0.0442909186518971
1985,1,94299.8704083584,20219.030163107,0.20817116065705,0.0446344089147424
1986,1,88645.6433290699,19533.2111885342,0.195689202743249,0.0431204330066187
1987,1,93058.9303895651,20105.8020153886,0.205431730338649,0.0443844527395375
1988,1,213315.737450149,34963.4887916428,0.470903983845517,0.0771834575260553
1989,1,88855.4593235874,19064.8090460391,0.196152380888818,0.0420864144312462
1990,1,93164.5226902782,19937.8995081345,0.205664830041763,0.0440138004824246
1991,1,94088.5703842537,19925.2747224591,0.207704706450122,0.0439859307061916
1992,1,88792.3538555842,18818.76019871,0.196013072759749,0.0415432506505854
1993,1,93158.7368704326,19752.3447489774,0.205652057586961,0.0436041800936383
1994,1,94333.4025570001,19855.4180554991,0.208245184367495,0.0438317190049695
1995,1,210499.141810676,34374.2578409933,0.464686223621335,0.075882703979305
1996,1,93058.7743277654,19860.0772928856,0.20543138582528,0.0438420044788552
1997,1,94261.0556378991,19962.2196843929,0.208085475323845,0.0440674883538626
1998,1,88878.7423412782,18877.8708308056,0.19620377918656,0.0416737400016018
1999,1,93188.7822050821,20051.392479928,0.20571838400034,0.0442643412685611
2000,1,94095.1324269477,20311.9832904099,0.207719192451407,0.0448396070800587
1,2,91427.8122289899,21294.4402501057,0.201830964407738,0.0470084245419471
2,2,86333.5544924323,20110.7378908324,0.190585163738945,0.0443953489042465
3,2,90557.6861293355,21131.0618592598,0.199910122318574,0.046647759473147
4,2,91641.029839359,21240.7270404483,0.202301651771685,0.0468898502411705
5,2,86135.5072953025,20294.1085626972,0.19014796573737,0.0448001478231343
6,2,90434.082091574,21203.4365467107,0.19963726090433,0.0468075298166649
7,2,207312.489223489,37076.6698387367,0.457651546216023,0.0818483987327296
8,2,86356.1315475446,20194.0829216563,0.190635003592877,0.0445793367689854
9,2,90540.7207072963,21412.2485371308,0.199872670394392,0.0472684915785065
10,2,91427.9783055335,21669.8054743695,0.201831331029099,0.0478370599797998
11,2,86290.2213397145,20455.7403649289,0.190489503875818,0.0451569572198382
12,2,90535.017952761,21472.2309061683,0.199860081309959,0.0474009053276179
13,2,91672.8889018114,21584.1812683083,0.202371982069907,0.0476480407342917
14,2,204556.906065325,37252.2521490768,0.451568473759636,0.0822360044969377
15,2,90434.6927831755,21307.2051286242,0.199638609033218,0.0470366035793662
16,2,91606.5765817185,21234.5712307851,0.202225594672132,0.0468762610173803
17,2,86379.5358788211,20199.5932204225,0.190686669695759,0.0445915009987428
18,2,90561.3360180267,21147.2667672642,0.199918179610295,0.0466835325287515
19,2,91436.27903105,21224.2548669125,0.201849655250093,0.0468534871850111
20,2,86245.6349860357,20283.1007635242,0.190391077515796,0.0447758476165677
21,2,212354.715420085,38024.3895065644,0.468782484944733,0.0839405320768676
22,2,91698.6971921139,21317.3492170395,0.202428955019325,0.0470589971059965
23,2,86179.770293638,20511.7669020923,0.19024567827608,0.0452806382940367
24,2,90445.4284765375,21432.7721217247,0.199662308554097,0.0473137983048811
25,2,91564.4809184078,21477.5547608814,0.202132666621944,0.0474126579738304
26,2,86394.2522774931,20258.9867048397,0.190719156800767,0.0447226147588471
27,2,90574.65594772,21478.6538560397,0.199947583947884,0.0474150842753066
28,2,207062.954451951,37415.8487458505,0.457100687102533,0.0825971512650345
29,2,86204.6612395507,20387.4995896806,0.190300626146931,0.0450063126714834
30,2,90487.9941184123,21290.6315179593,0.199756274102881,0.0470000165962297
31,2,91712.2848747033,21340.2191434088,0.202458950433348,0.0471094834862621
32,2,86208.7586216961,20361.0694479243,0.190309671300367,0.0449479669573067
33,2,90454.6607358543,21129.0599719825,0.199682689177412,0.0466433402178902
34,2,91520.3736294547,21198.1995695642,0.202035297818625,0.0467959689565472
35,2,205478.855469817,36588.9437397931,0.453603718100577,0.080771721663502
36,2,90580.5478550067,21206.3939175697,0.199960590595434,0.0468140583444513
37,2,91497.7577160924,21416.5460172675,0.201985372183377,0.0472779784571637
38,2,86168.9136912971,20640.6930925431,0.190221711843249,0.0455652485972005
39,2,90467.9996823816,21434.5226118014,0.199712135495509,0.0473176625896295
40,2,91717.0653464838,21464.6439890231,0.202469503537554,0.0473841568703711
41,2,86240.6413106939,20644.7934098367,0.190380053755241,0.0455743002301071
42,2,212407.575448955,38372.7791598359,0.468899175810952,0.0847096177412314
43,2,91483.0901573336,21450.0536667428,0.201952992894651,0.0473519480846081
44,2,86396.7200368739,20182.5526449015,0.190724604489426,0.0445538831699048
45,2,90584.3480796684,21298.4679578184,0.1999689797605,0.0470173158859724
46,2,91539.4459703291,21401.427413647,0.202077400859903,0.0472446034668317
47,2,86142.2920170063,20249.1203502295,0.190162943312479,0.0447008343419519
48,2,90450.2928516385,21122.888136588,0.199673046878617,0.0466297156165849
49,2,207091.037132579,37012.4374991341,0.457162680869814,0.0817066029844547
50,2,86272.1675761353,20175.292336442,0.19044964938925,0.0445378557158671
51,2,90481.8219184456,21206.2855460342,0.199742648696766,0.0468138191094638
52,2,91458.0775205712,21422.5331320153,0.201897776385833,0.0472911952794205
53,2,86381.5092409211,20266.2398589248,0.190691025980417,0.0447386264192851
54,2,90577.931716577,21413.3729310912,0.199954815353421,0.0472709737282141
55,2,91576.0862714539,21638.4623312959,0.202158285955279,0.0477678685965665
56,2,204614.56245618,37421.9556553407,0.451695752808394,0.0826106325395165
57,2,90437.2504643452,21488.1846845032,0.199644255228227,0.0474361240033006
58,2,91690.346802428,21421.3156089625,0.202410521162466,0.0472885075430969
59,2,86308.3432694697,20490.9625832533,0.190529508842253,0.0452347118343223
60,2,90501.4165249733,21314.2777776535,0.199785904662717,0.0470522167668602
61,2,91431.3445942975,21264.9423249817,0.201838762261359,0.0469433065594573
62,2,86352.1307602885,20110.5435203705,0.190626171676958,0.0443949198228015
63,2,212249.739196957,37985.1956836457,0.468550745260307,0.0838540099684889
64,2,91618.514757366,21242.7488381655,0.202251948726172,0.0468943134496095
65,2,86129.6936229301,20312.603314444,0.190135131796875,0.0448409758107076
66,2,90436.0901773553,21211.5383255819,0.19964169384306,0.0468254148540854
67,2,91660.1934384155,21299.5374454808,0.202343956269461,0.0470196768275837
68,2,86337.7612236436,20228.9224172332,0.190594450285311,0.0446562465059718
69,2,90526.363303736,21430.0880661901,0.199840975787069,0.047307873132837
70,2,207288.370796589,37411.0041109493,0.457598303715272,0.082586456517884
71,2,86318.5392269401,20389.2253801198,0.19055201687213,0.0450101224306826
72,2,90550.2336732585,21460.3037583923,0.199893670690119,0.0473745756180954
73,2,91652.8301132413,21596.9315893172,0.202327701401441,0.0476761876353605
74,2,86140.9686460799,20683.7936084654,0.190160021912263,0.0456603949042486
75,2,90431.6148291587,21296.262987392,0.199631814312744,0.0470124483156259
76,2,91625.9180670595,21234.9158917558,0.202268291861798,0.046877021871812
77,2,205299.192321595,36699.756560049,0.453207103705132,0.0810163458958414
78,2,90545.1266347532,21138.0787660325,0.199882396675335,0.0466632496071287
79,2,91430.5260783511,21223.4951375498,0.20183695535098,0.0468518100486319
80,2,86274.3819541857,20280.9060041916,0.190454537727345,0.0447710025876652
81,2,90528.9738515597,21224.9939649208,0.19984673868757,0.0468551187767573
82,2,91685.8291931764,21339.3786699289,0.202400548338991,0.0471076281036506
83,2,86160.3976552229,20564.9260460508,0.190202912314617,0.0453979894701248
84,2,212490.270930485,38289.0204027209,0.469081729766718,0.0845247165572922
85,2,91587.9413034548,21460.3866619874,0.202184456466019,0.0473747586314713
86,2,86381.9219891971,20290.5733268017,0.190691937140605,0.0447923436325624
87,2,90567.1354221053,21482.4879061465,0.199930982052896,0.0474235481115482
88,2,91448.4034660921,21627.9217234786,0.201876420480035,0.0477445997357096
89,2,86229.8985743101,20319.7192306296,0.190356338686577,0.0448566845123745
90,2,90502.5369092876,21272.3237607211,0.199788377960952,0.0469596014073562
91,2,206893.477128424,37251.3867488643,0.456726558368412,0.0822340940874547
92,2,86186.96474668,20353.1389602973,0.190261560351353,0.0449304600529309
93,2,90445.7292943214,21128.6383096801,0.199662972622743,0.046642409379592
94,2,91550.5326477611,21200.5636505093,0.202101875193736,0.0468011877704446
95,2,86398.78560642,20109.7187911074,0.190729164326125,0.0443930991962494
96,2,90577.2612176728,21211.8652013861,0.19995333519725,0.0468261364469706
97,2,91473.5655439004,21439.0817035495,0.201931966886613,0.0473277269875615
98,2,204890.870455809,37169.4723229871,0.452305715014414,0.0820532643468033
99,2,90476.2100373228,21446.1526471486,0.199730260219436,0.0473433364102426
100,2,91712.7477883385,21488.5092343054,0.2024599723358,0.0474368404614328
101,2,86223.8030152207,20699.4978671586,0.19034288246861,0.0456950627542176
102,2,90457.8223433997,21490.0742544223,0.199689668566773,0.0474402953129907
103,2,91504.7985941968,21418.4431662514,0.202000915235141,0.0472821664979766
104,2,86399.3608512464,20198.3561186436,0.19073043420468,0.0445887700415099
105,2,212200.99805312,38236.8648637414,0.468443147016107,0.0844095808838597
106,2,91507.9915415207,21379.8101937339,0.202007963808457,0.0471968824918186
107,2,86154.9045237081,20217.8051541919,0.190190785982331,0.0446317046530444
108,2,90464.0626815761,21117.1314568286,0.199703444391018,0.04661700748982
109,2,91710.9434481104,21195.2554483793,0.202455989174445,0.0467894696780061
110,2,86255.762665686,20195.9448208174,0.190413434819348,0.0445834469942457
111,2,90469.8370092263,21221.8499258393,0.199716191476287,0.0468481781705622
112,2,207430.186168776,37160.4127595786,0.457911367460741,0.0820332649573913
113,2,86392.4571598692,20230.979674084,0.190715193998722,0.0446607879920263
114,2,90584.2717983609,21416.9911057197,0.199968811366119,0.0472789610097301
115,2,91551.3139738236,21662.3243601071,0.202103600005792,0.0478205450871254
116,2,86135.9814981784,20817.5326449486,0.190149012561322,0.0459556297792204
117,2,90446.9995631081,21484.9358028253,0.199665776797621,0.0474289519524083
118,2,91703.2099399275,21431.2170174826,0.202438917110959,0.0473103653430581
119,2,204965.244116595,37091.128734882,0.452469898180532,0.0818803173894506
120,2,90493.3261699132,21296.0430040846,0.199768044843868,0.0470119626926847
121,2,91443.6571583795,21240.7633862483,0.201865942794529,0.0468899304761416
122,2,86373.3544859002,20113.6705356945,0.190673023995788,0.0444018228482943
123,2,90574.2104852019,21138.6151248735,0.199946600569551,0.0466644336431405
124,2,91593.1275802216,21245.3961547461,0.202195905402792,0.0469001575187776
125,2,86124.6903969919,20332.0346873403,0.190124086952953,0.0448838714311518
126,2,212498.177258808,38027.6359978878,0.469099183338355,0.083947698850946
127,2,91680.8239340068,21300.5720139186,0.20238949900662,0.0470219606834526
128,2,86318.6708561637,20272.369319502,0.190552307449499,0.0447521574762955
129,2,90512.2917178955,21445.7702451078,0.199809912135083,0.047342492240719
130,2,91428.0439479861,21647.8371284137,0.201831475937734,0.0477885638784209
131,2,86343.366944238,20330.9820825141,0.190606825163001,0.0448815477591527
132,2,90558.4855929307,21450.0079211243,0.19991188717004,0.0473518470991194
133,2,206827.425563914,37589.6055155849,0.456580746600192,0.0829807270671114
134,2,86132.4105855457,20649.8874338339,0.190141129612765,0.0455855455147859
135,2,90435.1100009273,21285.564260501,0.199639530059973,0.0469888303998767
136,2,91652.6363412885,21236.8977836224,0.202327273641231,0.0468813969863098
137,2,86345.5935097647,20220.060328663,0.190611740405492,0.044636683051054
138,2,90534.9026533172,21129.4334216679,0.199859826781306,0.0466441646246908
139,2,91427.9499154507,21225.2005928948,0.201831268356727,0.0468555749172056
140,2,205235.317518306,36761.982966467,0.453066097234181,0.0811537134573392
141,2,90540.8212853166,21239.4220832451,0.199872892424848,0.0468869694900684
142,2,91661.6362804441,21364.2397999199,0.202347141407451,0.0471625101545279
143,2,86149.8623868456,20616.9150665775,0.190179655240811,0.0455127575466619
144,2,90434.3871933903,21445.0424944242,0.199637934430167,0.0473408856986972
145,2,91609.1781456737,21448.8005663942,0.202231337740343,0.0473491818098206
146,2,86372.4506236998,20331.9552071065,0.190671028679756,0.0448836959749984
147,2,212235.042626483,38492.6283823628,0.468518301926928,0.084974190233741
148,2,91435.8624705182,21597.2548942664,0.20184873567418,0.0476769013454243
149,2,86256.0478971268,20260.1779688516,0.190414064480447,0.0447252445271695
150,2,90514.5479687634,21255.9875844274,0.199814892909286,0.0469235385711611
151,2,91691.6369522712,21344.4492384038,0.202413369225662,0.0471188216092199
152,2,86171.0135733404,20340.7367364858,0.190226347426313,0.0449030815919172
153,2,90441.0675955457,21128.101842699,0.19965268171523,0.0466412251048561
154,2,207411.149845605,36992.9481871676,0.457869343930147,0.0816635794609344
155,2,86389.9319756112,20103.4340502627,0.190709619542092,0.0443792253511379
156,2,90573.4657701214,21217.8823417284,0.199944956577868,0.0468394195520635
157,2,91460.2465767656,21462.8347398822,0.201902564673914,0.0473801628723734
158,2,86218.2080721116,20605.8531724125,0.190330531382699,0.0454883379229931
159,2,90492.8640172172,21456.6756368563,0.199767024621223,0.0473665663783385
160,2,91710.9100053465,21513.9862761582,0.202455915348056,0.0474930821651557
161,2,204658.921601531,37357.590154459,0.45179367759592,0.0824685428317918
162,2,90450.9590116799,21479.8989403213,0.199674517456555,0.0474178328542696
163,2,91530.2859400954,21392.3555191493,0.202057179685503,0.0472245768559914
164,2,86399.5365291589,20221.5436559627,0.19073082202149,0.0446399575620821
165,2,90582.7127387189,21291.359149812,0.199965369672575,0.0470016228759271
166,2,91491.2184846576,21354.9555130774,0.201970936538962,0.0471420146781344
167,2,86179.2398632516,20191.1478408448,0.190244507327396,0.044572857447471
168,2,212426.987640034,37946.0577491481,0.468942029086681,0.0837676112362869
169,2,91715.8147044433,21200.2929655659,0.202466742689591,0.0468005902213855
170,2,86231.611053466,20220.9403416549,0.190360119060527,0.0446386257188977
171,2,90460.0199692086,21236.3364872531,0.19969451992355,0.0468801578995945
172,2,91491.1999410198,21421.5957497534,0.201970895603057,0.0472891259663602
173,2,86394.527571952,20204.4983794324,0.190719764525537,0.0446023293555568
174,2,90583.9498865616,21421.7147243371,0.199968100731495,0.0472893886080484
175,2,206928.862537885,37652.3928416261,0.456804673234593,0.0831193328836406
176,2,86146.5919164773,20773.8285351714,0.190172435531924,0.0458591510118753
177,2,90456.6034726225,21479.628661024,0.199686977855288,0.0474172362006924
178,2,91714.0804733205,21443.3766135371,0.202462914297207,0.0473372081925003
179,2,86266.7227428502,20547.2982421542,0.190437629677456,0.0453590753085136
180,2,90480.7293716334,21278.4733391435,0.199740236851056,0.046973176875405
181,2,91464.5191413359,21221.6502728235,0.201911996550349,0.0468477374276444
182,2,205460.273881319,36612.5306597731,0.453562698417011,0.0808237908390724
183,2,90579.9231824676,21141.8826342979,0.199959211603003,0.0466716468156124
184,2,91566.8691770389,21247.7597051551,0.20213793880916,0.0469053751614931
185,2,86130.9007179873,20353.2246159478,0.190137796512935,0.0449306491415915
186,2,90445.489546958,21230.5680897414,0.199662443369768,0.0468674239053701
187,2,91695.5068184408,21306.4911369517,0.202421912127457,0.0470350274109736
188,2,86300.8826276397,20321.1135891845,0.190513039143384,0.0448597626209391
189,2,212333.327904168,38435.3448296968,0.468735271051514,0.084847734241878
190,2,91439.8801828296,21627.4065719831,0.201857604952912,0.047743462515857
191,2,86361.4436236551,20283.9201126455,0.1906467302373,0.0447776563662173
192,2,90568.9901591888,21440.4449333583,0.199935076467551,0.0473307363780338
193,2,91609.5932631476,21612.4424350014,0.202232254130642,0.0477104285175046
194,2,86127.2716978978,20605.9215253478,0.190129785289581,0.0454884888151398
195,2,90435.70115068,21273.5228005129,0.199640835049361,0.0469622483410588
196,2,207241.63143443,37170.1798132734,0.457495124493215,0.0820548261630965
197,2,86333.3333257801,20228.7975418147,0.190584675503718,0.044655970837928
198,2,90520.5856183817,21123.1215613057,0.199828221289519,0.0466302309120375
199,2,91428.3072936993,21229.6989021599,0.201832057285116,0.0468655051351016
200,2,86327.9103054885,20260.2588320137,0.190572703945077,0.0447254230361986
201,2,90553.0509868719,21252.3937027034,0.199899890035303,0.046915604917313
202,2,91646.0696484061,21390.4657986565,0.202312777374448,0.0472204052139033
203,2,204547.087052096,37217.44924928,0.451546797850946,0.0821591755467646
204,2,90433.1848486678,21451.8609420851,0.199635280200683,0.0473559377253574
205,2,91639.1648211574,21440.675686434,0.202297534661004,0.0473312457757178
206,2,86353.7287522522,20378.1137822537,0.190629699315335,0.0449855930838815
207,2,90541.705966208,21487.0792428125,0.199874845397287,0.0474336836915717
208,2,91428.3616847515,21561.6595288151,0.201832177355784,0.0475983229920509
209,2,86279.3535405397,20211.0204761572,0.190465512725478,0.0446167271743369
210,2,212315.48101208,38191.8620038696,0.46869587324297,0.0843102350678811
211,2,91675.0429317449,21343.6299422583,0.202376737186848,0.0471170129765167
212,2,86156.1118216349,20324.0573804426,0.190193451146234,0.0448662611711523
213,2,90437.5100779515,21128.3242503756,0.199644828336817,0.0466417160797004
214,2,91599.5416273724,21204.4348555425,0.202210064697329,0.0468097336278399
215,2,86377.5526895327,20102.6319145637,0.190682291717144,0.044377454600884
216,2,90559.0199037854,21225.5962546745,0.199913066685031,0.0468564483581929
217,2,207142.532548425,37359.2553131028,0.457276359292052,0.0824722187436042
218,2,86239.3479639954,20571.0447926906,0.190377198634844,0.0454114968756414
219,2,90506.929993567,21462.8660273171,0.199798075890009,0.0473802319407784
220,2,91702.6267681976,21541.8068540144,0.202437629733412,0.047554497328903
221,2,86178.5589344422,20787.2611583991,0.190243004146745,0.0458888041254571
222,2,90443.6940741748,21470.8282565887,0.199658479783693,0.0473978089162474
223,2,91556.8909957877,21372.726627547,0.202115911529978,0.0471812452042134
224,2,205443.199643867,36804.5018281687,0.453525006277962,0.0812475757368093
225,2,90575.5442224109,21285.1180762897,0.199949544853796,0.0469878454283734
226,2,91465.6247821872,21329.1549897145,0.201914437301734,0.0470850588745817
227,2,86198.2397813349,20170.968533857,0.190286450492139,0.0445283107292337
228,2,90485.1892185348,21111.1758187725,0.199750082161572,0.046603860153761
229,2,91713.8975432852,21207.3551863679,0.202462510471013,0.0468161803881038
230,2,86214.9773963046,20248.230722302,0.190323399522077,0.04469887044871
231,2,212442.315199675,38128.4577799095,0.468975865356729,0.0841702674217415
232,2,91521.9706226154,21414.4318624579,0.2020388232521,0.0472733113663329
233,2,86399.7899798611,20189.2460625008,0.190731381525195,0.0445686591871398
234,2,90582.5241852712,21427.9148548275,0.199964953432447,0.0473030756720373
235,2,91496.5730331273,21698.0964682048,0.201982756943009,0.0478995136077564
236,2,86167.7145491945,20717.3501062363,0.190219064683691,0.0457344723664796
237,2,90468.2426810847,21471.4251571389,0.199712671925961,0.0473991266007763
238,2,207013.972263328,37537.1457799549,0.456992556741241,0.082864919866035
239,2,86242.5652407201,20567.5027484828,0.190384300916396,0.0454036776554173
240,2,90469.4493861373,21261.678508059,0.199715335781067,0.0469361015383472
241,2,91480.4860458786,21206.9733966468,0.20194724420272,0.0468153375703032
242,2,86396.9145937747,20123.5966766405,0.190725033982443,0.0444237352461864
243,2,90585.7512215042,21144.2864968868,0.199972077258548,0.0466769534492593
244,2,91540.0884172046,21250.5565218757,0.202078819089972,0.0469115492588736
245,2,204690.659814738,36832.8124201023,0.451863741114055,0.08131007262844
246,2,90450.17207963,21242.461973635,0.199672780269033,0.0468936801833918
247,2,91708.0892324838,21315.1334835029,0.202449688366425,0.0470541057756051
248,2,86279.7379884177,20375.9536580843,0.190466361411278,0.0449808245136432
249,2,90484.4137046338,21472.1814915045,0.199748370180122,0.0474007962425484
250,2,91448.8645742634,21602.1479408491,0.201877438396844,0.0476877029635161
251,2,86379.1696590088,20249.8989037024,0.190685861249225,0.0447025530333921
252,2,212224.398093569,38496.0541864547,0.468494803646794,0.0849817528487361
253,2,91580.6531577829,21612.9236348616,0.202168367560096,0.0477114907876113
254,2,86126.3432313041,20551.7175139312,0.190127735658255,0.0453688310476371
255,2,90439.485989718,21260.5752934469,0.199649190249978,0.0469336661429935
256,2,91685.8545222586,21242.7613483427,0.202400604254068,0.0468943410663824
257,2,86309.6114183233,20236.2280361613,0.190532308337285,0.0446723739848857
258,2,90509.4567905368,21120.0072851413,0.199803653906773,0.0466233560088066
259,2,207352.043680305,37038.2028648036,0.457738864439781,0.0817634811758345
260,2,86353.9157587258,20243.0904896338,0.190630112140448,0.0446875231563334
261,2,90562.4167132436,21262.5182460749,0.199920565293082,0.0469379552973891
262,2,91620.2797501162,21418.1605428822,0.202255845026217,0.0472815425943112
263,2,86129.4344049277,20704.0293794775,0.190134559561599,0.0457050662693325
264,2,90431.5117292545,21458.9052720966,0.199631586715118,0.0473714883973594
265,2,91662.6164070666,21439.1780917461,0.20234930508059,0.0473279397687953
266,2,205193.395611397,37029.0721599004,0.452973552758983,0.0817433247384068
267,2,90529.8423779466,21484.3886009663,0.199848655998222,0.0474277439799518
268,2,91428.6050293837,21523.2955054016,0.20183271454989,0.0475136327030093
269,2,86313.887415458,20174.823760468,0.190541747791259,0.0445368213135509
270,2,90548.312278541,21232.215015745,0.19988942912577,0.0468710595678179
271,2,91659.2097046804,21341.8303391923,0.20234178463346,0.0471130402726588
272,2,86140.2517972443,20306.3927064057,0.190158439436556,0.0448272656170653
273,2,212502.636143866,37946.2050221835,0.469109026525558,0.0837679363480668
274,2,91623.9981073462,21204.2797709898,0.202264053465285,0.046809391271788
275,2,86363.4542302676,20106.6356730381,0.190651168740878,0.0443862930759
276,2,90549.4242522523,21236.6358085298,0.199891883857226,0.0468808186646339
277,2,91432.414393829,21502.4768574936,0.201841123891435,0.0474676746112372
278,2,86269.6350310624,20525.3800858948,0.190444058683293,0.0453106900031231
279,2,90526.0079022415,21467.1413394985,0.199840191222453,0.0473896698826877
280,2,206852.184526978,37690.3745871511,0.456635403113031,0.0832031792772302
281,2,86163.0748995146,20818.8113748302,0.190208822450539,0.0459584526323427
282,2,90440.308026054,21461.3441019288,0.199651004931774,0.0473768722227519
283,2,91589.03973112,21358.1135625014,0.202186881293974,0.047148986212784
284,2,86385.4252267302,20276.7470414653,0.190699670693368,0.0447618214923559
285,2,90568.4725831088,21275.956030691,0.19993393389532,0.0469676198049657
286,2,91447.7339015892,21302.8408739042,0.201874942386597,0.0470269692928445
287,2,205011.431867768,36592.5085021629,0.45257185969679,0.08077959103508
288,2,90498.7253445589,21113.5761566708,0.199779963762183,0.0466091590064964
289,2,91707.9818095806,21214.7874582715,0.202449451225586,0.0468325874590975
290,2,86188.1380872294,20276.9632885112,0.190264150552834,0.0447622988673336
291,2,90448.66517396,21263.8928767276,0.199669453707703,0.0469409898557316
292,2,91543.9225382912,21405.9005227428,0.202087283082905,0.0472544780542322
293,2,86398.8150544114,20184.860781293,0.190729229333877,0.0445589784837106
294,2,212203.354248414,38499.6224621217,0.468448348422078,0.084989629976074
295,2,91477.0770124892,21708.6103151742,0.201939718609797,0.0479227233928506
296,2,86186.7556998612,20651.2585461285,0.190261098871197,0.0455885723061964
297,2,90480.1652672202,21460.1321883749,0.199738991565459,0.0473741968696465
298,2,91714.0703877454,21469.4499129712,0.202462892032851,0.0473947661613698
299,2,86224.3526258104,20580.6461702356,0.190344095758447,0.0454326923438728
300,2,90458.4133646227,21247.9013846275,0.199690973272426,0.0469056879252337
301,2,207443.26947357,37033.8151173617,0.457940249438334,0.0817537950280837
302,2,86395.0012438458,20127.9359368879,0.190720810177323,0.0444333143562975
303,2,90585.8780630169,21143.9610722719,0.199972357266832,0.0466762350599391
304,2,91516.8742018501,21255.320094638,0.202027572676449,0.0469220650577449
305,2,86156.6012917873,20391.2315704223,0.190194531673379,0.0450145511850592
306,2,90459.5423737432,21255.7647325104,0.199693465610305,0.0469230466156364
307,2,91709.0650842989,21329.7534220692,0.202451842602737,0.0470863799406374
308,2,204846.936891961,36994.7779696822,0.452208729716996,0.0816676187872682
309,2,90472.2617721454,21480.7840553264,0.199721544248343,0.0474197867850347
310,2,91472.1267800221,21573.4562278828,0.20192879075132,0.0476243647302443
311,2,86389.5560978442,20230.4036853823,0.190708789775193,0.0446595164713334
312,2,90585.4346739579,21430.569885633,0.199971378465752,0.0473089367707002
313,2,91556.8238892116,21607.7886740254,0.202115763389224,0.0477001551330385
314,2,86133.4810818809,20492.1425549412,0.190143492781067,0.0452373166743369
315,2,212481.432263971,38105.354628103,0.46906221801703,0.0841192661859437
316,2,91702.2196408907,21245.362495618,0.202436730981763,0.0469000832147544
317,2,86291.0289877099,20242.4373099597,0.190491286794711,0.0446860812331337
318,2,90494.4145807453,21117.9157154969,0.199770447559218,0.0466187387757332
319,2,91441.6224384745,21243.3852727285,0.201861451059786,0.0468957184072312
320,2,86369.4288107361,20221.390459249,0.190664357893155,0.0446396193735186
321,2,90572.8776448543,21270.7187203318,0.199943658265166,0.046956058209266
322,2,206844.398442845,37461.9001327591,0.456618214985793,0.0826988117511107
323,2,86126.9419231332,20735.9546041013,0.190129057297112,0.0457755426234928
324,2,90440.4336127783,21467.1178676648,0.199651282170057,0.0473896180675703
325,2,91678.1183671905,21442.572847679,0.202383526347464,0.0473354338435977
326,2,86323.6296633165,20481.7784976643,0.190563254236977,0.045214437556655
327,2,90515.0189844974,21478.7478632013,0.199815932697481,0.0474152918002996
328,2,91430.3845610039,21482.7697619576,0.201836642945138,0.047424170320795
329,2,205334.669875843,36646.3694055095,0.453285421985031,0.0808984913762483
330,2,90560.9506305684,21224.5512356421,0.199917328850329,0.0468541414321712
331,2,91634.7081243359,21336.7766290141,0.202287696304429,0.0471018839825296
332,2,86128.9245396378,20286.4994900908,0.19013343401128,0.0447833504567206
333,2,90435.0017850441,21126.2876809815,0.199639291168595,0.046637220262127
334,2,91649.7289248851,21203.6989452356,0.202320855390129,0.0468081090730866
335,2,86350.2370051614,20117.7375750515,0.190621991128235,0.0444108010186746
336,2,212263.812636257,38201.6208180498,0.468581813003887,0.084331778084491
337,2,91424.5781392735,21517.6685455396,0.201823825010759,0.0475012109386912
338,2,86301.4136893619,20473.7249524656,0.19051421148577,0.0451966589972132
339,2,90542.6737880169,21468.389163309,0.199876981907002,0.0473924245092827
340,2,91669.45605952,21596.2731840818,0.202364403917773,0.0476747341765017
341,2,86148.6906743145,20838.897067093,0.190177068633253,0.0460027926919084
342,2,90435.9056514869,21452.8929068508,0.199641286493993,0.0473582158335044
343,2,207366.516736509,37297.4394893374,0.457770814355461,0.0823357575615847
344,2,86372.2519023203,20307.1186274939,0.190670589993466,0.0448288681201741
345,2,90555.8078228296,21264.7555605659,0.19990597587337,0.0469428942686976
346,2,91433.7035844377,21275.1633953488,0.201843969837078,0.0469658700271721
347,2,86253.8542989788,20148.5439916576,0.190409222014911,0.0444788075543445
348,2,90513.7454510628,21117.6087444851,0.199813121315747,0.0466180611235632
349,2,91696.3166929848,21224.8638733517,0.202423699961555,0.0468548315938287
350,2,204592.54905262,36778.4962479052,0.451647157240348,0.0811901672610226
351,2,90441.4780808677,21275.198205166,0.199653587879847,0.046965946871393
352,2,91568.1409076713,21395.4722702,0.202140746211128,0.0472314572226441
353,2,86390.8092420149,20192.782550057,0.19071155614672,0.0445764661408082
354,2,90570.2749347976,21449.1426544781,0.199937912666885,0.0473499369844899
355,2,91457.4657715564,21713.0493335102,0.201896425922657,0.0479325227233819
356,2,86210.6243146788,20577.3073549028,0.190313789900658,0.0454253217604346
357,2,212390.253894944,38394.7387676862,0.468860937709592,0.0847580945528535
358,2,91711.6138820046,21482.3251019207,0.202457469187104,0.0474231887139743
359,2,86202.0330736575,20584.9091816003,0.190294824353758,0.0454421031311818
360,2,90448.6354029197,21235.3447959728,0.199669387986807,0.0468779686969589
361,2,91526.9189966592,21191.6083952771,0.202049747008025,0.0467814186459741
362,2,86398.8295774974,20131.0651080625,0.190729261394235,0.0444402221409264
363,2,90584.764761119,21142.6493462968,0.199969899603346,0.0466733393664719
364,2,206994.85530451,37113.7318411063,0.456950355203866,0.0819302147523715
365,2,86172.3719359142,20405.532008717,0.190229346072147,0.0450461200390227
366,2,90468.3611048637,21271.6769530277,0.199712933351723,0.0469581735505873
367,2,91715.6756285967,21347.3346313887,0.20246643567347,0.0471251912426459
368,2,86231.5007087234,20492.4162031488,0.190359875469596,0.0452379207649335
369,2,90463.578510969,21486.454453657,0.199702375562855,0.0474323044417053
370,2,91487.0497880518,21544.4369083879,0.201961733955681,0.0475603032909807
371,2,205484.297230271,36777.539450121,0.453615731028962,0.0811880550873326
372,2,90590.9723018217,21428.4845544569,0.199983603025708,0.0473043333093232
373,2,91527.9524527663,21596.9079346343,0.202052028408374,0.0476761354165953
374,2,86147.5492820314,20428.2420379371,0.190174548958991,0.0450962534392154
375,2,90456.2947558872,21230.7117381052,0.199686296349355,0.0468677410155261
376,2,91707.9306116486,21248.9347428396,0.202449338203873,0.0469079691094757
377,2,86267.7619511994,20249.1834256751,0.190439923776136,0.0447009735838052
378,2,212372.839915001,37957.7015692011,0.468822495573876,0.0837933154872517
379,2,91456.5983707309,21251.098739125,0.201894511096732,0.0469127462275823
380,2,86382.4380775407,20198.0889043436,0.190693076428592,0.0445881801540505
381,2,90582.2249632873,21277.0618917234,0.199964292886601,0.04697006104241
382,2,91568.6823541461,21473.9800746705,0.202141941478318,0.0474047666949317
383,2,86129.9052766409,20755.0171920871,0.190135599031861,0.0458176241348348
384,2,90441.9569673513,21475.6774441158,0.199654645043072,0.0474085137135222
385,2,207163.594790155,37470.4977450883,0.457322855128027,0.0827177913629563
386,2,86304.7110488092,20534.7170880922,0.190521490553496,0.0453313018510089
387,2,90504.2273117134,21469.2710592226,0.199792109599537,0.04739437133376
388,2,91438.9818327191,21442.4974355776,0.201855621805063,0.0473352673680276
389,2,86356.7028428817,20137.2812065981,0.190636264752759,0.0444539444550856
390,2,90571.5895114375,21217.8812241121,0.199940814653322,0.046839417084876
391,2,91609.1011568184,21329.332390965,0.202231167784019,0.0470854504957372
392,2,204568.80412675,36683.2229399211,0.451594739259744,0.0809798471935953
393,2,90436.0204152079,21124.9079910653,0.199641539840015,0.0466341745352354
394,2,91669.0142723117,21204.0326918723,0.20236342865285,0.0468088458336402
395,2,86333.371547141,20135.1961722593,0.190584759879073,0.04444934164899
396,2,90522.8010798575,21264.6850276447,0.199833112019324,0.046942738564135
397,2,91426.4611869906,21528.462983537,0.201827981922397,0.0475250401409673
398,2,86324.8563086427,20419.6185562771,0.190565962111125,0.0450772167196708
399,2,212278.768395211,38446.9859058204,0.468614828507372,0.0848734324354965
400,2,91647.7531884673,21622.3169829328,0.202316493864058,0.0477322270215209
401,2,86138.8752012117,20844.5431972184,0.19015540053955,0.0460152567754361
402,2,90433.7243238402,21445.641657197,0.199636471116135,0.0473422083771832
403,2,91634.5499389645,21347.1971657208,0.202287347103182,0.0471248877810662
404,2,86359.4101201107,20335.2202228371,0.190642241187727,0.0448909036425303
405,2,90542.9701522335,21251.7086764775,0.1998776361442,0.0469140926914327
406,2,207221.59713273,37004.9489128922,0.457450897880604,0.081690071597053
407,2,86282.7453176393,20143.8941135381,0.190473000224373,0.0444685427414571
408,2,90527.03594792,21123.4505047046,0.199842460679041,0.0466309570692299
409,2,91677.9205647069,21235.5386703153,0.202383089689679,0.0468783966831981
410,2,86156.5872044804,20343.7148029359,0.190194500575022,0.044909655806142
411,2,90437.7445060232,21285.9432613302,0.199645345847219,0.0469896670610743
412,2,91596.3534692961,21385.8636951825,0.202203026696489,0.0472102458656719
413,2,205378.807807154,36746.5864060711,0.453382858432717,0.0811197248650553
414,2,90565.2990331466,21461.2385556296,0.199926928142542,0.0473766392245992
415,2,91444.7959791159,21708.9158968645,0.201868456791987,0.0479233979780316
416,2,86238.4630101051,20502.1764044268,0.190375245059747,0.0452594668436238
417,2,90506.8554234848,21431.6659703286,0.199797911273234,0.047311356426446
418,2,91700.209242007,21493.3642769768,0.202432292936756,0.0474475581841992
419,2,86184.9334878989,20581.1923668467,0.190257076257194,0.0454338980971998
420,2,212471.045935542,38032.6964711047,0.469039289734789,0.0839588700707841
421,2,91552.0808201272,21189.7667371859,0.202105292853135,0.0467773531037764
422,2,86398.2945099689,20134.0934124901,0.190728080208853,0.0444469072577222
423,2,90576.0922546073,21139.4314027041,0.19995075465926,0.0466662356127793
424,2,91467.5366054046,21267.6903698216,0.201918657736571,0.0469493729907407
425,2,86196.6555438631,20414.1215501308,0.190282953217415,0.0450650818339636
426,2,90483.0463506537,21287.5293498939,0.199745351685358,0.0469931684221663
427,2,206945.040784381,37343.946580251,0.456840387433731,0.0824384240345327
428,2,86218.5934234487,20552.2750063192,0.190331382062925,0.0453700617368943
429,2,90454.3647023134,21490.3841628788,0.199682035670196,0.0474409794497006
430,2,91512.3331770281,21515.431381263,0.20201754816206,0.0474962722989877
431,2,86399.9887839402,20232.8391933973,0.190731820394047,0.0446648929636667
432,2,90586.0403418833,21428.2271133765,0.199972715504652,0.0473037649966809
433,2,91504.4090532411,21580.2336857092,0.202000055306145,0.0476393262700206
434,2,204788.636626743,36814.6482825658,0.452080029286925,0.0812699744864497
435,2,90464.8582181946,21215.0265881759,0.199705200573508,0.0468331153490037
436,2,91714.2255638295,21252.2678842072,0.202463234590963,0.046915327167383
437,2,86247.5816989322,20253.3279931817,0.190395374971152,0.0447101229010264
438,2,90470.8399770001,21122.6077331597,0.199718405572284,0.0466290966135377
439,2,91476.3693973071,21257.2247328964,0.201938156517791,0.0469262696314645
440,2,86392.5297002144,20174.1007892687,0.190715354134763,0.0445352253224532
441,2,212207.704974276,38202.543849302,0.468457952843043,0.084333815717059
442,2,91539.1743740004,21502.059557378,0.20207680129892,0.0474667534026605
443,2,86138.8747492822,20761.8388753524,0.190155399541895,0.0458326833042359
444,2,90450.0054677235,21484.8988864257,0.199672412465835,0.0474288704578132
445,2,91706.7365332902,21466.3510606592,0.202446702222755,0.0473879253069793
446,2,86283.7458421427,20587.2434555245,0.190475208926742,0.0454472561447542
447,2,90488.9370022453,21456.8034675391,0.199758355560905,0.0473668485702596
448,2,207401.111434656,37161.1549595558,0.457847183691226,0.0820349033968718
449,2,86376.5453254703,20135.4831793448,0.190680067916145,0.0444499752299044
450,2,90580.2571126388,21215.3993137458,0.199959948768717,0.0468339381572871
451,2,91581.8357359037,21319.690695934,0.202170978153927,0.0470641660248614
452,2,86127.8400584901,20251.0378385027,0.190131039970883,0.0447050672826512
453,2,90437.6788780433,21125.0317120104,0.199645200970532,0.0466344476547276
454,2,91684.9672173564,21205.98906714,0.202398645489007,0.0468131646191102
455,2,205075.6645886,36631.4150934566,0.452713656286645,0.0808654790668634
456,2,90509.5893778167,21282.1091663946,0.199803946599094,0.0469812031258711
457,2,91431.9788093607,21533.9099940515,0.201840162319336,0.0475370646590922
458,2,86349.2573111558,20365.10974368,0.190619828410117,0.0449568860899972
459,2,90560.7373859122,21466.0549248313,0.199916858103261,0.0473872715739601
460,2,91626.1068274552,21646.4522811184,0.202268708558772,0.0477855067663852
461,2,86131.4033844722,20836.0693098327,0.190138906171571,0.0459965502919095
462,2,212504.935184919,38279.8873557427,0.469114101761,0.0845045549496299
463,2,91656.7586601642,21348.0378896772,0.202336373843609,0.0471267437166158
464,2,86342.6332991733,20362.3959191952,0.19060520560887,0.0449508952016706
465,2,90529.8900109969,21235.1270239074,0.1998487611503,0.0468774879554327
466,2,91426.3394862731,21228.6816434144,0.201827713262647,0.0468632594911487
467,2,86311.0904216528,20142.9427285636,0.190535573302956,0.0444664425167853
468,2,90547.1491559167,21132.2882796915,0.199886861480814,0.0466504668508307
469,2,206829.907080577,37104.8888718798,0.456586224658662,0.0819106935042558
470,2,86143.9899095189,20379.194134208,0.190166691485763,0.0449879780089009
471,2,90432.8751667432,21295.1226942074,0.199634596564052,0.0470099310676733
472,2,91620.9118098029,21377.9468101979,0.202257240326105,0.0471927689897348
473,2,86363.8393968877,20243.1473241828,0.190652019013333,0.0446876486211297
474,2,90548.8400745416,21475.276196724,0.199890594258931,0.0474076279420475
475,2,91429.9180653919,21698.4677509703,0.201835613135313,0.0479003332309849
476,2,205132.29776034,36944.7585168445,0.45283867653367,0.0815571986190584
477,2,90518.8532376534,21415.6009030225,0.199824396981963,0.0472758920754064
478,2,91690.7934664645,21502.3651866401,0.202411507193205,0.0474674280928585
479,2,86165.5187720207,20567.7744168938,0.190214217407859,0.045404277375525
480,2,90437.6859613579,21214.1523153725,0.199645216607264,0.0468311853528816
481,2,91582.4004001485,21188.7306351124,0.202172224675377,0.0467750658623383
482,2,86386.078588526,20137.2973463141,0.19070111301861,0.0444539800842269
483,2,212215.77382663,37973.3074225643,0.468475765193711,0.0838277661030753
484,2,91452.9111734657,21276.9969679443,0.201886371444674,0.0469699177202783
485,2,86224.1484714985,20415.2071878282,0.190343645078718,0.0450674784274958
486,2,90495.8687305726,21304.0999419874,0.199773657659677,0.0470297487416718
487,2,91706.6049288673,21393.5326341032,0.202446411700134,0.0472271753896387
488,2,86195.0004452182,20612.6056859978,0.190279299513497,0.0455032443972472
489,2,90446.5405299241,21492.5729605328,0.199664763461439,0.0474458113179323
490,2,207435.611846353,37287.8065359292,0.457923344885457,0.0823144923882304
491,2,86390.2909944367,20253.0382845901,0.190710412092127,0.0447094833564171
492,2,90581.0469579159,21428.425912605,0.199961692387318,0.0473042038548252
493,2,91479.3707112514,21557.6398650612,0.201944782051894,0.0475894494054227
494,2,86185.4612746628,20303.0948680984,0.190258241369964,0.0448199854922348
495,2,90476.9622666328,21198.5810118656,0.199731920799115,0.0467968110074032
496,2,91716.7004509706,21254.3102597696,0.20246869801447,0.0469198358023311
497,2,204739.998000295,36708.8641986931,0.451972657354423,0.0810364514134754
498,2,90461.1758227887,21128.2233789569,0.199697071521768,0.0466414934015543
499,2,91499.628133784,21262.3563521379,0.201989501213673,0.0469375979093184
500,2,86396.4808451534,20152.5102105383,0.190724076463058,0.0444875631590367
501,2,90583.3157237016,21289.4590912183,0.199966700788759,0.0469974284120212
502,2,91518.8804409527,21528.9287197787,0.202032001538554,0.047526068274448
503,2,86150.1434507656,20753.932639919,0.190180275701923,0.0458152299376567
504,2,212456.047259491,38351.1923294109,0.469006179489906,0.0846619638523658
505,2,91712.7621234483,21483.0701980964,0.202460003981192,0.047424833546942
506,2,86259.5104006521,20635.4878357221,0.190421708111075,0.045553757761113
507,2,90477.4825151676,21442.7929031861,0.199733069270909,0.0473359196259231
508,2,91465.4102784172,21369.6090468829,0.201913963775116,0.0471743630061522
509,2,86389.393975526,20141.0106389358,0.19070843188296,0.0444621773429461
510,2,90583.2908924915,21213.8191739901,0.199966645972758,0.0468304499284536
511,2,206880.910165064,37067.5653234227,0.456698816237514,0.0818283001099857
512,2,86134.149752565,20237.0927710044,0.19014496890136,0.0446742829255361
513,2,90446.8399274104,21124.7455693177,0.199665424394714,0.046633815981999
514,2,91697.1704074412,21208.2555231802,0.202425584574212,0.0468181679216857
515,2,86292.9790537453,20187.4468548209,0.190495591652271,0.0445646873561143
516,2,90496.4506702444,21300.7117102548,0.199774942317402,0.0470222690693319
517,2,91444.6601711699,21533.3831445527,0.201868156989903,0.0475359016153767
518,2,205412.585882218,36840.1923360283,0.453457425036686,0.0813263641212832
519,2,90573.4029261981,21463.2280935354,0.19994481784711,0.0473810312180687
520,2,91600.8892261699,21667.0939055841,0.202213039581648,0.0478310740710302
521,2,86127.8807608141,20812.6246937426,0.190131129823074,0.0459447952585092
522,2,90437.890492082,21430.0552214952,0.19964566811794,0.0473078006267112
523,2,91675.0974816373,21352.1874306667,0.202376857608164,0.0471359040130217
524,2,86325.6649593268,20386.3282395825,0.190567747243498,0.0450037268640119
525,2,212298.579627086,38032.5395990362,0.468658562683416,0.0839585237687117
526,2,91425.8096919418,21211.3593799145,0.201826543718083,0.0468250198235608
527,2,86332.8603641262,20141.9562396498,0.190583631419818,0.0444642647986052
528,2,90558.898870955,21140.6722955477,0.199912799499671,0.0466689749389563
529,2,91637.654815211,21258.5170894656,0.202294201255676,0.0469291225661062
530,2,86133.1152465148,20415.4597619969,0.190142685183215,0.0450680359962138
531,2,90436.2872104794,21305.1110208574,0.19964212880245,0.0470319807432745
532,2,207306.305047301,37188.1217404265,0.457637894371867,0.0820944337657762
533,2,86352.9191809947,20283.2332376834,0.190627912150755,0.0447761400591698
534,2,90536.5542336225,21488.8789576964,0.199863472718332,0.0474376566422726
535,2,91426.7795368294,21680.8872671298,0.201828684693834,0.0478615235305033
536,2,86294.0032190795,20360.2298574182,0.190497852542825,0.0449461135238994
537,2,90534.2340612528,21400.0830555417,0.199858350834568,0.0472416357364847
538,2,91671.7140399675,21509.4297563425,0.202369388510101,0.0474830234448787
539,2,204554.654839469,37040.4916550711,0.45156350407837,0.0817685337822105
540,2,90436.5445690744,21205.8405517231,0.199642696933002,0.046812836764718
541,2,91607.7405505841,21190.1203007072,0.202228164185204,0.0467781336109847
542,2,86374.7724445547,20139.3753289915,0.190676154202623,0.044458567323466
543,2,90558.5030553885,21133.5833904618,0.199911925719193,0.0466533258654939
544,2,91436.8156894416,21287.7788577049,0.201850839947376,0.046993719221763
545,2,86251.384055539,20408.2896269819,0.190403768842582,0.0450522076040678
546,2,212351.012753125,38156.8119062641,0.468774311142637,0.084232860417544
547,2,91697.3675969137,21419.8657901895,0.202426019878748,0.0472853070036325
548,2,86175.8943329166,20669.5259679324,0.190237121920291,0.0456288984528035
549,2,90437.5789371581,21492.8076716207,0.19964498034658,0.0474463294531045
550,2,91566.2074108716,21466.200878265,0.202136477930894,0.0473875937726604
551,2,86387.8580888758,20282.5535757808,0.190705041344827,0.0447746396752719
552,2,90575.6704328625,21428.4673600487,0.199949823468985,0.0473042953519019
553,2,207070.267258823,37254.2698128836,0.457116830449153,0.0822404585795854
554,2,86206.6814220379,20248.253357281,0.190305085789678,0.0446989204164335
555,2,90485.8485003226,21184.2937014275,0.199751537555459,0.0467652711337673
556,2,91709.3390500135,21257.1548183309,0.202452447394244,0.0469261152919498
557,2,86202.5312700104,20259.0054789451,0.190295924144379,0.0447226562035205
558,2,90454.7632151524,21133.8060398317,0.199682915405023,0.0466538173738868
559,2,91523.8286754028,21266.0985541549,0.202042924986319,0.0469458589868141
560,2,205476.820364716,36611.7510765709,0.453599225515498,0.0808220698744589
561,2,90584.6847640197,21295.8756294558,0.199969723006189,0.0470115932057428
562,2,91493.1616286613,21554.9486849883,0.201975226115828,0.0475835085056432
563,2,86170.86030724,20731.0254106893,0.190226009084575,0.0457646612096666
564,2,90469.0065011953,21497.2952557852,0.199714358092848,0.0474562359948635
565,2,91715.1039297112,21502.7143219522,0.202465173622738,0.0474681988245977
566,2,86237.1492808135,20679.5938572261,0.19037234494387,0.0456511237664818
567,2,212411.015784959,38266.7395427556,0.46890677050579,0.0844755305673293
568,2,91487.2911847149,21339.3434895385,0.201962266849558,0.0471075504413732
569,2,86397.409479862,20153.1427720547,0.190726126465505,0.0444889595667357
570,2,90587.8074042379,21210.8800897709,0.199976616373441,0.0468239617692386
571,2,91531.608991914,21292.6550432602,0.202060100381274,0.0470044836183866
572,2,86139.0738165742,20226.4585409699,0.190155838991802,0.044650807389468
573,2,90453.2429899309,21125.7323564406,0.199679559440191,0.0466359943584889
574,2,207083.627997539,37027.6450322791,0.457146324874477,0.0817401742906699
575,2,86273.3100076904,20221.427530529,0.190452171357751,0.0446397012100193
576,2,90486.3341415413,21317.6911928463,0.199752609630062,0.0470597520328091
577,2,91455.1182649133,21528.3806507899,0.201891243697269,0.0475248583877637
578,2,86379.0869082521,20273.6563927092,0.190685678573247,0.0447549987476804
579,2,90582.4533245989,21461.6950920653,0.19996479700436,0.0473776470490986
580,2,91573.9239677397,21684.8767374479,0.202153512573599,0.0478703304637784
581,2,204620.596609371,37326.432367574,0.451709073470107,0.082399760630594
582,2,90439.2938987317,21421.4609211024,0.199648766200577,0.0472888283261126
583,2,91694.7476976817,21358.6536410434,0.202420236334597,0.047150178460201
584,2,86304.5468353716,20406.644186528,0.190521128045024,0.045048575221037
585,2,90502.7961388083,21203.2120241525,0.199788950221656,0.0468070341731257
586,2,91435.9976729982,21197.1758708362,0.201849034139672,0.0467937090960463
587,2,86355.2519514717,20141.03883196,0.190633061845401,0.0444622395803016
588,2,212247.046842299,37976.1030776343,0.468544801767579,0.0838339376360605
589,2,91612.0345002393,21271.6799971069,0.202237643270166,0.0469581802705277
590,2,86128.1669098135,20450.9597342254,0.190131761509725,0.0451464037648026
591,2,90433.7774288795,21316.0292541601,0.199636588347873,0.0470560832291964
592,2,91664.0387372626,21371.1377273922,0.202352444937797,0.0471777376364091
593,2,86333.256531526,20329.6316332957,0.190584505976984,0.0448785665824026
594,2,90526.2542911209,21499.3764229053,0.19984073513687,0.0474608302639015
595,2,207294.830359242,37377.1198253234,0.457612563487307,0.0825116554493754
596,2,86319.7033885488,20300.1155738205,0.190554586810692,0.0448134085675255
597,2,90550.2566242055,21386.0228770938,0.199893721355356,0.0472105972668254
598,2,91650.8338491642,21513.7202051147,0.202323294559648,0.0474924948014859
599,2,86137.7449468639,20513.536275905,0.190152905452776,0.0452845442654727
600,2,90435.1764515228,21196.4325328488,0.19963967675262,0.0467920681443576
601,2,91629.1116198538,21190.9629806999,0.202275341771717,0.0467799938645713
602,2,205290.01092341,36604.2954129372,0.453186835360028,0.0808056111651799
603,2,90546.7815083985,21133.1461745589,0.199886049882555,0.0466523606919304
604,2,91426.9058409263,21300.6780926829,0.201828963515749,0.0470221948570459
605,2,86278.5462859019,20392.1520471725,0.190463730674939,0.0450165831784502
606,2,90526.1073132743,21332.818772991,0.199840410676732,0.047093146839218
607,2,91683.5172235791,21448.562880619,0.202395444563213,0.0473486571078938
608,2,86155.6716218653,20721.5332724569,0.190192479385652,0.0457437068920794
609,2,212491.835241183,38338.1536297736,0.469085183052202,0.0846331803426408
610,2,91593.2409130256,21448.5621914175,0.202196155590001,0.0473486555864508
611,2,86382.8536026759,20320.3322912492,0.19069399371882,0.0448580378709762
612,2,90563.7733217143,21425.8045291055,0.199923560066655,0.0472984170340877
613,2,91446.8448702822,21496.8687676885,0.201872979810421,0.0474552945034096
614,2,86231.2548857429,20201.6042593316,0.190359332804427,0.044595940456634
615,2,90505.9481443477,21172.2500067344,0.199795908414161,0.0467386841417385
616,2,206888.878993604,37099.3904577982,0.456716407781163,0.0818985555104685
617,2,86184.3376028823,20261.3785855775,0.190255760814501,0.0447278949420243
618,2,90443.0347192697,21140.5892286048,0.199657024228396,0.0466687915649831
619,2,91551.6789848195,21266.7531301783,0.20210440578381,0.0469473039925171
620,2,86395.9788858486,20124.2704547916,0.190722968365553,0.044425222641441
621,2,90574.9898556512,21304.2244186526,0.199948321064503,0.0470300235294499
622,2,91470.1411997044,21578.907457422,0.201924407494403,0.0476363985620541
623,2,204901.9030193,37248.4764321723,0.452330069889314,0.0822276694338362
624,2,90481.6138946121,21499.9443203266,0.199742189474896,0.047462083922733
625,2,91712.2194705485,21525.1322851532,0.202458806050766,0.0475176874760553
626,2,86217.3337148498,20717.8501074778,0.190328601200131,0.0457355761414722
627,2,90455.1029881727,21413.1239855161,0.199683665469087,0.0472704241697781
628,2,91510.4519552295,21315.3586712656,0.202013395281218,0.0470546028876131
629,2,86398.705068781,20170.1404103935,0.190728986535703,0.0445264826098331
630,2,212200.782610191,38080.0779710445,0.468442671416253,0.0840634668405723
631,2,91505.6428647705,21276.1184409491,0.202002779000006,0.0469679783328382
632,2,86163.3012019191,20220.2597455619,0.190209322023168,0.0446371232727331
633,2,90461.684315921,21129.4116652169,0.199698194042987,0.046644116596357
634,2,91716.8043815981,21221.4673854883,0.202468927445955,0.0468473336957127
635,2,86251.1707112709,20259.8264217097,0.190403297875616,0.0447244684712086
636,2,90471.2901018204,21334.0478945214,0.199719399242857,0.0470958601796971
637,2,207432.273786262,37239.2499604685,0.45791597596925,0.0822073015869342
638,2,86390.136142034,20242.7769971187,0.190710070248556,0.0446868311076547
639,2,90583.6181963416,21462.5674594719,0.199967368510573,0.0473795728389726
640,2,91548.8397273263,21698.0225039306,0.202098137996535,0.0478993503283294
641,2,86136.843956361,20724.5030165364,0.190150916476143,0.0457502627343008
642,2,90442.8959353536,21410.1816195715,0.199656717856725,0.047263928766008
643,2,91704.8799702019,21366.4903921315,0.202442603777113,0.0471674784369955
644,2,204953.917784742,36947.0751011769,0.452444894798896,0.0815623125820696
645,2,90488.8444916437,21189.7984336313,0.199758151339634,0.0467774230750903
646,2,91449.3070723663,21187.6503941153,0.2018784152311,0.0467726811822622
647,2,86373.1158446485,20138.556261086,0.190672497184605,0.0444567591946127
648,2,90577.5625720561,21157.3917805433,0.199954000450463,0.0467058839461698
649,2,91588.8426645126,21285.3149554712,0.202186446260668,0.0469882800479284
650,2,86129.3059995458,20485.2388446632,0.190134276101004,0.0452220764266548
651,2,212497.013421258,38139.9891901727,0.469096614115167,0.0841957235230925
652,2,91686.2778705964,21374.728309904,0.202401538814364,0.0471856640070995
653,2,86318.9828341642,20383.0846820033,0.19055299615482,0.0449965665663042
654,2,90509.5486277498,21507.2709184728,0.199803856641508,0.0474782577142043
655,2,91430.2589571837,21627.2309267377,0.201836365669115,0.0477430747711609
656,2,86341.4463435657,20254.3125406784,0.190602585351542,0.0447122963334416
657,2,90562.265530349,21372.9915509102,0.199920231550113,0.0471818300343277
658,2,206828.143159468,37404.7060187926,0.456582330724312,0.0825725531991572
659,2,86127.3390894199,20473.8859878175,0.190129934059365,0.0451970144899192
660,2,90430.532211222,21188.0279433962,0.199629424385468,0.0467735146391021
661,2,91656.2817663304,21193.2758859703,0.202335321079247,0.0467850997058894
662,2,86341.0767148758,20148.4800252127,0.190601769379759,0.0444786663455706
663,2,90530.134147609,21134.1393957506,0.199849300092737,0.0466545532719134
664,2,91426.3221614157,21313.72330274,0.201827675017253,0.0470509927388122
665,2,205245.338752166,36878.0843738184,0.453088219553912,0.0814100124810558
666,2,90542.2182713661,21344.493592336,0.199875976333724,0.0471189195224994
667,2,91662.5573180233,21477.8408433679,0.202349174638897,0.0474132895136512
668,2,86148.5952203213,20766.5301094286,0.190176857914315,0.0458430394122382
669,2,90436.3713382693,21494.029163585,0.19964231451829,0.0474490259509771
670,2,91618.7374644699,21437.4943526125,0.202252440362015,0.0473242228397245
671,2,86367.4965101413,20361.2418266747,0.190660092253597,0.0449483474910699
672,2,212237.421452955,38362.8283470109,0.468523553292233,0.0846876508790683
673,2,91434.9501868347,21460.5061404611,0.201846721767348,0.0473750223855192
674,2,86260.2025533326,20163.8346719439,0.190423236068921,0.0445125624115745
675,2,90518.0145873182,21162.8171837231,0.199822545624025,0.0467178607651418
676,2,91687.1273097881,21260.3437575638,0.202403413989183,0.0469331550172272
677,2,86168.281122305,20261.1991566246,0.190220315419047,0.0447274988446255
678,2,90440.6790553319,21146.9782640648,0.199651823995417,0.0466828956450993
679,2,207407.72833542,37020.1886865018,0.457861790794143,0.0817237140755285
680,2,86387.3818270582,20121.717392932,0.190703989975669,0.0444195866437642
681,2,90566.1235785674,21315.3777879827,0.199928748363255,0.0470546450886167
682,2,91452.9446186647,21599.0457577968,0.201886445276439,0.0476808547563682
683,2,86215.9103190625,20646.3615109929,0.190325458990584,0.0455777618831963
684,2,90497.1102951345,21500.5584839176,0.199776398468703,0.0474634397161928
685,2,91708.1026140208,21547.3677564152,0.202449717906764,0.0475667732684356
686,2,204651.620099625,37343.1638407274,0.451777559205516,0.0824366961021992
687,2,90449.6226712629,21398.5010206963,0.199671567425612,0.0472381433241565
688,2,91536.4347275154,21296.5061302682,0.202070753407379,0.047012985064346
689,2,86398.2626805605,20188.5665960927,0.190728009944018,0.0445671592348049
690,2,90582.5637447685,21202.9733932664,0.199965040761798,0.0468065073848246
691,2,91488.0867033737,21260.6002894727,0.201964022992401,0.0469337213228329
692,2,86180.8761693886,20218.0546737356,0.190248119546015,0.0446322554785418
693,2,212423.72962847,37945.6753391917,0.468934836881158,0.0837667670492894
694,2,91716.4896029522,21231.3285999252,0.202468232558085,0.0468691027654467
695,2,86228.6922447243,20302.3066931369,0.19035367566033,0.0448182455609303
696,2,90462.0183665102,21349.3165263057,0.19969893147453,0.0471295663638776
697,2,91498.3866959776,21504.1179315523,0.201986760684466,0.0474712973552565
698,2,86398.3566747163,20223.3168730418,0.1907282174403,0.0446438720176996
699,2,90589.2100343096,21465.012107612,0.199979712741747,0.0473849695085388
700,2,206934.504969831,37612.4490728014,0.456817129154226,0.0830311552362986
701,2,86149.8802113811,20661.4693240155,0.190179694589267,0.0456111130528033
702,2,90454.7798389359,21397.1598159551,0.199682952102765,0.0472351825550011
703,2,91714.1890944561,21374.3689427176,0.202463154083198,0.0471848706880422
704,2,86261.2670530842,20434.5080112872,0.190425585999497,0.0451100858542474
705,2,90481.9481603858,21177.1310064657,0.199742927381468,0.0467494591658699
706,2,91459.6688061801,21182.1389268943,0.201901289219633,0.046760514373089
707,2,205463.824944604,36618.7215452526,0.453570537547249,0.0808374574942882
708,2,90580.1548527747,21162.3432848161,0.199959723025516,0.0467168146122142
709,2,91562.8397444224,21301.268768525,0.202129043657333,0.0470234988002548
710,2,86132.9150312639,20515.400760285,0.190142243199138,0.0452886601977186
711,2,90444.6108424767,21340.3762787778,0.19966050359052,0.0471098303695822
712,2,91700.1000775207,21383.1994040049,0.202432051951294,0.0472043643243257
713,2,86293.4067950187,20440.5815438761,0.190496535910168,0.0451234934477345
714,2,212337.005188016,38467.9603161626,0.468743388819264,0.0849197343797741
715,2,91442.2003956472,21592.4643707299,0.201862726925966,0.0476663260515194
716,2,86363.1545688225,20221.6952066141,0.190650507224901,0.0446402921168896
717,2,90569.6742671168,21364.1803722885,0.199936586666247,0.0471623789653869
718,2,91603.6980478042,21509.0818620835,0.20221924018041,0.0474822554528194
719,2,86131.8449410663,20429.2837095207,0.190139880927403,0.0450985529755949
720,2,90434.0841671986,21178.1126980633,0.199637265486363,0.0467516262937607
721,2,207234.564587017,37057.5985461313,0.457479524113046,0.0818062980055525
722,2,86327.334419102,20155.2471224622,0.19057143265025,0.0444936050139124
723,2,90515.0897330682,21136.6072611964,0.1998160888781,0.0466600011947152
724,2,91428.2531899901,21328.0601845166,0.20183193784877,0.047082642043384
725,2,86335.5061283134,20339.1279248264,0.190589472062009,0.0448995300685804
726,2,90556.8880497877,21353.6962443563,0.199908360522454,0.0471392347863899
727,2,91641.452453754,21508.1421380914,0.20230258471177,0.0474801809702851
728,2,204547.78770849,37389.5203007691,0.451548344581119,0.0825390300507936
729,2,90434.1243104189,21495.6242852335,0.199637354104308,0.0474525472530056
730,2,91638.4915158261,21432.7757933962,0.20229604830952,0.0473138064102593
731,2,86356.1441143775,20405.7841851215,0.19063503133472,0.0450466767296587
732,2,90540.7518349612,21413.0296826422,0.199872739110097,0.047270215991987
733,2,91427.0829369057,21422.3788210669,0.201829354463005,0.0472908546311346
734,2,86287.9659893139,20137.1316752393,0.190484525089436,0.0444536143579562
735,2,212311.903554761,38052.3858870863,0.468687975846728,0.0840023353328234
736,2,91671.9480530891,21260.9797207506,0.202369905104481,0.0469345589342651
737,2,86153.6979667195,20262.4297440706,0.190188122454082,0.0447302154211788
738,2,90433.973300655,21153.0987230718,0.199637020743534,0.0466964068307427
739,2,91604.2148529583,21263.8565688391,0.202220381050787,0.046940909704452
740,2,86376.4775683157,20126.9971281246,0.190679918339211,0.0444312418941715
741,2,90557.243559791,21329.1913981041,0.199909145326608,0.047085139247722
742,2,207150.026229324,37468.0611116735,0.457292901926135,0.0827124123862528
743,2,86242.792988521,20587.4345547646,0.190384803679802,0.0454476780048314
744,2,90511.14752894,21497.8518815866,0.199807386287043,0.0474574647710921
745,2,91696.9910771914,21570.1636929757,0.202425188694704,0.0476170963129056
746,2,86177.6101571536,20766.923787217,0.190240909678656,0.0458439084734764
747,2,90445.4467323867,21385.5162149888,0.199662348854697,0.04720947878768
748,2,91561.3379466896,21284.958456352,0.202125728372001,0.0469874930602571
749,2,205438.346175008,36734.3339822632,0.453514292029457,0.0810926770942162
750,2,90574.8287721423,21195.7642585301,0.199947965465488,0.046790592899058
751,2,91467.53984246,21244.6422809635,0.201918664882515,0.046898493308852
752,2,86202.5427234611,20217.2562213528,0.190295949428381,0.0446304928593724
753,2,90487.8301255923,21144.7146402271,0.199755912081432,0.0466778985947369
754,2,91713.8109160543,21244.4154261851,0.202462319237546,0.0468979925168327
755,2,86208.6059048334,20346.993240946,0.190309334171097,0.0449168931039533
756,2,212445.287823528,38251.2562067208,0.468982427556177,0.0844413504139605
757,2,91522.6788862646,21488.0677528877,0.202040386775627,0.0474358658715557
758,2,86400.0361431798,20218.8228431544,0.190731924941676,0.0446339512467205
759,2,90586.0691878372,21469.7449878644,0.199972779183379,0.0473954175523285
760,2,91498.0004079339,21707.0239238755,0.201985907936418,0.0479192213634579
761,2,86167.656028437,20590.1543180142,0.190218935496514,0.0454536820032455
762,2,90467.8237229838,21382.2004661876,0.199711747057307,0.0472021591246372
763,2,207007.1095843,37397.1209843725,0.456977407071869,0.0825558088981098
764,2,86241.4367448064,20441.524403014,0.190381809711444,0.0451255748512425
765,2,90472.1429594905,21165.8698966035,0.19972128196412,0.0467245997646836
766,2,91484.0319442042,21179.2571140425,0.201955071931081,0.0467541526429662
767,2,86393.7060089183,20128.9766491391,0.190717950888577,0.0444356117749079
768,2,90589.1029211782,21165.3805302897,0.199979476284743,0.0467235194667669
769,2,91536.9691151733,21317.0953098034,0.202071933091916,0.0470584365944729
770,2,204698.980962677,37045.4914120609,0.451882110418456,0.0817795709682751
771,2,90450.2004410978,21354.9786446365,0.199672842878236,0.0471420657420805
772,2,91707.8794144159,21395.4664938855,0.202449225183703,0.0472314444711727
773,2,86272.2776449579,20500.8990658413,0.190449892371075,0.0452566470618494
774,2,90481.88412509,21515.4082483032,0.199742786020702,0.0474962212319494
775,2,91454.8062283619,21556.7005287473,0.201890554862695,0.0475873757787053
776,2,86381.7362263132,20202.2292993799,0.190691527060772,0.0445973202603577
777,2,212222.449929619,38380.0881904948,0.468490502988173,0.0847257527516928
778,2,91575.006191735,21500.2587586871,0.202155901631232,0.0474627780594075
779,2,86131.0366834878,20379.9298909535,0.190138096662828,0.0449896022246608
780,2,90439.9413838563,21166.9374586272,0.199650195552805,0.0467269564553616
781,2,91690.3575848364,21196.5504610071,0.202410544965113,0.0467923284760152
782,2,86305.6864901735,20164.3121406429,0.190523643883719,0.0445136164449767
783,2,90502.2748461265,21143.3583907939,0.199787799444861,0.0466749046137546
784,2,207357.306596636,37130.822937264,0.457750482561802,0.0819679441077636
785,2,86352.9695097209,20304.7324631563,0.190628023253658,0.0448236005562047
786,2,90568.8122020101,21360.8815336102,0.199934683619159,0.0471550966321927
787,2,91614.7893304205,21538.5328216034,0.202243724680393,0.0475472697566478
788,2,86130.4099610044,20826.9245062174,0.190136713145054,0.0459763627309476
789,2,90434.5869170311,21498.0115312597,0.199638375328993,0.0474578172048506
790,2,91662.1059945808,21432.4998972869,0.202348178322312,0.0473131973573195
791,2,205182.781428002,37044.3816032663,0.452950121476764,0.0817771210159701
792,2,90526.4831424515,21402.9382517692,0.199841240336367,0.0472479387092249
793,2,91423.3927153621,21384.3196101174,0.201821208134718,0.0472068372291727
794,2,86315.8058717335,20120.2405367764,0.190545982868866,0.0444163264180744
795,2,90550.2285970345,21152.8590745962,0.199893659484129,0.0466958777960675
796,2,91656.680479749,21260.7378407076,0.202336201256863,0.0469340249733056
797,2,86139.0644451206,20264.1284215211,0.190155818303901,0.0447339653272489
798,2,212503.284837978,37978.8781110188,0.46911045854668,0.0838400636457571
799,2,91627.8343711905,21261.0017009354,0.20227252218845,0.0469346074565012
800,2,86360.7709316361,20141.8166901784,0.190645245239731,0.0444639567369366
801,2,90545.2687374891,21344.0175972851,0.199882710373448,0.0471178687422407
802,2,91432.5620467031,21625.9417167816,0.201841449841726,0.0477402287828075
803,2,86271.5158313083,20522.9590232525,0.190448210633539,0.0453053453995931
804,2,90528.8573096293,21491.767856745,0.199846481416072,0.0474440340154904
805,2,206849.26430583,37696.5400156115,0.456628956594884,0.0832167897349434
806,2,86159.3832063678,20775.0447128774,0.190200672873622,0.0458618357782861
807,2,90443.6101870676,21373.5016830931,0.199658294599171,0.0471829561738245
808,2,91586.9183919637,21276.2031665532,0.202182198343378,0.04696816536838
809,2,86381.7312463432,20226.9633084451,0.190691516067266,0.0446519216861338
810,2,90566.5460757966,21185.5826672661,0.199929681044691,0.0467681165832203
811,2,91447.8345030832,21230.0588237,0.201875164468872,0.0468662996779193
812,2,205022.840749739,36671.438664621,0.452597045311482,0.0809538328814217
813,2,90500.3119404312,21154.5763394189,0.199783466243181,0.046699668734589
814,2,91704.5852326472,21260.479503909,0.202441953130844,0.0469334546833255
815,2,86188.238555213,20395.2122560114,0.190264372340379,0.045023338725654
816,2,90447.6988738241,21373.3007851146,0.199667320557149,0.0471825126825961
817,2,91551.4836752534,21470.0929937815,0.20210397462925,0.0473961857908783
818,2,86398.9081663087,20227.2688462216,0.190729434882534,0.044652596174373
819,2,212204.09659617,38552.0552833753,0.468449987187786,0.0851053777624667
820,2,91475.1238411259,21701.9920351983,0.201935406897089,0.0479081132452632
821,2,86188.0852698247,20514.3341353867,0.190264033956063,0.0452863055757865
822,2,90475.3158190546,21364.9811572759,0.199728286192813,0.0471641467338846
823,2,91714.2598811938,21390.049220286,0.202463310348072,0.047219485598611
824,2,86222.3843738918,20441.8704718146,0.190339750754741,0.0451263388135213
825,2,90458.5905291644,21158.188058714,0.199691364371036,0.0467076417656691
826,2,207443.434770457,36995.5947970183,0.45794061433857,0.0816694219699649
827,2,86398.602066133,20122.3002622702,0.190728759152773,0.0444208733537683
828,2,90584.7042013381,21168.903406853,0.199969765914935,0.0467312963735628
829,2,91508.1791415688,21335.2135781741,0.202008377943912,0.0470984334782383
830,2,86154.3191574068,20555.2695420488,0.19018949376017,0.0453766723077864
831,2,90461.8793616958,21370.6834031311,0.199698624615216,0.0471767346953835
832,2,91709.7602729141,21414.2322577207,0.202453377262544,0.0472728707299923
833,2,204836.343830848,37160.2719728063,0.452185345063154,0.0820329541643258
834,2,90474.0504432323,21514.5335226659,0.199725492819371,0.0474942902361762
835,2,91469.3836094851,21520.8365869111,0.201922735080278,0.0475082045310096
836,2,86390.8356905536,20197.3848922711,0.190711614533046,0.044586626016069
837,2,90584.2579795529,21352.8817516597,0.199968780860485,0.0471374367575137
838,2,91552.29822733,21485.7163363388,0.20210577278921,0.0474306750148762
839,2,86136.930630114,20330.8550389625,0.19015110781231,0.0448812673048586
840,2,212479.403666867,37996.8908573346,0.469057739798643,0.0838798275848903
841,2,91701.3070342253,21199.6118938243,0.202434716361934,0.0467990867252054
842,2,86287.6216404057,20175.0035285522,0.190483764923896,0.0445372181595971
843,2,90494.0689397032,21152.7755870613,0.199769684541235,0.0466956934936186
844,2,91443.3483972824,21349.6049177626,0.201865261190666,0.0471302030008533
845,2,86371.5710630673,20268.2458209959,0.190669087010515,0.0447430546698305
846,2,90575.4564573199,21365.9556259601,0.199949351108452,0.047166297916873
847,2,206847.011404131,37625.3229514088,0.45662398321412,0.0830595748962647
848,2,86123.781121892,20837.6127698239,0.190122079687703,0.0459999575485305
849,2,90438.6697170287,21499.3579278231,0.199647388291689,0.0474607894351845
850,2,91682.8520365565,21438.004042036,0.202393976133257,0.0473253480018102
851,2,86317.9930925615,20493.9163134863,0.190550811256185,0.0452412323252647
852,2,90513.7830424107,21387.6972084717,0.19981320430032,0.0472142934278567
853,2,91429.1798845228,21346.9911795557,0.201833983568193,0.0471244330574397
854,2,205342.951760916,36596.1074885558,0.453303704614907,0.0807875359577119
855,2,90560.4394696145,21152.314333366,0.199916200439775,0.0466946752555586
856,2,91629.2889400152,21259.0429138864,0.202275733213865,0.0469302833469165
857,2,86131.7757348879,20267.9488418149,0.190139728151685,0.0447423990750718
858,2,90431.7242890014,21163.1543247586,0.199632055950218,0.0467186050189818
859,2,91650.3572388365,21259.6379662896,0.202322242421139,0.0469315969515788
860,2,86345.4808670099,20165.7431600569,0.190611491741598,0.0445167754840193
861,2,212266.841118535,38363.6082218046,0.468588498513296,0.084689372487383
862,2,91425.7431062456,21630.5894735209,0.201826396727195,0.0477504889126538
863,2,86300.1234085138,20457.3777577887,0.190511363133375,0.0451605718374468
864,2,90540.6917224078,21484.7535282743,0.19987260640896,0.0474285495732249
865,2,91666.2546008897,21611.5304892483,0.202357336555369,0.0477084153566692
866,2,86146.0230068505,20770.8239002739,0.190171179638604,0.0458525181466204
867,2,90435.7077920282,21362.9517088743,0.199640849710432,0.0471596666362194
868,2,207361.494372205,37211.8977726998,0.457759727262744,0.0821469204151504
869,2,86370.8233807551,20245.3767591235,0.190667436468536,0.0446925701979804
870,2,90555.3480473434,21174.0441488182,0.199904960898522,0.0467426447902352
871,2,91437.1253780842,21218.3619725712,0.201851523598837,0.0468404783584946
872,2,86257.9872934668,20220.1260377874,0.190418345784179,0.0446368281068703
873,2,90514.9958028831,21167.2408825641,0.199815881523036,0.046727626277206
874,2,91689.1910148426,21277.5633665885,0.202407969709934,0.0469711680704924
875,2,204587.747444721,36958.3408089879,0.451636557477221,0.0815871821334326
876,2,90443.2069268934,21383.1894452323,0.19965740438439,0.0472043423398918
877,2,91573.3238532504,21453.97503361,0.202152187794156,0.0473606046764843
878,2,86389.5888554081,20246.9936679525,0.190708862088973,0.0446961395961795
879,2,90574.9774712305,21485.4716329474,0.199948293725343,0.0474301348212494
880,2,91459.6284478408,21689.4635451394,0.201901200126803,0.0478804560458892
881,2,86217.3183678861,20439.102860756,0.190328567321026,0.0451202291889394
882,2,212386.653039107,38290.6518869477,0.468852988660079,0.0845283181313306
883,2,91710.5830669509,21395.7103548443,0.202455193616997,0.0472319828050922
884,2,86199.6881495517,20437.1426993183,0.190289647829436,0.0451159020453304
885,2,90450.9089669203,21151.7201071895,0.199674406980521,0.0466933634748286
886,2,91528.5229299974,21181.2196609865,0.202053287762251,0.0467584850526864
887,2,86399.002665539,20115.1686089604,0.19072964349379,0.0444051299116992
888,2,90582.6781684223,21171.1757057274,0.199965293357106,0.0467363125744547
889,2,207001.57809655,37264.2958259411,0.456965196066487,0.0822625914496087
890,2,86178.5653791612,20562.2374497662,0.190243018373749,0.0453920542741731
891,2,90469.3987223806,21385.4994814857,0.19971522393857,0.0472094418477274
892,2,91719.5148766591,21435.3341660881,0.20247491098443,0.0473194541318347
893,2,86230.905970891,20621.4323907561,0.190358562559363,0.0455227297408256
894,2,90460.132747878,21510.7645238228,0.199694768887482,0.0474859700034941
895,2,91495.7136279819,21487.110417642,0.201980859767903,0.0474337525113954
896,2,205484.940748494,36756.9188311777,0.453617151624077,0.0811425341533134
897,2,90583.9249819359,21350.3740818697,0.199968045753426,0.0471319009648508
898,2,91527.3863040997,21467.9258914157,0.202050778609997,0.0473914018159608
899,2,86151.5834685325,20282.8998687252,0.19018345460523,0.0447754041323582
900,2,90453.029548183,21144.9595983118,0.199679088258033,0.0466784393506106
901,2,91711.404298871,21201.2448708313,0.202457006523009,0.0468026915946226
902,2,86268.7877232795,20187.8886053693,0.190442188213654,0.0445656625401097
903,2,212376.50483444,38041.6436839539,0.468830586046642,0.0839786214413365
904,2,91460.6525877508,21356.8747232776,0.201903460961233,0.047146251420064
905,2,86385.2442677205,20234.7996463417,0.190699271218301,0.0446692207507897
906,2,90579.8570374767,21370.1396795524,0.199959065584992,0.0471755344013855
907,2,91563.769627536,21597.4930353297,0.20213109641569,0.0476774270524197
908,2,86129.808162547,20833.88500571,0.190135384648177,0.0459917283433483
909,2,90447.5622765479,21501.3227200452,0.199667019012583,0.0474651268014561
910,2,207156.120584248,37504.6280998647,0.457306355485855,0.0827931356400658
911,2,86300.9228532909,20535.7937909969,0.190513127943299,0.0453336787205886
912,2,90498.9344374623,21371.8302472198,0.199780425344073,0.0471792664047485
913,2,91438.1561517457,21313.3902771605,0.201853799077568,0.0470502575700243
914,2,86359.5311155431,20110.8949632596,0.190642508290528,0.0443956956486199
915,2,90570.9548997094,21152.9013866132,0.199939413719689,0.0466959712017282
916,2,91607.9445486286,21256.1665010004,0.202228614519966,0.0469239335374585
917,2,204572.409539585,36698.0833812009,0.451602698369034,0.081012652279071
918,2,90436.3633828578,21168.6604424859,0.199642296956365,0.0467307600189096
919,2,91671.4726496608,21258.7710543715,0.202368855630256,0.0469296832049385
920,2,86332.016119977,20196.6573848994,0.190581767713286,0.0445850200111688
921,2,90523.4366606699,21379.5984910118,0.199834515092253,0.047196415148638
922,2,91427.4160893034,21628.6134651465,0.20183008991175,0.0477461267862268
923,2,86329.3029035538,20393.6011105938,0.190575778167283,0.045019782050442
924,2,212275.556765579,38499.2244727335,0.468607738692028,0.0849887513967875
925,2,91646.4881907229,21628.6178435064,0.20231370132524,0.0477461364516513
926,2,86137.5490912606,20753.9333456228,0.190152473092815,0.0458152314955293
927,2,90431.8237009791,21352.7336299036,0.199632275406584,0.0471371097721451
928,2,91637.5984041519,21273.7738691964,0.202294076725752,0.0469628025863512
929,2,86358.5098216732,20261.5028531539,0.190640253738859,0.0447281692682298
930,2,90539.8288539149,21162.4473013709,0.199870701588361,0.0467170442333879
931,2,207228.76766631,37003.0650500731,0.457466727152598,0.0816859128860401
932,2,86283.4992458364,20219.0079171892,0.190474664554421,0.0446343598058889
933,2,90529.2146778361,21180.2811929552,0.199847270322293,0.0467564133427417
934,2,91675.4166331287,21296.330930036,0.202377562149284,0.0470125983020362
935,2,86155.0446644564,20493.2940321318,0.19019109534927,0.0452398586114806
936,2,90439.5272761753,21391.5533412222,0.19964928139167,0.0472228060125171
937,2,91598.5706391107,21440.7610720657,0.202207921197528,0.0473314342682998
938,2,205371.4624165,36846.9250954806,0.453366643155949,0.0813412269874094
939,2,90558.5399318089,21493.5606832266,0.199912007125532,0.0474479917597366
940,2,91441.6020476361,21669.2512787163,0.201861406046103,0.0478358365682316
941,2,86241.2791981698,20367.6976076107,0.190381461920232,0.0449625989147946
942,2,90507.4400602098,21329.3546895194,0.199799201884823,0.0470854997207885
943,2,91700.8437309616,21401.0847686363,0.202433693599361,0.0472438470627215
944,2,86182.4598025483,20425.0416967481,0.190251615486694,0.0450891885436125
945,2,212473.350910003,37961.382785157,0.469044378068493,0.0838014419353035
946,2,91554.9580730098,21183.1710196678,0.202111644516922,0.0467627927638188
947,2,86395.240038361,20109.9331089808,0.190721337326842,0.0443935723124929
948,2,90575.615559016,21173.6920418208,0.199949702332527,0.0467418674983683
949,2,91465.8425827802,21373.1012454743,0.201914918106236,0.0471820721899599
950,2,86198.7833949445,20557.2574283919,0.190287650543375,0.045381060655358
951,2,90483.6302367784,21399.2183829853,0.199746640639964,0.0472397269333351
952,2,206939.186141829,37520.5757228673,0.456827463049743,0.0828283407275787
953,2,86209.561818557,20678.7870640762,0.190311444393184,0.0456493427346978
954,2,90456.6503156298,21505.4735570252,0.199687081263311,0.0474742899588187
955,2,91518.1091922042,21456.0662109012,0.202030298972618,0.0473652210434206
956,2,86399.8232123074,20222.1013349214,0.190731454887299,0.0446411886632025
957,2,90586.0169516042,21347.6238926088,0.19997266386957,0.0471258297996627
958,2,91502.3323688016,21444.2547919966,0.201995470932824,0.0473391468105322
959,2,204798.685093053,36660.620791571,0.452102211723502,0.0809299519452242
960,2,90465.9909407861,21134.7082747995,0.19970770110904,0.0466558090977313
961,2,91716.628945706,21204.177398196,0.202468540163416,0.0468091652792896
962,2,86243.1934138433,20202.2033963929,0.190385687636522,0.044597263078361
963,2,90469.486540903,21175.5510817587,0.199715417801866,0.046745971411766
964,2,91478.7552533904,21360.8729710483,0.201943423401275,0.0471550777299562
965,2,86396.0470471568,20202.8329643038,0.190723118834674,0.0445986528775426
966,2,212206.632033596,38368.4547711463,0.468455584278743,0.084700071460746
967,2,91541.0031069647,21623.8978367042,0.202080838308325,0.0477357168265758
968,2,86140.0747947307,20813.7731147296,0.19015804869563,0.0459473304489475
969,2,90451.3885810417,21502.6420594265,0.199675465750039,0.0474680393018563
970,2,91705.3532648436,21460.2092785021,0.202443648596098,0.0473743670495331
971,2,86279.8144424419,20574.448031828,0.190466530186939,0.0454190096774953
972,2,90484.4286124692,21354.145736065,0.199748403089832,0.047140227059341
973,2,207404.823723462,37067.5756895883,0.457855378733977,0.0818283229937577
974,2,86378.1244460989,20114.7988218748,0.19068355389521,0.0444043135902506
975,2,90582.0206353221,21154.2826517487,0.199963841823525,0.0466990204059866
976,2,91581.0324142689,21253.1525379703,0.202169204785667,0.0469172800799359
977,2,86126.1155543886,20281.105264315,0.190127233051331,0.0447714424632555
978,2,90438.8842275896,21175.0325499269,0.199647861833299,0.0467448267296705
979,2,91686.4520921451,21261.2467818876,0.202401923416186,0.0469351484836104
980,2,205064.331524826,36747.0718595069,0.452688638043997,0.0811207965251194
981,2,90506.1542893605,21397.8120339555,0.199796363488451,0.0472366223552635
982,2,91432.2876439385,21620.1241157381,0.201840844085411,0.047727386169597
983,2,86350.5305457532,20337.4758351869,0.190622639132155,0.0448958830071766
984,2,90562.9859363095,21467.9679510652,0.199921821878332,0.0473914946645089
985,2,91619.4249299108,21642.9328850953,0.202253957972571,0.0477777375430368
986,2,86130.1383359693,20723.2643519789,0.190136113520701,0.0457475283271646
987,2,212504.624631593,38181.0310433608,0.469113416200712,0.0842863252405357
988,2,91663.1378423901,21275.427455663,0.202350456172273,0.0469664529520677
989,2,86341.0143723033,20275.800033633,0.190601631755756,0.0447597309304204
990,2,90531.3096864883,21151.0515768769,0.199851895147129,0.046691887664411
991,2,91428.4948921518,21203.7256140193,0.201832471417049,0.0468081679456134
992,2,86313.7932304601,20216.0591120465,0.190541539873685,0.0446278501873023
993,2,90547.6690834317,21193.5080434159,0.199888009243942,0.0467856122037826
994,2,206828.861185758,37259.0898726808,0.456583915799303,0.0822510990761002
995,2,86140.550382892,20541.4995989546,0.190159098577661,0.0453462745455871
996,2,90435.6968455537,21399.7599919668,0.199640825545603,0.0472409225592655
997,2,91623.063702388,21430.5659319212,0.202261990724755,0.0473089280427055
998,2,86363.1987909928,20320.0387517525,0.19065060484731,0.0448573898694734
999,2,90550.1518665246,21501.0860269153,0.199893490098113,0.047464604290838
1000,2,91432.2385555923,21642.1599747877,0.201840735720702,0.0477760313091351
1001,2,205143.315604918,36794.1331324115,0.452862998915916,0.0812246863794758
1002,2,90522.3476059174,21311.1774868346,0.19983211095542,0.0470453727369017
1003,2,91686.3603827333,21403.8094284592,0.202401720963578,0.047249861870539
1004,2,86162.2246124844,20408.064210967,0.190206945404079,0.045051709988183
1005,2,90442.3189182079,21143.7558602196,0.199655444065696,0.0466757820452008
1006,2,91587.9860082461,21185.0720154667,0.202184555153835,0.0467669892966469
1007,2,86385.141608735,20105.6538786632,0.190699044594022,0.0443841257211236
1008,2,212217.42403512,38064.8014893333,0.468479408102395,0.0840297433273288
1009,2,91448.5104528266,21392.6110045997,0.201876656658013,0.0472251408514934
1010,2,86224.1395591555,20541.0080114542,0.190343625404324,0.0453451893443023
1011,2,90499.9540606379,21413.240326513,0.19978267620761,0.0472706809977064
1012,2,91705.5106982073,21487.1341289057,0.202443996137255,0.0474338048550652
1013,2,86192.8537993834,20732.0359310125,0.190274560697283,0.0457668919782525
1014,2,90448.7575692706,21499.6101253615,0.199669657674464,0.0474613461724744
1015,2,207433.843704853,37273.7600491402,0.457919441634406,0.0822834841435174
1016,2,86395.6882766198,20246.7724092949,0.190722326832747,0.0446956511578459
1017,2,90578.2620535779,21344.2988166404,0.199955544587052,0.047118489546483
1018,2,91477.2658892901,21417.1496726229,0.201940135563741,0.0472793110532258
1019,2,86188.0916971547,20201.110766394,0.19026404814468,0.044594851049012
1020,2,90476.6521508416,21126.2866021606,0.199731236204705,0.046637217880582
1021,2,91716.4627517309,21207.9513467919,0.202468173282819,0.0468174964387712
1022,2,204730.850694079,36669.6420467562,0.45195246426886,0.0809498667675283
1023,2,90460.6056162852,21188.7451566337,0.199695812765535,0.046775097919243
1024,2,91503.1265422925,21361.2594850539,0.201997224106149,0.047155930976825
1025,2,86395.5392678022,20179.3375044637,0.190721997889151,0.0445467856043014
1026,2,90584.5742185649,21381.5782255418,0.199969478972178,0.0472007855007192
1027,2,91512.9655256155,21648.3630123816,0.202018944099709,0.0477897247906841
1028,2,86153.9547198813,20778.8354104408,0.190188689248113,0.0458702039118589
1029,2,212453.290345293,38385.9184083908,0.469000093479118,0.0847386232171667
1030,2,91711.3252219528,21474.8654766667,0.202456831957193,0.0474067212592423
1031,2,86256.4340421714,20606.443802305,0.190414916912818,0.0454896417647662
1032,2,90472.3768056505,21336.65245531,0.199721798189925,0.0471016098635516
1033,2,91471.096223296,21259.2169754092,0.201926515751483,0.0469306675954745
1034,2,86388.4692480793,20122.5465789445,0.190706390505968,0.0444214171087888
1035,2,90581.3490153312,21155.4374178615,0.199962359192505,0.0467015696035725
1036,2,206885.242745573,37046.7301706218,0.456708380601805,0.0817823055829281
1037,2,86133.057448068,20292.1037154651,0.190142557590571,0.0447957220336454
1038,2,90445.1798812611,21182.6369923854,0.199661759768961,0.0467616138748266
1039,2,91705.0706522721,21266.7898230789,0.202443024716269,0.0469473849937281
1040,2,86291.7042912046,20278.2986590683,0.19049277755723,0.0447652467572679
1041,2,90495.3083380234,21414.1566367125,0.199772420568185,0.0472727037932514
1042,2,91441.2024368167,21605.6446170343,0.201860523887434,0.0476954220318113
1043,2,205418.571382929,36823.867249827,0.453470638295883,0.0812903257669605
1044,2,90574.2372432738,21461.793295188,0.199946659639185,0.0473778638368624
1045,2,91599.6011988969,21652.5991683742,0.20221019620412,0.047799076293564
1046,2,86125.406124934,20679.2534100257,0.190125666954238,0.0456503722141356
1047,2,90437.6379948555,21329.49850013,0.199645110719076,0.0470858171891115
1048,2,91675.3118844849,21278.8451335118,0.202377330911992,0.0469739976280196
1049,2,86320.9861540936,20287.3985801676,0.19055741857272,0.0447853352380784
1050,2,212302.05407092,37953.3294661081,0.468666232672806,0.0837836638750973
1051,2,91428.5083275217,21202.410641884,0.201832501076226,0.0468052650861031
1052,2,86333.4166137492,20209.0808221423,0.190584859365616,0.0446124453017764
1053,2,90560.1065344624,21205.4959285844,0.19991546547061,0.0468120759938021
1054,2,91635.7998021872,21339.8296482024,0.20229010623187,0.0471086236582597
1055,2,86129.669597897,20586.6727278807,0.190135078760546,0.0454459962380809
1056,2,90435.7133020301,21409.1606113875,0.199640861874007,0.0472616748450027
1057,2,207300.019630667,37303.8824518913,0.45762401903492,0.0823499806881606
1058,2,86349.4150531772,20367.3498447893,0.19062017663265,0.0449618312128897
1059,2,90535.8113758854,21505.4066128476,0.199861832826817,0.0474741421765673
1060,2,91425.0760132355,21610.5618511236,0.201824924089687,0.0477062770449005
1061,2,86299.881246745,20248.0182976103,0.190510828550493,0.0446984015117492
1062,2,90542.5245298672,21296.2858487991,0.199876652412995,0.0470124987831995
1063,2,91665.7067336836,21403.4214936654,0.202356127114129,0.0472490054872171
1064,2,204552.676079397,36835.8054201637,0.451559135877449,0.0813166798092764
1065,2,90438.5930892282,21140.1330035307,0.199647219132409,0.0466677844278281
1066,2,91611.1820905441,21186.8075404166,0.202235761537829,0.0467708205452118
1067,2,86372.875409535,20105.6488414463,0.190671966413391,0.044384114601243
1068,2,90556.5691664289,21181.4297338135,0.199907656573248,0.046758948797801
1069,2,91434.390623901,21411.7585772844,0.201845486507269,0.0472674099703404
1070,2,86257.0505731538,20513.6944287436,0.1904162779324,0.0452848933949023
1071,2,212347.311244834,38304.9917164174,0.468766139898351,0.084559973943066
1072,2,91692.3680464898,21515.5519980016,0.202414983148686,0.0474965385658059
1073,2,86172.5649417927,20778.4623517335,0.190229772141214,0.04586938036816
1074,2,90438.6821395059,21493.4349038266,0.19964741571486,0.0474477140961135
1075,2,91567.0984252981,21409.8607977042,0.202138444884894,0.0472632205374581
1076,2,86393.146344554,20278.5268499517,0.190716715404586,0.0447657504987984
1077,2,90571.0987717115,21339.0256332832,0.199939731323537,0.0471068487595436
1078,2,207077.618239223,37106.0968505071,0.457133058065534,0.0819133601708355
1079,2,86211.916238907,20170.066862394,0.190316641880887,0.0445263202493509
1080,2,90492.7443673486,21121.8380097118,0.199766760488814,0.0466273974147706
1081,2,91712.5373576166,21212.3343789013,0.202459507800616,0.0468271721772157
1082,2,86201.9963373061,20235.9165874789,0.190294743256627,0.0446716864480585
1083,2,90452.7721056158,21200.6540631083,0.199678519942109,0.0468013873602808
1084,2,91528.018989677,21358.7678192405,0.202052175291566,0.0471504305136526
1085,2,205474.513055153,36663.164258494,0.453594132026952,0.0809355667616515
1086,2,90586.1951496379,21389.7098990878,0.19997305724966,0.0472187365319648
1087,2,91490.5250019898,21668.1096503057,0.20196940564511,0.0478333163727079
1088,2,86172.9778707766,20729.7170812612,0.190230683700323,0.0457617730142281
1089,2,90469.5985827266,21496.3125318505,0.199715665139178,0.0474540665880424
1090,2,91717.2232650686,21491.1986117702,0.202469852149858,0.0474427773818746
1091,2,86234.2866624825,20632.981180191,0.190366025586506,0.0455482242074716
1092,2,212414.421839283,38132.1888804644,0.468914289522295,0.0841785039922657
1093,2,91487.3445154456,21240.3873946753,0.201962384579519,0.046889100458011
1094,2,86396.7734459963,20132.6076865276,0.19072472239244,0.0444436274515391
1095,2,90589.570569857,21154.7287538009,0.199980508640013,0.0467000051961202
1096,2,91528.1721576633,21244.568588311,0.202052513416712,0.046898330629042
1097,2,86150.4898722742,20304.0781262132,0.190181040442821,0.0448221560782822
1098,2,90455.4443125908,21191.6360419398,0.19968441895793,0.0467814796772123
1099,2,207076.249144606,37130.6469184209,0.457130035728238,0.0819675555383337
1100,2,86270.5818486968,20328.5452517969,0.190446148825359,0.0448761683468956
1101,2,90481.311494016,21428.1914147847,0.199741521912122,0.0473036861904509
1102,2,91454.8913733363,21586.5267285126,0.201890742824015,0.0476532184420753
1103,2,86382.0770258325,20257.0119799403,0.190692279390878,0.0447182554657483
1104,2,90584.2063599007,21457.7275169589,0.199968666907806,0.047368888450478
1105,2,91568.3058512126,21657.7515504577,0.202141110331336,0.0478104504063155
1106,2,204626.864280327,37131.0736407691,0.451722909632681,0.0819684975469084
1107,2,90442.7454201418,21316.7141193659,0.199656385587696,0.0470575950996175
1108,2,91694.775344648,21283.0442647383,0.202420297366505,0.0469832673970805
1109,2,86304.8324157315,20297.639910807,0.190521758476378,0.0448079434312459
1110,2,90500.9571776198,21131.8072531609,0.199784890632991,0.0466494049633567
1111,2,91437.3308353794,21202.9649608769,0.201851977154959,0.0468064887699493
1112,2,86359.6059876449,20197.5940041073,0.190642673574025,0.0445870876397536
1113,2,212244.417053005,38057.3779132533,0.468538996390677,0.0840133554527525
1114,2,91610.1598300514,21363.2509286071,0.202233504852296,0.047160327177096
1115,2,86125.4912211254,20627.3488078215,0.190125854807867,0.0455357904948024
1116,2,90438.8003536653,21418.0369236192,0.199647676677878,0.0472812696992865
1117,2,91668.2557024941,21425.2650227151,0.202361754076218,0.0472972260497207
1118,2,86331.9982715927,20420.0735129706,0.190581728312184,0.045078221056819
1119,2,90521.5110376209,21506.5409558839,0.199830264193674,0.0474766462893029
1120,2,207301.195458889,37284.3547140238,0.45762661472805,0.0823068723377539
1121,2,86325.48141004,20206.09733811,0.190567342050279,0.0446058591279979
1122,2,90552.5143555454,21284.7397806063,0.199898705397767,0.0469870103238166
1123,2,91649.6444532872,21401.679509607,0.202320668915317,0.0472451599798827
1124,2,86136.9622432704,20357.0408253808,0.19015117759976,0.0449390735937518
1125,2,90435.1278217943,21135.9686183986,0.19963956940033,0.0466585913623168
1126,2,91635.7001623011,21187.458575319,0.202289886272387,0.0467722577337327
1127,2,205280.667658376,36563.4816333473,0.453166209686652,0.0807155129303548
1128,2,90542.4547396551,21189.501602834,0.199876498347995,0.046776767807895
1129,2,91428.2148726029,21429.654885602,0.201831853261433,0.0473069168674105
1130,2,86281.9244314859,20477.4971028545,0.190471188081657,0.0452049861870729
1131,2,90526.2920454268,21430.1395435513,0.19984081848118,0.0473079867714028
1132,2,91679.6889956026,21545.3100068654,0.202386993579583,0.0475622306947261
1133,2,86157.6434388605,20816.6883472072,0.190196832259423,0.0459537659543816
1134,2,212493.317534788,38323.6420020204,0.469088455281303,0.0846011452785488
1135,2,91597.3320922992,21396.6137731744,0.202205187050321,0.0472339771412616
1136,2,86377.3533020868,20312.0207541713,0.190681851560484,0.0448396897829792
1137,2,90564.1020791654,21331.0080321042,0.19992428581336,0.0470891495481249
1138,2,91442.7835610885,21355.3618377304,0.201864014289631,0.0471429116578888
1139,2,86236.2583560881,20147.136182646,0.190370378187889,0.044475699753298
1140,2,90503.9295438481,21117.9839327663,0.199791452263722,0.0466188893683912
1141,2,206884.42616795,37036.3496355792,0.456706577970362,0.0817593900898453
1142,2,86184.753726717,20254.621835266,0.190256679426385,0.0447129791150087
1143,2,90445.5106620119,21211.7368005134,0.199662489982189,0.0468258529963297
1144,2,91551.6257837181,21353.7360401982,0.202104288340011,0.0471393226374819
1145,2,86396.4889741233,20160.9043494373,0.19072409440812,0.0445060935942297
1146,2,90578.2231651325,21399.9596633082,0.199955458739078,0.0472413633426379
1147,2,91469.7699476032,21683.0414575111,0.201923587938867,0.0478662790016404
1148,2,204913.002949006,37214.6710882159,0.452354573478133,0.082153042632576
1149,2,90482.223886602,21488.9329221806,0.199743536059361,0.0474377757712732
1150,2,91713.581868326,21508.7207203174,0.202461813604492,0.0474814582162983
1151,2,86218.4162077976,20651.2445892233,0.190330990851489,0.0455885414957069
1152,2,90456.4479153683,21303.684355709,0.199686634455726,0.047028831316467
1153,2,91512.5364243508,21227.0457727907,0.202017996839571,0.0468596482339438
1154,2,86395.9204831107,20141.9336439817,0.19072283943891,0.0444642149176623
1155,2,212200.657058253,37984.5259048551,0.468442394254762,0.0838525314020006
1156,2,91504.0644633391,21240.848996603,0.2019992946086,0.0468901194648094
1157,2,86160.0609036075,20315.8118331308,0.190202168920439,0.0448480587585009
1158,2,90464.165856309,21203.3992007166,0.199703672153833,0.0468074473737209
1159,2,91711.7089971531,21289.1612439702,0.202457679158027,0.0469967709009656
1160,2,86247.571326459,20381.4520939044,0.190395352073456,0.044992962555419
1161,2,90470.9942159531,21441.0713251086,0.199718746061637,0.0473321191656997
1162,2,207434.185760798,37286.0344649357,0.457920196738127,0.0823105804626477
1163,2,86393.6943794338,20236.1643288594,0.190717925215972,0.0446722333481815
1164,2,90585.8585151213,21455.6202725231,0.199972314113983,0.0473642366146048
1165,2,91540.7929745153,21657.6832972928,0.202080374431591,0.0478102997344164
1166,2,86139.8184736054,20562.9375640375,0.190157482855338,0.0453935998075848
1167,2,90451.2882025116,21302.2158217294,0.199675244159967,0.0470255894623513
1168,2,91704.0230119201,21287.9875954173,0.202440712003568,0.0469941800195528
1169,2,204942.628096967,36786.3498931346,0.452419972310695,0.081207504532386
1170,2,90489.703295538,21125.9079443739,0.199760047187452,0.0466363819766661
1171,2,91451.7900907886,21206.556670519,0.201883896604771,0.0468144176288301
1172,2,86374.6850888672,20183.3685588544,0.190675961361055,0.0445556843362673
1173,2,90579.4816505263,21223.394564037,0.199958236901593,0.0468515880281264
1174,2,91581.5773718292,21387.8636357861,0.202170407803734,0.04721466082356
1175,2,86126.8364335295,20660.0334929898,0.190128824424117,0.0456079433919139
1176,2,212495.76450816,38254.1966578466,0.469093857083922,0.0844478415906827
1177,2,91684.9450081128,21431.083980442,0.202398596461114,0.0473100716578702
1178,2,86313.3276358532,20475.7422371067,0.190540512052869,0.0452011122428358
1179,2,90512.4599224648,21505.6194070907,0.199810283454155,0.0474746119293291
1180,2,91430.246310766,21534.7884182089,0.201836337751585,0.0475390038195131
1181,2,86345.1940753142,20177.2235181284,0.190610858636166,0.0445421188853851
1182,2,90561.3701195451,21274.8772667991,0.199918254890914,0.0469652383856648
1183,2,206829.041937357,37213.0608924999,0.456584314816503,0.0821494880538726
1184,2,86132.0614595311,20326.9309203196,0.19014035890155,0.0448726046383151
1185,2,90434.7683964908,21131.4823025264,0.199638775952977,0.0466486876203695
1186,2,91655.8772543462,21189.1336623624,0.20233442810104,0.0467759555629291
1187,2,86341.2460440243,20118.7102636847,0.19060214318139,0.0444129482721211
1188,2,90529.9584166401,21199.5057781893,0.199848912158802,0.0467988524702187
1189,2,91424.7138727091,21446.2912267619,0.201824124648358,0.0473436423309063
1190,2,205255.224504464,36959.1821436095,0.453110042792068,0.0815890394170526
1191,2,90547.0742260457,21434.85812541,0.199886696069789,0.0473184032508522
1192,2,91659.207410291,21574.1716501384,0.202341779568494,0.0476259440567127
1193,2,86144.2250054296,20843.3843532787,0.190167210470449,0.046012698575866
1194,2,90434.8907887997,21481.9896289533,0.199639046139446,0.047422448142469
1195,2,91619.9719597515,21388.1142700473,0.202255165565289,0.0472152141098459
1196,2,86365.6695502398,20347.4467564926,0.190656059158307,0.0449178942597056
1197,2,212239.868529956,38193.7080805778,0.468528955323618,0.0843143103643725
1198,2,91431.0606432834,21322.5919394768,0.201838135426858,0.0470705706490994
1199,2,86267.8547069287,20131.5653736392,0.190440128538536,0.0444413264994508
1200,2,90520.0018540142,21117.6073334125,0.199826932603698,0.0466180580085574
1201,2,91688.4662876324,21223.811171087,0.202406369842364,0.04685250770673
1202,2,86167.3012335991,20276.5610852349,0.19021815227112,0.0447614109857015
1203,2,90439.7985881381,21221.310137087,0.199649880324902,0.0468469865628687
1204,2,207404.145679874,37091.1987109149,0.457853881922581,0.0818804718646575
1205,2,86384.4028851851,20167.900798754,0.190697413828909,0.044521538567467
1206,2,90567.0272590357,21412.7887566615,0.199930743278106,0.0472696841371624
1207,2,91450.131592917,21692.1752749198,0.20188023539691,0.0478864423100625
1208,2,86221.3040112171,20600.1713478174,0.190337365806057,0.045475795042335
1209,2,90497.7737091814,21478.5292000781,0.199777862984736,0.0474148090917236
1210,2,91706.2550900796,21524.3120308143,0.202445639415441,0.0475158767280974
1211,2,204644.53379169,37218.9020218632,0.45176191586538,0.0821623826068963
1212,2,90447.1776852749,21289.2223426717,0.199666170010232,0.0469969057790683
1213,2,91539.2407271184,21217.7045350202,0.202076947776381,0.0468390270358421
1214,2,86391.7628550113,20151.560171019,0.190713661289849,0.0444854659045171
1215,2,90581.8325624854,21148.6436693726,0.199963426644368,0.0466865721014335
1216,2,91480.9332367404,21238.3328755278,0.201948231396449,0.0468845650155583
1217,2,86185.3372151893,20326.4894484946,0.190257967503155,0.0448716300696139
1218,2,212420.429825889,38021.7537206368,0.468927552420106,0.083934713462129
1219,2,91716.9358366791,21305.3616797319,0.202469217638897,0.0470325340838953
1220,2,86228.3141465021,20437.7625919455,0.190352840991678,0.0451172704858927
1221,2,90461.270387461,21450.5977936225,0.199697280277491,0.047353149268911
1222,2,91500.5902196534,21537.1224206937,0.201991625061046,0.047544156233871
1223,2,86398.3819488097,20230.5179058652,0.190728273233986,0.0446597686181327
1224,2,90580.5398753434,21457.1002123086,0.199960572979972,0.0473675036475448
1225,2,206940.265762297,37480.3974630821,0.456829846359973,0.0827396454310056
1226,2,86150.9320298,20493.9909214915,0.190182016525237,0.0452413970257565
1227,2,90459.659396867,21285.4098619715,0.199693723944059,0.0469884895582516
1228,2,91716.3565276925,21291.9566504681,0.202467938788527,0.0470029418852168
1229,2,86258.8217155127,20309.985976042,0.19042018780798,0.0448351979197028
1230,2,90477.6370403296,21122.4030188409,0.199733410392081,0.0466286446975684
1231,2,91465.0852012817,21211.481897404,0.201913246152872,0.0468252902863716
1232,2,205467.111479074,36648.0429408203,0.453577792718357,0.0809021857799261
1233,2,90580.5156831929,21229.9003499751,0.199960519574723,0.0468659498401188
1234,2,91557.56673052,21412.0401733081,0.202117403244472,0.0472680316060948
1235,2,86135.740883254,20684.9643506257,0.190148481393168,0.0456629793696703
1236,2,90447.3642199811,21441.126128712,0.199666581793897,0.047332240147093
1237,2,91699.2538420302,21441.389095421,0.202430183848788,0.0473328206578062
1238,2,86294.3087349259,20533.2202168351,0.190498526982653,0.045327997441092
1239,2,212340.691903996,38411.980745342,0.468751527408865,0.0847961569858674
1240,2,91443.5728569951,21494.9306959888,0.201865756695472,0.0474510161238803
1241,2,86366.9164223882,20161.3683582632,0.190658811684065,0.0445071179143632
1242,2,90572.5382792032,21267.7399387262,0.199942909100389,0.0469494824163035
1243,2,91600.5562118195,21386.9756059034,0.202212304437649,0.047212700458073
1244,2,86124.9160338762,20296.0655616944,0.190124585056416,0.0448044679855149
1245,2,90439.8119592142,21127.0711068816,0.199649909842148,0.0466389497096674
1246,2,207227.438872129,36998.4321207907,0.457463793780307,0.0816756854884648
1247,2,86323.6889932839,20131.9891009127,0.19056338521052,0.0444422618962647
1248,2,90515.2722039414,21213.2754701922,0.199816491690673,0.0468292496781227
1249,2,91425.6440116652,21459.0848517731,0.201826177971499,0.0473718848274873
1250,2,86332.8535893906,20385.7079636935,0.190583616464288,0.0450023575773821
1251,2,90558.1743686938,21438.1938964694,0.199911200128686,0.0473257671139212
1252,2,91638.0318742525,21602.9011252116,0.20229503363029,0.0476893656515161
1253,2,204548.764886689,37450.3027745838,0.451550501745482,0.0826732100668087
1254,2,90436.1788440904,21478.1406067325,0.199641889578824,0.0474139512546194
1255,2,91646.1054232415,21385.3802642411,0.20231285634899,0.0472091786703542
1256,2,86352.0973769482,20382.0461527905,0.190626097981749,0.0449942739668482
1257,2,90538.0302381402,21307.464691379,0.199866731063993,0.0470371765756988
1258,2,91424.516493128,21292.5214871429,0.201823688924149,0.0470041887873138
1259,2,86295.2948621562,20123.1836928658,0.1905007039024,0.0444228235661243
1260,2,212308.350355669,37967.8474714846,0.4686801320016,0.0838157130180768
1261,2,91671.9644040714,21229.865811836,0.202369941200002,0.0468658735956397
1262,2,86149.9859589237,20299.3256427039,0.190179928031673,0.0448116647594305
1263,2,90434.3959597032,21231.6543437451,0.199637953782193,0.0468698218594259
1264,2,91604.6077963411,21340.6638712573,0.202221248490793,0.0471104652427798
1265,2,86373.1963640599,20184.6490347009,0.190672674934789,0.044558511043685
1266,2,90558.5638611472,21426.9925829348,0.199912059950611,0.0473010397157892
1267,2,207157.510974704,37503.4121696133,0.457309424834663,0.082790451419922
1268,2,86247.775342604,20526.8011474873,0.190395802448176,0.0453138270598317
1269,2,90512.5773723785,21466.6980454123,0.199810542730067,0.047388691291264
1270,2,91694.8911697094,21539.5377072345,0.202420553055483,0.0475494880863999
1271,2,86172.2127302672,20660.9743752185,0.190228994618596,0.0456100204313067
1272,2,90439.6788127977,21277.3321226661,0.199649615915508,0.0469706575892425
1273,2,91566.5060734648,21213.2007124999,0.20213713724186,0.0468290846471901
1274,2,205433.243226181,36652.9294188157,0.45350302704282,0.0809129728975692
1275,2,90572.2464235816,21143.7633052052,0.199942264816115,0.0466757984803379
1276,2,91463.2577856584,21238.5034983999,0.201909212051556,0.0468849416731418
1277,2,86206.5127040878,20334.0738288045,0.190304713337295,0.0448883729266841
1278,2,90487.1725880462,21231.8566558342,0.199754460538036,0.0468702684723664
1279,2,91710.9465409718,21325.3459721883,0.202455996002075,0.0470766502988756
1280,2,86204.525651143,20494.6834769554,0.190300326829487,0.0452429258727646
1281,2,212448.205923175,38343.3960961088,0.468988869391015,0.0846447533203871
1282,2,91523.3912456134,21512.8747622639,0.202041959340592,0.047490628448767
1283,2,86399.2142651017,20238.311760614,0.190730110609242,0.0446769738993492
1284,2,90584.1484466105,21458.1633147623,0.19996853906164,0.0473698504935237
1285,2,91493.9410876234,21636.7535728955,0.201976946806176,0.0477640964363509
1286,2,86170.8908510647,20423.6581263692,0.190226076511428,0.0450861342504264
1287,2,90468.2728193286,21267.6414068665,0.199712738457475,0.0469492649028382
1288,2,207000.322382412,37226.1518285992,0.456962424021644,0.0821783868779121
1289,2,86242.6329425551,20312.0422942033,0.19038445037121,0.0448397373335584
1290,2,90467.7524331628,21121.1241539469,0.199711589681855,0.0466258215464001
1291,2,91486.2674673859,21215.3858020279,0.201960006947995,0.0468339083295685
1292,2,86397.3509544091,20148.3041604428,0.190725997267963,0.0444782781162643
1293,2,90585.0872093062,21235.0120045872,0.19997061142207,0.0468772340451646
1294,2,91532.0113461688,21438.1026125858,0.202060988596198,0.0473255656006856
1295,2,204707.489331244,37243.1464596275,0.451900893020723,0.0822159032822379
1296,2,90453.2230300592,21452.0641286621,0.199679515377886,0.0473563862687687
1297,2,91711.0616168356,21456.9746311283,0.202456250037165,0.0473672264215004
1298,2,86271.2073458173,20588.6446048971,0.190447529638089,0.0454503492443511
1299,2,90484.4443114386,21491.8984517881,0.199748437746006,0.0474443223098599
1300,2,91454.051098133,21456.3570473319,0.201888887879108,0.0473658630777849
1301,2,86382.8265519544,20156.9886409698,0.190693934003149,0.0444974494935227
1302,2,212220.578859017,38220.2662596652,0.46848637251655,0.0843729387266557
1303,2,91577.8203480284,21373.0671666112,0.202162114006491,0.047181996959353
1304,2,86131.1513873011,20266.4058916006,0.190138349876601,0.0447389929438062
1305,2,90444.1410391945,21121.1356559173,0.199659466478866,0.0466258469375117
1306,2,91689.8053896718,21190.6758390009,0.202409325969712,0.0467793599864919
1307,2,86303.8905641802,20149.9327621089,0.190519679297162,0.0444818733269218
1308,2,90500.8967563004,21227.2643755248,0.199784757250239,0.0468601308092081
1309,2,207362.438148832,37235.0414021869,0.45776181069165,0.0821980110072296
1310,2,86355.9686625659,20338.0585589752,0.190634644017038,0.0448971693958727
1311,2,90564.2791879124,21438.9285833259,0.199924676788801,0.0473273889678535
1312,2,91613.8055322011,21629.8980486232,0.20224155290204,0.0477489625614208
1313,2,86127.5133770905,20857.6447365406,0.190130318807154,0.0460441790065622
1314,2,90437.1423930891,21473.9261007817,0.19964401665612,0.04740464754517
1315,2,91663.2646030292,21387.4677337347,0.202350736002025,0.0472137868521623
1316,2,205172.068712067,36980.2734685654,0.452926472679577,0.0816355994555432
1317,2,90525.0197540566,21290.2848705512,0.199838009841358,0.0469992513566491
1318,2,91426.4267208883,21262.9671038884,0.201827905836943,0.0469389461709885
1319,2,86320.2862623361,20119.1417345791,0.190555873530517,0.0444139007633228
1320,2,90550.9038672095,21125.7379319708,0.199895150173093,0.0466360066667199
1321,2,91652.498866247,21236.7033446801,0.202326970158959,0.0468809677536911
1322,2,86137.8918243948,20324.0839081721,0.190153229691462,0.0448663197322958
1323,2,212503.844752376,38064.5138668455,0.469111694582633,0.0840291083878865
1324,2,91630.3165671652,21334.4902709595,0.202278001746532,0.0470968367453719
1325,2,86360.6284529459,20212.8452132074,0.190644930711681,0.0446207553625834
1326,2,90547.5176338641,21442.9708835414,0.199887674912281,0.0473363125254782
1327,2,91427.4347417501,21690.4529319325,0.201830131087856,0.0478826401612667
1328,2,86280.454533162,20453.3262111812,0.19046794321569,0.0451516278680003
1329,2,90525.4132196387,21453.1697748664,0.199838878434142,0.0473588270319706
1330,2,206846.512791968,37592.0255313766,0.456622882505581,0.0829860693596722
1331,2,86155.4559091642,20649.3610499949,0.190192003190264,0.045584383499035
1332,2,90438.424799486,21266.5720999402,0.199646847625313,0.0469469043602099
1333,2,91592.2923828029,21211.1360055886,0.202194061667321,0.0468245267147954
1334,2,86381.8869187607,20168.9267107805,0.190691859721056,0.0445238033139227
1335,2,90565.1877241709,21136.5327886266,0.199926682423025,0.046659836793203
1336,2,91446.2047325607,21240.3535667439,0.201871566677912,0.046889025781347
1337,2,205034.245566949,36818.9478170302,0.452622221953034,0.0812794659001266
1338,2,90505.1859534269,21247.7078163657,0.199794225843783,0.0469052606146813
1339,2,91700.7206993986,21347.3107763795,0.20243342200171,0.0471251385816516
1340,2,86184.8429686676,20553.3566915783,0.190256876431963,0.0453724496052431
1341,2,90445.137982108,21463.1191383109,0.199661667274716,0.0473807906945617
1342,2,91550.5730252211,21489.5665123649,0.202101964328776,0.0474391744498024
1343,2,86394.8648514492,20257.9398225887,0.190720509085037,0.0447203037196875
1344,2,212204.926877535,38504.8719583037,0.468451820070851,0.0850012184725197
1345,2,91470.9230995001,21617.3813033979,0.201926133572999,0.0477213312892897
1346,2,86194.3374460785,20355.5995463966,0.19027783591339,0.0449358919062513
1347,2,90481.4106211615,21250.1370348929,0.199741740739707,0.0469106232226901
1348,2,91710.5103585059,21299.9027881747,0.202455033109869,0.0470204833378397
1349,2,86215.9354161098,20310.6515708906,0.190325514393432,0.0448366672499527
1350,2,90457.2224409128,21122.0417318982,0.199688344255335,0.0466278471405637
1351,2,207443.417832241,37002.8591587713,0.457940576946704,0.0816854583718283
1352,2,86399.4527205817,20131.7949705746,0.190730637010326,0.0444418333449036
1353,2,90584.3398643686,21240.3158083467,0.19996896162486,0.0468889424280046
1354,2,91505.1238655108,21462.8812732093,0.202001633286042,0.047380265596764
1355,2,86161.2814575118,20695.4592962341,0.190204863347502,0.0456861474291689
1356,2,90464.9637872875,21462.3847952906,0.199705433621979,0.047379169599663
1357,2,91717.0744036132,21476.5110285432,0.202469523531571,0.0474103538882434
1358,2,204825.856858,37256.0594537592,0.452162194603879,0.0822444092914647
1359,2,90470.680328936,21480.3606712115,0.199718053142077,0.0474188521457586
1360,2,91476.9526145985,21420.6852355905,0.201939443995917,0.0472871159658239
1361,2,86394.7974201532,20163.2494549318,0.19072036022745,0.0445112705189757
1362,2,90582.3627622986,21260.9708291697,0.199964597084051,0.0469345393057045
1363,2,91550.5319147084,21358.3958364681,0.20210187357549,0.0471496093451277
1364,2,86137.0345922136,20239.249060603,0.190151337313272,0.0446790430307886
1365,2,212477.300395287,37938.5644252165,0.469053096733026,0.0837510693902243
1366,2,91700.7407420598,21193.7195176133,0.202433466246776,0.0467860790424848
1367,2,86286.6016914944,20172.5181437345,0.190481513341283,0.0445317315620022
1368,2,90488.8750241158,21243.3283792903,0.199758218741425,0.0468955928124344
1369,2,91448.2661612214,21472.1835247909,0.201876117373422,0.0474008007311186
1370,2,86371.9371980181,20292.9971731159,0.190669895269714,0.044797694381172
1371,2,90579.5498018198,21440.2987945303,0.199958387348606,0.0473304137700673
1372,2,206849.794403363,37702.6523414391,0.456630126808781,0.0832302829662313
1373,2,86129.9034822158,20841.0714728738,0.190135595070588,0.0460075927894396
1374,2,90439.7813603988,21469.5018278312,0.199649842293901,0.0473948807657337
1375,2,91681.3032650616,21393.3614610949,0.202390557151256,0.0472267975176049
1376,2,86317.6391624643,20445.5792301711,0.190550029939743,0.0451345260626482
1377,2,90507.7471590613,21272.6866112745,0.199799879819205,0.0469604024161012
1378,2,91428.5841847547,21239.1301949644,0.201832668534444,0.0468863251336985
1379,2,205351.040510027,36598.1775053608,0.453321560888552,0.080792105611933
1380,2,90557.4033036616,21130.8732055379,0.199909497968312,0.0466473430116601
1381,2,91625.3410573383,21242.9468060337,0.202267018087159,0.046894750472489
1382,2,86128.7373694289,20350.4957101098,0.190133020824714,0.0449246249605065
1383,2,90431.8237617758,21249.8425981978,0.199632275540795,0.0469099732405822
1384,2,91652.7282622902,21331.5952097156,0.202327476560933,0.047090445768834
1385,2,86340.4135397361,20249.8452827875,0.190600305391124,0.0447024346628363
1386,2,212269.920474834,38480.8355932359,0.468595296329371,0.084948157126916
1387,2,91423.3830299166,21678.8057712765,0.201821186753666,0.0478569285357721
1388,2,86303.194141845,20386.2606151065,0.190518141913864,0.0450035775799716
1389,2,90542.7515534824,21439.808070653,0.199877153577729,0.0473293304752689
1390,2,91664.2468574782,21562.1597093503,0.202352904372435,0.0475994271628425
1391,2,86146.8467599858,20627.5780922841,0.190172998110311,0.0455362966504576
1392,2,90437.8311620184,21255.4937397482,0.199645537144184,0.0469224483870537
1393,2,207356.338170288,37110.5623700964,0.45774834471754,0.0819232180040627
1394,2,86367.9674801569,20174.9847685352,0.190661131940866,0.0445371767460247
1395,2,90551.1070231514,21130.9196193881,0.199895598648875,0.0466474454723
1396,2,91432.9421669972,21244.8638717163,0.201842288974192,0.0468989824803006
1397,2,86260.1956940996,20333.7126311967,0.190423220926859,0.0448875755668902
1398,2,90517.8109742834,21262.4338727248,0.199822096139189,0.0469377690394637
1399,2,91688.1956248328,21373.107520927,0.202405772342189,0.047182086043301
1400,2,204583.198756705,37171.9227261937,0.451626516045989,0.0820586737209347
1401,2,90440.1751251669,21466.527797435,0.199650711547151,0.0473883154612774
1402,2,91576.1216528843,21469.4857603889,0.202158364061362,0.0473948452961397
1403,2,86387.7513637564,20288.1968399522,0.190704805744376,0.0447870974320786
1404,2,90568.2567255262,21463.5884451984,0.1999334573801,0.047381826710402
1405,2,91450.9079548246,21591.3755575077,0.201881949250372,0.0476639224478749
1406,2,86215.8489399186,20292.1996502768,0.190325323493392,0.0447959338140117
1407,2,212383.032291266,38150.6178796659,0.468844995698082,0.084219186828169
1408,2,91710.5165808459,21302.040737348,0.202455046845962,0.0470252029557873
1409,2,86200.3606547781,20307.0532771722,0.190291132414652,0.0448287238564305
1410,2,90449.7353686433,21123.5784380293,0.199671816210095,0.0466312394877378
1411,2,91535.4233420186,21223.8222118918,0.202068520728884,0.0468525320797978
1412,2,86399.0392779357,20117.8734270239,0.190729724317285,0.0444111009179498
1413,2,90580.5566767932,21245.7211856947,0.19996061006992,0.0469008750390618
1414,2,207008.379632864,37430.2545594525,0.456980210760595,0.0826289527396787
1415,2,86179.431646692,20681.7658978234,0.190244930697875,0.045655918642765
1416,2,90473.3865712785,21471.9563794295,0.199724027292487,0.0474002992976246
1417,2,91715.2628466107,21498.0140157957,0.202465524438866,0.0474578226895745
1418,2,86228.0201522094,20694.0478940834,0.190352191986193,0.0456830316961081
1419,2,90462.1483372221,21469.579181658,0.19969921839066,0.0473950515277489
1420,2,91497.2302548781,21388.2308384769,0.201984207789272,0.047215471439842
1421,2,205485.307266009,36716.7066923871,0.453617960727802,0.081053764067328
1422,2,90588.623469593,21256.4742262389,0.199978417874031,0.0469246128546176
1423,2,91522.5305691707,21339.4717378457,0.202040059359041,0.0471078335552188
1424,2,86150.849244883,20216.2130670019,0.190181833773848,0.0446281900497181
1425,2,90460.0848310869,21115.374091238,0.199694663109033,0.0466131280270689
1426,2,91712.9691044715,21196.8595276257,0.202460460901012,0.0467930107543306
1427,2,86263.4035548639,20199.3966639298,0.190430302422259,0.0445910670915376
1428,2,212380.155855838,38174.559154726,0.468838645838862,0.0842720382583489
1429,2,91461.4016715579,21471.4562941059,0.201905114597074,0.0473991953370168
1430,2,86383.6870148892,20254.6309129763,0.190695833513372,0.0447129991544582
1431,2,90580.1786773474,21440.9838398541,0.199959775619321,0.0473319260381069
1432,2,91560.4205738223,21677.4811456523,0.20212370323057,0.0478540043657554
1433,2,86132.5414948019,20809.8177916751,0.190141418600774,0.0459385988972766
1434,2,90444.5605409745,21463.0547946104,0.199660392547715,0.0473806486529792
1435,2,207148.633843237,37452.9798616161,0.457289828171882,0.0826791198555738
1436,2,86294.9693236308,20472.0896727805,0.190499985261618,0.0451930490445317
1437,2,90499.8940583839,21255.7850676467,0.199782543749964,0.0469230915063548
1438,2,91441.813058064,21218.1676492107,0.201861871861013,0.0468400493810281
1439,2,86363.2387986432,20119.7746224587,0.190650693165979,0.0444152978914832
1440,2,90568.9501973642,21136.9656129049,0.199934988250045,0.0466607922720598
1441,2,91602.6688671849,21250.1196692043,0.20221696821839,0.0469105848871599
1442,2,204576.276931523,36837.9530568242,0.451611235808851,0.081321420812783
1443,2,90434.0906700678,21259.2859352958,0.199637279841736,0.0469308198274932
1444,2,91673.2985565368,21331.5010452225,0.202372886400945,0.0470902378965246
1445,2,86327.3270304476,20294.5600015927,0.190571416339467,0.0448011443945869
1446,2,90515.9354311874,21472.2008370912,0.199817955794335,0.0474008389487921
1447,2,91430.0396014723,21660.2998752917,0.20183588143162,0.0478160759467976
1448,2,86332.7968409714,20326.3347408394,0.190583491189627,0.0448712885455801
1449,2,212272.390862135,38460.7783300972,0.468600749819279,0.0849038798259069
1450,2,91640.4131700266,21569.1456710419,0.202300290446689,0.0476148489841805
1451,2,86137.1271425426,20595.0581828346,0.190151541622242,0.0454645075030786
1452,2,90434.8346797649,21245.6741606987,0.199638922276254,0.0469007712292904
1453,2,91641.0504500698,21213.1319722448,0.202301697270746,0.0468289329000176
1454,2,86356.7477506202,20181.5335644032,0.19063636388859,0.0445516335043514
1455,2,90540.2112028435,21125.4855522844,0.199871545640637,0.0466354495273302
1456,2,207235.882756323,37075.0425699652,0.457482434030453,0.0818448064644965
1457,2,86285.7821901406,20324.4094351508,0.190479704255573,0.0448670383475885
1458,2,90532.6177953485,21277.1176142696,0.199854782855654,0.0469701840524105
1459,2,91673.699744308,21399.1407203016,0.202373772040804,0.0472395554895045
1460,2,86151.9821344231,20662.6295827272,0.190184334677926,0.0456136743755456
1461,2,90436.0529658121,21470.7358225327,0.199641611696922,0.047397604863955
1462,2,91606.0593235254,21454.5398475914,0.202224452801651,0.0473618515284847
1463,2,205363.907050275,36913.458624618,0.453349964348764,0.0814881027139949
1464,2,90558.7024594447,21465.344278564,0.199912365912521,0.0473857027906983
1465,2,91440.9715612944,21559.1524653833,0.201860014219444,0.0475927885379505
1466,2,86241.95387081,20236.6172402281,0.190382951290111,0.0446732331701842
1467,2,90513.1589719532,21218.4046872961,0.199811826637012,0.0468405726531508
1468,2,91696.7942209097,21303.7143195844,0.202424754125701,0.0470288974630554
1469,2,86178.7876166747,20299.943740658,0.19024350897295,0.0448130292381719
1470,2,212475.584785004,37953.3927996517,0.469049309446975,0.0837838036867134
1471,2,91560.9613420048,21225.7538298554,0.202124897000399,0.0468567962124174
1472,2,86394.0984987789,20109.0921239644,0.190718817327412,0.044391715800642
1473,2,90573.3394281839,21253.0082378836,0.199944677672418,0.0469169615310724
1474,2,91466.1888828104,21512.6929821827,0.201915682578965,0.0474902271611478
1475,2,86203.8744056286,20652.3907471101,0.190298889176031,0.0455910716902509
1476,2,90484.9386654422,21480.2602109817,0.199749529054469,0.0474186303753304
1477,2,206933.447094897,37636.3478217311,0.45681479384823,0.0830839127881532
1478,2,86207.1570511642,20737.8720248139,0.190306135762142,0.045779775415049
1479,2,90451.9284804652,21456.6761774409,0.199676657602044,0.047366567571703
1480,2,91522.9236456695,21362.7969737199,0.202040927092906,0.0471593250514797
1481,2,86398.7149732359,20196.7447847786,0.190729008400228,0.0445852129502919
1482,2,90585.3600761423,21253.0033671754,0.199971213787754,0.0469169507787674
1483,2,91499.6326149091,21317.930483532,0.201989511105956,0.0470602802776473
1484,2,204808.861890482,36614.6903239595,0.452124677456737,0.0808285583938779
1485,2,90467.7750684497,21114.2280143689,0.199711639650258,0.0466105980113754
1486,2,91714.7264211163,21204.1580055043,0.202464340255714,0.0468091224690597
1487,2,86240.1222453142,20230.3363121015,0.190378907895314,0.0446593677418178
1488,2,90470.215240395,21275.7924894132,0.199717026438425,0.0469672587803166
1489,2,91484.2768649822,21465.9407381741,0.201955612604598,0.0473870195018324
1490,2,86393.5480407917,20225.1986169076,0.190717602166907,0.0446480260510287
1491,2,212205.645528989,38497.5779058928,0.468453406525918,0.0849851165272075
1492,2,91536.5885198651,21695.0018522699,0.202071092910835,0.0478926821053571
1493,2,86142.7370054097,20763.2533748892,0.190163925644183,0.0458358058749142
1494,2,90447.373640462,21454.3228805563,0.199666602590028,0.0473613725640989
1495,2,91704.5382716046,21411.924104054,0.202441849462252,0.0472677753780508
1496,2,86273.7152246003,20494.2844344451,0.190453065892114,0.045242044968664
1497,2,90483.4124976078,21238.9614154058,0.199746159971054,0.0468859525453115
1498,2,207408.376582494,37003.7010611751,0.457863221828407,0.0816873169088529
1499,2,86379.9916596612,20122.0754957151,0.190687675852247,0.044420377171595
1500,2,90579.9398378141,21142.5477946704,0.199959248370422,0.046673115186737
1501,2,91576.714585995,21257.7600255156,0.202159672987592,0.0469274513137441
1502,2,86127.3217078932,20405.0475372634,0.190129895688871,0.045045050546728
1503,2,90439.8883863933,21270.3779693455,0.199650078558547,0.0469553059862989
1504,2,91692.4755343355,21336.4762263987,0.202415220432889,0.047101220830387
1505,2,205052.969890072,36903.9728924824,0.452663556729637,0.0814671625381517
1506,2,90501.662998668,21485.4460506037,0.199786448764367,0.0474300783470872
1507,2,91434.1213449405,21635.9131325758,0.20184489206198,0.0477622411269422
1508,2,86354.4238842502,20277.960420353,0.190631233850157,0.0447645000802509
1509,2,90566.0248551857,21416.357953221,0.199928530426996,0.0472775632974115
1510,2,91617.1972481412,21572.403583514,0.202249040265923,0.0476220409709531
1511,2,86130.3598777609,20552.2278122657,0.190136602584065,0.0453699575539207
1512,2,212504.224507214,38067.8898849991,0.469112532908339,0.0840365610982072
1513,2,91659.1842836546,21214.7069001675,0.202341728515414,0.0468324096234977
1514,2,86334.8713727549,20188.197656287,0.190588070810864,0.0445663447837643
1515,2,90528.6760454679,21122.5008567761,0.199846081267369,0.0466288606791646
1516,2,91425.9208941737,21259.539184557,0.201826789201959,0.0469313788865078
1517,2,86313.0753350286,20307.6767562989,0.19053995508757,0.0448301002143501
1518,2,90550.1348480817,21290.155895691,0.199893452529143,0.0469989666389052
1519,2,206827.996049178,37456.3583868226,0.456582005971802,0.0826865781003254
1520,2,86138.449203433,20709.9577962789,0.190154460130495,0.0457181535132605
1521,2,90436.3617546988,21475.2975015545,0.199642293362132,0.0474076749734091
1522,2,91627.6430989736,21444.6556211915,0.202272099946519,0.0473400316588185
1523,2,86362.6833371962,20371.7568282697,0.190649466960115,0.0449715598250515
1524,2,90549.6511879478,21463.8244066032,0.199892384827873,0.0473823476057044
1525,2,91431.0864582577,21522.9844675322,0.201838192414563,0.0475129460730703
1526,2,205154.258227154,36660.3592221224,0.452887155241491,0.0809293745190254
1527,2,90527.2924573305,21206.0359192668,0.19984302693498,0.0468132680472653
1528,2,91681.7424134864,21303.8665322174,0.202391526590947,0.0470292334792169
1529,2,86158.9314500152,20291.6020138056,0.190199675601369,0.0447946145049042
1530,2,90441.516234776,21129.5580932126,0.199653672106298,0.0466444398426741
1531,2,91585.8891835406,21225.8663923781,0.20217992631998,0.0468570446991958
1532,2,86385.4600659223,20106.274538114,0.190699747602435,0.0443854958544831
1533,2,212219.154305466,38220.8650373744,0.468483227751188,0.0843742605550969
1534,2,91449.1604922363,21533.6583572808,0.201878091648939,0.0475365091597221
1535,2,86226.8734371424,20612.679575585,0.190349660561649,0.0455034075117994
1536,2,90500.8526541323,21484.5592778305,0.199784659892741,0.0474281207567253
1537,2,91702.1691177868,21548.5223345698,0.202436619449762,0.0475693220510953
1538,2,86190.2627190478,20775.6379544479,0.190268840772128,0.0458631453854547
1539,2,90449.0336473095,21444.3008036489,0.199670267129021,0.0473392483833023
1540,2,207431.898993142,37217.2251699902,0.457915148596756,0.08215868088176
1541,2,86399.1778705534,20220.4560372364,0.190730030266657,0.0446375565953403
1542,2,90580.8388746258,21246.8223137778,0.199961233034195,0.0469033058283101
1543,2,91476.6698605756,21295.7918558737,0.201938819803828,0.047011408271832
1544,2,86189.3387182044,20184.7989889536,0.190266800999144,0.0445588420743713
1545,2,90477.9141306933,21115.513333156,0.199734022081391,0.0466134354097996
1546,2,91712.4274724976,21212.3441015124,0.202459265224325,0.0468271936403125
1547,2,204721.87178487,36742.0023524818,0.451932642927182,0.0811096053627477
1548,2,90457.7791891252,21291.4077009956,0.199689573301792,0.0470017300548256
1549,2,91504.7089554654,21457.4684648841,0.202000717353652,0.0473683165814939
1550,2,86396.7484531005,20207.0473095505,0.190724667219511,0.0446079562322304
1551,2,90586.7769706804,21448.5287149176,0.199974341645505,0.0473485816855874
1552,2,91507.6396289095,21708.835424281,0.202007186945707,0.0479232203312222
1553,2,86156.5257955792,20704.8489365825,0.19019436501214,0.0457068754781156
1554,2,212450.474180258,38344.8496982881,0.468993876669473,0.0846479622118892
1555,2,91715.4361995097,21422.3477971621,0.202465907123105,0.0472907861444841
1556,2,86253.0182272009,20510.1572643003,0.190407376349253,0.0452770849469755
1557,2,90474.9860074985,21222.9475431143,0.199727558119125,0.0468506012095452
1558,2,91470.2177141677,21191.1461090323,0.201924576403486,0.046780398128515
1559,2,86390.5544297795,20123.7649843371,0.19071099363737,0.0444241067929172
1560,2,90584.2159504868,21145.3905677368,0.199968688079451,0.0466793907347962
1561,2,206889.722782969,37133.7032033337,0.456718270483737,0.081974302423296
1562,2,86135.851002949,20430.6432072507,0.190148724487295,0.0451015541273371
1563,2,90445.4789766834,21283.2709959347,0.199662420035417,0.0469837679162871
1564,2,91702.6866016393,21345.481912223,0.202437761818397,0.0471211012826341
1565,2,86284.9184289754,20400.8438274283,0.19047779746436,0.0450357706701846
1566,2,90491.4892472518,21495.810634315,0.199763989755342,0.0474529586268962
1567,2,91442.9521853275,21606.7796786604,0.201864386535143,0.0476979277308658
1568,2,205424.319083506,36776.515214736,0.453483326600704,0.0811857940421376
1569,2,90576.0923775753,21407.6865996753,0.199950754930717,0.0472584208985486
1570,2,91597.4862024474,21571.5656587972,0.202205527255332,0.0476201912148497
1571,2,86125.0953009828,20502.4552349926,0.190124980796532,0.0452600823745068
1572,2,90439.3158183717,21222.4868174868,0.199648814589158,0.0468495841372183
1573,2,91682.7561659242,21217.1350306787,0.20239376449457,0.046837769829663
1574,2,86321.4087947419,20195.4933207766,0.19055835157076,0.0445824502878121
1575,2,212305.558590504,37965.341606622,0.468673969055755,0.0838101812098711
1576,2,91428.0862762866,21269.506120358,0.201831569379341,0.0469533813408582
1577,2,86342.1076220478,20285.5093864386,0.190604045153221,0.0447811647588447
1578,2,90560.3736475321,21300.8774220417,0.199916055134599,0.0470226348854764
1579,2,91631.7338713912,21455.3162207541,0.202281130508687,0.0473635654067932
1580,2,86129.7678447047,20750.4385847985,0.190135295644746,0.0458075166554784
1581,2,90433.8186363092,21480.7413884817,0.199636679315108,0.0474196925960762
1582,2,207293.636686021,37385.7436110501,0.457609928400547,0.0825306928401607
1583,2,86348.2592912052,20420.2302119351,0.19061762523666,0.045078566976757
1584,2,90537.8945381757,21459.5786977199,0.199866431500282,0.0473729750143929
1585,2,91427.6221139534,21484.4368493209,0.201830544720334,0.0474278504903418
1586,2,86298.0895416394,20158.3867608305,0.190506873281734,0.0445005359053372
1587,2,90541.144481699,21196.5445248072,0.199873605895245,0.0467923153715897
1588,2,91667.9783370848,21302.4510061337,0.202361141779733,0.0470261086423904
1589,2,204550.970953851,36709.5884354808,0.451555371736919,0.081038050198416
1590,2,90434.913123522,21132.1672771696,0.199639095444339,0.0466501997323784
1591,2,91611.3276772731,21225.9491840594,0.202236082927012,0.0468572274655168
1592,2,86371.3196216169,20110.9344490303,0.190668531942323,0.0443957828152158
1593,2,90554.7278408026,21273.993302844,0.199903591764982,0.0469632869958939
1594,2,91435.026069496,21552.1942268936,0.2018468892817,0.0475774279168144
1595,2,86255.0424564988,20561.8874158147,0.190411844925515,0.0453912815586471
1596,2,212343.613081478,38419.295107412,0.468757976038161,0.084812303765656
1597,2,91691.6725363847,21573.8765797553,0.202413447779176,0.0476252926757101
1598,2,86173.3153607062,20801.836851954,0.190231428724362,0.0459209806176577
1599,2,90440.4872016206,21433.5581458182,0.199651400469811,0.0473155334880488
1600,2,91572.9519479143,21328.1737281924,0.202151366796575,0.0470828926961016
1601,2,86389.9241972666,20245.2440152683,0.19070960237105,0.0446922771600124
1602,2,90572.2472303417,21238.9339237282,0.199942266597074,0.0468858918562097
1603,2,207085.003051348,37020.3421458907,0.457149360366955,0.0817240528439591
1604,2,86213.7663994111,20176.1255873529,0.19032072619254,0.0445396951543359
1605,2,90489.9497598048,21120.1937443647,0.199760591268289,0.0466237676258405
1606,2,91708.9122450319,21222.191054795,0.202451505203253,0.0468489312279135
1607,2,86200.9433375828,20300.7138155447,0.190292418712875,0.044814729212756
1608,2,90448.1752122466,21304.8567944128,0.199668372095416,0.0470314195270839
1609,2,91528.2063075051,21445.2377855802,0.202052588804008,0.0473413168126152
1610,2,205471.934903921,36728.5365759063,0.45358844064337,0.081079879061675
1611,2,90582.6924967987,21455.9445970865,0.199965324987635,0.0473649525755125
1612,2,91490.1725743889,21715.0301309009,0.201968627645497,0.0479368954217754
1613,2,86179.8257420995,20636.4153881483,0.190245800681026,0.0455558053743736
1614,2,90470.6448716586,21431.5631637907,0.19971797486856,0.0473111294764383
1615,2,91719.7017186193,21432.1290871235,0.202475323446373,0.0473123787773813
1616,2,86232.3099342138,20520.5296617696,0.19036166187088,0.0452999824760032
1617,2,212417.791600168,38013.8794875885,0.468921728419415,0.0839173307422394
1618,2,91493.1480463348,21185.035781825,0.201975196132238,0.0467669093092703
1619,2,86399.2926147716,20123.4396834409,0.190730283569625,0.0444233886767116
1620,2,90583.9994730464,21147.4395773093,0.199968210195867,0.0466839140146169
1621,2,91524.8504760892,21275.4366319456,0.202045180656809,0.0469664732091197
1622,2,86150.983949098,20452.514850162,0.190182131139398,0.0451498367524416
1623,2,90454.3020855439,21297.5045867476,0.199681897440891,0.0470151892014597
1624,2,207068.904932043,37288.356041967,0.457113823052159,0.082315705447264
1625,2,86270.0964030637,20460.4114045813,0.190445077182519,0.0451672687477512
1626,2,90481.0895683888,21501.2179573209,0.199741032001423,0.0474648955330797
1627,2,91456.0270461152,21575.5773858952,0.201893249872217,0.0476290472809569
1628,2,86384.8688970094,20222.421437144,0.19069844257075,0.0446418953031047
1629,2,90581.2955720512,21402.2533798798,0.199962241214086,0.0472464268240494
1630,2,91567.5980707299,21564.6491940702,0.202139547874421,0.0476049228111538
1631,2,204633.361767096,36903.3285336833,0.451737253123888,0.081465740087426
1632,2,90444.7693319484,21209.3865503662,0.199660853463082,0.0468206647145339
1633,2,91696.0905634369,21219.836590769,0.202423200770514,0.0468437336437929
1634,2,86300.2452220053,20202.7698572673,0.190511632042079,0.044598513565951
1635,2,90498.963769216,21123.0636521875,0.199780490095225,0.0466301030750819
1636,2,91439.2941748295,21279.720162968,0.201856311314172,0.0469759292944865
1637,2,86361.7369609636,20257.8660914964,0.190647377792463,0.0447201409550199
1638,2,212241.851382341,38202.1889427209,0.468533332558503,0.0843330322449865
1639,2,91609.7876612726,21485.1326525904,0.202232683273154,0.0474293865070253
1640,2,86129.1639817562,20780.1502073976,0.190133962590413,0.045873106384655
1641,2,90434.2386041394,21486.4339005818,0.199637606412783,0.0474322590698771
1642,2,91673.3592529033,21442.3593083911,0.202373020390875,0.0473349624461162
1643,2,86332.0330437843,20469.245803231,0.190581805073344,0.0451867710759373
1644,2,90524.3566783775,21449.904307884,0.199836546072287,0.0473516183682802
1645,2,207307.462336029,37163.9102413941,0.457640449138239,0.0820409858041513
1646,2,86329.2620327779,20135.4556420714,0.190575687943226,0.0444499144401476
1647,2,90550.6489663867,21190.0482561783,0.199894587468182,0.0467779745694809
1648,2,91645.5392853871,21299.5468769097,0.202311606574481,0.0470196976478828
1649,2,86136.9568165719,20270.6450071998,0.190151165620081,0.0447483509801493
1650,2,90430.4831958841,21134.9036753372,0.199629316181928,0.0466562404531144
1651,2,91636.6684108587,21225.0868438354,0.202292023724169,0.0468553238110946
1652,2,205271.168045025,36594.2746068678,0.453145238867407,0.0807834897898149
1653,2,90543.2946503707,21288.9918071733,0.19987835248828,0.0469963968616957
1654,2,91427.3514259752,21567.5080741198,0.201829947164575,0.0476112339160951
1655,2,86283.9504893442,20504.7779300705,0.190475660694547,0.0452652098272607
1656,2,90529.7065344915,21484.501259646,0.199848356117749,0.0474279926790009
1657,2,91673.0365760079,21598.9281264205,0.202372308067268,0.0476805950798701
1658,2,86154.1284440711,20818.257770059,0.190189072751994,0.0459572305251727
1659,2,212494.716935793,38250.3727769506,0.469091544521301,0.0844394002034266
1660,2,91597.7155675691,21319.7421171079,0.202206033589046,0.0470642795393913
1661,2,86377.7496196417,20270.6436371783,0.190682726449124,0.0447483479557659
1662,2,90559.9300251102,21228.2499200997,0.199915075818359,0.0468623064427181
1663,2,91440.9821116143,21251.2662210845,0.201860037509745,0.0469131159514616
1664,2,86241.1375549074,20172.5411724439,0.190381149236427,0.0445317823989032
1665,2,90508.0068567996,21127.6868511408,0.19980045311352,0.0466403089925227
1666,2,206880.121281489,37085.2199091545,0.456697074741915,0.0818672733936901
1667,2,86181.4963951916,20339.2928132701,0.190249488722078,0.0448998940671582
1668,2,90445.128048197,21316.1197144751,0.199661645345165,0.0470562829243675
1669,2,91557.3058720046,21432.3292740787,0.20211682738769,0.047312820698994
1670,2,86395.4553164494,20208.7855676138,0.190721812562803,0.0446117935142648
1671,2,90573.62500975,21466.4774243276,0.199945308106435,0.0473882042604011
1672,2,91465.16764131,21716.1262241457,0.201913428142903,0.047939315096394
1673,2,204924.163688837,37080.3009375547,0.452379211308007,0.0818564145449692
1674,2,90485.6431268478,21415.7936548771,0.199751084184374,0.0472763175837036
1675,2,91714.5100286639,21442.8700187998,0.202463862559745,0.0473360898620721
1676,2,86208.0064423506,20522.7560730652,0.190308010830987,0.0453048973780225
1677,2,90453.869732479,21198.5480628193,0.199680943002258,0.0467967382709171
1678,2,91520.316231786,21180.9420148828,0.202035171110717,0.046757872136556
1679,2,86399.1054517218,20123.0718876092,0.190729870398863,0.0444225767510446
1680,2,212200.621471462,37982.9447196071,0.468442315695336,0.0838490408651966
1681,2,91501.130622311,21286.6513987567,0.201992818023963,0.0469912303059585
1682,2,86166.3373039204,20467.9443757672,0.190216024353455,0.0451838981168921
1683,2,90463.9082987755,21312.8676110772,0.199703103584115,0.0470491037613848
1684,2,91716.8590350071,21376.2766633449,0.202469048095788,0.0471890820662284
1685,2,86245.2871875062,20521.3030699739,0.190390309735064,0.0453016898090339
1686,2,90468.0944591216,21505.267026515,0.19971234471938,0.047473834033526
1687,2,207435.920963088,37286.1391632008,0.457924027274408,0.0823108115887274
1688,2,86395.7046809805,20215.1355060227,0.190722363046103,0.0446258112859007
1689,2,90586.4544302648,21399.1174150195,0.199973629623183,0.047239504042057
1690,2,91540.7914548542,21552.5414009603,0.202080371076872,0.0475781943190173
1691,2,86140.2634931497,20387.8192324632,0.190158465255787,0.0450070182971514
1692,2,90450.522065501,21195.9309662963,0.19967355287842,0.0467909609138712
1693,2,91703.9538843,21222.3958147773,0.20244055940127,0.046849383244687
1694,2,204931.38172144,36665.7196951293,0.452395145436212,0.0809412080017513
1695,2,90483.9006577341,21126.9199798904,0.199747237606258,0.0466386160901084
1696,2,91450.264776568,21288.9377692593,0.201880529405747,0.0469962775705957
1697,2,86378.9977742947,20229.3888582263,0.190685481806069,0.0446572761952227
1698,2,90581.3100797318,21315.1548205166,0.199962273240437,0.0470541528780124
1699,2,91582.117772537,21514.7016870662,0.202171600762347,0.0474946614665737
1700,2,86128.6039380979,20797.2984024618,0.190132726269113,0.0459109617884241
1701,2,212494.431257176,38332.4179213909,0.46909091387304,0.0846205185111236
1702,2,91685.7496388716,21450.0439060074,0.202400372719323,0.0473519265373504
1703,2,86312.4762961515,20519.0377116912,0.190538632682589,0.0452966889298072
1704,2,90508.5098483424,21438.6292905229,0.199801563489736,0.0473267282656712
1705,2,91434.1113210454,21405.0346067645,0.201844869933786,0.0472525665061734
1706,2,86347.743897444,20123.6598044788,0.190616487481995,0.044423874603699
1707,2,90563.5413801245,21185.7334478948,0.199923048045274,0.0467684494381685
1708,2,206830.121366727,37080.5142312094,0.456586697704875,0.0818568854002043
1709,2,86130.1439675771,20261.9975492185,0.190136125952726,0.0447292613318083
1710,2,90432.910874075,21135.649202262,0.199634675389576,0.04665788623698
1711,2,91660.9207517863,21224.3338876149,0.202345561846095,0.0468536616267283
1712,2,86338.7517045562,20142.5310439625,0.190596636816006,0.0444655337047067
1713,2,90530.1559648087,21305.3190432107,0.199849348255176,0.0470324399618773
1714,2,91425.4321638607,21575.5189618857,0.201825710308042,0.0476289183073557
1715,2,205264.968936256,36978.3896140547,0.453131554058915,0.0816314407628715
1716,2,90546.8229440323,21481.1606412376,0.199886141353561,0.0474206181151931
1717,2,91659.265993837,21622.1591666564,0.202341908894278,0.0477318786350674
1718,2,86140.761340634,20820.0755485776,0.190159564276265,0.0459612433521511
1719,2,90438.4946236933,21413.9715187861,0.199647001765359,0.0472722951371903
1720,2,91623.4464044008,21316.3199726514,0.20226283555648,0.047056725003204
1721,2,86364.4278708078,20294.2567209232,0.190653318095701,0.0448004748890116
1722,2,212242.382412139,38042.7172940667,0.468534504830414,0.0839809914834405
1723,2,91432.709713172,21231.0087626634,0.201841775822028,0.0468683967104571
1724,2,86272.1494861775,20171.1904795399,0.190449609454863,0.0445288006842061
1725,2,90522.1927191746,21136.0475619968,0.199831769036042,0.046658765633823
1726,2,91688.0227545808,21247.9892584714,0.202405390723414,0.046905881910655
1727,2,86164.6218289915,20380.9372916469,0.190212237366204,0.0449918261065249
1728,2,90439.495660648,21326.9218510144,0.199649211598986,0.0470801291215173
1729,2,207400.403995035,37184.1892720289,0.457845621986779,0.0820857526667776
1730,2,86386.8954408846,20227.8653197713,0.190702916256545,0.0446539129162795
1731,2,90565.0814345538,21476.6667167182,0.199926447783965,0.0474106975768187
1732,2,91447.9934684885,21708.8587444634,0.201875515392079,0.0479232718115628
1733,2,86223.3498181188,20484.883415421,0.190341882015839,0.0452212918007846
1734,2,90500.5749103084,21399.949028212,0.199784046760889,0.0472413398651897
1735,2,91705.7378457189,21451.6854880725,0.202444497575496,0.0473555504028162
1736,2,204637.666863202,37027.6483117701,0.451746756815135,0.0817401815302921
1737,2,90449.5211165235,21188.7671654634,0.199671343239005,0.0467751465047139
1738,2,91541.1830106406,21180.1824547494,0.202081235453696,0.046756195373758
1739,2,86396.5834776686,20121.3736745558,0.190724303028903,0.0444188278701518
1740,2,90579.6188347303,21147.5530772755,0.199958539741828,0.0466841645708435
1741,2,91478.0759065886,21299.1955768356,0.201941923712976,0.0470189221373348
1742,2,86183.9424112983,20476.8886400214,0.190254888411491,0.0452036429782897
1743,2,212417.090181295,38149.6695883043,0.468920180006037,0.0842170934327854
1744,2,91715.9815862138,21398.4891088527,0.202467111088526,0.0472381170282316
1745,2,86226.4774869252,20583.0482390841,0.190348786483923,0.0454379950177577
1746,2,90460.0151073085,21505.6191304823,0.199694509190689,0.0474746113187039
1747,2,91504.6703317119,21510.4721071787,0.202000632089997,0.0474853244807385
1748,2,86399.565456999,20221.468817561,0.190730885880985,0.0446397923529797
1749,2,90585.7909735014,21397.7740426791,0.199972165012851,0.04723653848783
1750,2,206946.141512713,37301.4111576559,0.456842817340511,0.0823445251961533
1751,2,86154.0057466989,20330.2402648537,0.190188801892084,0.0448799101636534
1752,2,90460.0908342234,21181.2072097387,0.199694676361224,0.0467584575660027
1753,2,91715.6433942798,21223.9928526588,0.202466364514781,0.0468529087768853
1754,2,86255.7142354469,20217.8918697456,0.19041332790744,0.0446318960814885
1755,2,90475.235973098,21134.6796176617,0.19972810992931,0.0466557458358241
1756,2,91471.3144059062,21296.6277715461,0.201926997399305,0.0470132535928805
1757,2,205470.131543563,36690.9936924436,0.453584459645121,0.0809970014756191
1758,2,90584.1285313138,21321.5752135561,0.199968495097736,0.0470683261813809
1759,2,91553.4780329293,21543.9491621604,0.202108377262577,0.0475592265694766
1760,2,86131.2975572251,20800.9139583853,0.190138672553213,0.0459189432890323
1761,2,90447.2976295781,21497.4597570053,0.199666434792619,0.0474565991386279
1762,2,91701.7008282162,21461.8364746402,0.202435585679695,0.0473779591574248
1763,2,86292.4960129016,20566.7014854389,0.190494525318111,0.0454019088315884
1764,2,212344.385874578,38286.7717578089,0.46875968201332,0.084519752573575
1765,2,91441.6376912448,21367.6737728572,0.201861484730955,0.0471700908026128
1766,2,86367.9277193883,20121.4700278428,0.1906610441672,0.044419040574321
1767,2,90576.8202713717,21184.2780752209,0.199952361788667,0.0467652366382208
1768,2,91597.3116407238,21286.9935091234,0.202205141902558,0.0469919855298182
1769,2,86128.660936777,20253.1001542565,0.190132852096233,0.0447096199364591
1770,2,90436.8660730272,21137.7671747159,0.199643406667286,0.0466625617554304
1771,2,207220.258498518,37015.0949540267,0.457447942786004,0.0817124694343977
1772,2,86320.3610345692,20168.5235531898,0.19055603859355,0.0445229133255992
1773,2,90513.8640786038,21324.1607679393,0.199813383191323,0.0470740339077495
1774,2,91427.5877665127,21578.7535826795,0.20183046889683,0.0476360588767119
1775,2,86336.8374674775,20387.1056924815,0.190592411052463,0.0450054431258863
1776,2,90559.2189736128,21476.3937643807,0.199913506140534,0.047410095022386
1777,2,91635.4970540297,21644.0686970291,0.202289437901839,0.0477802448984289
1778,2,204550.01800953,37378.1216619813,0.451553268069922,0.0825138670483835
1779,2,90437.1026300699,21405.2579442704,0.199643928877485,0.0472530595336572
1780,2,91651.3643065462,21316.1186313327,0.202324465567927,0.0470562805332824
1781,2,86350.073663034,20316.6684096874,0.190621630543219,0.0448499496893706
1782,2,90536.0898303369,21201.5504050228,0.199862447527411,0.0468033660749479
1783,2,91428.429194455,21214.9619441068,0.201832326386459,0.0468329726443442
1784,2,86301.1883556594,20170.5593084086,0.190513714051593,0.0445274073458441
1785,2,212304.823513474,37967.6799794005,0.468672346340496,0.083815343271847
1786,2,91665.473076142,21262.5622763567,0.202355611304707,0.0469380524961957
1787,2,86149.2501502055,20422.883989195,0.190178303701181,0.0450844253081622
1788,2,90439.2209544748,21336.7214804116,0.199648605172883,0.0471017622395353
1789,2,91613.676288579,21408.8609843423,0.202241267590993,0.047261013404966
1790,2,86369.1895986114,20257.9946682011,0.190663829821744,0.0447204247938177
1791,2,90561.5525501337,21488.3135751617,0.199918657614558,0.0474364085351655
1792,2,207164.982363756,37453.6455462812,0.457325918258503,0.0826805893840977
1793,2,86256.9524014905,20410.6906836807,0.190416061214084,0.0450575080435872
1794,2,90519.6785926743,21381.781892635,0.199826218989903,0.0472012351048916
1795,2,91690.0399371165,21459.391543517,0.202409843743635,0.0473725618631609
1796,2,86172.2681164991,20505.9558369941,0.190229116886168,0.0452678101092162
1797,2,90440.0222647054,21181.0717249365,0.199650374100879,0.0467581584772723
1798,2,91571.541957513,21180.0090001768,0.202148254180014,0.0467558124650696
1799,2,205427.893811406,36588.1581476388,0.453491217971633,0.0807699874338594
1800,2,90571.9577828248,21147.4120801254,0.199941627628799,0.0466838533133595
1801,2,91456.103848757,21312.8541274688,0.201893419417466,0.0470490739957191
1802,2,86211.8208560454,20476.956287913,0.190316431318976,0.0452037923140211
1803,2,90495.3899433165,21345.7258746058,0.199772600715502,0.0471216398404515
1804,2,91710.7773959068,21423.1261404045,0.202455622606816,0.047292504371831
1805,2,86205.4896539524,20642.547519558,0.190302454908591,0.0455693423273657
1806,2,212451.067775062,38374.479552255,0.46899518705642,0.0847133714331711
1807,2,91529.6657550509,21482.1863238912,0.202055810599417,0.0474228823552981
1808,2,86398.9727815336,20240.6010743917,0.190729577523518,0.0446820276613973
1809,2,90586.8135172458,21396.511732127,0.199974422323674,0.0472337518811082
1810,2,91490.089649714,21511.5095132273,0.201968444585587,0.0474876146007596
1811,2,86173.6511569785,20275.8483981882,0.190232170009577,0.0447598376973284
1812,2,90468.6827101115,21167.1102016365,0.19971364330962,0.0467273377932424
1813,2,206993.614666476,37083.8462028921,0.456947616440194,0.0818642408759803
1814,2,86235.0803935296,20226.9478401628,0.190367777783117,0.0446518875392121
1815,2,90466.4882773037,21142.0037437689,0.199708799001536,0.0466719141701594
1816,2,91490.3859619834,21301.9528449058,0.201969098708108,0.0470250089293096
1817,2,86398.0243286725,20175.2530934358,0.190727483771617,0.0445377690851844
1818,2,90586.686549152,21326.5564721686,0.199974142035957,0.0470793225314543
1819,2,91530.5483769339,21571.3627944548,0.202057759026503,0.0476197433827856
1820,2,204716.179895032,37356.007102342,0.451920077827052,0.0824650481737912
1821,2,90453.2900614457,21502.4906801399,0.199679663352655,0.0474677051253442
1822,2,91708.7024264732,21477.212590196,0.202451042019447,0.0474119026168145
1823,2,86268.6115904131,20611.1015291074,0.190441799392513,0.0454999239039705
1824,2,90482.784422263,21408.3306806605,0.199744773466779,0.0472598427359875
1825,2,91455.2257308232,21335.0004208408,0.201891480933048,0.0470979629239386
1826,2,86383.0681479138,20126.1689980667,0.190694467336981,0.0444294137602136
1827,2,212218.785986898,38070.9734452547,0.468482414671557,0.0840433681947026
1828,2,91570.6847144835,21278.5925270071,0.202146361777876,0.0469734399879183
1829,2,86131.4247201991,20249.9631415069,0.190138953271137,0.0447026948412044
1830,2,90444.7056004976,21140.9362080993,0.199660712773068,0.0466695575376591
1831,2,91693.3820784903,21227.2313073526,0.202417221669456,0.0468600578097463
1832,2,86302.1421654349,20201.2159509762,0.190515819629121,0.0445950832486583
1833,2,90500.4861344104,21341.9461080958,0.199783850784143,0.0471132958376656
1834,2,207367.43530598,37315.8023180565,0.457772842138449,0.0823762943232032
1835,2,86355.5842820582,20332.1218404047,0.19063379547996,0.0448840638254201
1836,2,90570.7225294849,21471.3030016806,0.199938900752077,0.0473988569371657
1837,2,91612.5237761655,21662.1413929369,0.202238723368548,0.0478201411789544
1838,2,86128.0928587868,20783.2618953113,0.190131598038788,0.0458799755742072
1839,2,90434.5921687166,21394.9922309517,0.199638386922322,0.0472303975146398
1840,2,91669.433562095,21318.4830878899,0.202364354253707,0.0470615001763605
1841,2,205161.263790979,36858.6614013265,0.452902620335412,0.0813671354048781
1842,2,90520.9642738468,21186.5073287663,0.19982905718831,0.0467701578146331
1843,2,91423.2248186098,21202.2257875055,0.201820837495165,0.0468048570118358
1844,2,86322.7571467348,20169.4191648823,0.190561328117792,0.0445248904282688
1845,2,90552.3068995132,21158.353210671,0.199898247429344,0.0467080063459641
1846,2,91645.737005841,21278.8684246502,0.202312043051182,0.0469740490442441
1847,2,86139.1716106447,20465.3979981224,0.190156054876564,0.045178276874917
1848,2,212504.315556352,38175.0193048365,0.469112733903363,0.0842730540601964
1849,2,91632.6977760365,21400.8543015793,0.202283258371089,0.0472433382964364
1850,2,86359.0665950641,20297.4880705717,0.190641482840898,0.044807608237169
1851,2,90546.0629810663,21498.9311386347,0.199884463701492,0.0474598472790573
1852,2,91428.844138672,21672.9384096919,0.201833242394285,0.0478439760739525
1853,2,86283.1614697739,20342.7663107163,0.190473918898731,0.0449075619673554
1854,2,90528.9207243231,21365.6697215184,0.199846621406831,0.047165666770094
1855,2,206843.931610556,37412.9306150118,0.45661718443274,0.0825907093613393
1856,2,86158.0036706617,20485.3842860006,0.190197627487156,0.0452223974948799
1857,2,90434.2972732199,21174.8030394854,0.199637735927389,0.0467443200751567
1858,2,91594.9412340528,21181.9109166685,0.20219990912434,0.046760011030368
1859,2,86377.7009576948,20120.5250935279,0.190682619025711,0.0444169545897675
1860,2,90560.6591172368,21147.3536651741,0.199916685321676,0.0466837243597549
1861,2,91445.4111444156,21328.3018646671,0.201869814796764,0.0470831755630719
1862,2,205045.639583227,36981.0676488989,0.452647374751048,0.0816373526439737
1863,2,90501.0603622216,21360.0320113623,0.199785118417592,0.0471532212740231
1864,2,91702.1144867805,21449.4058661929,0.202436498849385,0.0473505180360645
1865,2,86188.6423040613,20698.4289044255,0.19026526363393,0.0456927029714112
1866,2,90446.8235505264,21502.2598472003,0.199665388242014,0.047467195551357
1867,2,91549.1165360639,21456.8935147574,0.202098749064142,0.0473670473535016
1868,2,86394.6106764564,20267.8527150277,0.190719947982429,0.044742186870911
1869,2,212205.844602109,38373.9390398614,0.468453845988692,0.0847121782280072
1870,2,91469.231308485,21483.5635477515,0.201922398869042,0.0474259226382617
1871,2,86195.7388433993,20226.6538262218,0.190280929560344,0.0446512384903526
1872,2,90479.2833292037,21155.2326025502,0.199737044648037,0.0467011174646578
1873,2,91716.0369103137,21230.5898748897,0.202467233218939,0.0468674719970545
1874,2,86214.9513201454,20234.6155638987,0.190323341957795,0.0446688143806043
1875,2,90457.9464108509,21151.4847215918,0.199689942451193,0.046692843850646
1876,2,207443.218668926,37053.176567124,0.457940137284822,0.0817965362900978
1877,2,86394.4509447863,20154.4693447571,0.190719595367658,0.0444918880350141
1878,2,90586.7256824515,21333.0712873999,0.199974228424457,0.0470937042760135
1879,2,91502.8635919866,21597.7327028589,0.201996643631646,0.0476779561291566
1880,2,86160.7373024421,20760.8989698216,0.190203662100969,0.045830608420947
1881,2,90463.3683510751,21504.6574497783,0.199701911625537,0.0474724883657512
1882,2,91712.6387156363,21494.7200542706,0.202459731552955,0.047450551122913
1883,2,204815.48216747,37249.6340928635,0.452139292012817,0.0822302250213325
1884,2,90469.0225437655,21392.5108297943,0.199714393507536,0.0472249197111522
1885,2,91477.5667434503,21305.9306035059,0.201940799712689,0.0470337900084459
1886,2,86394.1532379684,20135.6557239618,0.190718938166609,0.0444503561298252
1887,2,90582.4354286434,21182.3940025934,0.199964757498241,0.0467610774640466
1888,2,91543.1771499051,21268.3983808366,0.20208563760487,0.0469509359565657
1889,2,86141.4745072763,20248.531853837,0.190161138623367,0.044699535209975
1890,2,212475.123691513,37950.7483894888,0.469048291562573,0.0837779660335917
1891,2,91706.8330940664,21232.5555604838,0.202446915384966,0.0468718113354845
1892,2,86282.6392876333,20240.3437881542,0.190472766158416,0.0446814596905777
1893,2,90489.1909728021,21359.8460878845,0.199758916212212,0.0471528108396716
1894,2,91449.2887526484,21568.0574837121,0.201878374789507,0.0476124467622212
1895,2,86373.580429153,20287.8212922989,0.190673522775574,0.0447862683939207
1896,2,90580.2234999121,21467.5286791643,0.199959874567127,0.0473905249522383
1897,2,206852.745796786,37667.350114152,0.45663664214111,0.0831523517284013
1898,2,86127.9855026612,20743.1953899798,0.190131361045363,0.0457915269805643
1899,2,90440.3075451878,21384.7555870197,0.19965100387024,0.0472077996675873
1900,2,91681.2846188471,21323.6544946016,0.202390515988907,0.0470729162868253
1901,2,86315.4746540991,20352.9447339781,0.190545251691198,0.0449300312896875
1902,2,90511.1952190729,21173.0425029391,0.199807491565133,0.0467404336123796
1903,2,91430.6043482482,21193.3840838893,0.201837128135261,0.0467853385576109
1904,2,205358.931345615,36647.802640949,0.453338980259288,0.080901655307266
1905,2,90561.8365321303,21167.3368384372,0.199919284517453,0.0467278381040663
1906,2,91624.107101262,21296.2584945858,0.202264294074204,0.0470124383975562
1907,2,86131.3359613634,20506.5768618835,0.190138757332057,0.0452691810492979
1908,2,90435.4849250589,21356.8402865299,0.199640357721679,0.0471461753994107
1909,2,91657.1811081001,21397.8261607772,0.202337306416228,0.0472366535408511
1910,2,86343.2219130346,20345.1962776815,0.190606505000165,0.0449129262275747
1911,2,212273.048886356,38513.2412860504,0.468602202437031,0.08501969413599
1912,2,91421.7875741924,21645.4553231113,0.20181766471415,0.0477833059372159
1913,2,86310.1808705869,20284.4236086429,0.1905335654285,0.0447787678560392
1914,2,90548.1711440767,21349.3816592198,0.19988911756516,0.0471297101476843
1915,2,91661.0468318929,21465.9413109091,0.202345840173541,0.0473870207661705
1916,2,86144.4979322812,20457.0738991594,0.19016781296862,0.0451599010559997
1917,2,90436.9925477697,21167.5514992601,0.199643685865909,0.0467283119773862
1918,2,207351.05117623,37027.5296824096,0.457736673442863,0.0817399196506994
1919,2,86367.5737583802,20122.0588782136,0.190660262782522,0.0444203404877207
1920,2,90553.2130841285,21148.9036566915,0.199900247872211,0.0466871460350105
1921,2,91428.9164293791,21343.5725908633,0.201833401979238,0.0471168863707599
1922,2,86266.3958288747,20448.017393098,0.190436908000306,0.0451399084158176
1923,2,90519.9408299382,21372.644477226,0.199826797890334,0.0471810638537237
1924,2,91688.7373438764,21478.6800865265,0.202406968211086,0.0474151421802736
1925,2,204578.905675219,37346.1256819892,0.45161703887755,0.0824432344985987
1926,2,90439.151330203,21499.4865366005,0.199648451474205,0.0474610733447843
1927,2,91577.6534146352,21437.838494809,0.202161745493596,0.047324982548939
1928,2,86386.1385744057,20301.4461126083,0.190701245440109,0.044816345791114
1929,2,90571.2213275841,21390.8346161714,0.19994000187108,0.0472212193949814
1930,2,91449.4957528999,21451.4452627758,0.201878831751775,0.0473550200947827
1931,2,86219.8201827711,20186.1411860172,0.190334090188725,0.0445618050341224
1932,2,212379.393789989,38022.309678694,0.468836963544587,0.0839359407642827
1933,2,91706.4275629066,21233.1340533482,0.202446020156883,0.0468730883842279
1934,2,86194.7964079401,20242.3002135194,0.190278849092126,0.0446857785866404
1935,2,90449.2468951436,21160.4239955762,0.199670737883105,0.0467125776958008
1936,2,91540.1415594801,21304.4298259425,0.20207893640391,0.0470304769751838
1937,2,86394.0637472826,20141.4462639255,0.190718740611937,0.0444631390044979
1938,2,90581.928573521,21342.0437580509,0.199963638593002,0.0471135114042874
1939,2,207015.255896173,37554.0404170827,0.456995390417873,0.0829022155293751
1940,2,86185.3834996342,20720.1925477751,0.190258069678127,0.0457407471826768
1941,2,90478.9568940361,21504.7412768564,0.199736324027877,0.0474726734177567
1942,2,91716.4466695617,21514.5073782805,0.202468137780715,0.0474942325212817
1943,2,86227.6301339004,20684.7887607409,0.190351331003418,0.045662591747185
1944,2,90461.4505116863,21376.3074458804,0.199697677909734,0.0471891500200455
1945,2,91499.4527399865,21283.1121878843,0.201989114024059,0.0469834173404482
1946,2,205485.396566335,36667.741847711,0.453618157862246,0.0809456719935695
1947,2,90584.1518132231,21180.5095949833,0.199968546493587,0.0467569175503835
1948,2,91520.0562469023,21256.5706323896,0.202034597182516,0.0469248256754857
1949,2,86151.0841199295,20249.771657314,0.190182352270966,0.0447022721313269
1950,2,90455.3729334668,21151.3414100948,0.199684261385338,0.0466925274841384
1951,2,91715.7479565778,21241.0658250237,0.202466595340708,0.046890598123198
1952,2,86261.4948342179,20283.8114574138,0.190426088836487,0.0447774165049577
1953,2,212383.790822745,38310.7388325667,0.46884667019008,0.084572660957736
1954,2,91465.9900011973,21554.0809330116,0.201915243538953,0.0475815929045361
1955,2,86388.7571567448,20254.1446523483,0.19070702607716,0.0447119257124811
1956,2,90585.3373326679,21466.2286360988,0.199971163580522,0.0473876550493139
1957,2,91556.4647157002,21686.6688030297,0.202114970497713,0.0478742865283045
1958,2,86131.1665903757,20690.7329658211,0.190138383438064,0.0456757138444412
1959,2,90445.9483436634,21372.8589672468,0.199663456183914,0.0471815373499903
1960,2,207141.13898911,37332.6704103772,0.457273282947844,0.0824135313877005
1961,2,86294.4126288291,20366.6837238574,0.190498756333068,0.0449603607212873
1962,2,90496.1925530343,21160.3932389378,0.199774372512173,0.0467125097991526
1963,2,91439.7516213941,21188.0591756424,0.201857321147822,0.0467735835856756
1964,2,86364.4668725365,20160.5774822932,0.190653404193753,0.0445053720204622
1965,2,90575.8824191813,21175.9330180044,0.199950291438218,0.046746814553026
1966,2,91600.3105182852,21314.1187469254,0.202211762058238,0.0470518656994503
1967,2,204580.404018317,37053.6421973557,0.45162034653662,0.0817975641895568
1968,2,90440.4857303687,21367.6369753903,0.199651397221957,0.0471700095705671
1969,2,91674.1483208074,21398.6897799293,0.20237476229339,0.047238560018564
1970,2,86326.4560338189,20398.5745389307,0.190569493575646,0.0450307611148336
1971,2,90518.7809604382,21513.8103308144,0.199824237426794,0.0474926937579789
1972,2,91426.7108228709,21612.4267227776,0.201828533004713,0.0477103938320711
1973,2,86332.8946105847,20238.6653142557,0.190583707020399,0.0446777543847479
1974,2,212269.272554797,38344.6918881683,0.468593866017054,0.0846476138390265
1975,2,91639.253335232,21464.3922238876,0.202297730059763,0.0473836010876298
1976,2,86130.5375536647,20422.4595793789,0.19013699481153,0.0450834884046051
1977,2,90434.0842674228,21161.1938758191,0.199637265707612,0.0467142772406997
1978,2,91646.3754010687,21185.4590799558,0.202313452337058,0.0467678437587325
1979,2,86350.6329501118,20125.9006683316,0.190622865194334,0.0444288214103816
1980,2,90536.8097351382,21152.2969585232,0.199864036749298,0.0466946368998198
1981,2,207242.938200295,37194.4003245851,0.457498009237018,0.0821082940197291
1982,2,86294.6084569977,20419.8502114202,0.190499188632465,0.0450777281087087
1983,2,90536.2855054618,21383.2212614029,0.199862879488957,0.0472044125755044
1984,2,91670.9930916491,21508.7626909765,0.202367796984603,0.0474815508683962
1985,2,86149.6213416759,20793.0866656585,0.190179123122872,0.0459016641919913
1986,2,90433.0436531793,21497.8685697234,0.199634968505358,0.0474575016108968
1987,2,91606.2887870545,21424.7605983691,0.202224959352603,0.047296112510528
1988,2,205356.146171002,36923.0120786836,0.453332831862377,0.0815091923890126
1989,2,90559.454108727,21384.7699155416,0.199914025211763,0.047207831298437
1990,2,91434.4663230013,21416.5934955274,0.201845653616402,0.0472780832675354
1991,2,86244.8446223411,20153.8954640574,0.190389332752766,0.0444906211678294
1992,2,90513.098412798,21137.5293533758,0.199811692949981,0.0466620367542381
1993,2,91689.7091400694,21236.621705325,0.202409113494431,0.0468807875311815
1994,2,86171.9958572541,20250.8333694382,0.190228515861768,0.0447046159080916
1995,2,212477.746241123,38010.4059024484,0.469054080957552,0.0839096626484539
1996,2,91564.0100181558,21302.2691482041,0.202131627088681,0.0470257071829173
1997,2,86390.4641106109,20136.6586405214,0.190710794253786,0.0444525701127645
1998,2,90571.0546354958,21353.1026455242,0.199939633890876,0.0471379243905503
1999,2,91462.5886432708,21639.9471124634,0.201907734889956,0.0477711463170728
2000,2,86204.9836226888,20666.745508484,0.190301337822056,0.0456227604648294
1,3,88793.5027282169,18831.7329009553,0.196015608947215,0.0415718884681304
2,3,93165.0709374036,19785.8108666926,0.205666040321691,0.0436780580378739
3,3,94329.6810486375,19883.6825665918,0.208236968972162,0.043894114171093
4,3,88659.879479452,18959.9052365159,0.195720629678785,0.0418548346030744
5,3,93059.4145812158,19787.4384333666,0.205432799213266,0.0436816509637401
6,3,94261.4157052107,19887.8815879025,0.20808627018846,0.0439033836975101
7,3,211299.484327309,34235.8873803098,0.466453015345323,0.0755772450292938
8,3,93186.5404849865,19960.361554866,0.205713435303464,0.0440633864502375
9,3,94099.616714038,20237.8075662138,0.207729091714728,0.0446758608677721
10,3,88750.1867750004,19264.0940024767,0.195919987052752,0.0425263448415793
11,3,93139.021078173,20122.4883402593,0.205608534098114,0.0444212885442994
12,3,94354.0111585363,20191.6403104213,0.208290678772553,0.044573944595978
13,3,88682.3277198044,19444.6550077539,0.195770185168401,0.0429249412964333
14,3,218632.675375672,35740.8241212932,0.482641360941633,0.0788994598608655
15,3,94218.9008572698,19910.173652893,0.207992416769545,0.0439525944230648
16,3,88892.4751601701,18896.709255696,0.196234094995431,0.0417153266629344
17,3,93201.4914890087,19823.2146059558,0.205746440310223,0.0437606284569171
18,3,94122.0972505634,19871.6535490881,0.207778718499584,0.0438675595796132
19,3,88708.4382326287,18912.7450774673,0.195827825287486,0.0417507264531544
20,3,93117.0219422346,19777.6800459239,0.205559970026479,0.0436601088891723
21,3,212932.337295129,34712.4407452866,0.470057610940435,0.0766292577910573
22,3,88713.5342908907,19049.9587210174,0.195839075062895,0.0420536316778605
23,3,93074.3681678026,19993.5616079944,0.205465809921152,0.0441366770450569
24,3,94181.6261912068,20107.801568208,0.207910131285336,0.0443888668413746
25,3,88900.5925814202,18916.2042475284,0.196252014564099,0.0417583627250115
26,3,93209.6358485168,20096.8640486165,0.205764419346295,0.0443647217801121
27,3,94155.0325334587,20323.4564145305,0.20785142460233,0.0448649345121558
28,3,210760.536323351,34713.9235204674,0.465263263641192,0.0766325310832584
29,3,93098.0415208353,20007.5057614086,0.205518069901533,0.0441674593842906
30,3,94371.9834495059,20002.1727938663,0.208330353404709,0.0441556866211021
31,3,88743.5185162418,19124.4276573194,0.195905266574778,0.0422180251689201
32,3,93095.3897618956,19796.2736466084,0.20551221602566,0.0437011550901747
33,3,94140.493052609,19808.1116731252,0.207819328051288,0.0437272880605511
34,3,88892.6917249404,18815.8766732106,0.196234573071799,0.0415368851397167
35,3,218359.997511676,35547.6145177133,0.48203941242158,0.0784729410623439
36,3,94194.2526341879,19947.8812288238,0.207938004720145,0.0440358355750737
37,3,88650.2298540133,19228.9223844118,0.195699327701181,0.04244870192942
38,3,93079.319466999,19986.4635749446,0.205476740134481,0.0441210078212079
39,3,94364.1188637948,20024.9570162424,0.208312991981745,0.0442059838059887
40,3,88778.9671355616,19197.8885088678,0.195983520979535,0.0423801932680219
41,3,93109.4016647025,20141.4096970225,0.205543147924693,0.0444630582814322
42,3,213415.320140228,34884.5097497797,0.471123817065706,0.0770091077762515
43,3,88881.6480104513,18898.3717452838,0.196210193580574,0.0417189966826872
44,3,93207.0922410291,19982.889961453,0.205758804219565,0.0441131189103848
45,3,94233.9838982903,20116.2425664702,0.208025713253855,0.0444075007206975
46,3,88639.3660495527,19067.6599022118,0.19567534536935,0.0420927078231222
47,3,93065.2601369397,19797.0323571726,0.205445703537678,0.0437028299775109
48,3,94342.7019795521,19819.8276475451,0.208265713256641,0.0437531515954919
49,3,210985.306275163,34238.3434499591,0.465759453313001,0.0755826669123497
50,3,93127.5509952626,19778.1175660548,0.205583213379624,0.0436610747343327
51,3,94091.9835342685,19967.4728587535,0.207712241130679,0.0440790849700514
52,3,88855.9828295086,18986.9328375282,0.196153536551437,0.0419144992351481
53,3,93193.4739040304,19990.2638715174,0.205728741134568,0.0441293971450211
54,3,94272.5796490191,20165.1657246409,0.208110915091258,0.0445155007696402
55,3,88638.7103441494,19507.8663897827,0.195673897870491,0.0430644832354274
56,3,218658.950794833,35875.6815149306,0.482699365098794,0.0791971635590267
57,3,94317.378755018,20057.3452841921,0.208209811111494,0.0442774823488983
58,3,88838.2757363632,19140.217195914,0.19611444735528,0.0422528812780667
59,3,93151.8499385039,20025.8355397761,0.205636854378232,0.0442079231857872
60,3,94082.2132311631,20005.0781182191,0.207690672751755,0.0441621002539098
61,3,88821.9928521789,18815.3995406712,0.196078502163789,0.0415358318484017
62,3,93176.3246301262,19782.906664923,0.205690883349212,0.0436716468832187
63,3,212831.287270269,34660.8986139146,0.469834538513416,0.0765154762422176
64,3,88646.944387449,18963.1125216087,0.195692074887523,0.0418619148276541
65,3,93060.094473397,19792.1367736134,0.205434300105514,0.0436920227589305
66,3,94287.4599252248,19884.8511168748,0.208143763963215,0.0438966937978482
67,3,88860.821027592,18841.1096135196,0.196164217089026,0.0415925879784182
68,3,93176.5370911272,19975.8934822955,0.205691352366327,0.0440976738712726
69,3,94087.8187169509,20246.5343082339,0.207703047111099,0.0446951255391572
70,3,211106.443722537,34673.2660906954,0.466026869619191,0.0765427779976144
71,3,93153.476892189,20117.5211016948,0.205640445950898,0.0444103231441058
72,3,94338.3733361045,20212.0002889354,0.208256157583587,0.0446188901546503
73,3,88666.6355843741,19452.1073836564,0.195735544081074,0.0429413927478993
74,3,93065.0049574676,19999.2911777661,0.205445140217636,0.0441493253253172
75,3,94245.5331282258,19902.3602108751,0.208051208692926,0.0439353459020801
76,3,88880.597178123,18914.672730194,0.196207873821443,0.0417549818323369
77,3,218375.923429454,35548.6649820863,0.482074569593842,0.0784752600091972
78,3,94103.9711873117,19858.5578994804,0.207738704408271,0.0438386503502941
79,3,88739.204591587,18912.2233000988,0.195895743394115,0.0417495746063922
80,3,93128.6574828704,19789.0760661864,0.205585656000261,0.0436852661110712
81,3,94364.4115838997,19889.0452497522,0.208313638174404,0.043905952532831
82,3,88695.6906985005,19095.7689298487,0.19579968453858,0.0421547597525977
83,3,93073.1363241949,20004.7951910379,0.205463090571566,0.0441614756795658
84,3,213433.925952842,34823.2819134546,0.471164890225086,0.0768739446026743
85,3,88896.7075151019,18925.730635158,0.1962434381073,0.0417793926496672
86,3,93206.9906498986,20104.2225066,0.205758579952623,0.0443809659035921
87,3,94130.2265899068,20317.3331065617,0.207796664377973,0.0448514170373024
88,3,88699.6376311372,19195.3095239343,0.19580839756803,0.0423745000440058
89,3,93105.5482715301,19991.1357909349,0.205534641387773,0.0441313219459392
90,3,94371.8790329432,20009.0453721066,0.2083301229005,0.0441708581434255
91,3,210656.499080325,34553.5197721236,0.465033596797128,0.0762784326701656
92,3,93084.7382603493,19788.7438871411,0.205488702361961,0.0436845328110455
93,3,94163.9718663298,19807.8214471618,0.20787115857748,0.0437266473738206
94,3,88894.2583508638,18808.6189816624,0.196238031468246,0.0415208634626272
95,3,93214.8721762092,19800.6400538885,0.205775978772714,0.0437107941285685
96,3,94169.7579459149,19964.7418589682,0.207883931605668,0.0440730561664847
97,3,88665.6264548192,19242.6868212161,0.195733316382672,0.0424790875362394
98,3,218603.071700817,35734.0843344355,0.482576009511905,0.078884581481429
99,3,94370.0062496765,20042.5042311626,0.208325988648092,0.0442447200638479
100,3,88757.0890749004,19256.5426780634,0.195935224186962,0.0425096749568722
101,3,93100.4109145671,20139.3895196144,0.205523300443644,0.0444585986498976
102,3,94132.3326850176,20138.9980586438,0.20780131367666,0.0444577344823834
103,3,88890.8951151807,18894.2566507339,0.196230606975798,0.0417099124283297
104,3,93212.5849003314,19979.5119310211,0.20577092950942,0.0441056617578702
105,3,212897.752134341,34861.2864927937,0.469981262658812,0.0769578414029247
106,3,88646.3427922164,19020.0511422503,0.195690746839274,0.0419876093667223
107,3,93075.9912841709,19786.1593814102,0.205469393022771,0.0436788273996234
108,3,94361.0499535078,19821.4558441952,0.208306217225708,0.0437567459120585
109,3,88790.2345374632,18869.722287924,0.196008394270679,0.0416557517305471
110,3,93119.7156654697,19786.9418178258,0.205565916540402,0.0436805546628325
111,3,94102.8493453451,19976.8799114108,0.207736227892204,0.0440998514574447
112,3,211371.735088918,34383.7732682805,0.46661251211703,0.0759037097085169
113,3,93206.1445665249,19995.2317227734,0.205756712185921,0.0441403638977585
114,3,94253.1296588985,20194.1508847492,0.208067978372462,0.0445794868005378
115,3,88638.591301709,19516.7195692581,0.195673635079006,0.0430840270231221
116,3,93066.0567197015,20126.0409494259,0.205447462029576,0.0444291310871404
117,3,94335.7819855953,20062.6806973344,0.208250437062013,0.0442892605108575
118,3,88819.6929909745,19182.915014218,0.196073425117827,0.0423471386122006
119,3,218463.867602782,35784.0356187787,0.482268710270339,0.0789948511646534
120,3,94084.3185473947,19970.0380763245,0.207695320331032,0.0440847478020019
121,3,88840.3996825288,18806.0504838648,0.196119136060965,0.0415151933894303
122,3,93186.3582785619,19782.2777215955,0.205713033074672,0.0436702584628327
123,3,94286.0974779261,19884.0148921519,0.208140756300169,0.0438948477945568
124,3,88639.5461774734,18966.6113912384,0.195675743009752,0.0418696387380757
125,3,93060.667500571,19797.7984054573,0.205435565088503,0.0437045210631916
126,3,213291.772834964,34636.1794222198,0.470851080890973,0.0764609075264458
127,3,88846.4348477588,18865.644728266,0.1961324589568,0.0416467503361339
128,3,93157.8183240686,19993.1036597548,0.205650029854983,0.0441356661039375
129,3,94079.4264649729,20250.0422287557,0.207684520841368,0.044702869429826
130,3,88805.1908836795,19137.9580976134,0.19604141107057,0.0422478942180291
131,3,93168.05231233,20109.5336897545,0.205672621839525,0.0443926905767751
132,3,94322.0893187778,20230.3330786311,0.208220209890633,0.0446593606037879
133,3,210492.173040266,34946.1840799166,0.464670839750517,0.0771452566047891
134,3,93062.0974243152,19988.7005061269,0.205438721708806,0.0441259459463455
135,3,94272.6019692829,19898.4496153414,0.208110964364234,0.043926713088402
136,3,88867.3555471017,18930.9641961882,0.196178642331656,0.0417909459685562
137,3,93181.0358412016,19802.9747264946,0.205701283557329,0.0437159480222489
138,3,94094.9971904826,19846.9352545814,0.207718893910892,0.0438129928444242
139,3,88762.0825346328,18911.7344556631,0.195946247471551,0.0417484954605449
140,3,218495.476968772,35521.4972043075,0.482338489352509,0.0784152859306732
141,3,94344.5796841188,19906.5610081319,0.208269858373037,0.0439446193489772
142,3,88676.22985526,19144.6647578325,0.195756723861039,0.0422626994689366
143,3,93066.483192836,20013.2486800335,0.205448403488,0.0441801371327386
144,3,94230.7933373234,20076.4138541649,0.208018669948527,0.0443195770657426
145,3,88885.8267261469,18948.0969987467,0.196219418281442,0.041828767392684
146,3,93201.6901933716,20112.1992381462,0.205746878958948,0.0443985748934776
147,3,213095.526652901,35058.5687266722,0.470417858710311,0.0773933507140793
148,3,88717.2766080716,19121.5672520014,0.19584733639462,0.0422117106968808
149,3,93121.2337601678,19972.833787334,0.205569267802009,0.0440909194584762
150,3,94367.031756516,20014.4633477223,0.208319422322063,0.0441828185657193
151,3,88705.4655388881,19121.767555309,0.195821262933756,0.0422121528753466
152,3,93078.5686163491,19782.9425933332,0.205475082598256,0.0436717261967832
153,3,94190.6058952963,19807.9622520522,0.207929954381747,0.0437269582068827
154,3,211411.89893888,34195.7060699614,0.466701175603277,0.0754885429984667
155,3,93207.5903775844,19803.1769447252,0.20575990387818,0.0437163944279926
156,3,94145.6471227364,19983.6147745025,0.207830705890471,0.0441147189674485
157,3,88682.5630554819,19246.8399851102,0.195770704682383,0.0424882558303683
158,3,93096.9745535394,20015.7164021692,0.205515714523743,0.0441855847391769
159,3,94372.9507049356,20063.5127320302,0.208332488664117,0.0442910972644774
160,3,88739.0342977383,19313.9353491883,0.195895367462865,0.0426363718325892
161,3,218575.924428336,35927.6418583621,0.482516080699739,0.0793118683295999
162,3,94152.1701967586,20106.5285332706,0.207845105866679,0.0443860565600952
163,3,88896.6697937237,18901.5032819948,0.196243354835678,0.0417259096893429
164,3,93214.82952858,19976.0316682612,0.205775884626174,0.0440979789229416
165,3,94182.7453821437,20085.7025149764,0.207912601949138,0.0443400821978675
166,3,88658.6590809121,18973.1373145027,0.195717935594695,0.0418840450041119
167,3,93081.9741179005,19776.0315182177,0.205482600394489,0.0436564696908946
168,3,213066.295488842,34637.6056325544,0.470353329614743,0.0764640559492319
169,3,88769.3164729504,18883.8974526232,0.195962216712327,0.0416870440374735
170,3,93104.8589485435,19798.360991976,0.205533119676602,0.0437057629979691
171,3,94116.6232906688,19982.7130492134,0.207766634489503,0.0441127283687426
172,3,88885.1520851901,18919.5729577807,0.196217928981505,0.0417657993028149
173,3,93211.8089352839,20000.53538936,0.205769216532044,0.0441520719777834
174,3,94224.8171003096,20222.0500406383,0.208005477139353,0.0446410754287897
175,3,210581.841056101,35020.9202495469,0.464868785886067,0.0773102400253137
176,3,93069.3821854515,20128.2027868936,0.205454803143216,0.044433903439561
177,3,94351.7829597791,20071.834050054,0.208285759924632,0.0443094669443478
178,3,88801.4859923506,19221.9552717066,0.196033232358078,0.0424333217180582
179,3,93127.2053907044,19996.4807019397,0.205582450442181,0.0441431210748527
180,3,94098.6730741677,19937.29744361,0.207727008587718,0.0440124713981926
181,3,88864.4119215331,18805.4046203445,0.19617214414721,0.0415137676169656
182,3,218394.776400325,35559.774081163,0.482116188366076,0.0784997838398095
183,3,94260.1340280795,19881.5160796507,0.208083440829153,0.043889331554753
184,3,88634.3755821631,18972.466940905,0.195664328690491,0.0418825651245607
185,3,93062.2954567217,19802.8716125375,0.205439158874156,0.0437157203935996
186,3,94326.1399866496,19883.3988716493,0.208229151920232,0.043893487901882
187,3,88829.4893555316,18898.2685573718,0.196095051028565,0.041718768890779
188,3,93146.3790050533,20011.2175209321,0.20562477704916,0.0441756532586273
189,3,213316.877621181,34976.5289557727,0.470906500823813,0.0772122442687127
190,3,88831.4736759451,19077.6382772406,0.196099431504188,0.0421147355300769
191,3,93181.6276359751,20101.3333785905,0.205702589970629,0.0443745880249331
192,3,94301.308329179,20247.1316892198,0.208174334931255,0.0446964442842696
193,3,88641.7682976283,19430.1555967782,0.195680648438887,0.0428929332014211
194,3,93062.3920350416,19978.8666167101,0.205439372075095,0.0441042371978095
195,3,94295.3543301235,19897.3409752017,0.208161191213362,0.0439242657159546
196,3,211205.056921743,34379.8798500425,0.466244562645132,0.0758951148144834
197,3,93167.2920749992,19791.2056103338,0.205670943581783,0.0436899671745502
198,3,94086.2636199175,19839.9033631934,0.20769961416519,0.0437974696312371
199,3,88790.2508954414,18909.6364657048,0.196008430381643,0.0417438640543427
200,3,93159.7802657071,19812.8604438145,0.205654360928465,0.0437377711831877
201,3,94332.616888172,19926.2849026766,0.208243449968591,0.0439881607239788
202,3,88664.0413932056,19190.9769225903,0.195729817288618,0.0423649356337206
203,3,218651.053479772,35773.190450614,0.482681931424333,0.0789709099732756
204,3,94255.8748352131,20062.7759000322,0.208074038471349,0.0442894706750498
205,3,88874.6855263061,18979.5703293919,0.196194823586964,0.0418982461707754
206,3,93187.7867649972,20120.428580089,0.205716186522052,0.0444167415320557
207,3,94098.5812444441,20284.0936435799,0.207726805869517,0.0447780394434777
208,3,88746.4832590063,19052.1214218189,0.195911811376374,0.0420584059361288
209,3,93139.8788724736,19954.8010220974,0.205610427717208,0.0440511113266845
210,3,212880.317609247,34933.6830958688,0.46994277516876,0.0771176601261585
211,3,88683.5291046921,19110.4518770693,0.195772837279007,0.0421871730120385
212,3,93071.3280650285,19779.1844304367,0.205459098758981,0.0436634298849356
213,3,94218.2739334969,19809.697504732,0.207991032807416,0.0437307888543993
214,3,88891.8599399717,18797.4119441079,0.196232736869463,0.0414961234284665
215,3,93200.5087965184,19805.0861959709,0.205744270972817,0.043720609185087
216,3,94126.6828233245,20002.3198813233,0.20778884135553,0.0441560113232095
217,3,210876.658500212,34694.6577924649,0.465519608514527,0.076590001131289
218,3,93113.3420723259,20030.0198785782,0.205551846549886,0.0442171602999131
219,3,94372.4257131023,20088.655457316,0.208331329721281,0.0443466009495001
220,3,88713.1338019609,19369.3211521375,0.195838190965758,0.0427586384574948
221,3,93078.6634640912,20131.2809140122,0.205475291978868,0.0444406985421645
222,3,94175.4524436575,20077.0367724339,0.207896502462864,0.0443209521855439
223,3,88893.5373195614,18917.8391201455,0.196236439759557,0.0417619717790723
224,3,218355.8243571,35850.73468316,0.482030199997131,0.0791420923176568
225,3,94155.0071387657,20062.0652220053,0.207851368542415,0.0442879018216775
226,3,88672.1152316585,18932.1142478671,0.195747640646322,0.0417934847588193
227,3,93094.055770225,19766.1739704427,0.205509271179679,0.04363470871548
228,3,94371.3360721786,19826.7844312339,0.208328924290448,0.0437685090050905
229,3,88749.9669554155,18900.3157821965,0.195919501791236,0.0417232882306894
230,3,93094.8374753831,19810.5816423939,0.205510996828604,0.0437327406276357
231,3,213441.229095596,34699.6351269002,0.471181012237736,0.0766009888185668
232,3,88892.9612375174,18891.5663441815,0.196235168032807,0.0417039734568856
233,3,93213.3946161875,20004.373346665,0.205772716993208,0.044160544439339
234,3,94192.5982379728,20247.1151096121,0.207934352566873,0.0446964076840476
235,3,88650.9780319546,19489.2129963972,0.195700979337283,0.0430233050393765
236,3,93076.2504636793,20128.184916282,0.20546996517307,0.0444338639893907
237,3,94360.8490520231,20084.6877646858,0.208305773726739,0.0443378420914405
238,3,210863.881557456,34775.2528393042,0.465491402844766,0.0767679182839967
239,3,93112.655425709,19979.5071223139,0.205550330746921,0.0441056511424349
240,3,94110.8667960687,19908.8369828691,0.207753926771485,0.0439496436644997
241,3,88875.9592842465,18808.3839578549,0.196197635464305,0.0415203446371126
242,3,93208.8037622616,19784.4033539682,0.205762582478855,0.0436749508908949
243,3,94239.2029154672,19879.5772889939,0.208037234466541,0.0438850515880942
244,3,88634.7691933914,18980.4213964308,0.195665197604795,0.0419001249391398
245,3,218648.329902149,35516.308337184,0.482675919005521,0.0784038312755723
246,3,94348.7871377601,19886.7451555251,0.208279146514199,0.0439008749724611
247,3,88810.1675916509,18937.836385028,0.1960523973749,0.0418061166312606
248,3,93130.9315574359,20028.4881538442,0.20559067612107,0.0442137789493947
249,3,94089.8133021258,20238.2394156498,0.20770745024664,0.0446768141946212
250,3,88852.2923453879,19024.4897960537,0.196145389643499,0.0419974078925317
251,3,93192.5298578158,20093.4124957666,0.205726657110536,0.0443571023235876
252,3,212835.14644815,35239.928230888,0.469843057820337,0.0777937098908767
253,3,88639.5572018922,19398.8975156059,0.195675767346647,0.0428239295961207
254,3,93062.1755472832,19968.1221016856,0.205438894168734,0.0440805182027179
255,3,94315.2386697318,19899.1276254383,0.208205086777982,0.0439282098258652
256,3,88838.4176551488,18960.6928220399,0.196114760647316,0.0418565732331695
257,3,93152.7854605704,19779.7832581426,0.205638919584828,0.0436647518237465
258,3,94081.1291786508,19833.8013301499,0.20768827965759,0.0437839991217281
259,3,211216.030224611,34311.2317894687,0.46626878669957,0.0757435711656469
260,3,93175.7101510651,19825.932958133,0.205689526859338,0.043766629340326
261,3,94315.0023910007,19948.045365221,0.208204565182168,0.0440361979134752
262,3,88649.5870908292,19237.1982045915,0.195697908772846,0.0424669711707746
263,3,93058.3056632297,20029.9946361753,0.20543035122746,0.0442171045761852
264,3,94279.6436822623,20054.0030477429,0.208126509259021,0.0442701042131935
265,3,88864.6958475498,19020.1508264242,0.196172770926528,0.0419878294239725
266,3,218399.839085409,36053.3758671857,0.482127364468708,0.0795894317497566
267,3,94090.0247967115,20258.4683891018,0.20770791713035,0.0447214705537887
268,3,88773.6660577833,18990.7328420983,0.19597181861442,0.0419228879143524
269,3,93153.9745327522,19937.0507029229,0.205641544514588,0.0440119267071447
270,3,94342.7038322228,20021.6532613099,0.208265717346494,0.0441986906199445
271,3,88672.1285481511,19094.368365625,0.195747670043072,0.0421516679447429
272,3,93067.206154483,19775.6390567796,0.20544999945801,0.0436556033148037
273,3,213400.843417353,34591.0154681297,0.471091859055684,0.0763612060878111
274,3,88882.6005807575,18795.1608074429,0.196212296421918,0.0414911539440936
275,3,93191.7017338386,19808.7268330877,0.205724828990001,0.0437286460535454
276,3,94104.7959201435,20020.64934432,0.207740525042702,0.0441964744285109
277,3,88730.6758363273,19222.0222850135,0.195876915787315,0.0424334696529154
278,3,93125.7825832073,20042.5074352812,0.20557930953131,0.0442447271370823
279,3,94358.0032291421,20115.2061658555,0.208299491446079,0.0444052128202164
280,3,210574.220424619,34959.7455755978,0.46485196300292,0.0771751942100475
281,3,93072.0449798713,20124.2571229917,0.205460681380403,0.0444251932108994
282,3,94199.3424730433,20052.5452596012,0.207949240765937,0.0442668860809929
283,3,88893.2695039516,18942.8747069426,0.19623584854468,0.041817238951113
284,3,93205.1553772725,19969.9198629712,0.205754528506624,0.0440844868407636
285,3,94134.4401295983,20036.2373457048,0.207805965954362,0.0442308856352976
286,3,88694.9472041765,18894.9351288585,0.195798043241771,0.0417114101989847
287,3,218569.237302902,35509.8593757628,0.482501318572738,0.0783895949062297
288,3,94371.0452109076,19831.572018605,0.208328282201248,0.0437790778172794
289,3,88730.2166793231,18916.42425904,0.195875902177794,0.0417588484102148
290,3,93084.6680194725,19822.8315502187,0.205488547302099,0.04375978284433
291,3,94160.0637541718,19984.9787085098,0.207862531245964,0.0441177299124703
292,3,88896.2555168626,18869.9640072642,0.196242440301071,0.0416562853367481
293,3,93213.8617881942,20010.9128501945,0.205773748296204,0.0441749806844149
294,3,212955.387975944,35210.0287988785,0.470108496344183,0.0777277055640685
295,3,88663.1492150911,19453.0549952314,0.195727847765725,0.0429434846426237
296,3,93088.5897967311,20126.2834351217,0.205497204799933,0.0444296663851054
297,3,94368.2048977362,20098.0849101951,0.208322012083516,0.0443674168863802
298,3,88764.4922879576,19288.8467213178,0.195951567109259,0.0425809875700184
299,3,93098.5365418988,19961.6060078441,0.205519162682561,0.0440661336355699
300,3,94131.8732697736,19885.6029737215,0.207800299497063,0.0438983535552978
301,3,211415.091142814,34243.3139748278,0.466708222535527,0.0755936395672061
302,3,93213.1638809213,19784.3933098263,0.20577220763484,0.0436749287180044
303,3,94212.8783645731,19876.1203181263,0.207979121848892,0.0438774201710545
304,3,88643.1793374148,18989.4972931919,0.195683763372013,0.0419201603851544
305,3,93074.4275164983,19815.7263133232,0.205465940936039,0.0437440977176709
306,3,94358.050524911,19892.9895335934,0.208299595853594,0.0439146597149473
307,3,88791.8437560817,18981.5647992744,0.196011946692396,0.0419026490518031
308,3,218502.844555516,35913.9240798574,0.482354753628135,0.0792815857230533
309,3,94099.3963462733,20222.8540267826,0.20772860524308,0.0446428502639839
310,3,88867.777972224,18980.3111593904,0.196179574853913,0.041899881585967
311,3,93201.9385946951,20087.1745031892,0.205747427315924,0.0443433316773567
312,3,94251.5004179983,20268.350898457,0.208064381750667,0.0447432866330023
313,3,88635.8521766399,19356.7799265368,0.195667588338513,0.0427309531438455
314,3,93063.3825504967,19956.7862402479,0.205441558682044,0.044055493784102
315,3,213217.719773077,34834.7265222644,0.470687605461194,0.0768992090859538
316,3,88825.4876705963,18972.8872521837,0.196086217130979,0.041883492980414
317,3,93137.8587913866,19771.136358002,0.205605968298307,0.0436456634068638
318,3,94087.4188466649,19831.8060893435,0.207702164379647,0.0437795945388516
319,3,88841.0674804017,18895.8621237564,0.19612061025449,0.0417134565814768
320,3,93186.7640147704,19836.6970306856,0.205713928755409,0.0437903915095313
321,3,94292.6640660601,19970.4126710848,0.208155252335715,0.0440855747366065
322,3,210493.859887043,34742.5874254378,0.464674563539848,0.0766958079291417
323,3,93055.7893272631,20038.6648893752,0.205424796303827,0.0442362445459858
324,3,94306.6117219634,20048.9492435709,0.208186042406849,0.0442589477155686
325,3,88852.0665101375,19066.7121393193,0.196144891102133,0.0420906155943578
326,3,93166.3664234285,20131.1449634111,0.205668900164746,0.0444403984251623
327,3,94085.2846557659,20226.4327000692,0.207697453058257,0.0446507503445296
328,3,88802.308171218,18939.4591058383,0.196035047354518,0.0418096988596671
329,3,218456.859590172,35803.0029156076,0.482253239770617,0.0790367223165258
330,3,94326.3183722793,20021.1062553661,0.208229545714448,0.0441974830799795
331,3,88658.2448550237,19073.2266041196,0.195717021172612,0.0421049965653247
332,3,93061.3908271275,19772.6987913945,0.205437161864067,0.0436491125481123
333,3,94266.7586370994,19811.6857753566,0.208098064948386,0.0437351780502891
334,3,88870.7999617223,18797.2176301437,0.196186246030222,0.0414956944717427
335,3,93180.8965292323,19814.6069569244,0.205700976019957,0.0437416266886046
336,3,213175.543334485,34868.8865993181,0.470594499095977,0.0769746189763132
337,3,88761.3311265049,19193.8151924273,0.195944588704668,0.0423712012407003
338,3,93141.3988633286,20052.0718409342,0.205613783164667,0.0442658409882166
339,3,94348.9190575252,20142.3477099278,0.208279437732951,0.0444651289866659
340,3,88678.226469332,19462.7730458988,0.195761131475461,0.0429649376719651
341,3,93069.5129174433,20118.5504313505,0.205455091739905,0.0444125954351303
342,3,94225.1878433426,20033.7438429724,0.208006295571098,0.0442253811170449
343,3,211365.40731288,34470.5266425719,0.466598543269815,0.0760952216431457
344,3,93199.99660951,19964.3736225039,0.205743140297202,0.0440722432681015
345,3,94117.142632352,20007.2723449629,0.207767780959381,0.0441669441070987
346,3,88718.9356145115,18865.3483385798,0.195850998725169,0.0416460960427111
347,3,93120.5236591922,19751.6686547907,0.205567700222503,0.0436026875856322
348,3,94366.586739069,19837.2604108526,0.208318439926244,0.0437916351963226
349,3,88712.1847456241,18935.3243705768,0.195836095881658,0.0418005712475647
350,3,218608.730862645,35596.9793165188,0.482588502363497,0.0785819160526428
351,3,94187.4613360097,19981.9102803706,0.207923012627176,0.0441109562207955
352,3,88894.3642095772,18858.3421623943,0.196238265156067,0.041630629596978
353,3,93211.2470486818,20018.8685125426,0.205767976142364,0.0441925431631078
354,3,94151.1057107199,20288.4532287016,0.207842755966374,0.0447876634216534
355,3,88684.0083112055,19404.1270366447,0.195773895148712,0.0428354739965489
356,3,93099.8357522087,20121.9393522391,0.205522030747141,0.0444200766288128
357,3,212991.610634477,35184.8646620489,0.470188459474952,0.0776721546121099
358,3,88736.7806311904,19313.686304904,0.195890392393663,0.0426358220562483
359,3,93092.5033413669,19944.4544766984,0.205505844123885,0.0440282708672523
360,3,94145.255603456,19866.7117003198,0.207829841594236,0.0438566502285245
361,3,88894.0578861755,18822.4654568651,0.196237588933525,0.041551430172862
362,3,93215.832602779,19784.330776524,0.20577809895711,0.0436747906729567
363,3,94182.6659558354,19873.485434082,0.207912426612027,0.0438716035472634
364,3,210666.574533655,34371.4433974373,0.465055838808754,0.0758764909699007
365,3,93081.7215894398,19824.8563006428,0.205482042926674,0.0437642525710007
366,3,94367.528262448,19902.6226425322,0.208320518381004,0.0439359252316424
367,3,88776.0610565025,19030.730338012,0.19597710568068,0.0420111841666343
368,3,93109.5012997311,20058.6385432526,0.205543367873453,0.0442803372758296
369,3,94114.3172589978,20204.2445971432,0.207761543821961,0.044601769119859
370,3,88884.2881013198,18949.2601606086,0.196216021698661,0.0418313351242595
371,3,218372.411986351,36061.159134273,0.48206681792692,0.079606613658239
372,3,94228.0457170408,20272.7447410877,0.208012604454473,0.0447529862361536
373,3,88641.4130368798,19303.579990923,0.195679864184974,0.0426135119183628
374,3,93071.5087950349,19943.5591918188,0.205459497728514,0.044026294486037
375,3,94348.4163044989,19905.402817084,0.208278327883271,0.0439420625906949
376,3,88804.7110386453,18982.9068349699,0.196040351791302,0.041905611655327
377,3,93129.2142617925,19762.143079328,0.205586885114511,0.0436258103439531
378,3,213375.687861607,34595.4689014037,0.471036327046851,0.0763710372399594
379,3,88861.4485034303,18883.2822732468,0.196165602269864,0.0416856860016222
380,3,93198.7548032703,19846.9232958302,0.205740398954662,0.0438129664449486
381,3,94267.3466613066,19993.1398176589,0.208099363037993,0.0441357459241199
382,3,88637.5546432028,19318.0303018625,0.195671346609218,0.0426454116228598
383,3,93058.2508462322,20048.8738064079,0.205430230216499,0.0442587811846741
384,3,94323.3702601368,20050.1117820572,0.20822303762569,0.0442615140710149
385,3,211094.042879692,34648.1539262909,0.465999494206723,0.0764873417770974
386,3,93146.2308440158,20132.566938817,0.205624449977076,0.0444435374991545
387,3,94082.805132377,20190.8666455582,0.207691979400027,0.0445722366963616
388,3,88828.5413977472,18899.1130742569,0.196092958369568,0.0417206331993875
389,3,93180.4597859102,19910.9185404741,0.205700011889637,0.0439542387955507
390,3,94305.0600120957,20019.3249546751,0.208182616938259,0.044193550779429
391,3,88647.4657175928,19047.2262160889,0.195693225747017,0.0420475995516232
392,3,218659.81883108,35486.4623198956,0.482701281327441,0.0783379448641381
393,3,94294.3693263885,19811.8533488177,0.208159016773781,0.0437355479761622
394,3,88858.0480983992,18802.4398270111,0.196158095724426,0.0415072227037366
395,3,93165.9181689936,19822.3453543978,0.205667910623132,0.0437587095454175
396,3,94084.7006169441,20057.437529702,0.207696163766566,0.0442776859849667
397,3,88789.2641188015,19156.7861958521,0.196006252028295,0.0422894580828185
398,3,93161.311589471,20059.3552599236,0.205657741393824,0.0442819194597776
399,3,212845.683851015,35250.8077330572,0.469866319606119,0.0778177268760976
400,3,88662.6202560438,19498.3660807857,0.195726680065087,0.0430435108805138
401,3,93062.5049504104,20112.2469375648,0.205439621340797,0.0443986801920669
402,3,94253.750691976,20020.1647213202,0.208069349330619,0.0441954046016711
403,3,88881.6092740327,19003.7247963907,0.196210108068206,0.0419515682316479
404,3,93187.674378866,19956.3904672181,0.205715938424665,0.0440546200975252
405,3,94099.7280561351,19977.0351108137,0.207729337507362,0.0441001940670336
406,3,210998.28195927,34210.6896092354,0.465788097713139,0.075521619828243
407,3,93135.2429223075,19749.9538140035,0.205600193650898,0.043598901998277
408,3,94359.6925278856,19842.4038564144,0.208303220648236,0.0438029895813048
409,3,88690.4048441021,18955.7110436016,0.195788015779754,0.0418455757355573
410,3,93068.0478447689,19845.8214790813,0.205451857526775,0.0438105341354401
411,3,94207.5990860032,19976.9661184815,0.207967467606499,0.0441000417633899
412,3,88892.0110719334,18856.6500403138,0.196233070499994,0.041626894162179
413,3,218361.89541745,35978.1364723671,0.482043602133041,0.0794233374372331
414,3,94128.5081653303,20302.3619650832,0.207792870879244,0.0448183675762116
415,3,88705.3600342806,19344.0611589421,0.19582103002764,0.0427028758983428
416,3,93110.6099374536,20113.8261692131,0.205545815240564,0.0444021664162128
417,3,94370.4414921852,20129.1738590669,0.2083269494653,0.0444360471246002
418,3,88720.0923223614,19330.7940012846,0.195853552209225,0.042673588057371
419,3,93081.2095814112,19929.4967061996,0.205480912646164,0.0439952509231941
420,3,213446.797343873,34667.8840566354,0.471193304393617,0.0765308969179044
421,3,88896.8716400828,18831.0327822347,0.196243800420499,0.0415703429248965
422,3,93216.009049459,19781.9966360313,0.205778488471008,0.0436696379539403
423,3,94161.6460716868,19869.6725545822,0.207866024282298,0.0438631864460789
424,3,88671.7489230702,19010.8498593065,0.195746832003811,0.0419672971251291
425,3,93090.6495748414,19837.5085543281,0.20550175185178,0.0437921829840883
426,3,94373.4292992096,19915.9618958527,0.208333545182276,0.0439653722269989
427,3,210748.817492924,34557.8978079817,0.465237393801488,0.0762880973791628
428,3,93097.0856385147,20070.6552585279,0.20551595974877,0.0443068647095928
429,3,94135.9803813343,20181.3502087898,0.207809366128617,0.0445512287386748
430,3,88893.1020260039,18932.0242903465,0.196235478829657,0.0417932861735891
431,3,93214.8113167031,20081.4015170358,0.205775844422646,0.0443305875535017
432,3,94203.0361019312,20271.9435713228,0.207957394616089,0.0447512176182422
433,3,88650.2531630827,19241.9821937084,0.195699379156989,0.0424775320396572
434,3,218628.279443186,35705.2135491412,0.482631656725032,0.0788208479380235
435,3,94363.8209851375,19909.2687344003,0.208312334401352,0.0439505967752196
436,3,88783.8258178613,18991.5037633096,0.195994246736943,0.0419245897572354
437,3,93113.9013913275,19757.1284491622,0.205553081271474,0.0436147403246905
438,3,94106.6505944831,19835.4729317649,0.207744619318847,0.0437876892566865
439,3,88874.4041454569,18868.6074023976,0.196194202426217,0.0416532905711305
440,3,93209.5641442494,19854.8395438283,0.205764261055933,0.0438304419147101
441,3,212859.429744085,34966.5870210838,0.46989666427682,0.0771902970054301
442,3,88636.3503253656,19348.2108575612,0.195668688023995,0.042712036542723
443,3,93066.3412407252,20059.1235323241,0.205448090122398,0.044281407910789
444,3,94341.8677983929,20056.3625989802,0.208263871764607,0.0442753130275593
445,3,88818.3155438696,19171.1856655103,0.19607038434204,0.0423212455529244
446,3,93140.2698313979,20130.3567949588,0.205611290776433,0.0444386585082271
447,3,94091.3149726616,20152.336250974,0.207710765251178,0.0444871791355564
448,3,211308.292031167,34311.6496297041,0.466472458743568,0.075744493566562
449,3,93192.7513027462,19901.2738830584,0.205727145960075,0.0439329477850788
450,3,94281.315192024,20014.4142269072,0.208130199191209,0.0441827101293339
451,3,88633.053869818,19019.1352195765,0.195661410951668,0.0419855874266576
452,3,93058.9633212858,19764.2729782476,0.205431803036888,0.0436305121906073
453,3,94312.9076177837,19812.5280995444,0.208199940877066,0.0437370375184206
454,3,88838.5841041579,18813.5670054796,0.196115128090911,0.0415317864454109
455,3,218431.038546994,35657.920478552,0.482196238668662,0.0787164463799626
456,3,94084.3196701174,20072.8654565225,0.207695322809492,0.0443117438200288
457,3,88813.3170455089,19113.5771431584,0.196059349934456,0.0421940721760173
458,3,93170.7978649903,20063.2060423004,0.205678682769211,0.0442904202332501
459,3,94315.110341137,20199.0848888242,0.208204803486898,0.0445903788341167
460,3,88654.7190550818,19522.6754820053,0.195709237812327,0.043097174965574
461,3,93061.1966749805,20108.0396155308,0.205436733264562,0.044389392341434
462,3,213350.136495919,34939.5488498315,0.470979921269953,0.0771306090390814
463,3,88865.7690448568,19037.0217290612,0.196175140057345,0.042025072692368
464,3,93177.47622995,19944.8945406758,0.205693425557074,0.0440292423280672
465,3,94089.6135498284,19946.1407680961,0.207707009284553,0.0440319934305596
466,3,88771.8688724189,18826.8236112039,0.195967851247746,0.0415610509925206
467,3,93147.5016344266,19749.5585295092,0.205627255303464,0.043598029390164
468,3,94341.9299497141,19849.4904447206,0.208264008966415,0.0438186335403729
469,3,210517.784889505,34359.578347505,0.464727379047544,0.0758502983441319
470,3,93063.1496947615,19855.891055867,0.205441044642646,0.0438327631743321
471,3,94238.9510721601,19969.7548114626,0.208036678511232,0.044084122482213
472,3,88884.1030654673,18865.7656865647,0.196215613223782,0.0416470173569614
473,3,93194.9001063797,20042.341357837,0.205731889539726,0.0442443605137331
474,3,94110.5792912587,20310.4121548489,0.207753292091822,0.0448361387283858
475,3,88727.3103181811,19276.1585581262,0.195869486256228,0.0425529778850978
476,3,218531.293068602,35965.3025600311,0.482417554986848,0.0793950060045896
477,3,94366.5303339493,20143.9876304337,0.208318315409432,0.044468749184166
478,3,88702.8667308176,19339.9391281723,0.195815525949283,0.0426937763319713
479,3,93072.6400689143,19916.6167983013,0.205461995065949,0.0439668179533
480,3,94196.3387921308,19844.6071427279,0.207942610006647,0.043807853433897
481,3,88892.5888893983,18839.1178680126,0.196234346057763,0.0415881911115707
482,3,93208.1556480485,19778.9608202659,0.205761151737886,0.0436629362555318
483,3,213025.360548715,34657.2999152533,0.47026296391264,0.0765075319547658
484,3,88690.3474407278,19019.0441496361,0.19578788905925,0.0419853863857113
485,3,93105.7569963588,19850.0742961436,0.205535102157122,0.043819922418373
486,3,94370.966205733,19933.8738908122,0.208328107793809,0.0440049137530291
487,3,88734.1869233794,19138.4868917742,0.19588466666824,0.0422490615546725
488,3,93088.2526359938,20079.0404863636,0.2054964605026,0.0443253754732173
489,3,94155.9939902631,20156.938867607,0.207853547061015,0.0444973396166091
490,3,211427.733760301,34412.469446196,0.466736131676279,0.0759670577983629
491,3,93212.0418350037,20082.2088455658,0.205769730668541,0.044332369767161
492,3,94173.7368997547,20265.796482393,0.20789271532335,0.0447376476458591
493,3,88664.9217893152,19175.7732406118,0.195731760802211,0.0423313728291267
494,3,93084.7582695928,19913.1181572618,0.205488746533256,0.0439590945475015
495,3,94370.5563651163,19912.4943003026,0.208327203052408,0.0439577173555
496,3,88764.0055059529,18997.6326784789,0.19595049251632,0.0419381196102336
497,3,218542.17721588,35479.9964481318,0.482441582226353,0.0783236711644615
498,3,94121.6027041504,19839.642980844,0.207777626766368,0.0437968948256129
499,3,88887.0793489575,18851.084448371,0.196222183502043,0.0416146078702736
500,3,93209.3892740739,19861.4107182823,0.205763875022239,0.0438449480747614
501,3,94220.026138703,20041.8346113037,0.207994900878389,0.0442432418482085
502,3,88643.8145413643,19369.1349940476,0.195685165613,0.0427582275052266
503,3,93068.6869176528,20069.6029612517,0.205453268308608,0.044304541716524
504,3,213138.359132815,35046.7767645427,0.470512413315941,0.0773673194328877
505,3,88794.532639676,19226.8707150195,0.196017882522596,0.0424441727779288
506,3,93122.1401106532,20124.3999092778,0.205571268611042,0.0444255084179804
507,3,94098.8796079918,20113.773063506,0.207727464520327,0.044402049183001
508,3,88866.1936868963,18857.4631078318,0.196176077473545,0.0416286890449098
509,3,93203.3427165652,19895.0038363925,0.205750526977442,0.0439191063780209
510,3,94257.7293666976,20005.7235318438,0.208078132432135,0.04416352503321
511,3,210526.794865225,34339.6926662979,0.464747268969926,0.0758063998178729
512,3,93062.9004240965,19759.5931471911,0.205440494366559,0.0436201812552784
513,3,94335.7541104065,19813.3197376123,0.208250375526293,0.0437387850946866
514,3,88824.7878349494,18828.6174134145,0.196084672212643,0.041565010890732
515,3,93143.6571770965,19846.6558519624,0.205618768492813,0.0438123760507083
516,3,94085.9274526715,20084.4477389001,0.207698872061033,0.0443373122238365
517,3,88833.6603734722,19067.4393482179,0.196104258736296,0.0420922209403652
518,3,218421.690845684,35937.9221355538,0.482175603202009,0.0793345624990149
519,3,94297.7977845245,20227.2740907523,0.208166585247696,0.0446526077519079
520,3,88639.1940330077,19535.009756975,0.195674965635172,0.0431244034264953
521,3,93058.2585959821,20103.1655164268,0.205430247324417,0.0443786325507443
522,3,94304.0219535728,20010.0143735526,0.208180325377872,0.0441729972572422
523,3,88854.5550157615,19070.5811118194,0.196150384589047,0.0420991565233368
524,3,93164.3553928752,19931.1057627752,0.2056644607253,0.0439988029871945
525,3,213253.089204511,34628.6632300063,0.47076568505517,0.0764443151976332
526,3,88795.7960323259,18817.164494065,0.196020671518097,0.0415397280615662
527,3,93162.206902904,19752.619474533,0.205659717838072,0.0436047865625288
528,3,94327.9044696178,19856.7375545695,0.208233047094911,0.0438346318578904
529,3,88659.7927135956,18999.3555773665,0.195720438139295,0.0419419229862039
530,3,93060.0612423773,19864.9145411541,0.205434226746559,0.0438526829196854
531,3,94264.2180653098,19963.1909168214,0.208092456523095,0.0440696323926723
532,3,211291.543960796,34335.8024063899,0.466435486632867,0.0757978118959935
533,3,93184.3711888017,20057.7102990017,0.205708646485593,0.044278288135335
534,3,94097.1504768647,20312.3224286985,0.20772364738641,0.0448403557429237
535,3,88754.8887937131,19205.9254014795,0.19593036696832,0.042397935066137
536,3,93141.3795521837,20091.7011990964,0.205613740534455,0.0443533245600285
537,3,94354.0943519486,20157.6795818338,0.208290862425713,0.0444989747762296
538,3,88680.4975816837,19339.1918894469,0.195766145057051,0.0426921267692297
539,3,218634.771142882,35622.9747855043,0.482645987441018,0.0786393022073333
540,3,94228.1746069592,19839.5622958506,0.208012888984704,0.043796716709899
541,3,88890.778746355,18846.9995752355,0.196230350086436,0.0416055903310335
542,3,93199.6202871832,19772.5974401,0.205742309548917,0.0436488888106191
543,3,94121.2300963488,19869.1801145335,0.207776804218063,0.0438620993627558
544,3,88714.245790517,19025.0409987287,0.195840645729984,0.0419986246969675
545,3,93113.2814055527,19865.3131469432,0.205551712625284,0.0438535628597044
546,3,212926.826192822,34871.7222116896,0.470045444936824,0.0769808787168197
547,3,88714.5307992009,19193.2811215743,0.195841274899338,0.0423700222555239
548,3,93078.215504049,20086.1185771914,0.205474303087139,0.0443410006737237
549,3,94182.8754937042,20133.2560153485,0.207912889176198,0.0444450586662646
550,3,88893.3232314575,18936.525458309,0.19623596715054,0.0418032227021867
551,3,93212.5249286749,20084.5461061755,0.20577079711932,0.0443375293739745
552,3,94155.8960257195,20252.3657298047,0.207853330799925,0.0447079986617969
553,3,210770.939439184,34510.389918953,0.465286228982375,0.0761832215998363
554,3,93096.2162852595,19895.0825218356,0.205514040612769,0.0439192800796385
555,3,94372.712227045,19915.7984843283,0.20833196221356,0.0439650114887864
556,3,88747.3428805108,19000.4772166814,0.195913709029102,0.0419443990549092
557,3,93091.2782958542,19754.3133958269,0.205503139781396,0.0436085259691715
558,3,94145.5117266443,19844.2411697561,0.207830406997572,0.0438070455322746
559,3,88895.4001640442,18834.8085351103,0.196240552071657,0.0415786780674059
560,3,218359.176111398,35666.8222272121,0.482037599143911,0.078736097386294
561,3,94186.6106080285,20066.1824186563,0.207921134607297,0.0442969907165165
562,3,88652.4764445778,19378.3631932273,0.195704287149834,0.0427785991656085
563,3,93081.4101750966,20081.236252471,0.205481355465652,0.0443302227246199
564,3,94367.9958578774,20083.2750311241,0.208321550618725,0.0443347234192307
565,3,88775.0257506752,19280.5794853923,0.195974820196991,0.0425627372787871
566,3,93107.7719258442,20115.5478438223,0.205539550203633,0.0444059670895342
567,3,213418.565666578,34807.69222657,0.471130981709562,0.0768395296750715
568,3,88883.3747226872,18852.986397389,0.19621400537468,0.0416188065073755
569,3,93208.7011649253,19890.8847754263,0.205762355990669,0.0439100133676231
570,3,94233.1705172143,19993.8801876219,0.208023917678931,0.0441373803237627
571,3,88638.1413593623,18960.4523712435,0.195672641811251,0.0418560424273354
572,3,93070.2111761399,19754.9087831893,0.205456633177054,0.0436098403132711
573,3,94346.2500905885,19814.9046699564,0.208273545869659,0.0437422839033723
574,3,210973.908951822,34240.7034591488,0.465734293214498,0.075587876737666
575,3,93127.0084414388,19861.7173070105,0.205582015667912,0.0438456248830233
576,3,94088.9360403339,20091.671652008,0.207705513652192,0.0443532593335158
577,3,88856.0927567208,19020.9122141812,0.19615377922065,0.0419895102213311
578,3,93200.7078992638,20066.7164190237,0.205744710500989,0.0442981695460929
579,3,94271.425922215,20251.8993101763,0.208108368187992,0.0447069690197095
580,3,88637.9108028554,19533.193833474,0.195672132847502,0.043120394694551
581,3,218658.381876317,35855.7427647418,0.482698109185851,0.0791531478806289
582,3,94324.4834507182,20011.6143205239,0.208225495043441,0.0441765292113854
583,3,88831.5872922528,19101.8525554792,0.196099682317244,0.0421681896269232
584,3,93147.7668259658,19915.5607973989,0.205627840725589,0.0439644867843116
585,3,94083.6843062925,19889.2130753215,0.207693920215572,0.0439063230152441
586,3,88821.3730513072,18812.8790900271,0.196077133925781,0.0415302678414346
587,3,93174.8284256995,19757.0293939821,0.205687580411353,0.043614521655972
588,3,212830.765470227,34668.9177467843,0.469833386616601,0.0765331788349117
589,3,88648.999166761,19024.2819082236,0.195696610904301,0.0419969489708949
590,3,93059.322863106,19873.7661980054,0.205432596741457,0.0438722233461196
591,3,94285.3569939355,19958.9008331083,0.208139121648805,0.0440601618419493
592,3,88855.7255181647,18914.188122885,0.196152968525194,0.0417539120401353
593,3,93173.8435056924,20072.0010049058,0.205685406156604,0.0443098355046133
594,3,94086.850188729,20306.9202747384,0.207700909041945,0.0448284302476387
595,3,211117.22636561,34596.6024346277,0.466050672783648,0.0763735395649983
596,3,93156.9409621353,20078.2254368286,0.205648093039469,0.0443235762150957
597,3,94336.7756962455,20169.9203510832,0.208252630722497,0.044525996819112
598,3,88664.3568861693,19327.5836503095,0.195730513753376,0.0426665010647196
599,3,93057.7393802983,19894.2480706847,0.205429101132687,0.0439174379915864
600,3,94248.8584075053,19836.3611600642,0.208058549394924,0.043789650060187
601,3,88879.1543117435,18855.2444503571,0.196204688629697,0.041623791259795
602,3,218377.802356149,35498.4849516093,0.482078717408141,0.0783644853587023
603,3,94106.1844216337,19870.66549824,0.207743590221535,0.0438653784133936
604,3,88741.131120322,19025.5676331772,0.195899996292036,0.04199978726595
605,3,93129.4136494449,19880.3708949934,0.205587325271627,0.0438868035086566
606,3,94361.0820874972,19976.9412742508,0.208306288162919,0.0440999869186448
607,3,88692.4118339182,19249.5114639052,0.195792446299092,0.0424941532387001
608,3,93068.3584252844,20091.0478827172,0.205452543147085,0.0443518823350462
609,3,213431.650367378,34882.6016848245,0.471159866768901,0.0770048956379461
610,3,88891.5869940864,18956.5177193096,0.196232134329274,0.0418473565080831
611,3,93202.6705112307,20086.9622254071,0.20574904305425,0.0443428630647055
612,3,94128.3439756866,20232.7643990505,0.207792508423298,0.0446647278518176
613,3,88704.4606496803,19042.4013258264,0.195819044596108,0.0420369483916414
614,3,93110.5907605904,19878.202873577,0.205545772906785,0.0438820175048942
615,3,94371.2682290576,19919.6247168522,0.208328774523739,0.0439734580673658
616,3,210647.853234783,34391.6873036752,0.465014510708319,0.0759211802938577
617,3,93081.0899894149,19755.51875613,0.20548064864151,0.043611186855684
618,3,94163.1668134019,19847.4275192799,0.207869381387313,0.043814079540654
619,3,88896.3356889233,18819.4574996095,0.196242617284463,0.0415447899733539
620,3,93210.1149772139,19871.6828385432,0.205765477044217,0.0438676242373888
621,3,94163.2040876,20091.6416307125,0.207869463671765,0.0443531930601699
622,3,88668.3849407254,19375.7614515551,0.195739405863074,0.0427728557050789
623,3,218600.148002095,35855.496647654,0.48256955531686,0.0791526045662042
624,3,94371.7671240943,20101.8645240532,0.208329875856735,0.0443757605521801
625,3,88752.8688542151,19331.8741231893,0.195925907861982,0.0426759724745455
626,3,93100.1395574847,20105.1543033091,0.205522701410808,0.0443830228862962
627,3,94135.6501065548,20041.1402543011,0.207808637032342,0.0442417090242237
628,3,88888.793318746,18858.7897501444,0.19622596716663,0.041631617666856
629,3,93215.4596144253,19888.1214704238,0.205777275568719,0.0439039132488517
630,3,212902.503875359,34708.8345893619,0.469991752338582,0.0766212970413648
631,3,88648.7449129873,18935.1256531434,0.19569604962778,0.0418001325699868
632,3,93075.285027948,19750.5274648739,0.205467833930727,0.0436001683581032
633,3,94359.5844024244,19817.4777450701,0.208302981956468,0.0437479640811982
634,3,88787.1933991944,18873.1489139039,0.196001680822607,0.0416633161598966
635,3,93117.176683855,19878.0525148989,0.205560311625492,0.0438816855814206
636,3,94105.8494153821,20095.3197272916,0.207742850680326,0.0443613126220586
637,3,211377.023657806,34426.9707043181,0.466624186868213,0.0759990699710328
638,3,93208.8315725236,20067.3528826171,0.205762643871246,0.0442995745678005
639,3,94246.5570503582,20276.4963798243,0.208053469046602,0.044761268145628
640,3,88635.1084545769,19515.8929727066,0.195665946538961,0.0430822022744476
641,3,93064.3712096576,20094.4451932108,0.205443741191142,0.0443593820491549
642,3,94337.1681341432,20016.8324213112,0.208253497046622,0.0441880484011003
643,3,88816.9365750186,19129.4703810427,0.196067340206932,0.0422291572059611
644,3,218467.423353543,35628.1690905755,0.482276559748392,0.0786507688669459
645,3,94085.9664359752,19865.1673420213,0.207698958118411,0.0438532409888504
646,3,88844.6140876481,18811.907262575,0.196128439547824,0.0415281224890836
647,3,93190.2724684448,19763.3789752671,0.205721673823036,0.043628538639241
648,3,94287.1725035088,19872.15061284,0.208143129466986,0.0438686568699667
649,3,88638.1707023351,19049.8241471514,0.19567270658717,0.0420533346000623
650,3,93058.7283710648,19883.394431545,0.205431284373819,0.043893478100154
651,3,213285.215711502,34739.08984568,0.470836605749113,0.0766880868661698
652,3,88842.9695325167,18951.9154042835,0.196124809119182,0.0418371966928411
653,3,93157.7126876508,20087.7236694328,0.20564979665789,0.0443445439862796
654,3,94079.9271593687,20295.0875650543,0.207685626146529,0.0448023090144071
655,3,88808.5971020086,19070.001322749,0.196048930449122,0.0420978766131609
656,3,93169.993004974,20064.4027722177,0.205676906004905,0.0442930620678018
657,3,94318.2826153285,20178.6752574597,0.208211806423355,0.0445453236645675
658,3,210490.988301726,34756.2359662982,0.464668224387463,0.076725937690507
659,3,93061.9409557736,19883.9575820671,0.205438376297536,0.0438947212799941
660,3,94271.8683991915,19836.5426365929,0.20810934497561,0.0437900506777006
661,3,88870.0635383069,18861.5930336674,0.196184620342759,0.0416378060399907
662,3,93178.133342148,19761.8419060394,0.205694876161495,0.0436251454905151
663,3,94092.3143348288,19874.6466864431,0.207712971387638,0.0438741670635312
664,3,88767.552111738,19020.3578525876,0.195958321806429,0.0419882864434418
665,3,218491.791108729,35632.3137928238,0.482330352652429,0.0786599184816152
666,3,94349.4918524686,20002.3670480007,0.208280702203281,0.0441561154457489
667,3,88676.809933171,19303.122786021,0.195758004408844,0.0426125026181941
668,3,93069.8227447546,20095.3542545597,0.205455775697484,0.0443613888425395
669,3,94232.2867135363,20091.3516744996,0.208021966642979,0.0443525529689257
670,3,88883.7159385465,18986.5612228996,0.196214758623875,0.0419136788793171
671,3,93196.2866468251,20088.8449336687,0.205734950389466,0.0443470192269814
672,3,213102.963531318,34916.7251538258,0.470434275950388,0.0770802247144007
673,3,88723.8615722405,18981.0789802291,0.19586187299608,0.0419015765846397
674,3,93126.1655655275,19861.3979278657,0.205580154981826,0.0438449198393474
675,3,94367.178963419,19922.165847863,0.208319747287853,0.0439790677271629
676,3,88702.7275074328,18998.2468227969,0.195815218607465,0.0419394753611475
677,3,93073.064808737,19758.1714194816,0.20546293269801,0.0436170427280871
678,3,94196.1325577282,19849.2801125457,0.207942154735024,0.0438181692227362
679,3,211408.812605055,34202.3463541061,0.466694362384005,0.075503201721236
680,3,93206.8153288896,19877.3602486686,0.205758192923693,0.0438801573729086
681,3,94143.3101891389,20116.074995105,0.207825547005552,0.0444071307994512
682,3,88685.7510710164,19359.4268562213,0.195777742368555,0.042736796358923
683,3,93102.3638477002,20101.4355975353,0.205527611630449,0.044374813677803
684,3,94372.1280392255,20124.4879420425,0.20833067259295,0.0444257027542264
685,3,88732.993059154,19379.7298333327,0.195882031159831,0.0427816160844623
686,3,218579.220088199,35853.5665280854,0.482523356015557,0.0791483437413583
687,3,94154.9647312679,20010.8395678824,0.207851274925976,0.0441748189104496
688,3,88897.3191968924,18871.7750934383,0.196244788422075,0.0416602833900782
689,3,93213.8215580317,19884.4224024519,0.20577365948633,0.0438957473916799
690,3,94179.2601915794,19961.3168877434,0.207904908235862,0.0440654953900805
691,3,88657.8747716682,18912.1242648443,0.195716204197134,0.0417493559816605
692,3,93078.787508633,19747.6374916126,0.205475565812714,0.0435937886135133
693,3,213059.02867238,34612.8971954399,0.470337287794,0.0764095109746748
694,3,88767.1762110412,18901.2982520999,0.195957491988912,0.0417254570767252
695,3,93103.4031680345,19893.8642314483,0.205529905976341,0.0439165906493897
696,3,94122.6704975137,20093.3446018152,0.207779983967738,0.0443569524446682
697,3,88882.466509758,18943.4063954843,0.19621200045422,0.0418184126772312
698,3,93212.0678280427,20068.7959394096,0.205769788049331,0.0443027601798919
699,3,94220.28775559,20297.017184776,0.20799547840931,0.0448065687358188
700,3,210588.76278414,34981.1410519746,0.464884065908758,0.0772224256763355
701,3,93071.4678361452,20088.5161429291,0.205459407309942,0.0443462934067912
702,3,94356.6455934919,20024.3060870781,0.208296494404961,0.0442045468508894
703,3,88797.5885319685,19155.4483566886,0.196024628540832,0.0422865047433258
704,3,93121.2032820343,19882.1523018309,0.205569200520173,0.0438907360435304
705,3,94102.0354002539,19845.7043827227,0.207734431072191,0.0438102756400173
706,3,88866.2406095044,18811.4822623407,0.196176181057291,0.0415271842821521
707,3,218392.336168021,35508.4444079568,0.482110801444664,0.0783864713018261
708,3,94260.5800965931,19879.1885957806,0.208084425545248,0.0438841935305273
709,3,88637.2940400481,19075.7504577714,0.195670771316156,0.0421105680845829
710,3,93060.3688859723,19892.4743583686,0.205434905883487,0.0439135224427111
711,3,94330.6986848366,19957.4936465486,0.20823921544936,0.0440570554149933
712,3,88830.1662775734,18997.7369195659,0.196096545364098,0.0419383497270722
713,3,93144.3384647163,20101.9167139809,0.205620272465554,0.0443758757637683
714,3,213322.948565345,34981.4369229891,0.470919902703237,0.0772230788247675
715,3,88828.387168464,19013.6743938304,0.196092617901561,0.0419735324107941
716,3,93182.7495070685,20052.0319041495,0.205705066550995,0.0442657528259869
717,3,94297.9434220326,20185.4428482147,0.208166906748977,0.0445602634223445
718,3,88641.5651869427,19275.0053343152,0.195680200063009,0.0425504320922119
719,3,93059.6067143968,19874.0793223754,0.205433223355814,0.0438729145821017
720,3,94298.2172966253,19836.7455238203,0.208167511339329,0.0437904985602843
721,3,211195.276895892,34265.8837514707,0.466222972802813,0.0756434633535928
722,3,93167.9296136097,19756.5728177057,0.205672350976639,0.0436135137435223
723,3,94082.1251888641,19881.6576701351,0.207690478394462,0.0438896441220488
724,3,88793.5143603503,19009.1804862487,0.196015634625667,0.0419636119098102
725,3,93164.9380539105,19909.416935451,0.205665746975466,0.0439509239356346
726,3,94332.2311566406,20028.32960138,0.208242598449069,0.0442134289377736
727,3,88658.745935607,19353.9754771963,0.195718127330299,0.0427247621971168
728,3,218652.293812415,35852.3662630862,0.482684669513844,0.079145694102956
729,3,94258.9365727025,20077.4717698391,0.208080797393116,0.0443219124616751
730,3,88873.6403209872,19024.8379044752,0.196192516249707,0.0419981763573643
731,3,93185.9741400862,20089.7676748152,0.205712185071891,0.044349056219128
732,3,94098.7767270861,20175.9087949814,0.207727237406149,0.0445392165755275
733,3,88751.4807825068,18928.1300968934,0.195922843631911,0.0417846895682339
734,3,93139.6145431237,19846.2352826924,0.205609844198405,0.0438114476253276
735,3,212876.299534024,34759.6797788217,0.469933905088884,0.0767335400599166
736,3,88684.2457063113,18992.7883010009,0.195774419208973,0.0419274254313562
737,3,93070.1518133334,19761.1453682316,0.205456502131016,0.0436236078523056
738,3,94219.8565516342,19851.2101412644,0.207994526507387,0.043822429847027
739,3,88892.0659789979,18800.3547515191,0.196233191709783,0.0415026198067937
740,3,93199.317667529,19884.7136559594,0.205741641502563,0.0438963903467598
741,3,94120.0876481485,20138.3961841866,0.207774282212817,0.0444564058177333
742,3,210887.91623972,34809.7301829496,0.465544460475506,0.0768440285544769
743,3,93115.4597661388,20108.0312364289,0.205556521453224,0.0443893738441934
744,3,94371.7638274315,20148.0350676778,0.208329868579206,0.0444776840820098
745,3,88716.236476255,19421.5813971403,0.195845040257345,0.0428740052741336
746,3,93077.9295363756,20080.8960911598,0.205473671800773,0.0443294718033869
747,3,94181.1959912611,19985.5988254679,0.20790918159981,0.0441190988482533
748,3,88897.089142061,18890.3957150211,0.196244280565796,0.0417013892409163
749,3,218355.959014001,35683.8847481816,0.482030497258233,0.0787737636606864
750,3,94153.8593909823,19941.9307131825,0.207848834838104,0.0440226995469732
751,3,88674.4422755064,18894.1977632382,0.195752777699179,0.0417097824315621
752,3,93097.2792758045,19747.4010814427,0.205516387211705,0.0435932667275421
753,3,94375.672117916,19829.1581053522,0.208338496304385,0.0437737489963447
754,3,88747.0540652365,18932.5599004336,0.19591307145653,0.0417944685566933
755,3,93094.689681218,19910.6219545373,0.205510670566407,0.0439535840688958
756,3,213442.62709571,34787.0077961086,0.471184098385203,0.0767938678742861
757,3,88892.5451090854,18916.0730499535,0.196234249410774,0.0417580731005261
758,3,93218.2755532817,20071.5925383906,0.205783491879066,0.0443089337966025
759,3,94193.0834875396,20314.5793258082,0.207935423776887,0.0448453379437345
760,3,88652.6065164143,19438.0329548331,0.195704574289202,0.0429103228199022
761,3,93079.178515154,20080.0792968244,0.205476428977011,0.0443276686935408
762,3,94364.1935847413,20034.4370367932,0.20831315693156,0.0442269113732543
763,3,210852.735287903,34651.5205313603,0.465466796958673,0.0764947737076158
764,3,93113.0951530253,19865.4378631212,0.205551301464541,0.0438538381762177
765,3,94112.6041998763,19830.1545348481,0.207757762167712,0.0437759486588022
766,3,88881.2685086856,18812.2015853514,0.196209355813537,0.0415287722197111
767,3,93207.6917536758,19773.1553471535,0.205760127670413,0.0436501204152688
768,3,94236.5411986469,19887.808694983,0.208031358608203,0.0439032227831463
769,3,88639.1037530748,19101.6650850789,0.195674766338202,0.0421677757776712
770,3,218646.839264363,35616.5849858714,0.48267262835627,0.0786251964402714
771,3,94344.8713985912,19963.2033935328,0.208270502345717,0.0440696599355679
772,3,88808.7456461499,19047.7529845359,0.196049258366925,0.0420487624164133
773,3,93127.7346908998,20114.0166560208,0.205583618895918,0.0444025869243183
774,3,94092.4032486882,20252.0417527907,0.207713167668939,0.0447072834681202
775,3,88856.0619227952,18967.7263078264,0.196153711153387,0.0418720999660621
776,3,93195.4353942491,20041.5771600137,0.20573307121152,0.0442426735130284
777,3,212836.565869946,35082.403726736,0.469846191257123,0.0774459675374752
778,3,88635.7467869406,19233.4039687669,0.195667355686062,0.0424585952263326
779,3,93061.113118385,19863.5981195416,0.205436548809659,0.0438497768603895
780,3,94319.3804392766,19838.355803524,0.208214229918578,0.0437940533243943
781,3,88839.0157848313,18876.3925926693,0.196116081045209,0.0416704767251283
782,3,93149.965458646,19753.4089035727,0.205632694305078,0.0436065292622666
783,3,94083.329045007,19890.5617452979,0.207693135960474,0.0439093002642384
784,3,211225.491576104,34417.1673984431,0.466289673054058,0.0759774287370265
785,3,93176.9673282526,19921.6428168815,0.205692302133929,0.0439779131129944
786,3,94312.2679378937,20056.4733099244,0.20819852875524,0.0442755574268958
787,3,88651.473735559,19398.3053189325,0.195702073625051,0.0428226222956089
788,3,93060.8196637385,20102.9094818914,0.205435900995467,0.044378067343113
789,3,94286.5327214042,20068.5079787841,0.208141717119517,0.0443021244939957
790,3,88863.4765607341,19067.6579635394,0.196170079296619,0.0420927035434167
791,3,218402.475280208,35959.6236585575,0.482133183986048,0.0793824695768524
792,3,94090.4864126192,20140.5812425801,0.20770893616801,0.0444612294313808
793,3,88782.5664593915,18884.5599351103,0.195991466647074,0.041688506497047
794,3,93152.5924000618,19834.513683308,0.205638493395163,0.0437855716730274
795,3,94338.1506972823,19924.5857647573,0.208255666098479,0.0439844098014033
796,3,88668.3163699978,18985.0156095706,0.195739254490141,0.0419102668691071
797,3,93063.6859650442,19764.0686799341,0.205442228483161,0.0436300611929883
798,3,213396.806944409,34591.8055204765,0.471082948362023,0.0763629501635272
799,3,88880.9799352898,18799.9261201646,0.196208718774923,0.0415016735840027
800,3,93196.008419186,19894.384345423,0.205734336189571,0.0439177388241359
801,3,94105.4069471601,20159.2494966893,0.207741873912034,0.0445024404331408
802,3,88738.3136359543,19288.8400018578,0.195893776569905,0.0425809727365115
803,3,93129.2870810199,20111.6385484551,0.205587045866196,0.0443973371460316
804,3,94362.6120244092,20172.0922880223,0.208309665566741,0.0445307914665653
805,3,210567.779590107,34994.5510640761,0.464837744574092,0.0772520288748502
806,3,93072.4512897707,20069.3800315745,0.205461578327588,0.0443040495893404
807,3,94206.8954541575,19966.4271984288,0.207965914307885,0.0440767766283483
808,3,88894.7646811049,18911.2531000504,0.196239149214787,0.0417474328466074
809,3,93205.6239240319,19874.3791276176,0.205755562844447,0.0438735764155165
810,3,94128.9179592104,19920.1813114336,0.207793775517471,0.0439746867746751
811,3,88701.7158232924,18881.5138916632,0.195812985269701,0.0416817822205761
812,3,218565.827685973,35472.2362821622,0.482493791691626,0.0783065402527246
813,3,94372.7210310231,19837.8941481962,0.208331981648734,0.0437930341997125
814,3,88727.9950605868,18966.4977319987,0.195870997855562,0.0418693878302457
815,3,93080.4611949212,19924.323956554,0.205479260549681,0.0439838318481431
816,3,94164.1449685074,20077.70786713,0.207871540708241,0.0443224336569519
817,3,88893.5325703596,18901.7403317437,0.196236429275483,0.0417264329872133
818,3,93214.9762670317,20076.6485792914,0.205776208557837,0.0443200952319057
819,3,212961.471696776,35219.2379745549,0.47012192642867,0.0777480352292201
820,3,88663.6021901134,19380.3213821681,0.195728847728246,0.0427829219548427
821,3,93088.4162825473,20069.9603135048,0.20549682175965,0.0443053305875265
822,3,94370.8510559385,20043.5644726921,0.208327853595513,0.0442470605942094
823,3,88758.5828039337,19191.7364387563,0.19593852166028,0.0423666122994584
824,3,93101.9603895761,19851.0454201451,0.205526720978684,0.0438220662178252
825,3,94128.9611643344,19819.5076431511,0.207793870894705,0.0437524451715508
826,3,211417.602248629,34224.0651387526,0.46671376591337,0.0755511469049179
827,3,93212.5073793754,19776.9793222482,0.20577075837846,0.043658562010473
828,3,94208.2552390697,19896.4536315896,0.207968916093595,0.0439223068654404
829,3,88645.9885263217,19124.6870139461,0.195689964781545,0.0422185977102159
830,3,93076.6728517535,19916.3894888255,0.205470897613542,0.0439663161575161
831,3,94358.9469204386,19973.1153271108,0.208301574686614,0.0440915409700631
832,3,88788.1495873841,19102.4784672175,0.19600379165059,0.0421695713549411
833,3,218506.546280601,35985.6563533554,0.482362925351001,0.0794399379091803
834,3,94101.6708072595,20223.7146193353,0.20773362621693,0.0446447500603438
835,3,88870.3891305073,18935.6369779956,0.196185339102031,0.041801261342354
836,3,93205.4269826142,20033.3662581623,0.205755128087503,0.0442245475817724
837,3,94253.3371165641,20186.8617438134,0.208068436344492,0.0445633956975253
838,3,88636.8906193841,19185.5213248971,0.195669880747086,0.0423528921590162
839,3,93068.8669517932,19851.7800490121,0.205453665741985,0.0438236879437432
840,3,213210.447604601,34705.3526906561,0.470671551825641,0.0766136105950129
841,3,88821.8409075255,18884.8231593873,0.196078166739204,0.041689087576353
842,3,93140.8852369991,19753.2833497212,0.205612649311686,0.0436062520965518
843,3,94084.5482594402,19899.0898143664,0.207695827430595,0.0439281263562412
844,3,88841.8960716868,18968.8651814171,0.196122439406627,0.0418746140801981
845,3,93190.6046555167,19931.3152520248,0.205722407140781,0.043999265444036
846,3,94291.4123379851,20084.6805144465,0.208152489090282,0.0443378260862145
847,3,210495.632986788,34941.0943926866,0.464678477736446,0.0771340208937169
848,3,93065.5217090264,20108.3812833044,0.2054462809697,0.0443901465882496
849,3,94309.2177939801,20065.7278527104,0.208191795426807,0.0442959872419609
850,3,88845.0915432668,19114.4765618203,0.196129493552351,0.0421960576827411
851,3,93158.6589343453,20082.89488554,0.20565188553958,0.0443338842309356
852,3,94082.0044794487,20102.7801450188,0.207690211923055,0.0443777818262105
853,3,88804.3983731613,18852.2165490821,0.196039661568331,0.0416171070329765
854,3,218453.388305959,35652.9358325059,0.482245576756232,0.0787054425519785
855,3,94322.4799708325,19923.969686865,0.20822107227243,0.0439830497820381
856,3,88656.9402612032,18976.8142534084,0.195714141223693,0.0418921620103851
857,3,93061.3939086029,19765.9869996482,0.205437168666561,0.0436342959691302
858,3,94271.7478737204,19850.0158397779,0.208109078910269,0.0438197933733441
859,3,88870.6879711627,18806.4734296785,0.196185998806078,0.0415161270611368
860,3,93181.2631928624,19907.3968457397,0.205701785446238,0.0439464644976946
861,3,213182.977384752,34996.1114658646,0.470610910092788,0.0772554735312425
862,3,88762.546492395,19239.0654126565,0.195947271678959,0.0424710931156764
863,3,93145.9178200952,20113.1061126305,0.205623758962841,0.0444005768592613
864,3,94344.9851208213,20195.7525106519,0.208270753392601,0.0445830224609969
865,3,88676.7642108678,19481.6435197358,0.195757903474825,0.0430065950827737
866,3,93067.9684775724,20058.1653809727,0.205451682320157,0.044279292749039
867,3,94232.5213569468,19952.9527765305,0.20802248462875,0.044047031242341
868,3,211359.600304807,34404.5918675805,0.466585724041058,0.0759496676929847
869,3,93200.2524328245,19865.738590928,0.205743705038554,0.0438545020462349
870,3,94112.9987364138,19898.7270094669,0.207758633124677,0.0439273254482791
871,3,88720.7027717911,18872.1881519594,0.195854899803509,0.0416611952351464
872,3,93123.2055556646,19753.2312992225,0.205573620628321,0.0436061371927594
873,3,94367.2035548393,19849.3137944802,0.208319801574507,0.0438182435771056
874,3,88709.6804331055,19003.4676582373,0.195830567500321,0.0419510005877307
875,3,218611.481686833,35716.9696361484,0.482594574930314,0.0788468000232861
876,3,94190.824121534,20065.8249533978,0.207930436125879,0.0442962015960498
877,3,88894.538719089,18897.9491341243,0.196238650393581,0.0417180637497447
878,3,93208.2957997898,20084.4999549458,0.205761461129092,0.0443374274930811
879,3,94145.8373925507,20332.6297794415,0.207831125919554,0.0448851851234492
880,3,88681.9099958524,19313.0387213205,0.195769263024187,0.0426343924866675
881,3,93100.277477168,20056.2742798048,0.205523005874647,0.0442751180590491
882,3,212985.064120096,35071.83952204,0.470174007753109,0.0774226465854586
883,3,88739.6988409415,19201.1652504971,0.195896834471561,0.0423874268209971
884,3,93090.3916598201,19837.6715524624,0.205501182492892,0.0437925428097237
885,3,94149.562254802,19812.887990605,0.207839348718746,0.0437378319939536
886,3,88897.9279778921,18811.852133405,0.196246132333225,0.0415280007889874
887,3,93219.1409768459,19779.0121454855,0.205785402340098,0.0436630495582384
888,3,94179.4841804197,19906.160792647,0.207905402701195,0.0439437358554832
889,3,210675.595711594,34558.6696924855,0.465075753460534,0.076289801348557
890,3,93081.2588207591,19929.9118405417,0.205481021344216,0.0439961673507296
891,3,94363.4362273363,19986.7333605179,0.208311485031383,0.0441216033848675
892,3,88768.7197167024,19159.9268997977,0.195960899346351,0.0422963913265525
893,3,93107.11251853,20128.8674731544,0.205538094532641,0.0444353707640629
894,3,94115.485606336,20192.5058984986,0.207764123000706,0.0445758554201809
895,3,88884.1957179555,18917.0279171428,0.196215817758273,0.041760181012342
896,3,218370.769938575,35980.1045367736,0.482063193033377,0.0794276820269974
897,3,94225.8642299101,20180.7873394344,0.208007788724547,0.0445499861795228
898,3,88636.4714866277,19130.8760052719,0.195668955492873,0.042232260184003
899,3,93069.1932372975,19839.090063608,0.205454386031757,0.0437956742362072
900,3,94354.6653578025,19842.0097657608,0.208292122946548,0.0438021196086482
901,3,88801.4725314684,18893.5872898711,0.196033202642582,0.0417084347844356
902,3,93125.2253391545,19756.0749304298,0.205578079390264,0.0436124146352028
903,3,213380.42271023,34664.0460979865,0.471046779435907,0.0765224244533821
904,3,88863.8603831164,18942.0058601846,0.19617092660161,0.0418153209332276
905,3,93202.2827958049,19939.4143703214,0.205748187155192,0.0440171446081198
906,3,94264.8641575541,20113.1075812535,0.208093882800478,0.0444005801013119
907,3,88636.3781128718,19462.9562773166,0.195668749366152,0.0429653421634744
908,3,93063.6300540854,20113.1885049419,0.205442105057231,0.0444007587439555
909,3,94331.6901368775,20068.3396238739,0.208241404123864,0.044301752843039
910,3,211083.080994301,34695.7855709383,0.465975295356873,0.0765924907524598
911,3,93147.1484133811,20074.6210469707,0.205626475552286,0.0443156193640742
912,3,94086.2095406437,20063.2098095809,0.207699494782786,0.0442904285496895
913,3,88831.489508056,18830.8054751798,0.196099466454277,0.0415698411344566
914,3,93180.8512740803,19818.4787093388,0.205700876117195,0.0437501737543683
915,3,94301.6030600565,19921.1953439222,0.208174985562784,0.0439769252965223
916,3,88640.4369930411,18966.3381368601,0.195677709524762,0.0418690355168746
917,3,218660.120304986,35484.5713274878,0.482701946844505,0.0783337704142409
918,3,94294.4403056659,19848.5779352159,0.208159173463694,0.0438166191350309
919,3,88855.8059355435,18820.8434863209,0.196153146050137,0.0415478496007013
920,3,93168.8940383361,19921.8540478866,0.205674479987144,0.0439783794148386
921,3,94084.047065342,20190.1700691873,0.207694721022318,0.0445706989730222
922,3,88792.3759800157,19183.9250307153,0.196013121600416,0.0423493682685682
923,3,93157.5344115173,20111.0193655459,0.205649403105391,0.0443959702722034
924,3,212843.429056669,35304.7401273604,0.469861342047251,0.0779367850367344
925,3,88664.3090008038,19495.359004847,0.195730408044301,0.043036872626552
926,3,93062.9963901418,20048.2503497816,0.205440706215875,0.0442574048764253
927,3,94254.7588206903,19944.1678491422,0.208071574819622,0.0440276381241659
928,3,88872.9491422213,18958.984476674,0.196190990441821,0.0418528019847459
929,3,93187.1631517598,19855.3208844453,0.205714809868077,0.0438315044955437
930,3,94100.012030446,19877.8346997842,0.207729964393292,0.0438812047448612
931,3,211009.637132349,34242.3638392381,0.465813164763063,0.0755915421006068
932,3,93137.5651056006,19760.9308988349,0.205605319973864,0.0436231344015675
933,3,94353.8790240672,19861.9868336665,0.208290387079832,0.0438462198751114
934,3,88684.6814671017,19041.7474948562,0.195775381170312,0.0420355050306765
935,3,93072.7185279418,19949.6756927483,0.205462168267744,0.044039796934048
936,3,94216.4713282572,20053.4630401261,0.207987053476126,0.0442689121223468
937,3,88892.1445788353,18907.4407387462,0.196233365222422,0.0417390168893627
938,3,218362.977074572,36071.407714159,0.482045989939274,0.0796292378544411
939,3,94126.1229747554,20331.3021450648,0.207787605464899,0.0448822543114775
940,3,88707.4088669862,19239.7458302577,0.195825552917019,0.0424725951678125
941,3,93113.8353323996,20041.3174029574,0.205552935443451,0.0442421000877661
942,3,94374.0286932355,20062.2836809755,0.208334868371264,0.0442883840795764
943,3,88716.6181181087,19205.576306852,0.195845882748721,0.0423971644242106
944,3,93076.5184867069,19827.8119868454,0.205470556845832,0.0437707773798332
945,3,213446.25378894,34604.9056893573,0.471192104471912,0.0763918693693428
946,3,88895.7694982937,18809.9058371761,0.19624136739345,0.041523704253444
947,3,93213.8917830057,19779.3637275763,0.205773814511086,0.0436638256913506
948,3,94158.8488512467,19917.0860059978,0.207859849293689,0.0439678537501718
949,3,88672.1216915692,19157.883713009,0.195747654906862,0.0422918809007863
950,3,93092.5218634844,19945.5541166731,0.205505885012284,0.0440306983714351
951,3,94373.7084180439,20004.566634028,0.208334161349525,0.0441609711297947
952,3,210738.671969847,34736.9724348585,0.465214997107778,0.0766834125875478
953,3,93094.2828739978,20131.9438259208,0.205509772521364,0.0444421619497051
954,3,94138.9931263383,20160.1788646373,0.207816016897292,0.0445044920542466
955,3,88890.7141293567,18912.3980187114,0.196230207441537,0.0417499603055052
956,3,93209.9221546666,20024.7870103413,0.205765051379862,0.044205608510396
957,3,94194.9480069152,20168.3832469525,0.207939539786387,0.0445226035933362
958,3,88650.5161790814,19074.2854661994,0.195699959776511,0.0421073340504897
959,3,218625.967345705,35581.3165508905,0.482626552666945,0.0785473398004611
960,3,94361.037541156,19844.3259962069,0.208306189824889,0.0438072327904398
961,3,88781.3427086693,18902.6573959136,0.195988765162893,0.0417284574471814
962,3,93114.925696523,19761.2618579012,0.205555342470779,0.0436238650084354
963,3,94109.774527825,19916.6743301635,0.207751515540727,0.0439669449574462
964,3,88877.6470500123,18914.0383897265,0.196201361282346,0.0417535814975243
965,3,93205.2818146,19946.4239774295,0.205754807622651,0.0440326186277671
966,3,212862.694918098,35145.7840051991,0.469903872293767,0.0775858823228645
967,3,88638.6784460459,19478.0080773374,0.195673827454008,0.0429985696818872
968,3,93065.9493590177,20118.7986987594,0.205447225026088,0.0444131434964842
969,3,94345.9214097829,20075.8990168637,0.208272820292153,0.044318440539488
970,3,88811.665307277,19208.8273472801,0.1960557036488,0.0424043412406401
971,3,93132.6150953871,20063.037205553,0.205594392606022,0.0442900475186161
972,3,94088.8027580262,20025.7504675676,0.207705219425567,0.0442077353851009
973,3,211315.795725162,34243.2301910406,0.466489023482009,0.0755934546107671
974,3,93191.0839874695,19815.0458434405,0.205723465287399,0.0437425955501213
975,3,94278.7185536287,19916.8161563792,0.20812446699639,0.0439672580451293
976,3,88640.2845345049,18958.8454917518,0.195677372965759,0.0418524951693446
977,3,93060.1128945418,19769.8717657914,0.205434340771011,0.0436428717632792
978,3,94315.1138795111,19848.7316158874,0.208204811298016,0.0438169583919525
979,3,88839.7596555822,18842.25157067,0.196117723172997,0.0415951088996494
980,3,218434.254700712,35818.7075257511,0.482203338471125,0.0790713909423369
981,3,94081.6040730704,20197.7702668295,0.207689328008156,0.0445874767475573
982,3,88816.7157480302,19124.9836898586,0.196066852721528,0.042219252635496
983,3,93174.3196099261,20106.9919722783,0.205686457177889,0.0443870796223294
984,3,94313.3543187818,20242.3348382691,0.208200926989399,0.0446858550223163
985,3,88649.1011460106,19496.9506918308,0.195696836028033,0.0430403863464053
986,3,93058.3963626196,20038.9746588165,0.2054305514504,0.0442369283758136
987,3,213344.61062671,34867.5409783597,0.470967722667752,0.076971648458162
988,3,88865.9247813295,18980.9479446024,0.196175483852539,0.0419012873176622
989,3,93177.4368566444,19842.7475618938,0.20569333863875,0.0438037483264468
990,3,94088.4980196036,19859.6484888985,0.207704546701937,0.0438410578749701
991,3,88774.3235131681,18865.0663352744,0.195973269976441,0.0416454735078641
992,3,93149.5471768108,19769.3657556547,0.205631770929312,0.043641754723383
993,3,94340.9015989807,19876.7527994812,0.208261738836405,0.0438788164017935
994,3,210513.982273432,34503.805337138,0.46471898460333,0.0761686858424387
995,3,93063.5582785603,19959.1133490815,0.205441946609565,0.0440606309804179
996,3,94240.0566337514,20041.8554868759,0.208039119087647,0.0442432879319632
997,3,88882.284156323,18928.4080155254,0.196211597900897,0.0417853030859825
998,3,93190.4724406238,20104.7043051124,0.205722115270521,0.0443820294952502
999,3,94111.1662055495,20323.9336347675,0.207754587731239,0.0448659879970672
1000,3,88733.9376926362,19166.1709456618,0.195884116480283,0.0423101753356831
1001,3,218527.626862649,35889.4625141127,0.482409461674044,0.079227585728032
1002,3,94359.0729264533,20070.5634082936,0.208301852850499,0.044306661946113
1003,3,88701.5998203781,19200.3303118778,0.195812729188105,0.0423855836568367
1004,3,93074.9498152184,19818.9339209296,0.205467093933708,0.0437511786542137
1005,3,94198.9944083695,19807.6043892983,0.207948472397679,0.0437261682089271
1006,3,88893.4842900917,18808.7535201759,0.196236322694643,0.0415211604623832
1007,3,93205.9683322682,19779.0247035801,0.205756323140957,0.043663077280791
1008,3,213032.367061245,34775.6406537173,0.47027843110087,0.0767687744015729
1009,3,88695.6947215906,19164.3389144064,0.195799693419731,0.042306131045154
1010,3,93103.4714685048,19961.4248918893,0.205530056752669,0.0440657338140394
1011,3,94369.8136380756,20026.7387481394,0.208325563449411,0.0442099170584456
1012,3,88728.8797102296,19277.2827980097,0.195872950759019,0.0425554596946739
1013,3,93083.3089285333,20131.4012171141,0.205485547048366,0.0444409641166159
1014,3,94161.0746695503,20129.8618110284,0.207864762886652,0.0444375658091719
1015,3,211427.298507284,34410.6866856346,0.466735170835874,0.0759631222750835
1016,3,93213.2465507818,20023.0246242293,0.205772390132236,0.0442017179646204
1017,3,94167.8100165265,20150.9513135818,0.207879631464853,0.0444841218246279
1018,3,88664.611517285,19019.0169126815,0.195731075862896,0.0419853262589217
1019,3,93087.1526264811,19811.0340563899,0.205494032182646,0.0437337393516661
1020,3,94373.2996071095,19846.2997512384,0.208333258881193,0.0438115899425121
1021,3,88762.2606088411,18912.0540624617,0.195946640578291,0.0417492010067766
1022,3,218545.775939052,35525.3970889193,0.482449526567913,0.0784238950995146
1023,3,94125.7628987642,19923.3359061563,0.207786810581123,0.0439816506829178
1024,3,88889.0418715035,18886.6353560272,0.196226515857904,0.0416930880810858
1025,3,93213.915332842,19951.4276621681,0.205773866498397,0.0440436644845121
1026,3,94211.833915697,20169.8547591126,0.207976816181515,0.0445258520219178
1027,3,88642.1064311627,19478.6514273925,0.195681394883712,0.0429999899057655
1028,3,93076.5634273785,20124.5767547327,0.205470656054364,0.0444258988121925
1029,3,213130.861041851,35117.055360407,0.470495860946443,0.0775224625609437
1030,3,88793.3722927918,19254.1896270369,0.196015321005209,0.0425044804920106
1031,3,93121.5360390768,20048.3596122648,0.205569935096154,0.0442576460782194
1032,3,94098.3102638229,19989.4086054016,0.207726207667736,0.0441275091070076
1033,3,88871.6581724268,18816.3079780037,0.196188140568546,0.0415378372642424
1034,3,93204.0067035898,19812.8456699615,0.205751992758348,0.0437377385692495
1035,3,94253.1858090713,19910.5450896674,0.208068102326468,0.0439534143862748
1036,3,210531.406545427,34297.7267387274,0.464757449459211,0.0757137581651053
1037,3,93063.3092997311,19772.0024474045,0.20544139697772,0.0436475753377643
1038,3,94334.5783087083,19849.1929276026,0.208247779891716,0.0438179767580943
1039,3,88824.7571945353,18870.0977760205,0.196084604572565,0.0416565806372309
1040,3,93139.3848422045,19956.5851220785,0.205609337123403,0.0440550498067924
1041,3,94086.3038217216,20199.6711727803,0.207699702912461,0.044591673082042
1042,3,88847.5451009509,19069.2261853566,0.196134909890133,0.0420961654628705
1043,3,218418.667614196,36027.6140032498,0.482168929283953,0.0795325612886096
1044,3,94290.8502804655,20263.2950856739,0.208151248323294,0.0447321257012793
1045,3,88640.1023556059,19484.5519230533,0.195676970797731,0.0430130155125329
1046,3,93057.8092648444,20030.7988213811,0.205429255405933,0.0442188798508165
1047,3,94305.7429769583,19939.7461726289,0.208184124613588,0.0440178770764802
1048,3,88850.5588218373,19001.98147607,0.196141562813112,0.0419477197744552
1049,3,93167.2293627968,19829.3202365595,0.205670805141806,0.0437741069082003
1050,3,213260.020416012,34587.1978407725,0.470780986013024,0.0763527785055199
1051,3,88800.0744281404,18862.3619821331,0.196030116267264,0.04163950352795
1052,3,93163.6686316613,19779.8316445687,0.205662944669357,0.0436648586389356
1053,3,94326.0841361218,19892.5728779329,0.208229028627706,0.0439137399290339
1054,3,88655.5666734204,19122.293404496,0.195711108967532,0.0422133137108294
1055,3,93061.4081964832,19969.4402939424,0.205437200207693,0.0440834281707898
1056,3,94267.8153417892,20030.9591913492,0.208100397671017,0.0442192338746582
1057,3,211283.406855023,34449.7187261815,0.46641752360974,0.0760492872416765
1058,3,93181.7081845511,20115.5542967306,0.205702767785195,0.0444059813346166
1059,3,94097.0539049145,20309.7823912487,0.207723434199532,0.0448347484972111
1060,3,88759.1088329458,19094.440449258,0.195939682892735,0.0421518270725707
1061,3,93139.9067850684,20007.4269273606,0.205610489335504,0.0441672853546213
1062,3,94349.9412010663,20076.5677952559,0.208281694160308,0.044319916897552
1063,3,88677.9580291254,19189.079411395,0.195760538881758,0.0423607467933097
1064,3,218636.792112291,35526.4393891822,0.482650448820931,0.0784261960237315
1065,3,94226.9876327491,19807.3465793099,0.20801026868631,0.0437255990819041
1066,3,88890.6055467455,18807.4184469538,0.19622996774059,0.0415182132288292
1067,3,93197.8855846939,19778.5636911682,0.205738480115971,0.0436620595753748
1068,3,94115.0294175383,19943.1640695189,0.207763115943633,0.0440254222359753
1069,3,88715.2401388024,19161.9925417107,0.195842840798077,0.0423009513230051
1070,3,93123.2201786537,19976.2295723365,0.205573652909221,0.0440984158049954
1071,3,212921.440295906,35056.5935271606,0.470033555329688,0.0773889903732529
1072,3,88711.4274239043,19334.3269430353,0.195834424060258,0.0426813871835161
1073,3,93078.9241682166,20130.724168787,0.205475867494827,0.0444394695023025
1074,3,94184.8514745706,20102.3381866128,0.2079172512419,0.0443768061833605
1075,3,88895.1770795299,18937.5751161075,0.196240059602664,0.0418055398684911
1076,3,93209.9631401028,20021.9831063633,0.205765141857037,0.0441994187675794
1077,3,94150.5998610523,20128.4299090238,0.207841639280721,0.0444344048217712
1078,3,210781.453306968,34332.3092499846,0.465309438813418,0.0757901005977691
1079,3,93101.1540015985,19798.0425460224,0.205524940841336,0.0437050600143543
1080,3,94370.7179340938,19849.0056178823,0.208327559723116,0.0438175632635506
1081,3,88740.2191567395,18922.0293696193,0.195897983091842,0.0417712219412689
1082,3,93090.4268364829,19776.7961606625,0.205501260146941,0.0436581576731212
1083,3,94149.0639939826,19927.1469656494,0.207838248785812,0.0439900637663566
1084,3,88894.5647356122,18863.2904786968,0.196238707826214,0.0416415532254362
1085,3,218358.442691488,35830.0521915709,0.482035980086818,0.0790964347970183
1086,3,94185.8670828316,20196.9219265223,0.207919493242335,0.0445856039985746
1087,3,88656.1282314512,19465.2622362695,0.195712348631877,0.0429704326704877
1088,3,93082.4886835863,20128.7288996459,0.205483736321141,0.0444350648568758
1089,3,94363.451443203,20101.0248441384,0.208311518621086,0.0443739069213991
1090,3,88775.4422222078,19296.7289777627,0.195975739576434,0.0425983880019133
1091,3,93107.4897773912,20032.8094681259,0.205538927348366,0.0442233184429877
1092,3,213421.645956036,34712.149397319,0.471137781585626,0.0766286146274526
1093,3,88883.2795410026,18820.2250593052,0.196213795256876,0.0415464843955416
1094,3,93209.9310140051,19812.8939598807,0.205765070937246,0.0437378451713952
1095,3,94226.8718182324,19902.4013180967,0.208010013020611,0.0439354366481014
1096,3,88641.7919973637,18946.814137923,0.195680700757108,0.041825935420323
1097,3,93068.4751071019,19774.2262590245,0.20545280072739,0.0436524845008841
1098,3,94350.6457293994,19852.8568127988,0.208283249437958,0.0438260649477226
1099,3,210962.50249799,34330.4622547771,0.465709112960031,0.0757860232736496
1100,3,93127.2170554779,19974.8190993595,0.205582476192688,0.044095302123127
1101,3,94092.9536358837,20196.2179731684,0.207714382673168,0.0445840499902171
1102,3,88860.9177019687,19018.4825891197,0.196164430502015,0.0419841467158796
1103,3,93200.1588431292,20097.6994517359,0.205743498435136,0.0443665659696769
1104,3,94268.4197519995,20280.482143219,0.208101731933455,0.0447700668957044
1105,3,88635.3090408834,19458.2086125594,0.195666389342159,0.0429548614822324
1106,3,218657.724214496,35775.9353171002,0.482696657368113,0.0789769693882016
1107,3,94326.2016724771,19942.4292436909,0.208229288094441,0.0440238000752572
1108,3,88833.3261585897,19020.6945376857,0.196103520942069,0.0419890296907797
1109,3,93145.7107278531,19815.0589458109,0.2056233017975,0.043742624474187
1110,3,94084.8151384967,19831.6943788049,0.20769641657799,0.0437793479328661
1111,3,88827.8555050411,18859.1674768662,0.196091444230894,0.0416324515154047
1112,3,93179.5736192692,19790.1483381627,0.205698055637338,0.0436876331991794
1113,3,212830.425613133,34784.1780989768,0.46983263636694,0.0767876211919345
1114,3,88644.0063171485,19163.0887986354,0.195685588966579,0.0423033713589542
1115,3,93059.9623300362,19978.4358893757,0.205434008393164,0.0441032863480497
1116,3,94294.8724228073,20025.1020690522,0.208160127381515,0.0442063040165218
1117,3,88860.0143915024,18999.6953624298,0.196162436403959,0.0419426730768529
1118,3,93171.0618007759,20125.8642786287,0.205679265419204,0.044428741078493
1119,3,94087.3945090967,20288.2040704433,0.207702110653382,0.0447871133937096
1120,3,211127.915228822,34468.8484472186,0.466074268924886,0.0760915169522168
1121,3,93160.4204546211,19989.9377879138,0.205655774173983,0.0441286773009541
1122,3,94335.9386015584,20081.1735170594,0.208250782798721,0.0443300842334067
1123,3,88662.2585787301,19168.9965542606,0.195725881646321,0.0423164129924162
1124,3,93063.9957190671,19805.8733583813,0.205442912278952,0.0437223468811397
1125,3,94254.9015664866,19808.0395755618,0.20807188993732,0.0437271289019714
1126,3,88880.0250249145,18808.0865494899,0.196206610767772,0.041519688094911
1127,3,218379.758261757,35546.9428014744,0.482083035156818,0.0784714582188525
1128,3,94103.1407401457,19957.9071526714,0.207736871159194,0.0440579682481619
1129,3,88743.762824904,19150.4119516662,0.195905805897023,0.042275386655098
1130,3,93133.6607157891,19991.7156057191,0.205596700859594,0.0441326019128795
1131,3,94358.4761609424,20077.995412988,0.208300535464075,0.0443230684272304
1132,3,88690.1452595343,19388.5954744828,0.195787442735268,0.0428011873818583
1133,3,93068.0752582476,20128.640042086,0.205451918043249,0.0444348686998579
1134,3,213429.201816641,34896.5946285156,0.471154461484178,0.0770357856838876
1135,3,88890.8006482103,18964.2518595441,0.196230398435757,0.0418644299668517
1136,3,93204.481460464,20019.6895848004,0.205753040805277,0.0441943557166582
1137,3,94127.872952785,20101.2096275103,0.20779146861928,0.0443743148389162
1138,3,88702.4054931517,18918.6963801603,0.195814507746609,0.0417638642187065
1139,3,93109.0172925135,19786.0673160242,0.20554229940598,0.0436786241611865
1140,3,94370.104749362,19852.7559554212,0.208326206090531,0.043825842300573
1141,3,210639.390841148,34308.5373678483,0.464995829597758,0.0757376231100069
1142,3,93083.5213567709,19785.8215482841,0.205486015993154,0.0436780816179625
1143,3,94171.7498729363,19929.4459817005,0.207888328873217,0.0439951389466049
1144,3,88896.2106364934,18844.8362132919,0.196242341225658,0.0416008146132645
1145,3,93216.7267477167,19963.8583924688,0.205780072821853,0.0440711058748692
1146,3,94163.2700907217,20221.6990294979,0.207869609376593,0.0446403005560758
1147,3,88669.0517541488,19437.2680259428,0.195740877883382,0.0429086342053343
1148,3,218597.169955476,35925.0962068251,0.482562981146413,0.07930624869054
1149,3,94372.1579913713,20119.1625433305,0.208330738713645,0.0444139466995675
1150,3,88754.1686760365,19334.5812321133,0.1959287772765,0.0426819485379727
1151,3,93097.2758371256,20016.6897367787,0.205516379620668,0.0441877334186446
1152,3,94134.774000812,19930.1822992584,0.207806702989925,0.0439967644003832
1153,3,88891.4604404735,18829.3328422151,0.196231854956541,0.0415665902316489
1154,3,93217.7084208892,19811.6576231339,0.205782239909069,0.0437351159030046
1155,3,212907.395187566,34640.5645722127,0.470002550127963,0.0764705879402124
1156,3,88649.5947372269,18945.9499914107,0.19569792565261,0.041824027778439
1157,3,93075.2201662221,19778.279437553,0.205467690745581,0.0436614320728687
1158,3,94363.1805321663,19858.9073428016,0.208310920572916,0.0438394217619772
1159,3,88783.892543639,18942.892975919,0.195994394037067,0.0418172792806916
1160,3,93113.3649155929,19992.1217419967,0.205551896977414,0.044133498476787
1161,3,94106.3084795979,20187.2531533431,0.207743864085012,0.0445642597514814
1162,3,211382.064999482,34439.8314893511,0.466635315854325,0.0760274607263507
1163,3,93210.885850541,20094.239019854,0.205767178781394,0.0443589269122943
1164,3,94245.7423100822,20294.6187826841,0.208051670471183,0.0448012741564621
1165,3,88637.5479551484,19418.6565784059,0.19567133184504,0.042867548606611
1166,3,93066.2335245306,20011.1205457327,0.205447852334104,0.0441754391815589
1167,3,94343.2811303873,19945.9161090004,0.208266991757884,0.0440314974856078
1168,3,88820.437470467,19037.0374595008,0.196075068589439,0.0420251074180135
1169,3,218471.00314924,35515.4952114783,0.482284462306707,0.0784020362643894
1170,3,94087.524859126,19822.9273544048,0.207702398406872,0.0437599943363344
1171,3,88845.7849969096,18855.0053207152,0.196131024382129,0.0416232633704684
1172,3,93191.9611473291,19799.9377439449,0.205725401656826,0.0437092437481123
1173,3,94283.7752314414,19927.0014237357,0.208135629837704,0.0439897424761049
1174,3,88634.4317320629,19201.6940133339,0.195664452643894,0.0423885940884915
1175,3,93061.1855483791,19988.6071991422,0.205436708702094,0.0441257399670241
1176,3,213278.572113314,34864.516636932,0.470821939710445,0.0769649720898648
1177,3,88838.5063227533,19046.2043078885,0.196114956384999,0.0420453436437918
1178,3,93155.8248848122,20134.1343896586,0.205645629249109,0.0444469977166453
1179,3,94084.116108993,20260.7984694432,0.207694873439251,0.0447266143098404
1180,3,88814.6866460233,18974.2167722187,0.196062373388544,0.0418864279550604
1181,3,93171.3541366739,19975.2551660122,0.205679910763709,0.0440962647596695
1182,3,94314.7649946891,20083.3042601689,0.208204041119245,0.0443347879436478
1183,3,210490.079666205,34541.5214743734,0.464666218534112,0.0762519458939085
1184,3,93062.633056655,19799.2616523086,0.205439904141033,0.0437077512457363
1185,3,94277.9814569443,19808.035387117,0.208122839822655,0.043727119655793
1186,3,88867.7150279522,18810.702027935,0.196179435901632,0.041525461879978
1187,3,93176.1922823982,19780.7882386216,0.205690591185712,0.0436669703628796
1188,3,94088.8006947338,19973.9130297256,0.207705214870757,0.0440933019340862
1189,3,88772.4102801788,19130.277810171,0.195969046429471,0.0422309396416957
1190,3,218488.114900986,35780.9140415061,0.48232223726023,0.0789879601439011
1191,3,94342.3611245962,20106.2956637288,0.208264960804156,0.0443855424902179
1192,3,88675.5013522503,19436.6112800885,0.195755115658224,0.0429071844096331
1193,3,93063.8355861481,20125.5163233277,0.205442558778407,0.0444279729516806
1194,3,94240.103928187,20060.8792515409,0.208039223492218,0.0442852837390967
1195,3,88887.3859571493,18997.0037383604,0.196222860353272,0.0419367311969315
1196,3,93193.6077186167,20015.7693186523,0.205729036536223,0.0441857015546684
1197,3,213110.42158091,34761.6897163014,0.470450739926776,0.0767379770863533
1198,3,88725.6703982341,18879.798682977,0.195865866059962,0.0416779958210675
1199,3,93121.9323048031,19776.2867792863,0.20557080987038,0.0436570331910636
1200,3,94364.7845275806,19855.8982016025,0.208314461464177,0.0438327789488612
1201,3,88701.3046184538,18939.5117135881,0.19581207751672,0.0418098149936161
1202,3,93072.693086343,19795.8390161171,0.205462112104282,0.0437001956240223
1203,3,94194.4698848494,19928.8100778301,0.207938484310649,0.0439937351605109
1204,3,211405.460268113,34248.4596888875,0.466686961951012,0.0756049989599981
1205,3,93204.7086579539,19973.3517243423,0.205753542353847,0.0440920628274722
1206,3,94135.4574225137,20242.8939297372,0.207808211673746,0.044687089241614
1207,3,88692.3472689201,19395.4584045044,0.195792303768985,0.0428163376053096
1208,3,93104.9009280655,20130.1236043011,0.205533212348265,0.0444381437294722
1209,3,94374.8431335756,20136.9961394134,0.20833666628456,0.0444533151565886
1210,3,88731.2969138216,19365.0973499755,0.195878286843524,0.0427493142262458
1211,3,218582.473761082,35731.7756680634,0.482530538643247,0.0788794849976675
1212,3,94154.962323602,19908.3199769394,0.207851269610947,0.0439485023509011
1213,3,88894.312565721,18841.1094013747,0.196238151149956,0.041592587510099
1214,3,93214.2902559518,19809.4299279632,0.205774694157848,0.0437301981667739
1215,3,94176.8539207429,19884.3046904865,0.207899596285901,0.0438954875372777
1216,3,88665.0404898806,18946.4673239336,0.195732022838992,0.0418251698130069
1217,3,93084.7018552122,19784.6337064432,0.205488621996,0.0436754594042349
1218,3,213051.808976893,34682.9794722123,0.470321349994908,0.0765642207195984
1219,3,88763.3313617315,18986.9415971814,0.195949004312949,0.0419145185724724
1220,3,93100.1749373064,20007.8916448498,0.205522779513339,0.0441683112391604
1221,3,94121.9469444298,20172.8021656072,0.207778386692105,0.0445323585529263
1222,3,88885.5258374306,18945.8997028222,0.19621875405621,0.0418239167641419
1223,3,93214.2408652688,20092.9889877679,0.205774585125717,0.0443561674108327
1224,3,94220.3335100331,20303.7821718567,0.207995579414279,0.044821502745869
1225,3,210595.902865423,34826.1242226022,0.464899827955954,0.0768802191266119
1226,3,93068.6013064885,19999.0561238594,0.205453079318153,0.0441488064333573
1227,3,94357.1918418763,19951.3195029722,0.208297700272579,0.0440434257182735
1228,3,88794.5811509462,19050.953080504,0.196017989613384,0.0420558267706803
1229,3,93120.0498382147,19789.6463560689,0.205566654241608,0.0436865250513671
1230,3,94098.508011492,19817.0766917427,0.207726644204516,0.0437470787381294
1231,3,88868.5379874948,18848.0032991166,0.196181252621448,0.0416078060961707
1232,3,218389.964330342,35549.674995501,0.482105565507431,0.07847748965876
1233,3,94255.2604529567,19944.6366893136,0.208072682195175,0.0440286731097096
1234,3,88632.9274627534,19237.092500599,0.195661131902447,0.0424667378245069
1235,3,93060.746399978,19999.2978093837,0.205435739262455,0.0441493399649081
1236,3,94335.6328428957,20025.6683439282,0.208250107822866,0.0442075540935121
1237,3,88827.6176658569,19098.0185724065,0.19609091919031,0.0421597259386624
1238,3,93144.3629510925,20140.1434079957,0.205620326520319,0.0444602628920505
1239,3,213328.910748151,34920.9323058727,0.470933064487124,0.0770895121897796
1240,3,88832.9183489021,18930.3123332485,0.196102620684034,0.0417895069521062
1241,3,93183.8438255836,19962.3964033749,0.205707482307819,0.04406787846888
1242,3,94296.0521732959,20082.1347708235,0.208162731733222,0.0443322062438707
1243,3,88641.3865066374,19109.3393972047,0.195679805618283,0.0421847171632274
1244,3,93060.2851780585,19791.6976597363,0.205434721094542,0.0436910533955044
1245,3,94301.6263190046,19809.660108372,0.208175036907947,0.0437307063002701
1246,3,211185.35699021,34197.4149145098,0.466201074169544,0.0754923153488579
1247,3,93162.3960738768,19785.5936040753,0.205660135441414,0.0436775784209772
1248,3,94084.7853126593,19989.5187875571,0.207696350736126,0.0441277523390195
1249,3,88800.0251156253,19100.9028458807,0.196030007407692,0.0421660931007186
1250,3,93167.0468782997,20013.0541934889,0.205670402299157,0.0441797077950359
1251,3,94327.6268070319,20135.7552186956,0.208232434142395,0.0444505757688781
1252,3,88659.4505851231,19476.9287601171,0.195719682875466,0.0429961870410893
1253,3,218653.448997624,35874.1073753563,0.482687219636604,0.0791936885758607
1254,3,94265.369358736,20048.8607475555,0.208094998054571,0.0442587523566763
1255,3,88876.6629723104,19033.4560698008,0.196199188887023,0.0420172013408643
1256,3,93183.8770190506,20009.4448432058,0.205707555583875,0.044171739993655
1257,3,94098.4753615442,20035.8240737265,0.207726572128303,0.0442299733190133
1258,3,88756.2260360826,18849.1837181151,0.195933318990363,0.0416104119236435
1259,3,93139.6954104809,19768.9189014166,0.205610022716695,0.0436407682727656
1260,3,212872.43650739,34654.7093533317,0.46992537728567,0.0765018131740333
1261,3,88682.2406937756,18949.7456675991,0.19576999305457,0.0418324069025481
1262,3,93065.7516078585,19804.4301772039,0.205446788481603,0.0437191609944634
1263,3,94223.6281127872,19926.1031717842,0.208002852396482,0.043987759544946
1264,3,88889.7669082215,18832.3605860709,0.196228116408726,0.0415732741109577
1265,3,93200.5487170176,19983.784078069,0.205744359099096,0.0441150927126065
1266,3,94118.5348891781,20260.896878383,0.207770854428286,0.0447268315519545
1267,3,210899.215639697,34825.9171043872,0.465569404403823,0.0768797619039348
1268,3,93115.316816648,20127.8906690372,0.205556205885861,0.0444332144255025
1269,3,94369.533962602,20156.4730257483,0.208324946053356,0.0444963112499742
1270,3,88716.5511921182,19388.7023076613,0.195845735006619,0.0428014232208544
1271,3,93079.653729048,19985.6062700621,0.205477478032831,0.0441191152825262
1272,3,94180.3439133781,19891.4876888843,0.207907300599962,0.0439113443259136
1273,3,88894.0799641063,18854.2353714447,0.19623763767154,0.0416215636731878
1274,3,218356.183551424,35555.0238359985,0.482030992934587,0.0784892974622035
1275,3,94155.4298277596,19873.5421957285,0.207852301647181,0.0438717288511243
1276,3,88678.6674268468,18949.4309419662,0.195762104908799,0.0418317121317069
1277,3,93098.3698582882,19793.1015532985,0.205518794721073,0.0436941525530219
1278,3,94368.0039606354,19879.831825628,0.208321568505924,0.0438856134890417
1279,3,88747.2350761004,19033.4438658033,0.195913471046068,0.0420171743999967
1280,3,93089.2648991823,20022.2757260029,0.205498695118638,0.0442000647384566
1281,3,213443.845647227,34857.2039735251,0.471186788391907,0.0769488290599504
1282,3,88896.735330115,18927.9062643612,0.196243499510179,0.0417841954479575
1283,3,93213.0384344869,20092.8801184582,0.205771930706253,0.0443559270769864
1284,3,94187.558082734,20306.8063667864,0.207923226199876,0.0448281787907655
1285,3,88652.0237791213,19304.7598043855,0.195703287870694,0.0426161164090878
1286,3,93082.0778833271,19984.3578614947,0.205482829461287,0.0441163593650543
1287,3,94367.3939031536,19956.8170744913,0.208320221776883,0.0440555618520665
1288,3,210841.651458188,34488.8187483239,0.4654423289113,0.0761356022806669
1289,3,93109.936022144,19779.5558115072,0.205544327542526,0.0436642497251766
1290,3,94113.8454490022,19814.7043314034,0.207760502280398,0.0437418416471007
1291,3,88883.1850691174,18838.5053634603,0.196213586705985,0.0415868389805125
1292,3,93209.3464886502,19815.7727280591,0.205763780571512,0.043744200180266
1293,3,94227.8399285782,19963.9951555769,0.208012150167284,0.044071407785517
1294,3,88636.3902017436,19267.6815512255,0.195668776052874,0.0425342645151029
1295,3,218645.266700831,35738.9997258155,0.482669156852286,0.0788954324266555
1296,3,94343.4040474977,20033.0331010219,0.208267263102875,0.0442238121225582
1297,3,88804.9785437382,19153.7178951435,0.196040942320699,0.0422826846724524
1298,3,93130.6156542486,20142.2062575623,0.205589978750725,0.0444648167242738
1299,3,94092.1199985144,20192.9478724143,0.207712542381575,0.0445768310972694
1300,3,88855.5503979203,18898.801923939,0.196152581939461,0.0417199463212132
1301,3,93195.6496123419,19952.9884569967,0.205733544107494,0.044047110008558
1302,3,212838.163808727,34889.5787137362,0.469849718778096,0.0770202977397752
1303,3,88637.8735461907,19072.1804933026,0.195672050601756,0.0421026872291401
1304,3,93060.0433336702,19784.5883548572,0.205434187212291,0.0436753592885905
1305,3,94323.668982488,19810.0891984147,0.208223697068575,0.0437316535356358
1306,3,88832.9825835045,18825.6880772954,0.196102762484778,0.0415585442508816
1307,3,93151.4323982886,19792.7172958863,0.205635932639624,0.0436933042876834
1308,3,94084.0539428033,20003.3873230857,0.20769473620462,0.0441583677484055
1309,3,211234.795201689,34510.5911326168,0.466310211221586,0.0761836657879538
1310,3,93176.0515976128,20019.9237738561,0.205690280617788,0.044194872699421
1311,3,94307.7460746558,20164.6981291403,0.208188546540901,0.0445144685317628
1312,3,88647.723610581,19507.6955136061,0.195693795057266,0.0430641060186628
1313,3,93055.7510768178,20121.8372326211,0.205424711864267,0.0444198511952113
1314,3,94285.8601379584,20042.1578615198,0.208140232361627,0.0442439554374466
1315,3,88855.5598626328,19071.9473623667,0.196152602833235,0.0421021725822238
1316,3,218405.17388104,35804.3233274771,0.482139141267483,0.0790396371844914
1317,3,94086.0379380398,20001.0382830875,0.207699115962401,0.0441531821380675
1318,3,88780.8965323238,18826.5287464079,0.195987780208754,0.0415604000653607
1319,3,93154.0141673109,19765.3019558771,0.20564163200964,0.0436327837045182
1320,3,94338.663749497,19863.160524378,0.208256798684076,0.043848810849591
1321,3,88666.1905584316,18959.3673652833,0.195734561666501,0.041853647228391
1322,3,93062.7795699776,19811.8965959848,0.205440227575714,0.0437356434462084
1323,3,213392.618086203,34646.1647414441,0.471073701271111,0.0764829505630212
1324,3,88882.3643038762,18840.2104486203,0.196211774830187,0.0415906030318865
1325,3,93189.9389618737,19997.1939341597,0.205720937592438,0.0441446955667202
1326,3,94103.938612185,20273.7928709839,0.20773863249723,0.0447553000295455
1327,3,88738.1334220925,19281.022045976,0.195893378739785,0.0425637142509714
1328,3,93130.8155359198,20120.784912999,0.20559041999841,0.0444175281528128
1329,3,94362.1254693733,20175.1715090703,0.208308591474846,0.0445375889840666
1330,3,210561.569502408,34913.1158089845,0.464824035529123,0.0770722569250329
1331,3,93069.9612613715,19972.2709013569,0.20545608147908,0.0440896768626309
1332,3,94205.2337498854,19879.6457827428,0.207962246021752,0.043885202791093
1333,3,88893.9749395278,18868.3468347908,0.196237405825109,0.0416527153565422
1334,3,93205.6979373757,19799.0242100808,0.205755726232198,0.0437072270814514
1335,3,94127.1563036029,19864.5637924988,0.207789886584317,0.043851908626419
1336,3,88703.061074458,18953.1244136066,0.195815954971518,0.0418398656347278
1337,3,218562.383992187,35515.6226849491,0.482486189584336,0.0784023176677493
1338,3,94372.8973555407,19895.0081543772,0.208332370892953,0.0439191159101644
1339,3,88723.3871084639,19083.2130270522,0.195860825596178,0.0421270420383852
1340,3,93079.823368145,20032.5544907438,0.205477852518687,0.0442227555690692
1341,3,94167.7845324563,20135.3625725171,0.207879575207634,0.0444497089849646
1342,3,88897.7617836171,18923.8545049697,0.196245765451966,0.0417752510087809
1343,3,93209.4843656865,20096.7877047009,0.205764084941205,0.0443645532475206
1344,3,212967.66015989,35129.2934755907,0.470135587736405,0.077549478744858
1345,3,88668.4147458473,19236.6633297738,0.195739471659206,0.0424657904108102
1346,3,93088.7653691463,19968.3022598822,0.205497592383853,0.0440809159099547
1347,3,94371.1902543473,19962.3209099027,0.208328602391096,0.0440677118136805
1348,3,88755.6139781527,19066.3185023016,0.195931967845244,0.0420897466231226
1349,3,93100.2213464721,19772.313297617,0.205522881963637,0.0436482615534424
1350,3,94135.956999816,19816.2571393672,0.207809314512874,0.043745269539787
1351,3,211419.842159789,34231.9809646097,0.466718710616941,0.0755686214427843
1352,3,93215.474386618,19820.6343011912,0.205777308178992,0.0437549323193152
1353,3,94204.4025889156,19983.7798346023,0.207960411196921,0.0441150833449648
1354,3,88646.955629282,19290.0722345827,0.19569209970437,0.042583692945091
1355,3,93073.1608995902,20025.0226028313,0.205463144822845,0.0442061285913024
1356,3,94359.6310483366,20046.0804687043,0.208303084929395,0.0442526147673785
1357,3,88785.0659678866,19211.3883256876,0.195996984423316,0.0424099947144488
1358,3,218510.248942952,35972.6152007145,0.482371099142925,0.0794111489843407
1359,3,94105.4957969804,20155.9423798505,0.207742070051966,0.0444951398255388
1360,3,88874.2673280977,18881.6861003069,0.196193900395808,0.041682162378821
1361,3,93207.9984384085,19946.1600810852,0.205760804690609,0.0440320360648427
1362,3,94247.6087329096,20068.6657132421,0.208055790682638,0.0443024726998316
1363,3,88634.9165494089,19032.6741646441,0.195665522899762,0.0420154752504329
1364,3,93064.3122618919,19776.3504862752,0.205443611061325,0.0436571738270769
1365,3,213203.133122628,34615.523148644,0.470655404781161,0.0764153078832384
1366,3,88815.5836844964,18837.8104919603,0.196064353640895,0.0415853050207515
1367,3,93135.9989889547,19801.9688285898,0.20560186270167,0.0437137274578576
1368,3,94085.5303875918,20016.0012909582,0.207697995522199,0.0441862136438573
1369,3,88847.4087680461,19026.7228351288,0.196134608929178,0.0420023374256692
1370,3,93190.864196907,20025.841499519,0.205722980089951,0.0442079363421848
1371,3,94284.7797868809,20194.2682066367,0.208137847438544,0.0445797457938256
1372,3,210497.679446205,35051.5281902178,0.464682995386684,0.0773778084165236
1373,3,93060.798510119,20121.7990600714,0.20543585429791,0.0444197669276089
1374,3,94312.2235558582,20040.570837804,0.208198430779921,0.0442404520119649
1375,3,88844.2748642783,19110.6397364983,0.196127690697139,0.0421875877200883
1376,3,93155.9206752479,19987.1307275529,0.205645840710758,0.0441224805902818
1377,3,94083.279096252,19966.713528417,0.207693025696374,0.0440774087145402
1378,3,88807.8638066574,18811.8519524936,0.196047311666999,0.0415280003896174
1379,3,218449.949356378,35537.6241754975,0.482237985121985,0.0784508869372914
1380,3,94318.60600452,19865.8320563121,0.208212520319388,0.0438547083752299
1381,3,88651.0496143927,18971.7441216026,0.195701137358701,0.0418809694687822
1382,3,93061.3226721194,19819.5507031825,0.205437011408854,0.0437525402284864
1383,3,94275.9162374286,19917.1001694956,0.208118280758664,0.0439678850167235
1384,3,88864.1926961094,18856.8382621519,0.196171660197331,0.0416273096702634
1385,3,93178.3149499807,20013.0552845112,0.205695277068868,0.0441797102035161
1386,3,213190.385346605,35068.7345603466,0.470627263498262,0.0774157922443368
1387,3,88767.5027882228,19214.3812618042,0.195958212922574,0.0424166017541241
1388,3,93145.0138853473,20112.753609732,0.205621763486656,0.044399798693425
1389,3,94349.9472432587,20191.6130067198,0.208281707498717,0.0445738843218419
1390,3,88675.1271281426,19408.1207291483,0.195754289541852,0.0428442902504864
1391,3,93071.2935659077,19959.6894369195,0.205459022600637,0.0440619027199587
1392,3,94228.3223649446,19872.164331839,0.208013215167033,0.0438686871552675
1393,3,211353.556360498,34314.1849021874,0.466572381765015,0.0757500902933989
1394,3,93196.4342754916,19791.3074312946,0.205735276286318,0.0436901919488526
1395,3,94113.8920765194,19856.6914651279,0.207760605212718,0.043834530113397
1396,3,88725.9894177104,18955.9439040145,0.195866570309653,0.041846089785282
1397,3,93125.9793970796,19816.4465822801,0.205579744006692,0.0437456877434483
1398,3,94365.4642631123,19912.8421066035,0.208315962010614,0.0439584851533878
1399,3,88706.1287407037,19133.6607701315,0.195822726981279,0.0422384076763641
1400,3,218614.171468965,35828.1447981971,0.482600512744077,0.0790922241412589
1401,3,94197.0525046297,20115.0710510376,0.207944185558751,0.0444049145482428
1402,3,88898.8299752993,18931.8228467159,0.196248123532644,0.0417928414778096
1403,3,93208.9070649297,20101.0388437602,0.205762810524092,0.0443739378261872
1404,3,94142.0551735344,20296.0986614071,0.207822776502752,0.0448045410546039
1405,3,88687.2371014644,19165.9808893528,0.195781022846903,0.0423097557779229
1406,3,93101.4260633699,19951.7349174959,0.205525541429804,0.0440443427643223
1407,3,212978.608413307,34904.8684853038,0.470159756493065,0.077054050590968
1408,3,88735.0702545117,19068.9325840201,0.195886616661027,0.0420955173248536
1409,3,93090.4280758493,19767.9410564465,0.205501262882897,0.0436386096364758
1410,3,94153.0984659214,19816.9567102058,0.207847155062168,0.043746813873547
1411,3,88900.0558922481,18816.7146921304,0.196250829798867,0.0415387351037775
1412,3,93210.9974499574,19825.1818961985,0.205767425142072,0.0437649713376804
1413,3,94175.2470711016,20004.6887581311,0.207896049093807,0.0441612407241874
1414,3,210684.783955552,34763.3032470218,0.465096036917985,0.0767415390272274
1415,3,93083.5893119267,20037.7531262056,0.205486166007185,0.0442342317882117
1416,3,94372.8370712289,20062.8381712877,0.208332237812652,0.0442896081416177
1417,3,88767.9084499458,19268.3063263079,0.195959108438881,0.0425356437339023
1418,3,93101.9548306663,20136.7597998642,0.205526708707143,0.0444527934265157
1419,3,94122.2102522613,20118.6957378732,0.207778967955861,0.0444129162057457
1420,3,88887.1584697573,18877.1968783741,0.19622235816473,0.0416722522216156
1421,3,218369.209023358,35834.3822411497,0.482059747243568,0.0791059935741684
1422,3,94219.1515215544,20055.0447293095,0.207992970122109,0.0442724037716108
1423,3,88637.6595769752,18992.127071163,0.19567157825519,0.0419259657370617
1424,3,93067.7407393088,19767.8048082881,0.205451179577804,0.0436383088626026
1425,3,94354.4598140806,19812.4890864458,0.208291669199634,0.0437369513952692
1426,3,88799.0610829484,18853.3674568673,0.196027879262655,0.0416196477131324
1427,3,93121.2560932197,19813.975087412,0.205569317103215,0.0437402318085352
1428,3,213385.014850817,34762.891626803,0.471056916790621,0.0767406303572757
1429,3,88864.9684405152,18986.869389436,0.196173372687631,0.0419143591706609
1430,3,93201.0031469163,20028.4902072574,0.205745362273321,0.0442137834823957
1431,3,94259.5208840168,20221.9272927334,0.208082087286347,0.0446408044573268
1432,3,88637.1554228778,19531.7808165804,0.195670465312583,0.0431172753968731
1433,3,93061.059669875,20120.61236318,0.205436430819694,0.0444171472414082
1434,3,94329.07285565,20044.1345433807,0.208235626359075,0.044248319050625
1435,3,211072.045496759,34659.9899578832,0.465950934004925,0.0765134703435893
1436,3,93142.3282862021,19972.3356927186,0.205615834907023,0.0440898198924453
1437,3,94086.8902690005,19934.2423926819,0.207700997520929,0.0440057272373064
1438,3,88826.9442955774,18804.8751640664,0.19608943269545,0.0415125988186687
1439,3,93184.7573849495,19765.5936462435,0.205709499030777,0.0436334276239834
1440,3,94298.3402388808,19868.8710840788,0.208167782739829,0.0438614171642739
1441,3,88641.5884661453,18984.5443323954,0.195680251452885,0.0419092265037691
1442,3,218660.332008797,35545.399316063,0.48270241419009,0.0784680509061152
1443,3,94298.0728169184,19914.0251575952,0.208167192393946,0.0439610967911027
1444,3,88851.7250078599,18883.6019524282,0.196144137220657,0.041686391707642
1445,3,93168.065891417,20030.0110704253,0.205672651815964,0.0442171408555234
1446,3,94083.4453638291,20280.6720175997,0.20769339273945,0.0447704860518502
1447,3,88794.0447519461,19147.5769015485,0.19601680548872,0.0422691281557918
1448,3,93164.0819769695,20102.1281337277,0.20566385714752,0.0443763424822683
1449,3,212841.348725616,35245.4148737997,0.46985674962387,0.0778058218992823
1450,3,88659.7554978134,19401.2857765254,0.1957203559838,0.0428292017883878
1451,3,93065.007810024,19948.8953872731,0.205445146514782,0.0440380743749848
1452,3,94260.0293357191,19869.1399726254,0.208083209716108,0.0438620107477073
1453,3,88874.1149562605,18894.811989147,0.196193564028196,0.0417111383625914
1454,3,93187.4916318763,19782.1830368407,0.205715535002553,0.0436700494420226
1455,3,94096.6172171283,19850.9875233828,0.20772247019181,0.0438219384081458
1456,3,211020.962072352,34354.2510201089,0.465838165072124,0.0758385380318172
1457,3,93141.4622729123,19830.5733736096,0.205613923144145,0.0437768732640082
1458,3,94355.3336767652,19933.4646092632,0.208293598290401,0.0440040102457951
1459,3,88687.5564327223,19186.0461041114,0.195781727784867,0.0423540506324867
1460,3,93071.683342506,20050.3264377359,0.205459883049824,0.0442619879329787
1461,3,94218.783367498,20097.4553924941,0.207992157405645,0.0443660271980391
1462,3,88894.3923630421,18953.0598270263,0.196238327306094,0.0418397230569774
1463,3,218364.14446705,36070.0890825074,0.482048567010124,0.0796263269163856
1464,3,94119.3898230202,20279.959731722,0.20777274173279,0.0447689136490756
1465,3,88711.74897581,19093.7524538643,0.1958351339004,0.0421503082921205
1466,3,93117.3707436408,19932.880558482,0.205560740021106,0.0440027209277029
1467,3,94372.7312340557,19971.5278309915,0.208332004172382,0.0440880365017295
1468,3,88716.1756285385,19065.9943851001,0.195844905933302,0.0420890311199758
1469,3,93078.7011682934,19765.7238256228,0.205475375212572,0.0436337150007566
1470,3,213445.528643332,34583.4223917978,0.471190503680709,0.0763444440338854
1471,3,88898.6850474398,18806.7710672263,0.196247803597944,0.0415167841092698
1472,3,93211.3356934717,19828.8839117022,0.205768171829683,0.0437731437016596
1473,3,94155.3300459107,20027.2467962268,0.207852081374308,0.0442110385972088
1474,3,88675.182251588,19305.2450244154,0.195754411229311,0.0426171875538981
1475,3,93092.1290410192,20051.8776189619,0.20550501783921,0.0442654122345691
1476,3,94376.5899509818,20083.3227509,0.208340522461725,0.0443348287627596
1477,3,210728.656257262,34867.1091139365,0.465192886976508,0.076970695098228
1478,3,93095.5317638505,20129.0361625677,0.205512529501295,0.0444357431534502
1479,3,94141.0259303006,20084.5207463379,0.207820504402507,0.0443374733910046
1480,3,88896.0059004162,18882.6993788596,0.196241889261656,0.0416843992363212
1481,3,93215.4639848,19938.1636441415,0.205777285216516,0.0440143835744152
1482,3,94193.456039884,20038.6895907288,0.207936246202767,0.0442362990753231
1483,3,88655.5168865837,18954.3761451624,0.195710999060875,0.0418426288878443
1484,3,218623.585650322,35492.3129930102,0.482621294968393,0.0783508604854175
1485,3,94364.3760282309,19815.5876974536,0.208313559683683,0.0437437917169699
1486,3,88779.6611189403,18871.1532832904,0.195985052978729,0.0416589107165036
1487,3,93109.4912329417,19827.3499689493,0.205543345650567,0.0437697574547658
1488,3,94112.1259565398,20030.3237625566,0.207756706424263,0.0442178311373193
1489,3,88882.3379534844,18949.0940093721,0.196211716660525,0.0418309683380106
1490,3,93207.6752127205,20032.5367976493,0.205760091155518,0.0442227165107756
1491,3,212866.123176166,35263.1166921369,0.469911440326024,0.0778448994510652
1492,3,88638.1070486986,19522.0298944301,0.195672566068934,0.0430957498022704
1493,3,93065.236053653,20119.3491177806,0.20544565037275,0.0444143585709694
1494,3,94346.1818991235,20051.411333552,0.208273395333965,0.0442643828887751
1495,3,88812.8614991537,19183.7559168934,0.196058344295603,0.0423489949422803
1496,3,93130.0216212661,19955.0799436078,0.20558866739648,0.0440517270583316
1497,3,94087.836854497,19904.0608603192,0.207703087150539,0.0439391001614138
1498,3,211323.088355772,34214.8533712703,0.466505122288632,0.0755308115182394
1499,3,93191.0292716085,19768.4940697976,0.205723344499701,0.0436398304380598
1500,3,94278.395752225,19870.985086272,0.208123754397925,0.0438660839181973
1501,3,88639.964640179,18998.8991448534,0.195676666784798,0.0419409153911182
1502,3,93063.2492833981,19833.3461360354,0.205441264488993,0.0437829942604625
1503,3,94319.2602263762,19913.9800461389,0.208213964543251,0.0439609972055553
1504,3,88839.662340537,18918.0247724519,0.196117508345704,0.0417623816148008
1505,3,218437.514490184,35960.3337052277,0.482210534601458,0.0793840370364768
1506,3,94080.8938683457,20274.9683206488,0.207687760199619,0.0447578948869931
1507,3,88821.2176008586,19083.8873140536,0.196076790761997,0.0421285305569494
1508,3,93176.0875444321,20091.9013144346,0.205690359971991,0.0443537663235434
1509,3,94309.8823290435,20222.1202832846,0.208193262417534,0.0446412304925575
1510,3,88653.0626560905,19381.7966964124,0.195705581237837,0.0427861787766946
1511,3,93062.9281799008,19938.0833855886,0.205440555638733,0.0440142064000878
1512,3,213338.963201608,34762.9565461784,0.470955255725506,0.0767407736696861
1513,3,88861.178929069,18905.8991489796,0.196165007172464,0.0417356137613459
1514,3,93173.9764700506,19773.1563925607,0.205685699681342,0.0436501227230518
1515,3,94090.3893495744,19848.2507065675,0.207708721897019,0.0438158967632265
1516,3,88781.7698575533,18954.8065435273,0.195989708113064,0.0418435790113894
1517,3,93150.9492418373,19844.0776534849,0.205634866050255,0.0438066845628287
1518,3,94340.0094256932,19955.9739161282,0.208259769324167,0.0440537005424559
1519,3,210510.442179158,34709.6175191195,0.464711169687673,0.0766230253936483
1520,3,93062.2218805899,20056.8558541949,0.205438996451571,0.0442764019103976
1521,3,94245.6089543539,20081.0787399747,0.208051376082478,0.0443298750087744
1522,3,88880.6856423121,18982.7412233184,0.196208069110077,0.0419052460602359
1523,3,93194.7421370563,20112.4675143814,0.205731540815415,0.0443991671252062
1524,3,94106.7986405172,20257.6926372622,0.207744946137056,0.0447197580470785
1525,3,88736.0447920962,19027.112117221,0.195888767996115,0.0420031967832124
1526,3,218523.949142872,35758.433174765,0.482401342943963,0.0789383326300796
1527,3,94359.419865785,19975.1014186102,0.208302618734514,0.0440959253554371
1528,3,88697.3594438703,19058.60448432,0.19580336836825,0.0420727175851228
1529,3,93074.6708507006,19764.385570204,0.20546647810712,0.043630760742362
1530,3,94203.0058423936,19821.4746015734,0.207957327816813,0.0437567873198057
1531,3,88892.8914183111,18797.601045685,0.196235013903802,0.0414965408786138
1532,3,93207.2934098851,19832.94460554,0.205759248308767,0.0437821078640241
1533,3,213039.436442235,34934.7410192239,0.470294037074021,0.0771199955390468
1534,3,88698.050055313,19295.9686442152,0.195804892923745,0.0425967095317693
1535,3,93106.0748849305,20063.6022809751,0.205535803910291,0.0442912949477587
1536,3,94371.6483554814,20105.939455804,0.208329613669737,0.0443847561453712
1537,3,88729.2751945988,19376.5170889652,0.195873823808365,0.0427745238082907
1538,3,93081.2545921002,20121.0384448542,0.205481012009263,0.0444180878356665
1539,3,94161.6585404094,20054.1171386309,0.207866051807558,0.0442703560739062
1540,3,211426.586332588,34378.5940595492,0.466733598678538,0.0758922763747465
1541,3,93212.7544472412,19935.4058099214,0.205771303791769,0.0440082955326393
1542,3,94169.0077607788,20018.2714410874,0.207882275538594,0.0441912251012986
1543,3,88665.1219017734,18919.7872228406,0.195732202559368,0.0417662723024703
1544,3,93088.8529937413,19752.7357502042,0.205497785819046,0.0436050432462477
1545,3,94373.0824754238,19819.1113505402,0.208332779553334,0.0437515703379754
1546,3,88760.025664288,18892.5916869264,0.195941706838726,0.041706236946627
1547,3,218549.352428783,35635.5440084172,0.482457421828163,0.0786670493262954
1548,3,94129.9771632512,20032.2637621333,0.20779611375753,0.0442221137727229
1549,3,88888.905658767,18917.2780469939,0.196226215162226,0.0417607331851201
1550,3,93213.1963559152,20036.168307405,0.205772279324834,0.0442307332301784
1551,3,94205.0479867012,20272.6457087214,0.207961835941255,0.0447527676177977
1552,3,88642.0458922609,19497.179770673,0.195681261241393,0.0430408920481443
1553,3,93077.3548450008,20116.673993244,0.205472403143987,0.044408453114501
1554,3,213123.367644605,35100.4910357169,0.470479318938535,0.07748589607701
1555,3,88789.5854734707,19214.6173906282,0.196006961433029,0.0424171230190117
1556,3,93119.1065522155,19937.6800756003,0.205564571895785,0.0440133160753398
1557,3,94100.6811654106,19879.4790839647,0.207731441538505,0.0438848347961215
1558,3,88869.3314840747,18804.3384446041,0.196183004300462,0.0415114139865696
1559,3,93206.8192110652,19771.6955697588,0.205758201493769,0.043646897891704
1560,3,94250.9203674828,19872.7467280324,0.20806310126334,0.0438699728207837
1561,3,210536.270455912,34385.6802273915,0.46476818675807,0.0759079194056219
1562,3,93066.6087266796,19841.3586230744,0.205448680609546,0.0438006821821895
1563,3,94339.9508624695,19916.1982396122,0.208259640043245,0.0439658939663663
1564,3,88820.4609216571,18959.5993185543,0.196075120358984,0.0418541592755596
1565,3,93138.086030461,20062.663946604,0.205606469938677,0.0442892235328747
1566,3,94085.0531374381,20262.3269060994,0.207696941971245,0.0447299884017806
1567,3,88840.5681495555,19028.1456732915,0.196119507959424,0.0420054784042357
1568,3,218415.69722486,36030.8388330744,0.482162372017297,0.0795396802439655
1569,3,94293.2809386492,20231.9208344835,0.208156614109409,0.0446628656454938
1570,3,88641.0418580295,19351.5943514397,0.195679044791143,0.0427195057560391
1571,3,93063.3844998342,19927.784332944,0.205441562985294,0.0439914707830248
1572,3,94307.5769771071,19868.8374061134,0.208188173250537,0.0438613428186666
1573,3,88842.7402191879,18917.8016466083,0.196124302899804,0.0417618890545713
1574,3,93158.781053918,19765.0831320297,0.205652155123971,0.0436323006411365
1575,3,213266.880034201,34620.4055699381,0.470796128925457,0.076426086045533
1576,3,88805.7746345984,18946.8535516526,0.196042699726702,0.0418260224278852
1577,3,93167.8395907506,19857.6798714563,0.205672152247171,0.043836712064355
1578,3,94324.2264581116,19979.8407814195,0.208224927720824,0.0441063877097597
1579,3,88654.3541983769,19287.1118997475,0.195708432374914,0.0425771578741954
1580,3,93061.3584756052,20063.6282083862,0.205437090446642,0.0442913521836725
1581,3,94270.6973163761,20069.3885063069,0.208106759758177,0.0443040682976893
1582,3,211275.077816111,34539.9861071589,0.466399136885666,0.0762485565024524
1583,3,93179.930462323,20116.8167096354,0.205698843384261,0.0444087681672865
1584,3,94092.7427085335,20229.6121259258,0.207713917041655,0.0446577690686056
1585,3,88762.4503900414,18968.0764607983,0.195947059528737,0.0418728729443308
1586,3,93142.7694435337,19898.5735718978,0.205616808781466,0.0439269867280169
1587,3,94347.4291850348,19975.8924384069,0.208276148773124,0.0440976715668421
1588,3,88677.897026814,19046.6507288724,0.195760404216441,0.0420463291379813
1589,3,218638.73709023,35482.4432909741,0.48265474244629,0.0783290726789306
1590,3,94232.2838200295,19822.8901053431,0.208021960255434,0.043759912107373
1591,3,88886.4777763789,18793.5067444153,0.196220855503803,0.0414875025263477
1592,3,93200.3266978402,19837.7794294231,0.205743868981881,0.0437927809529154
1593,3,94113.8063973516,20070.2287629196,0.207760416072142,0.0443059232015568
1594,3,88720.6347663262,19274.5411586991,0.195854749678419,0.0425494074038815
1595,3,93121.6174488263,20073.6864431846,0.205570114811799,0.0443135561846228
1596,3,212916.182785523,35204.1883238023,0.470021949141537,0.0777148124554126
1597,3,88708.9137454015,19423.8031814911,0.195828875003094,0.0428789099619664
1598,3,93080.8004976704,20111.7943586304,0.2054800095756,0.0443976811039276
1599,3,94191.0558530302,20027.865606008,0.20793094768347,0.0442124046473403
1600,3,88897.4240719119,18918.9740646843,0.196245019938347,0.0417644772196513
1601,3,93206.2852675973,19930.7668977227,0.2057570227898,0.0439980549275102
1602,3,94145.9964836984,19994.1165867606,0.207831477120343,0.044137902185382
1603,3,210792.071716764,34239.47230067,0.465332879425605,0.0755851589005326
1604,3,93100.1815152891,19747.6168137549,0.205522794034528,0.0435937429662222
1605,3,94369.9372832832,19824.5827376127,0.208325836401709,0.0437636486684373
1606,3,88739.6806563651,18915.5225789311,0.1958967943283,0.0417568579112459
1607,3,93089.6451565243,19856.0701901124,0.205499534553644,0.0438331586211509
1608,3,94150.4164886817,20029.9697783673,0.207841234478052,0.0442170497014677
1609,3,88898.5543267167,18893.4296992806,0.19624751502613,0.0417080868961937
1610,3,218357.797685134,35982.0210389219,0.482034556206586,0.079431912790782
1611,3,94181.1319790581,20293.7922961467,0.207909040290023,0.0447994496506488
1612,3,88656.9096044918,19457.1678849253,0.195714073547638,0.0429525640296634
1613,3,93085.5761708897,20112.350932164,0.205490552086769,0.0443989097647729
1614,3,94365.5679900358,20072.4935265059,0.208316190992415,0.0443109227679647
1615,3,88768.0139515263,19241.2545655091,0.195959341338316,0.0424759257680248
1616,3,93107.1716755922,19920.2216635852,0.205538225124488,0.0439747758538455
1617,3,213424.559189252,34628.6274162713,0.471144212677602,0.0764442361372195
1618,3,88883.8740723375,18809.068115379,0.196215107711257,0.0415218549452947
1619,3,93208.1237052204,19774.4233828132,0.205761081222672,0.0436529196604204
1620,3,94226.9614992819,19874.6900741989,0.208010210995518,0.043874262843933
1621,3,88638.2537688061,19031.1462515167,0.195672889960101,0.0420121023142058
1622,3,93070.5633171916,19850.7906146503,0.205457410544097,0.0438215037233556
1623,3,94355.4047887386,19921.5086585339,0.208293755273247,0.0439776169524713
1624,3,210951.093650805,34479.6337737307,0.465683927422129,0.0761153260404835
1625,3,93126.1046135526,20078.0738014731,0.205580020427629,0.0443232414733
1626,3,94094.4714765861,20244.1570293392,0.207717733374069,0.0446898775901985
1627,3,88862.0478667705,18981.5784718422,0.196166925391112,0.0419026792346049
1628,3,93199.3321827479,20073.0583888976,0.205741673545555,0.0443121697268331
1629,3,94268.0089138332,20237.9142734559,0.208100824989918,0.0446760964287578
1630,3,88636.97314108,19309.8054527485,0.195670062917403,0.0426272549024012
1631,3,218656.978197813,35662.3671325976,0.482695010503085,0.0787262625666625
1632,3,94327.9566556474,19871.2592795055,0.208233162297894,0.0438666892119628
1633,3,88829.8380479694,18926.7808739916,0.196095820782639,0.0417817110986322
1634,3,93148.7937028456,19757.9310118601,0.205630107602001,0.0436165120175634
1635,3,94086.614929117,19850.2651047662,0.207700389695882,0.0438203436368992
1636,3,88829.9159619429,18935.0120556993,0.196095992781203,0.0417998817985732
1637,3,93183.5887010729,19870.5294652742,0.205706919109108,0.0438650781145676
1638,3,212830.26789972,34967.0184812603,0.469832288207563,0.0771912494729714
1639,3,88643.5271990418,19330.6418367615,0.195684531292036,0.0426732521474143
1640,3,93058.0196436447,20070.4345393091,0.205429719826497,0.0443063774620944
1641,3,94293.4783244656,20062.410192298,0.208157049847383,0.0442886633589512
1642,3,88858.5488697698,19068.34600892,0.196159201199513,0.0420942224342152
1643,3,93169.5836483404,20118.2756106202,0.205676002331918,0.0444119887561373
1644,3,94083.2244567543,20196.012086837,0.207692905077251,0.0445835954869777
1645,3,211138.503998874,34333.5472880703,0.466097644106019,0.075792833621941
1646,3,93158.1836524548,19884.6736408938,0.205650836333654,0.0438963020117217
1647,3,94334.0716300712,19977.3019059556,0.208246661376076,0.044100783029183
1648,3,88666.7997123604,19031.559649783,0.195735906400909,0.0420130149092766
1649,3,93059.4262053553,19762.8023058017,0.205432824874071,0.043627265615732
1650,3,94255.836298931,19823.8158228966,0.208073953400791,0.0437619556700706
1651,3,88874.7968829585,18793.910271057,0.19619506941173,0.0414883933293679
1652,3,218381.789991038,35677.1275033812,0.482087520289625,0.0787588467420642
1653,3,94101.352064505,20090.4140514659,0.207732922578114,0.0443504831243509
1654,3,88747.1237760464,19241.7975228042,0.195913225346246,0.0424771243704175
1655,3,93135.9102835407,20081.8531379796,0.20560166688052,0.0443315845268341
1656,3,94355.6114708391,20158.758978591,0.208294211533182,0.0445013575926087
1657,3,88685.2336215347,19464.9323097716,0.195776600075795,0.0429697043430604
1658,3,93072.7138885821,20103.2174633529,0.205462158026151,0.0443787472258956
1659,3,213426.581746848,34860.4372591416,0.471148677563507,0.0769559666818434
1660,3,88890.9861975338,18944.5173702358,0.196230808044146,0.0418208652034379
1661,3,93205.6825858311,19925.1743160496,0.20575569234298,0.0439857090545741
1662,3,94123.3456455563,19968.5071529475,0.207781474387089,0.044081368220515
1663,3,88705.8918018611,18867.5689012991,0.19582220392824,0.0416509980337381
1664,3,93114.3763557721,19745.1754427158,0.205554129776623,0.0435883535310022
1665,3,94374.9843554977,19831.4579203735,0.208336978038238,0.0437788259403555
1666,3,210631.11689767,34334.7690807462,0.464977564499306,0.0757955307836479
1667,3,93076.4385679192,19870.0437790351,0.205470380421551,0.0438640059405798
1668,3,94176.0136158823,20024.7066953184,0.207897741275524,0.0442054312114086
1669,3,88899.3119672496,18878.7849860611,0.196249187551325,0.041675758040012
1670,3,93213.3336922049,20047.8033139039,0.205772582500805,0.0442564180248302
1671,3,94159.8666851349,20310.0790661847,0.207862096207295,0.0448354034203356
1672,3,88672.8023313814,19404.6665333602,0.195749157449539,0.0428366649595582
1673,3,218594.13931992,35919.3284565963,0.482556290883548,0.0792935161252214
1674,3,94373.0788312157,20085.779898608,0.208332771508582,0.0443402530256781
1675,3,88750.6082029325,19262.579027218,0.195920917373668,0.0425230004662731
1676,3,93092.9308249507,19903.9564101707,0.205506787812921,0.0439388695830626
1677,3,94137.849193434,19842.8279202605,0.207813491614496,0.0438039257211177
1678,3,88890.5382828846,18813.1065480168,0.196229819252624,0.0415307699650697
1679,3,93211.2928238812,19775.1729924703,0.205768077193154,0.0436545744570993
1680,3,212912.423181946,34678.502314056,0.470013649649322,0.0765543371937164
1681,3,88646.5264216501,19048.5529883492,0.195691152209421,0.0420505284604346
1682,3,93078.3912597476,19860.9857102806,0.205474691075665,0.0438440098506831
1683,3,94362.4969787379,19931.6798305322,0.208309411598302,0.0440000702673163
1684,3,88782.1421670366,19058.4401928224,0.195990530002818,0.0420723549043303
1685,3,93116.5045377136,20089.6256371628,0.205558827832972,0.044348742664689
1686,3,94111.4331582187,20220.8578554311,0.207755177041137,0.0446384436268877
1687,3,211386.856136317,34419.6977160194,0.466645892502112,0.0759830145256857
1688,3,93202.2499576788,20067.3259158526,0.205748114663568,0.0442995150374677
1689,3,94239.2588385202,20240.7968857646,0.208037357919169,0.0446824599237173
1690,3,88639.8533244374,19258.041430366,0.195676421050344,0.0425129835192806
1691,3,93071.0319206424,19903.830177976,0.20545844500707,0.0439385909198751
1692,3,94345.81924168,19873.8188347922,0.208272594751519,0.0438723395441691
1693,3,88811.0353624275,18935.6937344264,0.196054313017509,0.0418013866347009
1694,3,218474.604875491,35483.3064738124,0.482292413277697,0.0783309781934612
1695,3,94089.9708543102,19855.7131569072,0.207707798050098,0.043832370454461
1696,3,88849.8966635188,18918.4632170441,0.196140101069155,0.0417633495007507
1697,3,93192.3581622212,19880.4784237515,0.20572627808487,0.0438870408831756
1698,3,94279.8067705355,20030.4467289334,0.208126869283642,0.0442181025910688
1699,3,88636.6956610106,19370.4772351219,0.1956694503678,0.0427611905621334
1700,3,93060.0390925774,20078.2531470533,0.20543417784989,0.04432363738665
1701,3,213271.845964392,34971.3484252775,0.470807091437358,0.0772008080170898
1702,3,88843.3620657692,19116.9025737655,0.196125675653807,0.0422014132120776
1703,3,93155.1588677376,20116.501043095,0.205644158986776,0.04440807131935
1704,3,94082.1597176786,20159.0567281336,0.207690554618357,0.0445020148879751
1705,3,88816.6188011841,18880.1576207268,0.19606663870705,0.0416787881921244
1706,3,93171.3058064226,19872.4152727805,0.205679804072528,0.0438692411185638
1707,3,94313.0077204285,19975.4485367564,0.208200161858109,0.0440966916341931
1708,3,210489.447670382,34376.5379252017,0.464664823375208,0.075887737366668
1709,3,93057.0178639708,19761.5117854364,0.205427508353284,0.0436244167345922
1710,3,94282.0774644454,19823.3777329018,0.208131881941503,0.0437609885669102
1711,3,88865.7879930544,18798.3988519643,0.196175181886334,0.0414983020714809
1712,3,93176.878342839,19856.2172204226,0.205692105694668,0.0438334831971042
1713,3,94087.6690582177,20108.6240607377,0.207702716732785,0.0443906825302383
1714,3,88771.4314066347,19199.8108809327,0.195966885522558,0.0423844369899087
1715,3,218484.450516868,35917.6446859292,0.482314147969209,0.0792897991265391
1716,3,94342.7249137655,20185.5413292141,0.208265763884937,0.0445604808235336
1717,3,88670.8406521965,19496.451116326,0.195744826955435,0.0430392835112453
1718,3,93063.6085955548,20094.1983707183,0.20544205768657,0.0443588371775181
1719,3,94242.5850053494,19994.27959913,0.208044700580473,0.0441382620424422
1720,3,88881.3113120156,18972.9557958351,0.196209450303792,0.0418836442935748
1721,3,93191.2107862262,19916.1061499253,0.205723745201298,0.0439656906742841
1722,3,213117.896396636,34645.0246199578,0.470467240915151,0.0764804336941
1723,3,88731.7398527509,18851.2452518738,0.195879264650923,0.0416149628511625
1724,3,93126.7555639946,19745.245944437,0.2055814574297,0.0435885091666894
1725,3,94359.4386635756,19839.5015126123,0.208302660231473,0.0437965825281955
1726,3,88699.2844710163,18967.9880465442,0.195807617951346,0.04187267776593
1727,3,93073.6735404544,19882.3318296537,0.205464276500367,0.0438911323591888
1728,3,94199.2593921403,20016.8454319262,0.207949057361146,0.0441880771226119
1729,3,211401.843908086,34321.2299251001,0.466678978675309,0.0757656424950113
1730,3,93207.5083481141,20057.3292914069,0.205759722794473,0.0442774470441132
1731,3,94136.1347632622,20322.035384824,0.207809706933593,0.0448617975258372
1732,3,88692.8389263654,19342.2998713301,0.195793389124676,0.0426989877775548
1733,3,93107.5387724008,20095.7029781938,0.205539035507031,0.0443621586654815
1734,3,94368.6987232117,20097.9815137797,0.208323102225231,0.0443671886341915
1735,3,88727.3796445011,19276.5966587636,0.195869639297164,0.0425539450117521
1736,3,218585.683525227,35602.9191873695,0.482537624340444,0.0785950285818943
1737,3,94162.0447053146,19832.0225920404,0.207866904283772,0.0437800724781904
1738,3,88899.0700187329,18817.8250690334,0.196248653439206,0.0415411863102073
1739,3,93216.015758556,19774.6356439914,0.205778503281639,0.043653388236418
1740,3,94168.0231921407,19878.8226336998,0.207880102059508,0.043883385652947
1741,3,88663.3086547201,19063.5486530562,0.195728199735801,0.0420836320576439
1742,3,93085.7250589756,19874.2631956181,0.205490880763845,0.043873320490468
1743,3,213044.640666642,34826.0497690351,0.470305525631009,0.076880054767049
1744,3,88761.661790181,19113.9964180458,0.195945318659449,0.0421949977439906
1745,3,93102.9038231818,20099.8104899048,0.205528803650356,0.0443712261803847
1746,3,94124.65403524,20194.2397512151,0.207784362715545,0.0445796829772161
1747,3,88888.1049430531,18929.1143005914,0.196224447546652,0.0417868622416983
1748,3,93214.581713136,20063.6739905306,0.205775337562553,0.0442914532497938
1749,3,94213.5272846378,20236.622103609,0.207980554368814,0.0446732439063141
1750,3,210603.257082715,34609.3016481205,0.464916062717918,0.0764015736439506
1751,3,93076.4828193828,19889.0696333872,0.205470478108626,0.0439060063607904
1752,3,94358.687440482,19876.8102144322,0.208301001873062,0.043878943147853
1753,3,88791.3563750654,18943.8016650714,0.196010870777112,0.0418192852524357
1754,3,93122.3501155878,19750.4218833574,0.205571732206281,0.0435999352822068
1755,3,94100.1235775366,19861.3277344727,0.207730210638458,0.0438447648843086
1756,3,88870.4810122093,18899.0879610389,0.196185541934977,0.041720577760841
1757,3,218387.662288197,35670.1747021024,0.482100483646945,0.0787434981238131
1758,3,94255.0005718998,20056.9120456162,0.208072108496176,0.0442765259554609
1759,3,88636.129422279,19400.5929778949,0.1956682003706,0.0428276724045788
1760,3,93064.035214673,20087.1406287146,0.20544299946726,0.0443432568979465
1761,3,94334.515617701,20065.2809995537,0.208247641498527,0.0442950007937307
1762,3,88825.5553286835,19168.6919066167,0.196086366489217,0.0423157404691842
1763,3,93140.9351175666,20111.4665998421,0.205612759425258,0.0443969575618159
1764,3,213334.760648081,34815.5723418862,0.470945978401564,0.0768569253803294
1765,3,88842.6621874259,18853.5973069745,0.196124130641216,0.0416201551174733
1766,3,93186.545191592,19864.0364937067,0.205713445693504,0.0438507445908686
1767,3,94294.0649842873,19971.1226475554,0.208158344925048,0.0440871420412622
1768,3,88638.7229138088,18992.0733844563,0.195673925618573,0.0419258472212673
1769,3,93059.2230956207,19760.2601494139,0.205432376500293,0.0436216536923697
1770,3,94304.1150821003,19823.0501835344,0.208180530963241,0.0437602654871044
1771,3,211175.303063817,34200.540554697,0.466178879679591,0.0754992153386749
1772,3,93169.5579775848,19869.0445698876,0.205675945662583,0.0438618001419177
1773,3,94084.208756987,20123.3939860524,0.207695077963821,0.0444232877976927
1774,3,88802.7384643264,19151.7061424248,0.196035997245705,0.0422782436387946
1775,3,93161.4004658815,20088.8695221004,0.205657937592455,0.0443470735070385
1776,3,94326.4421886827,20212.2742099981,0.208229819044669,0.0446194948475869
1777,3,88655.2060288016,19517.6903645948,0.195710312828486,0.0430861700970321
1778,3,218654.518353096,35831.27886654,0.482689580286399,0.0790991427366046
1779,3,94267.6370281747,19985.1883111825,0.208100004035777,0.0441181926196987
1780,3,88872.4577301143,19002.3664023983,0.196189905627725,0.0419485695164556
1781,3,93184.7236132478,19905.112517266,0.205709424478242,0.0439414217409269
1782,3,94095.6273727016,19913.8403223967,0.207720285066186,0.0439606887591761
1783,3,88757.5387550581,18839.3838222081,0.195936216875923,0.0415887782172932
1784,3,93140.423986767,19748.1940942748,0.205611631081271,0.0435950173386611
1785,3,212868.730811014,34655.8684363431,0.469917196796002,0.076504371901365
1786,3,88678.4748477872,18996.9443941927,0.195761679781955,0.0419366001920402
1787,3,93068.9238407922,19894.0644448996,0.205453791326982,0.0439170326294936
1788,3,94223.8291863067,20008.0389395029,0.208003296275225,0.0441686363986624
1789,3,88890.9410426644,18883.829103056,0.196230708362762,0.0416868931527621
1790,3,93197.994878327,20068.8065243046,0.20573872138653,0.0443027835465186
1791,3,94116.4075792225,20326.9591658234,0.207766158296885,0.0448726669915217
1792,3,210910.550026234,34738.1496746951,0.465594425566531,0.0766860113968792
1793,3,93118.7114636249,20082.4262413206,0.205563699720138,0.0443328496779648
1794,3,94370.1047558314,20111.3195073376,0.208326206104813,0.0443966328485661
1795,3,88709.9308319861,19283.2702009121,0.195831120266994,0.042568677153045
1796,3,93075.5483991884,19876.7999608822,0.205468415334462,0.0438789205126851
1797,3,94183.7192265808,19824.50419252,0.207914751754072,0.0437634752766495
1798,3,88893.0800677137,18822.091409254,0.196235430355754,0.0415506044461138
1799,3,218356.497836748,35508.1018084956,0.482031686733426,0.0783857149982684
1800,3,94152.1608219228,19883.1479259733,0.207845085171312,0.043892933928134
1801,3,88679.7970630858,19075.8544875372,0.19576459863107,0.0421107977349206
1802,3,93101.7254390706,19889.2617798963,0.205526202314987,0.0439064305327607
1803,3,94369.4390070901,19963.2945353588,0.208324736434838,0.044069861135205
1804,3,88743.0711690784,19170.9768350294,0.195904279036006,0.0423207845503439
1805,3,93090.4524656901,20106.2457283159,0.205501316724556,0.0443854322555717
1806,3,213444.884030418,34887.836939362,0.471189080669015,0.0770164526953279
1807,3,88895.2056872404,18924.5099581987,0.196240122755458,0.0417766979509542
1808,3,93211.7871234812,20061.7140357049,0.205769168381519,0.0442871265622901
1809,3,94186.7922809359,20228.1058424764,0.207921535658325,0.0446544438808553
1810,3,88652.8221743828,19136.7488356189,0.195705050363765,0.0422452247183591
1811,3,93083.1869492955,19873.5762185767,0.20548527777377,0.0438718039580758
1812,3,94365.627075343,19878.7525798007,0.20831632142586,0.0438832310058472
1813,3,210830.636614891,34344.1580340913,0.465418013154518,0.0758162573160042
1814,3,93108.3099674111,19751.2904727431,0.205540737954337,0.0436018527319315
1815,3,94117.6054068592,19867.0179370969,0.207768802554701,0.0438573262598389
1816,3,88882.2391467282,18877.7304398502,0.196211498540213,0.0416734300823199
1817,3,93214.0373127648,19895.6687503022,0.205774135774505,0.043920574205068
1818,3,94226.4986277378,20084.2161003402,0.208009189185985,0.0443368008714067
1819,3,88640.7811444408,19420.7982693857,0.195678469254293,0.0428722764847629
1820,3,218643.613140375,35843.0634061206,0.48266550654399,0.0791251576321891
1821,3,94347.1399014586,20075.291935229,0.208275510166755,0.0443171003797616
1822,3,88806.1531216086,19220.5789491769,0.196043535253622,0.0424302834248219
1823,3,93130.2236542253,20103.7482464216,0.205589113393228,0.0443799189531417
1824,3,94093.4210380499,20081.0095581183,0.207715414484251,0.0443297222867475
1825,3,88861.0888845812,18839.4514757601,0.19616480839525,0.04158892756552
1826,3,93200.0874462916,19859.1140637321,0.20574334082344,0.0438398781076313
1827,3,212839.939320682,34727.5739007824,0.469853638299754,0.0766626649053016
1828,3,88634.4980072949,18970.4165987597,0.195664598949418,0.0418780389030263
1829,3,93063.2337365603,19757.993514694,0.205441230168657,0.043616649995351
1830,3,94324.6520371702,19823.744709631,0.208225867205536,0.0437617986843718
1831,3,88832.593786682,18828.2513483512,0.196101904198489,0.0415642027858133
1832,3,93145.1992660133,19883.8524448176,0.205622172722726,0.0438944891848369
1833,3,94081.7526015035,20134.6318464852,0.207689655891282,0.0444480958747289
1834,3,211243.935606248,34560.0289983226,0.466330389071437,0.076292802076687
1835,3,93180.1822064326,20089.2330479347,0.205699399120586,0.0443478760064961
1836,3,94306.4564280326,20237.6607597256,0.208185699588586,0.0446755367859159
1837,3,88642.6573152065,19525.9392640196,0.195682610984756,0.0431043799096222
1838,3,93060.6862439726,20080.5028354226,0.205435606465396,0.0443286036738455
1839,3,94293.2338999957,19981.7883081253,0.208156510269487,0.0441106869616358
1840,3,88858.4390309078,19030.5607070338,0.196158958725337,0.0420108096987006
1841,3,218407.933293997,35640.2331130083,0.482145232794391,0.0786774007333645
1842,3,94087.9730059361,19888.7613457382,0.2077033877109,0.0439053258020852
1843,3,88787.6866093291,18832.1344407296,0.196002769605929,0.0415727748850522
1844,3,93157.3870757807,19752.794955538,0.205649077855195,0.0436051739446569
1845,3,94335.4778981748,19857.8333957109,0.208249765775499,0.0438370509759795
1846,3,88663.2956998204,19028.6679559781,0.195728171137284,0.04200663136651
1847,3,93063.2721893872,19904.1830798724,0.205441315054984,0.0439393699665168
1848,3,213388.279316852,34737.8746952795,0.471064123244675,0.0766854043675815
1849,3,88879.7610802501,18903.297066395,0.196206028098178,0.041729869548237
1850,3,93189.4094498607,20082.2861223828,0.205719768671104,0.0443325403591736
1851,3,94102.3803895577,20324.8552817987,0.207735192651433,0.0448680225739057
1852,3,88741.5187245228,19199.3195625936,0.195900851945559,0.0423833523828093
1853,3,93135.7703888362,20068.1215269361,0.205601358056734,0.0443012713843426
1854,3,94356.6721312283,20122.3000197395,0.208296552988195,0.044420872818371
1855,3,210555.593829465,34743.3295352676,0.464810843965158,0.076697446169618
1856,3,93070.233399751,19866.8139135364,0.205456682236664,0.0438568758687491
1857,3,94212.5719871412,19821.0465147761,0.207978445507076,0.0437558422991489
1858,3,88892.4069011936,18825.7138548422,0.196233944310702,0.0415586011559634
1859,3,93203.9437761639,19769.9843276453,0.205751853843255,0.0436431202485812
1860,3,94125.9243245416,19888.403611691,0.207787166935711,0.0439045360882554
1861,3,88703.0746915126,19082.1793555322,0.195815985031772,0.0421247601625022
1862,3,218558.908255537,35626.4098017837,0.482478516740996,0.0786468851586424
1863,3,94368.2298505983,19983.6413972345,0.20832206716807,0.0441147777383143
1864,3,88717.1714876498,19228.3216772745,0.19584710433661,0.0424473758416805
1865,3,93083.6313976361,20111.3270919885,0.205486258913261,0.0443966495920203
1866,3,94171.4487406983,20139.0474810036,0.2078876641104,0.0444578435844422
1867,3,88896.8956698908,18930.9008778272,0.19624385346737,0.0417908061904563
1868,3,93213.8711599623,20062.1216391651,0.2057737689848,0.0442880263650684
1869,3,212973.949710115,34970.9845940831,0.470149472198438,0.077200004843536
1870,3,88670.5934420427,19072.9959666629,0.195744281228019,0.0421044874228749
1871,3,93091.1603613833,19856.8700295535,0.205502879435803,0.0438349243023134
1872,3,94372.9478459495,19882.2445902989,0.208332482352778,0.0438909397744307
1873,3,88752.7589422436,18957.1626950888,0.195925665226414,0.0418487803208197
1874,3,93096.5858222484,19753.9453859211,0.205514856382118,0.0436077135709264
1875,3,94135.7630869748,19873.060195196,0.207808886441648,0.0438706648134977
1876,3,211421.809553306,34264.432032486,0.466723053725687,0.0756402586193266
1877,3,93214.8126973676,19902.1566197447,0.205775847470524,0.0439348964655992
1878,3,94199.2684999663,20110.2161769254,0.207949077467077,0.0443941971975783
1879,3,88648.4054092519,19428.2928499065,0.195695300158175,0.0428888211048021
1880,3,93073.881803911,20105.2171746553,0.205464736251216,0.044383161677591
1881,3,94362.5996786209,20089.1674243512,0.208309638312864,0.044347731139515
1882,3,88784.6089007447,19271.4238314022,0.195995975427259,0.0425425257651397
1883,3,218513.95035562,35879.6471042679,0.482379270176118,0.0792059177739736
1884,3,94103.795894407,20043.4836742866,0.207738317441383,0.0442468822281333
1885,3,88872.8285755673,18835.1303086014,0.196190724285566,0.0415793883967076
1886,3,93206.552261519,19855.0986272818,0.205757612190765,0.0438310138529638
1887,3,94243.2683100033,19954.9420229527,0.208046209005906,0.0440514225923475
1888,3,88637.9154209481,18951.6237156822,0.195672143042147,0.0418365527772725
1889,3,93070.4968777748,19756.2651274296,0.205457263876128,0.0436128345035445
1890,3,213195.780647402,34597.7655116016,0.470639173864884,0.0763761071091799
1891,3,88818.165739535,18851.8087059151,0.196070053642305,0.0416162067010346
1892,3,93135.4456291077,19900.7024945084,0.20560064113518,0.0439316864194255
1893,3,94088.6663316913,20140.840083125,0.207704918258361,0.0444618008334032
1894,3,88847.3133282828,19048.9375677658,0.196134398241653,0.0420513774366121
1895,3,93186.9295311498,20087.4051243631,0.205714294140183,0.0443438407838618
1896,3,94283.3859739929,20262.3415009347,0.208134770534563,0.0447300206205291
1897,3,210499.998056566,35034.995489677,0.464688113822243,0.0773413117443067
1898,3,93061.8303219253,20074.7867417859,0.205438132068393,0.0443159851427529
1899,3,94313.2584846047,19981.7063696011,0.208200715431188,0.0441105060786971
1900,3,88842.6923376841,19057.3080888972,0.196124197199253,0.0420698557345322
1901,3,93158.0971556705,19877.325735989,0.205650645388154,0.0438800811846324
1902,3,94081.7014122797,19865.2357470182,0.207689542888792,0.0438533919959254
1903,3,88811.7787009944,18829.097532558,0.196055953970477,0.0415660707751085
1904,3,218446.544772619,35496.7643670514,0.482230469351818,0.0783606870917178
1905,3,94312.9440432045,19869.9367532643,0.208200021287803,0.0438637696764276
1906,3,88648.7059049054,19060.1903419079,0.195695963515703,0.0420762184363253
1907,3,93061.2929813644,19913.5823332516,0.205436945865191,0.0439601192366566
1908,3,94279.1360712308,19991.6024280185,0.208125388685078,0.0441323520680686
1909,3,88865.3705489327,18932.9591747413,0.196174260359858,0.0417953499724968
1910,3,93178.4259928855,20094.9491290294,0.205695522201022,0.0443604945099017
1911,3,213197.762844584,35062.3045014232,0.470643549653381,0.0774015976030994
1912,3,88770.8084117857,19128.4433605565,0.195965510233703,0.0422268900125312
1913,3,93148.715482958,20052.6378478198,0.205629934928118,0.0442670904736062
1914,3,94347.6855540891,20131.3865927797,0.20827671471922,0.044440931832747
1915,3,88676.6166456575,19270.3292170272,0.195757577718056,0.0425401093551922
1916,3,93066.711370369,19856.6785398747,0.205448907200059,0.0438345015803253
1917,3,94240.4508772955,19818.8572641296,0.208039989397816,0.0437510094309162
1918,3,211347.279049762,34229.9988832262,0.466558524322201,0.0755642459099194
1919,3,93193.045124062,19766.1781152816,0.205727794583706,0.0436347178653963
1920,3,94109.2404670831,19895.9729731587,0.207750336577871,0.0439212457905631
1921,3,88726.9757702112,19083.0862385371,0.195868747726695,0.0421267621470955
1922,3,93122.6235188975,19920.7814133375,0.205572335756255,0.0439760115263348
1923,3,94365.8317145456,20008.3788326597,0.208316773176007,0.0441693867279327
1924,3,88700.4812852015,19284.9790042501,0.195810259971923,0.0425724494124622
1925,3,218616.798620342,35893.613781753,0.482606312297661,0.0792367498360965
1926,3,94192.6215794835,20114.683737895,0.207934404094296,0.0444040595372435
1927,3,88895.0099636613,18949.649803096,0.196239690686947,0.0418321952773913
1928,3,93205.5071250809,20063.7282927159,0.205755305005565,0.0442915731242845
1929,3,94136.2614434884,20191.8229421584,0.20780998658583,0.0445743477636655
1930,3,88692.2828660124,19012.1918854817,0.1957921615967,0.0419702597076366
1931,3,93102.6785701391,19841.2793727831,0.205528306394239,0.0438005072336446
1932,3,212972.247327124,34741.8699285717,0.470145714112222,0.0766942240228784
1933,3,88730.4844015606,18960.4001934375,0.195876493186548,0.0418559272425064
1934,3,93084.8165965581,19758.2798495883,0.205488875292628,0.0436172820923732
1935,3,94153.8512941853,19876.6830177338,0.207848816964064,0.0438786623554804
1936,3,88894.2522388272,18836.8659530738,0.196238017975653,0.0415832199091238
1937,3,93210.1334228731,19907.7359721086,0.205765517763831,0.0439472131342465
1938,3,94178.4963844297,20137.314464886,0.207903222097586,0.0444540178742361
1939,3,210694.133838559,34912.9004643707,0.465116677200832,0.0770717815422142
1940,3,93083.8905707164,20113.5710784584,0.20548683104937,0.0444016032920193
1941,3,94372.265615932,20105.9260827457,0.208330976299652,0.0443847266237498
1942,3,88763.2522647778,19319.3013762178,0.195948829702904,0.0426482175760672
1943,3,93102.3698985049,20078.8657896846,0.205527624987869,0.0443249898225237
1944,3,94123.6533465355,20008.6437581662,0.207782153650695,0.0441699715627787
1945,3,88883.7893613331,18839.2386076811,0.196214920707944,0.0415884576497623
1946,3,218367.730162643,35673.4613567109,0.482056482592724,0.078750753560131
1947,3,94217.2217618071,19942.3858264576,0.207988710091585,0.0440237042297825
1948,3,88641.6231896916,18934.2133522243,0.195680328106659,0.0417981186251067
1949,3,93071.3623443667,19755.0819689897,0.205459174432146,0.0436102226286329
1950,3,94354.3853199936,19827.9898197943,0.208291504750622,0.0437711699539822
1951,3,88799.5001059612,18880.2326614372,0.196028848425494,0.0416789538478323
1952,3,93120.8746493503,19918.0085541224,0.205568475048898,0.043969890316214
1953,3,213389.461571053,34858.5256103863,0.47106673312344,0.0769517466321399
1954,3,88867.3796894711,19002.6116132026,0.196178695627011,0.041949110830219
1955,3,93199.0029658313,20086.1138359273,0.20574094678456,0.0443409902071721
1956,3,94252.8297851048,20283.1185022695,0.208067316387717,0.0447758867756372
1957,3,88635.5880521365,19500.281085944,0.195667005271918,0.0430477383396263
1958,3,93062.0500004691,20067.3911470773,0.205438617018555,0.0442996590382995
1959,3,94336.3474861699,19985.7523671096,0.208251685429698,0.0441194377982604
1960,3,211060.942905101,34553.0702718906,0.46592642453973,0.0762774403783965
1961,3,93145.9879304307,19860.9650181695,0.205623913734527,0.0438439641719269
1962,3,94083.0601966151,19846.0996826646,0.207692542465684,0.0438111482822315
1963,3,88838.7500379181,18827.1102877372,0.196115494397071,0.0415616838437261
1964,3,93183.0891072223,19768.5135254758,0.205705816233449,0.0436398733873353
1965,3,94295.7382683364,19881.6864482653,0.208162038774054,0.043889707651052
1966,3,88642.8770021084,19092.9285030839,0.195683095953369,0.0421484893841038
1967,3,218660.453817472,35649.1019450883,0.48270268308816,0.0786969790748805
1968,3,94299.3045770579,19987.3847403412,0.208169911559272,0.0441230413348166
1969,3,88853.0344923501,18971.0321293642,0.196147027965947,0.0418793977142295
1970,3,93164.7240678114,20109.1366859019,0.20566527459163,0.0443918141731021
1971,3,94085.8764749047,20300.9112062738,0.207698759525344,0.0448151649615751
1972,3,88800.6414709143,19061.1580123258,0.196031368039423,0.0420783546118381
1973,3,93166.1851586754,20037.5914624919,0.205668500014736,0.044233874908369
1974,3,212839.44408659,35093.3264239999,0.469852545048456,0.0774700798777901
1975,3,88660.3735007831,19249.3887614912,0.195721720252859,0.0424938823676604
1976,3,93060.7586515919,19847.6735413894,0.205435766308438,0.0438146226454096
1977,3,94263.7089040131,19818.5604820738,0.208091332526873,0.0437503542713201
1978,3,88877.1928999678,18833.638945766,0.196200358725911,0.0415760961468767
1979,3,93184.0401702549,19763.2697505202,0.205707915747419,0.0436282975207515
1980,3,94100.000010904,19904.7392040588,0.207729937859618,0.0439405976354082
1981,3,211032.250090285,34504.3277535191,0.465863083874075,0.0761698390998496
1982,3,93138.9369185242,19935.3721993126,0.205608348311944,0.0440082213357247
1983,3,94353.4550294994,20033.7774576211,0.208289451092954,0.0442254553228778
1984,3,88684.1631714957,19340.267203767,0.195774237009695,0.0426945005734472
1985,3,93068.5496035432,20114.8570213104,0.2054529651816,0.0444044420680947
1986,3,94220.4043876882,20093.5062851534,0.207995735879857,0.044357309367833
1987,3,88889.9705486672,18978.0275918183,0.196228565954073,0.0418948405089235
1988,3,218365.396905373,35974.4117498139,0.48205133182346,0.0794151149464315
1989,3,94117.2527179264,20165.0651130444,0.207768023978186,0.0445152786650633
1990,3,88714.8735045012,18955.655366639,0.19584203143654,0.0418454528261845
1991,3,93118.0350842246,19826.7739058719,0.205562206582511,0.0437684857698854
1992,3,94371.2754582551,19887.1645868425,0.208328790482514,0.0439018008857606
1993,3,88718.5227988848,18962.7040848569,0.195850087416301,0.0418610131853474
1994,3,93078.9652679212,19763.2673598945,0.205475958224254,0.0436282922433387
1995,3,213444.622335349,34610.4818011833,0.471188502965502,0.0764041788843585
1996,3,88896.4172655966,18821.6089133315,0.1962427973686,0.0415495393148918
1997,3,93210.6935016754,19913.8902937598,0.205766754162712,0.0439607990731841
1998,3,94152.7624383161,20161.7959460967,0.207846413266274,0.044508061833535
1999,3,88677.8930358754,19401.0868104747,0.195760395406266,0.0428287625619762
2000,3,93096.2848666321,20119.4492740672,0.205514192009201,0.0444145796704296
1,4,90512.0446803195,21212.450783996,0.19980936678864,0.0468274291466428
2,4,91696.0465268949,21300.9359290516,0.202423103557888,0.0470227640423046
3,4,86176.8197335778,20295.3172809114,0.190239164783435,0.044802816122385
4,4,90444.3081842743,21128.3850160861,0.199659835459068,0.0466418502227105
5,4,91564.1063139794,21228.4585341277,0.202131839665997,0.0468627669674689
6,4,86391.52688396,20108.8022304902,0.190713140373252,0.0443910758478961
7,4,212210.09910725,38207.2881965324,0.468463237998132,0.084344289074713
8,4,91459.2493847578,21520.9653135686,0.201900363328178,0.0475084887008348
9,4,86208.9789840681,20647.3867149978,0.190310157760111,0.0455800250666629
10,4,90489.8367004887,21482.9908438493,0.199760341684817,0.0474246583689101
11,4,91714.4799131567,21528.6878220935,0.202463796078422,0.0475255364820868
12,4,86207.1303394327,20746.9887844693,0.190306076794806,0.0457999010677215
13,4,90451.0722419867,21451.9385017554,0.199674767417497,0.0473561089417814
14,4,207440.818680515,37204.7931870283,0.457934839203595,0.0821312367260974
15,4,86397.4595036193,20201.2011290407,0.190726236895175,0.0445950505285759
16,4,90582.3064575209,21250.1904637279,0.199964472788749,0.0469107411692212
17,4,91493.7835552389,21310.126050427,0.201976599046427,0.0470430516442389
18,4,86170.7301137446,20195.6779764866,0.19022572167664,0.0445828579235099
19,4,90468.8160074962,21114.5958705373,0.199713937569529,0.0466114100702382
20,4,91714.4879189428,21205.3453858236,0.202463813751551,0.0468117436639579
21,4,204777.343355072,36715.1401528738,0.452055098887114,0.0810503058616351
22,4,90463.2615764337,21283.3576304107,0.199701675915764,0.0469839591657483
23,4,91487.5435730656,21466.9126060177,0.201962824008074,0.0473891649433492
24,4,86396.6949150222,20220.8214764808,0.19072454903182,0.0446383633187358
25,4,90583.4426405559,21446.9915708101,0.199966980963363,0.0473451883715609
26,4,91527.2115944095,21699.995619367,0.20205039293058,0.0479037060684669
27,4,86146.8326118882,20749.7128720743,0.190172966877755,0.0458059146123426
28,4,212466.244489441,38337.0568846978,0.469028690328839,0.0846307592290765
29,4,91706.5028829921,21412.2217341716,0.202446186429324,0.0472684324097812
30,4,86274.4421282188,20494.9660834503,0.190454670564202,0.0452435497391794
31,4,90481.7899453211,21232.5427970261,0.199742578114671,0.0468717831595837
32,4,91455.9236538992,21198.4652435646,0.201893021629299,0.0467965554437266
33,4,86382.7291935485,20123.5411015059,0.190693719080135,0.0444236125616035
34,4,90581.1827177205,21143.720903451,0.199961992083128,0.0466757048765784
35,4,206865.407696817,37123.1218829441,0.456664593848935,0.0819509436876238
36,4,86129.0813363087,20414.7972373944,0.190133780146909,0.0450665734436687
37,4,90438.055079487,21276.7201147108,0.199646031451962,0.0469693065544443
38,4,91689.2514437572,21340.4938697899,0.202408103109453,0.0471100899569746
39,4,86303.825344964,20360.5329194655,0.19051953532284,0.0449467825468562
40,4,90501.76357301,21489.5328984741,0.199786670786703,0.0474391002456425
41,4,91433.1477770454,21629.261293229,0.201842742867524,0.04774755689555
42,4,205386.921408219,36796.3359654629,0.453400769568157,0.0812295492314719
43,4,90571.0530926011,21412.4023399795,0.199939630484867,0.0472688311051398
44,4,91617.4922124605,21569.6639519211,0.202249691412785,0.0476159931122869
45,4,86128.4812765847,20537.0812738322,0.190132455488363,0.0453365208962459
46,4,90433.8972645525,21228.7666288868,0.199636852890454,0.0468634471003611
47,4,91664.5977640578,21213.661460952,0.202353679014327,0.0468301017699032
48,4,86335.5039139204,20187.4060471039,0.190589467173637,0.0445645972712628
49,4,212285.299364776,37962.4457439419,0.46862924591334,0.0838037884641271
50,4,91430.1534337312,21264.6876348843,0.201836132721397,0.0469427443197326
51,4,86323.9205912293,20306.4298243204,0.190563896473292,0.044827347556514
52,4,90547.4897007633,21295.8591967266,0.199887613248718,0.0470115569297617
53,4,91651.4594821091,21436.4381198125,0.202324675672217,0.0473218911588118
54,4,86138.6616945085,20723.851246354,0.190154929214,0.0457488239226166
55,4,90435.2060067116,21477.9635281245,0.199639741997015,0.0474135603457113
56,4,207329.914764616,37357.1178312903,0.45769001387357,0.0824675001573766
57,4,86362.7501152267,20381.8012808956,0.190649614375589,0.0449937334012424
58,4,90543.9753934965,21460.0650321742,0.199879855259025,0.0473740486193447
59,4,91431.5867421942,21511.2708907999,0.201839296813617,0.0474870878311314
60,4,86278.2272962048,20181.4862437835,0.190463026490986,0.0445515290419775
61,4,90531.0047209846,21200.6922049982,0.199851221922207,0.0468014715602002
62,4,91679.2252933639,21301.0460987701,0.202385969936255,0.047023007246861
63,4,204565.01554184,36721.2522085494,0.451586375789948,0.0810637984965506
64,4,90439.1963702323,21131.4149355512,0.199648550902074,0.0466485389047736
65,4,91591.8467289607,21228.6491362643,0.202193077866631,0.046863187730168
66,4,86379.7394092066,20107.2734791184,0.190687118998143,0.0443877010612072
67,4,90564.083855097,21267.5946011347,0.199924245582918,0.0469491615771023
68,4,91441.4730420574,21542.3630454682,0.201861121260546,0.0475557251462901
69,4,86233.8539336571,20603.3378363653,0.190365070318366,0.0454827852067262
70,4,212365.501357481,38400.8437453145,0.468806295381554,0.0847715715626644
71,4,91696.9833809065,21554.5147452997,0.202425171704813,0.0475825505644685
72,4,86185.7067203163,20780.8989222414,0.190258783202168,0.0458747592059934
73,4,90445.0181485692,21440.252906254,0.199661402736846,0.0473303124696551
74,4,91553.1356510861,21335.813512641,0.202107621439421,0.0470997578602735
75,4,86393.8817801498,20225.0861215514,0.190718338911393,0.0446477777125235
76,4,90578.860262319,21243.9823627698,0.199956865159471,0.0468970365100703
77,4,207041.883126336,37031.7345195856,0.457054171213479,0.0817492020158979
78,4,86198.0907126024,20184.2975843928,0.190286121416277,0.0445577352014888
79,4,90483.4550155375,21117.1179201802,0.199746253831276,0.0466169776070663
80,4,91717.3320135127,21214.841727551,0.202470092216888,0.0468327072609473
81,4,86214.0387291531,20274.8645658484,0.190321327372565,0.0447576658436538
82,4,90456.8025790925,21297.7650050425,0.199687417391681,0.0470157640864353
83,4,91512.7226976099,21456.7822837318,0.20201840804608,0.0473668018060623
84,4,205483.225988548,36728.7379004618,0.453613366215182,0.0810803234945911
85,4,90585.53500681,21451.7243981721,0.199971599954988,0.0473556362985928
86,4,91505.4165374205,21710.7781502822,0.202002279372308,0.0479275089853291
87,4,86162.8050778574,20687.4495701225,0.190208226807223,0.045668465602312
88,4,90464.8930223879,21438.788544178,0.199705277405314,0.0473270798252021
89,4,91712.7942157408,21422.0853223542,0.202460074826356,0.0472902067196644
90,4,86250.5925605036,20509.2357278128,0.190402021582067,0.0452750506141671
91,4,212397.364102847,38020.9990835482,0.468876633809971,0.0839330475671715
92,4,91473.4694921642,21189.2120459831,0.20193175484813,0.0467761285982601
93,4,86395.200435311,20123.976039691,0.190721249901347,0.0444245727070037
94,4,90586.4838781604,21146.7634346672,0.199973694630723,0.0466824213996433
95,4,91545.4276951152,21269.4465146364,0.202090605783579,0.0469532497585749
96,4,86139.1036583048,20440.6153527678,0.19015590486875,0.0451235680823674
97,4,90445.2261266302,21289.3944685178,0.199661861857671,0.0469972857545339
98,4,207112.779737424,37254.5100540948,0.457210678637645,0.082240988922751
99,4,86282.2628716043,20417.5687071358,0.19047193520328,0.0450726915864647
100,4,90491.0376360472,21498.5704099373,0.199762992803509,0.0474590509544039
101,4,91448.0334997302,21599.6478527825,0.201875603762826,0.047682183907845
102,4,86378.351842147,20235.6902883126,0.190684055882106,0.0446711868825776
103,4,90577.7675460376,21404.4303518704,0.199954452939649,0.0472512325866029
104,4,91588.7320528775,21566.9262898669,0.202186202080561,0.0476099496014651
105,4,204598.328900584,36951.537979394,0.451659916511956,0.0815721645843504
106,4,90435.9945057734,21217.2955912658,0.199641482643785,0.0468381242743047
107,4,91682.3255789999,21216.143091036,0.202392813954772,0.0468355800787564
108,4,86316.3151526545,20194.970894051,0.190547107129165,0.0445812970075653
109,4,90510.4842388107,21121.6794623026,0.199805922044563,0.0466270474143089
110,4,91431.8068370578,21275.2724857759,0.201839782682824,0.046966110849145
111,4,86343.2760251274,20282.2890236366,0.190606624455018,0.0447740556646399
112,4,212257.934480878,38183.8980293198,0.468568836714287,0.084292654239633
113,4,91626.7685045882,21465.0851370836,0.20227016924049,0.0473851307243475
114,4,86129.3258038656,20761.6657082005,0.190134319819921,0.0458323010300413
115,4,90430.4429325043,21482.6521397346,0.199629227298726,0.0474239106645031
116,4,91656.1972299898,21440.9770619552,0.202335134461513,0.0473319110755934
117,4,86346.3469403231,20430.4084395703,0.190613403636981,0.0451010358672345
118,4,90531.5880639681,21454.891548079,0.199852509677805,0.0473626279229634
119,4,207269.026177995,37183.6741610761,0.457555599608812,0.0820846155364247
120,4,86307.6359695315,20150.5014484139,0.190527947446161,0.0444831287272488
121,4,90541.8956868047,21193.1078802722,0.199875264213948,0.0467847288258339
122,4,91663.8514878312,21299.6347277738,0.202352031576344,0.0470198915825749
123,4,86147.0427993757,20277.0450302021,0.190173430875988,0.0447624793157541
124,4,90433.5788467928,21133.5242162135,0.199636149969079,0.0466531952357072
125,4,91618.5523371396,21227.2384853722,0.202252031685194,0.0468600736555441
126,4,205324.997326079,36582.519560608,0.453264069400959,0.0807575400020485
127,4,90551.1644016889,21280.5848759757,0.199895725314551,0.0469778381869343
128,4,91435.4508560468,21559.8646597464,0.201847827016916,0.0475943607387026
129,4,86266.9069388746,20550.990922438,0.190438036298377,0.0453672270645795
130,4,90523.4202933564,21487.1143643548,0.19983447896068,0.0474337612239396
131,4,91691.4684019175,21579.1303007447,0.202412997143255,0.0476368904986063
132,4,86163.0012590909,20805.8353988361,0.190208659886026,0.0459298075878516
133,4,212485.24858495,38254.9611015913,0.469070642715435,0.08444952913427
134,4,91576.4945606404,21323.0106169898,0.202159187271829,0.0470714948983422
135,4,86386.6098492917,20249.1818323284,0.190702285800393,0.0447009700664214
136,4,90569.7873910433,21233.920857668,0.19993683639235,0.0468748252897798
137,4,91453.8924666399,21266.6445225928,0.201888537693027,0.0469470642364386
138,4,86225.9310369816,20177.7185861655,0.190347580171353,0.0445432117701096
139,4,90495.611795838,21122.222914319,0.199773090464816,0.046628247108821
140,4,206907.693003777,37067.656828669,0.456757940545919,0.0818285021118894
141,4,86195.0931153677,20311.5395484742,0.190279504086977,0.0448386274999871
142,4,90449.5658551464,21311.0549516486,0.199671442001506,0.0470451022350253
143,4,91539.3742138404,21444.5535220725,0.20207724245426,0.0473398062704695
144,4,86401.8906358998,20203.673556185,0.190736018816888,0.0446005085215303
145,4,90582.9469512735,21459.4320255499,0.199965886707212,0.0473726512290502
146,4,91481.2361198725,21715.7983379267,0.201948900024443,0.0479385912729732
147,4,204859.136731085,37142.1098109555,0.452235661404804,0.0819928603837497
148,4,90476.1149838039,21425.9190751173,0.199730050384563,0.0472986698995065
149,4,91716.9067394707,21432.1873332526,0.202469153405514,0.0473125073583034
150,4,86226.8476823367,20517.2094959448,0.190349603706769,0.045292653062184
151,4,90459.7326208627,21204.106411781,0.199693885589288,0.0468090085736195
152,4,91499.2015309551,21182.6950253224,0.201988559468942,0.0467617419851177
153,4,86397.9755958607,20123.7684989838,0.190727376191767,0.0444241145516561
154,4,212202.138487636,37980.3668358155,0.468445664576055,0.0838433500720001
155,4,91517.7053161037,21279.7819927677,0.202029407398152,0.046976065786521
156,4,86150.7063166469,20461.2549443247,0.190181518253406,0.0451691308992756
157,4,90457.1994662215,21304.091484406,0.199688293537682,0.0470297300711845
158,4,91713.6389048958,21364.6110840682,0.202461939515258,0.0471633297808088
159,4,86268.6943913712,20477.2329398306,0.190441982179313,0.0452044030354412
160,4,90476.0740168697,21503.0837936401,0.199729959948232,0.0474690144497919
161,4,207423.105801531,37296.1904841777,0.457895737234941,0.082333000327109
162,4,86387.8309145308,20217.91450969,0.190704981356251,0.0446319460601733
163,4,90583.6744795819,21399.6779322288,0.199967492758331,0.0472407414087419
164,4,91559.6137796796,21558.4999494062,0.202121922196594,0.0475913480798914
165,4,86132.1150090816,20429.1564750841,0.190140477114566,0.0450982720999136
166,4,90442.8371830975,21203.7944153101,0.199656588158505,0.0468083198275248
167,4,91701.5576390656,21219.6116615401,0.202435269583272,0.0468432371025098
168,4,204998.426913117,36659.2059503907,0.452543150680623,0.0809268286203525
169,4,90493.7548809518,21124.122301824,0.199768991242564,0.0466324400912686
170,4,91441.4265551801,21284.7248889447,0.201861018638696,0.0469869774498107
171,4,86362.2720448906,20254.0766185009,0.190648559014046,0.0447117755247353
172,4,90575.5330509984,21313.5132092113,0.199949520192406,0.0470505289479975
173,4,91599.4888057628,21495.2865596722,0.202209948091275,0.0474518017087989
174,4,86125.3414230996,20788.625346788,0.190125524122059,0.0458918156320376
175,4,212501.079723211,38324.6043731901,0.469105590657697,0.0846032697557355
176,4,91670.2021007872,21443.7272101056,0.202366050837073,0.0473379821500282
177,4,86327.9702215602,20480.6151706686,0.190572836212472,0.0452118694605392
178,4,90516.7670846863,21445.8309842291,0.199819791706446,0.0473426263250324
179,4,91430.1108206115,21431.6468748358,0.201836038651039,0.0473113142722957
180,4,86333.3897309006,20130.845590153,0.190584800020531,0.0444397375453717
181,4,90555.2590060867,21186.5878010785,0.199904764335985,0.0467703354608437
182,4,206826.370932561,37092.4114140921,0.456578418454545,0.0818831489608914
183,4,86132.5269513316,20268.0226280903,0.190141386495416,0.0447425619615584
184,4,90434.7252729007,21136.1787136926,0.199638680755732,0.0466590551570285
185,4,91644.8318712776,21226.0687450823,0.202310044926351,0.0468574914017959
186,4,86354.4089762967,20128.0501814272,0.190631200940186,0.0444335665562022
187,4,90538.0840913047,21295.6164780667,0.19986684994725,0.0470110211175181
188,4,91427.8116596581,21572.7018624001,0.201830963150912,0.0476226994348689
189,4,205205.369854696,37028.7585294356,0.452999986433968,0.0817426323851979
190,4,90531.958563394,21484.8116769879,0.199853327571776,0.047428677939098
191,4,91672.3923611348,21604.7167493037,0.202370885934265,0.0476933737225021
192,4,86153.186813215,20817.3836073494,0.190186994059972,0.0459553007720873
193,4,90436.008376587,21418.7761199649,0.199641513264223,0.0472829015081169
194,4,91609.4736318195,21315.1526627114,0.202231990039161,0.0470541481145614
195,4,86374.7985414814,20273.7764715922,0.19067621181275,0.0447552638271585
196,4,212228.506985633,38059.5957149502,0.468503874208889,0.0840182513486998
197,4,91436.9846467082,21245.6123618488,0.201851212928061,0.0469006348055789
198,4,86246.1207730886,20174.6489985911,0.190392149912335,0.0445364355189299
199,4,90512.3678060963,21130.3939022588,0.199810080103172,0.0466462849283405
200,4,91697.1004301217,21238.8095713379,0.202425430096164,0.0468856173427741
201,4,86176.3538314551,20351.9811030769,0.190238136283765,0.0449279040315875
202,4,90443.2661838859,21321.891193448,0.199657535196838,0.0470690237210546
203,4,207420.190599945,37179.9623052086,0.457889301797702,0.0820764214494044
204,4,86394.0835164563,20213.542768029,0.190718784253268,0.0446222952458962
205,4,90570.788121264,21469.4892459738,0.199939045548848,0.0473948529907234
206,4,91463.6067845412,21713.776324243,0.201909982482122,0.0479341275877785
207,4,86206.964630926,20541.3596683866,0.190305710985903,0.0453459656426309
208,4,90485.4680020399,21410.2340197354,0.199750697588566,0.0472640444417018
209,4,91710.0308397344,21442.9385661287,0.202453974550841,0.0473362411833514
210,4,204681.406610695,37035.1658932651,0.451843314254324,0.0817567769260056
211,4,90453.6634936232,21193.5148249558,0.199680487720806,0.0467856271743338
212,4,91520.0305025102,21180.3853587897,0.202034540350625,0.0467566432934571
213,4,86399.6041146067,20122.3843605745,0.190730971219374,0.0444210590045178
214,4,90581.0865318682,21149.3020604179,0.199961779748579,0.0466880255289671
215,4,91496.4125956474,21291.3193587595,0.201982402770132,0.047001535035408
216,4,86171.4155408575,20476.5725885719,0.190227234787496,0.0452029452806492
217,4,212436.233862406,38134.5418838469,0.468962440534063,0.0841836983519508
218,4,91715.90811051,21383.6352455044,0.20246694888764,0.0472053264638326
219,4,86240.6475515187,20538.1159766516,0.190380067532139,0.0453388050487682
220,4,90466.9119734305,21506.2370922839,0.199709734329592,0.0474759754968828
221,4,91487.21143977,21533.8594205315,0.201962090809043,0.047536953015796
222,4,86398.4543742936,20215.3513961302,0.190728433116465,0.0446262878729209
223,4,90584.3907412436,21396.6616556458,0.199969073937826,0.0472340828439483
224,4,206913.111886449,37335.2520531874,0.456769902970581,0.0824192304790976
225,4,86143.7826637937,20371.3956933681,0.190166233981602,0.0449707626036841
226,4,90452.5176770032,21189.2909209907,0.199677958279623,0.0467763027183498
227,4,91708.9461169335,21221.5389706438,0.202451579976983,0.0468474917231293
228,4,86274.4505662286,20209.9228924587,0.190454689191484,0.0446143042094754
229,4,90483.5093648156,21129.6738824762,0.199746373809726,0.0466446954526264
230,4,91457.0125732425,21293.8262722019,0.20189542546721,0.0470070691584
231,4,205448.425592588,36718.2580621933,0.453536542792342,0.0810571887852177
232,4,90580.8353465359,21320.0922531402,0.199961225245779,0.047065052480265
233,4,91575.0012484794,21523.9286802414,0.202155890718775,0.047515030464647
234,4,86127.9176482121,20801.661903569,0.190131211253647,0.045920594411312
235,4,90440.8577228398,21494.3997531866,0.199652218411892,0.0474498440440153
236,4,91690.4555480527,21452.9424311224,0.202410761223273,0.047358325160538
237,4,86303.5931154657,20529.2501632498,0.190519022665887,0.0453192333711186
238,4,212322.676330781,38310.5990771586,0.468711757229225,0.0845723524414528
239,4,91433.6506862181,21392.5896507705,0.201843853061904,0.0472250937119652
240,4,86351.0785390724,20121.3303612803,0.190623848851795,0.0444187322541685
241,4,90565.1792618926,21183.4033060723,0.199926663742169,0.0467633055463945
242,4,91616.2212803126,21291.3973278745,0.202246885773507,0.0470017071556992
243,4,86125.7630961788,20259.3860850142,0.190126454984147,0.0447234964083565
244,4,90438.8370807375,21137.6283898758,0.199647757754524,0.0466622553817193
245,4,207261.868563499,37008.5246272857,0.457539798856269,0.0816979651457105
246,4,86340.0268981734,20149.3653207055,0.190599451862667,0.0444806206747702
247,4,90525.1815751631,21312.7451991437,0.199838367068653,0.0470488335315938
248,4,91424.9769995386,21580.6168135631,0.201824705512545,0.0476401720418089
249,4,86317.1797307094,20431.8549651535,0.190549015723698,0.0451042291368358
250,4,90548.0063368962,21479.9956472653,0.199888753745974,0.0474180463391524
251,4,91651.5398679956,21626.8111454765,0.202324853127639,0.0477421480853448
252,4,204546.626072697,37394.6070639644,0.451545780218408,0.0825502593069291
253,4,90432.9511502347,21408.9675724856,0.199634764300991,0.0472612487030357
254,4,91629.5168898651,21313.0209947798,0.202276236423304,0.0470494423627344
255,4,86362.6703645602,20296.9311022767,0.190649438322443,0.0448063787048705
256,4,90544.7327675723,21209.8215625298,0.199881527196004,0.046821625023245
257,4,91429.6494953859,21226.7561332603,0.201835020255073,0.0468590088417904
258,4,86271.9201733536,20173.5147234812,0.190449103236599,0.0445339315561449
259,4,212326.034321492,37960.0632553133,0.468719170143164,0.0837985290144491
260,4,91682.8346904341,21252.2719970393,0.20239393784092,0.0469153362466431
261,4,86159.2130042851,20393.8229133791,0.19020029714495,0.0450202716899616
262,4,90440.7683691026,21332.4759245785,0.199652021159541,0.0470923899860891
263,4,91590.3238447061,21418.6863985205,0.202189716031864,0.0472827034440354
264,4,86380.1005827225,20235.1792346575,0.190687916304753,0.0446700587088901
265,4,90559.2317513457,21480.5071838577,0.199913534347948,0.0474191755789456
266,4,207120.665688749,37488.8538561603,0.457228087226152,0.0827583132950699
267,4,86232.4012584187,20464.6691954734,0.190361863473127,0.0451766680106347
268,4,90507.6325485437,21392.4383546454,0.199799626811387,0.0472247597190356
269,4,91699.2401056541,21451.2378806742,0.202430153525126,0.0473545622895641
270,4,86188.8550451202,20512.3150012649,0.190265733269285,0.0452818482473529
271,4,90444.0791273046,21185.4793317238,0.199659329805614,0.0467678884654118
272,4,91545.374521662,21180.1648166404,0.202090488400815,0.0467561564368474
273,4,205455.904817859,36593.066534373,0.453553053514984,0.0807808229160184
274,4,90576.4356071014,21148.9224064646,0.199951512625171,0.046687187425969
275,4,91471.8270660289,21304.6142148502,0.201928129119342,0.0470308840219037
276,4,86189.6023622663,20482.3854841175,0.190267383005144,0.0452157775062638
277,4,90482.6536054841,21335.6641602755,0.199744484682917,0.0470994281582797
278,4,91718.2779282155,21405.5678752997,0.202472180365692,0.0472537437201976
279,4,86216.487059925,20599.0778882522,0.190326732171705,0.0454733811816815
280,4,212433.349897924,38389.70595769,0.46895607405412,0.0847469844008063
281,4,91505.2885558146,21502.7295475926,0.202001996847217,0.0474682324358767
282,4,86399.3550117716,20224.8578334102,0.19073042131378,0.044647273756292
283,4,90587.9709389687,21395.1994753418,0.199976977383637,0.0472308550158542
284,4,91508.1262641975,21526.2057887383,0.202008261214762,0.0475200572829947
285,4,86156.6731518399,20314.4593064382,0.190194690307643,0.0448450729956338
286,4,90462.1959784987,21176.091283176,0.199699323560899,0.0467471639304359
287,4,207034.382047863,37088.7740334474,0.457037612248921,0.0818751192812398
288,4,86251.7120893295,20217.5941037253,0.190404492991774,0.0446312387497467
289,4,90473.0550624723,21137.3639803667,0.199723295472044,0.0466616716859606
290,4,91473.7861713958,21300.9882895646,0.201932453931627,0.0470228796304672
291,4,86390.3138257751,20195.8822153545,0.190710462493322,0.0445833087899003
292,4,90583.5799778639,21325.7760054817,0.199967284141583,0.047077599616509
293,4,91548.9344253905,21553.9679923402,0.202098347046726,0.0475813435829777
294,4,204667.503954899,37371.7708708876,0.45181262352293,0.0824998473944078
295,4,90445.9793978324,21499.0335094576,0.199663524737374,0.0474600732672048
296,4,91707.3163812323,21465.0651454804,0.202447982262893,0.0473850865919937
297,4,86285.5301132811,20576.4632802877,0.190479147784687,0.045423458428157
298,4,90491.6247353138,21418.2349369164,0.199764288851268,0.0472817068224526
299,4,91444.6824543846,21355.7134271948,0.201868206181091,0.0471436878072787
300,4,86369.2607099791,20120.9515150665,0.190663986803253,0.0444178959342914
301,4,212230.50981293,38078.84192019,0.468508295539282,0.0840607382033016
302,4,91592.144248051,21283.2350079814,0.202193734653263,0.0469836884712785
303,4,86129.3986152536,20253.6405125616,0.1901344805543,0.0447108128014657
304,4,90434.8042030023,21139.3670548527,0.199638854997444,0.0466660935620336
305,4,91678.9893992787,21226.6187028716,0.202385449189563,0.046858705458091
306,4,86316.5334893574,20176.3649161173,0.190547589117153,0.0445402234832344
307,4,90512.3706254326,21330.5242114301,0.199810086326983,0.0470880814924547
308,4,207335.972090613,37337.1479526991,0.457703385690284,0.082423415761645
309,4,86342.4668469214,20373.2083267315,0.190604838158116,0.0449747640725036
310,4,90561.5562942862,21475.9546194955,0.199918665879941,0.0474091255905082
311,4,91633.0921839324,21648.0410203223,0.202284129044072,0.0477890139788833
312,4,86132.4091961846,20801.7879470043,0.190141126545689,0.0459208726578049
313,4,90433.0138043028,21399.664676553,0.199634902612635,0.0472407121462477
314,4,91652.1952034255,21313.6471023984,0.202326299809766,0.0470508245231669
315,4,205223.733391365,36844.7246386709,0.453040524758417,0.0813363693810728
316,4,90531.7456947772,21195.3954553117,0.199852857654831,0.0467897787495401
317,4,91424.1548481282,21211.3741277629,0.201822890576717,0.0468250523800926
318,4,86301.1061898692,20172.5191034383,0.190513532666955,0.0445317336805911
319,4,90539.802554819,21151.5181619258,0.199870643531937,0.0466929176716714
320,4,91663.3620151768,21268.0945169855,0.202350951043676,0.0469502651635912
321,4,86145.6967973601,20435.6795057721,0.190170459516636,0.0451126719804591
322,4,212500.240759512,38178.1748065512,0.469103738607994,0.0842800199706644
323,4,91614.0808505757,21407.9372561353,0.202242160679605,0.0472589742338393
324,4,86370.2707539679,20268.1041336488,0.190666216520309,0.0447427418887063
325,4,90556.0308667275,21491.5830868872,0.199906468252701,0.0474436261278063
326,4,91432.457066727,21689.4939258379,0.201841218093757,0.0478805231126331
327,4,86263.8509731712,20391.5914295423,0.190431290118084,0.0450153455900817
328,4,90515.0428211256,21376.1016493476,0.199815985317899,0.0471886957150405
329,4,206861.649197549,37430.51997285,0.456656296794532,0.0826295386515655
330,4,86169.1661541838,20497.745267884,0.190222269166307,0.0452496849125018
331,4,90441.0057294974,21177.5829151523,0.199652545143176,0.0467504567744073
332,4,91573.9953555691,21180.5580044762,0.202153670165409,0.0467570244164934
333,4,86384.9049665237,20119.1911938655,0.190698522195809,0.0444140099468987
334,4,90573.0123401222,21148.4363368733,0.199943955610965,0.0466861144057142
335,4,91457.4125565173,21319.3982673195,0.20189630844809,0.0470635204756805
336,4,204978.194759456,36990.8544583653,0.452498487301004,0.0816589574614238
337,4,90495.2688186437,21351.5764730778,0.199772333327396,0.047134555296954
338,4,91706.1815976533,21431.3368295172,0.20244547717764,0.0473106298334566
339,4,86199.363281887,20657.7005077937,0.190288930669608,0.0456027932232661
340,4,90452.8291840844,21504.3135170263,0.199678645945369,0.0474717291188945
341,4,91531.3739108975,21474.5791332377,0.202059581429468,0.0474060891433793
342,4,86399.321892469,20245.1243553046,0.190730348201445,0.0446920130053171
343,4,212201.695156558,38390.3494704113,0.46844468590297,0.0847484049837774
344,4,91485.8749852287,21501.594826703,0.201959140526165,0.047465727489013
345,4,86176.5060431303,20260.9095936172,0.190238472297812,0.0447268596213999
346,4,90472.7526577698,21162.1429444548,0.199722627900205,0.0467163723519507
347,4,91714.6318918498,21226.6922330125,0.202464131578151,0.0468588677791495
348,4,86234.4490414091,20226.6607895497,0.190366384045213,0.0446512538622089
349,4,90463.0458930378,21146.1095513288,0.199701199785069,0.0466809779230733
350,4,207441.747789575,37059.6686143769,0.457936890253194,0.0818108677733313
351,4,86399.7566926209,20170.700723243,0.190731308042131,0.0445277195253845
352,4,90588.5705044607,21331.4307359471,0.199978300951144,0.0470900826856702
353,4,91525.0087384522,21580.8278768618,0.202045530028019,0.0476406379734339
354,4,86148.1172541335,20785.0964662482,0.190175802782684,0.0458840254711963
355,4,90456.7872019487,21502.8220392454,0.199687383445952,0.0474684366153163
356,4,91716.4065522192,21480.3948867703,0.202468049219896,0.0474189276781274
357,4,204878.381457058,37220.1596640858,0.452278144993859,0.082165158908073
358,4,90478.3092580692,21401.9799877714,0.199734894342658,0.047245823298803
359,4,91464.8871863113,21325.1744095135,0.201912809026012,0.0470762715666358
360,4,86387.1354460265,20126.7732235044,0.190703446078576,0.0444307476147578
361,4,90581.9324884446,21180.8499099527,0.19996364723537,0.0467576688108239
362,4,91567.9755869952,21274.0440286108,0.202140381258378,0.0469633989752818
363,4,86132.3506663831,20250.4182815388,0.190140997338547,0.0447036995830804
364,4,212486.911628572,37950.1161717846,0.469074313958242,0.0837765703848734
365,4,91700.2923069388,21229.4853087302,0.20243247630629,0.0468650336180996
366,4,86299.4000495213,20211.7029416023,0.190509766286207,0.0446182337471794
367,4,90501.4019280591,21349.0746448504,0.199785872439379,0.0471290323998005
368,4,91434.821091269,21578.0511525484,0.201846436783142,0.0476345082309365
369,4,86361.5728544875,20322.1997784229,0.190647015520114,0.0448621604320229
370,4,90568.4977616489,21470.4300656531,0.199933989478068,0.0473969298920358
371,4,206837.762333796,37687.3630140167,0.456603565479735,0.0831965310955088
372,4,86127.4601746332,20771.8803839662,0.190130201360362,0.0458548503813892
373,4,90437.8369736088,21390.174293759,0.199645549973529,0.0472197617038689
374,4,91671.1125327233,21316.8238224964,0.20236806065609,0.0470578372741602
375,4,86328.4926457835,20337.2329075286,0.190573989487195,0.0448953467335596
376,4,90516.7103492187,21181.5362849773,0.199819666460376,0.046759184014237
377,4,91429.1920700609,21199.6403709753,0.201834010468311,0.0467991495897836
378,4,205309.456683575,36648.9292183829,0.453229762741009,0.0809041422770885
379,4,90553.3251952823,21162.048444437,0.199900495362572,0.0467161637389557
380,4,91642.1008034935,21284.4308166022,0.202304015972674,0.0469863282720274
381,4,86134.9735110732,20479.4918814641,0.190146787384928,0.0452093897496293
382,4,90432.3934913095,21352.3550040458,0.199633533244096,0.0471362739387137
383,4,91639.6079485627,21401.2680400786,0.202298512884472,0.0472442516425865
384,4,86356.2680738318,20310.3377556189,0.190635304980732,0.0448359744887744
385,4,212255.286486022,38525.6076772059,0.468562991147796,0.0850469934948209
386,4,91426.6590786404,21666.0879952549,0.201828418777021,0.0478288534792114
387,4,86289.883580786,20326.3867000316,0.190488758257952,0.0448714032478091
388,4,90533.2925091487,21358.02504592,0.199856272316396,0.047148790808491
389,4,91676.0551303085,21462.26951154,0.202378971660225,0.0473789151056532
390,4,86151.8712444287,20474.9469477673,0.190184089883328,0.0451993566062254
391,4,90436.7643029869,21171.2468949572,0.199643182005393,0.0467364697278478
392,4,207380.373861219,37024.9701298512,0.457801404574958,0.0817342693245161
393,4,86377.6210192939,20118.9074256008,0.190682442558133,0.0444133835158254
394,4,90563.5607508192,21148.5949033895,0.199923090806944,0.0466864644483556
395,4,91442.1994198335,21335.5058814475,0.201862724771814,0.047099078750723
396,4,86244.4352525748,20467.9171284451,0.190388429050789,0.045183837967216
397,4,90508.8886762054,21366.3760184591,0.199802399769103,0.0471672259520237
398,4,91695.4809467317,21458.8432562393,0.202421855014507,0.0473713514945943
399,4,204607.971685784,37309.8251047744,0.451681203389429,0.0823630993588726
400,4,90442.1514390654,21501.6807636527,0.199655074348036,0.047465917198654
401,4,91559.2854595313,21451.2647041959,0.202121197415255,0.0473546215036819
402,4,86397.8504389537,20274.0648027863,0.190727099902324,0.0447559003311015
403,4,90573.2723720262,21390.8999438947,0.199944529642965,0.0472213636088378
404,4,91466.1546573221,21472.7653332484,0.201915607024676,0.0474020850991814
405,4,86202.4958920369,20214.7034463364,0.190295846045928,0.0446248574949146
406,4,212400.623248315,38024.511238766,0.468883828518638,0.0839408008061201
407,4,91711.0343902539,21228.9378518687,0.202456189933275,0.0468638250827138
408,4,86211.7549832875,20235.1827845998,0.190316285901931,0.0446700665455455
409,4,90452.1440684136,21155.2364028874,0.199677133522035,0.0467011258540711
410,4,91519.5923506037,21307.8401535461,0.202033573110792,0.0470380054251423
411,4,86402.474529251,20151.406548198,0.190737307787447,0.044485126775303
412,4,90585.9120965046,21338.2738126445,0.199972432397271,0.0471051890820246
413,4,206975.733286455,37567.4722749258,0.456908142498001,0.0829318669533365
414,4,86164.0559710017,20754.7597405718,0.190210988209509,0.0458170557991572
415,4,90465.0161176796,21505.1747447494,0.199705549143648,0.0474736303174215
416,4,91717.3456933447,21498.6133264703,0.202470122415726,0.0474591456945604
417,4,86242.5663854774,20658.0385517565,0.190384303443499,0.0456035394703582
418,4,90468.422959426,21385.4973447937,0.199713069898422,0.0472094371308847
419,4,91476.8695423247,21297.2946081017,0.201939260610176,0.0470147256642539
420,4,205480.842271417,36654.2475398491,0.453608104053531,0.0809158827084123
421,4,90585.2249040484,21181.1474803489,0.199970915389341,0.0467583257107165
422,4,91540.5781257624,21264.3394303161,0.202079900143407,0.0469419756426517
423,4,86139.7606888988,20250.8374538578,0.190157355293027,0.0447046249246296
424,4,90450.4379019587,21147.833541701,0.199673367083654,0.0466847837085444
425,4,91707.2227436622,21236.3366939922,0.20244777555379,0.0468801583559802
426,4,86275.6509531246,20251.2366732898,0.190457339098979,0.0447055062192926
427,4,212362.091134274,38314.7626862533,0.468798767162056,0.0845815437938271
428,4,91455.3657373335,21567.1922876244,0.20189179000365,0.0476105368033528
429,4,86378.1299393505,20278.885628704,0.190683566021807,0.0447665425188611
430,4,90575.375440723,21466.9586437853,0.199949172260709,0.0473892665737702
431,4,91578.9265787379,21678.8732573883,0.202164556060014,0.0478570775143673
432,4,86128.4557991802,20728.9762642785,0.190132399245859,0.0457601376277693
433,4,90441.6864039745,21379.2276379586,0.199654047762377,0.0471955964740184
434,4,207185.282367671,37323.0323208325,0.45737073142058,0.082392254876096
435,4,86308.8131945689,20353.0594890577,0.190530546222823,0.0449302846166326
436,4,90504.2694126061,21168.0287111093,0.199792202539131,0.0467293654437811
437,4,91429.9686727154,21191.9552646508,0.201835724853232,0.0467821843755536
438,4,86347.3126713146,20167.0919487563,0.190615535531123,0.0445197529951
439,4,90566.9550871097,21171.7840103088,0.199930583955367,0.0467376554338901
440,4,91622.5953971728,21302.4765307226,0.202260956920151,0.0470261649890563
441,4,204559.803696688,37026.023829695,0.451574870409827,0.0817365954138153
442,4,90433.0284625354,21362.6902211824,0.199634934971336,0.0471590893905022
443,4,91660.353860772,21399.4453540291,0.202344310408952,0.0472402279820154
444,4,86339.7241194427,20359.1644176182,0.190598783465144,0.0449437615181243
445,4,90529.2353363792,21510.3504439767,0.199847315926946,0.0474850559038057
446,4,91426.7930110318,21636.1605663296,0.201828714438736,0.0477627873479656
447,4,86313.8249188553,20270.298444426,0.190541609827227,0.0447475859274028
448,4,212288.379266163,38346.2862475841,0.468636044932721,0.0846511334583925
449,4,91654.8115818991,21463.1807977432,0.202332075581686,0.0473809268105026
450,4,86141.2642557898,20446.2917883007,0.190160674483854,0.045136099066431
451,4,90434.3417918652,21164.5998298731,0.19963783420428,0.0467217960358529
452,4,91627.3937791174,21184.4387792769,0.202271549561841,0.0467655913995763
453,4,86365.2680051447,20121.2042190148,0.190655172729639,0.0444184537895035
454,4,90551.0289840615,21151.0010734245,0.199895426374111,0.0466917761757924
455,4,207200.405493377,37200.2563721327,0.457404116393617,0.0821212215053086
456,4,86267.8698792632,20446.3278486459,0.19044016203214,0.0451361786712479
457,4,90521.6505239728,21378.243359517,0.199830572116004,0.0471934236355542
458,4,91685.5470998252,21487.8325151668,0.202399925605364,0.0474353465738176
459,4,86161.8382729595,20762.2342942812,0.190206092542384,0.0458335562091188
460,4,90440.8941842754,21498.9104361613,0.199652298902134,0.0474598015774258
461,4,91586.5332611464,21433.0137193926,0.202181348149959,0.0473143316424851
462,4,205398.993092562,36889.0758851595,0.453427418348586,0.0814342767315085
463,4,90568.8281797507,21387.3409239354,0.199934718890733,0.0472135069138868
464,4,91449.7806810025,21439.9749365597,0.201879460743242,0.0473296988391842
465,4,86227.3297817801,20176.8951629304,0.190350667962746,0.0445413940266724
466,4,90499.17535219,21142.0743374499,0.199780957174056,0.0466720700088521
467,4,91708.4543050515,21232.471986054,0.202450494280366,0.0468716268412114
468,4,86191.4677490788,20243.4170645798,0.19027150092955,0.0446882440850607
469,4,212463.929679999,38011.3703404538,0.469023580283975,0.0839117916882723
470,4,91544.3631351939,21306.3030786841,0.202088255720176,0.0470346122639783
471,4,86397.7801859443,20140.153492158,0.190726944815679,0.0444602851532874
472,4,90582.8328338041,21347.3051153005,0.19996563478782,0.0471251260845676
473,4,91476.0454616123,21628.851806269,0.201937441415328,0.0477466529348619
474,4,86187.4712799274,20709.7312868243,0.190262678546039,0.045717653483559
475,4,90475.9639175352,21504.3251753112,0.199729716899052,0.0474717548550774
476,4,206962.744996388,37633.5732504678,0.456879470269647,0.0830777877986098
477,4,86222.5095279799,20688.6142893198,0.190340027037961,0.0456710367717748
478,4,90459.641482852,21369.3658420577,0.199693684398073,0.0471738261206769
479,4,91502.0543735473,21276.6132611722,0.201994857245928,0.0469690706705023
480,4,86399.3118935632,20152.3797169223,0.190730326128415,0.0444872750885717
481,4,90589.1792431465,21177.6141149211,0.199979644768884,0.0467505256492853
482,4,91513.3552653988,21254.1253859097,0.202019804467626,0.0469194276850578
483,4,204760.115914572,36682.6000284702,0.452017068545519,0.0809784720888452
484,4,90461.2234927702,21154.6201722657,0.199697176755374,0.046699765497549
485,4,91716.4457543285,21245.1418483283,0.202468135760297,0.0468995961260425
486,4,86256.0362168374,20296.511218265,0.190414038695689,0.0448054517922282
487,4,90474.1469385539,21381.9812474381,0.199725705837087,0.0472016751894915
488,4,91471.8031024901,21552.0971740781,0.201928076218763,0.047577213668405
489,4,86390.1619091662,20248.2462170973,0.190710127130647,0.0446989046541601
490,4,212211.322057796,38540.234707396,0.468465937715888,0.0850792833149283
491,4,91553.1825488675,21686.7281328201,0.20210772496836,0.0478744175014572
492,4,86134.1429156085,20673.2688822712,0.190144953808475,0.0456371611027816
493,4,90447.0796055765,21366.3827684548,0.199665953494933,0.0471672408529395
494,4,91698.6460151345,21328.517598674,0.202428842043865,0.0470836518054933
495,4,86286.0795002678,20365.3747598337,0.190480360580911,0.0449574711249509
496,4,90492.8148865842,21156.1224824311,0.199766916163164,0.046703081914098
497,4,207389.3938412,36988.2842686732,0.45782131658219,0.0816532836532946
498,4,86370.8396691386,20160.1661176856,0.190667472425868,0.0445044639147835
499,4,90575.2139621918,21180.5398737451,0.199948815789665,0.0467569843920976
500,4,91591.4227322985,21321.3983189576,0.202192141875129,0.0470679356786821
501,4,86130.2150421227,20557.5105448391,0.190136282852948,0.04538161942118
502,4,90438.5387465679,21374.4696640659,0.199647099168568,0.0471850930349011
503,4,91678.4069505471,21403.061278593,0.202384163408067,0.0472482102964136
504,4,205108.494639673,37002.0759421898,0.452786130085461,0.0816837293863685
505,4,90512.6322923542,21514.3040335867,0.199810663968358,0.0474937836288207
506,4,91427.581069395,21602.9452589817,0.201830454112644,0.0476894630787777
507,4,86338.0344808722,20227.2659662271,0.190595053512804,0.044652589816657
508,4,90558.3687872915,21331.2561418632,0.199911629316393,0.0470896972614598
509,4,91637.6033459974,21460.8388125733,0.202294087635096,0.0473757567740121
510,4,86132.2394436022,20410.5206747689,0.190140751809308,0.0450571327413485
511,4,212505.327874137,37979.4128204994,0.469114968639926,0.0838412440407323
512,4,91645.484264826,21185.3937930567,0.202311485114143,0.0467676996349974
513,4,86345.6609399596,20125.939209698,0.190611889260648,0.0444289064921633
514,4,90536.806780855,21155.2492776203,0.199864030227587,0.046701154275617
515,4,91426.3988407254,21367.8058176616,0.201827844290242,0.0471703822973951
516,4,86297.4523392247,20415.3185906943,0.190505466629046,0.0450677243542806
517,4,90536.3064850423,21387.596540337,0.199862925802315,0.0472140711984692
518,4,206833.983957208,37607.0816773678,0.456595224545264,0.083019306472008
519,4,86147.1133976866,20802.6894677813,0.190173586724902,0.0459228628050413
520,4,90436.6136447129,21496.5298426606,0.199642849420548,0.0474545463113268
521,4,91608.896285788,21421.1344924642,0.202230715522102,0.0472881077203663
522,4,86373.7999235635,20348.1506432939,0.190674007319254,0.0449194481211455
523,4,90554.6580218002,21380.930685354,0.199903437636427,0.0471993560269365
524,4,91435.8778138119,21404.5833081997,0.201848769545184,0.047251570244507
525,4,205099.792780239,36594.9052359804,0.452766920343491,0.0807848819316464
526,4,90515.4938513013,21135.8190314576,0.199816980987084,0.0466582611424874
527,4,91696.6038700363,21234.8364706221,0.202424333917677,0.0468768465461248
528,4,86172.7279438631,20252.8094301804,0.190230131975539,0.0447089781501227
529,4,90437.6004408852,21173.7586791201,0.199645027817015,0.046742014603172
530,4,91570.022091666,21303.8896905145,0.202144899008517,0.0470292846021882
531,4,86389.7841190703,20138.8437500394,0.190709293142197,0.0444573938392718
532,4,212211.426798116,38376.3918523601,0.468466168934807,0.0847175929207581
533,4,91462.0985421537,21645.9421515073,0.201906652969928,0.047784380632566
534,4,86211.6226185496,20653.6751937492,0.190315993700881,0.0455939071633697
535,4,90491.8116695219,21500.824309543,0.199764701516852,0.0474640265380911
536,4,91713.4461890421,21537.947279702,0.202461514086434,0.0475459771468416
537,4,86203.1522291156,20711.5396771088,0.190297294939239,0.0457216455855928
538,4,90447.0355471423,21353.6603820253,0.199665856233978,0.0471391556186981
539,4,207439.751193336,37124.3398471629,0.45793248267814,0.0819536323978413
540,4,86397.0557546082,20166.9988306627,0.190725345601265,0.0445195474327641
541,4,90581.8962349771,21173.6892154338,0.199963567204227,0.0467418612589932
542,4,91493.2651548317,21243.5364526323,0.201975454654457,0.0468960521435969
543,4,86170.0858564433,20258.6175788565,0.190224299449976,0.0447217998968117
544,4,90474.7804968228,21164.6404073725,0.199727104445162,0.0467218856124887
545,4,91715.6788817543,21257.1586395665,0.202466442854961,0.0469261237274975
546,4,204767.589387758,36863.7496035854,0.452033566570177,0.0813783678378105
547,4,90459.1232373158,21395.8776503686,0.199692540347988,0.0472323521174073
548,4,91490.4439491868,21532.5712449705,0.20196922671744,0.0475341093109161
549,4,86396.6562576488,20230.6091119045,0.190724463693948,0.0446599699595236
550,4,90586.2560295048,21466.5336571941,0.199973191644675,0.0473883283969564
551,4,91529.9557565219,21690.565604629,0.20205645079057,0.0478828888912586
552,4,86145.6860736097,20608.3839288543,0.19017043584348,0.0454939246804675
553,4,212463.734984884,38238.7843627876,0.469023150485844,0.0844138182634298
554,4,91708.953173423,21334.7951356431,0.202451595554498,0.0470975097477287
555,4,86268.363260238,20374.7033122036,0.190441251192599,0.044978064319466
556,4,90482.3105768832,21146.1907211961,0.199743727432015,0.0466811571091678
557,4,91464.0243060583,21186.7970483697,0.201910904179452,0.0467707973835513
558,4,86382.7268689958,20151.7796023524,0.190693713948581,0.0444859503089511
559,4,90583.6387520385,21187.2017217046,0.199967413888189,0.0467716907179478
560,4,206869.138919799,37283.4464621053,0.456672830689723,0.082304867331223
561,4,86130.0952774093,20588.599870743,0.190136018467013,0.0454502504917151
562,4,90442.7371788057,21386.9020138205,0.19965636739458,0.0472125380002749
563,4,91692.7105301093,21409.9460015455,0.202415739196518,0.0472634086287296
564,4,86299.8589634848,20471.4759388698,0.190510779359205,0.0451916941996102
565,4,90502.6191879217,21516.130479217,0.199788559594698,0.0474978155888338
566,4,91437.2107029465,21566.2720822437,0.201851711957267,0.047608505409022
567,4,205393.802988386,36718.8523653814,0.453415960962635,0.0810585007359543
568,4,90570.3514356041,21322.7842390384,0.19993808154582,0.0470709951589398
569,4,91611.3029834499,21454.7709777414,0.202236028414299,0.0473623617585771
570,4,86125.8837700343,20371.0867400919,0.190126721377054,0.0449700805755773
571,4,90435.5300351633,21149.6508137488,0.199640457304242,0.0466887954174661
572,4,91669.3500384692,21186.5076787332,0.202364169871585,0.0467701585872007
573,4,86332.8362673518,20133.9011208972,0.190583578225116,0.044446482765473
574,4,212288.636432199,38055.3567401509,0.468636612638191,0.0840088936231785
575,4,91424.3387685317,21382.1218173656,0.201823296589193,0.0472019855038623
576,4,86323.5369223639,20378.1625382335,0.190563049507196,0.044985700714877
577,4,90553.4903713641,21395.0952791155,0.199900859996124,0.0472306249980474
578,4,91648.018411102,21547.993107583,0.202317079354827,0.0475681537589693
579,4,86134.8810533411,20833.3005858618,0.190146583280369,0.0459904382105242
580,4,90438.7071539614,21495.5186907723,0.199647470935384,0.0474523141485331
581,4,207324.046518889,37377.9555921368,0.457677059459967,0.0825135004418108
582,4,86357.7019219785,20388.3596854269,0.190638470264328,0.0450082113711212
583,4,90542.6909933224,21369.8254743169,0.19987701988848,0.0471748407793446
584,4,91428.0465967597,21368.7937395561,0.20183148178502,0.0471725631789438
585,4,86284.4064821883,20127.1054847608,0.190476667319044,0.0444314810962683
586,4,90530.1595684221,21132.7961624004,0.199849356210313,0.0466515880245135
587,4,91677.5757087027,21238.431942597,0.202382328404702,0.0468847837105226
588,4,204561.977777801,36700.3584834267,0.451579669790639,0.0810176746684858
589,4,90436.9298775339,21180.9897481619,0.199643547518574,0.0467579775098939
590,4,91597.9774583772,21299.4986749589,0.20220661172466,0.0470195912399312
591,4,86381.1331072898,20146.4258613841,0.190690195648687,0.0444741316875002
592,4,90565.7569907063,21372.7178471707,0.199927939104237,0.0471812258211418
593,4,91446.9832912201,21657.8984343619,0.201873285380802,0.047810774659071
594,4,86237.5202410903,20589.2667988801,0.19037316385519,0.0454517227652588
595,4,212361.807799813,38448.032280216,0.468798141688623,0.0848757423535426
596,4,91701.9137173995,21557.3962162415,0.202436055642041,0.0475889115398098
597,4,86180.7015674064,20724.4647320208,0.190247734104369,0.0457501782195289
598,4,90444.6853026586,21340.505124687,0.199660667964685,0.0471101148026609
599,4,91554.3166250533,21249.8938852131,0.202110228492012,0.0469100864589509
600,4,86389.3283959007,20182.4582253689,0.190708287113019,0.0445536747345845
601,4,90575.0574318567,21167.4501358916,0.199948470241984,0.046728088213239
602,4,207049.060011816,37026.0200348302,0.457070014507575,0.0817365870364822
603,4,86197.9687543631,20263.4233784952,0.190285852188037,0.0447324089133919
604,4,90481.9170337313,21175.3383632776,0.199742858667993,0.0467455018262521
605,4,91713.2511030235,21273.203145746,0.202461083425366,0.046961542688935
606,4,86215.2197391903,20395.8535775787,0.190323934504782,0.045024754471555
607,4,90456.937599247,21407.4989214741,0.199687715454681,0.047258006590567
608,4,91516.4725884587,21512.003631634,0.202026686097014,0.0474887053891327
609,4,205481.991114596,36775.112548191,0.453610640175977,0.0811826975933151
610,4,90584.4107910241,21469.8296933619,0.199969118198608,0.0473956045434839
611,4,91501.8317332081,21686.3078818023,0.201994365757471,0.0478734897786326
612,4,86164.4429099429,20537.4095368704,0.190211842394442,0.0453372455515117
613,4,90465.9032389753,21335.577972554,0.199707507503389,0.0470992378950489
614,4,91713.6835447588,21340.3229811925,0.202462038059742,0.0471097127127907
615,4,86249.5875196056,20378.2150859024,0.190399802909556,0.0449858167161945
616,4,212400.892754673,37951.3423646145,0.468884423465919,0.0837792772601161
617,4,91478.3827785929,21187.7718889942,0.201942601146583,0.0467729493876143
618,4,86394.6310277444,20139.783030664,0.190719992908803,0.0444594673430523
619,4,90589.368848263,21192.1129092303,0.199980063330617,0.0467825323829788
620,4,91539.7353344964,21361.2181904093,0.20207803964418,0.0471558398170592
621,4,86142.1813100444,20611.859952581,0.190162698921933,0.0455015981575415
622,4,90447.4005071195,21399.9764791176,0.19966666189937,0.0472414004642856
623,4,207105.307327549,37409.6549573416,0.457194182960294,0.0825834782012521
624,4,86281.6520108384,20530.0127685564,0.190470586700954,0.045320916856272
625,4,90487.2344670618,21514.1439848151,0.199754597138717,0.0474934303140345
626,4,91449.8630905867,21527.6892009444,0.201879642666066,0.0475233319814576
627,4,86374.3917847621,20182.7752928678,0.19067531387919,0.0445543746751991
628,4,90579.0554486664,21316.892065468,0.199957296042019,0.047057987923557
629,4,91583.639503166,21444.1591621939,0.202174960050434,0.0473389357034868
630,4,204603.662093211,36756.1984115899,0.451671689772029,0.0811409437950116
631,4,90441.9894082627,21141.7088210012,0.199654716657828,0.0466712631150245
632,4,91687.6776345044,21188.279713312,0.202404628855486,0.0467740704323962
633,4,86311.9463557821,20145.9696741722,0.190537462815639,0.0444731246339278
634,4,90507.76553173,21173.3319391987,0.199799920377689,0.0467410725558039
635,4,91432.8784815575,21395.6294839159,0.20184214838575,0.0472318042789186
636,4,86348.1841928983,20337.4808805185,0.190617459453806,0.0448958941449705
637,4,212255.068852267,38342.6551667607,0.468562510711596,0.0846431176858769
638,4,91621.9722569361,21577.3680854601,0.202259581310346,0.0476330003299399
639,4,86130.0883673765,20851.7333276988,0.190136003212808,0.046031129308462
640,4,90434.1865165602,21495.066312716,0.199637491427134,0.0474513155038412
641,4,91659.1811413198,21414.9164854328,0.20234172157857,0.0472743811931179
642,4,86340.7419541976,20428.7432074668,0.190601030380664,0.0450973597932565
643,4,90528.8616311819,21356.466820049,0.199846490956092,0.0471453509555335
644,4,207275.739279605,37066.482043117,0.457570419079377,0.0818259087205006
645,4,86312.4738310149,20114.6305557606,0.19053862724069,0.044403942135315
646,4,90547.3493048739,21133.5751828516,0.199887303318544,0.0466533077468291
647,4,91655.6772249278,21241.2521665721,0.202333986527196,0.0468910094804591
648,4,86143.3795151386,20275.6030166884,0.190165344013004,0.044759296006747
649,4,90435.6669504598,21189.2598458333,0.199640759550852,0.0467762341185569
650,4,91622.3866387619,21295.3650582782,0.202260496076668,0.0470104660971456
651,4,205316.31866772,36665.2311957628,0.453244910876395,0.0809401296176595
652,4,90549.1144041227,21388.2181046711,0.19989119985369,0.0472154433293989
653,4,91434.7929321929,21664.4877661811,0.201846374620728,0.0478253209023143
654,4,86269.0250438371,20520.3051725341,0.190442712109346,0.0452994869060251
655,4,90520.7859141591,21484.7495546902,0.199828663451361,0.0474285408013611
656,4,91687.5596466884,21575.8125396857,0.202404368392131,0.0476295663934147
657,4,86163.0490489274,20726.572911248,0.190208765384217,0.0457548321189955
658,4,212487.046667748,38144.7073386771,0.469074612063232,0.0842061390458928
659,4,91582.3352569449,21243.8262886733,0.202172080868856,0.0468966919695563
660,4,86387.2187555209,20195.4331499883,0.190703629987993,0.0445823174581191
661,4,90571.4551148712,21159.5358741307,0.19994051796692,0.0467106171281849
662,4,91452.8362085139,21226.0577928691,0.201886205956206,0.0468574672242977
663,4,86222.9371785073,20267.6161351582,0.190340971095532,0.0447416646103202
664,4,90497.1965245154,21188.7777636865,0.199776588823898,0.0467751699007631
665,4,206902.686856365,37200.4498415588,0.456746889252712,0.0821216485976768
666,4,86192.7399718231,20449.2834844238,0.190274309417877,0.0451427033687654
667,4,90449.8499797975,21416.5183634143,0.199672069219318,0.0472779174100522
668,4,91538.6691423382,21491.6681495838,0.202075685977541,0.0474438139074945
669,4,86396.0853587118,20237.8310638576,0.190723203409137,0.0446759127398665
670,4,90580.7942872768,21475.0598592765,0.199961134605637,0.0474071503675043
671,4,91478.1342169226,21675.5431783282,0.201942052435634,0.0478497262166401
672,4,204869.935744076,36949.1909047522,0.452259500706583,0.081566983312624
673,4,90476.0717203761,21317.4145686856,0.199729954878621,0.0470591413726634
674,4,91714.0230859487,21345.9053199012,0.20246278761203,0.0471220359739272
675,4,86226.4684694834,20378.8738101792,0.190348766577519,0.0449872708793514
676,4,90460.412097302,21134.5120452549,0.199695385563767,0.0466553759122786
677,4,91500.1128164607,21191.0955877172,0.201990571172252,0.0467802866004635
678,4,86398.080474022,20127.7913272772,0.190727607714975,0.0444329951241462
679,4,212201.661774585,38065.1811099933,0.468444612210779,0.0840305813568304
680,4,91515.2703054481,21383.5821316808,0.202024032003762,0.047205209212703
681,4,86153.8825488738,20624.9057785447,0.190188529927402,0.045530397398949
682,4,90458.1471106792,21414.4268212449,0.199690385504996,0.047273300237631
683,4,91712.4406303875,21440.7227687289,0.202459294270953,0.0473313497119793
684,4,86262.1340169199,20589.4293304802,0.190427499860748,0.0454520815609992
685,4,90472.3881791676,21509.7324393658,0.19972182329747,0.0474836916311232
686,4,207425.698308699,37244.1133861692,0.457901460309893,0.0822180378156108
687,4,86386.8785950247,20180.0841534424,0.190702879068559,0.0445484338651508
688,4,90583.2383976796,21311.2921415142,0.199966530088124,0.0470456258422095
689,4,91558.189163091,21430.3297909717,0.202118777292074,0.0473084067510501
690,4,86133.2513945098,20288.503518426,0.190142985735973,0.0447877744384581
691,4,90442.9399442174,21132.9849057626,0.199656815008251,0.0466520046838855
692,4,91699.1645247982,21189.5723056899,0.202429986677024,0.0467769238875961
693,4,204987.031973595,36613.97005941,0.452517995844507,0.08082696837783
694,4,90496.8645733637,21184.9690697774,0.199775856026958,0.0467667620394562
695,4,91437.311242781,21405.1954240412,0.201851933903427,0.0472529215174688
696,4,86364.7217923303,20295.5684352071,0.190653966940543,0.0448033705566702
697,4,90573.6131246739,21404.3246989449,0.1999452818696,0.0472509993530678
698,4,91600.407602026,21607.1986104741,0.202211976374916,0.0476988525414889
699,4,86129.55289621,20855.6696866584,0.190134821136378,0.0460398189960493
700,4,212500.167771962,38340.8042215259,0.469103577484728,0.0846390316418963
701,4,91676.7202238434,21419.3642182543,0.202380439883802,0.0472841997612636
702,4,86321.6568428471,20467.9863284083,0.190558899147992,0.0451839907292145
703,4,90515.5273176058,21340.3789776952,0.199817054865441,0.0471098363275626
704,4,91425.8068947578,21300.2834016046,0.201826537543175,0.047021323558925
705,4,86338.7900188326,20109.9710519819,0.190596721396476,0.0443936560733565
706,4,90554.5931509244,21134.9271591807,0.199903294431081,0.046656292294744
707,4,206826.558033414,37049.5795322413,0.456578831488004,0.0817885956755116
708,4,86132.8589724063,20290.0256644041,0.190142119446715,0.0447911346434464
709,4,90432.1629545605,21195.4490261728,0.199633024323963,0.0467898970096001
710,4,91644.693461146,21292.2395561454,0.202309739379826,0.0470035664120898
711,4,86354.0132109006,20191.5454059323,0.190630327270461,0.044573735090095
712,4,90540.2990081509,21405.1551838993,0.199871739474761,0.0472528326855646
713,4,91425.2490241198,21663.5744836142,0.201825306018914,0.0478233047904029
714,4,205215.752169483,36982.481405348,0.453022905855915,0.0816404735742529
715,4,90537.4615608637,21474.3952193372,0.199865475683596,0.0474056831452591
716,4,91670.5551093309,21591.3457880461,0.202366830119143,0.0476638567304634
717,4,86150.9452560122,20716.8787906869,0.190182045722689,0.0457334319164288
718,4,90437.9352043645,21316.595685395,0.199645766822294,0.0470573336513559
719,4,91609.8136560544,21241.043119781,0.202232740657792,0.0468905480003643
720,4,86375.5928021331,20209.2255004234,0.190677965178487,0.0446127646855207
721,4,212230.678866815,37968.3321418593,0.468508668733257,0.0838167829494987
722,4,91440.9872336512,21221.3135193397,0.201860048816869,0.046846994029342
723,4,86248.3422064894,20269.7089702266,0.19039705382543,0.0447462846368736
724,4,90513.2387535861,21202.956587071,0.199812002758517,0.0468064702844001
725,4,91695.7924335098,21311.0880169548,0.202422542635432,0.0470451752281604
726,4,86177.3345888652,20503.3637464134,0.190240301349395,0.0452620879539008
727,4,90442.9323804627,21424.8489420355,0.199656798310925,0.0472963075331033
728,4,207417.25030291,37258.7203750333,0.457882810961143,0.0822502833935993
729,4,86392.5931554047,20260.4855300381,0.190715494214919,0.0447259234821765
730,4,90571.9294609445,21480.9472415653,0.199941565106987,0.0474201470259195
731,4,91460.0085272061,21658.4607403272,0.201902039168917,0.0478120159745142
732,4,86208.8544610527,20390.9729218179,0.190309882870013,0.0450139802067539
733,4,90488.9760323752,21299.28499833,0.199758441721653,0.0470191195392634
734,4,91709.8920975073,21350.3334418241,0.2024536682712,0.0471318112501415
735,4,204673.502526105,36845.7684834864,0.451825865635827,0.0813386737149583
736,4,90449.0437295475,21131.8810021799,0.19967028938601,0.0466495677675983
737,4,91526.3970579534,21194.2044530373,0.202048594805103,0.046787149559015
738,4,86398.1898036749,20116.9497132311,0.19072784906505,0.0444090617786431
739,4,90585.1846147676,21200.0835479727,0.199970826448961,0.0468001279227287
740,4,91491.8537596024,21405.8509612036,0.201972338936675,0.0472543686449289
741,4,86170.0270058283,20627.0193540535,0.190224169534624,0.0455350632109474
742,4,212433.108641968,38269.1784554927,0.468955541470861,0.0844809145757381
743,4,91716.6806300267,21462.3822640289,0.202468654258854,0.0473791640117903
744,4,86236.5503584499,20648.24811136,0.190371022796098,0.0455819266374683
745,4,90466.0875030285,21501.7892358573,0.199707914274487,0.0474661566558731
746,4,91485.6709270788,21454.4214891582,0.201958690058718,0.047361590246976
747,4,86397.1531647108,20188.041729676,0.190725560638402,0.0445660005688313
748,4,90584.2231583973,21308.5672730203,0.199968703991235,0.0470396105737415
749,4,206918.390316601,37161.058963649,0.456781555340053,0.0820346914816355
750,4,86144.844456593,20250.9351850901,0.19016857793646,0.0447048406706743
751,4,90453.3782337745,21125.1544979949,0.199679857996994,0.046634718710253
752,4,91708.0379913519,21192.8962152102,0.202449575249346,0.0467842615657897
753,4,86274.5482378581,20177.9193102669,0.190454904805953,0.0445436548774964
754,4,90482.5705374366,21199.6541634039,0.199744301306506,0.0467991800371836
755,4,91456.2282089472,21410.8354482388,0.201893693948121,0.0472653721218892
756,4,205452.735677543,36764.3724757982,0.453546057496695,0.0811589884055307
757,4,90581.311464988,21407.1074270677,0.199962276298451,0.0472571423492416
758,4,91573.517649624,21634.4474633009,0.202152615608276,0.0477590055967895
759,4,86132.1749193018,20842.8374308305,0.190140609369044,0.0460114912202212
760,4,90438.7826384576,21492.5508205723,0.199647637570769,0.0474457624429843
761,4,91687.9507433431,21427.3977552988,0.202405231755402,0.0473019341518146
762,4,86303.8762444971,20503.265065848,0.190519647685825,0.0452618701121609
763,4,212326.313722947,38154.3376857821,0.46871978693431,0.084227398465717
764,4,91432.7396062942,21270.7158573979,0.201841841812425,0.0469560518892119
765,4,86354.8583114858,20109.2618820171,0.190632192867613,0.0443920905490982
766,4,90568.8019373784,21137.5027218048,0.199934660959528,0.0466619779638598
767,4,91617.7953172869,21243.9944609364,0.202250360530179,0.0468970632173117
768,4,86127.7388468139,20305.8482434463,0.190130816541603,0.0448260636908517
769,4,90435.1399955721,21203.2127877389,0.199639596274486,0.0468070358587765
770,4,207254.997122702,37088.3610945011,0.457524629844902,0.0818742077001384
771,4,86334.1033398548,20226.2138082151,0.190586375344056,0.0446502671310202
772,4,90522.4895982974,21422.4516415048,0.199832424409918,0.0472910153854921
773,4,91427.8817098705,21656.6201869694,0.201831117789874,0.0478079528710647
774,4,86321.1724564426,20384.7234239789,0.190557829843447,0.0450001841621462
775,4,90545.8944582573,21463.5143755668,0.199884091679891,0.0473816631983938
776,4,91653.1578644151,21604.503791903,0.202328424926743,0.0476929036095627
777,4,204546.518414707,37229.5406193903,0.451545542558603,0.0821858677843987
778,4,90433.8047234202,21305.5998257999,0.199636648601786,0.0470330598019389
779,4,91629.0829213841,21242.1303986831,0.202275278418568,0.0468929482169291
780,4,86361.9292935695,20220.6569967862,0.19064780237525,0.04463800022249
781,4,90542.0519922667,21140.907644979,0.199875609265211,0.0466694944832999
782,4,91425.7536830432,21218.5185502315,0.201826420075947,0.046840824010648
783,4,86276.8329019442,20267.8606541424,0.1904599483036,0.0447422043968599
784,4,212322.398225156,38038.3791600508,0.468711143298681,0.0839714148595357
785,4,91681.0146352046,21333.6427605403,0.202389919988001,0.0470949658284038
786,4,86157.369834867,20556.4699081615,0.190196228266431,0.0453793221694015
787,4,90438.4828260668,21431.7338862033,0.199646975721573,0.0473115063537619
788,4,91593.5574461065,21456.4906335787,0.202196854350864,0.0473661579753699
789,4,86379.4472436482,20292.3921232096,0.19068647402967,0.0447963587065767
790,4,90563.4919087894,21486.6062031619,0.199922938835099,0.047432639435491
791,4,207128.160142521,37370.3598254488,0.457244631566387,0.0824967324488044
792,4,86235.0876085133,20322.3421550443,0.190367793710514,0.044862474734751
793,4,90505.1154411048,21282.0468211663,0.199794070184694,0.0469810654960049
794,4,91699.433423548,21353.1030591627,0.202430580282981,0.0471379253036757
795,4,86186.1739757953,20364.2346823086,0.190259814689432,0.044954954353076
796,4,90444.2964565212,21130.5074808624,0.199659809569531,0.0466465356581627
797,4,91554.1282134414,21196.6274929274,0.202109812564993,0.0467924985274076
798,4,205451.794851491,36571.4598175317,0.453543980581314,0.0807331251270038
799,4,90579.5136532078,21204.2812318649,0.199958307548937,0.0468093944967348
800,4,91471.9638517227,21428.5473233989,0.201928431079848,0.047304471874556
801,4,86193.7072541146,20616.1248073518,0.190276444736584,0.0455110130142514
802,4,90483.4646759831,21439.89927093,0.19974627515714,0.0473295318039391
803,4,91713.4904138585,21487.0657302905,0.202461611714685,0.047433653862078
804,4,86217.539404155,20701.9327197212,0.190329055268426,0.0457004377996106
805,4,212436.471413796,38350.0639671455,0.468962964939327,0.0846594729424483
806,4,91512.3735015796,21423.478695881,0.202017637180302,0.0472932826537356
807,4,86401.5831803496,20205.1639054037,0.190735340095078,0.044603798533757
808,4,90583.4990289531,21304.7051888226,0.19996710544326,0.0470310848509966
809,4,91504.3446678507,21388.850461908,0.20199991317253,0.0472168392861418
810,4,86162.9386027846,20217.2002960926,0.190208521569442,0.0446303694018715
811,4,90462.049901489,21118.2375969177,0.199699001089399,0.0466194493432945
812,4,207027.322525574,37017.3521928489,0.45702202803929,0.0817174523895542
813,4,86249.9904240208,20198.5130098527,0.190400692338984,0.0445891163858361
814,4,90469.6500513192,21213.6735678057,0.199715778758387,0.0468301284963215
815,4,91470.2743328123,21411.6468577741,0.201924701391663,0.0472671633445493
816,4,86392.1009427015,20223.1409700167,0.190714407633472,0.0446434837039433
817,4,90585.1361737494,21409.9471083107,0.199970719513257,0.047263411071963
818,4,91549.1823578048,21658.0351916977,0.202098894368565,0.047811076556976
819,4,204675.251367769,37382.6083414813,0.451829726281631,0.0825237715930554
820,4,90443.7997476747,21489.6770381791,0.199658713062647,0.0474394184404561
821,4,91702.6095841356,21438.1226249869,0.20243759179883,0.0473256097789517
822,4,86285.6609742745,20535.3217057275,0.190479436666154,0.0453326365713467
823,4,90491.8250696663,21305.3346629223,0.199764731098267,0.0470324744430858
824,4,91449.7880664326,21245.423977011,0.201879477046907,0.0469002189376656
825,4,86371.6449221207,20113.3883307305,0.190669250057663,0.0444011998682768
826,4,212228.343522101,37985.7757962613,0.468503513355867,0.0838552905929053
827,4,91585.4734865404,21245.5877245205,0.202179008650352,0.0469005804175803
828,4,86126.5612146852,20323.2738269376,0.19012821686627,0.0448645314419187
829,4,90433.8433720368,21212.3408770044,0.199636733920327,0.0468271865220674
830,4,91682.2356410113,21293.0904083212,0.202392615412659,0.0470054447061343
831,4,86315.6821336674,20269.1867800073,0.190545709711578,0.0447451318787247
832,4,90509.3125878337,21438.7823908852,0.199803335572888,0.0473270662415345
833,4,207341.600133479,37370.8283695508,0.457715809845382,0.0824977667807616
834,4,86344.7203073879,20327.8942754835,0.190609812772384,0.0448747312877126
835,4,90564.7555849681,21453.0662515484,0.199925728456503,0.0473585984996389
836,4,91630.6500015909,21615.1118861847,0.202278737817866,0.0477163214497931
837,4,86130.0477442544,20660.1432054191,0.190135913535458,0.0456081855869842
838,4,90433.1867182865,21294.6091835282,0.19963528432795,0.0470087974699954
839,4,91656.7805279898,21243.3541295344,0.202336422117807,0.0468956496572443
840,4,205213.442185081,36715.7404304514,0.453017806462545,0.0810516310011024
841,4,90531.7754318959,21132.0607602823,0.199852923300844,0.0466499645916093
842,4,91421.3757001385,21219.9757404816,0.201816755483846,0.0468440408229762
843,4,86311.0245787153,20261.3011994049,0.190535427951741,0.0447277241086044
844,4,90545.2898480346,21232.6045206921,0.199882756975917,0.0468719194173233
845,4,91662.0864114391,21357.8045867941,0.202348135091655,0.0471483041351594
846,4,86148.6042917084,20607.7710458788,0.190176877939806,0.0454925717140232
847,4,212501.146023778,38276.3573365536,0.469105737019147,0.0844967622751694
848,4,91617.5431644027,21444.6183941643,0.202249803891465,0.0473399494784992
849,4,86368.0137857383,20334.189771247,0.190661234162498,0.0448886288747858
850,4,90551.9965543523,21490.9788705209,0.199897562328589,0.0474422922932874
851,4,91434.5383926152,21604.1594192721,0.201845812713282,0.047692143391654
852,4,86265.3319845605,20262.7588776352,0.190434559516637,0.0447309419981703
853,4,90521.2323171604,21265.0796681136,0.199829648905854,0.0469436097505334
854,4,206858.247109185,37238.8968066489,0.456648786533062,0.0822065219841607
855,4,86166.2207128512,20350.7933472114,0.190215766973481,0.0449252820076545
856,4,90440.0692973504,21128.6635814698,0.199650477927536,0.0466424651681923
857,4,91577.4895959099,21198.8854896937,0.20216138385647,0.0467974831557593
858,4,86386.9741922392,20102.2859351224,0.190703090103665,0.04437669083587
859,4,90569.1070115879,21209.5165350527,0.199935334424422,0.0468209516615143
860,4,91451.4264445388,21451.3898978631,0.201883093839491,0.0473548978742739
861,4,204989.577014902,37130.0975394398,0.452523614136456,0.0819663427597833
862,4,90496.893195929,21449.2939809393,0.199775919212545,0.0473502710443877
863,4,91705.7531475594,21513.5031872682,0.202444531354989,0.0474920157249315
864,4,86194.8851267871,20750.3369010823,0.190279044942929,0.0458072921841496
865,4,90449.5836417415,21484.3477114893,0.199671481266207,0.0474276537146115
866,4,91535.4999703821,21398.3861635938,0.202068689889407,0.0472378897719912
867,4,86400.6725912364,20229.6170224672,0.190733329929086,0.0446577798779386
868,4,212202.178709266,38222.2951391746,0.468445753367093,0.084377417568466
869,4,91481.4732243903,21363.4909462743,0.201949423443218,0.0471608570267782
870,4,86177.6158658084,20188.3151542608,0.190240922280765,0.0445666041657708
871,4,90473.8935515376,21114.217480266,0.199725146473972,0.0466105747568743
872,4,91715.7372208588,21200.1654691795,0.20246657164113,0.0468003087674385
873,4,86227.5274331769,20221.6186033228,0.190351104287,0.0446401230117151
874,4,90462.4683174696,21227.9811653789,0.199699924761297,0.0468617131547111
875,4,207442.443672221,37139.1448546161,0.457938426445106,0.0819863151106776
876,4,86397.2154449596,20198.488847908,0.190725698124823,0.044589063047268
877,4,90585.2064939614,21415.3079203973,0.199970874748255,0.0472752453032224
878,4,91518.1020071042,21679.4548463853,0.20203028311119,0.0478583613979613
879,4,86151.5401376801,20772.2790421224,0.190183358950445,0.0458557304370109
880,4,90455.0119192137,21484.3363143847,0.199683464430307,0.0474276285549959
881,4,91713.7671190741,21451.6368723772,0.202462222553763,0.0473554430815052
882,4,204867.514913187,37127.9631776753,0.452254156614658,0.0819616310612005
883,4,90478.1469320164,21287.0644303464,0.199734536000672,0.0469921420915742
884,4,91461.3909871771,21225.5172750696,0.201905091010828,0.0468562740072001
885,4,86382.7166870205,20118.5221779497,0.190693691471418,0.0444125330644905
886,4,90585.0284304518,21144.1436103226,0.199970481665133,0.0466766380208097
887,4,91559.9249043721,21246.730618067,0.202122609018199,0.0469031034059476
888,4,86135.2158980664,20342.7114580147,0.190147322465002,0.0449074408775756
889,4,212485.107518957,38025.4044998638,0.469070331305976,0.0839427727197474
890,4,91700.1131637804,21299.855541775,0.202432080839795,0.0470203790393098
891,4,86295.478295221,20317.8709307768,0.190501108839055,0.0448526043081927
892,4,90495.2507099636,21453.7969534218,0.199772293351679,0.0473602115565437
893,4,91443.1635990427,21621.7885134061,0.201864853240328,0.0477310604015216
894,4,86368.8371958039,20281.7752281599,0.190663051876863,0.0447729214382592
895,4,90571.2736424733,21445.0189577867,0.199940117358526,0.0473408337405225
896,4,206839.870890201,37561.2780161591,0.456608220211839,0.082918192851439
897,4,86127.2794567658,20615.690625701,0.190129802417627,0.0455100545389345
898,4,90439.6905238774,21282.4068115415,0.199649641768237,0.0469818601907793
899,4,91670.062830496,21246.5715471993,0.202365743391707,0.0469027522499278
900,4,86329.3994680814,20239.5259288402,0.190575991337775,0.044679654229744
901,4,90515.5021592916,21124.9191433033,0.199816999327343,0.046634199154297
902,4,91427.7120694724,21223.3851886636,0.201830743301145,0.0468515673315723
903,4,205318.273554865,36739.9588734915,0.453249226376769,0.0811050942919333
904,4,90554.5462200294,21243.773431532,0.199903190829042,0.0468965752850647
905,4,91637.5722796929,21383.1035838306,0.202294019054846,0.0472041527970265
906,4,86136.0527978869,20653.9980749366,0.190149169958602,0.0455946199379605
907,4,90434.6981995236,21445.6719041691,0.199638620990047,0.0473422751487202
908,4,91642.5566237225,21437.892036339,0.202305022216115,0.0473251007442494
909,4,86355.713819335,20381.775401658,0.190634081439264,0.0449936762716737
910,4,212258.156477845,38470.8038690635,0.468569326782471,0.0849260116493524
911,4,91428.948729613,21567.9468132915,0.201833473283442,0.0476122024523425
912,4,86293.0317061898,20213.8570541364,0.190495707884885,0.0446229890464652
913,4,90531.8476578784,21252.0370273732,0.199853082742915,0.0469148175406479
914,4,91673.5286369952,21355.3985372288,0.202373394313796,0.0471429926736649
915,4,86152.1143978125,20332.624289064,0.190184626655244,0.0448851730031965
916,4,90435.3226782611,21129.4603809549,0.199639999554652,0.0466442241385167
917,4,207375.758517283,36992.0652713794,0.457791215997816,0.0816616303850385
918,4,86377.3703146893,20101.9242255718,0.190681889116561,0.0443758923459395
919,4,90560.3579287908,21217.8079396545,0.199916020434778,0.0468392553061742
920,4,91436.3005029158,21472.7638257624,0.201849702650192,0.047402081771339
921,4,86243.1697712658,20557.7997201089,0.19038563544448,0.0453822577884574
922,4,90510.1238031132,21457.5004960422,0.19980512636672,0.047368387291701
923,4,91700.124687238,21540.5321842012,0.202432106278341,0.0475516834385622
924,4,204602.449108817,37398.7665814491,0.451669012054996,0.082559441626892
925,4,90442.5922560219,21474.9823778002,0.199656047471085,0.0474069793236972
926,4,91562.333962444,21378.5449959994,0.202127927121106,0.0471940895115132
927,4,86395.0261365555,20256.9181634046,0.190720865129087,0.0447180483615705
928,4,90573.6626963516,21294.5133913747,0.199945391301285,0.0470085860045535
929,4,91465.2555458876,21336.259103739,0.20191362219617,0.0471007415224529
930,4,86206.238766776,20167.9514987797,0.190304108608488,0.0445216504900301
931,4,212397.092512809,37948.6808266031,0.468876034262876,0.0837734017965066
932,4,91709.6738288316,21207.9133530095,0.202453186433384,0.0468174125658058
933,4,86208.3061494936,20247.4349079352,0.190308672447844,0.0446971136530782
934,4,90453.0415679236,21241.6557959084,0.199679114792146,0.046891900510182
935,4,91520.3218619898,21404.0230841682,0.202035183539643,0.0472503335250252
936,4,86403.130455954,20184.2096320338,0.190738755774835,0.044557541042742
937,4,90586.7152742388,21422.3849028708,0.199974205447864,0.0472908680569872
938,4,206982.203899122,37619.1778977164,0.456922426663433,0.0830460094167589
939,4,86169.3365922621,20716.2274331237,0.19022264541595,0.04573199401562
940,4,90468.8392228549,21476.1121862056,0.199713988818467,0.0474094734260331
941,4,91715.3769688563,21465.1145351542,0.202465776368802,0.0473851956218967
942,4,86240.6985686003,20582.0147272941,0.190380180154617,0.0454357134944858
943,4,90467.6443017416,21271.1100698864,0.19971135097693,0.0469569221308243
944,4,91488.1530593965,21211.2353989966,0.201964169476274,0.046824746130167
945,4,205482.290966933,36620.6761870122,0.453611302113356,0.0808417724529621
946,4,90583.6316614888,21144.9129929443,0.199967398235485,0.0466783364671876
947,4,91536.9715497041,21249.1081309203,0.202071938466251,0.0469083518713803
948,4,86139.1123517736,20361.1404504868,0.190155924059969,0.0449481236986233
949,4,90450.3864042896,21233.0939440301,0.199673253400258,0.0468729998411232
950,4,91711.8500434955,21309.5830004472,0.202457990524105,0.0470418528372404
951,4,86270.924818888,20371.281082013,0.190446905947319,0.0449705095940172
952,4,212365.784201948,38416.0489429279,0.468806919773303,0.0848051377130896
953,4,91456.6285896209,21597.9231678025,0.201894577806277,0.0476783765889961
954,4,86379.5992949769,20250.1429423702,0.190686809689745,0.0447030917596121
955,4,90582.107537177,21438.1989781388,0.199964033663237,0.0473257783319327
956,4,91574.0664742598,21621.8027482747,0.202153827163084,0.0477310918256276
957,4,86131.6848120836,20560.5560184955,0.190139527435548,0.0453883424398123
958,4,90438.085942664,21269.5118737683,0.199646099583798,0.0469533940417675
959,4,207177.869901582,37183.7538944595,0.457354368071803,0.0820847915514171
960,4,86305.7640270425,20247.6665061521,0.190523815049808,0.0446976249164491
961,4,90503.9852459549,21119.9772448861,0.199791575228602,0.0466232896936064
962,4,91433.2670425113,21228.2575708265,0.201843006151348,0.0468623233320379
963,4,86353.2375956877,20232.2719909926,0.19062861506536,0.0446636408391154
964,4,90561.6597896948,21254.0896790216,0.199918894350661,0.0469193488605132
965,4,91617.9978312873,21410.4197374007,0.202250807588848,0.0472644544217132
966,4,204562.633385771,37247.5440133884,0.45158111707441,0.0822256110778741
967,4,90435.4715281722,21452.6058476554,0.199640328147456,0.0473575821375552
968,4,91660.3002442653,21437.6413794806,0.202344192048127,0.0473245474080792
969,4,86340.7247561745,20433.0495371972,0.190600992415262,0.0451068662077856
970,4,90526.8160439024,21489.6872750845,0.199841975231135,0.0474394410388803
971,4,91426.8798517315,21529.6898552364,0.201828906143445,0.0475277485148444
972,4,86313.7056319914,20177.5032121999,0.190541346496166,0.0445427363224954
973,4,212285.045193237,38195.3311532159,0.468628684818356,0.0843178933694544
974,4,91650.6618543359,21351.2485528739,0.20232291487341,0.0471338313985101
975,4,86139.3045952959,20312.1519821746,0.1901563484461,0.0448399794746366
976,4,90433.597699634,21127.3501837556,0.199636191587564,0.0466395657842868
977,4,91628.5238751126,21200.9750490831,0.202274044299044,0.0468020959511054
978,4,86362.5637905334,20106.5363710231,0.190649203055536,0.0443860738622825
979,4,90546.9233311838,21227.8025695338,0.199886362962666,0.0468613188964348
980,4,207207.713442112,37333.7197007441,0.457420249015683,0.082415847742883
981,4,86273.1220189048,20513.1484999925,0.190451756364141,0.0452836882328882
982,4,90527.9538088631,21461.0470098456,0.199844486897921,0.0473762163787565
983,4,91682.4412518426,21568.1670015348,0.20239306930772,0.0476126885276887
984,4,86161.0039672087,20822.3940031567,0.190204250775309,0.045966361443815
985,4,90441.55764882,21466.5882183379,0.199653763529643,0.0473884488431096
986,4,91588.5997855055,21365.1730214991,0.202185910094451,0.0471645702826961
987,4,205392.284468123,36846.0440708295,0.453412608761574,0.0813392820862831
988,4,90562.6888195954,21285.5425231125,0.199921165979963,0.0469887824136243
989,4,91446.3272776032,21307.9173912031,0.201871837201547,0.0470381759307077
990,4,86230.8734308561,20152.1699575203,0.190358490725788,0.0444868120353567
991,4,90505.5568970654,21112.3852120918,0.199795044718373,0.0466065299433363
992,4,91703.0214975415,21214.6158482609,0.202438501116005,0.0468322086223618
993,4,86187.9894590691,20274.8858107916,0.190263822449556,0.0447577127428113
994,4,212466.43410827,38116.7989943937,0.469029108920841,0.0841445301338516
995,4,91547.0719950643,21395.3933491916,0.202094235648895,0.0472312830010058
996,4,86399.8761669142,20180.5872432367,0.19073157178695,0.0445495444582613
997,4,90576.4892201837,21431.8102373298,0.199951630978436,0.0473116749022716
998,4,91474.6714209089,21706.0735134323,0.201934408159325,0.0479171232901073
999,4,86188.2516948331,20649.3066502134,0.190264401346675,0.0455842634090965
1000,4,90481.2543177752,21465.5595590209,0.199741395693026,0.0473861780318877
1001,4,206956.573181732,37557.3617720576,0.456865845714124,0.082909547568296
1002,4,86218.4503300866,20595.5822719114,0.19033106617796,0.0454656644530397
1003,4,90456.2244184445,21256.4182552725,0.19968614107632,0.0469244892962183
1004,4,91506.9258235796,21201.2893371713,0.202005611188673,0.046802789756047
1005,4,86401.3898603004,20130.1153883774,0.190734913332466,0.044438125592455
1006,4,90588.834582726,21144.4516196993,0.199978883915667,0.0466773179652163
1007,4,91510.3979840558,21251.4550275983,0.20201327613745,0.0469135327502434
1008,4,204769.756460449,36844.3034037501,0.452038350479587,0.0813354394862385
1009,4,90462.8205471628,21247.1225977197,0.199700702324021,0.0469039687184755
1010,4,91715.4159105344,21323.3861041272,0.202465862334289,0.0470723238029087
1011,4,86250.3681984308,20428.9051513718,0.190401526292806,0.0450977172916339
1012,4,90473.8564995921,21475.1735713604,0.199725064680154,0.0474074013919901
1013,4,91472.7176694333,21570.4329830337,0.201930095165992,0.0476176907826932
1014,4,86389.4978568782,20230.333480345,0.190708661205669,0.0446593614905893
1015,4,212210.000808418,38500.2542230112,0.468463020999086,0.0849910246163535
1016,4,91551.3939575256,21617.5589231765,0.202103776573374,0.0477217233928556
1017,4,86135.3315258268,20499.4550607955,0.190147577718429,0.0452534593564467
1018,4,90449.2064733309,21254.5435732147,0.199670648650155,0.0469203508521446
1019,4,91704.5868133685,21253.5966473458,0.202441956620356,0.0469182604711469
1020,4,86286.977050575,20253.9626259812,0.190482341963158,0.044711523881175
1021,4,90491.7820841377,21118.1368017267,0.1997646362058,0.0466192268334248
1022,4,207393.558285886,37029.8704773821,0.45783050977917,0.0817450870597762
1023,4,86370.1334609008,20211.8536649735,0.190665913439753,0.0446185664757291
1024,4,90577.7777930596,21262.4739524903,0.199954475560406,0.0469378575173299
1025,4,91589.7227617775,21437.3729364355,0.202188389114548,0.0473239548081102
1026,4,86127.1413123688,20724.6757686272,0.190129497457723,0.0457506440922294
1027,4,90434.6809391064,21462.2428543845,0.199638582886908,0.047378856258796
1028,4,91678.9131694428,21442.1292482859,0.202385280908808,0.0473344545781954
1029,4,205097.283067012,37092.4581998131,0.452761380039851,0.0818832522424527
1030,4,90509.8960549091,21483.7359142883,0.199804623602424,0.0474263031450629
1031,4,91431.3035409271,21489.5308889422,0.201838671634217,0.0474390958095114
1032,4,86343.895471615,20152.8521932306,0.190607991910707,0.0444883181010495
1033,4,90564.2407683909,21232.4442333648,0.199924591975997,0.0468715655759147
1034,4,91632.1047262715,21346.870880924,0.20228194918734,0.0471241674928564
1035,4,86131.0556685403,20291.5758097954,0.190138138573176,0.0447945566583856
1036,4,212505.279432235,37943.2021940941,0.469114861702272,0.0837613074714213
1037,4,91652.9334405326,21200.3486687618,0.202327929501034,0.0468007131886695
1038,4,86346.5522938585,20118.0664273874,0.190613856964049,0.0444115269748415
1039,4,90534.0449500006,21241.5800521996,0.199857933363063,0.0468917333025739
1040,4,91426.0802857435,21506.3653522096,0.201827141065943,0.0474762586363768
1041,4,86300.4128447945,20462.1421012171,0.190512002076846,0.0451710893375977
1042,4,90541.0308626807,21464.1057742435,0.199873355076206,0.0473829687372923
1043,4,206832.414750708,37709.1263515966,0.456591760452079,0.083244574631774
1044,4,86146.6136050726,20841.8951875967,0.190172483410463,0.0460094111763491
1045,4,90433.087039055,21459.5688972943,0.19963506428161,0.0473729533795173
1046,4,91613.8914581545,21357.4836807385,0.202241742587407,0.0471475957207601
1047,4,86370.8400235849,20318.2533956424,0.190667473208323,0.0448534486164047
1048,4,90556.2322768174,21274.0796036214,0.199906912874438,0.0469634775087007
1049,4,91433.1454291034,21280.8530865792,0.201842737684337,0.0469784302737778
1050,4,205110.992713152,36591.4007460015,0.45279164469384,0.080777145614054
1051,4,90516.8450102806,21117.1059061446,0.199819963730663,0.0466169510855481
1052,4,91691.5883018049,21224.0190641984,0.202413261827593,0.0468529666400254
1053,4,86169.6079323199,20305.2061764502,0.190223244411204,0.0448246462993833
1054,4,90440.3785404135,21264.7409490447,0.19965116059536,0.0469428620131144
1055,4,91575.0751091296,21385.4540260375,0.202156053769448,0.0472093415028026
1056,4,86384.5095502409,20189.9925787674,0.190697649296767,0.0445703071550212
1057,4,212212.838093062,38504.6916611211,0.468469284431209,0.0850008204584654
1058,4,91460.2027950904,21710.1871507292,0.201902468023917,0.047926204327514
1059,4,86214.1510756573,20576.1884675416,0.190321575382473,0.0454228517667897
1060,4,90495.2846187151,21452.4225684,0.199772368206757,0.0473571775404421
1061,4,91706.9837140142,21492.645113188,0.202447247885204,0.0474459705981297
1062,4,86198.6080978303,20599.8455940203,0.190287263567194,0.0454750759263306
1063,4,90450.7873441126,21243.8283272011,0.199674138492761,0.0468966964696972
1064,4,207438.503646731,37048.3159485883,0.45792972866349,0.0817858062583628
1065,4,86397.9973276495,20134.711106682,0.190727424165657,0.0444482708451407
1066,4,90583.3927369077,21142.3694686063,0.199966870798839,0.0466727215240144
1067,4,91487.4351533251,21254.8725650538,0.201962584666672,0.0469210771162709
1068,4,86178.4315396198,20390.9938226139,0.190242722917005,0.0450140263461912
1069,4,90469.2516068902,21262.2875971878,0.199714899174578,0.046937446129706
1070,4,91716.9678184622,21341.8945609595,0.202469288240106,0.0471131820450682
1071,4,204757.982118012,37054.0592396804,0.452012358094651,0.0817984848290487
1072,4,90461.8900544339,21481.7658275471,0.199698648219911,0.0474219540909046
1073,4,91491.899916155,21541.4951593012,0.201972440829319,0.0475538092489519
1074,4,86400.2609068981,20226.9626594744,0.190732421117587,0.044651920253502
1075,4,90589.345674748,21435.4592796485,0.199980012174052,0.0473197303255874
1076,4,91524.5879659443,21606.9002119463,0.202044601153981,0.0476981938134588
1077,4,86148.3137122492,20434.1237408673,0.190176236472717,0.0451092375601939
1078,4,212461.160060441,38111.6590429453,0.469017466225543,0.0841331834622804
1079,4,91715.9492052008,21256.3834833919,0.202467039605999,0.0469244125357444
1080,4,86270.7095809138,20260.038559003,0.190446430799912,0.0447249367737244
1081,4,90479.0360566162,21118.5609599721,0.199736498782796,0.0466201631816281
1082,4,91466.5601883228,21243.5341668934,0.201916502252408,0.0468960470977266
1083,4,86388.8760667001,20188.2708769074,0.190707288576178,0.0445665064215425
1084,4,90583.3655342669,21268.8820167749,0.199966810747799,0.0469520036044232
1085,4,206873.027111275,37471.6859313247,0.456681414045447,0.0827204143369524
1086,4,86132.1421800006,20744.1732329123,0.190140537095579,0.0457936856123558
1087,4,90443.3773185272,21471.6236214557,0.199657780531504,0.0473995647195883
1088,4,91698.2155564256,21451.7388300697,0.202427891787108,0.047355668157649
1089,4,86301.5339931122,20541.4070544692,0.190514477061653,0.045346070249517
1090,4,90504.1526423804,21474.802359587,0.199791944763661,0.0474065819254799
1091,4,91433.0331905393,21449.57535225,0.201842489912712,0.0473508921840784
1092,4,205400.461397689,36649.2564277393,0.453430659697498,0.0809048646063049
1093,4,90571.2412005212,21227.0520389598,0.199940045741473,0.0468596620667911
1094,4,91607.4819182278,21338.6303223623,0.202227593242768,0.0471059760930928
1095,4,86128.7329800113,20269.47422062,0.190133011134879,0.0447457664166696
1096,4,90436.4557340318,21124.3178680001,0.199642500825692,0.046632871812306
1097,4,91671.7022712017,21201.344251677,0.202369362530026,0.0468029109822623
1098,4,86331.2732548651,20135.2488097527,0.190580127805491,0.0444494578485993
1099,4,212292.011500403,38205.5010860705,0.468644063251456,0.0843403439488346
1100,4,91428.2299163678,21516.7456420062,0.201831886471213,0.0474991735880683
1101,4,86327.114810178,20408.6082085369,0.190570947853777,0.0450529108870287
1102,4,90553.8935988174,21463.036116238,0.199901750138672,0.047380607419641
1103,4,91643.941450694,21622.2039425643,0.202308079283285,0.0477319774798768
1104,4,86137.130697769,20848.966228033,0.190151549470562,0.0460250208128023
1105,4,90431.6643606186,21452.2954061609,0.199631923655646,0.0473568968241401
1106,4,207318.066553847,37334.6029437827,0.457663858421003,0.0824177975411987
1107,4,86354.767332627,20347.4783452798,0.190631992027733,0.0449179639933592
1108,4,90538.5506839047,21260.0955723507,0.19986787997118,0.0469326071373242
1109,4,91428.704570818,21255.3984387676,0.201832934292036,0.0469222380058977
1110,4,86287.7109762109,20139.1145247827,0.190483962136662,0.0444579915865683
1111,4,90533.0792306582,21122.2060229145,0.199855801494636,0.0466282098202937
1112,4,91674.3361001556,21233.8003548022,0.202375176824658,0.0468745592743409
1113,4,204559.208154307,36804.6513096779,0.451573555723516,0.0812479057238934
1114,4,90436.074376818,21276.3952363364,0.19964165896267,0.0469685893709744
1115,4,91605.8080454268,21376.5474718536,0.202223898094065,0.0471896798880634
1116,4,86376.7069781423,20209.787333157,0.190680424771613,0.0446140049562839
1117,4,90560.2910136968,21457.7810459147,0.19991587271673,0.0473690066180301
1118,4,91440.8959010136,21707.7915675997,0.201859847196007,0.0479209159711424
1119,4,86242.2256795904,20500.6660723046,0.19038355132009,0.045256132718248
1120,4,212358.109024798,38410.3375053957,0.468789976478168,0.084792529460555
1121,4,91700.6642957613,21503.5257010182,0.20243329748817,0.0474699899799957
1122,4,86181.1027715764,20595.0137871533,0.19024861978043,0.0454644094976363
1123,4,90444.9670676235,21232.3708500185,0.199661289973385,0.0468714035789119
1124,4,91560.9943029724,21192.7797067961,0.202124969763202,0.0467840043682805
1125,4,86393.8371299082,20139.2852001268,0.190718240343998,0.044458368359986
1126,4,90574.1192550811,21138.02422322,0.199946399174999,0.046663129201443
1127,4,207056.287596726,37111.84342044,0.457085969722923,0.0819260459797082
1128,4,86200.4348770782,20398.8494042756,0.190291296263683,0.045031367892315
1129,4,90486.0083745969,21277.8601749118,0.199751890485035,0.0469718232880753
1130,4,91713.4425432998,21362.1015722268,0.202461506038296,0.0471577899217354
1131,4,86213.1241668323,20548.5257179485,0.19031930843554,0.0453617850159573
1132,4,90455.710325767,21485.8351939096,0.199685006193856,0.0474309373982534
1133,4,91519.8454318074,21513.0987402196,0.202034131798812,0.0474911228900722
1134,4,205480.480982116,36798.4182201257,0.45360730649132,0.0812341459013089
1135,4,90584.5917411114,21435.2765082874,0.199969517653979,0.0473193268496737
1136,4,91501.796008355,21589.4476141326,0.201994286893267,0.047659666427073
1137,4,86168.9090382412,20368.9104360289,0.190221701571421,0.0449652762875038
1138,4,90464.9622264764,21222.8532187946,0.199705430176419,0.0468503929844115
1139,4,91716.7278977056,21259.9004583273,0.202468758604358,0.0469321764144341
1140,4,86243.8860699475,20263.7819613125,0.190387216705698,0.0447332005009193
1141,4,212404.393103914,37959.2805696025,0.468892150642647,0.0837968012009097
1142,4,91477.8667564945,21249.7983679845,0.201941462004836,0.046909875600418
1143,4,86394.421452649,20166.8853991756,0.190719530262453,0.0445192970277082
1144,4,90589.2369370996,21275.2819176234,0.199979772130854,0.0469661316703681
1145,4,91541.6141869899,21492.393341219,0.202082187294676,0.0474454148003033
1146,4,86139.2095862523,20751.7906745624,0.190156138709408,0.0458105014538058
1147,4,90451.6405388054,21480.3925096204,0.199676021958016,0.0474189224304632
1148,4,207097.852395045,37520.4416737209,0.457177725865015,0.0828280448081221
1149,4,86276.3946267203,20592.8590814168,0.190458980791538,0.0454596528888298
1150,4,90486.8890165397,21464.1671300287,0.199753834541316,0.0473831041829188
1151,4,91451.5449458146,21410.8240814912,0.201883355436331,0.047265347029288
1152,4,86376.3535108928,20138.343214654,0.190679644476929,0.0444562888851327
1153,4,90577.4412725008,21223.7605933257,0.199953732676296,0.046852396054071
1154,4,91580.0611115887,21327.3112441343,0.202167060591774,0.0470809887241592
1155,4,204609.23880585,36661.7406499087,0.451684000613366,0.080932424082343
1156,4,90441.0282105181,21123.0932014247,0.199652594771029,0.046630168306338
1157,4,91686.0104486379,21201.9563998187,0.202400948468489,0.0468042623265282
1158,4,86306.7740471239,20158.0637208161,0.190526044714087,0.0444998227801287
1159,4,90505.0882799018,21273.676331322,0.199794010225129,0.0469625872671526
1160,4,91429.7449494407,21522.8402393573,0.201835230974147,0.0475126276829552
1161,4,86349.4476567106,20355.514424756,0.190620248606401,0.0449357039964414
1162,4,212252.26105088,38467.0464053754,0.468556312365075,0.0849177168810386
1163,4,91623.0903970624,21646.9590273984,0.202262049654436,0.0477866254313508
1164,4,86132.123681816,20840.7950791089,0.190140496260013,0.0460069826379029
1165,4,90434.4742487687,21445.459595124,0.199638126608789,0.0473418064670547
1166,4,91659.4159661208,21355.6647477976,0.202342239964769,0.0471435803453429
1167,4,86336.3350686799,20375.1925450442,0.190591301984759,0.0449791443227347
1168,4,90526.7315547492,21244.0609832167,0.199841788717569,0.0468972100682059
1169,4,207282.369194213,36997.7658344511,0.457585054910933,0.0816742146317177
1170,4,86314.5262518346,20136.6129156462,0.190543158050991,0.0444524691730675
1171,4,90545.8234147139,21130.5691190859,0.199883934848107,0.046646671727284
1172,4,91656.4346371018,21244.8885088272,0.202335658548279,0.0468990368678194
1173,4,86140.7266650749,20371.6872402137,0.190159487728425,0.0449714062063209
1174,4,90431.5107065575,21286.6775586053,0.199631584457468,0.0469912880549885
1175,4,91624.5026131361,21369.9722519141,0.202265167184268,0.0471751647974226
1176,4,205307.462604038,36783.1353904417,0.453225360721687,0.0812004083746329
1177,4,90551.8475317563,21471.5006144851,0.199897233354576,0.0473992931762262
1178,4,91431.097252033,21697.382081984,0.201838216242302,0.047897936568381
1179,4,86271.1007143,20427.2277547676,0.190447294244269,0.045094014363979
1180,4,90524.37448869,21422.3994503364,0.199836585389345,0.0472909001711651
1181,4,91684.5938326044,21513.2301361301,0.20239782122555,0.0474914129523924
1182,4,86162.9246834837,20581.2373214974,0.190208490841966,0.0454339973365918
1183,4,212488.765561787,38035.8133081049,0.469078406598321,0.0839657506271742
1184,4,91588.2568426347,21192.0356333815,0.202185153032801,0.0467823617931034
1185,4,86385.5307905079,20141.8643775574,0.190699903730105,0.0444640620089481
1186,4,90566.7776278473,21134.9880506178,0.199930192206148,0.0466564267153013
1187,4,91448.5032706275,21270.0726924873,0.201876640802989,0.0469546320740484
1188,4,86225.7389580244,20400.259943283,0.190347156148507,0.0450344817199487
1189,4,90499.645672818,21295.0688762097,0.199781995427774,0.0470098122620481
1190,4,206897.817862605,37387.3110333401,0.456736140732298,0.0825341529946226
1191,4,86188.5579026031,20607.0703685525,0.190265077313955,0.0454910249376424
1192,4,90445.109187448,21488.4974782026,0.199661603709222,0.0474368145093127
1193,4,91543.317338806,21486.9078077027,0.202085947078107,0.0474333052409374
1194,4,86398.0316989628,20256.754847044,0.190727500041861,0.0447176878334363
1195,4,90582.1282168253,21435.9023263845,0.199964079314481,0.0473207083709745
1196,4,91475.5616486046,21567.3227409576,0.201936373376582,0.0476108247848915
1197,4,204880.821004518,36755.748119363,0.452283530403446,0.0811399497548808
1198,4,90479.2787639574,21207.1478561916,0.199737034570053,0.0468157226975125
1199,4,91714.3495895234,21262.6226214137,0.202463508383202,0.0469381857105946
1200,4,86221.8203341845,20265.972740505,0.190338505611985,0.0447380367434856
1201,4,90458.3785287603,21125.3027172349,0.199690896370709,0.0466350459108216
1202,4,91500.1741790033,21254.2429908403,0.201990706632796,0.046919687303176
1203,4,86397.8510435275,20146.7013334931,0.190727101236948,0.0444747398044405
1204,4,212201.274433253,38216.7907154599,0.468443757137549,0.0843652663081466
1205,4,91517.198801629,21520.0981695162,0.202028289244907,0.0475065744417478
1206,4,86157.6828117393,20743.2013573724,0.190196919176805,0.0457915401538491
1207,4,90461.1504556865,21488.5882605213,0.199697015522761,0.0474370149153215
1208,4,91715.7677645944,21484.9814221496,0.202466639067786,0.0474290526590968
1209,4,86256.7854960124,20642.9436579512,0.190415692762813,0.0455702168204983
1210,4,90474.9272633399,21449.9035695919,0.19972742843878,0.0473516167384676
1211,4,207428.119056674,37161.2426053947,0.457906804218781,0.0820350968789618
1212,4,86389.9467100717,20145.5323925886,0.190709652069069,0.0444721593153711
1213,4,90586.9301853017,21221.1953978034,0.1999746798736,0.0468467332707937
1214,4,91555.5180154103,21314.0034866115,0.202112880614691,0.0470516112571779
1215,4,86132.252345139,20234.1802110682,0.190140780290025,0.044667853319856
1216,4,90449.699916192,21122.3412726923,0.199671737947231,0.0466285083901974
1217,4,91698.7122533153,21205.2318189407,0.202428988267597,0.0468114929600097
1218,4,204975.6541195,36663.8063801672,0.452492878725232,0.080936984273822
1219,4,90492.200556334,21291.0172273461,0.199765560001797,0.0470008680668668
1220,4,91443.0230630441,21522.3601597981,0.201864543000857,0.0475115678859629
1221,4,86373.0968612237,20307.2511332717,0.19067245527785,0.0448291606325757
1222,4,90575.0388728247,21460.0162341355,0.199948429272095,0.0473739408955027
1223,4,91593.1732862055,21668.9886830165,0.202196006300786,0.0478352568765376
1224,4,86127.9951035555,20817.4520733216,0.190131382239765,0.045955451913768
1225,4,212499.168882071,38290.8843059763,0.469101372390839,0.0845288312066799
1226,4,91679.6042586065,21361.3434133634,0.202386806518893,0.0471561162523033
1227,4,86322.2518355247,20399.6840836773,0.190560212620807,0.0450332104842411
1228,4,90513.4539244473,21227.774805476,0.199812477757769,0.0468612576060416
1229,4,91427.4176366995,21213.2049390462,0.201830093327696,0.046829093977479
1230,4,86338.6941002024,20136.3030392776,0.190596509651831,0.044451785107193
1231,4,90562.3860240109,21139.050951721,0.199920497545235,0.0466653957503023
1232,4,206826.927252846,37122.144737438,0.456579646556332,0.0819487865954321
1233,4,86130.2130082021,20405.7536153014,0.190136278362978,0.0450466092454202
1234,4,90434.2817572568,21295.7127396259,0.19963770167521,0.0470112336191939
1235,4,91645.282512379,21365.0434209499,0.202311039736638,0.0471642841837161
1236,4,86346.2133618196,20281.0531894489,0.190613108756489,0.044771327505671
1237,4,90536.8580377032,21484.8188476074,0.19986414337936,0.0474286937685598
1238,4,91426.8669516554,21679.8232285351,0.201828877665953,0.0478591746179515
1239,4,205226.016477805,36876.7342999316,0.453045564773341,0.0814070321328669
1240,4,90534.7552835273,21406.9704392978,0.199859501455936,0.0472568399426432
1241,4,91668.046590274,21520.4490688391,0.202361292451686,0.0475073490676194
1242,4,86146.7269837669,20557.8545998693,0.190172733698977,0.0453823789379708
1243,4,90434.5810694655,21212.7087834462,0.199638362420231,0.0468279986919111
1244,4,91611.4133811823,21193.2447847358,0.202236272122206,0.0467850310485303
1245,4,86375.012947517,20145.8506181411,0.190676685123616,0.0444728618124405
1246,4,212232.922980986,37972.9670482382,0.46851362271516,0.0838270147116024
1247,4,91436.5479414689,21279.4585549835,0.20185024888181,0.0469753517832181
1248,4,86255.9714780787,20393.3678410377,0.190413895781998,0.0450192670975155
1249,4,90516.0476226696,21309.9269605754,0.199818203462025,0.047042612144531
1250,4,91694.2243413175,21413.9097616869,0.202419081002131,0.0472721588056454
1251,4,86173.9071192544,20663.4859838108,0.190232735057693,0.0456155649190511
1252,4,90439.110930619,21489.7085615607,0.199648362290325,0.0474394880297238
1253,4,207414.143236434,37303.0692293864,0.45787595197362,0.0823481854632895
1254,4,86387.3468020338,20287.7892847323,0.190703912656369,0.0447861977357929
1255,4,90573.6991053708,21435.5652347267,0.199945471675815,0.0473199642261379
1256,4,91460.7544118192,21538.0548403398,0.201903685742395,0.0475462145917363
1257,4,86211.5281055507,20250.5073531171,0.19031578505923,0.0447038962125537
1258,4,90488.2856395058,21191.7038050333,0.199756917648669,0.046781629267257
1259,4,91711.7928051261,21264.8722120342,0.202457864167858,0.0469431517820053
1260,4,204665.800710792,36713.5983982172,0.451808863535762,0.0810469023696161
1261,4,90447.8081551343,21131.6574613407,0.199667561800505,0.0466490742912473
1262,4,91531.1455263876,21257.065877662,0.202059077260498,0.0469259189514649
1263,4,86398.5604321502,20130.0056553026,0.190728667243903,0.0444378833518088
1264,4,90584.0147788344,21287.6859644802,0.199968243984076,0.0469935141558355
1265,4,91491.3328989604,21545.5703440195,0.201971189113628,0.0475628054005799
1266,4,86170.8292728845,20721.0323578774,0.190225940574855,0.0457426011008525
1267,4,212429.936090868,38370.863350612,0.468948537923117,0.0847053885071083
1268,4,91717.2333815607,21505.7993819896,0.202469874482465,0.0474750092319281
1269,4,86232.3192384005,20687.9975123941,0.190361682410287,0.0456696752092623
1270,4,90462.7641568965,21435.4127412778,0.199700577839998,0.0473196275900629
1271,4,91489.3450106704,21346.1509203491,0.201966800761758,0.0471225781478462
1272,4,86397.2219011571,20158.9887512059,0.190725712377166,0.0445018648258819
1273,4,90587.5951241587,21218.7719738175,0.199976147755719,0.0468413834544926
1274,4,206923.796625273,37052.2013630985,0.456793490007049,0.0817943834838111
1275,4,86145.8839434543,20221.8614314716,0.190170872649968,0.0446406590656604
1276,4,90453.055260644,21123.173842325,0.199679145019435,0.0466303463247144
1277,4,91709.0009148173,21209.8972506637,0.20245170094575,0.046821792108169
1278,4,86266.4592589703,20220.0316987697,0.190437048025065,0.0446366198492902
1279,4,90480.3071575435,21308.4744581682,0.199739304794662,0.0470394056808248
1280,4,91461.5785939573,21518.0597707288,0.201905505161145,0.0475020745857074
1281,4,205456.787783476,36791.0034118013,0.453555002700879,0.0812177773819434
1282,4,90583.6004729703,21458.9569703532,0.199967329385442,0.0473716025235615
1283,4,91569.3955892962,21686.9327972262,0.202143515976653,0.0478748693072421
1284,4,86131.1661168668,20779.4553838597,0.190138382392772,0.0458715725307724
1285,4,90441.3755524565,21429.640722631,0.199653361543816,0.0473068856020216
1286,4,91694.6743437738,21367.3898678159,0.202420074402581,0.0471694640695992
1287,4,86299.8818291597,20421.1257049724,0.190510829836199,0.04508054381749
1288,4,212329.96686208,38018.6782088326,0.468727851401526,0.0839279241329485
1289,4,91438.8230322446,21198.6664054498,0.201855271245948,0.0467969995175408
1290,4,86355.614101953,20135.955875172,0.190633861308705,0.0444510187269798
1291,4,90570.9429140864,21146.8394722647,0.199939387260893,0.0466825892560238
1292,4,91610.9932017238,21267.8583893436,0.202235344557352,0.0469497439013131
1293,4,86125.0880993112,20440.6163019974,0.190124964898522,0.0451235701778341
1294,4,90436.8995843215,21306.3959191581,0.19964348064496,0.0470348172134565
1295,4,207248.054746104,37212.5632027637,0.457509304239599,0.0821483893816307
1296,4,86332.8136084483,20328.8712484979,0.190583528204578,0.0448768879991211
1297,4,90522.6608038051,21496.4832082356,0.199832802353695,0.0474544433637584
1298,4,91425.4316669473,21655.5595749764,0.201825709211084,0.0478056115228887
1299,4,86324.20842476,20301.3226170586,0.19056453187862,0.044816073169192
1300,4,90552.7515909965,21392.8472334825,0.199899229105583,0.0472256623372652
1301,4,91647.7088012048,21524.3805506529,0.202316395877201,0.0475160279886905
1302,4,204546.68802822,37007.6446767109,0.451545916987982,0.0816960226156552
1303,4,90436.5976385488,21204.2113176254,0.199642814086229,0.0468092401579397
1304,4,91634.9266597514,21194.7130236343,0.202288178731084,0.0467882722512413
1305,4,86359.7670132476,20150.4172235614,0.19064302904521,0.0444829427971386
1306,4,90543.4186054515,21129.609300364,0.199878626124637,0.0466445528847398
1307,4,91427.8111388837,21291.598858027,0.20183096200128,0.0470021520424797
1308,4,86280.1128191197,20377.7417002613,0.190467188866734,0.0449847716963243
1309,4,212318.780188447,38176.0997415002,0.468703156321629,0.0842754391722154
1310,4,91680.0136641863,21442.6993868832,0.202387710299931,0.0473357131845225
1311,4,86154.6100654428,20716.6327534773,0.190190135952606,0.0457328887783389
1312,4,90439.7086468285,21490.6705539571,0.199649681775459,0.0474416116707516
1313,4,91596.9508971999,21449.5316642213,0.202204345545175,0.0473507957408106
1314,4,86380.8680372631,20325.1503196049,0.190689610494806,0.0448686738829932
1315,4,90565.1600400923,21434.3204552176,0.199926621309189,0.0473172163199738
1316,4,207135.658575816,37217.8704837102,0.457261184691598,0.0821601054405159
1317,4,86238.014099707,20203.231875443,0.190374254070065,0.0445995334916356
1318,4,90508.4650979254,21178.6610895722,0.199801464701199,0.0467528368924224
1319,4,91701.5941399708,21266.4095657068,0.202435350160645,0.0469465455586562
1320,4,86182.5616364485,20266.2853890726,0.19025184028956,0.0447387269291126
1321,4,90442.0739768311,21137.6026970516,0.199654903346706,0.0466621986636665
1322,4,91553.3186177182,21258.4226874018,0.202108025346404,0.0469289141693491
1323,4,205447.427461793,36593.9232365442,0.45353433937419,0.0807827141241882
1324,4,90577.2440791385,21295.2093466037,0.199953297363173,0.0470101223566945
1325,4,91467.2992636448,21568.9121089082,0.201918133794073,0.0476143333853759
1326,4,86195.1181471114,20683.7506160498,0.190279559345665,0.0456602999965778
1327,4,90482.421337757,21497.9735942479,0.199743971941573,0.0474577334572087
1328,4,91712.8420913953,21528.269248495,0.202460180513994,0.0475246124622399
1329,4,86219.4555614401,20725.5884947735,0.19033328527091,0.0457526589758174
1330,4,212439.543612808,38250.2161425149,0.468969746955373,0.0844390544259389
1331,4,91514.7527413585,21321.9011144059,0.202022889458,0.0470690456220107
1332,4,86400.8338572234,20176.5620537826,0.190733685930929,0.0445406586734039
1333,4,90585.2886622302,21215.1769641281,0.199971056138365,0.0468334473106106
1334,4,91504.0065372984,21281.3342539515,0.201999166734288,0.0469794924721662
1335,4,86163.2406919633,20213.5454961062,0.190209188444748,0.0446223012682481
1336,4,90465.7864635591,21126.2466242552,0.199707249716461,0.0466371296275766
1337,4,207020.326541801,37043.9910343339,0.457006584093762,0.0817762588176699
1338,4,86245.4993170518,20257.2198630803,0.190390778020477,0.0447187143770316
1339,4,90471.4068224514,21324.1318369979,0.199719656908845,0.0470739700414088
1340,4,91475.9722677903,21508.3313928039,0.201937279836709,0.0474805987584856
1341,4,86392.2719254302,20237.3627806605,0.190714785085455,0.0446748789838683
1342,4,90585.9686654901,21460.5897412155,0.199972557275824,0.047375206937905
1343,4,91541.4142546145,21700.1933822354,0.20208174593506,0.0479041426388002
1344,4,204683.200016975,37266.1841019722,0.451847273278502,0.0822667599029833
1345,4,90449.3314394916,21417.8435502554,0.199670924518516,0.0472808428189801
1346,4,91708.0096535521,21375.7876620132,0.202449512692392,0.047188002574026
1347,4,86282.5262623454,20438.1955238853,0.190472516650063,0.045118226202417
1348,4,90484.5890508601,21196.1815320473,0.19974875726472,0.0467915140489177
1349,4,91452.2535662374,21188.5176277942,0.201884919747451,0.0467745956392038
1350,4,86377.2958470241,20134.770356004,0.190681724725876,0.0444484016406559
1351,4,212226.250843613,37982.0622136389,0.468498893674972,0.0838470926939966
1352,4,91583.9130801179,21280.972419484,0.20217556398373,0.046978693706476
1353,4,86130.3665455915,20472.6363306671,0.190136617303598,0.0451942558161449
1354,4,90439.1202150304,21318.5565277809,0.199648382786077,0.0470616622981884
1355,4,91684.9151989961,21368.6875702776,0.202398530656162,0.0471723288055365
1356,4,86312.6077658492,20382.2546482935,0.190538922907798,0.04499473422995
1357,4,90507.2924098524,21505.8905120089,0.199798875940088,0.0474752104055014
1358,4,207347.106089117,37340.5956552087,0.45772796448749,0.0824310267183718
1359,4,86346.9432890435,20255.2286793805,0.190614720103321,0.0447143187503985
1360,4,90563.6768477478,21380.7928512195,0.199923347096081,0.0471990517519503
1361,4,91621.7316943453,21523.9858514369,0.20225905025772,0.0475151566726055
1362,4,86128.720006183,20484.4514588328,0.190132982494576,0.0452203382373923
1363,4,90433.5231357703,21194.8791828194,0.199636026984517,0.0467886390550372
1364,4,91660.4710576321,21196.5239812673,0.202344569126236,0.0467922700208111
1365,4,205203.034336709,36613.222054026,0.452994830674071,0.0808253171226555
1366,4,90531.1525439578,21130.8146834685,0.199851548247999,0.0466472138215873
1367,4,91428.1174640751,21303.7803260452,0.201831638227772,0.0470290431752553
1368,4,86311.7272947188,20355.0346344133,0.190536979228593,0.0449346448379072
1369,4,90546.4860593048,21335.8298827984,0.199885397665532,0.0470997939981245
1370,4,91656.7153472823,21471.9532260075,0.202336278228495,0.0474002923363051
1371,4,86143.5233980565,20761.3217464313,0.190165661640948,0.0458315417191282
1372,4,212501.963771605,38330.0480402968,0.469107542233868,0.084615286893139
1373,4,91620.7230121497,21439.7669932674,0.202256823546883,0.0473292397951122
1374,4,86367.6735780085,20367.9315177876,0.190660483138794,0.0449631152819202
1375,4,90551.3195864383,21429.632606859,0.199896067891791,0.0473068676860937
1376,4,91432.1115916028,21468.7787995232,0.201840455442045,0.0473932846485659
1377,4,86266.7956214227,20164.8792281305,0.190437790560148,0.0445148683158434
1378,4,90520.579759532,21169.2806545842,0.199828208355847,0.0467321291647187
1379,4,206855.008422482,37092.4337647267,0.456641636988032,0.0818831983009119
1380,4,86166.939421136,20265.585210924,0.190217353554005,0.0447371812546888
1381,4,90438.3496114842,21142.7559467867,0.199646681644453,0.0466735746917975
1382,4,91583.1718661652,21257.8505724858,0.202173927720943,0.0469276512002107
1383,4,86387.5753833754,20117.8874651259,0.190704417259853,0.0444111319076846
1384,4,90567.4544040722,21306.6746221307,0.199931686219784,0.047035432462672
1385,4,91453.610547924,21589.5097478857,0.201887915344916,0.0476598035900981
1386,4,205000.974852565,37183.8527207712,0.452548775370348,0.0820850097148983
1387,4,90496.8569187412,21498.9884479405,0.199775839129038,0.0474599737919003
1388,4,91706.8315820526,21551.1130656589,0.202446912047128,0.0475750412052726
1389,4,86191.8790889347,20756.676577269,0.190272408980588,0.0458212873014732
1390,4,90447.2396964701,21406.4774258508,0.199666306902705,0.0472557515935177
1391,4,91538.9845364284,21303.984119272,0.202076382224031,0.0470294930578729
1392,4,86394.1659677109,20197.1626268157,0.190718966268082,0.0445861353551845
1393,4,212202.751328369,38066.9930212847,0.468447017449246,0.0840345812316436
1394,4,91480.330729044,21264.0316877777,0.201946901333896,0.0469412962873024
1395,4,86183.3009992842,20210.1861280215,0.190253472465925,0.0446148853136953
1396,4,90477.7579482495,21131.0059985117,0.199733677301695,0.0466476361580595
1397,4,91712.7347293851,21227.5371882069,0.202459943507579,0.046860733055345
1398,4,86225.6650685979,20297.6442111742,0.190346993034309,0.0448079529244981
1399,4,90460.536291289,21339.7292167067,0.19969565972752,0.0471084019512634
1400,4,207442.957905149,37217.8949941269,0.45793956163718,0.0821601595483517
1401,4,86396.5344566131,20219.4465320488,0.190724194812741,0.0446353280677116
1402,4,90586.8059107477,21463.8729247751,0.199974405531991,0.0473824547117281
1403,4,91515.6319175598,21708.1484938547,0.202024830278592,0.047921703901735
1404,4,86149.7441405526,20664.0282925936,0.190179394206857,0.0456167620898241
1405,4,90459.3844577737,21405.8123057382,0.199693117003774,0.0472542833112687
1406,4,91711.8493378228,21384.2574928941,0.202457988966301,0.0472067001026378
1407,4,204856.736046612,36969.5454128146,0.452230361786989,0.0816119167950308
1408,4,90475.9100039092,21184.0263344803,0.199729597882323,0.0467646809093324
1409,4,91463.9947434591,21181.9618036373,0.201910838918698,0.0467601233656164
1410,4,86387.2727816539,20131.5905783603,0.190703749253086,0.0444413821399942
1411,4,90585.3197566296,21158.5523065212,0.199971124780636,0.0467084458589141
1412,4,91555.139142031,21294.814881088,0.202112044234845,0.0470092515565131
1413,4,86134.2183514737,20501.6065700746,0.190145120336504,0.0452582089089313
1414,4,212483.225365927,38142.2405529719,0.4690661763694,0.0842006935066666
1415,4,91699.1287293289,21377.8310811355,0.202429907656932,0.0471925135126791
1416,4,86292.9618888065,20439.6379774323,0.190495553759904,0.0451214104828172
1417,4,90495.5028397759,21511.4548953566,0.19977284993946,0.0474874940293793
1418,4,91440.4704733027,21593.5860320128,0.201858908045402,0.0476688021687199
1419,4,86367.0051992614,20223.7384940952,0.190659007662964,0.0446448027649389
1420,4,90574.1595557324,21372.5799329454,0.19994648814048,0.0471809213693518
1421,4,206842.153702045,37373.2026330388,0.456613259620579,0.082503008073076
1422,4,86131.477218357,20437.9826701625,0.190139069163157,0.0451177563183511
1423,4,90438.6416688114,21184.9937395827,0.199647326374001,0.0467668164991494
1424,4,91677.2732849966,21198.2181217804,0.202381660790912,0.0467960099113901
1425,4,86323.748347769,20162.8071540348,0.190563516238188,0.0445102941200613
1426,4,90514.2159664143,21133.7398897886,0.199814159999325,0.0466536713447225
1427,4,91425.6243878882,21317.5630998663,0.201826134651138,0.0470594692618551
1428,4,205326.911866193,36832.5312624617,0.453268295833465,0.0813094519604358
1429,4,90556.34796366,21345.1348673503,0.199907168258292,0.0471203351656328
1430,4,91634.1474308045,21501.7952565289,0.202286458548505,0.0474661699467736
1431,4,86132.2300137886,20797.7614563341,0.190140730992575,0.045911984000455
1432,4,90432.8290331545,21494.1882339921,0.199634494722102,0.04744937710598
1433,4,91642.4717113686,21434.8950839718,0.202304834768315,0.0473184848385222
1434,4,86353.9931872519,20413.0838393547,0.190630283067365,0.0450627910412429
1435,4,212261.082473208,38337.0391018664,0.468575786047453,0.0846307199726848
1436,4,91425.0611722902,21430.204812675,0.20182489132764,0.0473081308558981
1437,4,86293.4058508654,20138.0846480088,0.190496533825907,0.044455718087756
1438,4,90533.7963972599,21163.0071377963,0.199857384671826,0.0467182800972122
1439,4,91668.9333872325,21267.5556514604,0.202363250095438,0.0469490755939628
1440,4,86149.8844502276,20264.2958730018,0.190179703946709,0.0447343349838448
1441,4,90439.3076967757,21148.6765502233,0.199648796660373,0.0466866446873748
1442,4,207371.000910721,37015.7766069757,0.457780713369598,0.081713974213619
1443,4,86376.7314841183,20124.809616391,0.190680478869645,0.0444264128646664
1444,4,90556.8068186762,21319.7791376784,0.199908181201161,0.0470643612639482
1445,4,91438.1744384762,21605.6046209797,0.201853839446339,0.047695333738741
1446,4,86250.2944182318,20577.4282030544,0.190401363419733,0.0454255885381075
1447,4,90511.6250876743,21495.7937977225,0.199808440519202,0.047452921459369
1448,4,91696.7780679416,21573.9495359676,0.202424718467305,0.0476254537297956
1449,4,204597.170768303,37366.2135928946,0.451657359883403,0.0824875794559167
1450,4,90443.5798347357,21394.2650620116,0.199658227595047,0.0472287922568425
1451,4,91564.1176382378,21291.6374475843,0.202131864664801,0.0470022372306448
1452,4,86392.8726879904,20217.7495521045,0.190716111295543,0.044631581908962
1453,4,90572.0421455027,21201.6102643611,0.199941813863165,0.0468034982171011
1454,4,91458.1407085157,21247.1261500747,0.201897915876032,0.0469039765604573
1455,4,86206.6601662276,20208.7975171303,0.190305038866531,0.0446118198933541
1456,4,212393.535719301,37951.4413246471,0.468868182482917,0.0837794957187923
1457,4,91709.4022838132,21240.7412910818,0.202452586985671,0.0468898817000781
1458,4,86206.2100034363,20342.7691557833,0.190304045112135,0.0449075682479676
1459,4,90449.1049115309,21352.9983654553,0.199670424447961,0.0471376941876575
1460,4,91525.2674668163,21479.3343741584,0.202046101182397,0.0474165865493394
1461,4,86401.7792517027,20215.8963876328,0.190735772931316,0.0446274909659174
1462,4,90583.7911633045,21469.3628571239,0.199967750342842,0.0473945739817124
1463,4,206988.764699289,37569.2989641653,0.456936909921784,0.0829358994511279
1464,4,86171.3974916724,20593.133797177,0.190227194943117,0.0454602593360965
1465,4,90470.7162905124,21389.7890585273,0.199718132528858,0.0472189112799505
1466,4,91715.4723836401,21392.7268414429,0.202465987001183,0.0472253965664799
1467,4,86234.5004127434,20457.1819634672,0.19036649744972,0.0451601396127684
1468,4,90462.6771319817,21172.6363455824,0.199700385728626,0.046739537001939
1469,4,91485.9164944233,21178.9913060109,0.20195923215956,0.0467535658599068
1470,4,205483.464226816,36607.58698914,0.453613892136761,0.0808128774661363
1471,4,90585.6253274971,21162.4848429739,0.199971799341925,0.0467171271081473
1472,4,91530.5020075164,21309.9691061114,0.202057656663951,0.0470427051826775
1473,4,86140.1218336356,20524.7505641829,0.190158152536106,0.045309300305928
1474,4,90452.0108596652,21345.6317763274,0.199676839457794,0.0471214321143142
1475,4,91708.1549197138,21391.5009405558,0.202449833373909,0.047222690335714
1476,4,86273.2332455397,20499.9605442143,0.190452001901887,0.0452545752335897
1477,4,212369.469703643,38441.838134084,0.468815055682315,0.0848620685002915
1478,4,91455.2354717557,21557.7624487343,0.20189150243659,0.0475897200143364
1479,4,86378.418966893,20205.2243210264,0.19068420406297,0.0446039319039329
1480,4,90581.8377698006,21365.852264558,0.199963438139748,0.0471660697419779
1481,4,91571.7913526136,21511.3769097709,0.202148804730798,0.0474873218727281
1482,4,86130.5359650413,20387.2277230625,0.190136991304573,0.0450057125138248
1483,4,90440.1140521421,21172.933933243,0.199650576725731,0.0467401939399437
1484,4,207170.432054315,37062.4099143012,0.457337948692946,0.0818169193149133
1485,4,86305.2885975804,20170.7443876275,0.190522765518112,0.0445278159164565
1486,4,90501.9275929142,21139.189864383,0.199787032867941,0.0466657024061861
1487,4,91435.9187615733,21328.6246508311,0.201848859939189,0.0470838881278944
1488,4,86355.6236752407,20292.5195270158,0.190633882442164,0.0447966399561489
1489,4,90570.2410918482,21351.7034801742,0.199937837957068,0.0471348356707718
1490,4,91616.8260203811,21532.1863420438,0.202248220764122,0.0475332596205755
1491,4,204565.730828169,37404.6549489197,0.451587954816352,0.0825724404601399
1492,4,90433.7381662689,21497.3730242306,0.199636501673912,0.0474564076721676
1493,4,91666.4775937772,21435.3989206424,0.202357828822092,0.0473195970803953
1494,4,86334.0137781835,20459.6170190495,0.190586177632681,0.0451655151063364
1495,4,90524.7777736853,21410.6051330096,0.19983747565892,0.0472648636907707
1496,4,91426.8710251791,21390.9832400211,0.201828886658438,0.0472215474887439
1497,4,86322.5412142921,20119.9512207852,0.190560851437315,0.0444156877401482
1498,4,212281.75124223,38054.5030239943,0.468621413274914,0.084007009006769
1499,4,91653.565675114,21266.3497950227,0.20232932518701,0.0469464136122109
1500,4,86137.5408202718,20263.6322960517,0.190152454834239,0.0447328701081954
1501,4,90435.9197499108,21153.0843725694,0.199641317616891,0.0466963751513699
1502,4,91632.2616813617,21252.824943708,0.202282295672687,0.0469165569010224
1503,4,86364.4847065627,20139.1801984926,0.190653443563159,0.0444581365642056
1504,4,90540.9002418349,21335.6954664748,0.199873066724876,0.0470994972681081
1505,4,207214.978382803,37430.7240377966,0.457436286695578,0.0826299891340169
1506,4,86276.7134184899,20514.7715594763,0.190459684538557,0.0452872712089315
1507,4,90525.0810881464,21491.3389069126,0.199838145239091,0.0474430870896453
1508,4,91684.0752366997,21595.9212658436,0.202396676402011,0.0476739573013288
1509,4,86157.1062291379,20784.3481300221,0.190195646345052,0.0458823734856733
1510,4,90438.5245772447,21382.7803121147,0.199647067889156,0.0472034391603267
1511,4,91594.584472995,21284.3064921036,0.202199121558427,0.0469860538201636
1512,4,205385.353569722,36761.3722943523,0.453397308494901,0.0811523653714686
1513,4,90565.0122719385,21192.1553094014,0.199926295104413,0.0467826259832435
1514,4,91442.121639511,21231.1336000323,0.20186255306829,0.0468686722945046
1515,4,86233.5867613572,20209.3886143937,0.190364480523623,0.0446131247668693
1516,4,90507.6058810819,21150.1402088807,0.199799567941778,0.0466898757789999
1517,4,91703.9331442822,21255.7016465122,0.202440513616757,0.0469229073504879
1518,4,86184.6820069121,20388.4669040772,0.190256521101724,0.0450084480610634
1519,4,212468.871522439,38233.5863536682,0.469034489621094,0.0844023434269661
1520,4,91550.2589395861,21462.0437025001,0.202101270970759,0.0473784166221481
1521,4,86396.3925457991,20225.5635983242,0.190723881538303,0.044648831763749
1522,4,90580.9756088954,21476.7030921053,0.19996153488118,0.0474107778771044
1523,4,91469.2637153371,21704.8254041313,0.20192247040861,0.0479143680332793
1524,4,86193.6494558678,20517.0506529314,0.190276317144382,0.0452923024091626
1525,4,90483.2836880991,21373.7391017022,0.199745875618331,0.0471834802859701
1526,4,206950.50669317,37402.8182957982,0.456852453670639,0.0825683859666356
1527,4,86216.7970415874,20457.6645938647,0.19032741647002,0.0451612050408499
1528,4,90454.3560779834,21163.8846004175,0.199682016631604,0.046720217134999
1529,4,91512.6977617386,21178.175038436,0.202018352999034,0.046751763912908
1530,4,86398.1333110811,20120.9749316731,0.190727724355135,0.0444179476274926
1531,4,90585.668567665,21164.5872838656,0.199971894796519,0.046721768339983
1532,4,91506.4304341939,21325.5412908656,0.202004517594558,0.0470770814735484
1533,4,204779.542423929,37050.7274553819,0.452059953429485,0.0817911297669317
1534,4,90462.6285454776,21360.8819227471,0.199700278471756,0.0471550974912296
1535,4,91714.6081759188,21408.9308623069,0.202464079224178,0.0472611676636826
1536,4,86249.3235641792,20560.8964258677,0.190399220216205,0.0453890939042361
1537,4,90468.3671302609,21513.603362233,0.199712946653056,0.0474922368656246
1538,4,91471.1219123446,21522.0942299343,0.201926572461201,0.0475109808339535
1539,4,86391.1078245611,20201.7781921695,0.190712215280979,0.0445963244211145
1540,4,212208.764005371,38377.5211300523,0.468460290701316,0.0847200858515211
1541,4,91550.257689755,21496.9130915598,0.202101268211701,0.0474553923503281
1542,4,86139.6834290766,20336.3501991723,0.190157184738531,0.0448933981155788
1543,4,90446.4410950235,21161.0957112721,0.199664543954471,0.0467140605380935
1544,4,91701.9407758581,21201.369084696,0.202436115374793,0.0468029658022571
1545,4,86285.0208015568,20181.7528011255,0.19047802345639,0.0445521174791729
1546,4,90492.7083434451,21148.0370843117,0.199766680964443,0.0466852330379162
1547,4,207397.569954645,37112.1416018002,0.457839365716492,0.0819267042283313
1548,4,86371.1683278647,20257.6385201474,0.190668197954632,0.0447196385811391
1549,4,90575.5582908684,21357.333505344,0.199949575910542,0.0471472642018933
1550,4,91585.9570384068,21562.4988395083,0.202180076112617,0.0476001758077588
1551,4,86127.0222022734,20832.4069152781,0.190129234516886,0.0459884653929387
1552,4,90436.5622298021,21500.0518696867,0.199642735919844,0.0474623213427317
1553,4,91685.6478661514,21441.5791172476,0.202400148051514,0.0473332401394452
1554,4,205086.023460786,37100.0087734609,0.452736523958009,0.0818999204698116
1555,4,90511.2950264077,21396.5346293444,0.199807711894267,0.0472338024277347
1556,4,91432.6902050061,21353.993585116,0.201841732756883,0.0471398911793498
1557,4,86344.0306543981,20112.363082033,0.190608290332717,0.0443989365861494
1558,4,90567.4158742848,21157.5233786861,0.199931601163563,0.0467061744549265
1559,4,91628.9653973404,21264.0536966783,0.202275018979012,0.04694134487293
1560,4,86128.6801560517,20264.9604989271,0.190132894523638,0.0447358021751534
1561,4,212505.141032528,37971.498162155,0.469114556178757,0.0838237720802023
1562,4,91658.6428975352,21251.1740599522,0.202340533381462,0.0469129125016604
1563,4,86345.5925784061,20162.0799201743,0.190611738349477,0.0445086887189493
1564,4,90531.2554227049,21352.8548735753,0.199851775357412,0.0471373774229464
1565,4,91424.5616121555,21620.9233814855,0.20182378852641,0.0477291505843051
1566,4,86309.4955591339,20450.3189895535,0.190532052572968,0.0451449892924234
1567,4,90544.4273615231,21484.9986147631,0.199880852998559,0.0474290906125563
1568,4,206831.02420356,37698.6958509632,0.456588690757365,0.0832215488374259
1569,4,86151.6409777845,20780.8876041977,0.190183581559463,0.0458747342209082
1570,4,90431.4849759612,21371.9869052448,0.199631527656032,0.0471796122343105
1571,4,91616.5483102547,21280.7753078534,0.202247607706659,0.0469782585737793
1572,4,86369.9811826566,20256.1086566224,0.190665577278752,0.0447162613393227
1573,4,90547.9390922303,21180.8340928659,0.199888605300381,0.0467576338939007
1574,4,91433.7785123649,21218.8317588888,0.201844135243812,0.0468415154326983
1575,4,205122.136515,36673.2895729641,0.452816245132364,0.0809579188439622
1576,4,90518.3178918895,21162.2502694551,0.199823215182364,0.0467166092766652
1577,4,91691.4432254123,21273.1311712026,0.202412941565,0.0469613838019271
1578,4,86165.2826349999,20436.211813149,0.190213696124876,0.0451138470726834
1579,4,90436.5487729876,21373.8312512728,0.199642706213327,0.0471836837102483
1580,4,91578.5083285876,21447.2567877752,0.202163632754194,0.0473457738498146
1581,4,86387.263232187,20246.265680719,0.190703728172213,0.044694532531963
1582,4,212214.332158517,38548.2211328794,0.468472582647193,0.0850969137046116
1583,4,91449.3883592498,21693.167843255,0.201878594675513,0.0478886334488356
1584,4,86219.4237994108,20441.5579388065,0.190333215154817,0.0451256488829968
1585,4,90498.847248939,21355.0914555046,0.199780232871527,0.0471423147770923
1586,4,91704.081159522,21407.2489003415,0.202440840366987,0.0472574546577897
1587,4,86195.4294059152,20451.3207766721,0.190280246463327,0.0451472007820715
1588,4,90450.986191321,21157.1386342584,0.199674577456823,0.0467053251144798
1589,4,207437.076777555,37001.1413748246,0.457926578786281,0.0816816662873176
1590,4,86399.4643928444,20114.9693592527,0.190730662777366,0.044404690059102
1591,4,90581.7623517902,21165.7009996131,0.199963271651133,0.0467242269170606
1592,4,91485.0688598222,21343.5246301214,0.201957360968455,0.0471167804952877
1593,4,86181.6154666443,20546.0267378082,0.190249751577609,0.0453562684060826
1594,4,90472.3866148486,21376.8785256841,0.199721819844166,0.0471904107041274
1595,4,91714.0178852036,21431.3072979844,0.202462776131154,0.0473105646412838
1596,4,204748.527220298,37222.1970001472,0.451991485987166,0.0821696564180983
1597,4,90462.5934274463,21510.5673804785,0.199700200947139,0.0474855348007878
1598,4,91497.7113930673,21488.7931448005,0.201985269923238,0.047437467206486
1599,4,86397.8430559585,20209.1655118976,0.190727083604034,0.0446126322581803
1600,4,90588.6206202137,21359.5446739548,0.199978411583899,0.0471521454550076
1601,4,91519.0589521128,21478.4915913576,0.202032395609884,0.0474147260687994
1602,4,86149.6031423776,20286.6010919197,0.190179082947111,0.0447835747472797
1603,4,212458.521236973,37998.5346260337,0.469011640905299,0.0838834562774479
1604,4,91713.0958326765,21204.5289972945,0.202460740659165,0.0468099414499473
1605,4,86262.6017762707,20193.7076627337,0.190428532460332,0.0445785083682134
1606,4,90481.7356318209,21157.9348359853,0.199742458215202,0.046707082765226
1607,4,91459.6703948975,21345.4686606344,0.201901292726798,0.0471210720291626
1608,4,86382.3980682816,20224.3468027995,0.190692988106372,0.0446461456334758
1609,4,90583.5286480455,21362.1197288285,0.199967170828724,0.0471578300032418
1610,4,206877.069974713,37622.6046863142,0.45669033884641,0.0830535742050946
1611,4,86134.9089779646,20828.1588321077,0.190146644925218,0.0459790875602829
1612,4,90448.9199303514,21502.3427320882,0.199670016093775,0.0474673785234357
1613,4,91696.6110907831,21452.6763951827,0.202424349857797,0.0473577378743614
1614,4,86295.4841888854,20546.4909793479,0.190501121849581,0.0453572932399422
1615,4,90494.7634263713,21380.6106117506,0.199771217651462,0.0471986494502123
1616,4,91444.846623495,21320.2281994673,0.201868568591708,0.0470653525878322
1617,4,205406.892703388,36607.9571040748,0.453444857091049,0.0808136945113265
1618,4,90571.1825991722,21157.8776859353,0.199939916376387,0.0467069566039473
1619,4,91601.6123101467,21260.4582275429,0.202214635821707,0.0469334077148004
1620,4,86130.6059258937,20269.0760611814,0.190137145746269,0.0447448874619892
1621,4,90439.6973267195,21162.2068453962,0.199649656785814,0.0467165134161226
1622,4,91673.4882180609,21252.472823786,0.2023733050872,0.0469157795806238
1623,4,86327.3525953513,20192.9206177281,0.190571472775129,0.0445767709313368
1624,4,212295.422575928,38360.9996095665,0.468651593352484,0.0846836138597736
1625,4,91425.975312733,21619.9818668193,0.20182690933335,0.047727072148778
1626,4,86329.8938552441,20388.0775105834,0.190577082719439,0.0450075884575961
1627,4,90553.6532007162,21476.8528155102,0.199901219449165,0.047411108398184
1628,4,91639.9920297382,21634.3419778996,0.20229936076076,0.0477587727330717
1629,4,86134.8269959355,20763.123509536,0.190146463946241,0.0458355191913677
1630,4,90434.8729817183,21361.0676619189,0.199639006829521,0.0471555075187175
1631,4,207311.97840151,37240.8108920167,0.457650418553772,0.0822107474127947
1632,4,86354.1959034159,20273.2443337683,0.190630730572319,0.0447540891092299
1633,4,90537.2141383281,21167.8072092882,0.199864929487338,0.0467288764686533
1634,4,91430.9047093847,21208.3982855966,0.201837791195837,0.0468184830760734
1635,4,86290.8867083605,20209.2880762219,0.190490972706716,0.0446129028243807
1636,4,90533.8379640713,21174.4972027421,0.199857476432412,0.046743644926935
1637,4,91673.8802624982,21291.8145603239,0.202374170542743,0.0470026282148999
1638,4,204556.708307216,36999.2060296049,0.45156803719981,0.0816773939266145
1639,4,90433.9670744786,21382.2429722319,0.199637006998973,0.0472022529586215
1640,4,91606.2569026771,21433.83313256,0.202224888966421,0.0473161405335194
1641,4,86378.5016625872,20278.4199269567,0.190684386617395,0.0447655144615284
1642,4,90561.2300592055,21494.7835242028,0.199917945701481,0.047450691235613
1643,4,91434.9209468828,21673.7115099572,0.201846657218853,0.0478456827271942
1644,4,86246.3662716303,20369.3114460585,0.190392691861292,0.0449661615349907
1645,4,212354.40721709,38300.4925026373,0.468781804572908,0.0845500417284131
1646,4,91699.1309763141,21412.1490353073,0.202429912617252,0.0472682719238028
1647,4,86177.3130779578,20438.8144674245,0.19024025386311,0.0451195925478253
1648,4,90444.7056762872,21152.7159259578,0.199660712940377,0.0466955617890776
1649,4,91564.0667038634,21181.8486751897,0.202131752224903,0.0467598736295337
1650,4,86391.9659005179,20110.1302391711,0.190714109521841,0.0443940074861612
1651,4,90573.8800428224,21167.6060806114,0.199945871103292,0.0467284324681483
1652,4,207063.561612149,37257.8606944811,0.457102027435691,0.082248385610521
1653,4,86205.361281743,20541.3980242014,0.190302171521225,0.045346050314799
1654,4,90487.3978629365,21390.9734286262,0.199754957842382,0.047221525829653
1655,4,91711.3828467764,21457.045219437,0.202456959166556,0.0473673822483334
1656,4,86206.869703486,20679.2283907955,0.190305501429354,0.0456503169830714
1657,4,90454.5245050822,21506.3154491961,0.19968238844192,0.0474761484732536
1658,4,91522.0019663421,21459.0751584579,0.202038892444772,0.0473718634290626
1659,4,205478.696483057,36789.8973066633,0.453603367130229,0.081215335605625
1660,4,90582.6353224602,21356.3817620459,0.199965198772738,0.0471451631862062
1661,4,91496.9475508019,21454.3516294656,0.201983583707443,0.0473614360285957
1662,4,86168.0061012434,20240.5611939196,0.190219708297814,0.0446819396234803
1663,4,90468.1637432428,21138.3833577379,0.199712497667161,0.046663922006874
1664,4,91717.576688573,21206.9749979685,0.202470632347973,0.0468153411052922
1665,4,86240.0266876912,20206.4390964651,0.190378696947609,0.0446066135747764
1666,4,212407.863083113,38040.6202237757,0.468899810776156,0.0839763621074449
1667,4,91485.0334201328,21350.1555241292,0.201957282733763,0.0471314184889119
1668,4,86395.4279001846,20195.6670715747,0.190721752040179,0.0445828338504316
1669,4,90581.633670621,21367.0741831564,0.199962987581725,0.0471687671816641
1670,4,91537.8965923705,21617.8566976173,0.202073980539106,0.0477223807431859
1671,4,86140.5849356185,20808.5607604699,0.190159174854343,0.0459358239449481
1672,4,90448.9896409825,21503.2582913503,0.199670169983096,0.047469399661253
1673,4,207090.419343111,37548.9667122683,0.45716131707207,0.0828910151001967
1674,4,86268.7482591446,20585.3321351524,0.19044210109482,0.0454430368199712
1675,4,90480.9788090302,21362.8223793365,0.19974078749521,0.0471593811355089
1676,4,91458.4059843241,21290.0774606852,0.201898501484185,0.0469987934901394
1677,4,86381.8647211324,20117.5285968536,0.190691810718804,0.0444103396900025
1678,4,90583.4914824997,21158.2342479754,0.199967088784128,0.0467077437305192
1679,4,91575.2489232627,21255.806248533,0.202156437471882,0.0469231382641041
1680,4,204615.055744658,36700.0378731133,0.451696841764663,0.0810169669069504
1681,4,90436.6465839064,21168.1537011916,0.199642922135284,0.0467296413649503
1682,4,91689.6658116718,21254.5971198091,0.202409017845065,0.0469204690586348
1683,4,86307.8007566852,20231.2906738188,0.190528311221137,0.0446614745377816
1684,4,90501.2634352647,21389.6108632354,0.199785566710372,0.0472185179059132
1685,4,91430.8746352184,21612.303254841,0.201837724805777,0.0477101212711064
1686,4,86354.0020393972,20332.8669311539,0.19063030260887,0.0448857086464086
1687,4,212249.512735123,38515.0884385521,0.46855024533573,0.0850237718073435
1688,4,91618.8663117852,21648.9925865983,0.202252724798198,0.0477911146037861
1689,4,86127.0911796103,20731.856917,0.190129386787427,0.045766496796853
1690,4,90434.0864133523,21350.1956606609,0.199637270444847,0.0471315070920919
1691,4,91658.7937924992,21283.4638805293,0.20234086648881,0.0469841937176138
1692,4,86337.1975855283,20288.206829309,0.190593206029087,0.0447871194840284
1693,4,90528.2655809871,21156.2097428601,0.19984517514876,0.0467032745453785
1694,4,207288.912005909,36998.453072429,0.457599498458934,0.081675731740139
1695,4,86317.067143499,20205.8498121316,0.19054876718242,0.0446053127033846
1696,4,90551.1203917611,21187.3932193837,0.199895628160676,0.0467721134575967
1697,4,91650.4156860068,21311.5693388404,0.202322371445868,0.0470462377676436
1698,4,86140.1606733654,20531.8758206055,0.190158238276538,0.045325029626584
1699,4,90430.1977278573,21391.0998983981,0.199628685998555,0.047221805017303
1700,4,91628.2454500397,21424.9643253829,0.202273429663305,0.0472965622469776
1701,4,205298.434365802,36897.7727162987,0.453205430483987,0.0814534753732929
1702,4,90544.9933608591,21501.6103277376,0.199882102467282,0.0474657617082368
1703,4,91430.7017226513,21646.9343323039,0.20183734309359,0.0477865709158306
1704,4,86273.660503444,20304.5072807282,0.190452945092726,0.0448231034559731
1705,4,90527.7481692371,21319.8245662587,0.199844032939295,0.0470644615495609
1706,4,91681.4623188401,21414.2926053334,0.20239090826955,0.0472730039500332
1707,4,86162.1244616058,20419.7717134143,0.190206724316557,0.0450775548208672
1708,4,212490.404251816,37963.6718006615,0.469082024079488,0.0838064950389003
1709,4,91588.2291523807,21183.7721929741,0.202185091905333,0.046764119880647
1710,4,86381.5784778997,20107.4900831226,0.190691178824129,0.0443881792241863
1711,4,90562.8202942453,21170.4203711003,0.199921456216104,0.0467346451396498
1712,4,91445.6616968443,21381.3196994828,0.201870367902401,0.0472002147929384
1713,4,86229.9285000288,20525.3861668866,0.190356404748933,0.0453107034271833
1714,4,90502.6578308038,21403.5376949646,0.199788644900581,0.0472492620067564
1715,4,206893.088898334,37564.7214749444,0.456725701333211,0.0829257944399556
1716,4,86188.4759965096,20732.3279298094,0.190264896502608,0.0457675365785917
1717,4,90445.6292790019,21501.0302319118,0.199662751834474,0.0474644811208847
1718,4,91548.145571661,21433.990965216,0.202096605617011,0.0473164889561317
1719,4,86397.9790805922,20254.3601876744,0.190727383884466,0.0447124015163059
1720,4,90577.9279993781,21353.4370242898,0.199954807147539,0.0471386625465566
1721,4,91474.120380068,21425.6411348818,0.201933191712145,0.0472980563340673
1722,4,204891.78608311,36627.2008246586,0.452307736302429,0.0808561758809397
1723,4,90476.373911868,21129.4698108671,0.199730621979788,0.0466442449554673
1724,4,91716.0350300872,21211.0008740073,0.202467229068256,0.0468242284058158
1725,4,86219.775297044,20221.5537572663,0.190333991101485,0.0446399798611593
1726,4,90457.6893057893,21181.7361664228,0.199689374880328,0.0467596252614236
1727,4,91506.5961730059,21350.5967939741,0.202004883470361,0.0471323926117328
1728,4,86398.6873753498,20172.7478855624,0.190728947476666,0.0445322387273118
1729,4,212200.976692419,38383.8020825415,0.468443099861408,0.0847339513336692
1730,4,91510.5443098608,21641.2123852887,0.202013599158177,0.0477739394631443
1731,4,86154.7662089619,20773.2976535667,0.190190480646373,0.0458579790671065
1732,4,90461.3725012563,21502.3035784323,0.199697505698238,0.0474672920899979
1733,4,91712.1055929978,21481.6876804343,0.202458554661005,0.0474217815776753
1734,4,86254.4654917294,20618.689452252,0.190410571250109,0.0455166745820059
1735,4,90471.8474711243,21345.5285294405,0.199720629660401,0.0471212041922164
1736,4,207430.366615658,37074.302421507,0.457911765805264,0.0818431725538354
1737,4,86389.9161781235,20125.5971705118,0.190709584668435,0.0444281514254376
1738,4,90584.2274446964,21159.3588086678,0.199968713453431,0.0467102262482953
1739,4,91551.7501571179,21250.3594364604,0.202104562899826,0.0469111141840482
1740,4,86134.9606882744,20283.4134361551,0.190146759078029,0.0447765378553155
1741,4,90447.0160960317,21174.9303451765,0.199665813294786,0.0467446011081354
1742,4,91701.8658115038,21260.537019215,0.202435949887644,0.0469335816509231
1743,4,204964.30007108,36794.5588404709,0.452467814158041,0.0812256261489627
1744,4,90493.2248189962,21406.0626377829,0.199767821107208,0.0472548359303981
1745,4,91443.8402160626,21597.6266427869,0.201866346902512,0.0476777219968276
1746,4,86371.6733846935,20287.7903301748,0.190669312890059,0.0447862000436538
1747,4,90576.9914087592,21463.6389955277,0.199952739582066,0.0473819383025036
1748,4,91593.5043566059,21659.1988552621,0.202196737153429,0.0478136453960822
1749,4,86125.4930296205,20687.4521754505,0.190125858800201,0.0456684713536894
1750,4,212498.083643526,38190.9724172289,0.469098976678453,0.0843082712657816
1751,4,91678.8326332036,21287.6428155031,0.202385103121476,0.0469934189025481
1752,4,86320.1645616173,20300.2264884044,0.190555604870764,0.0448136534164055
1753,4,90509.4468839629,21144.116276603,0.19980363203757,0.0466765776804072
1754,4,91428.92543321,21199.2875873827,0.201833421855596,0.0467983708043027
1755,4,86343.2106157379,20199.0268051339,0.19060648006088,0.0445902506117854
1756,4,90561.3552513952,21198.2819158718,0.199918222068812,0.046796150739686
1757,4,206827.47837278,37284.9211885607,0.456580863178115,0.0823081228555045
1758,4,86133.0626578986,20576.2463862441,0.190142569091504,0.0454229796249031
1759,4,90432.3646673134,21400.8418872867,0.199633469613842,0.0472433108913329
1760,4,91652.7468170974,21420.453425432,0.202327517521496,0.0472866042345825
1761,4,86346.422584731,20369.1917448257,0.190613570625378,0.0449658972891921
1762,4,90535.4925282938,21508.1624634838,0.199861128956568,0.0474802258394934
1763,4,91426.627437155,21615.6632077955,0.201828348927034,0.047717538516785
1764,4,205236.156717126,36748.1731001463,0.453067949802923,0.0811232275628407
1765,4,90540.8885689709,21305.2567446763,0.199873040956509,0.0470323024350901
1766,4,91662.7778864485,21415.1178863504,0.202349661553512,0.0472748257946066
1767,4,86146.7901765754,20394.6758146573,0.190172873199914,0.0450221545074908
1768,4,90432.3476708589,21143.3632797793,0.199633432093412,0.0466749154064075
1769,4,91610.8853599173,21185.794856581,0.202235106491764,0.0467685850005761
1770,4,86374.7972970218,20108.5376448739,0.19067620906555,0.044390491763373
1771,4,212235.238002674,38071.3939147532,0.468518733228565,0.0840442963998332
1772,4,91436.5344102283,21400.9262782762,0.201850219010994,0.0472434971881981
1773,4,86260.9683817202,20498.6355875163,0.190424926669169,0.0452516503327129
1774,4,90515.3221456317,21414.920194061,0.199816601939177,0.0472743893800795
1775,4,91691.2893771472,21512.7014382232,0.202412601938107,0.0474902458282336
1776,4,86170.7059984936,20779.2226291556,0.19022566844115,0.0458710587144047
1777,4,90439.6202895604,21495.1636604707,0.199649486722857,0.0474515304033421
1778,4,207410.871235683,37298.3193173369,0.457868728886344,0.0823376998210495
1779,4,86389.0519838484,20285.8892410475,0.190707676921112,0.044782003304799
1780,4,90570.4819494671,21348.2525258063,0.199938369660981,0.047127217535423
1781,4,91462.300753132,21395.1576555779,0.201907099359662,0.0472307626968643
1782,4,86218.1974226953,20168.800720114,0.190330507873639,0.0445235251839193
1783,4,90494.3744207733,21123.9999843017,0.199770358904293,0.0466321700698946
1784,4,91710.0660159853,21215.8124159686,0.20245405220398,0.0468348500988286
1785,4,204658.305713777,36686.0261989049,0.451792317996294,0.0809860355125585
1786,4,90450.1900054195,21193.0395436789,0.199672819841011,0.046784577969763
1787,4,91531.3093755309,21348.4091229654,0.202059438964774,0.0471275632306208
1788,4,86396.0341650005,20159.5767443034,0.190723090396741,0.0445031628468127
1789,4,90583.3394174264,21382.1814531795,0.199966753093711,0.0472021171525756
1790,4,91489.6867994825,21661.264913548,0.201967555275772,0.0478182063116966
1791,4,86179.1189534092,20724.127531079,0.190244240413537,0.045749433833443
1792,4,212426.718082951,38405.35623715,0.468941434027423,0.0847815330892157
1793,4,91716.4520547054,21498.6481284761,0.20246814966866,0.047459222521537
1794,4,86233.8061946623,20645.7598630422,0.19036496493241,0.0455764337185695
1795,4,90459.9529429829,21328.975120061,0.199694371960173,0.0470846618043166
1796,4,91490.7833510712,21246.8154512331,0.201969975962205,0.0469032906789372
1797,4,86396.686158589,20135.9039448234,0.190724529701604,0.044450904088424
1798,4,90583.8818280019,21158.8351289288,0.199967950489196,0.0467090702019656
1799,4,206929.327619269,37044.5742959513,0.456805699922448,0.0817775463936478
1800,4,86147.0855173046,20293.454613345,0.190173525177717,0.0447987042008358
1801,4,90455.9165592216,21185.015956645,0.199685461463385,0.0467668655443033
1802,4,91714.7003193962,21269.801068015,0.202464282635005,0.0469540324509373
1803,4,86269.5267701215,20323.9222156492,0.190443819692448,0.0448659627888554
1804,4,90480.6038941017,21420.8522506464,0.19973995985382,0.0472874846589926
1805,4,91466.844300197,21579.5877636044,0.201917129442014,0.0476379003682281
1806,4,205460.579517043,36791.3166024652,0.453563373121474,0.0812184687642723
1807,4,90582.0164538056,21460.6821683594,0.199963832592641,0.0473754109749386
1808,4,91566.5145569304,21664.7612437063,0.202137155969488,0.047825924616122
1809,4,86131.8412682321,20632.2232858852,0.190139872819458,0.0455465511220622
1810,4,90445.4932325468,21325.8154041154,0.199662451505869,0.0470776865907465
1811,4,91695.4354107523,21291.8955067952,0.202421754491806,0.0470028069078377
1812,4,86300.8892335517,20310.5934689044,0.190513053726229,0.0448365389872324
1813,4,212333.633590481,37948.7895962422,0.468735945867656,0.0837736419103257
1814,4,91438.8568160086,21199.4068884881,0.201855345825111,0.0467986341668023
1815,4,86360.4704251687,20189.0176155532,0.19064458185833,0.0445681548803361
1816,4,90569.766676791,21207.4703252147,0.199936790664716,0.0468164345622321
1817,4,91608.5797574614,21355.9449224163,0.202230016771734,0.0471441988432826
1818,4,86124.5257559942,20615.7752792104,0.190123723500623,0.0455102414153239
1819,4,90435.7530857621,21410.6285777404,0.199640949698366,0.0472649154460573
1820,4,207241.04553417,37340.785046614,0.457493831092315,0.0824314448083278
1821,4,86329.9013469649,20422.2812145874,0.190577099257746,0.04508309465639
1822,4,90518.3300756902,21509.4113776328,0.199823242078646,0.0474829828730592
1823,4,91424.5174702935,21579.1502256518,0.201823691081285,0.0476369344837256
1824,4,86327.8299564214,20208.4361031078,0.190572526570936,0.0446110220558152
1825,4,90554.5273464451,21293.0691098659,0.199903149164765,0.0470053976888464
1826,4,91645.0680748091,21412.5451639872,0.202310566356159,0.047269146395493
1827,4,204547.134813056,36805.7833330834,0.451546903285392,0.0812504047159407
1828,4,90434.4892915454,21139.1892793378,0.199638159816388,0.0466657011146726
1829,4,91639.3292983489,21186.1353434978,0.202297897751724,0.046769336640598
1830,4,86353.3166303308,20112.4811178786,0.190628789537852,0.0443991971555317
1831,4,90539.4404561774,21182.6103286859,0.19986984418307,0.0467615550135232
1832,4,91427.1676151565,21418.8625161155,0.201829541394013,0.0472830922314643
1833,4,86283.4271441627,20463.2391734372,0.190474505386768,0.0451735111733478
1834,4,212315.182348332,38327.3424838195,0.468695213929456,0.0846093142568069
1835,4,91676.7335233158,21541.6170844581,0.202380469242979,0.047554078404162
1836,4,86155.226862342,20817.1529111376,0.190191497559211,0.045954791499933
1837,4,90436.8112727025,21490.7332367976,0.19964328569313,0.0474417500459117
1838,4,91603.2669690671,21401.1162091304,0.202218288554913,0.0472439164690113
1839,4,86379.2137331859,20321.7377072386,0.190685958544932,0.0448611403893194
1840,4,90560.3381693012,21340.345018514,0.199915976814825,0.0471097613611587
1841,4,207143.156559742,37082.3871199117,0.457277736824804,0.081861019885366
1842,4,86244.8794106742,20145.611170152,0.19038940954956,0.0444723332203483
1843,4,90506.4151508572,21119.943579464,0.199796939351815,0.0466232153756887
1844,4,91703.0174464573,21220.0241712316,0.202438492173057,0.0468441477360121
1845,4,86178.1424291039,20253.6445361962,0.190242084692674,0.0447108216838183
1846,4,90445.0149372621,21203.6516897241,0.199661395647742,0.0468080047544418
1847,4,91558.5668559194,21343.9155208623,0.202119611065801,0.0471176434039947
1848,4,205442.805228333,36655.8637256896,0.453524135588119,0.0809194505105822
1849,4,90575.5879200825,21392.3682375664,0.199949641318351,0.0472246049324632
1850,4,91465.4939134024,21677.2267322228,0.201914148403068,0.0478534427367875
1851,4,86198.8801450704,20663.7308427178,0.190287864123584,0.0456161054559856
1852,4,90487.3405534113,21491.5249521454,0.199754831329055,0.0474434977927765
1853,4,91714.3909719747,21515.1592893937,0.202463599736805,0.047495671644077
1854,4,86212.3523418384,20665.1108678919,0.190317604597517,0.045619151922974
1855,4,212442.564680392,38123.6321230209,0.468976416096514,0.0841596145693984
1856,4,91520.1672148224,21232.0253826206,0.202034842149138,0.0468706409442564
1857,4,86401.1331371948,20147.0467312871,0.190734346604785,0.0444755022854423
1858,4,90586.6360955328,21155.5236013715,0.199974030657347,0.0467017598575062
1859,4,91500.4927843048,21239.4719863071,0.201991409968178,0.0468870796532988
1860,4,86166.895729841,20304.2883783235,0.190217257103527,0.0448226202191728
1861,4,90467.6553719642,21195.8935605884,0.199711375414939,0.0467908783391062
1862,4,207013.398228671,37161.779780004,0.456991289534189,0.0820362827158184
1863,4,86244.6517767603,20376.9309972149,0.190388907037564,0.0449829820332696
1864,4,90468.7091522141,21432.8650006553,0.199713701681739,0.0473140033392538
1865,4,91478.7341333724,21556.9498847498,0.201943376777895,0.0475879262431782
1866,4,86397.0474103422,20235.6277466817,0.190725327180926,0.044671048819144
1867,4,90587.1407492056,21458.9362415553,0.199975144702789,0.0473715567638177
1868,4,91541.2446519521,21664.6974539068,0.202081371529634,0.0478257837973006
1869,4,204691.345207708,37062.7201261866,0.451865254149539,0.0818176041214561
1870,4,90451.5889661337,21310.7235229649,0.199675908109048,0.0470443705914561
1871,4,91705.2523068176,21296.6415360675,0.202443425726763,0.0470132839786741
1872,4,86279.1641605117,20318.7498510483,0.190465094660638,0.0448545445638076
1873,4,90482.3041858498,21129.0853814997,0.199743713323524,0.0466433963105301
1874,4,91449.1067080653,21201.201070331,0.201877972917988,0.046802594903069
1875,4,86376.6719792732,20175.0614788989,0.190680347510051,0.0445373460875664
1876,4,212224.233013492,38069.6201145759,0.468494439225178,0.0840403806570003
1877,4,91578.9993370577,21379.1400676119,0.202164716677243,0.047195403158581
1878,4,86127.9459705709,20648.5700532331,0.190131273776515,0.0455826373384809
1879,4,90439.5821882892,21422.0370364676,0.199649402612605,0.0472901001264208
1880,4,91687.2349243388,21428.0337212026,0.202403651553093,0.0473033380748502
1881,4,86308.8573205995,20478.6793368436,0.190530643632999,0.045207596021218
1882,4,90509.3731569739,21508.7479020244,0.199803469281961,0.0474815182211263
1883,4,207352.486705474,37257.1414405538,0.457739842437558,0.0822467978254666
1884,4,86353.7372587654,20180.5706931296,0.190629718093841,0.0445495079231634
1885,4,90564.6211938457,21284.4762928617,0.199925431782119,0.046986428662894
1886,4,91619.9824641942,21407.0440139037,0.202255188754314,0.04725700236186
1887,4,86130.0055491134,20334.089408456,0.190135820387807,0.0448884073194581
1888,4,90431.6637057836,21133.8178766905,0.199631922210069,0.0466538435042792
1889,4,91662.0468515482,21187.226357688,0.202348047761436,0.0467717451029774
1890,4,205192.515993566,36574.6750116457,0.452971610963473,0.0807402228110997
1891,4,90528.2985664955,21192.2438459528,0.199845247965738,0.046782821431621
1892,4,91427.5982016918,21434.3325240543,0.201830491932952,0.0473172429624681
1893,4,86311.8246847405,20420.2669989774,0.1905371942214,0.0450786481857901
1894,4,90548.4370395983,21428.7939566418,0.199889704541357,0.0473050163284159
1895,4,91656.2438468966,21571.5878263159,0.20233523737041,0.0476202401506338
1896,4,86140.852216004,20844.2882704109,0.190159764887689,0.0460146940131634
1897,4,212502.693519996,38321.5787151361,0.46910915318592,0.084596590480927
1898,4,91624.9484205943,21393.3582666172,0.202266151324073,0.0472267904656532
1899,4,86365.1013871387,20357.2529720747,0.190654804912976,0.0449395419170199
1900,4,90548.5895792755,21328.9415687591,0.199890041279483,0.0470845877383246
1901,4,91432.4766735046,21330.3495946138,0.201841261376591,0.0470876960180618
1902,4,86268.8868759778,20128.9344927654,0.190442407097648,0.0444355187128369
1903,4,90526.9679138749,21119.9685320254,0.199842310490858,0.0466232704595786
1904,4,206851.935050347,37042.3399387654,0.456634852382265,0.081772613950722
1905,4,86162.7072585478,20273.4704332489,0.190208010866743,0.0447545882338958
1906,4,90436.7804476508,21213.8046417333,0.199643217645457,0.0468304178478501
1907,4,91589.3000567197,21337.1453484034,0.202187455974321,0.0471026979469911
1908,4,86387.2472401779,20163.2941075312,0.190703692869141,0.044511369091576
1909,4,90567.6244195875,21405.6541468134,0.1999320615366,0.0472539341684035
1910,4,91447.0677531828,21687.3644868694,0.201873471834343,0.0478758222813414
1911,4,205012.381540397,37134.0856280324,0.452573956141383,0.0819751466428378
1912,4,90500.9183031087,21482.4637778259,0.199784804815778,0.0474234948472068
1913,4,91711.1475576248,21532.4129901509,0.202456439755282,0.0475337599563589
1914,4,86189.7994508859,20673.8018242953,0.190267818087043,0.0456383375960179
1915,4,90448.6390092918,21299.0721114741,0.199669395948034,0.0470186495820546
1916,4,91545.6812208812,21222.4276405108,0.202091165452991,0.0468494535014101
1917,4,86396.7169538406,20157.4269891193,0.190724597683492,0.044498417166571
1918,4,212203.412675653,37977.3472588268,0.468448477402809,0.083836684221414
1919,4,91475.5559483768,21236.5834843866,0.201936360793075,0.046880703156759
1920,4,86186.8239056613,20313.9295059568,0.190261249438536,0.044843903437493
1921,4,90479.7627774449,21209.1290789117,0.199738103051367,0.0468200963348396
1922,4,91714.5586402839,21299.2359461444,0.202463969872059,0.0470190112543806
1923,4,86224.4920854743,20432.3152281455,0.190344403621862,0.0451052451878742
1924,4,90459.0600466887,21442.8763346868,0.199692400851866,0.0473361038046738
1925,4,207443.290184631,37270.9114653093,0.457940295158923,0.082277195767937
1926,4,86398.542351585,20230.929274567,0.190728627330251,0.0446606767328495
1927,4,90589.9325302314,21460.1834056672,0.199981307683649,0.0473743099340986
1928,4,91513.9977563287,21657.7715615146,0.202021222794947,0.0478104945816142
1929,4,86157.8371444081,20499.9496526837,0.19019725987304,0.0452545511900512
1930,4,90459.6188466096,21294.4893723985,0.199693634427561,0.0470085329815947
1931,4,91711.0861421306,21301.620526799,0.202456304177846,0.0470242753222993
1932,4,204846.05122379,36800.162019415,0.452206774565092,0.0812379954158461
1933,4,90474.3565559899,21124.2059243045,0.199726168576906,0.0466326246916159
1934,4,91470.3060020138,21205.7995387055,0.201924771302835,0.0468127462266563
1935,4,86389.1002736835,20159.2072114127,0.190707783523072,0.0445023470865108
1936,4,90586.8843690736,21222.1157624665,0.199974578732237,0.0468487650167476
1937,4,91557.3364595646,21403.3174820207,0.20211689491109,0.0472487758768825
1938,4,86135.9408218689,20671.5300395269,0.190148922766559,0.0456333225300377
1939,4,212481.266281163,38262.1863820336,0.469061851602596,0.0844654792624011
1940,4,91700.8134672668,21438.7733324369,0.202433626790908,0.0473270462446067
1941,4,86293.1714783385,20535.5838561734,0.190496016438124,0.0453332152801229
1942,4,90492.9635718028,21503.8897350742,0.199767244392402,0.0474707936013753
1943,4,91440.5306882744,21499.6896715812,0.201859040972632,0.0474615217742945
1944,4,86370.5903445876,20164.9427683322,0.190666922030825,0.0445150085836663
1945,4,90577.0635107257,21277.0051672528,0.199952898750366,0.0469699358206167
1946,4,206844.609421003,37187.6871648982,0.456618680729467,0.0820934744209572
1947,4,86125.7963251995,20300.7151754015,0.190126528338689,0.0448147322147002
1948,4,90436.9522165771,21128.5254824088,0.199643596833006,0.0466421603083692
1949,4,91678.1715626952,21187.9568914582,0.202383643778908,0.0467733577887871
1950,4,86323.0138327189,20134.212370904,0.190561894763525,0.044447169863715
1951,4,90514.1861059684,21204.8153029582,0.199814094081062,0.0468105734824417
1952,4,91425.6711846386,21447.0099570315,0.201826237957047,0.0473452289599628
1953,4,205335.366515403,36895.0967385813,0.453286959847863,0.0814475680333897
1954,4,90563.6842215806,21431.3745805413,0.199923363374145,0.0473107131705224
1955,4,91635.0144314114,21600.6771961897,0.20228837249093,0.0476844562292263
1956,4,86130.2574994081,20858.3243813812,0.190136376579295,0.0460456793527948
1957,4,90434.9058615899,21481.7264797732,0.199639079413301,0.0474218672289428
1958,4,91649.9302940554,21391.280457873,0.202321299921534,0.0472222036103795
1959,4,86347.4539328933,20393.4314817695,0.190615847372345,0.0450194075872631
1960,4,212264.062743893,38169.8546360868,0.468582365127624,0.0842616528240825
1961,4,91423.3310898786,21298.5076862702,0.20182107209372,0.0470174035882977
1962,4,86301.4083611311,20119.7069374062,0.190514199723463,0.0444151484737173
1963,4,90539.3756387141,21121.8836720253,0.199869701095635,0.04662749821636
1964,4,91668.4521338812,21231.130013475,0.202362187707247,0.04686866437702
1965,4,86148.3854634925,20294.6857338128,0.19017639486678,0.0448014219540583
1966,4,90433.1910680326,21222.5383630023,0.199635293930208,0.0468496979262379
1967,4,207366.103851579,37090.3068001149,0.457769902893603,0.0818785029318728
1968,4,86374.6743448537,20181.9149522127,0.190675937643167,0.0445524754349144
1969,4,90554.3743215489,21421.217078661,0.199902811355496,0.0472882900330713
1970,4,91433.7826354561,21689.6313675018,0.201844144345719,0.0478808265212228
1971,4,86255.100207402,20522.7608924698,0.190411972413204,0.0453049080170727
1972,4,90515.2046163244,21471.0036740098,0.199816342488001,0.0473981961580113
1973,4,91693.9683557518,21547.778120291,0.202418515902603,0.0475676791649544
1974,4,204592.139781854,37223.0839820306,0.451646253756918,0.0821716144700803
1975,4,90439.2342538535,21287.1829472108,0.199648634531854,0.0469924037228268
1976,4,91567.8325883608,21218.534007178,0.202140065582529,0.0468408581325455
1977,4,86389.0752247047,20167.0185957498,0.190707728226337,0.0445195910650735
1978,4,90573.6764582777,21145.3414206213,0.199945421681349,0.0466792822403516
1979,4,91458.1183230736,21234.4843629314,0.201897866459173,0.0468760692527272
1980,4,86209.9041058768,20320.4490260442,0.190312200007675,0.0448582955682313
1981,4,212389.954968586,38032.9380307237,0.468860277816354,0.0839594033243936
1982,4,91712.0715692698,21318.2677301468,0.202458479552111,0.0470610247645584
1983,4,86202.9277452204,20488.315661017,0.190296799381049,0.0452288686356867
1984,4,90451.3070695135,21450.6548055191,0.199675285809713,0.0473532751252099
1985,4,91527.930948874,21508.1134339408,0.202051980937575,0.0474801176045952
1986,4,86398.7607450143,20238.6425304363,0.190729109443465,0.0446777040884527
1987,4,90586.856163891,21463.4285299025,0.199974516468041,0.0473814736902694
1988,4,206995.411811868,37435.0748496445,0.456951583718625,0.0826395937448002
1989,4,86173.626402121,20428.9822241003,0.190232115362128,0.045097887433112
1990,4,90469.0771800384,21276.3512022128,0.199714514119539,0.0469684921636869
1991,4,91714.7315163804,21305.5088422029,0.202464351503736,0.0470328589515994
1992,4,86231.6343715017,20324.1541130753,0.190360170536128,0.0448664747127438
1993,4,90462.1326385652,21122.6646711319,0.199699183735177,0.0466292223066453
1994,4,91488.1653761245,21210.1311970744,0.201964196666,0.0468223085552823
1995,4,205484.361358087,36619.0555100638,0.453615872593969,0.0808381947364717
1996,4,90588.9865170987,21227.3313139452,0.199979219317557,0.0468602785787502
1997,4,91527.6075895362,21428.0539388185,0.202051267107446,0.0473033827061372
1998,4,86145.2797898755,20682.8022785563,0.190169538954056,0.0456582064993561
1999,4,90454.9750207084,21446.1922216343,0.199683382975214,0.0473434237726809
2000,4,91707.8552556304,21455.0293708197,0.202449171852109,0.047362932172797
