"target","group","mandatory","mean","sd","q025","q50","q975","rhat","ess_bulk","ess_tail","mcse_mean","chain1","chain2","chain3","chain4","chain_mean_range","range_limit","sampled_constant","analytic_constant","diagnostic_pass","precision_label","ess_bulk_per_internal_generation_second","ess_tail_per_internal_generation_second"
"pi[1]","global",TRUE,0.975905487517543,0.0190499341129106,0.926858211080851,0.981526272865214,0.997653677537211,1.443422307191,7.90905200645856,32.8852636101125,0.00726247283394676,0.951709321373404,0.986495032609145,0.985957960266734,0.979459635820891,0.0347857112357411,NA,FALSE,FALSE,FALSE,"inconclusive",0.0775914531889746,0.322619624947146
"pi[2]","global",TRUE,0.0172516302993655,0.0181925247512789,0.000373004706881548,0.0101473246102953,0.0658621459876211,1.57114868426811,6.8947196023378,29.2960298838351,0.00741336352101864,0.0420446208260989,0.00624824018595634,0.00682422147898248,0.0138894387064244,0.0357963806401426,NA,FALSE,FALSE,FALSE,"inconclusive",0.0676403838082035,0.287407584309492
"pi[3]","global",TRUE,0.00684288218309104,0.00664231383490946,0.000180116006071,0.00487783602834325,0.0243125483770761,1.0030245239667,1984.01217486318,1987.696574552,0.000177140000166818,0.00624605780049738,0.00725672720489912,0.00721781825428202,0.00665092547268565,0.00101066940440174,NA,FALSE,FALSE,TRUE,"diagnostics_met_only",19.4640758040966,19.5002214667818
"tau.alpha","global",TRUE,-0.899814442357492,0.029987101680966,-0.958743719588988,-0.89973890944023,-0.842456927718523,1.06442733943458,41.4046316761021,666.163631343205,0.00466379678812211,-0.915200280877048,-0.891260006762023,-0.892144479848492,-0.900653001942408,0.0239402741150251,NA,FALSE,FALSE,FALSE,"inconclusive",0.406198560570793,6.53537290883339
"nu.alpha","global",TRUE,1.43764154116092,0.0981003118046302,1.24747393286835,1.43728574871675,1.63271413125137,1.00914535510327,2815.01933686773,6358.87208870627,0.0018417836329117,1.41723506874325,1.44821474827554,1.44662726324828,1.43848908437663,0.030979679532291,NA,FALSE,FALSE,TRUE,"diagnostics_met_only",27.6166398860782,62.3834722040799
"iota.m.alpha","global",TRUE,-0.117669918673342,0.863023832241953,-1.12204726879819,-0.37124127123438,1.43403099910615,2.88150938317725,4.5969442364704,25.4765729900377,0.42887087002548,-1.03289516119784,-0.258767907140267,1.28672012898097,-0.465736735336235,2.31961529017881,NA,FALSE,FALSE,FALSE,"inconclusive",0.0450981461804968,0.249936948063784
"iota.s.alpha","global",TRUE,-0.0604231693499543,0.834608236149175,-1.27215547285503,-0.0870218738925332,1.18054202369973,3.11873978379331,4.49032517722073,13.6475615394494,0.41487471449398,-1.18662649704413,0.272513483427045,1.06579824100679,-0.393377904789521,2.25242473805093,NA,FALSE,FALSE,FALSE,"inconclusive",0.0440521639644148,0.133888882190572
"chi.m.alpha","global",TRUE,-0.457632602605541,0.373284110883004,-1.11272053307491,-0.514580142116147,0.204711642656637,2.76720679747442,4.66182403750366,19.9847794161245,0.17919399111327,-0.74788843251287,-0.419826113995938,0.0772248794255526,-0.740040743338909,0.825113311938423,NA,FALSE,FALSE,FALSE,"inconclusive",0.0457346469950914,0.196059916573054
"chi.s.alpha","global",TRUE,-0.218869611613367,0.865999856828553,-1.96020268095818,-0.05198564942061,0.784306572758458,3.03117086492714,4.51901170659202,11.5097488689621,0.424159306206697,-1.45776953799933,0.667318495828844,0.435936271914251,-0.52096367619723,2.12508803382817,NA,FALSE,FALSE,FALSE,"inconclusive",0.0443335920671822,0.112915952487561
"beta.tau1","global",TRUE,0.00138414492191564,0.00984474617626533,-0.0177146578430026,0.0014763447490035,0.0205269985991981,1.01962241307611,275.002903270413,667.321128421074,0.000595302257499923,0.00218953275868218,0.00076166505135157,-0.000319687692577446,0.00290506957020626,0.00322475726278371,NA,FALSE,FALSE,FALSE,"inconclusive",2.69790549847362,6.54672848978804
"beta.nu1","global",TRUE,0.000239915145022593,0.00976342901165473,-0.0190576519840526,0.000317708713782291,0.01945648202521,1.00175248088175,2028.07950849506,3513.10335492561,0.000216849993195245,-7.48606960466268e-05,-8.6699978647786e-05,0.000641306802439281,0.000479914452345504,0.000728006781087067,NA,FALSE,FALSE,TRUE,"diagnostics_met_only",19.8963967006933,34.4651665318605
"beta.iota.m1","global",TRUE,-0.000243185737990662,0.00965091826387817,-0.0191251496280275,-0.000297835334723151,0.0183721791058699,1.00432209454982,579.889703952721,1316.40659601841,0.000401167476200188,-0.000206180661302332,-0.000578900667029248,-0.000168238404159256,-1.94232194718133e-05,0.000559477447557435,NA,FALSE,FALSE,TRUE,"diagnostics_met_only",5.68898583322922,12.9145567242711
"beta.iota.s1","global",TRUE,-9.50961775426896e-05,0.0102815456254297,-0.020558462620827,-5.42747087296708e-05,0.0202799346829476,1.00537146592845,565.126949245962,950.48217326138,0.000432791372952469,-0.000512562046013718,-1.13490563824957e-05,-0.000208193321082871,0.000351719713308327,0.000864281759322045,NA,FALSE,FALSE,TRUE,"diagnostics_met_only",5.54415639098578,9.32466912511655
"beta.chi.m1","global",TRUE,-0.000301786355533043,0.009846970701783,-0.0196948152408367,-0.000341636148251271,0.0193891806385373,1.0013640081113,1300.66074945633,2205.71985415134,0.000273103720976359,0.000263775231258149,-0.000230697055804863,-0.000948858551318139,-0.000291365046267318,0.00121263378257629,NA,FALSE,FALSE,TRUE,"diagnostics_met_only",12.76008269686,21.6391305394904
"beta.chi.s1","global",TRUE,0.000492182736928773,0.0101460243537409,-0.0194915740608546,0.000452455699913721,0.0201820310974036,1.00449255896151,1323.51297187957,2292.70695107303,0.000278622780055749,-0.000114104518656682,0.00176546440174889,0.000556432317096351,-0.000239061252473465,0.00200452565422235,NA,FALSE,FALSE,TRUE,"diagnostics_met_only",12.9842735537375,22.492514137592
"tb","global",TRUE,0.09742625996967,0.0126123157392043,0.0756479626773496,0.0965242582506873,0.124910966029163,1.04806067687259,58.0480614000159,308.262656325145,0.00157269201617752,0.0919143966562636,0.0999175545785111,0.100601132180508,0.0972719564633966,0.00868673552424441,NA,FALSE,FALSE,FALSE,"inconclusive",0.569478293372207,3.02419903784038
"nb","global",TRUE,1.24179599300792,0.15872767981662,0.959121551856418,1.23077030365103,1.58301265066941,1.00398771618648,2097.99874506071,3435.46207775537,0.00348733981309514,1.26275471275163,1.23277972857799,1.2396423574893,1.23200717321274,0.0307475395388905,NA,FALSE,FALSE,TRUE,"diagnostics_met_only",20.5823367054577,33.7034697421356
"imb","global",TRUE,0.115138291864689,0.0951628071784214,0.00238841782176213,0.0938707207601867,0.33169371059888,2.20589960378697,5.09322901439656,17.5980718198464,0.0416175014816759,0.0461726106565166,0.0886125424013489,0.0984437052814416,0.227324309119449,0.181151698462932,NA,FALSE,FALSE,FALSE,"inconclusive",0.0499669290742511,0.172645212689307
"isb","global",TRUE,0.119197835852836,0.118566900375131,0.00623187850493188,0.0511904346976645,0.381733410799104,2.09610757408965,5.27284558245418,57.3473407491949,0.0526254970323746,0.206434195049691,0.0167326594370596,0.223369797868687,0.0302546910559056,0.206637138431628,NA,FALSE,FALSE,FALSE,"inconclusive",0.0517290505675762,0.562603900141221
"cmb","global",TRUE,0.175041537425768,0.222501622770031,0.00371843398484172,0.090162027236345,0.794795493114705,1.88007596131099,5.69959497491768,11.7024932905221,0.105068031902093,0.461579315059604,0.0826965504124773,0.0319445988470717,0.123945685383921,0.429634716212532,NA,FALSE,FALSE,FALSE,"inconclusive",0.0559156592131782,0.114806864287192
"csb","global",TRUE,0.178843686067888,0.242892337025674,0.000180945796266372,0.0875618874637612,0.975711891554334,2.36748794000581,4.94590469433187,10.9836367890089,0.102966266502385,0.478749280589963,0.0931741182598481,0.0377166020408694,0.105734743380872,0.441032678549093,NA,FALSE,FALSE,FALSE,"inconclusive",0.0485216094487685,0.10775454998439
"M_total","global",TRUE,514.136566719402,761.368779102492,0,54.7380254938309,1996.92778086287,3.45062748935555,4.41177089703738,4.01606425702811,378.058407929216,1814.52985548691,0,0,242.016411390798,1814.52985548691,NA,FALSE,FALSE,FALSE,"inconclusive",0.0432815101934367,0.0393994452873299
"S_total","global",TRUE,64.0084749998354,105.283213581263,0,0.613427383042019,309.169021983092,3.42694571704495,4.43405163663937,4.01606425702811,50.8991897030602,240.373793924463,0,0,15.6601060748919,240.373793924463,NA,FALSE,FALSE,FALSE,"inconclusive",0.0435000945398831,0.0393994452873299
"M_fraction_N","scaled_functional",FALSE,0.00113497935221689,0.00168075546389881,0,0.000120836627344039,0.00440830694772284,3.45062748935555,4.41177089703738,4.01606425702811,0.000834580760651833,0.00400565541000042,0,0,0.000534261998867084,0.00400565541000042,NA,FALSE,FALSE,FALSE,"inconclusive",0.0432815101934367,0.0393994452873299
"S_fraction_N","scaled_functional",FALSE,0.000141301557201546,0.000232417379515035,0,1.35416824809714e-06,0.000682504375315881,3.42694571704495,4.43405163663937,4.01606425702811,0.000112362226492004,0.000530635847706941,0,0,3.45703810992067e-05,0.000530635847706941,NA,FALSE,FALSE,FALSE,"inconclusive",0.0435000945398831,0.0393994452873299
"mu.tau[1]","local_continuous",TRUE,0.216980149988695,0.00691722751840551,0.203535121539828,0.216999721237052,0.230244343380042,1.00161061262828,4874.76729921488,4922.81376544134,9.90879978270816e-05,0.217035025539452,0.217011170157171,0.217265568344749,0.216608835913409,0.000656732431339402,NA,FALSE,FALSE,TRUE,"diagnostics_met_only",47.8237187459765,48.295076771194
"mu.tau[2]","local_continuous",TRUE,0.14463306170238,0.011459756203434,0.122772628580253,0.144426371420562,0.167561557686885,1.00064970987053,4743.00315281585,4100.37865787566,0.000166023449792858,0.144919694820519,0.144133755094405,0.144286579424074,0.145192217470521,0.00105846237611543,NA,FALSE,FALSE,TRUE,"diagnostics_met_only",46.5310516110333,40.2266085024885
"mu.tau[3]","local_continuous",TRUE,0.275896850064819,0.00911063850701808,0.258174153641221,0.275869493681068,0.293731110798178,1.00098507102203,4844.17713878416,4679.46294874034,0.000130956510253823,0.275690698494357,0.276141584589388,0.276048071172416,0.275707046003116,0.00045088609503191,NA,FALSE,FALSE,TRUE,"diagnostics_met_only",47.5236151432735,45.9076928613226
"mu.tau[4]","local_continuous",TRUE,0.25441436704118,0.00852461990095449,0.238085171561342,0.25434095359386,0.271445270236235,1.00069559589566,4985.32331327266,4804.6929123191,0.000120631744378205,0.25455810931365,0.2544451833991,0.254276609438705,0.254377566013264,0.000281499874945079,NA,FALSE,FALSE,TRUE,"diagnostics_met_only",48.9083243071131,47.1362566448133
"mu.tau[5]","local_continuous",TRUE,0.259805792325803,0.0067929797148237,0.246683339938538,0.259724443804162,0.27330928371545,1.00145238905117,4858.32013260108,4200.58588401868,9.74200806670892e-05,0.259751548368159,0.259569507791699,0.259987116234091,0.259914996909263,0.000417608442392636,NA,FALSE,FALSE,TRUE,"diagnostics_met_only",47.6623644449346,41.209687674319
"mu.tau[6]","local_continuous",TRUE,0.151440721093914,0.00467885901843864,0.142460192272411,0.15135855395793,0.160617513706016,1.0005120228747,5323.1960208145,4827.81576190557,6.41306932828377e-05,0.151449201956184,0.151462588856501,0.151192802619274,0.151658290943696,0.000465488324422225,NA,FALSE,FALSE,TRUE,"diagnostics_met_only",52.2230116235775,47.3631024791584
"mu.tau[7]","local_continuous",TRUE,0.290954135323348,0.0100396062887996,0.271845139496255,0.29085694784249,0.311040955696518,1.00024900727059,5147.66198358808,4747.42116933328,0.000140403563959084,0.290616711574308,0.291048505902371,0.291096364162802,0.291054959653914,0.000479652588494472,NA,FALSE,FALSE,TRUE,"diagnostics_met_only",50.5009416433316,46.5743943936476
"mu.tau[8]","local_continuous",TRUE,0.344130331701186,0.00762684953283617,0.329257093638969,0.344037172775899,0.359285372952224,1.0008893453313,5281.86163052859,4962.25668134224,0.000105024077910562,0.34378823331231,0.344376780681882,0.344114765340004,0.344241547470549,0.000588547369571257,NA,FALSE,FALSE,TRUE,"diagnostics_met_only",51.8175021634873,48.6820299939395
"mu.tau[9]","local_continuous",TRUE,0.342739704888568,0.00987143896421097,0.323523628012348,0.34255635998618,0.362131785106444,1.00002198518905,4978.52296422442,4634.25816012514,0.000140079063631253,0.342801183462532,0.342738597909827,0.342914312789149,0.342504725392765,0.000409587396383582,NA,FALSE,FALSE,TRUE,"diagnostics_met_only",48.8416097420282,45.464213005976
"mu.tau[10]","local_continuous",TRUE,0.330513097407976,0.00819004266248163,0.31474138671855,0.330566808809187,0.346794050473752,1.00070594040156,4762.23428360598,4199.40350918348,0.000118694218569172,0.330812201531636,0.33046797067336,0.33069936298069,0.330072854446215,0.00073934708542106,NA,FALSE,FALSE,TRUE,"diagnostics_met_only",46.7197178864928,41.1980880310744
"mu.tau[11]","local_continuous",TRUE,0.234428943516612,0.00545476956430287,0.223993886957,0.234333678039381,0.245113474604856,1.00035257311331,4943.39056918577,4582.69516209072,7.77483971383401e-05,0.234323206662273,0.234624453143942,0.234457714661839,0.234310399598393,0.00031405354554867,NA,FALSE,FALSE,TRUE,"diagnostics_met_only",48.4969447198698,44.9583561795189
"mu.tau[12]","local_continuous",TRUE,0.302286915068615,0.0146043361192879,0.273315877308534,0.302107488389369,0.331405681942264,1.00035549319554,4830.56898151857,4559.24626697874,0.000210630218938847,0.3017954647979,0.302868235013531,0.302206664817423,0.302277295645608,0.0010727702156309,NA,FALSE,FALSE,TRUE,"diagnostics_met_only",47.3901128352095,44.7283116879757
"mu.tau[13]","local_continuous",TRUE,0.294117261692817,0.0101024623343034,0.274658860649327,0.294264725853639,0.313902257648912,1.00079475376139,4851.62238814085,4214.69364084844,0.000144997403026824,0.29365270167654,0.294471209202885,0.293999460970245,0.294345674921597,0.00081850752634488,NA,FALSE,FALSE,TRUE,"diagnostics_met_only",47.5966564782487,41.3480912848608
"mu.tau[14]","local_continuous",TRUE,0.228418728732787,0.0064787428951515,0.2158370561235,0.228413940992178,0.24122134023303,1.00036414446575,5258.95145253261,5050.34048450817,8.94031251448997e-05,0.228100186275063,0.228492305935522,0.228509121098345,0.228573301622217,0.000473115347154357,NA,FALSE,FALSE,TRUE,"diagnostics_met_only",51.5927427356729,49.5461727868399
"mu.tau[15]","local_continuous",TRUE,0.285155641979337,0.00684564722625147,0.27164313456643,0.285159295441572,0.298579595224614,1.00037807999731,5304.19268029841,4850.06328522969,9.41146640517562e-05,0.284994037582083,0.285324792512913,0.285201737535984,0.285102000286366,0.000330754930829735,NA,FALSE,FALSE,TRUE,"diagnostics_met_only",52.0365800759174,47.5813609585772
"mu.tau[16]","local_continuous",TRUE,0.280199206038492,0.00687396081443316,0.266647219666646,0.280295514723697,0.29352938612414,1.00085786050805,4962.41349262304,4232.57004550292,9.76217552863529e-05,0.280221216996664,0.280315543229778,0.280150946085719,0.280109117841805,0.000206425387972331,NA,FALSE,FALSE,TRUE,"diagnostics_met_only",48.6835683850316,41.5234670712134
"mu.tau[17]","local_continuous",TRUE,0.237050579254284,0.00532795587355982,0.226762453686051,0.236930339453917,0.247647868869008,1.00044653497631,5279.67786482211,4865.23291576651,7.33822490595883e-05,0.237185999836246,0.23699464416143,0.237052411893534,0.236969261125926,0.000216738710320213,NA,FALSE,FALSE,TRUE,"diagnostics_met_only",51.7960784132766,47.73018204064
"mu.tau[18]","local_continuous",TRUE,0.29115534484394,0.00669185699165899,0.278344708069217,0.29107179186844,0.304396103492208,1.00004296640925,4879.38363204832,4532.85731568916,9.59610544785668e-05,0.291081789615844,0.291011402209209,0.291323517759421,0.291204669791289,0.000312115550211989,NA,FALSE,FALSE,TRUE,"diagnostics_met_only",47.8690071032484,44.4694238873873
"mu.tau[19]","local_continuous",TRUE,0.273263467870776,0.00641975193599316,0.260882282358802,0.27313768945651,0.285939987703731,1.00051379818158,4968.02376308693,4325.96485191323,9.12045378006654e-05,0.273424213628944,0.272998928784358,0.273494425876517,0.273136303193285,0.00049549709215857,NA,FALSE,FALSE,TRUE,"diagnostics_met_only",48.7386077295346,42.439713258969
"mu.tau[20]","local_continuous",TRUE,0.136987824382117,0.00721195824277086,0.123059266299074,0.136865697816016,0.151178059190675,1.00253243609923,4804.05900359003,4525.18936868932,0.000104052867110198,0.137164543950858,0.13673494201141,0.136779437989387,0.137272373576812,0.000537431565402396,NA,FALSE,FALSE,TRUE,"diagnostics_met_only",47.1300377073935,44.394197785674
"mu.tau[21]","local_continuous",TRUE,0.258628863424659,0.00987211073521145,0.240121821581266,0.258635469112534,0.278298426101887,1.00135872490133,4970.66262603216,4855.46352805916,0.000140036583877638,0.258465691857116,0.258959360537708,0.258866875107275,0.258223526196537,0.000735834341171249,NA,FALSE,FALSE,TRUE,"diagnostics_met_only",48.7644961938563,47.6343398349798
"mu.tau[22]","local_continuous",TRUE,0.298829314138889,0.00705703707755953,0.285027516972895,0.298897959208898,0.312577159172413,1.00066412154093,5108.88381598886,4311.01586056791,9.87456162180111e-05,0.298646708590408,0.298687660101211,0.299090422214065,0.298892465649869,0.000443713623656972,NA,FALSE,FALSE,TRUE,"diagnostics_met_only",50.1205099084572,42.293056749283
"mu.tau[23]","local_continuous",TRUE,0.281068106620697,0.00780667520389471,0.266014243798776,0.28100003345874,0.296860410794381,1.0005102082775,4893.8044714567,4736.42683617152,0.000111750027756203,0.281095432950553,0.280970985631617,0.281050482250523,0.281155525650095,0.000184540018477952,NA,FALSE,FALSE,TRUE,"diagnostics_met_only",48.0104821984922,46.466534907306
"mu.tau[24]","local_continuous",TRUE,0.274470805222933,0.00774124606883588,0.259299878612046,0.274512667015513,0.289683677559987,0.999744716879146,5029.30474809082,4374.56570009988,0.00010923151846713,0.274362295743317,0.274472000886068,0.274400711125194,0.274648213137153,0.000285917393835156,NA,FALSE,FALSE,TRUE,"diagnostics_met_only",49.3398024966725,42.9165100272719
"mu.tau[25]","local_continuous",TRUE,0.315969408905614,0.00634933059474558,0.303801522937275,0.31601301311508,0.328667992810991,1.0007055877745,5174.09907751723,4840.9365819671,8.83124715704053e-05,0.316038297306732,0.315975318825126,0.316025363690989,0.315838655799607,0.000199641507125481,NA,FALSE,FALSE,TRUE,"diagnostics_met_only",50.7603017454502,47.491823784161
"mu.tau[26]","local_continuous",TRUE,0.301977256839371,0.0071796257442866,0.287940212682499,0.302070984790392,0.315453383385811,1.00046637087963,4756.44269050418,4374.5510741864,0.000104048211418126,0.301988699233761,0.302007618461972,0.302011453766109,0.301901255895644,0.000110197870465345,NA,FALSE,FALSE,TRUE,"diagnostics_met_only",46.6628996831631,42.9163665403053
"mu.tau[27]","local_continuous",TRUE,0.341860660252392,0.00811588674055597,0.326042471151143,0.341902058212169,0.357541798891519,1.00062460259606,4874.11023299757,4896.44492102016,0.000116663580840569,0.341563219800899,0.341822103237746,0.342011872113221,0.3420454458577,0.000482226056801871,NA,FALSE,FALSE,TRUE,"diagnostics_met_only",47.8172726229013,48.0363862282714
"mu.tau[28]","local_continuous",TRUE,0.298002398374268,0.00682539063061905,0.284380654667835,0.297984170526065,0.311083401473775,1.00135686733516,4658.64628603549,4716.97178707026,0.000100475975096876,0.297880936947039,0.298048903552054,0.298382687073868,0.297697065924113,0.000685621149755178,NA,FALSE,FALSE,TRUE,"diagnostics_met_only",45.7034717854598,46.2756718897918
"mu.tau[29]","local_continuous",TRUE,0.28727502897035,0.00930836007288587,0.269308774602137,0.28714550681182,0.306093621228327,1.00004530744715,5338.10485722723,4945.61882634403,0.000127324376051416,0.287310775357848,0.287226138602852,0.287388196005924,0.287175005914776,0.000213190091147952,NA,FALSE,FALSE,TRUE,"diagnostics_met_only",52.3692741948282,48.5188049517721
"mu.tau[30]","local_continuous",TRUE,0.410637149575956,0.0109861133656518,0.389589585986307,0.410529971976712,0.432307270885851,1.00017155210941,4848.80839255476,4151.89681290413,0.00015792216011405,0.410427532725651,0.410746857040847,0.411083573858626,0.410290634678702,0.000792939179924401,NA,FALSE,FALSE,TRUE,"diagnostics_met_only",47.5690498818307,40.7320253983453
"mu.tau[31]","local_continuous",TRUE,0.365797700593344,0.00781836220723009,0.350418210991508,0.365621987781254,0.381154059485799,1.00143498663674,5146.93045024683,4528.60603215058,0.000108657310510792,0.365807969250741,0.365831686669292,0.365933709269805,0.365617437183538,0.000316272086267722,NA,FALSE,FALSE,TRUE,"diagnostics_met_only",50.4937649633759,44.4277168323056
"mu.tau[32]","local_continuous",TRUE,0.353851350186435,0.00789781732720503,0.338743618922115,0.353787037241998,0.369476800168141,1.00079780034025,4847.22073717069,4793.25435112799,0.000113470998146723,0.353639054038918,0.353774917035883,0.35408812021393,0.353903309457009,0.000449066175011337,NA,FALSE,FALSE,TRUE,"diagnostics_met_only",47.5534742492121,47.0240390763253
"mu.tau[33]","local_continuous",TRUE,0.334116607343931,0.00741449910659508,0.319148312665081,0.334268292967262,0.348522510696858,1.0010179913739,4809.05124454622,4506.35157428468,0.000107370692847835,0.333836361863818,0.334432216476913,0.334073968433862,0.334123882601132,0.000595854613095304,NA,FALSE,FALSE,TRUE,"diagnostics_met_only",47.1790138969727,44.209390321829
"mu.tau[34]","local_continuous",TRUE,0.31520366056656,0.00663421587019864,0.30225796617566,0.315200744944207,0.328406920610539,1.00065445784485,5293.17909925302,4111.66016110972,9.11637081997446e-05,0.31478023770184,0.315531836022139,0.315138697804632,0.315363870737632,0.00075159832029853,NA,FALSE,FALSE,TRUE,"diagnostics_met_only",51.9285317589473,40.3372852598764
"mu.tau[35]","local_continuous",TRUE,0.285701757520109,0.00677184925900311,0.272843305488046,0.285631608959785,0.299014759402183,1.00038118530253,5186.57573448042,4523.5222783072,9.39158160092823e-05,0.285492672628266,0.285901354489299,0.285799639889985,0.285613363072888,0.000408681861033044,NA,FALSE,FALSE,TRUE,"diagnostics_met_only",50.8827035129343,44.3778428590354
"mu.tau[36]","local_continuous",TRUE,0.238177314733975,0.00583828629179137,0.226677534996963,0.238089707714699,0.249523248676098,1.00113147639137,4726.99889252057,4374.4870773941,8.48547091112877e-05,0.238340673357919,0.238248233675704,0.237821818614636,0.23829853328764,0.000518854743283059,NA,FALSE,FALSE,TRUE,"diagnostics_met_only",46.3740424255442,42.9157387022142
"mu.tau[37]","local_continuous",TRUE,0.220959313198979,0.00664572157586194,0.207709217711416,0.220930153931734,0.233714439247676,1.00013016800095,4946.28747091188,4446.83524865867,9.44992385363569e-05,0.220838298009183,0.221072711811637,0.220866182346679,0.221060060628417,0.000234413802453537,NA,FALSE,FALSE,TRUE,"diagnostics_met_only",48.5253646638139,43.6255076782431
"mu.tau[38]","local_continuous",TRUE,0.243755051367582,0.00745498157112613,0.22955025221202,0.243738122734507,0.258348449154965,1.00032829276968,5414.45000133465,5162.8995523061,0.000101249375515865,0.243513192256012,0.243810641086488,0.243727982000443,0.243968390127383,0.000455197871371132,NA,FALSE,FALSE,TRUE,"diagnostics_met_only",53.1182553205534,50.650429230331
"mu.tau[39]","local_continuous",TRUE,0.252924989623352,0.00624790257005253,0.240634666935114,0.25295868497879,0.265355146251905,1.00074726770377,5136.03717610109,4136.12223263485,8.73368936352794e-05,0.252692842364318,0.25315661280086,0.252716055223402,0.253134448104827,0.000463770436542055,NA,FALSE,FALSE,TRUE,"diagnostics_met_only",50.3868969126583,40.577269479995
"mu.tau[40]","local_continuous",TRUE,0.285844266092477,0.00637897930960338,0.273590183226538,0.285810853372914,0.298581680454529,1.00123102288201,4662.83527786868,4394.50762790168,9.3379061270652e-05,0.285581831699437,0.286333856714457,0.285663261472362,0.285798114483651,0.000752025015019864,NA,FALSE,FALSE,TRUE,"diagnostics_met_only",45.7445677301405,43.1121495497163
"mu.tau[41]","local_continuous",TRUE,0.249247056876586,0.00672605195934465,0.236207278249219,0.249220037479245,0.262758788489703,0.999670589879883,5036.79998774187,4652.10748809723,9.47146060713453e-05,0.249247606656662,0.249078536111093,0.249341371001007,0.249320713737582,0.000262834889914187,NA,FALSE,FALSE,TRUE,"diagnostics_met_only",49.4133342595247,45.6393231575681
"mu.tau[42]","local_continuous",TRUE,0.259150068013033,0.00924966012774328,0.240842934258285,0.259163842214534,0.277561349535605,1.00053909495589,4976.08004499129,4484.75191980957,0.000131226737322049,0.259177902040881,0.259097184349023,0.25955319456142,0.258771991100809,0.000781203460610613,NA,FALSE,FALSE,TRUE,"diagnostics_met_only",48.8176435760241,43.9974877350544
"mu.tau[43]","local_continuous",TRUE,0.292256330949055,0.0100320874186426,0.272799608426632,0.292219969904805,0.311819538464175,1.00088977641847,4884.44555388016,4333.19112362915,0.000143460004511558,0.291884690439252,0.29273162799971,0.292366858044581,0.292042147312678,0.000846937560458005,NA,FALSE,FALSE,TRUE,"diagnostics_met_only",47.9186668944018,42.5106063221476
"mu.tau[44]","local_continuous",TRUE,0.269382794920722,0.00729237245004263,0.255127135856588,0.269337960375066,0.283347372522518,1.0004243254381,4972.54071954099,4466.2553335328,0.000103338980663586,0.269254125137103,0.269451655690426,0.26969079884632,0.269134600009042,0.000556198837277422,NA,FALSE,FALSE,TRUE,"diagnostics_met_only",48.7829211586252,43.81602768054
"mu.tau[45]","local_continuous",TRUE,0.284872235200519,0.00851700506596785,0.268213055312977,0.28488105959144,0.301600039209019,0.999994059871428,4855.32135405982,4901.91562726294,0.000122485372690167,0.28481030637927,0.285068063242493,0.284785842812392,0.28482472836792,0.000282220430100733,NA,FALSE,FALSE,TRUE,"diagnostics_met_only",47.6329450423795,48.090056383304
"mu.tau[46]","local_continuous",TRUE,0.24897117002267,0.00681731474861141,0.235927916122493,0.248934068644731,0.262393511562902,1.00079749295286,5065.62510642165,4749.8211819733,9.60364760030698e-05,0.248913369919053,0.248800772347258,0.248943922860719,0.249226614963649,0.000425842616390837,NA,FALSE,FALSE,TRUE,"diagnostics_met_only",49.6961219874195,46.5979396261557
"mu.tau[47]","local_continuous",TRUE,0.259410913081465,0.0071376290132075,0.24569201884657,0.259329743335255,0.273842385015839,1.00076438248285,5230.29636239192,4744.13972974825,9.87557104025643e-05,0.259367825695076,0.259105906443985,0.259656959655686,0.259512960531113,0.000551053211700292,NA,FALSE,FALSE,TRUE,"diagnostics_met_only",51.3116230662787,46.5422019556984
"mu.tau[48]","local_continuous",TRUE,0.319660172393814,0.00771527660222641,0.304563866508431,0.31973041899056,0.334729004894717,1.00063949871631,5445.30389163298,4833.72480964007,0.000104353580809844,0.319452588068302,0.319634827191981,0.319613617891748,0.319939656423225,0.000487068354922238,NA,FALSE,FALSE,TRUE,"diagnostics_met_only",53.4209462350683,47.4210729666844
"mu.tau[49]","local_continuous",TRUE,0.255070899658707,0.01306027066534,0.229860058679937,0.254903592329189,0.282060276195018,1.00026540495986,4996.76988242305,4497.34859913768,0.000184955068817954,0.255399524143199,0.255194513486017,0.254686876445178,0.255002684560433,0.000712647698021485,NA,FALSE,FALSE,TRUE,"diagnostics_met_only",49.0206204373804,44.1210669773739
"mu.tau[50]","local_continuous",TRUE,0.399253680071877,0.00915014158524031,0.381269092038152,0.399241148493063,0.417168350099433,1.00080753861448,4609.8658353034,4283.12091510994,0.000134734630448965,0.399378968378683,0.3994934856835,0.398634230878302,0.399508035347024,0.00087380446872215,NA,FALSE,FALSE,TRUE,"diagnostics_met_only",45.224913033232,42.0193944503192
"mu.tau[51]","local_continuous",TRUE,0.385478144022048,0.0522435862289752,0.274190075391686,0.411777442582943,0.428294307939148,1.53334901168791,7.12613564179708,26.7626147335414,0.0255302905427195,0.297126614344539,0.414816317457885,0.414992783288767,0.414976860997002,0.117866168944228,NA,FALSE,FALSE,FALSE,"inconclusive",0.0699106820409398,0.262553611560073
"mu.tau[52]","local_continuous",TRUE,0.38285933407202,0.0112755157468695,0.361103700879146,0.382911102036049,0.405344273118398,1.00046156052799,4310.72420445664,4171.44667083299,0.000171797970857754,0.382769241204106,0.383325799047767,0.383119912936811,0.382222383099396,0.00110341594837154,NA,FALSE,FALSE,TRUE,"diagnostics_met_only",42.2901954681223,40.9238185342482
"mu.tau[53]","local_continuous",TRUE,0.334343630715069,0.0114197803463926,0.312005788051564,0.334410213172727,0.356771107009199,1.00084647481063,5029.68768667,4696.6346591747,0.000161315800109362,0.333632581249503,0.334693487859898,0.334348040207554,0.33470041354332,0.00106783229381657,NA,FALSE,FALSE,TRUE,"diagnostics_met_only",49.3435593010046,46.076155271894
"mu.tau[54]","local_continuous",TRUE,0.318747315865168,0.0085264094006992,0.302362244991079,0.31859337756116,0.335839981848502,1.00123875936297,4830.26136903877,4147.47124983787,0.00012258769177273,0.318534770311305,0.318653687742668,0.319004923157782,0.318795882248916,0.000470152846476668,NA,FALSE,FALSE,TRUE,"diagnostics_met_only",47.3870950147036,40.6886085806015
"mu.tau[55]","local_continuous",TRUE,0.260994983461379,0.0074658307233929,0.246371593657507,0.260964368056565,0.275896428823837,1.00018488818803,5421.11708363852,5106.62382403352,0.000101381810327744,0.261244323882623,0.260882051672806,0.261076406416956,0.260777151873134,0.000467172009488814,NA,FALSE,FALSE,TRUE,"diagnostics_met_only",53.1836624773233,50.098338343538
"mu.tau[56]","local_continuous",TRUE,0.283521296617806,0.00702244640575213,0.27002348383065,0.28348893301362,0.29764053393792,1.00020681889758,4411.5612815236,4552.33463665024,0.000105708535942319,0.283431066088636,0.283553513428981,0.28341095109441,0.283689655859196,0.000278704764785476,NA,FALSE,FALSE,TRUE,"diagnostics_met_only",43.27945376843,44.6605054021332
"mu.tau[57]","local_continuous",TRUE,0.295131855895575,0.00778945434778759,0.280325101458996,0.294911475679382,0.310550760771711,1.00106966791515,4973.8806914109,4941.26390784202,0.000110406387856591,0.295394769054209,0.294762545897203,0.295440180332668,0.29492992829822,0.000677634435465424,NA,FALSE,FALSE,TRUE,"diagnostics_met_only",48.7960669015706,48.4760811898327
"mu.tau[58]","local_continuous",TRUE,0.326050256364709,0.0086934991351602,0.309208441191307,0.326067223967618,0.342992872754594,1.00011466938689,5256.24621262835,4731.2597571501,0.000120082641292374,0.326147312463065,0.32605235034761,0.326095946208423,0.325905416439738,0.000241896023327137,NA,FALSE,FALSE,TRUE,"diagnostics_met_only",51.5662030827252,46.4158434755533
"mu.tau[59]","local_continuous",TRUE,0.334756256138452,0.00822129121560542,0.318442155851746,0.334911630795326,0.350638022054158,1.00154493491017,5044.36073810149,4662.03461576256,0.000115987087001086,0.334472096835568,0.334679275404163,0.335205812504177,0.334667839809898,0.000733715668608859,NA,FALSE,FALSE,TRUE,"diagnostics_met_only",49.4875087126858,45.7367128650724
"mu.tau[60]","local_continuous",TRUE,0.258937462272653,0.00792452568980278,0.243639131051589,0.258790197254193,0.274508062811432,1.00057268216025,5394.2667635667,4514.97990647611,0.000108224131906618,0.259153774031258,0.258813200175544,0.258907903729902,0.258874971153907,0.000340573855714288,NA,FALSE,FALSE,TRUE,"diagnostics_met_only",52.9202484358857,44.2940382458512
"mu.tau[61]","local_continuous",TRUE,0.379111971298713,0.0104949830614239,0.358924371571857,0.379115608322104,0.400066474050313,1.00073537471814,5265.5643701079,4769.68549260621,0.000144696029471507,0.379155806179083,0.378680986242043,0.379569821618407,0.379041271155318,0.000888835376363806,NA,FALSE,FALSE,TRUE,"diagnostics_met_only",51.657618511438,46.7928176883237
"mu.tau[62]","local_continuous",TRUE,0.447055411728991,0.00779238340178516,0.431690112488472,0.447051635107503,0.462294823137825,1.0012288549644,5052.54669590558,4321.77681548199,0.000109625804696539,0.446540889329443,0.447263516835491,0.44706690572659,0.44735033502444,0.000809445694996414,NA,FALSE,FALSE,TRUE,"diagnostics_met_only",49.5678167396459,42.3986266872227
"mu.tau[63]","local_continuous",TRUE,0.352548459111238,0.0075291876980618,0.33811264901502,0.352480990683306,0.367570655865804,1.0012139302375,5041.79661827231,4387.42250083516,0.000106295901720195,0.352009415515662,0.352888189631185,0.352628833162271,0.352667398135834,0.000878774115523007,NA,FALSE,FALSE,TRUE,"diagnostics_met_only",49.4623535128547,43.0426411807397
"mu.tau[64]","local_continuous",TRUE,0.372563592013477,0.00896257199893454,0.354684042605314,0.372594197514067,0.38993239309601,1.00086291297669,5046.7136348065,4612.41238655749,0.00012624823073933,0.372562176153279,0.372821268077894,0.372340003851862,0.372530919970873,0.00048126422603173,NA,FALSE,FALSE,TRUE,"diagnostics_met_only",49.5105917161097,45.2498958772269
"mu.tau[65]","local_continuous",TRUE,0.349144101621597,0.0585730193232345,0.221783958932864,0.378261202601033,0.397542857060346,1.53017067063497,7.16477193023446,34.2978649803845,0.0283374556854456,0.250844375717603,0.382108469089755,0.381870406486228,0.381753155192802,0.131264093372152,NA,FALSE,FALSE,FALSE,"inconclusive",0.070289721875706,0.336477896836955
"mu.tau[66]","local_continuous",TRUE,0.394185837105486,0.0065492015342601,0.38169678470941,0.394225129993637,0.407182270555077,1.00024413259809,5063.80036951485,4602.18859323056,9.20075592911919e-05,0.394182166921636,0.394003449679542,0.3943517090843,0.394206022736466,0.0003482594047583,NA,FALSE,FALSE,TRUE,"diagnostics_met_only",49.6782204755607,45.1495957425593
"mu.tau[67]","local_continuous",TRUE,0.395756365583511,0.0080894246593311,0.38015920860528,0.395711446423882,0.4117346353228,1.00132142787635,4797.4193482529,4345.79986205049,0.000116934903219317,0.395291315979932,0.395674543137796,0.395909167224453,0.396150435991865,0.00085912001193339,NA,FALSE,FALSE,TRUE,"diagnostics_met_only",47.0648996218351,42.6343038697415
"mu.tau[68]","local_continuous",TRUE,0.36426397768904,0.0094449597219029,0.346045700601091,0.364268694798085,0.38278259554454,1.00018927523154,4886.27725815254,4125.65769694282,0.000134917967211914,0.364344678551508,0.36411908241917,0.364397942329639,0.364194207455843,0.000278859910468998,NA,FALSE,FALSE,TRUE,"diagnostics_met_only",47.936636759335,40.4746075515326
"mu.tau[69]","local_continuous",TRUE,0.397825679504033,0.00944914020144735,0.379592882862933,0.397964354417086,0.416901443829635,1.00021826763689,4650.32190694128,4493.57894316365,0.000138667578777131,0.397990136776584,0.397857488928982,0.39769045784256,0.397764634468007,0.000299678934023828,NA,FALSE,FALSE,TRUE,"diagnostics_met_only",45.6218057817102,44.084084911153
"mu.tau[70]","local_continuous",TRUE,0.350224894310051,0.0106437492753399,0.329964107146443,0.349969857330127,0.371719235649159,1.00110233693501,5048.03507581863,4471.14858734264,0.000150006459579166,0.349786470778515,0.3504807541353,0.350397299542181,0.350235052784209,0.000694283356785008,NA,FALSE,FALSE,TRUE,"diagnostics_met_only",49.5235556627813,43.8640327604937
"mu.tau[71]","local_continuous",TRUE,0.334483037257116,0.00852012861155405,0.318024806780006,0.334399194115876,0.351416529641855,1.00125001258842,5084.11744428542,4748.00491511028,0.000119529779503847,0.334483076095102,0.334727044071232,0.334743323919229,0.333978704942902,0.000764618976327625,NA,FALSE,FALSE,TRUE,"diagnostics_met_only",49.8775403630403,46.5801212093384
"mu.tau[72]","local_continuous",TRUE,0.273290039006079,0.00616482015616446,0.261121343647095,0.273263608211021,0.285240559845653,1.00127697526897,4888.86375919693,4362.42326877869,8.81781409549905e-05,0.273265449305498,0.273305312187394,0.273473083292868,0.273116311238554,0.000356772054313892,NA,FALSE,FALSE,TRUE,"diagnostics_met_only",47.9620115292246,42.7973871677068
"mu.tau[73]","local_continuous",TRUE,0.33145758658807,0.0574616723826887,0.204379545867205,0.359225450934144,0.381451681789133,1.52962172975951,7.14851624675266,32.0868712488552,0.0276845809766148,0.235669264561132,0.363434152930344,0.36376367691679,0.362963251944013,0.128094412355659,NA,FALSE,FALSE,FALSE,"inconclusive",0.0701302461126306,0.314787027124506
"mu.tau[74]","local_continuous",TRUE,0.265904576427245,0.00625468363918417,0.253583048743798,0.265807494605985,0.278416004457522,1.00069857484839,5221.29783645887,4149.99492805111,8.65968617831506e-05,0.265571415544826,0.266032292092028,0.265919083557882,0.266095514514243,0.000524098969416575,NA,FALSE,FALSE,TRUE,"diagnostics_met_only",51.2233433706674,40.7133670295011
"mu.tau[75]","local_continuous",TRUE,0.258518458901783,0.00709743585347338,0.244752250928563,0.258553362013683,0.272472199353286,0.999964890868244,5646.14941137707,4966.69926240477,9.41519198309927e-05,0.258542888822378,0.258708995142209,0.258425090687991,0.258396860954554,0.000312134187654245,NA,FALSE,FALSE,TRUE,"diagnostics_met_only",55.3913335495925,48.7256137660869
"mu.tau[76]","local_continuous",TRUE,0.19018153054681,0.010730038246321,0.16933358783826,0.190221125056284,0.21148618041169,1.00138986592152,4572.52001224101,4663.7936570161,0.000158649037499595,0.190299046038436,0.190669153987612,0.189465256785891,0.1902926653753,0.00120389720172151,NA,FALSE,FALSE,TRUE,"diagnostics_met_only",44.8585332598302,45.7539698722295
"mu.tau[77]","local_continuous",TRUE,0.23647663739431,0.00723595279608936,0.222379010976894,0.236347995487904,0.250924227002704,1.00150764460411,4956.01973545044,4182.76506868586,0.000102802203479339,0.236874621405702,0.236173105074932,0.236331844401009,0.236526978695598,0.000701516330770119,NA,FALSE,FALSE,TRUE,"diagnostics_met_only",48.6208426740419,41.0348572448874
"mu.tau[78]","local_continuous",TRUE,0.241101834902778,0.00739752098195214,0.226829157292411,0.241011481172698,0.255745551655478,1.00035560901096,5268.85064402167,4845.30521202398,0.000101944610272023,0.241035443332968,0.241488392265174,0.241042758367703,0.240840745645266,0.000647646619908016,NA,FALSE,FALSE,TRUE,"diagnostics_met_only",51.689858376385,47.5346820627868
"mu.tau[79]","local_continuous",TRUE,0.178011013924482,0.0076068029790356,0.1632573841375,0.177871535658468,0.193116445211254,1.00090507105557,4755.01330035627,4031.64293409282,0.000110369967815448,0.177909296846602,0.177827650621678,0.178179332256134,0.178127775973515,0.000351681634455564,NA,FALSE,FALSE,TRUE,"diagnostics_met_only",46.6488767056103,39.5522793047603
"mu.tau[80]","local_continuous",TRUE,0.333113516353786,0.0114085999329237,0.310770099761903,0.333110513805978,0.355258614803938,1.00003384415457,5303.96120189398,5054.31150500456,0.000156677891889857,0.333014607585076,0.333018980065331,0.333190258326356,0.333230219438383,0.000215611853307263,NA,FALSE,FALSE,TRUE,"diagnostics_met_only",52.0343091658554,49.5851303320308
"mu.tau[81]","local_continuous",TRUE,0.28185150707489,0.00585630398767878,0.270433234313289,0.281850975567845,0.29316575718725,1.00013961127741,4681.80573153737,4673.04396593335,8.55107924777533e-05,0.281677984023398,0.281839290318265,0.282051043391749,0.281837710566146,0.000373059368351414,NA,FALSE,FALSE,TRUE,"diagnostics_met_only",45.930676642638,45.8447196752085
"mu.tau[82]","local_continuous",TRUE,0.340737131817889,0.00843852389134525,0.324374409746672,0.340659715012643,0.357054858090533,1.00104331138931,4560.81617619478,4073.67662305592,0.000124911793398038,0.340398584660485,0.340898985061604,0.340698106439649,0.340952851109816,0.000554266449331375,NA,FALSE,FALSE,TRUE,"diagnostics_met_only",44.7437132224893,39.9646492078633
"mu.tau[83]","local_continuous",TRUE,0.318416956280567,0.00715013299089973,0.304490876053735,0.318335962174953,0.332568964836647,1.00082935257643,5288.65036868558,4913.26080194412,9.83508354916486e-05,0.318072390169291,0.318224883037434,0.318787891807338,0.318582660108204,0.000715501638047178,NA,FALSE,FALSE,TRUE,"diagnostics_met_only",51.8841028203663,48.2013577869964
"mu.tau[84]","local_continuous",TRUE,0.35394588329367,0.00877121879568761,0.336901030175191,0.353915928021911,0.371191509857311,1.00085483445899,5056.291927219,4590.85583305578,0.000123372207780193,0.354035911606399,0.354097427300812,0.353830465232642,0.353819729034826,0.000277698265985449,NA,FALSE,FALSE,TRUE,"diagnostics_met_only",49.604559188665,45.0384161309086
"mu.tau[85]","local_continuous",TRUE,0.326421016615528,0.00745900406372951,0.31173818028748,0.326413200484058,0.340984469190733,1.00202132722715,4600.47652785871,4614.90925023277,0.000110057542094634,0.326450071217566,0.326701915508078,0.326733433301408,0.325798646435057,0.000934786866351345,NA,FALSE,FALSE,TRUE,"diagnostics_met_only",45.1327995904987,45.2743912631242
"mu.tau[86]","local_continuous",TRUE,0.311252798706077,0.00843843446655141,0.294660242602409,0.311220272683541,0.327669266526066,1.0004484640324,5091.72691250789,4829.71811148995,0.000118247232500376,0.311227712579894,0.311065662044173,0.311398541685585,0.311319278514653,0.000332879641411987,NA,FALSE,FALSE,TRUE,"diagnostics_met_only",49.9521927609376,47.3817654072318
"mu.tau[87]","local_continuous",TRUE,0.3205856539373,0.00749484464996424,0.305781265647379,0.320610900641966,0.335485258266575,1.00075992681262,4830.2968256971,4682.94724326086,0.000108042758287762,0.320754184495369,0.320733279835336,0.320456904525069,0.320398246893425,0.000355937601943745,NA,FALSE,FALSE,TRUE,"diagnostics_met_only",47.3874428608984,45.9418753998828
"mu.tau[88]","local_continuous",TRUE,0.394676348412399,0.00933460371122863,0.376421449545148,0.394551988631437,0.413050643787368,1.00132932165864,5088.13841269687,4372.66123887025,0.000130925674297048,0.395010273621151,0.394907567279863,0.394573953302075,0.394213599446507,0.000796674174644074,NA,FALSE,FALSE,TRUE,"diagnostics_met_only",49.9169879203476,42.8978263829833
"mu.tau[89]","local_continuous",TRUE,0.356638628532124,0.00746807125394691,0.342317639055177,0.356619962360775,0.371620598182528,1.00137833143318,4861.32039671301,4326.60189411852,0.000107028559077861,0.356308563480891,0.356735779239231,0.356898649018364,0.35661152239001,0.000590085537472307,NA,FALSE,FALSE,TRUE,"diagnostics_met_only",47.6917984216244,42.4459629372377
"mu.tau[90]","local_continuous",TRUE,0.36868715636228,0.0100168085157033,0.349034499754386,0.368793158635836,0.388335983677529,1.00072593302536,4554.5258091535,4059.98664919395,0.000148709499174012,0.368639315959208,0.368665051195712,0.369272828686355,0.368171429607847,0.00110139907850865,NA,FALSE,FALSE,TRUE,"diagnostics_met_only",44.6820018164413,39.8303442411995
"mu.tau[91]","local_continuous",TRUE,0.319249834766412,0.00647178773535094,0.306528690587783,0.319251065687687,0.331915506183981,1.00049352816142,4592.63836576424,4590.14327932964,9.54794409104865e-05,0.319026533752211,0.319134070500428,0.319308702345527,0.319530032467483,0.00050349871527211,NA,FALSE,FALSE,TRUE,"diagnostics_met_only",45.0559036000887,45.0314256497434
"mu.tau[92]","local_continuous",TRUE,0.280938357519219,0.0101842793389387,0.261580016729745,0.280756088566841,0.300787524148822,1.0001182345658,4893.88399755071,4560.48606558359,0.000144716078400802,0.280950135144095,0.280904781337464,0.280757103296514,0.281141410298801,0.000384307002286866,NA,FALSE,FALSE,TRUE,"diagnostics_met_only",48.0112623862056,44.7404746849232
"mu.tau[93]","local_continuous",TRUE,0.287122995349478,0.0106780725023564,0.266408275775585,0.286943242919657,0.30812912105595,1.00030701792945,4986.28940711672,4329.3044198076,0.000151594364036962,0.286882934942493,0.286772598238545,0.287610976144888,0.287225472071984,0.000838377906342336,NA,FALSE,FALSE,TRUE,"diagnostics_met_only",48.9178021339395,42.4724759624809
"mu.tau[94]","local_continuous",TRUE,0.253085651121258,0.0091445704767912,0.235378135128896,0.253179861169195,0.270969925253773,1.00034607167222,4731.89847674694,4069.82005574599,0.000132707716126452,0.252975830957387,0.253103233525526,0.25297029270167,0.253293247300447,0.000322954598777181,NA,FALSE,FALSE,TRUE,"diagnostics_met_only",46.4221096098079,39.9268145012949
"mu.tau[95]","local_continuous",TRUE,0.223216269144308,0.00910206934351761,0.205605209455628,0.223179068989687,0.241074999968191,0.999929837465527,4850.72904267008,4576.95159352277,0.000130432353192821,0.223441279509018,0.223146699635671,0.223033057289297,0.223244040143248,0.000408222219721144,NA,FALSE,FALSE,TRUE,"diagnostics_met_only",47.5878923465652,44.9020091190477
"mu.tau[96]","local_continuous",TRUE,0.245914658632865,0.00817356883588585,0.23018947374802,0.245896653743029,0.262361378935873,1.00073844596281,4602.8128200965,4163.09201419004,0.000120639555553767,0.245961208418358,0.246081353948926,0.246123998748976,0.245492073415199,0.000631925333777233,NA,FALSE,FALSE,TRUE,"diagnostics_met_only",45.15571969643,40.841855493761
"mu.tau[97]","local_continuous",TRUE,0.240917404143626,0.0102630468844553,0.221274283097401,0.240942999254704,0.261191638387198,1.00085074130103,4765.29983511564,4135.90513073215,0.000148543453729965,0.240477073406707,0.241145505744578,0.24078368561195,0.241263351811268,0.000786278404560303,NA,FALSE,FALSE,TRUE,"diagnostics_met_only",46.7497923627089,40.5751396100553
"mu.tau[98]","local_continuous",TRUE,0.317062648325552,0.00988731463027577,0.297168013300127,0.317097458435714,0.336174930357663,1.00049667662259,5251.1841584833,4231.73192713909,0.000136489241110552,0.317094768247156,0.317138083294409,0.317285193207702,0.31673254855294,0.000552644654761236,NA,FALSE,FALSE,TRUE,"diagnostics_met_only",51.5165419935182,41.515244742957
"mu.tau[99]","local_continuous",TRUE,0.287321733202704,0.0109560495921191,0.266017752658249,0.287335773996373,0.309088593354531,1.00118785675467,4683.33646229009,4196.85751038177,0.000160042097048267,0.286893999785925,0.287212104318762,0.287595832962512,0.287584995743616,0.000701833176587341,NA,FALSE,FALSE,TRUE,"diagnostics_met_only",45.9456938183307,41.1731106068925
"mu.tau[100]","local_continuous",TRUE,0.230647624321742,0.0087656009460289,0.213748416103478,0.230464608995173,0.248079300547124,1.00014020159237,5096.85622016546,4703.56194843867,0.000123288997819578,0.230680945759364,0.230525113974737,0.230719302045976,0.230665135506893,0.000194188071239498,NA,FALSE,FALSE,TRUE,"diagnostics_met_only",50.0025136381653,46.144115179126
"mu.tau[101]","local_continuous",TRUE,0.356041623816629,0.0109287623129848,0.334652971034845,0.35603513837966,0.376863823414161,1.00008898094986,5091.02366079266,4575.13010502835,0.000153206344165086,0.355869921050382,0.356039582131921,0.356064890341389,0.356192101742821,0.000322180692439167,NA,FALSE,FALSE,TRUE,"diagnostics_met_only",49.9452935367957,44.8841394756147
"mu.tau[102]","local_continuous",TRUE,0.292617183779376,0.00844681482096251,0.276006987423195,0.29268289552023,0.308820383720941,1.00059996911695,5068.20215321762,4886.94487902096,0.000118806131502933,0.292642409119262,0.292785115821183,0.292712125213047,0.29232908496401,0.000456030857173217,NA,FALSE,FALSE,TRUE,"diagnostics_met_only",49.7214040067655,47.9431864284127
"mu.tau[103]","local_continuous",TRUE,0.257147413851302,0.00682015229159551,0.24363885376491,0.257228507706879,0.27090292762363,1.00034011612012,4957.49964247155,4747.79248814322,9.68699409781086e-05,0.257176043384603,0.257212020947567,0.256979994243346,0.257221596829693,0.000241602586346423,NA,FALSE,FALSE,TRUE,"diagnostics_met_only",48.6353612454533,46.5780372026765
"mu.tau[104]","local_continuous",TRUE,0.252702667312487,0.00787282703410786,0.237554499068211,0.25267201272732,0.268553225137316,1.00059974289362,5051.90375202156,4847.50115854231,0.000110720009176926,0.252737108969148,0.252676629818138,0.252791007580422,0.252605922882239,0.000185084698182847,NA,FALSE,FALSE,TRUE,"diagnostics_met_only",49.5615091631829,47.5562253123878
"mu.tau[105]","local_continuous",TRUE,0.284874605540249,0.0084463395432733,0.268520984945802,0.284802284947639,0.301430752509427,1.00036495122795,5472.03686133443,4982.55762493351,0.000114293907325449,0.284583486576568,0.285176640224417,0.284918409641524,0.284819885718489,0.000593153647849509,NA,FALSE,FALSE,TRUE,"diagnostics_met_only",53.6832090151712,48.8811916270996
"mu.tau[106]","local_continuous",TRUE,0.30583697412088,0.00773575754454433,0.29031900292356,0.305855790596829,0.320896212185419,1.00024863226133,4550.14750818468,4536.77515350213,0.000114695188774681,0.305782235953401,0.306105444186484,0.305660545852507,0.305799670491129,0.000444898333976984,NA,FALSE,FALSE,TRUE,"diagnostics_met_only",44.6390486617027,44.5078596858899
"mu.tau[107]","local_continuous",TRUE,0.223532647667325,0.00913447539224858,0.205769372969994,0.223378612481466,0.241963653512083,1.00023445160927,4784.37723586173,4278.66481086406,0.00013211199377116,0.223663814922798,0.223465825528588,0.223365723124091,0.223635227093824,0.000298091798707101,NA,FALSE,FALSE,TRUE,"diagnostics_met_only",46.936950475432,41.9756780094971
"mu.tau[108]","local_continuous",TRUE,0.362410439711182,0.0808444179452762,0.214292471219325,0.381300092923712,0.459644114680251,1.87785325508804,5.70771080591561,42.8098279351116,0.0383276962703249,0.308054417179996,0.437761630961871,0.437231286138928,0.266594424563932,0.171167206397938,NA,FALSE,FALSE,FALSE,"inconclusive",0.0559952792637799,0.41998418489887
"mu.tau[109]","local_continuous",TRUE,0.441242619334673,0.0141344974408239,0.413753216831013,0.441176027650466,0.469035219224254,1.00111489254233,4938.74254481834,4421.69588166419,0.000201134776955915,0.440816150489723,0.441489670648406,0.441499325936183,0.441165330264378,0.000683175446459294,NA,FALSE,FALSE,TRUE,"diagnostics_met_only",48.4513454540119,43.3788788767432
"mu.tau[110]","local_continuous",TRUE,0.365133825294874,0.0069758528320522,0.351357096852514,0.36512154473655,0.378511039463299,1.00043738911558,5160.4180302166,5148.05779334087,9.720419169615e-05,0.364888558249801,0.365048976824483,0.365139465321559,0.365458300783654,0.000569742533852946,NA,FALSE,FALSE,TRUE,"diagnostics_met_only",50.6260843524762,50.5048247198217
"mu.tau[111]","local_continuous",TRUE,0.292149958879067,0.00841452677311545,0.275577085243227,0.292178524076637,0.309162339280693,1.00279916444652,4692.54699117166,4584.23985337922,0.000123235441821862,0.291988616704021,0.292514726166537,0.292048569774033,0.292047922871678,0.000526109462515911,NA,FALSE,FALSE,TRUE,"diagnostics_met_only",46.0360533607862,44.9735103145158
"mu.tau[112]","local_continuous",TRUE,0.303021791618116,0.00915926698773837,0.285271022490142,0.303041193720692,0.321332499855827,1.0004193511337,4828.76930962379,4652.53984453029,0.000131755248669754,0.303171399700981,0.302967004007351,0.303384292721369,0.302564470042761,0.00081982267860764,NA,FALSE,FALSE,TRUE,"diagnostics_met_only",47.3724572226954,45.6435647738717
"mu.tau[113]","local_continuous",TRUE,0.371781030834913,0.0572012777919287,0.246968007754749,0.399674585727672,0.42078290070013,1.52873217455841,7.14393710074322,36.6394211766898,0.0278029188193638,0.275472022114338,0.403846602929151,0.403942518175505,0.403862980120661,0.128470496061167,NA,FALSE,FALSE,FALSE,"inconclusive",0.0700853225752778,0.359449644632596
"mu.tau[114]","local_continuous",TRUE,0.20985785244083,0.00670085828239926,0.196973634825256,0.209832569316303,0.22324226878752,1.00033769033083,4868.47814114392,4652.6051435829,9.62153764634708e-05,0.209960295747702,0.209736477027132,0.210125587222375,0.209609049766109,0.000516537456266564,NA,FALSE,FALSE,TRUE,"diagnostics_met_only",47.7620192004858,45.6442053877379
"mu.tau[115]","local_continuous",TRUE,0.19479006054916,0.00664274789266571,0.182000022373409,0.194678944830405,0.20796310767818,1.00045866627228,5061.84780028484,4471.20196021136,9.3565881858579e-05,0.19473811954447,0.194838829646398,0.194832480664811,0.194750812340961,0.000100710101927554,NA,FALSE,FALSE,TRUE,"diagnostics_met_only",49.6590648695683,43.8645563729875
"mu.tau[116]","local_continuous",TRUE,0.197501566217872,0.00568143022729386,0.186663765055159,0.197467485646502,0.208769788499114,1.00088244831585,4958.65856032726,4603.95286912032,8.06483872387367e-05,0.197378345541492,0.197454586867291,0.19747376017683,0.197699572285878,0.000321226744385866,NA,FALSE,FALSE,TRUE,"diagnostics_met_only",48.6467307648948,45.1669041039156
"mu.tau[117]","local_continuous",TRUE,0.20551638581893,0.00891135629093847,0.18851582487813,0.205290397242159,0.223569148650454,1.00075377643163,5135.13971470969,4654.18813385308,0.000124376837171499,0.205414708074136,0.205835280940644,0.205687100782138,0.205128453478801,0.000706827461842502,NA,FALSE,FALSE,TRUE,"diagnostics_met_only",50.3780924018924,45.6597352534344
"mu.tau[118]","local_continuous",TRUE,0.219394352386323,0.00750600950676005,0.204962136226685,0.219279867659528,0.234065195040284,1.00018171829537,4791.39392708176,4527.00702748229,0.000108269981970339,0.21937544543122,0.219615508948168,0.219297882006833,0.219288573159071,0.000326935789097454,NA,FALSE,FALSE,TRUE,"diagnostics_met_only",47.0057874571455,44.412029857967
"mu.tau[119]","local_continuous",TRUE,0.199181846593163,0.00679520000418976,0.186105146621048,0.198994374224688,0.212596866410645,1.00004678085843,4204.52237323806,4351.66815760014,0.000104659681366082,0.199152745921086,0.199391098584073,0.198986599507232,0.199196942360262,0.000404499076840703,NA,FALSE,FALSE,TRUE,"diagnostics_met_only",41.2483064517331,42.6918745595117
"mu.tau[120]","local_continuous",TRUE,0.246535548894466,0.00924141508744344,0.228587745133171,0.246490268651311,0.264840046384599,1.00242416931079,5359.30359124606,4581.89889077935,0.000126346683478446,0.246470446761532,0.246490334055044,0.2465196099332,0.246661804828089,0.000191358066557151,NA,FALSE,FALSE,TRUE,"diagnostics_met_only",52.577243566751,44.9505443901753
"mu.tau[121]","local_continuous",TRUE,0.239191682465041,0.00675847111976704,0.225797061034144,0.239024358566251,0.252665843603932,1.00070658583578,5042.89888320114,4468.94686377576,9.53824199877384e-05,0.239076668011367,0.239238047570401,0.23904953512693,0.239402479151467,0.000352944024536256,NA,FALSE,FALSE,TRUE,"diagnostics_met_only",49.4731672409169,43.8424328353781
"mu.tau[122]","local_continuous",TRUE,0.247626389357232,0.00893640835964911,0.230462081157203,0.247456956659203,0.265285789805813,1.00033735815056,4893.36058391837,4792.68766942178,0.000127685783815476,0.247325921629502,0.247556901572216,0.248027831347778,0.247594902879431,0.000701909718275329,NA,FALSE,FALSE,TRUE,"diagnostics_met_only",48.0061274567199,47.0184796670504
"mu.tau[123]","local_continuous",TRUE,0.233790039253242,0.00760547357435057,0.219260986045663,0.233727677522907,0.248719805144426,1.00059178343151,5033.78718528711,4854.44994531709,0.000107196229961457,0.233893606638187,0.233594889837369,0.233690833965546,0.233980826571865,0.00038593673449594,NA,FALSE,FALSE,TRUE,"diagnostics_met_only",49.3837772759007,47.62439612013
"mu.tau[124]","local_continuous",TRUE,0.283834731172061,0.00824793408381799,0.267874808503173,0.283905073896225,0.299975845040245,0.999989555846257,4751.01522742824,4689.97671883413,0.000119815148440859,0.283672844505232,0.283705983877472,0.284007386795056,0.283952709510484,0.000334542289824158,NA,FALSE,FALSE,TRUE,"diagnostics_met_only",46.6096537635702,46.0108378020066
"mu.tau[125]","local_continuous",TRUE,0.217035192423859,0.00579987854146044,0.205758104805961,0.21694904367043,0.228605899363829,1.0009341028448,4717.62011094134,3778.49582267026,8.47055465354855e-05,0.216900294565441,0.217136209840241,0.216833803185192,0.217270462104563,0.000436658919370808,NA,FALSE,FALSE,TRUE,"diagnostics_met_only",46.2820322464127,37.0687892189917
"mu.tau[126]","local_continuous",TRUE,0.206362238531399,0.00590391797024447,0.194965649154608,0.20622989057181,0.217899569729272,1.00060275316758,4727.64200645319,4351.20253594678,8.57411074311212e-05,0.206279328732292,0.206265774117029,0.20654438952735,0.206359461748927,0.000278615410320288,NA,FALSE,FALSE,TRUE,"diagnostics_met_only",46.3803516702624,42.6873065960324
"mu.tau[127]","local_continuous",TRUE,0.314816535828581,0.0067521043615418,0.301595668552222,0.314780578211822,0.32821475874047,1.00024014147958,4849.53719079185,4362.74632311733,9.70743122300566e-05,0.314694140412309,0.31491431843457,0.315038303247859,0.314619381219586,0.000418922028272539,NA,FALSE,FALSE,TRUE,"diagnostics_met_only",47.5761997291513,42.8005564799801
"mu.tau[128]","local_continuous",TRUE,0.279898917178915,0.00852098737665017,0.263040512215522,0.279871606445658,0.296852677634918,1.00020758162039,4930.24380544475,4371.01318686959,0.000121548051684865,0.280028689722688,0.279758154063316,0.279924058059218,0.279884766870439,0.000270535659372018,NA,FALSE,FALSE,TRUE,"diagnostics_met_only",48.3679688953886,42.8816582316602
"mu.tau[129]","local_continuous",TRUE,0.265817008481817,0.00807463726224799,0.249862454039686,0.265941511987983,0.281583312526278,1.00096289535677,4945.62190101801,4674.54962520818,0.000114890311783964,0.265693601959472,0.265730626575783,0.265758971875951,0.266084833516064,0.000391231556592153,NA,FALSE,FALSE,TRUE,"diagnostics_met_only",48.5188351157439,45.8594908881233
"mu.tau[130]","local_continuous",TRUE,0.323969561718968,0.0121891753911438,0.29972490572833,0.323958444686413,0.348184171093847,1.00084448584062,5186.19655382044,4610.18063657061,0.000169339114415649,0.323579079145209,0.324005009322395,0.324496901171343,0.323797257236925,0.00091782202613383,NA,FALSE,FALSE,TRUE,"diagnostics_met_only",50.8789835755252,45.2280013790626
"mu.tau[131]","local_continuous",TRUE,0.441837858112619,0.012540986937999,0.417748507818983,0.441614230066816,0.466798653637442,1.00113344773879,5058.92730375503,4760.85412218496,0.000176665298749567,0.441511423959831,0.441774157712136,0.442537214916061,0.441528635862444,0.00102579095623045,NA,FALSE,FALSE,TRUE,"diagnostics_met_only",49.630413449702,46.7061778654884
"mu.tau[132]","local_continuous",TRUE,0.276742058902635,0.00870414095240987,0.259909705327012,0.276634301232344,0.293720919934419,1.00095964553849,4830.13910476026,4713.33850679465,0.000125406940682372,0.276621515102092,0.276837497023972,0.276507484503706,0.277001738980769,0.000494254477062694,NA,FALSE,FALSE,TRUE,"diagnostics_met_only",47.3858955456604,46.2400277321611
"mu.tau[133]","local_continuous",TRUE,0.33019383793436,0.0110826414841886,0.308688320474458,0.330079678116502,0.351986071676224,1.00034911847235,5010.25548627227,4564.80043808546,0.000156449841899697,0.329946662411359,0.33062150667443,0.330115739304506,0.330091443347146,0.000674844263071794,NA,FALSE,FALSE,TRUE,"diagnostics_met_only",49.1529204398252,44.782800671874
"mu.tau[134]","local_continuous",TRUE,0.24905863123416,0.008593447482405,0.232694394704903,0.248903649801654,0.26632412353366,1.00025189832776,5079.20489351164,4573.45512195133,0.000120579467445175,0.248939610281733,0.248805355650502,0.248977324102613,0.24951223490179,0.000706879251288095,NA,FALSE,FALSE,TRUE,"diagnostics_met_only",49.8293459709575,44.8677071179937
"mu.tau[135]","local_continuous",TRUE,0.308155002788394,0.00781645249491243,0.293248597131582,0.308153801281319,0.323623860093087,1.00039971934118,4805.61537819402,4404.88557339915,0.000112602256482842,0.308171646162402,0.308355520136203,0.308131630509454,0.307961214345517,0.000394305790685612,NA,FALSE,FALSE,TRUE,"diagnostics_met_only",47.1453064611116,43.213961988376
"mu.tau[136]","local_continuous",TRUE,0.286536016420667,0.0130070711760164,0.261514846663102,0.286400367944953,0.312553909581608,1.00046717380126,5456.85917654561,4809.94825424733,0.000176293181767202,0.287251092991183,0.28652926132373,0.286281230603404,0.28608248076435,0.00116861222683329,NA,FALSE,FALSE,TRUE,"diagnostics_met_only",53.5343089171763,47.1878139764484
"mu.tau[137]","local_continuous",TRUE,0.346826011862732,0.0143974271025558,0.318855644674611,0.346773179403642,0.374962463691439,1.00043207589842,4728.50492475404,4693.34003959046,0.000209183549100526,0.346586420458056,0.346973134848727,0.347276671300208,0.346467820843939,0.000808850456268884,NA,FALSE,FALSE,TRUE,"diagnostics_met_only",46.3888172973555,46.0438335320651
"mu.tau[138]","local_continuous",TRUE,0.342415840430888,0.00845508541945987,0.326133212638141,0.342369170241687,0.359161900913363,1.00018812620226,5808.39845530856,5117.08887480798,0.000111015603556421,0.342627765687324,0.342623308557084,0.34207518058686,0.342337106892284,0.000552585100464409,NA,FALSE,FALSE,TRUE,"diagnostics_met_only",56.9830716095883,50.201005325197
"mu.tau[139]","local_continuous",TRUE,0.380626249170681,0.0095844254865026,0.36169455671061,0.380769858803263,0.399473986375936,1.00110931318333,5025.34109403699,4085.65773534277,0.000135596628066034,0.380320067963165,0.380836232286821,0.380650816301145,0.380697880131591,0.000516164323655977,NA,FALSE,FALSE,TRUE,"diagnostics_met_only",49.3009172196856,40.082189453192
"mu.tau[140]","local_continuous",TRUE,0.272071346457119,0.00908142705666464,0.254616687914774,0.271991097964676,0.289645148210785,1.000196826381,4828.58582976296,4431.42329816912,0.000131158947884898,0.272014141668741,0.272082817918127,0.271856938804686,0.272331487436921,0.000474548632235228,NA,FALSE,FALSE,TRUE,"diagnostics_met_only",47.3706572005156,43.4743093255221
"mu.tau[141]","local_continuous",TRUE,0.269904972490529,0.00807392782595057,0.253684913033495,0.269861152275053,0.285897482665218,1.00113506632707,4558.30503330696,3657.02259164187,0.000119762204380327,0.270015279768695,0.270150770561331,0.269983423212982,0.26947041641911,0.00068035414222134,NA,FALSE,FALSE,TRUE,"diagnostics_met_only",44.7190777509217,35.8770807169669
"mu.tau[142]","local_continuous",TRUE,0.36013026409862,0.0113718772321476,0.338135894568283,0.360070568238114,0.382435493651271,1.00172401883751,5089.41350767297,4776.22566219142,0.000159406848003146,0.360038488698404,0.360367501241184,0.360261095758888,0.359853970696004,0.000513530545179997,NA,FALSE,FALSE,TRUE,"diagnostics_met_only",49.9294971909996,46.8569797727055
"mu.tau[143]","local_continuous",TRUE,0.226218696108253,0.00682401139427413,0.213045610237003,0.226253208769841,0.239456279566054,1.00087862964029,5195.42526398666,4635.70370966536,9.53576914904426e-05,0.22630533843414,0.226431276809416,0.226076919627663,0.226061249561793,0.000370027247623056,NA,FALSE,FALSE,TRUE,"diagnostics_met_only",50.9695214847807,45.478394514631
"mu.nu[1]","local_continuous",TRUE,0.847809550814788,0.0297410811231905,0.790938735404186,0.847626309134745,0.906288691593343,1.00124695373263,4621.40141906633,3859.27794943941,0.000438218296621393,0.84690993921442,0.846310705422735,0.849020375227437,0.848997183394555,0.002709669804702,NA,FALSE,FALSE,TRUE,"diagnostics_met_only",45.3380824379619,37.8612991939666
"mu.nu[2]","local_continuous",TRUE,0.71175127031504,0.0747427481692028,0.571915650854685,0.710517293512329,0.861829935555233,1.00213230172319,4231.78572890388,3841.89075252779,0.00115644654337357,0.708328814827046,0.714053345715656,0.712450926681187,0.712171994036272,0.00572453088860947,NA,FALSE,FALSE,TRUE,"diagnostics_met_only",41.5157725631193,37.6907227615252
"mu.nu[3]","local_continuous",TRUE,0.597952692113545,0.0275976447496312,0.544064931492776,0.597782079172142,0.652762178940248,1.00048458592648,4706.41977892275,4582.27473506886,0.000402828142475416,0.597967678522738,0.597701702488045,0.597896823439286,0.598244564004113,0.000542861516067528,NA,FALSE,FALSE,TRUE,"diagnostics_met_only",46.1721518161397,44.9542315962491
"mu.nu[4]","local_continuous",TRUE,0.549813856752042,0.0265477566472073,0.499328867638674,0.549490685817707,0.602805547514124,1.00070678074642,4991.94364523409,4577.0574485475,0.000376440208199417,0.549454206210324,0.550077484797286,0.549294114277491,0.550429621723067,0.00113550744557533,NA,FALSE,FALSE,TRUE,"diagnostics_met_only",48.9732728214309,44.9030476057323
"mu.nu[5]","local_continuous",TRUE,0.444445460879317,0.0193394465923298,0.407037156214302,0.444304007269248,0.481747455172656,1.00050860390233,5340.64730566552,4719.53178645999,0.000264737508642077,0.444581785415052,0.444960443723214,0.44469664013949,0.443542974239511,0.00141746948370319,NA,FALSE,FALSE,TRUE,"diagnostics_met_only",52.3942167883051,46.3007866662087
"mu.nu[6]","local_continuous",TRUE,0.469766195020401,0.0233981390718313,0.424848027253727,0.469145634722564,0.516854135260666,1.0005111626877,4712.23948172446,4341.17836124625,0.00034111994257423,0.469914917712185,0.470215165440108,0.469874359581237,0.469060337348071,0.00115482809203621,NA,FALSE,FALSE,TRUE,"diagnostics_met_only",46.2292457886087,42.5889648122891
"mu.nu[7]","local_continuous",TRUE,0.456524526865091,0.0254178564974497,0.407768555472458,0.456117000724192,0.50812347219164,1.00052379760209,5158.384749416,4427.31656679431,0.000355059378661855,0.455785644581833,0.456116136568249,0.456971206345282,0.457225119964998,0.00143947538316469,NA,FALSE,FALSE,TRUE,"diagnostics_met_only",50.6061369286975,43.4340203939324
"mu.nu[8]","local_continuous",TRUE,0.462641747740325,0.0172541840532894,0.429729758825698,0.462130620724695,0.4972071761668,1.00058033649146,4839.11500793438,4449.08710126454,0.000248082486990413,0.461896058741219,0.46350969554119,0.462737231288922,0.462424005389971,0.00161363679997117,NA,FALSE,FALSE,TRUE,"diagnostics_met_only",47.4739533015577,43.6475993923845
"mu.nu[9]","local_continuous",TRUE,0.454432693288542,0.0223592263705858,0.410932802600038,0.454409467155274,0.498908468768819,1.00064482186149,4761.62066680824,4560.3478332141,0.000324837390896082,0.453875734926144,0.454744540859969,0.45522819791189,0.453882299456165,0.00135246298574598,NA,FALSE,FALSE,TRUE,"diagnostics_met_only",46.7136980222918,44.7391185615322
"mu.nu[10]","local_continuous",TRUE,0.532820357974134,0.0203267902825571,0.493699524132091,0.532655803138129,0.573178503366807,1.00056084164724,5003.44469929192,4532.19539301062,0.00028728175178009,0.532387669890412,0.533212283590957,0.532086104223844,0.533595374191323,0.0015092699674788,NA,FALSE,FALSE,TRUE,"diagnostics_met_only",49.0861034738053,44.4629301201842
"mu.nu[11]","local_continuous",TRUE,0.484286399666688,0.0173492362685387,0.45035638588907,0.484161509363926,0.51807470140505,1.00014695755617,5267.47431579285,5132.18055622923,0.000239081710150099,0.484482227783947,0.483569298324932,0.484339515544539,0.484754557013332,0.00118525868839969,NA,FALSE,FALSE,TRUE,"diagnostics_met_only",51.6763559607664,50.3490616904332
"mu.nu[12]","local_continuous",TRUE,0.456610686226477,0.036478120893985,0.38657823624181,0.455961715815397,0.528539892187745,1.00102504529374,5117.56027261591,4453.2604868289,0.000511502387634407,0.458778205415374,0.45557236240912,0.455212404616217,0.456879772465198,0.00356580079915692,NA,FALSE,FALSE,TRUE,"diagnostics_met_only",50.2056299554203,43.6885422323598
"mu.nu[13]","local_continuous",TRUE,0.524299329052612,0.0273226150854579,0.472218376986635,0.524143963633114,0.578765194121657,1.00038069544735,4925.53453253607,4563.30215235961,0.000389903394442296,0.524567623425995,0.524051385687779,0.524594006637287,0.523984300459389,0.000609706177898128,NA,FALSE,FALSE,TRUE,"diagnostics_met_only",48.3217687530517,44.7681017968804
"mu.nu[14]","local_continuous",TRUE,0.523350723068923,0.0215278182878606,0.481298340728651,0.522886486913687,0.56740409286913,1.00010663902474,4903.84239694413,4719.3495036572,0.000307846407540784,0.523495370978064,0.522865918207182,0.523281512486269,0.523760090604177,0.00089417239699463,NA,FALSE,FALSE,TRUE,"diagnostics_met_only",48.1089588838062,46.2989983877212
"mu.nu[15]","local_continuous",TRUE,0.529959914633731,0.0192357512410549,0.492930087467921,0.529582222450892,0.568380790853546,1.00055327407723,4655.90990059176,4422.86213147883,0.000282302381853381,0.529868621330473,0.530434712292303,0.52968262533288,0.529853699579269,0.000752086959423193,NA,FALSE,FALSE,TRUE,"diagnostics_met_only",45.6766265803846,43.3903203260882
"mu.nu[16]","local_continuous",TRUE,0.507391671399564,0.0194676522403119,0.470561386390025,0.506925802419153,0.545326132724503,1.00048192429554,4757.26268230948,4528.61339845199,0.000282646820719907,0.508251941949043,0.507291543384359,0.506836491057355,0.507186709207498,0.00141545089168793,NA,FALSE,FALSE,TRUE,"diagnostics_met_only",46.6709441815081,44.4277890991248
"mu.nu[17]","local_continuous",TRUE,0.601518262341794,0.0193659014207564,0.563485609942687,0.601188229620718,0.6401858840827,1.00044780273463,5110.22338029429,4151.9313443184,0.00027143613860143,0.601592966859263,0.601159251163565,0.602119640782998,0.601201190561352,0.000960389619433233,NA,FALSE,FALSE,TRUE,"diagnostics_met_only",50.1336516530068,40.7323641674685
"mu.nu[18]","local_continuous",TRUE,0.736014113259691,0.0209680911501277,0.69388672500583,0.736435656763798,0.77623361215768,1.00043524255901,5086.26705377171,4393.39338199098,0.000294570593723299,0.735984282206962,0.735823164795714,0.735776472928055,0.736472533108031,0.000696060179976588,NA,FALSE,FALSE,TRUE,"diagnostics_met_only",49.898629024955,43.1012182826882
"mu.nu[19]","local_continuous",TRUE,0.783721765227826,0.0217086572027864,0.742101050239506,0.783367593933507,0.826025857063315,1.00013425976656,4843.80360770903,4290.77551883369,0.000312327958462394,0.783843056349248,0.784117466839632,0.783675130286742,0.783251407435685,0.000866059403947017,NA,FALSE,FALSE,TRUE,"diagnostics_met_only",47.5199506309013,42.0944896483311
"mu.nu[20]","local_continuous",TRUE,0.847217295920523,0.0478115861958561,0.752963871203723,0.847907682342288,0.939761211923901,1.00155531270753,3911.50335813519,2827.95563574403,0.000758605126530419,0.846401048580629,0.844541976195281,0.849553202396152,0.848372956510031,0.00501122620087036,NA,FALSE,FALSE,TRUE,"diagnostics_met_only",38.3736545749636,27.7435509530278
"mu.nu[21]","local_continuous",TRUE,0.684057683380287,0.0342130005768137,0.617267193137869,0.68369540718001,0.753075663572564,1.00149984793325,3931.23667080802,4292.50767181167,0.00054696706807458,0.682013367211886,0.685343761770349,0.684934816559891,0.683938787979023,0.00333039455846307,NA,FALSE,FALSE,TRUE,"diagnostics_met_only",38.5672474866384,42.111482869086
"mu.nu[22]","local_continuous",TRUE,0.557485562050849,0.0191755512257308,0.521116166531098,0.557307276790835,0.596932139388255,1.00061361188011,5233.78390425179,4771.90697447407,0.000265954989279545,0.557113625839841,0.556541941917063,0.558577748936234,0.557708931510256,0.00203580701917117,NA,FALSE,FALSE,TRUE,"diagnostics_met_only",51.3458374627378,46.8146114514977
"mu.nu[23]","local_continuous",TRUE,0.725601127789901,0.0261899266836997,0.675882055903413,0.725269381345098,0.777383916991847,1.0002356601226,4880.59705502931,4608.7499595196,0.000375196897534178,0.726259180452839,0.725777976385226,0.724583667243918,0.725783687077621,0.00167551320892034,NA,FALSE,FALSE,TRUE,"diagnostics_met_only",47.8809113431436,45.2139657763961
"mu.nu[24]","local_continuous",TRUE,0.602946564835115,0.0238777677077545,0.556389899371626,0.602753826821984,0.650635126311011,1.00078748178641,5095.27289326272,4821.02784456944,0.000334476697621203,0.60268195564702,0.603637813545528,0.602353899673332,0.603112590474577,0.00128391387219629,NA,FALSE,FALSE,TRUE,"diagnostics_met_only",49.9869804699478,47.2965098749111
"mu.nu[25]","local_continuous",TRUE,0.51928842159949,0.0159203013468231,0.488092942332041,0.519180504540985,0.550527459875131,1.00025904605666,5159.73162833234,4756.72589712308,0.000221894257438626,0.519518999087122,0.51908667122585,0.519345383318356,0.519202632766631,0.000432327861271009,NA,FALSE,FALSE,TRUE,"diagnostics_met_only",50.6193504329586,46.665678070901
"mu.nu[26]","local_continuous",TRUE,0.578959690103154,0.0198941379516606,0.540087545978714,0.578945411820425,0.618094703892972,1.00017316614332,4594.10803518437,4154.60164002675,0.000294051872997819,0.579339990653893,0.579115315730535,0.57861546861105,0.578767985417134,0.000724522042843345,NA,FALSE,FALSE,TRUE,"diagnostics_met_only",45.070321735906,40.7585610017144
"mu.nu[27]","local_continuous",TRUE,0.551247987218734,0.0198338178309544,0.512155167143816,0.551141092353233,0.590414253668269,1.00034027728761,5057.50132960675,4840.07001315128,0.000278855489543627,0.551074445597406,0.551345781596487,0.551731336247081,0.550840385433958,0.000890950813123625,NA,FALSE,FALSE,TRUE,"diagnostics_met_only",49.6164239846834,47.48332234383
"mu.nu[28]","local_continuous",TRUE,0.538623890059574,0.018929489463415,0.501724310579745,0.538634045444915,0.575549301179,1.00035668273834,4572.83400827496,4503.11400551415,0.000280016094654062,0.538554747161249,0.538996749655185,0.539178925501972,0.537765137919893,0.00141378758207877,NA,FALSE,FALSE,TRUE,"diagnostics_met_only",44.8616137059506,44.1776282768331
"mu.nu[29]","local_continuous",TRUE,0.542015463599927,0.0272037597531908,0.489759552743083,0.5420680808042,0.594881132559631,1.0001914435227,5187.15689868701,4104.69979012984,0.000377192654001092,0.541672285366207,0.542325170989181,0.54252927618634,0.54153512185798,0.000994154328360919,NA,FALSE,FALSE,TRUE,"diagnostics_met_only",50.8884050022271,40.2690008057316
"mu.nu[30]","local_continuous",TRUE,0.502940098441085,0.021954975763405,0.460403048668124,0.502648274284503,0.546471665587275,0.999909725455438,4751.52278481111,4438.24434519608,0.000318797050829924,0.503097925590623,0.502728318548935,0.503412397771254,0.502521751853527,0.000890645917727251,NA,FALSE,FALSE,TRUE,"diagnostics_met_only",46.6146331359251,43.5412269473383
"mu.nu[31]","local_continuous",TRUE,0.556493890938554,0.0183205945535039,0.52105065539439,0.555931144518472,0.593606463506339,1.00017887712279,4941.7019736745,4449.180992339,0.000260408511859985,0.556563942358863,0.556629817633491,0.556689545005592,0.556092258756271,0.000597286249321316,NA,FALSE,FALSE,TRUE,"diagnostics_met_only",48.4803788179816,43.648520507191
"mu.nu[32]","local_continuous",TRUE,0.540064087778089,0.0183300709266603,0.504845531679857,0.539912969202585,0.576489233238326,1.00127553991995,4728.73128773809,4480.70513270079,0.000266651331269508,0.540004047075771,0.540101232211793,0.539326217683355,0.540824854141435,0.0014986364580799,NA,FALSE,FALSE,TRUE,"diagnostics_met_only",46.3910380227808,43.9577868844013
"mu.nu[33]","local_continuous",TRUE,0.522902777217544,0.0175828220514728,0.488817455441419,0.522728302789164,0.55772452829114,1.00043235550774,4909.23575404823,4589.36572231304,0.000250939864491859,0.522449326274499,0.522843034854232,0.523243878505138,0.523074869236308,0.000794552230638956,NA,FALSE,FALSE,TRUE,"diagnostics_met_only",48.1618702080626,45.0237974562751
"mu.nu[34]","local_continuous",TRUE,0.614650455612986,0.0179042350261424,0.5810644545577,0.614672240196749,0.650101153769725,1.00000877185407,4864.59003108996,4593.8595151902,0.000256531701207877,0.614842316416397,0.614719131582065,0.614270801884642,0.614769572568839,0.00057151453175508,NA,FALSE,FALSE,TRUE,"diagnostics_met_only",47.7238750450296,45.0678836399777
"mu.nu[35]","local_continuous",TRUE,0.60295090838491,0.0199599579275026,0.564341588783428,0.602829912765397,0.642664852554448,1.00093007767805,4541.36711149266,3943.81891002463,0.000296835840404284,0.602379539924003,0.603602608702962,0.603175243452591,0.602646241460086,0.00122306877895917,NA,FALSE,FALSE,TRUE,"diagnostics_met_only",44.5529089146947,38.6906850647945
"mu.nu[36]","local_continuous",TRUE,0.718137546555304,0.0219584990932443,0.675589835578463,0.717752881174815,0.762355285976645,1.00160886023779,4868.38949689066,4292.93110183924,0.000314875072668055,0.719624412384355,0.718548710747798,0.716637603246656,0.717739459842402,0.002986809137699,NA,FALSE,FALSE,TRUE,"diagnostics_met_only",47.7611495594186,42.1156369132288
"mu.nu[37]","local_continuous",TRUE,0.768386565024092,0.0276835832269468,0.715384726054863,0.768348075956924,0.823842691480459,1.00071956591266,4453.20738167915,4572.69085833727,0.000415713469624539,0.768137081064301,0.767728406077508,0.76972205210024,0.76795872085432,0.00199364602273133,NA,FALSE,FALSE,TRUE,"diagnostics_met_only",43.6880212463128,44.8602093389443
"mu.nu[38]","local_continuous",TRUE,0.80473652474285,0.0278657922958646,0.751377904373256,0.804440571379086,0.859945357182602,1.00075866197121,5049.62201525914,4246.81233875342,0.00039350451491324,0.803000140764061,0.805004401874348,0.805159999864776,0.805781556468217,0.0027814157041558,NA,FALSE,FALSE,TRUE,"diagnostics_met_only",49.5391242716629,41.663190546182
"mu.nu[39]","local_continuous",TRUE,0.583330123357333,0.0199297265379204,0.545264931814093,0.582952239657509,0.623435649310114,1.00076594503144,4922.16984412766,4511.31431154385,0.000284525921891393,0.583118497944354,0.584221184495589,0.583238492643652,0.582742318345736,0.00147886614985293,NA,FALSE,FALSE,TRUE,"diagnostics_met_only",48.2887596056945,44.2580770665135
"mu.nu[40]","local_continuous",TRUE,0.627244987115985,0.0190946892928027,0.589391587516501,0.627201984102586,0.664402530889568,1.00011018933025,4783.0183911976,4292.38632322298,0.000275907539431791,0.627756758383181,0.626841757666342,0.627286391833139,0.627095040581277,0.000915000716839032,NA,FALSE,FALSE,TRUE,"diagnostics_met_only",46.9236195816584,42.1102923833828
"mu.nu[41]","local_continuous",TRUE,0.760627592028889,0.0244462714400612,0.713389597945976,0.759870190579429,0.809716137819546,1.0004409594119,4985.87596053311,4439.40192732333,0.000347300536758561,0.761420742533382,0.760097638048412,0.760314196714516,0.760677790819247,0.00132310448496975,NA,FALSE,FALSE,TRUE,"diagnostics_met_only",48.913746031993,43.5525833626666
"mu.nu[42]","local_continuous",TRUE,0.729587155877456,0.0327104742922809,0.667279458754393,0.728978408563137,0.794615585082692,1.00081264418012,4850.88180008079,3725.3766993634,0.000471725040764644,0.729014488526785,0.730249893194695,0.7295021535198,0.729582088268544,0.00123540466790972,NA,FALSE,FALSE,TRUE,"diagnostics_met_only",47.5893909673193,36.5476660848742
"mu.nu[43]","local_continuous",TRUE,0.826515718207212,0.0323857663718073,0.763762233536258,0.826319104972608,0.890659091631743,1.00032949513732,4505.71366549505,3789.96166828398,0.000482983773558219,0.825912119389832,0.828078770461567,0.825646169070361,0.826425813907089,0.0024326013912056,NA,FALSE,FALSE,TRUE,"diagnostics_met_only",44.2031321419677,37.1812744602674
"mu.nu[44]","local_continuous",TRUE,0.880040239967428,0.0251808793224099,0.830523038249824,0.880350140583236,0.928991604225476,1.00019523235855,4788.79165310554,4445.04609752169,0.000362954064417794,0.879160188980863,0.880809308994203,0.880427670589344,0.8797637913053,0.00164912001333983,NA,FALSE,FALSE,TRUE,"diagnostics_met_only",46.9802579475095,43.6079552792223
"mu.nu[45]","local_continuous",TRUE,0.8012107059394,0.0277366451616433,0.747583609590538,0.801077425594452,0.855526908826685,1.00045746205455,5029.44653208747,4090.66312555678,0.000392962256846959,0.801420997957318,0.801263707327119,0.800845698185479,0.801312420287682,0.000575299771839344,NA,FALSE,FALSE,TRUE,"diagnostics_met_only",49.3411934631663,40.1312946430638
"mu.nu[46]","local_continuous",TRUE,0.839227700810284,0.0260597761487328,0.788718639851896,0.83887318424095,0.890695651873909,0.999813274136242,5024.96537235459,4159.32157611791,0.000367751481870708,0.839083395208979,0.838952357596952,0.838813267325604,0.840061783109603,0.00124851578399887,NA,FALSE,FALSE,TRUE,"diagnostics_met_only",49.2972312164442,40.8048657547964
"mu.nu[47]","local_continuous",TRUE,0.769736363276261,0.025015880639536,0.721885139488829,0.769559376435616,0.819386792124367,0.999998150538083,5365.39356315555,4480.33204643313,0.000342449713785952,0.769959362546587,0.769695651095963,0.769501854984212,0.769788584478278,0.000457507562374726,NA,FALSE,FALSE,TRUE,"diagnostics_met_only",52.6369890039983,43.9541267357958
"mu.nu[48]","local_continuous",TRUE,0.753853188043161,0.0222540788158966,0.71124013932432,0.753901400817824,0.7979505115982,0.999959525937342,4786.33529369413,4390.69525709387,0.000322182019543397,0.753676084498895,0.75395527668293,0.754528505985244,0.753252885005578,0.00127562097966571,NA,FALSE,FALSE,TRUE,"diagnostics_met_only",46.9561599271488,43.074748431247
"mu.nu[49]","local_continuous",TRUE,0.788102904459218,0.0483863109323627,0.694774227639503,0.788400470913924,0.881951921183514,1.00065467191148,4634.31289102097,4210.05123542565,0.000710458671900415,0.785839494244349,0.787801611075678,0.788907352530553,0.789863159986291,0.00402366574194135,NA,FALSE,FALSE,TRUE,"diagnostics_met_only",45.464749941343,41.3025471434451
"mu.nu[50]","local_continuous",TRUE,0.557591442755973,0.0192134683756028,0.520606553048683,0.557281401479707,0.596525454168854,1.00039372197471,5213.56349629494,5027.21099248584,0.000266545292513843,0.557571865613615,0.557369596654311,0.557765207090663,0.557659101665302,0.000395610436351612,NA,FALSE,FALSE,TRUE,"diagnostics_met_only",51.1474659213489,49.3192617871311
"mu.nu[51]","local_continuous",TRUE,0.400301282349267,0.141196782731594,0.0932055524512583,0.473576925905215,0.506523723897353,1.53206860107991,7.13171910758243,29.2836491586828,0.069073724427499,0.161129478797517,0.480161059971007,0.479654069439356,0.480260521189186,0.31913104239167,NA,FALSE,FALSE,FALSE,"inconclusive",0.0699654584191661,0.287286123677381
"mu.nu[52]","local_continuous",TRUE,0.497387205802109,0.0238708405216351,0.451849175809598,0.49693453051888,0.545231412562929,1.00182332235767,5055.18591387833,4333.78156381444,0.00033599506073968,0.497629562617822,0.497596357490545,0.497823515832064,0.496499387268007,0.00132412856405711,NA,FALSE,FALSE,TRUE,"diagnostics_met_only",49.5937086869514,42.5163988130758
"mu.nu[53]","local_continuous",TRUE,0.773869062889196,0.0330287104403573,0.710567647023989,0.773699455629085,0.840308675372645,1.0009360920537,4987.2118340574,4228.5013010663,0.000469688774927531,0.773483856613985,0.774861887860475,0.773853791819971,0.773276715262351,0.00158517259812396,NA,FALSE,FALSE,TRUE,"diagnostics_met_only",48.9268515682749,41.4835508090325
"mu.nu[54]","local_continuous",TRUE,0.811979206929797,0.024610924180764,0.764084052995259,0.811925976611848,0.861058528575681,1.00044699314927,4716.32029506123,4168.31547611954,0.000358755094485541,0.811963473138244,0.812589551314887,0.812160009291544,0.811203793974516,0.00138575734037127,NA,FALSE,FALSE,TRUE,"diagnostics_met_only",46.2692804522744,40.8931000678839
"mu.nu[55]","local_continuous",TRUE,0.862564261500186,0.0280878560058667,0.806880101457324,0.862585112737084,0.916151721525659,1.00128686056619,4461.45369179639,3732.79292579077,0.00041925028587266,0.863001173012695,0.862184086379851,0.862449220202173,0.862622566406024,0.000817086632843966,NA,FALSE,FALSE,TRUE,"diagnostics_met_only",43.7689213573401,36.6204226915078
"mu.nu[56]","local_continuous",TRUE,0.865129658140712,0.0240696208536192,0.817987596186076,0.865023454280288,0.914034056977024,1.00058763427446,4752.07621039164,3624.48601076087,0.000350391123941063,0.865823904503504,0.865460909503151,0.864979691515305,0.86425412704089,0.00156977746261389,NA,FALSE,FALSE,TRUE,"diagnostics_met_only",46.6200624964843,35.5578818306407
"mu.nu[57]","local_continuous",TRUE,0.871929752641197,0.0249779494999322,0.82283089494175,0.871932457987944,0.919750005200578,1.00044208516225,4325.00790436957,4415.90333630634,0.000378853428638467,0.871576024392179,0.87210083229458,0.87233761308623,0.871704540791797,0.00076158869405063,NA,FALSE,FALSE,TRUE,"diagnostics_met_only",42.4303251615741,43.3220513313419
"mu.nu[58]","local_continuous",TRUE,0.880044840355927,0.0252583457537709,0.830996704007554,0.879736513195564,0.929671115586419,1.00138997746932,4402.25421477027,3269.40806849444,0.00038036392191136,0.878826497579328,0.880535000861118,0.880852062107836,0.879965800875425,0.00202556452850811,NA,FALSE,FALSE,TRUE,"diagnostics_met_only",43.1881471448639,32.0744032148339
"mu.nu[59]","local_continuous",TRUE,0.867153420862221,0.0229322411954388,0.822667411830656,0.86726289135596,0.912266760019059,1.0008442770025,4847.23629554692,4409.29457426167,0.000329197372858575,0.868148740324955,0.86584655531135,0.867214047629579,0.867404340183001,0.0023021850136048,NA,FALSE,FALSE,TRUE,"diagnostics_met_only",47.553626884069,43.2572163232514
"mu.nu[60]","local_continuous",TRUE,0.906235804585004,0.0276906639227862,0.85148942755696,0.906813577585884,0.958574303180914,1.00074879675024,4439.18982701644,3344.1694272793,0.000410387045876448,0.90613858860963,0.906810922055287,0.905933707602636,0.906060000072458,0.000877214452650765,NA,FALSE,FALSE,TRUE,"diagnostics_met_only",43.5505025606919,32.8078466750314
"mu.nu[61]","local_continuous",TRUE,0.849696314257245,0.0267978062476113,0.796529581165264,0.849984656420198,0.901782532164864,1.00071470311672,4184.10678055897,4065.11794469694,0.000413255110693969,0.849973829427944,0.850471915326694,0.848983770432966,0.849355741841377,0.00148814489372828,NA,FALSE,FALSE,TRUE,"diagnostics_met_only",41.0480200580679,39.8806846201089
"mu.nu[62]","local_continuous",TRUE,0.817487391818547,0.0170409985956073,0.785085812667212,0.817649320776047,0.851296116865437,1.00021307170474,4670.83771419834,4034.62676831021,0.000249500435770929,0.817948442178451,0.817653805656002,0.816982239850115,0.817365079589622,0.000966202328335886,NA,FALSE,FALSE,TRUE,"diagnostics_met_only",45.8230753266721,39.5815520965959
"mu.nu[63]","local_continuous",TRUE,0.781576400433613,0.0198407471767641,0.742497813292423,0.781265354984538,0.822428469228818,1.00216681913647,4904.33196246749,4258.92369697007,0.000284255374471969,0.7808704806417,0.783010992011415,0.780841086287704,0.781583042793634,0.00216990572371079,NA,FALSE,FALSE,TRUE,"diagnostics_met_only",48.1137617477091,41.7820085642396
"mu.nu[64]","local_continuous",TRUE,0.887250174304127,0.0231752528595265,0.841515057239958,0.887543544417388,0.93164673690181,1.00063574607498,4301.35165002149,3437.24484571827,0.000353431683008758,0.888427625592809,0.887308037536895,0.887026065311739,0.886238968775064,0.0021886568177456,NA,FALSE,FALSE,TRUE,"diagnostics_met_only",42.1982463801504,33.7209595192704
"mu.nu[65]","local_continuous",TRUE,0.878091169852446,0.0479308034309214,0.754611133323093,0.891202695640349,0.93920808504784,1.41754221774984,8.15218178782499,27.6981701041436,0.0190525629079386,0.812956912524807,0.899830703290917,0.900232223480197,0.899344840113863,0.0872753109553897,NA,FALSE,FALSE,FALSE,"inconclusive",0.0799766686401227,0.271731841856764
"mu.nu[66]","local_continuous",TRUE,0.923807689123923,0.0159311173016961,0.892704657505806,0.92381148122181,0.955223467118051,1.00055318865961,4529.86203370873,3344.92510075866,0.000237109751360397,0.923082492068965,0.923770959202132,0.924305305711335,0.92407199951326,0.00122281364237009,NA,FALSE,FALSE,TRUE,"diagnostics_met_only",44.4400387877088,32.8152601808917
"mu.nu[67]","local_continuous",TRUE,0.918535978306158,0.0194573161054584,0.880830751078859,0.918486325883853,0.956576929458725,0.999992763948126,4384.96220905826,3297.77138549779,0.000293399162795266,0.919085255118219,0.918459501114019,0.918326945383559,0.91827221160884,0.00081304350937883,NA,FALSE,FALSE,TRUE,"diagnostics_met_only",43.0185045820572,32.3526604549875
"mu.nu[68]","local_continuous",TRUE,0.823727386150973,0.024375000146804,0.776951593550451,0.823747291040657,0.871056584883795,1.00006666364106,4932.56820809041,4508.32724515399,0.000346894695212325,0.823179151808128,0.8233505827054,0.823822924051963,0.824556886038399,0.00137773423027088,NA,FALSE,FALSE,TRUE,"diagnostics_met_only",48.3907723589296,44.228772565573
"mu.nu[69]","local_continuous",TRUE,0.928188751466397,0.0216720893726847,0.885037176941873,0.92873242302474,0.969324819887058,1.00076075794127,4422.25060059501,3758.17724268064,0.000321928726951007,0.92846690699323,0.928115297282639,0.92885250255691,0.927320299032806,0.0015322035241041,NA,FALSE,FALSE,TRUE,"diagnostics_met_only",43.3843209256662,36.869454564618
"mu.nu[70]","local_continuous",TRUE,0.883866868538225,0.0296712414396851,0.82668634187117,0.883995394285475,0.941860850690177,0.999949067421735,4730.60686371074,3144.90812108391,0.000432125995984593,0.885172487079932,0.883361661088433,0.883321639842948,0.88361168614159,0.00185084723698414,NA,FALSE,FALSE,TRUE,"diagnostics_met_only",46.409438289357,30.8530012271309
"mu.nu[71]","local_continuous",TRUE,0.894122908516974,0.0241477841582054,0.847142037711948,0.894169510371991,0.941208355617217,1.00147615081956,4636.24298436698,3755.68651743976,0.00035509504575714,0.894072384732793,0.894076185540076,0.894493892775832,0.893849171019197,0.000644721756634659,NA,FALSE,FALSE,TRUE,"diagnostics_met_only",45.4836850485321,36.8450193995974
"mu.nu[72]","local_continuous",TRUE,0.941567886493043,0.0194883470216538,0.901679932633864,0.942393583460323,0.977691147788769,1.00155773931316,4596.53764907317,3365.33963261368,0.000281970429848217,0.940997971669661,0.940846327750997,0.942060842478029,0.94236640407349,0.00152007632249396,NA,FALSE,FALSE,TRUE,"diagnostics_met_only",45.0941573703368,33.015536167383
"mu.nu[73]","local_continuous",TRUE,0.784223856821626,0.0779977314299408,0.584738036768428,0.812569026671999,0.86874988539795,1.51097728483448,7.28769812587347,29.1650837894021,0.0341636121444042,0.666559829786455,0.822434886471215,0.823841805393071,0.824058905635763,0.157499075849308,NA,FALSE,FALSE,FALSE,"inconclusive",0.0714956846316512,0.286122942642174
"mu.nu[74]","local_continuous",TRUE,0.86216810077922,0.0224084111089635,0.819171595021884,0.862155813328861,0.906069534377146,1.00068010763363,4895.93836024531,4176.70394511384,0.000320643391602916,0.861416255080432,0.861731740145347,0.863730775596222,0.861793632294886,0.0023145205157894,NA,FALSE,FALSE,TRUE,"diagnostics_met_only",48.0314166331015,40.9753948231551
"mu.nu[75]","local_continuous",TRUE,0.849725399671816,0.0267962139680036,0.79714974710052,0.849597501058962,0.902339890889195,1.00032410689026,4815.01446536724,4182.67772784674,0.000386591842306294,0.849332151226624,0.849687420214834,0.849693829629103,0.850188197616699,0.000856046390075194,NA,FALSE,FALSE,TRUE,"diagnostics_met_only",47.2375158474987,41.0340003909149
"mu.nu[76]","local_continuous",TRUE,0.923722957036231,0.0376382621159812,0.84044206310632,0.928363660507284,0.983157104354922,1.00017091747278,4495.55443339539,3440.36495218891,0.000526196197389597,0.923151796188083,0.924742333249366,0.924160679008921,0.922837019698557,0.00190531355080814,NA,FALSE,FALSE,TRUE,"diagnostics_met_only",44.103465382759,33.7515692048513
"mu.nu[77]","local_continuous",TRUE,0.907356400436217,0.0279787386566902,0.851368946878391,0.907813152348107,0.959729141227798,1.00060084550533,4550.84144166808,3493.18459310859,0.000409016870772464,0.907258811240531,0.907312505205695,0.906242800967388,0.908611484331253,0.00236868336386464,NA,FALSE,FALSE,TRUE,"diagnostics_met_only",44.6458564696865,34.2697542784267
"mu.nu[78]","local_continuous",TRUE,0.927689026074678,0.0273415164926203,0.871274996592701,0.928891049059485,0.978018659013736,1.00038660599094,3773.68059119504,2486.64297996315,0.000432790286165718,0.928176715838876,0.92753785485163,0.927610072435863,0.927431461172345,0.000745254666530637,NA,FALSE,FALSE,TRUE,"diagnostics_met_only",37.0215495741773,24.3951161555071
"mu.nu[79]","local_continuous",TRUE,0.921578336605355,0.0337093477187541,0.849649057334107,0.92382358692551,0.97920460986822,1.00110975447624,4206.97771408481,3559.62622812965,0.000501060718954533,0.920513979608651,0.923641173532115,0.920832911824889,0.921325281455765,0.00312719392346428,NA,FALSE,FALSE,TRUE,"diagnostics_met_only",41.2723944795041,34.9215774058161
"mu.nu[80]","local_continuous",TRUE,0.907630440362875,0.0312455080015149,0.844363735663242,0.9082177450337,0.967511376879361,1.00074380456752,3694.91936424856,2641.43096001529,0.000504272203957216,0.907404195115327,0.907299273922086,0.908240884813493,0.907577407600594,0.000941610891406874,NA,FALSE,FALSE,TRUE,"diagnostics_met_only",36.248865559869,25.913657732756
"mu.nu[81]","local_continuous",TRUE,0.771345724217598,0.0194471832546746,0.73345064223064,0.771344243023915,0.809379078207635,1.00066854114872,4958.80438307991,4590.27591036554,0.000276037650875357,0.772165675390355,0.770543806170548,0.771383027153949,0.77129038815554,0.001621869219807,NA,FALSE,FALSE,TRUE,"diagnostics_met_only",48.6481613534505,45.0327268214647
"mu.nu[82]","local_continuous",TRUE,0.703058698712598,0.0226803443198717,0.659433604914197,0.702671805879049,0.747949475128158,1.00042526505208,4758.72353211602,4734.96346673982,0.00032935541324559,0.703150904241769,0.703830675315285,0.702999862858783,0.702253352434554,0.0015773228807312,NA,FALSE,FALSE,TRUE,"diagnostics_met_only",46.6852757928425,46.452178577285
"mu.nu[83]","local_continuous",TRUE,0.745816074931157,0.0205360477603329,0.705856128941338,0.745565852596719,0.786720594394502,1.00175657112145,4341.33131800557,3782.37107470631,0.000312433721876272,0.74549019992515,0.745069122531976,0.746542412879061,0.746162564388442,0.00147329034708565,NA,FALSE,FALSE,TRUE,"diagnostics_met_only",42.5904653887452,37.1068072313534
"mu.nu[84]","local_continuous",TRUE,0.500219716391305,0.0199400038431854,0.460715128183553,0.500050023770571,0.540147530310051,1.00036548724418,5115.98831342909,4822.60837240746,0.000279150571715742,0.499496408066736,0.50030071862345,0.500992113071556,0.500089625803478,0.00149570500481921,NA,FALSE,FALSE,TRUE,"diagnostics_met_only",50.1902083097466,47.3120155830108
"mu.nu[85]","local_continuous",TRUE,0.503605012808631,0.0180888267837213,0.468161403814374,0.50330518625333,0.539692089778064,1.00108293409028,4998.12593389425,4232.81499812824,0.000256187096975116,0.503512672260498,0.503044753947199,0.503908320124311,0.503954304902517,0.000909550955318306,NA,FALSE,FALSE,TRUE,"diagnostics_met_only",49.0339239286412,41.5258701696056
"mu.nu[86]","local_continuous",TRUE,0.615297973322693,0.0231614675352151,0.569463545454699,0.6154189859608,0.661491718495821,1.00058282862422,4928.83762263071,4361.36281725716,0.000330179773084777,0.614973895140077,0.614714849018057,0.61615894872676,0.615344200405876,0.00144409970870274,NA,FALSE,FALSE,TRUE,"diagnostics_met_only",48.3541735925,42.7869836484829
"mu.nu[87]","local_continuous",TRUE,0.720744458515584,0.020831514382032,0.680900922796512,0.720521249272585,0.76154366945567,1.00108743251056,4961.16898181474,4751.76558220925,0.000295674783147778,0.721135395899153,0.71998643553584,0.720526825454545,0.721329177172798,0.00134274163695725,NA,FALSE,FALSE,TRUE,"diagnostics_met_only",48.6713591591918,46.6170150905432
"mu.nu[88]","local_continuous",TRUE,0.493295816951628,0.0186593855295925,0.457409742267255,0.493060817718017,0.53031339731862,1.00033976382078,4799.70959654155,4325.28978030743,0.000269251543442174,0.493495826824476,0.494110239894132,0.492856133305568,0.492721067782335,0.00138917211179684,NA,FALSE,FALSE,TRUE,"diagnostics_met_only",47.0873680153588,42.4330904947164
"mu.nu[89]","local_continuous",TRUE,0.469764363832792,0.0166036074083142,0.437879129031293,0.469684053392544,0.502871229879957,1.00060626154418,4843.70227310566,4818.15060677502,0.000238744796780091,0.470170806456626,0.468925406955295,0.470324033708826,0.469637208210422,0.00139862675353108,NA,FALSE,FALSE,TRUE,"diagnostics_met_only",47.5189564916381,47.2682828432192
"mu.nu[90]","local_continuous",TRUE,0.469385405590359,0.0216328273253296,0.428248873204569,0.469289498591238,0.512017494967307,1.00033992140932,5199.18429775121,4610.53444397937,0.000301467151262746,0.470473211406496,0.46917262700994,0.469203570350207,0.468692213594792,0.00178099781170399,NA,FALSE,FALSE,TRUE,"diagnostics_met_only",51.0063993422204,45.2314723931578
"mu.nu[91]","local_continuous",TRUE,0.63528965384034,0.0179591089927491,0.600832396845312,0.635107599313717,0.670762607955048,1.00068472182117,4993.74910469219,4778.71927506308,0.000254303428464042,0.635281018151301,0.635205760564698,0.635202596780468,0.635469239864894,0.0002666430844257,NA,FALSE,FALSE,TRUE,"diagnostics_met_only",48.9909852126142,46.8814432667178
"mu.nu[92]","local_continuous",TRUE,0.943415510515346,0.0260388442214637,0.886126950892137,0.945857755258452,0.985666639438992,1.00038386295755,3854.00555634419,3259.11938509449,0.000400126835160078,0.943007909785024,0.944111367275427,0.94265944235744,0.943883322643492,0.00145192491798651,NA,FALSE,FALSE,TRUE,"diagnostics_met_only",37.8095745825079,31.9734664785787
"mu.nu[93]","local_continuous",TRUE,0.922071917082715,0.0310663592721798,0.857370254349724,0.923631114207047,0.976716271437992,1.00091671850961,4617.14896939627,3880.49793346825,0.000445819207767664,0.921297032415327,0.922911864557571,0.92233765732264,0.921741114035323,0.00161483214224389,NA,FALSE,FALSE,TRUE,"diagnostics_met_only",45.2963639425918,38.0694770383025
"mu.nu[94]","local_continuous",TRUE,0.936040669051096,0.0271256753419414,0.877328076127277,0.937559140558454,0.983162544486016,1.0007704386152,4078.0188746855,3203.38633948026,0.000408301067865619,0.936829315321938,0.937341362471042,0.935148313339768,0.934843685071639,0.0024976773994031,NA,FALSE,FALSE,TRUE,"diagnostics_met_only",40.0072487019337,31.4266995593166
"mu.nu[95]","local_continuous",TRUE,0.925245780933898,0.0321435024345706,0.855717364435575,0.927830877991441,0.978655838589725,1.00078219019809,4270.5485585554,4087.95562082102,0.000475143010169217,0.925217923107017,0.923788212456615,0.925365563489858,0.926611424682101,0.00282321222548598,NA,FALSE,FALSE,TRUE,"diagnostics_met_only",41.8960538256426,40.104732771073
"mu.nu[96]","local_continuous",TRUE,0.935434144210253,0.0259353423975588,0.881638127223696,0.936915728900959,0.980626916458584,1.00057533727496,4409.67680671856,3261.5277177454,0.000376770317237014,0.935751707174293,0.935804765258781,0.935651359003041,0.934528745404896,0.00127601985388426,NA,FALSE,FALSE,TRUE,"diagnostics_met_only",43.2609662001978,31.9970933342365
"mu.nu[97]","local_continuous",TRUE,0.920025545560706,0.0335590963928538,0.849526262466389,0.922197143115861,0.977270481780138,1.00085608947058,4254.31485753526,3471.97868914942,0.000490595531134747,0.92052813507967,0.918906932026305,0.921148082266273,0.919519032870577,0.0022411502399674,NA,FALSE,FALSE,TRUE,"diagnostics_met_only",41.7367937206693,34.0617145660776
"mu.nu[98]","local_continuous",TRUE,0.941221465928978,0.0246726643562057,0.889643443411222,0.942674384045402,0.984803728283826,1.00035023888144,4096.34215296114,3253.55544063145,0.000372726083203397,0.940952136225144,0.941452926655228,0.941644886540097,0.940835914295443,0.000808972244653927,NA,FALSE,FALSE,TRUE,"diagnostics_met_only",40.1870085249102,31.9188816135409
"mu.nu[99]","local_continuous",TRUE,0.927095968157301,0.030525652585903,0.863877772063124,0.928964429893703,0.979804772046412,1.00055878628591,3985.53922050965,3184.97326005402,0.000461200788140183,0.927121971766416,0.926124934705801,0.926476931390053,0.92866003476693,0.00253510006112811,NA,FALSE,FALSE,TRUE,"diagnostics_met_only",39.0999805802854,31.2460587455757
"mu.nu[100]","local_continuous",TRUE,0.933004839810018,0.0293120187055735,0.870058489304641,0.935534200912158,0.98250419444394,1.00096561043566,4494.51875040055,3461.50553212646,0.000418016162219993,0.932157241219338,0.933151878357857,0.93394931833773,0.932760921325142,0.00179207711839258,NA,FALSE,FALSE,TRUE,"diagnostics_met_only",44.0933048542219,33.9589680583768
"mu.nu[101]","local_continuous",TRUE,0.943277851466746,0.0234539978305729,0.894547810639242,0.945290857580793,0.983019770807976,1.00023543733006,4349.2215828279,3504.60797917076,0.000351922595989553,0.944286364273311,0.942477808682639,0.942833343487443,0.943513889423591,0.00180855559067161,NA,FALSE,FALSE,TRUE,"diagnostics_met_only",42.6678725309805,34.3818229718907
"mu.nu[102]","local_continuous",TRUE,0.942418059722772,0.0231858035684174,0.893422115099429,0.943657445899848,0.981866868179168,1.00162940824302,3697.33176560055,3261.77420671734,0.000367426438392362,0.943099675419012,0.943205709432823,0.941226482044114,0.94214037199514,0.0019792273887097,NA,FALSE,FALSE,TRUE,"diagnostics_met_only",36.2725323313636,31.9995115048987
"mu.nu[103]","local_continuous",TRUE,0.945421956367569,0.0211404297233461,0.900754380800338,0.946782447321394,0.982331059994839,1.00029056035289,4534.4767876839,3632.39587843105,0.000304101977205789,0.944732137605965,0.944940335539839,0.946104728561738,0.945910623762734,0.00137259095577313,NA,FALSE,FALSE,TRUE,"diagnostics_met_only",44.4853116556518,35.6354812858675
"mu.nu[104]","local_continuous",TRUE,0.931360476060164,0.0254522094004035,0.87725473634978,0.932669765580678,0.976891719173942,1.00120029045107,4561.4982708794,3371.93515489253,0.000368421793482003,0.92944507442946,0.931467202089942,0.932276769295923,0.932252858425327,0.00283169486646362,NA,FALSE,FALSE,TRUE,"diagnostics_met_only",44.750404886389,33.0802412872555
"mu.nu[105]","local_continuous",TRUE,0.937571713818166,0.0245849063572817,0.885913417055891,0.938857572939687,0.980644033849362,1.00135715445381,3944.58617086533,3019.44218710493,0.000376244868017226,0.93718685207838,0.93720631568184,0.937772797826068,0.938120889686373,0.000934037607993377,NA,FALSE,FALSE,TRUE,"diagnostics_met_only",38.6982122480215,29.6221224650251
"mu.nu[106]","local_continuous",TRUE,0.940355136965186,0.0214683120688055,0.895850066019436,0.941060892171539,0.979339830057494,1.00055801703869,4136.50040558659,3187.97634864966,0.000326997465777107,0.939674578140286,0.940715436437082,0.94108990340543,0.939940629877949,0.00141532526514365,NA,FALSE,FALSE,TRUE,"diagnostics_met_only",40.5809795313207,31.2755204317551
"mu.nu[107]","local_continuous",TRUE,0.934595551733132,0.0301240403984796,0.868729935685083,0.93769192148425,0.983438931231011,1.00044200205054,4168.46546844253,3561.34043832656,0.000449379256512598,0.93442882182336,0.935542529675792,0.934977989384622,0.933432866048752,0.00210966362704013,NA,FALSE,FALSE,TRUE,"diagnostics_met_only",40.8945715618504,34.9383945996013
"mu.nu[108]","local_continuous",TRUE,0.892664149925712,0.0578802028855784,0.746383730179306,0.906112094706691,0.971015598332391,1.24144393321135,12.0282910542243,44.5434577535138,0.0172556804147118,0.878044200009654,0.924441094316578,0.924585790132519,0.843585515244098,0.0810002748884213,NA,FALSE,FALSE,FALSE,"inconclusive",0.118003090827457,0.436991894140347
"mu.nu[109]","local_continuous",TRUE,0.925735114189854,0.027589400615652,0.868212921133263,0.926924747529442,0.976317204926002,1.00023710548408,4098.50952674235,3487.40351297413,0.000421415674053904,0.92596576172,0.924903817188411,0.926643213034017,0.925427664816993,0.0017393958456059,NA,FALSE,FALSE,TRUE,"diagnostics_met_only",40.2082714627629,34.2130392121623
"mu.nu[110]","local_continuous",TRUE,0.933570793680771,0.0180514620120701,0.89689254534987,0.933845005976992,0.968332730821772,1.00015773035313,4039.37374887005,3066.32978842232,0.00028244584440099,0.933915795577126,0.934047382466896,0.933276935775518,0.933043060903546,0.00100432156334929,NA,FALSE,FALSE,TRUE,"diagnostics_met_only",39.6281221684069,30.082111490232
"mu.nu[111]","local_continuous",TRUE,0.937718091186798,0.0241182161357027,0.88653815049827,0.938940342663534,0.97981687202706,1.00104692143033,4130.33687485232,3641.93407661684,0.000365596045419908,0.936977951759182,0.938133544555353,0.939225974658208,0.936534893774451,0.00269108088375702,NA,FALSE,FALSE,TRUE,"diagnostics_met_only",40.5205124480273,35.7290554155402
"mu.nu[112]","local_continuous",TRUE,0.939866161374559,0.0239480522493549,0.889607855353876,0.941516992609641,0.981905038766925,1.00094238296883,3983.55200186923,3329.07638531698,0.000362592014001091,0.939273494391235,0.939551153858884,0.940221167068452,0.940418830179666,0.00114533578843123,NA,FALSE,FALSE,TRUE,"diagnostics_met_only",39.0804850475731,32.6597769622589
"mu.nu[113]","local_continuous",TRUE,0.930953626942953,0.0307861129438193,0.85266644210351,0.935939259538295,0.977489598183273,1.18700411262486,14.6813008432966,28.5589037258708,0.00893496294456682,0.900649793406851,0.94124824604775,0.941319065818405,0.940597402498808,0.0406692724115543,NA,FALSE,FALSE,FALSE,"inconclusive",0.144030342221252,0.280176036238579
"mu.nu[114]","local_continuous",TRUE,0.938409977203111,0.0247823834257796,0.886301068520637,0.939962984185538,0.981893963073608,1.00103115812189,3526.5898558624,3158.65492915611,0.000398938741293127,0.93894414348967,0.937893023858034,0.938577181685415,0.938225559779326,0.00105111963163629,NA,FALSE,FALSE,TRUE,"diagnostics_met_only",34.5974753351489,30.9878637636474
"mu.nu[115]","local_continuous",TRUE,0.93829180654325,0.0260747884513964,0.883124925749802,0.940030029732224,0.983337541190603,1.00137786563489,4590.46004843937,3438.02184943945,0.000372049873202065,0.939496922014201,0.937489327691249,0.936824619793743,0.939356356673804,0.00267230222045778,NA,FALSE,FALSE,TRUE,"diagnostics_met_only",45.034533301018,33.7285822846549
"mu.nu[116]","local_continuous",TRUE,0.944495207218349,0.0229266706596354,0.89548421682151,0.946139985345488,0.984334262536181,1.00074005566257,4130.29231585689,2943.17834432411,0.000343678570733482,0.94530991348772,0.944265347095438,0.944225446486557,0.94418012180368,0.00112979168404004,NA,FALSE,FALSE,TRUE,"diagnostics_met_only",40.5200753037014,28.873938942865
"mu.nu[117]","local_continuous",TRUE,0.922915268685128,0.0339014740015115,0.850051921275212,0.926013266445953,0.980402386348487,1.00067924833991,4305.79822370421,3333.53474834699,0.000497188394711795,0.922141312284503,0.923539180987787,0.923096396059569,0.922884185408653,0.00139786870328451,NA,FALSE,FALSE,TRUE,"diagnostics_met_only",42.241869321746,32.7035155627967
"mu.nu[118]","local_continuous",TRUE,0.927841794532691,0.0285034513635453,0.86760445371243,0.92891542181171,0.978295208674807,1.00016814934984,3877.74148073652,3357.42719084925,0.000444861683560635,0.926809060561997,0.927059134996178,0.928626314433028,0.928872668139562,0.00206360757756507,NA,FALSE,FALSE,TRUE,"diagnostics_met_only",38.0424349638634,32.9379114591027
"mu.nu[119]","local_continuous",TRUE,0.944327918881498,0.0249401995638754,0.890115252336428,0.946738124730389,0.984588716868937,1.00041581873198,4123.88870391525,3926.28366240652,0.000375938030477175,0.943983488105951,0.94432043221438,0.944409674060233,0.944598081145429,0.000614593039478528,NA,FALSE,FALSE,TRUE,"diagnostics_met_only",40.4572529128757,38.5186561865412
"mu.nu[120]","local_continuous",TRUE,0.931013341817436,0.0296734875520855,0.8679631239154,0.933103951362097,0.982008976866481,1.00042420684301,4228.23350494965,3229.55273601563,0.000438453565767617,0.931718925784579,0.931014777231034,0.929558908503923,0.93176075575021,0.0022018472462868,NA,FALSE,FALSE,TRUE,"diagnostics_met_only",41.4809236054394,31.6834039949734
"mu.nu[121]","local_continuous",TRUE,0.941535016031473,0.0223992325330617,0.895322627181748,0.942581962901777,0.981551230712632,1.00036235731147,4161.02194215823,3774.71201309787,0.000339791119132716,0.941811103657308,0.941924995985026,0.941706911726664,0.940697052756897,0.00122794322812958,NA,FALSE,FALSE,TRUE,"diagnostics_met_only",40.8215471310112,37.0316682994337
"mu.nu[122]","local_continuous",TRUE,0.935463260593418,0.0280101475398045,0.875404145844662,0.937610128109793,0.98257153804886,1.00029648057352,4243.16401486549,3464.31532249111,0.000411954626414105,0.934801648817065,0.934780661248207,0.936010639639473,0.936260092668925,0.0014794314207176,NA,FALSE,FALSE,TRUE,"diagnostics_met_only",41.6273988037661,33.9865333996302
"mu.nu[123]","local_continuous",TRUE,0.931588953436954,0.0268807341270938,0.873836400706165,0.933255843150832,0.977928528605032,1.00096863180898,4302.42266964029,3523.91049921218,0.000397970194587868,0.931308617083606,0.932056391443005,0.93173591162062,0.931254893600583,0.000801497842422116,NA,FALSE,FALSE,TRUE,"diagnostics_met_only",42.2087535772896,34.5711896088783
"mu.nu[124]","local_continuous",TRUE,0.951953650130477,0.0211503110342253,0.905791507250114,0.954035321324511,0.987178019947002,1.00008088881878,4483.19016616985,3396.32844007936,0.000302632364483157,0.952221006829568,0.952119173449803,0.952001053361882,0.95147336688065,0.000747639948917911,NA,FALSE,FALSE,TRUE,"diagnostics_met_only",43.9821662105114,33.3195506816246
"mu.nu[125]","local_continuous",TRUE,0.949631010459751,0.0203175631863849,0.906671330568965,0.950897955675103,0.98403406973187,1.00008011130221,4343.84471691385,3501.93499983777,0.000299605627792089,0.949047092397724,0.949370721279489,0.949787479415772,0.95031874874602,0.00127165634829629,NA,FALSE,FALSE,TRUE,"diagnostics_met_only",42.6151229929154,34.3555998100476
"mu.nu[126]","local_continuous",TRUE,0.936178980104378,0.0238553702685669,0.886688843367557,0.937260149390642,0.979640028564532,0.999928904701501,3979.15827040962,3379.65264695885,0.000365781812297281,0.935759951451091,0.936740816465086,0.936094798137582,0.936120354363756,0.000980865013995191,NA,FALSE,FALSE,TRUE,"diagnostics_met_only",39.0373805125929,33.1559534489547
"mu.nu[127]","local_continuous",TRUE,0.794487128192856,0.0196202097957984,0.755863121160042,0.794502739182157,0.832942844361095,1.00052714889295,5082.53429125721,4294.84026801093,0.000275535732859549,0.794277851480352,0.79452777694674,0.794634132076971,0.79450875226736,0.000356280596618963,NA,FALSE,FALSE,TRUE,"diagnostics_met_only",49.8620089006123,42.1343667151722
"mu.nu[128]","local_continuous",TRUE,0.751800286692677,0.0280177578489145,0.697624876557928,0.75145802870487,0.80742703947103,1.00036488708806,4831.89225608205,4618.50504150123,0.000403733811857996,0.751347968507849,0.751163725028057,0.752009321735098,0.752680131499706,0.00151640647164919,NA,FALSE,FALSE,TRUE,"diagnostics_met_only",47.4030947698667,45.3096676362794
"mu.nu[129]","local_continuous",TRUE,0.576665913101249,0.0249730535530336,0.528665836090915,0.576375342051146,0.626731066723784,1.00068473614774,5121.26192265314,4476.07005148243,0.000349792490966667,0.576403707032509,0.577390573953472,0.576289504024752,0.576579867394264,0.00110106992872039,NA,FALSE,FALSE,TRUE,"diagnostics_met_only",50.241944851991,43.9123145968139
"mu.nu[130]","local_continuous",TRUE,0.414926145519484,0.0280202146709508,0.362120715143106,0.414183493776871,0.471363162963617,1.00013760863984,5099.76248555338,4742.34721811731,0.000393207742131418,0.415250974540679,0.415669578443749,0.415216924372912,0.413567104720593,0.00210247372315581,NA,FALSE,FALSE,TRUE,"diagnostics_met_only",50.0310254439566,46.5246165886798
"mu.nu[131]","local_continuous",TRUE,0.58278193078295,0.0256684114000951,0.532885827662038,0.58272021538514,0.633304143091586,1.00017923165207,5076.93892015286,4362.11718438774,0.000360235188016809,0.582548510858229,0.581662648973501,0.583425927528378,0.583490635771692,0.00182798679819141,NA,FALSE,FALSE,TRUE,"diagnostics_met_only",49.8071157257079,42.7943843384584
"mu.nu[132]","local_continuous",TRUE,0.939467691333449,0.0251835374176892,0.885595394011015,0.94135714209249,0.982315048057108,1.0013134741227,3696.44059722798,2812.23330999541,0.000393582696770975,0.938484185365795,0.93996624711756,0.940425978007801,0.938994354842638,0.001941792642006,NA,FALSE,FALSE,TRUE,"diagnostics_met_only",36.2637895580189,27.5893076756604
"mu.nu[133]","local_continuous",TRUE,0.917927400483391,0.0297288021214869,0.858643558205122,0.918587188560647,0.972771406047495,1.00068260549608,4202.87131937286,3457.9162860194,0.000449774320514444,0.917972195414434,0.918587584762508,0.917462208285376,0.917687613471243,0.00112537647713118,NA,FALSE,FALSE,TRUE,"diagnostics_met_only",41.2321088507324,33.9237558962779
"mu.nu[134]","local_continuous",TRUE,0.931153303427727,0.0279504009893149,0.87253074518601,0.932582863986361,0.980685384224709,1.00121508401446,4022.93026457456,3055.52397569578,0.000423421083350771,0.929899670053308,0.932337170864052,0.931597442898007,0.930778929895543,0.00243750081074401,NA,FALSE,FALSE,TRUE,"diagnostics_met_only",39.4668039926084,29.9761014764331
"mu.nu[135]","local_continuous",TRUE,0.793770196002975,0.0234576784060962,0.748102779936869,0.793468578945827,0.839489319379046,1.00067469869409,4882.45600965163,3982.45131143422,0.000336201094819671,0.794441734163857,0.793436011250558,0.794135773370727,0.793067265226757,0.00137446893709992,NA,FALSE,FALSE,TRUE,"diagnostics_met_only",47.899148546596,39.0696867660226
"mu.nu[136]","local_continuous",TRUE,0.522010105348872,0.0370992579923904,0.450930052481125,0.521154234054806,0.597268451185802,1.00062056265193,4862.4376877865,4782.97956247415,0.000531780368671758,0.521592976962652,0.523450820860782,0.519760499414659,0.523236124157394,0.00369032144612247,NA,FALSE,FALSE,TRUE,"diagnostics_met_only",47.7027595631058,46.9232386539473
"mu.nu[137]","local_continuous",TRUE,0.652206805808202,0.0366037663649249,0.582529290779422,0.651468786043799,0.726035937730563,1.00136327151683,4551.06919159389,4592.51378227789,0.000544483953491087,0.6521793822745,0.652844532098943,0.650437458540216,0.653365850319147,0.00292839177893156,NA,FALSE,FALSE,TRUE,"diagnostics_met_only",44.648090801651,45.0546813785454
"mu.nu[138]","local_continuous",TRUE,0.568518135737095,0.0215075952052878,0.52710259161867,0.568382579941597,0.612201438224471,1.00175681444783,4497.89903859803,4176.74430350647,0.000322461977805406,0.569352539688935,0.568444176767294,0.567712243351393,0.568563583140759,0.00164029633754248,NA,FALSE,FALSE,TRUE,"diagnostics_met_only",44.126467042715,40.9757907576273
"mu.nu[139]","local_continuous",TRUE,0.924618161461971,0.0233640778535706,0.876752301357037,0.924918483283996,0.9685697905154,1.00065520148638,4473.59682402973,3221.71972137895,0.000343872956443273,0.924569212090605,0.925509504055399,0.924078168728431,0.924315760973452,0.00143133532696771,NA,FALSE,FALSE,TRUE,"diagnostics_met_only",43.8880510931771,31.6065585035018
"mu.nu[140]","local_continuous",TRUE,0.92123567848749,0.0290749743872456,0.861478602092161,0.922770181771016,0.973815589787,1.00106254184199,4086.3576048378,3300.93982205848,0.000441381326482353,0.9216278535457,0.920318329119985,0.92114267784071,0.921853853443567,0.00153552432358139,NA,FALSE,FALSE,TRUE,"diagnostics_met_only",40.0890554961915,32.3837442810745
"mu.nu[141]","local_continuous",TRUE,0.605438319757023,0.0247078545086329,0.557210093049784,0.605681246180754,0.65482683181642,1.00029348837465,5077.80095882045,4485.92468752487,0.000346564028295371,0.605369957892477,0.606256891739683,0.605567355922513,0.604559073473422,0.00169781826626136,NA,FALSE,FALSE,TRUE,"diagnostics_met_only",49.8155727231924,44.0089931280154
"mu.nu[142]","local_continuous",TRUE,0.744493666837713,0.0298100805572185,0.686017764900314,0.744349672822344,0.804633393365295,1.00034034819177,5156.24644159343,4118.13918963437,0.000416375398699283,0.744855462441153,0.744785450235706,0.743537018780477,0.744796735893516,0.00131844366067579,NA,FALSE,FALSE,TRUE,"diagnostics_met_only",50.585159141324,40.4008475222145
"mu.nu[143]","local_continuous",TRUE,0.569723812435266,0.0243354030026248,0.521276623260448,0.569426694752724,0.617008003580194,1.0002149530442,4687.32175830103,4161.64043411867,0.000355353690785117,0.569163113467727,0.570096591966911,0.56916263542101,0.570472908885421,0.00131027346441093,NA,FALSE,FALSE,TRUE,"diagnostics_met_only",45.9847914129129,40.82761482281
"mu.iota.m[1]","local_continuous",TRUE,0.315767551987264,0.140785768724688,0.154272514973296,0.276788919827582,0.588798098718812,1.99059738273194,5.47563377425023,40.7628430976531,0.0673663344873986,0.190789664471685,0.279386158196144,0.538851895087098,0.254042490194132,0.348062230615412,NA,FALSE,FALSE,FALSE,"inconclusive",0.0537184963922049,0.399902318189117
"mu.iota.m[2]","local_continuous",TRUE,0.325531494977112,0.147099143603688,0.142239340415857,0.287130339110557,0.593626312856362,2.06817295576555,5.34310278079867,41.531033280616,0.0693236231289099,0.181188072955279,0.297721355148071,0.551174081051985,0.272042470753115,0.369986008096706,NA,FALSE,FALSE,FALSE,"inconclusive",0.0524183061334877,0.407438618693011
"mu.iota.m[3]","local_continuous",TRUE,0.330885883065336,0.137606995645568,0.159236123201888,0.292645768096441,0.590873244661172,2.09916776273658,5.28905903110512,38.2348182160862,0.0652166015731411,0.193997952941593,0.290132175528018,0.544885371037639,0.294528032754093,0.350887418096045,NA,FALSE,FALSE,FALSE,"inconclusive",0.0518881119874536,0.375101226465547
"mu.iota.m[4]","local_continuous",TRUE,0.326919822026686,0.14009992251142,0.151853181087295,0.290670765060239,0.59265169276026,2.00719507474696,5.51791225755812,29.9765262705513,0.06569716661996,0.193168317732093,0.307596356883598,0.543189586415806,0.263725027075249,0.350021268683713,NA,FALSE,FALSE,FALSE,"inconclusive",0.0541332678408952,0.294083568168498
"mu.iota.m[5]","local_continuous",TRUE,0.324914304438984,0.14128829810219,0.152243118937455,0.28810635686405,0.594637276382782,2.06834092945383,5.27678553141369,30.9874331297953,0.0675984552992381,0.19060593584444,0.307092020712588,0.54641211538774,0.255547145811171,0.3558061795433,NA,FALSE,FALSE,FALSE,"inconclusive",0.051767703286639,0.304001031371849
"mu.iota.m[6]","local_continuous",TRUE,0.317057784710527,0.151203218215728,0.130026285406476,0.278966398418876,0.594674399665493,1.85992368487916,6.26946835720583,51.0022036094679,0.0708900149526483,0.200155392765254,0.285369037842814,0.55563433382381,0.227072374410231,0.355478941058556,NA,FALSE,FALSE,FALSE,"inconclusive",0.0615063803045739,0.500355174130478
"mu.iota.m[7]","local_continuous",TRUE,0.329027070738907,0.139967733334056,0.154217676165696,0.295417186903708,0.586487540575894,1.99901494369016,5.45425559689178,38.805577277715,0.0652836751860949,0.186502953000296,0.289514253483497,0.540573569068155,0.299517507403682,0.354070616067859,NA,FALSE,FALSE,FALSE,"inconclusive",0.0535087665982398,0.38070063648035
"mu.iota.m[8]","local_continuous",TRUE,0.336866679707259,0.137856566194412,0.153404248116711,0.302697453566527,0.591483568001347,2.21059694518536,5.17047412333841,26.5649854950704,0.065286875297668,0.191715456260326,0.317379154269849,0.547645794234228,0.290726314064634,0.355930337973903,NA,FALSE,FALSE,FALSE,"inconclusive",0.0507247392706746,0.260614777450363
"mu.iota.m[9]","local_continuous",TRUE,0.333839028500281,0.146215230205843,0.152953985042936,0.293162949012783,0.601374124498898,2.24546480729724,5.10155388943358,33.0617702953773,0.0695795432422851,0.186323020617854,0.325282449269198,0.55718029694822,0.26657034716585,0.370857276330366,NA,FALSE,FALSE,FALSE,"inconclusive",0.0500485999434288,0.324351237053892
"mu.iota.m[10]","local_continuous",TRUE,0.315331602532369,0.145510283109067,0.12895203821571,0.278283435715887,0.58549485676356,2.26505294633422,5.08027926241327,27.8527424606449,0.0702689055637455,0.176707047638429,0.315396487649347,0.542309271297165,0.226913603544533,0.365602223658736,NA,FALSE,FALSE,FALSE,"inconclusive",0.0498398860261082,0.273248268067387
"mu.iota.m[11]","local_continuous",TRUE,0.336107261950586,0.137971434928892,0.158707783806136,0.302000715877923,0.591961956190718,2.36276477308201,5.03361756237661,36.7238010685788,0.0660493555783614,0.186784721831088,0.302253799014798,0.550011253039044,0.305379273917412,0.363226531207957,NA,FALSE,FALSE,FALSE,"inconclusive",0.0493821131968039,0.36027745034512
"mu.iota.m[12]","local_continuous",TRUE,0.330923421351064,0.143830589027834,0.150653013512447,0.296453591912777,0.60086734115921,2.04368264972938,5.41857840860732,28.0583229098923,0.0673112155488747,0.189682876679546,0.31066887750806,0.550681468722314,0.272660462494335,0.360998592042768,NA,FALSE,FALSE,FALSE,"inconclusive",0.0531587569027128,0.275265107227292
"mu.iota.m[13]","local_continuous",TRUE,0.329425718619506,0.139809289861093,0.154723656330966,0.289108998979185,0.590202516850911,2.2947841595033,5.01145524460561,25.8814765717046,0.0668376049934702,0.185393783619272,0.288500967737988,0.546941010521052,0.296867112599712,0.36154722690178,NA,FALSE,FALSE,FALSE,"inconclusive",0.0491646906232155,0.253909239215405
"mu.iota.m[14]","local_continuous",TRUE,0.337896544932153,0.14231654573921,0.147872301732486,0.309078971810282,0.596347355842797,2.33369672942,5.06434375087634,29.8908029728451,0.067291073565866,0.179769777132554,0.292899176245529,0.549561075154225,0.329356151196304,0.369791298021671,NA,FALSE,FALSE,FALSE,"inconclusive",0.049683551297692,0.293242583024419
"mu.iota.m[15]","local_continuous",TRUE,0.324571626540525,0.144125874268353,0.144555323282797,0.290423586356108,0.599641279753821,2.03428138244093,5.47102983071869,33.1810750283194,0.0689247567593567,0.187353289165549,0.310776928645189,0.550988895092179,0.249167393259182,0.36363560592663,NA,FALSE,FALSE,FALSE,"inconclusive",0.0536733295797069,0.325521671588112
"mu.iota.m[16]","local_continuous",TRUE,0.331743476955598,0.134405859723726,0.146058991242173,0.311103864239287,0.581844628705193,2.26553611787399,5.03828185704455,34.265870645538,0.0633527943466759,0.178461190308402,0.333814906514713,0.525869340390613,0.288828470608667,0.347408150082211,NA,FALSE,FALSE,FALSE,"inconclusive",0.0494278720818247,0.336164017634678
"mu.iota.m[17]","local_continuous",TRUE,0.316408050989,0.151672032766641,0.135596899912613,0.26992639952908,0.598577099628367,2.1614470702987,5.22888139928436,24.5554559661846,0.0731725935115676,0.194206254246385,0.305580840174311,0.557101756524678,0.208743353010627,0.362895502278293,NA,FALSE,FALSE,FALSE,"inconclusive",0.0512977416246553,0.240900364617437
"mu.iota.m[18]","local_continuous",TRUE,0.32133807788601,0.143793108712297,0.141107458976017,0.279387231363302,0.586914303145338,1.97098767697429,5.55374095813507,29.0853156334412,0.0679138736445317,0.187976139009571,0.290082508224265,0.546686826236959,0.260606838073244,0.358710687227388,NA,FALSE,FALSE,FALSE,"inconclusive",0.0544847639419915,0.285340380189158
"mu.iota.m[19]","local_continuous",TRUE,0.326233429853707,0.142631812990691,0.152108645244407,0.289892821940967,0.590693486799879,2.29659892427799,5.0880181105772,24.2426125436614,0.0675190953461927,0.180492670627371,0.294201353078741,0.547485550123762,0.282754145584954,0.366992879496391,NA,FALSE,FALSE,FALSE,"inconclusive",0.0499158077009888,0.237831226147445
"mu.iota.m[20]","local_continuous",TRUE,0.328135714124718,0.139538877651718,0.152951649596313,0.291338346958608,0.595262237103512,2.04530059343389,5.37874206564103,24.0526779548593,0.0639734099963616,0.185585811305309,0.305775106000159,0.533627617860504,0.287554321332902,0.348041806555195,NA,FALSE,FALSE,FALSE,"inconclusive",0.052767943978741,0.235967880104965
"mu.iota.m[21]","local_continuous",TRUE,0.331829515446949,0.14255698297649,0.153589333382,0.295103879303381,0.59360452476806,1.91997672934728,5.64513311175641,30.4462342234858,0.0665944902410893,0.191545793638264,0.304846893980028,0.550278586428216,0.280646787741287,0.358732792789952,NA,FALSE,FALSE,FALSE,"inconclusive",0.0553813631809089,0.298691620133871
"mu.iota.m[22]","local_continuous",TRUE,0.330172549142966,0.138707295592688,0.157696601847709,0.29010755044574,0.58608971354603,2.10218634007797,5.29621182490968,41.6759120717197,0.0653689900024814,0.199838366773503,0.322930860391964,0.542226150711516,0.255694818694884,0.342387783938013,NA,FALSE,FALSE,FALSE,"inconclusive",0.051958284198384,0.408859946549854
"mu.iota.m[23]","local_continuous",TRUE,0.337613440754186,0.140405345424337,0.158956699984017,0.302166383784519,0.591194017474563,2.18764669700758,5.13117287956055,37.1357302837453,0.0661445406513801,0.195620840373071,0.332339715525609,0.548186057804313,0.274307149313752,0.352565217431242,NA,FALSE,FALSE,FALSE,"inconclusive",0.0503391759168911,0.364318666206347
"mu.iota.m[24]","local_continuous",TRUE,0.329472983294951,0.142151773058258,0.152333741357881,0.294114444997364,0.589365940915489,1.9639856292252,5.53302038757584,30.3307595621948,0.0670438973214297,0.195537916960797,0.283346453793142,0.550718562354066,0.288289000071798,0.355180645393269,NA,FALSE,FALSE,FALSE,"inconclusive",0.0542814855744599,0.297558760371569
"mu.iota.m[25]","local_continuous",TRUE,0.344557037385929,0.135743324526277,0.160617475890572,0.319161447222359,0.586514102544352,2.34433709291187,4.99737531358628,33.7084868221161,0.0645651254801693,0.195161924379056,0.323979957729462,0.545033523606852,0.314052743828345,0.349871599227796,NA,FALSE,FALSE,FALSE,"inconclusive",0.0490265599967261,0.330695824884395
"mu.iota.m[26]","local_continuous",TRUE,0.326428154094958,0.139773050899116,0.157142439703317,0.293950325894293,0.584248524115349,2.12214979839951,5.21394669610319,39.6745579329151,0.0665895649525703,0.186804798955002,0.308833429339572,0.541925247279089,0.268149140806168,0.355120448324087,NA,FALSE,FALSE,FALSE,"inconclusive",0.0511512252884588,0.389225738069646
"mu.iota.m[27]","local_continuous",TRUE,0.326997022594851,0.13832304648701,0.158660801687832,0.287185483076357,0.591934903304145,2.25196957390067,5.07805517720313,16.5502731328821,0.065863787180994,0.190775055321583,0.29552228275901,0.540082072885306,0.281608679413503,0.349307017563723,NA,FALSE,FALSE,FALSE,"inconclusive",0.049818066722944,0.162365823616549
"mu.iota.m[28]","local_continuous",TRUE,0.321870846862058,0.141822232121697,0.138124646373971,0.29340797160032,0.589592372933142,2.03327581329682,5.39112206490976,83.8913125100824,0.0676247690095186,0.18543798966538,0.306196369011301,0.54213486381935,0.253714164952202,0.35669687415397,NA,FALSE,FALSE,FALSE,"inconclusive",0.0528893974895986,0.823012523153499
"mu.iota.m[29]","local_continuous",TRUE,0.350401102109345,0.138170164383171,0.159740817203282,0.313326568700315,0.582208058574356,2.29273391023104,5.01337710689122,34.2166534817653,0.0649401278869658,0.197895705967684,0.328248272700973,0.546937272901247,0.328523156867478,0.349041566933563,NA,FALSE,FALSE,FALSE,"inconclusive",0.0491835449799005,0.335681174525814
"mu.iota.m[30]","local_continuous",TRUE,0.320658999689625,0.1395417534481,0.15114193924938,0.283241373869693,0.586752822362602,2.02569333965801,5.44259134640404,27.6742049427149,0.0662229859351453,0.191648314584967,0.300777996253826,0.539508317599917,0.250701370319791,0.34786000301495,NA,FALSE,FALSE,FALSE,"inconclusive",0.0533943349135114,0.271496732554202
"mu.iota.m[31]","local_continuous",TRUE,0.340737709695731,0.136513476897808,0.157093710071174,0.314789752269697,0.5854928374649,2.39575210122455,4.93068610930804,27.7586137218222,0.0652375605752113,0.186394655764993,0.317925082673708,0.544873681609541,0.31375741873468,0.358479025844548,NA,FALSE,FALSE,FALSE,"inconclusive",0.0483723081005772,0.27232482166368
"mu.iota.m[32]","local_continuous",TRUE,0.314126071905689,0.154820291878448,0.129536078793036,0.272144360857819,0.601744446503395,1.85833021857191,5.74441458904929,25.1833345193809,0.0739401689239056,0.177932936323008,0.281564464395465,0.560781701193731,0.236225185710552,0.382848764870723,NA,FALSE,FALSE,FALSE,"inconclusive",0.0563553603289378,0.247060143226669
"mu.iota.m[33]","local_continuous",TRUE,0.32496807422948,0.145859925150834,0.156462423528168,0.276228073798181,0.598206821500445,1.91115245527406,5.6984628507768,41.8163444429865,0.0682075475903663,0.197652372316595,0.295683425657699,0.55103217522913,0.255504323714494,0.353379802912536,NA,FALSE,FALSE,FALSE,"inconclusive",0.0559045525524546,0.4102376529744
"mu.iota.m[34]","local_continuous",TRUE,0.317592199253577,0.15476695614522,0.124001969326688,0.285157851064279,0.596610535230331,1.97772854459689,5.64646414266018,33.6623568245832,0.0735433945782578,0.184607830909605,0.293568755627797,0.558944709791734,0.233247500685172,0.374336878882128,NA,FALSE,FALSE,FALSE,"inconclusive",0.0553944212088469,0.330243268302233
"mu.iota.m[35]","local_continuous",TRUE,0.320546265215372,0.149760054226379,0.138376516526063,0.278082590212704,0.59831703249803,2.30459063881391,5.0356118391907,32.0633035465175,0.0719812241146684,0.175267831796703,0.328117618548597,0.550176612689919,0.228622997826268,0.374908780893216,NA,FALSE,FALSE,FALSE,"inconclusive",0.0494016779734597,0.314555817079204
"mu.iota.m[36]","local_continuous",TRUE,0.315422775971417,0.147136195584802,0.144775561072316,0.271472764458202,0.594424062603352,1.96397294549349,5.52880658720925,36.9531879275476,0.0706718840644556,0.18937001287167,0.298933179052829,0.549547794566507,0.223840117394662,0.360177781694838,NA,FALSE,FALSE,FALSE,"inconclusive",0.0542401462466081,0.362527841380014
"mu.iota.m[37]","local_continuous",TRUE,0.335370518270841,0.140193527355056,0.155099577386866,0.298790718550361,0.584850878713719,2.24798349903627,5.17045621979691,40.0586292165476,0.0666091355765138,0.191305926953145,0.305275323854499,0.549884266389869,0.295016555885851,0.358578339436724,NA,FALSE,FALSE,FALSE,"inconclusive",0.0507245636286633,0.392993654755598
"mu.iota.m[38]","local_continuous",TRUE,0.334124183632574,0.136854568241411,0.155968308332606,0.300394961320214,0.585729756370915,2.02104745470845,5.42735720467242,26.2040058084761,0.0637559086456105,0.194886674130206,0.307297395734454,0.540767583781486,0.293545080884149,0.345880909651279,NA,FALSE,FALSE,FALSE,"inconclusive",0.0532448809468314,0.257073399996822
"mu.iota.m[39]","local_continuous",TRUE,0.317518501968962,0.14490360291421,0.142999077239306,0.281670883146492,0.586522731848665,2.21523765674664,5.09244315259663,31.0467186326309,0.0684874778166288,0.17247298060491,0.306332123329319,0.539717386212442,0.251551517729178,0.367244405607532,NA,FALSE,FALSE,FALSE,"inconclusive",0.0499592194070226,0.30458264953725
"mu.iota.m[40]","local_continuous",TRUE,0.336043125500137,0.138806176925637,0.159166124544967,0.300560289814365,0.59992821060477,2.28547515300248,5.02177493042861,31.6996163237509,0.0663600870477334,0.192676662233973,0.306428251257284,0.549065075337637,0.296002513171657,0.356388413103664,NA,FALSE,FALSE,FALSE,"inconclusive",0.04926593150756,0.310987877445267
"mu.iota.m[41]","local_continuous",TRUE,0.309046467297008,0.156433263231534,0.113705545648139,0.274377953597567,0.592781501413726,2.15538815798504,5.22060254123646,30.3580461395556,0.0750520214432281,0.1706430749508,0.305248982885983,0.552604775693747,0.207689035657503,0.381961700742947,NA,FALSE,FALSE,FALSE,"inconclusive",0.051216522203395,0.297826454298509
"mu.iota.m[42]","local_continuous",TRUE,0.335899880664115,0.141232639808203,0.152784937861166,0.302076025714086,0.589823970615158,2.05642089475104,5.4433299574856,33.0699605232264,0.0661865679442524,0.189109224532335,0.290883750278461,0.546197057646095,0.317409490199568,0.35708783311376,NA,FALSE,FALSE,FALSE,"inconclusive",0.0534015810293686,0.324431586971965
"mu.iota.m[43]","local_continuous",TRUE,0.320154287975741,0.146289803278142,0.134350737148409,0.281306766189324,0.58749370677585,2.08083038913325,5.29159069014354,44.8404036312331,0.0689527942530285,0.17710444078534,0.310882003995396,0.54166661417533,0.250964092946899,0.36456217338999,NA,FALSE,FALSE,FALSE,"inconclusive",0.0519129487319344,0.439905070353109
"mu.iota.m[44]","local_continuous",TRUE,0.324727430870804,0.139354618645938,0.153492282273274,0.292543249430462,0.580687296687025,2.11564274705336,5.26286886784538,30.3205940991102,0.0657777579274865,0.184959693460519,0.308650273281877,0.537222934969034,0.268076821771786,0.352263241508515,NA,FALSE,FALSE,FALSE,"inconclusive",0.0516311743892534,0.29745903248352
"mu.iota.m[45]","local_continuous",TRUE,0.331799962590709,0.14516815899541,0.143416348254164,0.294457450953994,0.586737212226558,2.21763644073066,5.1543968603189,26.3569230837953,0.0674766824786065,0.178737388411656,0.314190281758108,0.545646679395181,0.288625500797891,0.366909290983525,NA,FALSE,FALSE,FALSE,"inconclusive",0.0505670138947426,0.258573589096606
"mu.iota.m[46]","local_continuous",TRUE,0.341118376107493,0.144060822112538,0.145865905380666,0.308342885407635,0.593988873083142,2.08938722819065,5.2815830059926,31.2530712219392,0.0669021055698895,0.182287179366314,0.306842417618212,0.551270510284774,0.324073397160674,0.36898333091846,NA,FALSE,FALSE,FALSE,"inconclusive",0.0518147687280991,0.306607063747785
"mu.iota.m[47]","local_continuous",TRUE,0.311855384765611,0.149749778893682,0.123201516158404,0.277853161854174,0.586402952129515,1.97252431832288,5.51648986980197,36.1379399366277,0.0711894279261135,0.176886928275261,0.300041996303032,0.544202703803284,0.226289910680867,0.367315775528023,NA,FALSE,FALSE,FALSE,"inconclusive",0.0541193135600397,0.354529882045165
"mu.iota.m[48]","local_continuous",TRUE,0.317569964707195,0.14250841997212,0.145034298952975,0.27646412533411,0.590875519818885,1.93585772313372,5.6148035928947,27.5866166457164,0.0672641285522631,0.190008896378923,0.305449566351465,0.538590167047499,0.236231229050893,0.348581270668576,NA,FALSE,FALSE,FALSE,"inconclusive",0.0550838165923821,0.270637450905667
"mu.iota.m[49]","local_continuous",TRUE,0.322954226997169,0.145390614420994,0.137920688520278,0.289330067584552,0.589546712274724,1.97185544608293,5.54168406653264,30.4509820067249,0.0677305281790758,0.181099615287975,0.306802660561614,0.544201624651944,0.259713007487141,0.363102009363969,NA,FALSE,FALSE,FALSE,"inconclusive",0.0543664802665762,0.298738198080337
"mu.iota.m[50]","local_continuous",TRUE,0.313804274916947,0.145630457066929,0.134295806677852,0.276489980671461,0.578657157674978,1.89253244240594,5.70125986294435,30.723972086306,0.0681598153075233,0.182175466312397,0.304272822206927,0.537129956520625,0.231638854627837,0.354954490208228,NA,FALSE,FALSE,FALSE,"inconclusive",0.0559319925336925,0.301416356848742
"mu.iota.m[51]","local_continuous",TRUE,0.329562565959389,0.146019309512856,0.138393674102901,0.303405863022161,0.59435363085168,2.3137838075489,5.03907709264413,27.1166743191922,0.0700518918237072,0.169455960127442,0.322384988486434,0.550694746065359,0.275714569158324,0.381238785937917,NA,FALSE,FALSE,FALSE,"inconclusive",0.0494356737103572,0.266027099627126
"mu.iota.m[52]","local_continuous",TRUE,0.332015509742073,0.140968040736402,0.142408126132438,0.30474481492713,0.594688136444746,2.03436439385252,5.39439310900512,35.1503729418548,0.0658553031249625,0.183305362307327,0.312966364495897,0.543241285383271,0.288549026781797,0.359935923075944,NA,FALSE,FALSE,FALSE,"inconclusive",0.0529214879429926,0.344841393692411
"mu.iota.m[53]","local_continuous",TRUE,0.318951962408471,0.142887030830872,0.130949762388008,0.29161276722435,0.587311820481157,2.03442157104456,5.40130508070881,37.8503661029061,0.0675515151328774,0.179018756861643,0.311219386011238,0.537160047161778,0.248409659599222,0.358141290300135,NA,FALSE,FALSE,FALSE,"inconclusive",0.0529892975778834,0.371329573665837
"mu.iota.m[54]","local_continuous",TRUE,0.327284824077285,0.135305200419122,0.139380317259606,0.295462013449173,0.584310115385432,2.23324940140343,5.07477042109988,18.195653615134,0.0641327457251178,0.184477858338482,0.289309671085972,0.533737245568265,0.301614521316418,0.349259387229783,NA,FALSE,FALSE,FALSE,"inconclusive",0.0497858417484194,0.178507766110093
"mu.iota.m[55]","local_continuous",TRUE,0.325658338289942,0.150134854502436,0.151086484282947,0.280525870680273,0.5985969558819,1.93915523877448,5.58906148388942,31.6972215573917,0.0717464400284352,0.189538339256613,0.304339908383996,0.564009396930667,0.24474570858849,0.374471057674053,NA,FALSE,FALSE,FALSE,"inconclusive",0.054831274613364,0.310964383681196
"mu.iota.m[56]","local_continuous",TRUE,0.323056419550675,0.136159480314433,0.157721091293666,0.288057924631176,0.593010256131498,1.94674627923819,5.54928681373185,26.4399663523007,0.0629282950142396,0.192961260203252,0.295044128500784,0.529514365011287,0.274705924487377,0.336553104808035,NA,FALSE,FALSE,FALSE,"inconclusive",0.054441066728131,0.259388281916382
"mu.iota.m[57]","local_continuous",TRUE,0.319127861053118,0.151151342904498,0.125121726742939,0.280227652392825,0.595213657149335,1.90912738685846,5.61184806344725,30.2103362448156,0.0714417222844508,0.183247343535598,0.295954467863575,0.554063233587117,0.24324639922618,0.37081589005152,NA,FALSE,FALSE,FALSE,"inconclusive",0.055054821483413,0.296377352007373
"mu.iota.m[58]","local_continuous",TRUE,0.317570265671237,0.143673599122714,0.148879151004514,0.273009366570344,0.591918392978041,2.02594014989634,5.40122182439193,32.8341842980899,0.0685401737277561,0.188654385346304,0.297739728504749,0.544501789168469,0.239385159665427,0.355847403822166,NA,FALSE,FALSE,FALSE,"inconclusive",0.0529884807949607,0.322118513303868
"mu.iota.m[59]","local_continuous",TRUE,0.308077364421034,0.142681805770986,0.135726020817897,0.27387015573056,0.584940690854594,2.14065074769716,5.34744586040353,26.1177831082336,0.068480233767976,0.185813559294179,0.293290426489094,0.532333308970824,0.220872162930038,0.346519749676645,NA,FALSE,FALSE,FALSE,"inconclusive",0.052460913750378,0.256227515483201
"mu.iota.m[60]","local_continuous",TRUE,0.331894560058188,0.141261001264196,0.150567960734542,0.292883494983387,0.593808298370027,2.24141213817214,5.08875838108579,22.9918824827575,0.0663683808949874,0.185166356171862,0.294483641341166,0.546512455661254,0.30141578705847,0.361346099489393,NA,FALSE,FALSE,FALSE,"inconclusive",0.0499230700965918,0.225560986567098
"mu.iota.m[61]","local_continuous",TRUE,0.316115640347909,0.147359011801603,0.13340696014546,0.282437086459437,0.592827801302892,1.96644115566385,5.54035896702727,30.4671024186473,0.0700996761768682,0.177246938574242,0.290393278294434,0.547762035330892,0.249060309192069,0.37051509675665,NA,FALSE,FALSE,FALSE,"inconclusive",0.0543534804283961,0.298896346766936
"mu.iota.m[62]","local_continuous",TRUE,0.334950274760008,0.137794604893597,0.144399662104805,0.304925163960341,0.58353922684447,2.24569723819883,5.09968664522901,24.0413141017566,0.0635818364847697,0.180863813560475,0.314307132470296,0.532402497635096,0.312227655374163,0.351538684074621,NA,FALSE,FALSE,FALSE,"inconclusive",0.0500302814153456,0.23585639545733
"mu.iota.m[63]","local_continuous",TRUE,0.339538614848368,0.141134429283635,0.146657956419442,0.308688798324146,0.588489128169624,2.36568932347512,4.96337514468925,23.0131426702435,0.0662750558250166,0.178534847849934,0.30901622198657,0.546016391792163,0.324586997764803,0.367481543942229,NA,FALSE,FALSE,FALSE,"inconclusive",0.0486930026359657,0.225769558825919
"mu.iota.m[64]","local_continuous",TRUE,0.328852239745441,0.136662535738546,0.159462002588765,0.296437956674147,0.587829204981575,2.22186268102151,5.13731379789658,33.593888844747,0.0652015272917728,0.189877790154965,0.307495064818596,0.539516168857319,0.278519935150886,0.349638378702355,NA,FALSE,FALSE,FALSE,"inconclusive",0.0503994211621137,0.329571565796286
"mu.iota.m[65]","local_continuous",TRUE,0.339448328001053,0.143986142226981,0.146213365937814,0.300798720046658,0.597506373700813,2.3882415841494,4.96965540374911,30.8852790436475,0.0677506707440469,0.177648840471404,0.306529682686484,0.553848008845557,0.319766780000769,0.376199168374153,NA,FALSE,FALSE,FALSE,"inconclusive",0.0487546148780472,0.302998852604162
"mu.iota.m[66]","local_continuous",TRUE,0.322466869700909,0.145036100294151,0.151695184076127,0.281642160764739,0.592215604149196,2.20478468269655,5.18368484936177,28.0669471954175,0.069448617781486,0.200841834485016,0.326613185182361,0.54501656482921,0.217395894307047,0.344174730344194,NA,FALSE,FALSE,FALSE,"inconclusive",0.0508543425946883,0.275349715451649
"mu.iota.m[67]","local_continuous",TRUE,0.335715240150006,0.139845644149378,0.140841452733445,0.307345944884098,0.596231720034287,2.46345687889394,4.9121680861569,22.8239300872594,0.0655655182806779,0.173934580840325,0.312189720646747,0.537934357920986,0.318802301191965,0.363999777080661,NA,FALSE,FALSE,FALSE,"inconclusive",0.048190637740424,0.22391329599399
"mu.iota.m[68]","local_continuous",TRUE,0.31919660714561,0.146139664769699,0.137435224458178,0.282215183739309,0.588481907630361,2.1664611006187,5.20621834542213,29.5319853568596,0.0694314868119417,0.174151593429688,0.292791865883485,0.547104569229601,0.262738400039669,0.372952975799913,NA,FALSE,FALSE,FALSE,"inconclusive",0.0510754065987338,0.289722416482161
"mu.iota.m[69]","local_continuous",TRUE,0.313198852230134,0.14707433397436,0.146696619784016,0.270739758273726,0.595621138049338,2.08074438798317,5.44173360724819,28.3971684156011,0.0705130326250498,0.188046096578802,0.286867257020944,0.54765288528149,0.230229170039299,0.359606788702688,NA,FALSE,FALSE,FALSE,"inconclusive",0.0533859200962229,0.278589338143086
"mu.iota.m[70]","local_continuous",TRUE,0.332736266225717,0.14759002498717,0.144033967029037,0.295360975214366,0.605999944405197,2.09431537434896,5.27884837704647,29.0077031750988,0.0695923171879165,0.182379305659347,0.304725094689991,0.558390497471848,0.285450167081683,0.376011191812501,NA,FALSE,FALSE,FALSE,"inconclusive",0.0517879407550767,0.284578966125445
"mu.iota.m[71]","local_continuous",TRUE,0.321109198642996,0.141968517702832,0.141968794611012,0.28235202053754,0.587740970975306,1.96745461997023,5.68004307560936,30.1959129956889,0.0663713607475103,0.186859092962433,0.274024683329388,0.539318588363329,0.284234429916836,0.352459495400895,NA,FALSE,FALSE,FALSE,"inconclusive",0.0557238460503999,0.29623585327168
"mu.iota.m[72]","local_continuous",TRUE,0.331931617164944,0.145784134456124,0.137367706676888,0.297054868627677,0.595665236121622,2.46048030824326,4.90878895072311,14.330972303599,0.0702961936588508,0.173985580917422,0.30911797161845,0.559076839897391,0.28554607622651,0.38509125897997,NA,FALSE,FALSE,FALSE,"inconclusive",0.0481574868610752,0.140593457438282
"mu.iota.m[73]","local_continuous",TRUE,0.329577118346851,0.139392410393874,0.134158410940381,0.304309534301932,0.58944200149346,2.44167798077524,4.86894079592315,17.5743616397562,0.0667117404532586,0.171100238518032,0.309740631742836,0.538189586510681,0.299278016615855,0.36708934799265,NA,FALSE,FALSE,FALSE,"inconclusive",0.0477665580575595,0.172412604871446
"mu.iota.m[74]","local_continuous",TRUE,0.312683178596658,0.141296013605065,0.12871684141632,0.279842122155127,0.578983468765509,2.07205526816692,5.34938406138225,30.1927044190308,0.0672466124413391,0.175915045822491,0.311780671432599,0.529529731869341,0.233507265262199,0.35361468604685,NA,FALSE,FALSE,FALSE,"inconclusive",0.0524799283971888,0.296204375652698
"mu.iota.m[75]","local_continuous",TRUE,0.314345685947833,0.139201619722353,0.146432549172338,0.282057219875048,0.590870562950476,2.11251004007347,5.22085302941669,32.0690617826829,0.0657309975097297,0.177322133059493,0.291989684290491,0.528126918201172,0.259944008240178,0.350804785141678,NA,FALSE,FALSE,FALSE,"inconclusive",0.0512189796081377,0.314612308035581
"mu.iota.m[76]","local_continuous",TRUE,0.324491095744225,0.142699510554575,0.146702236600802,0.292175315729328,0.589918644212383,1.97916990820255,5.47433838360681,31.5834133774932,0.0670785508719952,0.184364190288974,0.298955792545192,0.544282669009372,0.270361731133363,0.359918478720398,NA,FALSE,FALSE,FALSE,"inconclusive",0.0537057880116824,0.309847872871063
"mu.iota.m[77]","local_continuous",TRUE,0.337586492379845,0.139912358715946,0.154639767337088,0.301034919622674,0.591239593029215,2.21411314065594,5.113985351754,29.1361847296462,0.0667453278035642,0.191972014616755,0.315374898531107,0.551901931234707,0.29109712513681,0.359929916617952,NA,FALSE,FALSE,FALSE,"inconclusive",0.0501705583305929,0.285839429518171
"mu.iota.m[78]","local_continuous",TRUE,0.324374723061667,0.150543194085245,0.141996656849795,0.28143426929494,0.602630280731455,2.03479561478992,5.52830258978971,42.4899869151989,0.071109507384017,0.183756836022524,0.289127937824709,0.557625035825176,0.266989082574262,0.373868199802653,NA,FALSE,FALSE,FALSE,"inconclusive",0.0542352017991378,0.416846396766461
"mu.iota.m[79]","local_continuous",TRUE,0.32476125671525,0.144752073435084,0.14252004805966,0.29210451138254,0.59320861625067,2.26047560123548,5.07736146271977,36.5073659294534,0.0694838646711306,0.179696614883897,0.314879276561969,0.548836009485206,0.255633125929928,0.369139394601308,NA,FALSE,FALSE,FALSE,"inconclusive",0.0498112610634518,0.358154121663986
"mu.iota.m[80]","local_continuous",TRUE,0.330769103677345,0.144966886997811,0.132559418932288,0.296917064865296,0.592646962745923,2.034628459869,5.45368756817983,32.4500143338697,0.0664579290211506,0.178660828566787,0.312248076376918,0.543477662548099,0.288689847217577,0.364816833981312,NA,FALSE,FALSE,FALSE,"inconclusive",0.0535031939742164,0.318349628515773
"mu.iota.m[81]","local_continuous",TRUE,0.326792384311845,0.132975982040494,0.156639292877819,0.30011950874092,0.582722034972496,2.03483263590777,5.41853602556819,28.4711497872578,0.0628503601396597,0.198197526463787,0.295096923390599,0.53306955817333,0.280805529219663,0.334872031709543,NA,FALSE,FALSE,FALSE,"inconclusive",0.0531583411055232,0.279315129569299
"mu.iota.m[82]","local_continuous",TRUE,0.318416364296265,0.142079776909854,0.147088736091616,0.281565197722274,0.58706701482637,2.36495401360278,5.03727817336716,35.0300430799083,0.0682513983770315,0.174809593366229,0.293137916397348,0.542800090223613,0.262917857197868,0.367990496857384,NA,FALSE,FALSE,FALSE,"inconclusive",0.0494180254813716,0.343660902169175
"mu.iota.m[83]","local_continuous",TRUE,0.342785704435446,0.137734654463863,0.155737826381463,0.311063009647833,0.589197275794633,2.13397412444416,5.25995206691282,53.7502335507538,0.0638335499564789,0.194373152076762,0.326158229300574,0.541912141047306,0.308699295317139,0.347538988970544,NA,FALSE,FALSE,FALSE,"inconclusive",0.051602559224903,0.527314617105068
"mu.iota.m[84]","local_continuous",TRUE,0.335451627871277,0.140885383811792,0.149280583649118,0.303214179744933,0.597282077688769,2.09226334138357,5.31075344502496,36.2978174366673,0.0662283119727669,0.188462608597838,0.295140987723657,0.54827062502596,0.309932290137652,0.359808016428121,NA,FALSE,FALSE,FALSE,"inconclusive",0.0521009442081481,0.35609835416422
"mu.iota.m[85]","local_continuous",TRUE,0.310777099184482,0.151067980154494,0.139386977648415,0.267957970287542,0.590450741918397,2.10395925181848,5.50146138724912,55.6864628834862,0.0724180643426321,0.178278728158477,0.298198416380199,0.549909028230094,0.216722223969159,0.371630300071617,NA,FALSE,FALSE,FALSE,"inconclusive",0.0539718772048927,0.546309921158088
"mu.iota.m[86]","local_continuous",TRUE,0.322592883690637,0.144444558566828,0.132342005466619,0.286526206574353,0.590534868084792,1.9038658756001,5.893879093253,31.4983973405998,0.0677367869989979,0.189810643363635,0.304833771170707,0.547231140602927,0.248495979625279,0.357420497239292,NA,FALSE,FALSE,FALSE,"inconclusive",0.0578216761493251,0.309013826282225
"mu.iota.m[87]","local_continuous",TRUE,0.328707299785802,0.140965593461787,0.149939257505823,0.294679359586491,0.587817223368427,1.94317885364484,5.52755200784882,31.5140304163834,0.0666319718157897,0.198242928286674,0.300168952566487,0.54900205089627,0.267415267393776,0.350759122609596,NA,FALSE,FALSE,FALSE,"inconclusive",0.0542278382436214,0.309167193976214
"mu.iota.m[88]","local_continuous",TRUE,0.327113412549073,0.143555867476398,0.150733983569518,0.29197696976057,0.596418234596075,2.08904650573389,5.39250123104768,31.2055004169729,0.068032519727905,0.182297950737356,0.304912876485411,0.549740788202839,0.271502034770687,0.367442837465483,NA,FALSE,FALSE,FALSE,"inconclusive",0.0529029277464161,0.306140372179226
"mu.iota.m[89]","local_continuous",TRUE,0.338641007926192,0.145857152910206,0.145560494312702,0.30135111035279,0.602391852841408,2.60781459850145,4.79230606714979,25.2101353388424,0.0700466043418741,0.178688535035495,0.327513138884226,0.557197629649608,0.291164728135441,0.378509094614113,NA,FALSE,FALSE,FALSE,"inconclusive",0.047014735972509,0.247323071644257
"mu.iota.m[90]","local_continuous",TRUE,0.327968091119892,0.144599621700416,0.13255254104684,0.298417552193643,0.597934815535914,2.07085085795106,5.52957537055199,30.59397277799,0.0676085973957786,0.18087562312586,0.291076889105692,0.54715406598088,0.292765786267137,0.36627844285502,NA,FALSE,FALSE,FALSE,"inconclusive",0.0542476883662833,0.300141003590531
"mu.iota.m[91]","local_continuous",TRUE,0.340601859076678,0.136070577905146,0.164118838078068,0.300853660078659,0.592441765585721,2.27062068370532,5.03435565473462,24.9219954784833,0.0641451591834241,0.200604489729986,0.307211292815693,0.547214632180421,0.307377021580613,0.346610142450435,NA,FALSE,FALSE,FALSE,"inconclusive",0.0493893542237434,0.244496286529091
"mu.iota.m[92]","local_continuous",TRUE,0.330019752606503,0.141575625808889,0.150286744550802,0.294358166894929,0.591377629303438,2.09653908063691,5.2595611559802,59.8184351874112,0.0667006150922908,0.189426842365026,0.325118413437181,0.542958433868467,0.262575320755337,0.35353159150344,NA,FALSE,FALSE,FALSE,"inconclusive",0.0515987242081015,0.586846477920684
"mu.iota.m[93]","local_continuous",TRUE,0.338488461502008,0.139176850891397,0.154283644559064,0.305222685939495,0.589285679018163,2.24533776834938,5.06347657529699,28.1184974327061,0.0649097996176518,0.185320633035536,0.324380159832065,0.541289132872227,0.302963920268205,0.355968499836691,NA,FALSE,FALSE,FALSE,"inconclusive",0.0496750439047305,0.275855447089296
"mu.iota.m[94]","local_continuous",TRUE,0.329410450417036,0.144544348927198,0.14342245468341,0.296832659416229,0.591272847281243,2.10652295362399,5.27780041323911,46.639156871145,0.0682370737195319,0.180212766665376,0.322255481815998,0.548119005315065,0.267054547871705,0.367906238649689,NA,FALSE,FALSE,FALSE,"inconclusive",0.0517776597460965,0.457551670438577
"mu.iota.m[95]","local_continuous",TRUE,0.328551666369127,0.140108064771151,0.140476724940168,0.30241267322728,0.583573028828092,1.97406665418561,5.58914184173731,48.5763528564039,0.0645483499801164,0.183449426186444,0.326258059655869,0.531762252982678,0.272736926651516,0.348312826796234,NA,FALSE,FALSE,FALSE,"inconclusive",0.0548320629609672,0.476556457799356
"mu.iota.m[96]","local_continuous",TRUE,0.340806479946842,0.145699613517103,0.148909379636538,0.307499147990169,0.59951879381925,1.99989247964543,5.56683035541435,48.1618103911801,0.0673581590214351,0.194289174186051,0.284747123674136,0.558221475412849,0.325968146514329,0.363932301226798,NA,FALSE,FALSE,FALSE,"inconclusive",0.0546131769749867,0.472489604748068
"mu.iota.m[97]","local_continuous",TRUE,0.3217203881024,0.139776385835085,0.142585216907024,0.291059660486239,0.585730626333156,2.18736240909434,5.16807886012303,24.9476511065357,0.0654364539852539,0.176031065460632,0.292008425039209,0.533215210764406,0.285626851145352,0.357184145303774,NA,FALSE,FALSE,FALSE,"inconclusive",0.0507012406322159,0.244747980090018
"mu.iota.m[98]","local_continuous",TRUE,0.330205341231367,0.137588384850951,0.160050306684675,0.293948698528263,0.594818249837304,2.04084229345121,5.41895569174251,30.5964838996385,0.0651255155545365,0.196692436385897,0.303777692976602,0.544183063461008,0.276168172101959,0.347490627075111,NA,FALSE,FALSE,FALSE,"inconclusive",0.0531624582245273,0.300165638853731
"mu.iota.m[99]","local_continuous",TRUE,0.334408832097469,0.144719329753453,0.147528574602357,0.300038066375791,0.593009571269405,2.07850019377655,5.38376866112378,34.8519603902165,0.0662551919144182,0.180145605707982,0.317859110217116,0.544583929082695,0.295046683382081,0.364438323374713,NA,FALSE,FALSE,FALSE,"inconclusive",0.0528172572020933,0.341913828731081
"mu.iota.m[100]","local_continuous",TRUE,0.328616200273973,0.141228379106529,0.152050243712219,0.294433472782321,0.595374942110377,2.18339939984259,5.26130420181605,33.8429398008303,0.0662297362516727,0.182813929320696,0.305398757174242,0.544665067626433,0.281587046974522,0.361851138305737,NA,FALSE,FALSE,FALSE,"inconclusive",0.0516158242928232,0.332014870706258
"mu.iota.m[101]","local_continuous",TRUE,0.32810932862952,0.14888456788282,0.133790833517829,0.292434339960403,0.594788473074359,2.05928580450146,5.39992761937696,31.1714733960232,0.0702785829544804,0.179581593589192,0.289808121880754,0.556864050801436,0.2861835482467,0.377282457212243,NA,FALSE,FALSE,FALSE,"inconclusive",0.0529757840460009,0.305806551387427
"mu.iota.m[102]","local_continuous",TRUE,0.326611561307247,0.150567175655706,0.144711389835502,0.286127225615856,0.594669716761663,2.04681228963569,5.3684973441812,33.9998790617505,0.0710836734172862,0.179716381367959,0.31547345255521,0.557644692945848,0.253611718359968,0.377928311577889,NA,FALSE,FALSE,FALSE,"inconclusive",0.0526674385294235,0.333554517342449
"mu.iota.m[103]","local_continuous",TRUE,0.31607017799439,0.145777244373622,0.139406232929709,0.276369841191673,0.590405749182258,1.92253492367408,5.67485876760457,36.6758246766266,0.068447568172458,0.188495690645035,0.310850760598667,0.53923620861973,0.225698052114128,0.350740517974696,NA,FALSE,FALSE,FALSE,"inconclusive",0.0556729855943626,0.359806779780899
"mu.iota.m[104]","local_continuous",TRUE,0.317292492142649,0.14087889513357,0.145699026947245,0.277455840224302,0.584845792920721,2.12955348081614,5.20827817528049,34.9065368691715,0.0676158977321506,0.180760344549484,0.29186393934289,0.540406534322475,0.256139150355747,0.359646189772992,NA,FALSE,FALSE,FALSE,"inconclusive",0.0510956144810314,0.342449249197225
"mu.iota.m[105]","local_continuous",TRUE,0.343234402838138,0.143208431239369,0.146198277538941,0.309065726120186,0.591745430305211,2.32633336584201,4.98914012652118,30.3875946488847,0.0673396210928016,0.186122512174043,0.315688565726943,0.550070863102374,0.321055670349194,0.363948350928332,NA,FALSE,FALSE,FALSE,"inconclusive",0.0489457690079777,0.298116338822791
"mu.iota.m[106]","local_continuous",TRUE,0.341022605381329,0.137657871347756,0.165313260857532,0.305655561989856,0.590611782404201,2.30551516181363,5.09265575202174,29.1449574057712,0.0642158189270579,0.190208234673637,0.313136888671711,0.547063820118357,0.313681478061611,0.35685558544472,NA,FALSE,FALSE,FALSE,"inconclusive",0.0499613051055776,0.285925493522851
"mu.iota.m[107]","local_continuous",TRUE,0.337729184921943,0.138524397822019,0.157158881266343,0.302982726075212,0.591773618963382,2.17255291741774,5.17014463198079,25.0162178517981,0.0652597384047844,0.193373557340631,0.297956663726259,0.543527935532868,0.316058583088012,0.350154378192237,NA,FALSE,FALSE,FALSE,"inconclusive",0.050721506808272,0.245420651530413
"mu.iota.m[108]","local_continuous",TRUE,0.32000557450186,0.144040329580114,0.156208891466828,0.274713123670771,0.592786097346262,2.06079335235319,5.34921339884438,37.6825608957441,0.0692334986118256,0.189777461179562,0.300869827372709,0.549963253413599,0.239411756041571,0.360185792234037,NA,FALSE,FALSE,FALSE,"inconclusive",0.0524782541188673,0.369683327078288
"mu.iota.m[109]","local_continuous",TRUE,0.322497048158592,0.14142799535222,0.144849592332417,0.286805292785943,0.58405433318262,2.08938736039812,5.29967628375508,29.525545131934,0.0662423625418894,0.179221901849983,0.298356888543468,0.537711580132085,0.274697822108831,0.358489678282102,NA,FALSE,FALSE,FALSE,"inconclusive",0.0519922721398097,0.289659234901052
"mu.iota.m[110]","local_continuous",TRUE,0.313913038566085,0.142313452953589,0.139507670387189,0.275800143724605,0.583383871550853,2.02679239692722,5.50949415987821,40.112977286407,0.0679584744539699,0.17907735996618,0.288824417635673,0.539054022265742,0.248696354396747,0.359976662299561,NA,FALSE,FALSE,FALSE,"inconclusive",0.0540506824145334,0.393526834423018
"mu.iota.m[111]","local_continuous",TRUE,0.3346811274656,0.143738024446712,0.134445875733878,0.30270812387059,0.591715437476215,2.27201106324346,5.03609829949237,38.9776412838752,0.0684386843851048,0.176117796800025,0.321248319194477,0.551014880932971,0.290343512934929,0.374897084132946,NA,FALSE,FALSE,FALSE,"inconclusive",0.0494064503737037,0.38238866385311
"mu.iota.m[112]","local_continuous",TRUE,0.335633626761763,0.139849616204439,0.152255700578793,0.304044043021052,0.590125857420215,2.09322874096823,5.27660204803896,29.4673458796512,0.0643959926628942,0.182576663321958,0.302778560895127,0.536490710537677,0.320688572292289,0.353914047215719,NA,FALSE,FALSE,FALSE,"inconclusive",0.0517659032299863,0.289088273355288
"mu.iota.m[113]","local_continuous",TRUE,0.318202373002749,0.143682344330864,0.147513511308202,0.282372717096719,0.585508697930653,2.16720335575944,5.22050389350793,27.5045789373838,0.0685347199658867,0.180036291406901,0.309523477097351,0.54073999632309,0.242509727183655,0.360703704916189,NA,FALSE,FALSE,FALSE,"inconclusive",0.0512155544236151,0.26983262309563
"mu.iota.m[114]","local_continuous",TRUE,0.318791371710756,0.142917324859504,0.147046957035217,0.2770384106151,0.584708783347783,2.19799797243621,5.15157715007889,41.0282598285113,0.0680446160939482,0.182879621043807,0.290375619759523,0.540743158902013,0.26116708713768,0.357863537858206,NA,FALSE,FALSE,FALSE,"inconclusive",0.05053935123493,0.402506178908599
"mu.iota.m[115]","local_continuous",TRUE,0.332890478930782,0.141604744642527,0.157784264705888,0.29573245719285,0.597271753660492,2.07701676176281,5.30046620062505,25.0615951163704,0.0664725962711091,0.192101671815274,0.29343861941384,0.550487468752517,0.295534155741498,0.358385796937243,NA,FALSE,FALSE,FALSE,"inconclusive",0.0520000215891482,0.245865823454562
"mu.iota.m[116]","local_continuous",TRUE,0.320364372157195,0.146531951495435,0.124075373157863,0.289072550129148,0.586245105235357,2.18513746320894,5.19217711243242,28.061951369442,0.069738108044443,0.167068806904677,0.281074115076181,0.546208749000039,0.287105817647884,0.379139942095361,NA,FALSE,FALSE,FALSE,"inconclusive",0.0509376556177885,0.275300704091375
"mu.iota.m[117]","local_continuous",TRUE,0.320542209259216,0.146459992492739,0.140114267057466,0.284206045228139,0.593352844163129,2.00931057781394,5.55402076506721,30.4322250140235,0.0692719946344539,0.183224689046776,0.297335362195351,0.54825953694109,0.253349248853646,0.365034847894314,NA,FALSE,FALSE,FALSE,"inconclusive",0.054487508977232,0.298554183318521
"mu.iota.m[118]","local_continuous",TRUE,0.322079548181507,0.147479950334528,0.143274475980872,0.284554117227962,0.589979402395351,2.0086103943421,5.43532744879094,37.1121229948238,0.0702444532093877,0.182049887779598,0.309470598782736,0.552314776336946,0.244482929826747,0.370264888557348,NA,FALSE,FALSE,FALSE,"inconclusive",0.0533230727229029,0.364087067798373
"mu.iota.m[119]","local_continuous",TRUE,0.323097796345475,0.145392810593376,0.146809819301928,0.28345673940203,0.591782049506507,2.2234823680788,5.14948675991077,30.5041005161866,0.0691807014233138,0.179185242563686,0.313027462119719,0.548315786072881,0.251862694625615,0.369130543509195,NA,FALSE,FALSE,FALSE,"inconclusive",0.0505188435418786,0.29925931519235
"mu.iota.m[120]","local_continuous",TRUE,0.324198424812897,0.138124262159047,0.150294293504028,0.292646972064618,0.586466756017402,2.04723088532643,5.45731547444728,30.7123115879911,0.0646321256875244,0.1862522063779,0.308213959034214,0.534576070073082,0.267751463766392,0.348323863695181,NA,FALSE,FALSE,FALSE,"inconclusive",0.0535387854103449,0.301301961974563
"mu.iota.m[121]","local_continuous",TRUE,0.339951136668484,0.140116646551523,0.141079432650145,0.311371030524405,0.598208885100453,2.26646731685797,5.08555864962511,32.7506449620129,0.065953142908137,0.180580946765792,0.313367588770468,0.546863821459539,0.318992189678136,0.366282874693747,NA,FALSE,FALSE,FALSE,"inconclusive",0.0498916792530815,0.321298953832093
"mu.iota.m[122]","local_continuous",TRUE,0.326224028893377,0.14463710937605,0.14805630135795,0.293058738710724,0.596617404930777,2.06222777513575,5.43091518771783,33.8136382342873,0.0674712038344065,0.181106369981915,0.295963851377325,0.547549777918027,0.280276116296238,0.366443407936111,NA,FALSE,FALSE,FALSE,"inconclusive",0.0532797864038558,0.331727408804765
"mu.iota.m[123]","local_continuous",TRUE,0.32119875251793,0.147252057794126,0.142019666839227,0.282079511121288,0.590880402077245,2.1624156238175,5.22654496138183,26.3894967167606,0.0694401805183555,0.175165460731046,0.297199336372387,0.547400992557819,0.265029220410471,0.372235531826773,NA,FALSE,FALSE,FALSE,"inconclusive",0.0512748200896856,0.258893151480993
"mu.iota.m[124]","local_continuous",TRUE,0.334157695683807,0.138107053868924,0.15982280149471,0.29976070189678,0.593869755838458,2.06913064936514,5.43973694433164,50.3864995605287,0.0648402477357836,0.19386540124376,0.307533185496468,0.546180230566442,0.289051965428556,0.352314829322683,NA,FALSE,FALSE,FALSE,"inconclusive",0.0533663319107997,0.494314833031126
"mu.iota.m[125]","local_continuous",TRUE,0.324794988551845,0.137972963682585,0.143973365105459,0.293161016422653,0.598506922981434,2.29361181176245,5.02589803226562,24.2279173243056,0.0638604401199424,0.176612909806514,0.296741694015052,0.524935664365008,0.300889686020803,0.348322754558494,NA,FALSE,FALSE,FALSE,"inconclusive",0.0493063810409452,0.237687059258188
"mu.iota.m[126]","local_continuous",TRUE,0.325326281304739,0.140101161047919,0.147955695096154,0.291659981340341,0.587595956780525,1.94739571464026,5.57265864627363,32.0931733081505,0.0661410330402104,0.197732288324937,0.314336683111997,0.54191750993515,0.24731864384687,0.344185221610213,NA,FALSE,FALSE,FALSE,"inconclusive",0.0546703552002671,0.314848853236967
"mu.iota.m[127]","local_continuous",TRUE,0.330985489783125,0.138194562876829,0.145367038757386,0.299380527187084,0.588822031824967,2.39503590510259,4.97225078182707,14.7413010751035,0.065827919210243,0.179397254785525,0.307161817539198,0.539306822827521,0.298076063980259,0.359909568041995,NA,FALSE,FALSE,FALSE,"inconclusive",0.0487800767357363,0.144618972207977
"mu.iota.m[128]","local_continuous",TRUE,0.335980991441611,0.136302634919511,0.160551346469847,0.303595090353895,0.594633987070851,2.06339519416872,5.37982694702148,28.9601045332747,0.0640226048802772,0.200814881266863,0.299349942898399,0.544130019348382,0.2996291222528,0.343315138081519,NA,FALSE,FALSE,FALSE,"inconclusive",0.0527785871661645,0.284112001464454
"mu.iota.m[129]","local_continuous",TRUE,0.323425967302092,0.145422441850661,0.141866879427597,0.285094481547432,0.595784240645039,2.06976455443571,5.36459463102284,32.0747716682491,0.0691442059666963,0.182012065984633,0.285860915140447,0.551597821097553,0.274233066985733,0.36958575511292,NA,FALSE,FALSE,FALSE,"inconclusive",0.0526291511107683,0.314668324650248
"mu.iota.m[130]","local_continuous",TRUE,0.332494839498511,0.139847627973822,0.151706813690091,0.298584733358032,0.585942980840994,2.1556040650583,5.20946962067803,29.7499147581931,0.0653122306954662,0.184123068254254,0.318496958355967,0.541658544785236,0.285700786598587,0.357535476530982,NA,FALSE,FALSE,FALSE,"inconclusive",0.0511073031106819,0.291860404565721
"mu.iota.m[131]","local_continuous",TRUE,0.317028350949437,0.145855841302715,0.128105404288342,0.282509680577987,0.593545313021342,1.93974864532156,5.7261015144185,32.1431393200661,0.0684557579700626,0.185123249613775,0.298661956848479,0.54346626010473,0.240861937230766,0.358343010490954,NA,FALSE,FALSE,FALSE,"inconclusive",0.0561757006084301,0.315339042891987
"mu.iota.m[132]","local_continuous",TRUE,0.325645721943727,0.143325056756118,0.146421440162153,0.287260137203707,0.588283893844193,2.17903754364304,5.17278843192841,35.1272867714214,0.0675774838083545,0.181191499501538,0.323462054094646,0.54198737940947,0.255941954769255,0.360795879907931,NA,FALSE,FALSE,FALSE,"inconclusive",0.0507474437068674,0.344614907697499
"mu.iota.m[133]","local_continuous",TRUE,0.332779878334155,0.135247393839091,0.157413504124584,0.299816326664403,0.588637415172383,2.1743104150281,5.17601456193966,25.2075260116545,0.0636607903942534,0.190766274826817,0.313789912853167,0.537142210146929,0.289421115509708,0.346375935320112,NA,FALSE,FALSE,FALSE,"inconclusive",0.0507790935323516,0.247297472939357
"mu.iota.m[134]","local_continuous",TRUE,0.335920224815243,0.1388380018748,0.153599733846295,0.304874120659894,0.597049825342779,2.0674414620833,5.34464776362631,44.5364696238519,0.0638976688079449,0.190507469156175,0.329997910935009,0.536591202852209,0.28658431631758,0.346083733696034,NA,FALSE,FALSE,FALSE,"inconclusive",0.0524334631286182,0.43692333736071
"mu.iota.m[135]","local_continuous",TRUE,0.330785632865288,0.146875548273406,0.149091191908653,0.291304558436523,0.594884764151133,2.04404238825275,5.36726495364415,41.5937927021048,0.0689521776476385,0.183977522533538,0.311730646427193,0.555237852003189,0.272196510497233,0.37126032946965,NA,FALSE,FALSE,FALSE,"inconclusive",0.0526553482090428,0.408054317604921
"mu.iota.m[136]","local_continuous",TRUE,0.329574368094877,0.141038938399845,0.148111235713662,0.297185668582944,0.592662011025467,1.97263790282798,5.49250677234457,35.3667449597404,0.0651288247398605,0.185681204237821,0.299037510491437,0.54004725940756,0.293531498242693,0.35436605516974,NA,FALSE,FALSE,FALSE,"inconclusive",0.0538840282967525,0.346964103125029
"mu.iota.m[137]","local_continuous",TRUE,0.32119022828732,0.144496590789261,0.142466427907989,0.286662454934218,0.593430359050172,1.95406658024218,5.5780597803838,32.5185541280194,0.0682713993910774,0.183842216621698,0.302624802622719,0.54598411246267,0.252309781442191,0.362141895840971,NA,FALSE,FALSE,FALSE,"inconclusive",0.0547233428205451,0.319022035553304
"mu.iota.m[138]","local_continuous",TRUE,0.341604033234333,0.142326454304205,0.15805640338556,0.297708652563751,0.595081500787029,2.10363673980136,5.25056669344677,32.8614423713307,0.066207275905797,0.199114045386072,0.353625779934773,0.542635990093414,0.271040317523073,0.343521944707342,NA,FALSE,FALSE,FALSE,"inconclusive",0.0515104843763173,0.322385927592225
"mu.iota.m[139]","local_continuous",TRUE,0.334551788925325,0.142358218161451,0.147715877193225,0.297123328987461,0.589545978527311,2.12684954474158,5.26781627996641,28.5147534849549,0.066188176370973,0.183966960260476,0.317343274687034,0.546437213759931,0.290459706993858,0.362470253499456,NA,FALSE,FALSE,FALSE,"inconclusive",0.0516797107872544,0.279742901983233
"mu.iota.m[140]","local_continuous",TRUE,0.318776103023855,0.140187429443496,0.146015188707629,0.284898488064691,0.588798783290539,2.10046049449148,5.30156396862359,38.9116248555384,0.0668035399904617,0.183999615553235,0.303237272254099,0.537413646874239,0.25045387741385,0.353414031321004,NA,FALSE,FALSE,FALSE,"inconclusive",0.0520107912002471,0.381741012199686
"mu.iota.m[141]","local_continuous",TRUE,0.339168144850636,0.139952807912459,0.159104452154687,0.302456350338025,0.594598153774941,2.10234490823331,5.23915228384301,35.2751548671368,0.0643149548572257,0.18728770622305,0.317094050765162,0.540531790073497,0.311759032340835,0.353244083850447,NA,FALSE,FALSE,FALSE,"inconclusive",0.0513985037460563,0.346065562013272
"mu.iota.m[142]","local_continuous",TRUE,0.323840549588846,0.138678026994265,0.149731216835523,0.292637612109974,0.594444350052544,2.21023649740378,5.1173450776355,27.0544897618747,0.0658027822641965,0.180254612074377,0.303646941351638,0.536940392148484,0.274520252780884,0.356685780074107,NA,FALSE,FALSE,FALSE,"inconclusive",0.050203518793269,0.265417040398253
"mu.iota.m[143]","local_continuous",TRUE,0.331679277971042,0.144752406052523,0.137485703440128,0.301789878070713,0.586618119861506,2.10275978793814,5.33805828707083,31.6424516925282,0.0676907324145264,0.180772522696078,0.337082774093915,0.543078740403702,0.26578307469047,0.362306217707624,NA,FALSE,FALSE,FALSE,"inconclusive",0.0523688173200843,0.31042706600997
"mu.iota.s[1]","local_continuous",TRUE,0.350679813932322,0.130793454032342,0.127535305424403,0.348363807537894,0.575983438050345,2.67661372880876,4.77974421377799,27.6404941282638,0.0621483029429316,0.196246265800469,0.399118065231969,0.524419408943448,0.282935515753401,0.328173143142979,NA,FALSE,FALSE,FALSE,"inconclusive",0.0468914983889063,0.271166013894202
"mu.iota.s[2]","local_continuous",TRUE,0.339141916006017,0.134217211276163,0.0945188072359089,0.341498815858193,0.590312398606748,2.55604484022675,4.78640888635939,16.0100200773148,0.0627437683707506,0.171773865042294,0.39569018588704,0.504840325195185,0.284263287899551,0.33306646015289,NA,FALSE,FALSE,FALSE,"inconclusive",0.0469568819051857,0.157065691611219
"mu.iota.s[3]","local_continuous",TRUE,0.335047336896713,0.13904403451363,0.100435834810377,0.335986133482953,0.58315475726192,2.66707335519237,4.74986621802174,33.1850691160288,0.0663236087006628,0.158396499068157,0.394823528627536,0.513443688810204,0.273525631080956,0.355047189742047,NA,FALSE,FALSE,FALSE,"inconclusive",0.046598381450592,0.325560855433316
"mu.iota.s[4]","local_continuous",TRUE,0.337863123940721,0.136534310764145,0.0856093577291062,0.341414734381448,0.587588041014976,2.44899242846841,4.99138886975454,26.1366758097028,0.0629100547300123,0.166436377674269,0.398878872842155,0.501331393538496,0.284805851707963,0.334895015864227,NA,FALSE,FALSE,FALSE,"inconclusive",0.0489678302177387,0.256412861610709
"mu.iota.s[5]","local_continuous",TRUE,0.337547808478398,0.13015859210649,0.111337128515313,0.341826246482607,0.57766727195488,2.76780448078037,4.69373089955969,25.0014810401129,0.0621320908748213,0.167147950749127,0.398909808465765,0.49767825828685,0.286455216411849,0.330530307537723,NA,FALSE,FALSE,FALSE,"inconclusive",0.0460476680488923,0.245276076601193
"mu.iota.s[6]","local_continuous",TRUE,0.34263693212897,0.143043964417219,0.0981343647237899,0.354370941674186,0.599792318028723,2.7269426179599,4.68015289120726,27.5046147265133,0.0682100234188617,0.164057219530257,0.397505987150828,0.527785426422351,0.281199095412444,0.363728206892093,NA,FALSE,FALSE,FALSE,"inconclusive",0.0459144615155914,0.269832974203521
"mu.iota.s[7]","local_continuous",TRUE,0.338857066795284,0.14694522248861,0.0848817221935373,0.343338185681958,0.597784866419807,2.74217228543907,4.69815554586251,31.493993177425,0.070490553683858,0.146348556855843,0.397196460776213,0.527691848717344,0.284191400831737,0.381343291861501,NA,FALSE,FALSE,FALSE,"inconclusive",0.0460910758727633,0.308970619407301
"mu.iota.s[8]","local_continuous",TRUE,0.35159699303938,0.150652302493213,0.11097776768455,0.359449648388144,0.613329956254689,3.12803576141787,4.50300680113753,15.2268026748393,0.0733613277412506,0.160054657041058,0.398508714444038,0.557075116404211,0.290749484268213,0.397020459363152,NA,FALSE,FALSE,FALSE,"inconclusive",0.0441765765523833,0.149381967143186
"mu.iota.s[9]","local_continuous",TRUE,0.343547013876926,0.141181751394898,0.104267350217466,0.342858718494473,0.594573126056681,2.72513618532187,4.68845617412286,25.9811730133707,0.0678097376044391,0.164574571434529,0.397861697163172,0.529607115219949,0.282144671690055,0.36503254378542,NA,FALSE,FALSE,FALSE,"inconclusive",0.0459959205560851,0.254887307355597
"mu.iota.s[10]","local_continuous",TRUE,0.338062041923115,0.132638701583529,0.0927017704109611,0.346723381960451,0.563678725524952,2.6944875893004,4.71007033854923,13.0077149141684,0.0626003174839677,0.172219720175473,0.396309242089044,0.502567713841934,0.281151491586009,0.330347993666461,NA,FALSE,FALSE,FALSE,"inconclusive",0.0462079654921833,0.127611691266417
"mu.iota.s[11]","local_continuous",TRUE,0.344279673063267,0.128241567563178,0.118948845982827,0.348978619438711,0.592220013402095,2.53064267731974,4.7913302712832,21.5536948256623,0.0603719062357326,0.194177487527384,0.393970816303858,0.51136637211913,0.277604016302701,0.317188884591746,NA,FALSE,FALSE,FALSE,"inconclusive",0.0470051629643606,0.211451701385848
"mu.iota.s[12]","local_continuous",TRUE,0.332430832240016,0.139565407735452,0.0997399481688074,0.327557700434959,0.586605332046469,2.37318548598485,4.96135496263905,36.0325929684814,0.0649588616900869,0.154282147611617,0.395174131628946,0.500222403446506,0.280044646272993,0.345940255834889,NA,FALSE,FALSE,FALSE,"inconclusive",0.0486731837169785,0.353496379630355
"mu.iota.s[13]","local_continuous",TRUE,0.337742087620202,0.142818239603738,0.101007010946547,0.342037851904354,0.57818744586457,2.76412140601978,4.65206395209916,29.4348489265387,0.0690105733992815,0.14819679685907,0.399141532895683,0.519947543364321,0.283682477361732,0.37175074650525,NA,FALSE,FALSE,FALSE,"inconclusive",0.0456388960493188,0.288769463235674
"mu.iota.s[14]","local_continuous",TRUE,0.34334051817322,0.119889631587438,0.124980667983765,0.363101020621901,0.545952474702907,2.33155371073582,5.04417734558996,11.9944776668416,0.0546846446442913,0.215469738670606,0.399031577796818,0.481953399163276,0.276907357062179,0.26648366049267,NA,FALSE,FALSE,FALSE,"inconclusive",0.049485709547443,0.117671365879622
"mu.iota.s[15]","local_continuous",TRUE,0.339200827381171,0.144424266341359,0.102565987727908,0.346129765784675,0.608482973029384,2.72607780762858,4.68453076346641,22.8589682725271,0.0692519513283206,0.153331011939897,0.39844248767375,0.5259101800828,0.279119629828236,0.372579168142903,NA,FALSE,FALSE,FALSE,"inconclusive",0.0459574104644901,0.224257036774782
"mu.iota.s[16]","local_continuous",TRUE,0.334182709483254,0.118814104743783,0.131760938700123,0.322997537374278,0.557656363681932,2.36100740067221,4.94766118729432,28.8342975666446,0.0550352271546849,0.189135077847147,0.394808525434115,0.475404188295691,0.277383046356064,0.286269110448544,NA,FALSE,FALSE,FALSE,"inconclusive",0.048538841456013,0.282877777014525
"mu.iota.s[17]","local_continuous",TRUE,0.327715097536224,0.135426262616534,0.09294657340007,0.321522283551629,0.569389533341643,2.6193345729485,4.75151525614601,17.1287687239411,0.0638935546322883,0.152797472125235,0.397445172638038,0.48457255718813,0.276045188193492,0.331775085062894,NA,FALSE,FALSE,FALSE,"inconclusive",0.0466145592762431,0.168041132558383
"mu.iota.s[18]","local_continuous",TRUE,0.335318270076407,0.128761436396754,0.108989053375472,0.342713338144916,0.572404392432021,2.42684632674291,4.93723595948695,32.0221395397223,0.0601265354641685,0.174577956894823,0.395924176786171,0.491507908664917,0.279263037959719,0.316929951770094,NA,FALSE,FALSE,FALSE,"inconclusive",0.0484365651560545,0.314151979159854
"mu.iota.s[19]","local_continuous",TRUE,0.345317827661366,0.138796891879801,0.0851715967630733,0.33368931958875,0.601270765155196,2.63115638156779,4.72048538628794,13.1144230907914,0.0657019353526566,0.177833751225607,0.390848601734396,0.530556251155604,0.28203270652986,0.352722499929997,NA,FALSE,FALSE,FALSE,"inconclusive",0.0463101419209663,0.128658547765092
"mu.iota.s[20]","local_continuous",TRUE,0.344632473007071,0.128744778056928,0.106021428727085,0.356165346545951,0.57483227621679,2.28925701703268,5.11346632627169,27.3989157476152,0.0584535876927229,0.197154851067575,0.393600032206894,0.504585859859133,0.283189148894682,0.307431008791558,NA,FALSE,FALSE,FALSE,"inconclusive",0.0501654664508858,0.268796018400651
"mu.iota.s[21]","local_continuous",TRUE,0.334057145103912,0.134848323424241,0.0821334420389987,0.339871252835162,0.568657172514812,2.31473795897734,5.01623802805542,15.1254266242899,0.0620030363472852,0.165968120346878,0.394380682561881,0.495803109872066,0.280076667634823,0.329834989525188,NA,FALSE,FALSE,FALSE,"inconclusive",0.0492116119379137,0.148387421264077
"mu.iota.s[22]","local_continuous",TRUE,0.334613556559933,0.134492659729172,0.0960743016325087,0.336798299052601,0.565620502222497,2.70067461607313,4.79910711454148,23.9114561983586,0.0640299922234379,0.156700950252362,0.396227019450843,0.50177593878694,0.283750317749588,0.345074988534578,NA,FALSE,FALSE,FALSE,"inconclusive",0.0470814573886658,0.234582429446677
"mu.iota.s[23]","local_continuous",TRUE,0.329310587644502,0.13759209248568,0.0999611342810424,0.337579505704721,0.570008345380195,2.59733638363934,4.78354293240497,35.3001512913837,0.0655683139157356,0.14607407771836,0.391045729734474,0.499205798058329,0.280916745066846,0.353131720339969,NA,FALSE,FALSE,FALSE,"inconclusive",0.0469287655731759,0.346310788480396
"mu.iota.s[24]","local_continuous",TRUE,0.342970949155583,0.137527437012669,0.105131282370423,0.345882404552706,0.606635948122996,2.56756543671686,4.81089830439806,25.4454904187918,0.0642112005114988,0.17557811604952,0.395227717892977,0.51910600316766,0.281971959512173,0.34352788711814,NA,FALSE,FALSE,FALSE,"inconclusive",0.0471971344072328,0.249632013683552
"mu.iota.s[25]","local_continuous",TRUE,0.337433299097718,0.139935358969493,0.0902364545418888,0.344070340815687,0.593575544286892,2.65331101459518,4.82199173211799,19.8935202617133,0.0659383944885755,0.158449172936418,0.394867319667682,0.511959560591026,0.284457143195745,0.353510387654608,NA,FALSE,FALSE,FALSE,"inconclusive",0.0473059660569595,0.195164622117816
"mu.iota.s[26]","local_continuous",TRUE,0.342121181292441,0.14637045822412,0.0757926982373985,0.350587496538129,0.615296727557495,2.74939664628227,4.66224680451915,15.2349592038663,0.069725398353953,0.156647519675428,0.396395448699078,0.532888556080491,0.282553200714765,0.376241036405063,NA,FALSE,FALSE,FALSE,"inconclusive",0.0457387945347796,0.149461986460251
"mu.iota.s[27]","local_continuous",TRUE,0.34500511142391,0.136826542019548,0.118567035768603,0.346773356429208,0.593289570269111,2.84256118688508,4.65159495332895,18.450933068677,0.0657942276882051,0.175262759594845,0.397509479884339,0.525437651679186,0.281810554537269,0.350174892084341,NA,FALSE,FALSE,FALSE,"inconclusive",0.0456342949547635,0.181012175456942
"mu.iota.s[28]","local_continuous",TRUE,0.347131542686249,0.139632440744633,0.102863975320889,0.348124372108397,0.598059294523841,2.68473082767402,4.70643886672147,23.6948710052514,0.0667688967862665,0.172202134540156,0.399320499191291,0.531096371927857,0.285907165085691,0.358894237387701,NA,FALSE,FALSE,FALSE,"inconclusive",0.0461723390762613,0.232457628666674
"mu.iota.s[29]","local_continuous",TRUE,0.342321371996806,0.128767910862003,0.127372159804153,0.341431966059829,0.575128961732206,2.55215013583336,4.82812464392427,24.2515616979753,0.0608230752195457,0.182970970923794,0.398521300955949,0.505735898346922,0.282057317760561,0.322764927423128,NA,FALSE,FALSE,FALSE,"inconclusive",0.0473661327544272,0.23791902148467
"mu.iota.s[30]","local_continuous",TRUE,0.340604578363676,0.13938454266178,0.0993596295137367,0.343583016582802,0.593243645851969,2.58407399179989,4.82027962738714,28.7593228966033,0.0657968548592107,0.166374122868224,0.397090698571873,0.519728961892507,0.279224530122099,0.353354839024283,NA,FALSE,FALSE,FALSE,"inconclusive",0.0472891695187688,0.282142240872378
"mu.iota.s[31]","local_continuous",TRUE,0.34628997410214,0.129420174556802,0.138213843228058,0.340906107024586,0.586075821119299,2.50377243520518,4.88274589338616,42.43287081138,0.0611467581701978,0.193572990368879,0.396528431690554,0.517112313757281,0.277946160591846,0.323539323388401,NA,FALSE,FALSE,FALSE,"inconclusive",0.0479019924399223,0.416286061407408
"mu.iota.s[32]","local_continuous",TRUE,0.334936998989125,0.140483494147822,0.0940124766637129,0.350399004162191,0.58615596860522,2.88334814758384,4.62058793680898,20.1339135818753,0.0676108609368532,0.150422267687386,0.398730820870365,0.51184199455883,0.278752912839919,0.361419726871444,NA,FALSE,FALSE,FALSE,"inconclusive",0.0453301018012889,0.197522991620642
"mu.iota.s[33]","local_continuous",TRUE,0.334278879987666,0.146059705887498,0.0747791785930258,0.347416055133147,0.576545780490384,2.80833762471781,4.62825247129812,22.7858205697254,0.0705472980874742,0.135014079338976,0.401695304254721,0.514883735128915,0.285522401228054,0.37986965578994,NA,FALSE,FALSE,FALSE,"inconclusive",0.0454052944246961,0.22353942402509
"mu.iota.s[34]","local_continuous",TRUE,0.340122607224328,0.148794149939724,0.0539336791529539,0.356362882319351,0.597719245089681,2.89788475687413,4.61288108489736,16.087749988719,0.0712036384709428,0.143013778560609,0.396456397010402,0.528045370312596,0.292974883013704,0.385031591751987,NA,FALSE,FALSE,FALSE,"inconclusive",0.0452544940244218,0.157828257943717
"mu.iota.s[35]","local_continuous",TRUE,0.341637790597825,0.141060726291398,0.0980406647814651,0.33095165618522,0.580418767888139,2.7526061875035,4.70727620062254,19.5151975534798,0.0676446846876726,0.166450268810279,0.397795730737755,0.527840553348855,0.27446460949441,0.361390284538576,NA,FALSE,FALSE,FALSE,"inconclusive",0.0461805537085757,0.19145310161166
"mu.iota.s[36]","local_continuous",TRUE,0.351611486397999,0.142504173144353,0.107682141575155,0.337535662456113,0.602130282797279,2.75714632557669,4.66287099379422,22.348435362115,0.0686650952331148,0.182365633102001,0.396226692680777,0.547295361323945,0.280558258485275,0.364929728221945,NA,FALSE,FALSE,FALSE,"inconclusive",0.0457449181198664,0.219248473120463
"mu.iota.s[37]","local_continuous",TRUE,0.346266257853893,0.127547984126695,0.138647999371803,0.348880651467401,0.584369798768344,2.57440601369154,4.80939369744313,29.3676279939541,0.0602885643979589,0.189417359086575,0.395446190918439,0.511684364330631,0.288517117079925,0.322267005244056,NA,FALSE,FALSE,FALSE,"inconclusive",0.0471823735180624,0.288109994839247
"mu.iota.s[38]","local_continuous",TRUE,0.341616613801436,0.136702645810616,0.11941254858561,0.334603752663618,0.582586590349269,2.7865372024617,4.64150109771485,28.7998350168119,0.0659081681624325,0.169978411697167,0.393731607290617,0.523089090881069,0.279667345336891,0.353110679183902,NA,FALSE,FALSE,FALSE,"inconclusive",0.045535269569074,0.282539683483224
"mu.iota.s[39]","local_continuous",TRUE,0.33939427643846,0.107478907839305,0.127244233855618,0.348849543647852,0.539010395453594,2.40880810334897,4.92589933481153,13.7370325712714,0.0493648447330499,0.216426312446135,0.400860648230997,0.453333400123942,0.286956744952768,0.236907087677807,NA,FALSE,FALSE,FALSE,"inconclusive",0.0483253476318677,0.134766634337318
"mu.iota.s[40]","local_continuous",TRUE,0.350421800520697,0.140005293667851,0.122257051459076,0.344360410697145,0.608860193234472,2.55376356060606,4.80771810022746,35.262459213079,0.0665589452497761,0.184946641711559,0.397224657440212,0.540300028802289,0.279215874128727,0.35535338709073,NA,FALSE,FALSE,FALSE,"inconclusive",0.0471659351354575,0.34594101178314
"mu.iota.s[41]","local_continuous",TRUE,0.34701101898205,0.136022019430407,0.121654330554274,0.34839349353338,0.61743886240168,2.40760695912718,4.89578967277246,23.1013821791178,0.0635792555030855,0.187999749171156,0.404239368947802,0.520062645224133,0.275742312585107,0.332062896052977,NA,FALSE,FALSE,FALSE,"inconclusive",0.0480299579403176,0.226635229163735
"mu.iota.s[42]","local_continuous",TRUE,0.334244381458535,0.134004579195438,0.0916976986033795,0.339197626858201,0.578667401399933,2.68339251480816,4.69986857588336,19.3076666335531,0.0635189575269351,0.157995249751346,0.395316323305105,0.495537954310902,0.288127998466788,0.337542704559556,NA,FALSE,FALSE,FALSE,"inconclusive",0.0461078814884762,0.189417127433515
"mu.iota.s[43]","local_continuous",TRUE,0.344371713581027,0.133827010158531,0.0978583587838189,0.336970896871146,0.588203283754508,2.51871639944824,4.85711949630446,22.8802739728568,0.062759199141303,0.18484593314029,0.39467873010135,0.518459035713027,0.279503155369441,0.333613102572738,NA,FALSE,FALSE,FALSE,"inconclusive",0.0476505856483191,0.22446605553562
"mu.iota.s[44]","local_continuous",TRUE,0.339641443697499,0.145391008090877,0.087862873218483,0.350907746276215,0.582176702153954,2.91554705149306,4.67571709332484,24.7023439403882,0.0702939622998216,0.147095279185559,0.395871848769484,0.528944255516311,0.286654391318641,0.381848976330752,NA,FALSE,FALSE,FALSE,"inconclusive",0.0458709442895738,0.242341403488485
"mu.iota.s[45]","local_continuous",TRUE,0.340627216020461,0.128154876496955,0.12141359520901,0.328129928974073,0.595445940226242,2.25843328564601,5.15093683045658,29.3988127812655,0.0578599292684009,0.187387229049018,0.396339982065805,0.493218440186417,0.285563212780605,0.305831211137399,NA,FALSE,FALSE,FALSE,"inconclusive",0.0505330694036866,0.288415932006294
"mu.iota.s[46]","local_continuous",TRUE,0.336543597588444,0.134068630191074,0.107808679971055,0.331822736325885,0.573009804476268,2.61841898374835,4.79858525719365,19.4464644406399,0.0634839168818655,0.163612761000871,0.394734392127855,0.503487539122732,0.284339698102319,0.33987477812186,NA,FALSE,FALSE,FALSE,"inconclusive",0.0470763377270499,0.190778798028488
"mu.iota.s[47]","local_continuous",TRUE,0.33762830010779,0.134223909127839,0.10487915783714,0.34776013104102,0.566579150128736,2.69848664222963,4.73037124298825,32.0144875808376,0.0641477712763835,0.159025028912321,0.394593389351283,0.504383826763726,0.292510955403829,0.345358797851404,NA,FALSE,FALSE,FALSE,"inconclusive",0.0464071267412417,0.314076909908936
"mu.iota.s[48]","local_continuous",TRUE,0.324982315516936,0.131812866955451,0.0990547316396491,0.326235841098842,0.550828350464016,2.50934063678594,4.83334227245646,32.2797037648259,0.0627742164601945,0.147913237275561,0.396298097704398,0.479427637313924,0.276290289773859,0.331514400038363,NA,FALSE,FALSE,FALSE,"inconclusive",0.0474173201002282,0.316678803170995
"mu.iota.s[49]","local_continuous",TRUE,0.341176051838353,0.139338567654999,0.10465967487757,0.344247855418913,0.590279843935375,2.71747804460573,4.69108446519103,29.8407911225821,0.0664707072400028,0.163026853692585,0.3956039052328,0.521069925153487,0.285003523274541,0.358043071460902,NA,FALSE,FALSE,FALSE,"inconclusive",0.0460217053054098,0.292751943674039
"mu.iota.s[50]","local_continuous",TRUE,0.33732097660717,0.125129340649805,0.113139135373274,0.346321226013168,0.555701377769899,2.29699951841849,5.01306226234495,29.0867756426069,0.057855665583294,0.178369926018203,0.396502353748019,0.484702211563397,0.289709415099059,0.306332285545194,NA,FALSE,FALSE,FALSE,"inconclusive",0.0491804562094823,0.285354703553417
"mu.iota.s[51]","local_continuous",TRUE,0.334091651692866,0.143966090176069,0.0833952880215903,0.351987345081329,0.583207239473168,2.91328487204621,4.60140002853059,24.0594861408219,0.0698912659471027,0.137100532437275,0.392673045851404,0.517092872385412,0.289500156097375,0.379992339948137,NA,FALSE,FALSE,FALSE,"inconclusive",0.0451418595586331,0.2360346715538
"mu.iota.s[52]","local_continuous",TRUE,0.34577068651763,0.137529046083337,0.105649060818206,0.346203172059507,0.59027953353697,2.85856363312645,4.60982261680223,18.5280509225317,0.0659099203239122,0.177443376522392,0.396466466858864,0.528242198757322,0.28093070393194,0.35079882223493,NA,FALSE,FALSE,FALSE,"inconclusive",0.0452244890397739,0.181768737222184
"mu.iota.s[53]","local_continuous",TRUE,0.333759231591113,0.135863280581434,0.0798764846253369,0.341827844902443,0.570786287482833,2.64350642829532,4.72683389908963,19.4622619655494,0.0641834080652513,0.157047396627032,0.39921431634294,0.494355294517772,0.284419918876711,0.33730789789074,NA,FALSE,FALSE,FALSE,"inconclusive",0.0463724237637801,0.190933779044357
"mu.iota.s[54]","local_continuous",TRUE,0.335394553284834,0.139263652505758,0.089563335689761,0.336845031041047,0.58691619383906,2.88736210155289,4.61606272923152,15.3520506886445,0.0666920026275307,0.157692461052592,0.400618292223844,0.507722863498384,0.275544596364515,0.350030402445792,NA,FALSE,FALSE,FALSE,"inconclusive",0.0452857074248668,0.150610708007735
"mu.iota.s[55]","local_continuous",TRUE,0.342064730901182,0.118769189379493,0.131283063027894,0.338288949162562,0.556809101054771,2.40729356060183,4.92332333270309,32.0737569958797,0.0559295695305947,0.202673813282885,0.399953883859453,0.491487068600061,0.274144157862328,0.288813255317176,NA,FALSE,FALSE,FALSE,"inconclusive",0.0483000758613889,0.314658370245651
"mu.iota.s[56]","local_continuous",TRUE,0.340213505794681,0.137427220334467,0.0973579074703888,0.352579052156307,0.588599767139315,2.77020012453131,4.66605503528153,25.3011827801085,0.0656269545904416,0.16180972959287,0.395163299081463,0.51512739791889,0.2887535965855,0.35331766832602,NA,FALSE,FALSE,FALSE,"inconclusive",0.0457761550374909,0.248216289095755
"mu.iota.s[57]","local_continuous",TRUE,0.340053152585482,0.12262861066831,0.120462802893514,0.3414412493897,0.559799265434454,2.61704986901685,4.74054621556452,26.5830210044809,0.057837271332246,0.183380345448542,0.391415665615762,0.49233294411846,0.293083655159165,0.308952598669918,NA,FALSE,FALSE,FALSE,"inconclusive",0.0465069479217961,0.260791714127859
"mu.iota.s[58]","local_continuous",TRUE,0.336101897056297,0.147844998276181,0.074671688823776,0.332975824377642,0.592053502888358,2.65783879660663,4.79776161631618,18.9974277572357,0.0703501386610822,0.142791584813885,0.395283782923789,0.524392126450148,0.281940094037365,0.381600541636262,NA,FALSE,FALSE,FALSE,"inconclusive",0.0470682574296215,0.186373540764781
"mu.iota.s[59]","local_continuous",TRUE,0.335355681311731,0.130432275398227,0.111214514886371,0.345773254962963,0.559938890084803,2.6290530025382,4.74828515307882,23.3713218463385,0.0619252274809376,0.168845721911555,0.398698811981794,0.49553475213325,0.278343439220324,0.326689030221695,NA,FALSE,FALSE,FALSE,"inconclusive",0.0465828704732451,0.229283461977971
"mu.iota.s[60]","local_continuous",TRUE,0.34212836572276,0.125520092266351,0.120723125392548,0.33993320082392,0.564804014799788,2.28190842683366,5.13714026094218,28.2156477631112,0.0575744854442879,0.192551669520847,0.397018838754142,0.4975204179119,0.281422536704153,0.304968748391053,NA,FALSE,FALSE,FALSE,"inconclusive",0.0503977186844385,0.276808536702029
"mu.iota.s[61]","local_continuous",TRUE,0.333870323542556,0.152761185931272,0.0792960214040029,0.337218123985952,0.61895568766136,3.01041607603021,4.53837888314762,14.2474234465945,0.0738536036449273,0.129799888396064,0.394363914337759,0.527925459132295,0.283392032304103,0.398125570736231,NA,FALSE,FALSE,FALSE,"inconclusive",0.0445235930144372,0.139773804561811
"mu.iota.s[62]","local_continuous",TRUE,0.341359368326525,0.141283155528805,0.0997383950241175,0.350423994658582,0.589563415912015,2.79250967366563,4.63167998192483,31.856583148114,0.068236462765317,0.159277619970023,0.393303430066457,0.528643089947152,0.284213333322464,0.369365469977129,NA,FALSE,FALSE,FALSE,"inconclusive",0.0454389198870308,0.312527794491563
"mu.iota.s[63]","local_continuous",TRUE,0.340893640370798,0.139586173706389,0.109607201829665,0.346688657993528,0.596267000192616,2.78019929413348,4.68358123956884,14.3530014439269,0.0668017576893189,0.164495453550659,0.398623906305647,0.521717961430805,0.278737240196081,0.357222507880146,NA,FALSE,FALSE,FALSE,"inconclusive",0.0459480951964922,0.140809573479643
"mu.iota.s[64]","local_continuous",TRUE,0.338661756536674,0.132259998625287,0.117743224519186,0.344379282640689,0.585154525200385,2.62486347858548,4.81519887336173,42.7093615067733,0.062574081282815,0.171755615809925,0.39332106953619,0.5070883607976,0.282481980002983,0.335332744987675,NA,FALSE,FALSE,FALSE,"inconclusive",0.0472393249750984,0.418998562833785
"mu.iota.s[65]","local_continuous",TRUE,0.341001981663019,0.122989187037392,0.113143579672626,0.358413039973386,0.552606508320384,2.43974459721353,4.89095500121218,28.2191654687785,0.0571718593475627,0.187121040352787,0.401129569237582,0.488383328819141,0.287373988242564,0.301262288466353,NA,FALSE,FALSE,FALSE,"inconclusive",0.0479825275792899,0.276843047019371
"mu.iota.s[66]","local_continuous",TRUE,0.347184279034367,0.139508937029503,0.100948226667627,0.349916555703705,0.592788301718063,2.98355615481239,4.56921269076039,14.8287315188313,0.067275896240408,0.169759337922874,0.399474288747111,0.531023912398374,0.28847957706911,0.3612645744755,NA,FALSE,FALSE,FALSE,"inconclusive",0.0448260869085311,0.145476705243018
"mu.iota.s[67]","local_continuous",TRUE,0.334229694287097,0.131237332147036,0.105819686122098,0.331311468653924,0.578338153051284,2.62768737698748,4.75480750152398,12.2599049512605,0.0619000700210921,0.167953680871478,0.395748123777607,0.493121650314544,0.28009532218476,0.325167969443066,NA,FALSE,FALSE,FALSE,"inconclusive",0.0466468577240119,0.120275330134408
"mu.iota.s[68]","local_continuous",TRUE,0.340691366154188,0.137865803055583,0.102352822446289,0.342155470534734,0.597279335521084,2.54643605152489,4.80210908033357,30.1619966347727,0.065092612314223,0.167284393632328,0.397777204738296,0.514984146519471,0.282719719726655,0.347699752887143,NA,FALSE,FALSE,FALSE,"inconclusive",0.0471109080596238,0.29590311810592
"mu.iota.s[69]","local_continuous",TRUE,0.348313768989884,0.123649426125138,0.127554221796184,0.348435873733573,0.567587777644355,2.46385122805619,4.90776697528665,30.3326036557687,0.0579506763508748,0.203243544451062,0.397310434517749,0.509636823106869,0.283064273883857,0.306393278655807,NA,FALSE,FALSE,FALSE,"inconclusive",0.048147460810017,0.297576851781272
"mu.iota.s[70]","local_continuous",TRUE,0.345674704943079,0.138796238394279,0.111311736565803,0.344527869172002,0.601220923754047,2.50618468532426,4.8399429008379,19.5293721504195,0.0652383038073944,0.175587619296177,0.395646847711795,0.526532073439326,0.284932279325019,0.350944454143149,NA,FALSE,FALSE,FALSE,"inconclusive",0.0474820753133255,0.191592160954553
"mu.iota.s[71]","local_continuous",TRUE,0.345487193324677,0.138895741999864,0.10366840661784,0.350865507250833,0.598555830859898,2.66846094712067,4.73254957618665,30.5061411962165,0.0661157673165455,0.171982205452308,0.400380129282058,0.526234385135172,0.283352053429168,0.354252179682864,NA,FALSE,FALSE,FALSE,"inconclusive",0.046428497196039,0.299279335205985
"mu.iota.s[72]","local_continuous",TRUE,0.338670876220653,0.121335284363152,0.115132948815464,0.357411273527374,0.54773232461282,2.53632112604203,4.81941568578686,13.1206733710953,0.0567393848954426,0.188783426846937,0.398625417938082,0.481703152580916,0.285571507516677,0.292919725733978,NA,FALSE,FALSE,FALSE,"inconclusive",0.0472806938526357,0.128719865901731
"mu.iota.s[73]","local_continuous",TRUE,0.338275257351365,0.134502444800926,0.105192210827053,0.322602164038178,0.599781518639342,2.50087611162438,4.82912737138766,14.9518378815765,0.0626868878664824,0.173730973865092,0.399236127285773,0.50183833830137,0.278295589953228,0.328107364436278,NA,FALSE,FALSE,FALSE,"inconclusive",0.0473759699739793,0.14668443552149
"mu.iota.s[74]","local_continuous",TRUE,0.347821083764147,0.131508079956289,0.126317945230054,0.344355185154429,0.6069407886168,2.83078267313281,4.61875054874234,15.0962224353552,0.0627691454797233,0.187745185857285,0.39999427949933,0.519489192748461,0.284055676951509,0.331744006891176,NA,FALSE,FALSE,FALSE,"inconclusive",0.0453120761757087,0.148100914681897
"mu.iota.s[75]","local_continuous",TRUE,0.353958119135336,0.125044609378525,0.13352235725948,0.347847231005075,0.595364392867072,2.34759875619817,4.99903600331085,17.4745880826967,0.058323711028209,0.21808549233205,0.396334816260072,0.521944458762776,0.279467709186448,0.303858966430726,NA,FALSE,FALSE,FALSE,"inconclusive",0.0490428521299577,0.171433780193626
"mu.iota.s[76]","local_continuous",TRUE,0.342980530547609,0.131798275828488,0.113202384276815,0.337968088187651,0.58959124419712,2.40367037652053,5.01127015618803,29.3243094463863,0.0609806675703778,0.183006700695356,0.398959303074846,0.507301807246065,0.282654311174171,0.324295106550709,NA,FALSE,FALSE,FALSE,"inconclusive",0.0491628748203511,0.287685019879786
"mu.iota.s[77]","local_continuous",TRUE,0.343543435308781,0.141320902595279,0.109489701327754,0.34788068934562,0.589623066648546,2.78366850999369,4.66207940005239,26.1024334920734,0.0680524850499535,0.164002011538593,0.399422264624711,0.528633209541506,0.282116255530315,0.364631198002913,NA,FALSE,FALSE,FALSE,"inconclusive",0.0457371522196404,0.256076928659041
"mu.iota.s[78]","local_continuous",TRUE,0.343206299070952,0.152143746995207,0.0944140435837503,0.347376783405393,0.619368026969021,2.83895857789769,4.63939177213171,28.5926204037537,0.0735106262098542,0.149299526257174,0.396083452385688,0.547673853678944,0.279768363962002,0.398374327421769,NA,FALSE,FALSE,FALSE,"inconclusive",0.0455145761108554,0.280506812421552
"mu.iota.s[79]","local_continuous",TRUE,0.34178793820468,0.126125031629379,0.121884488517293,0.330513448266589,0.591636754562626,2.47038892603952,4.90183720901219,25.9832494753537,0.058674566203514,0.19568261568749,0.396488141340157,0.498344541215346,0.276636454575726,0.302661925527856,NA,FALSE,FALSE,FALSE,"inconclusive",0.0480892870640446,0.254907678406719
"mu.iota.s[80]","local_continuous",TRUE,0.342899683344522,0.129279259144077,0.115764725555593,0.351783977619897,0.567343218808089,2.64019525854018,4.73537016749119,30.0747144667158,0.0616526027742602,0.179477549939264,0.400873802735037,0.506973047034884,0.284274333668904,0.32749549709562,NA,FALSE,FALSE,FALSE,"inconclusive",0.0464561684995015,0.295046839723697
"mu.iota.s[81]","local_continuous",TRUE,0.342241124661736,0.145251484491147,0.101244240045425,0.347251105049243,0.587243303700734,2.85045511315498,4.60949785550793,25.5060387716156,0.0704646631497418,0.158089869393589,0.398131316396701,0.534642596266617,0.278100716590035,0.376552726873029,NA,FALSE,FALSE,FALSE,"inconclusive",0.0452213029814772,0.250226020990617
"mu.iota.s[82]","local_continuous",TRUE,0.354532041958106,0.131721660641693,0.114143243439949,0.353607525795019,0.594480962128925,2.37717807959209,5.01120643986367,30.8082223480655,0.0612220090922707,0.207415917021818,0.396961297613977,0.530929586209392,0.282821366987237,0.323513669187574,NA,FALSE,FALSE,FALSE,"inconclusive",0.0491622497337801,0.302242890829823
"mu.iota.s[83]","local_continuous",TRUE,0.358705960916705,0.125244186614019,0.167242095243235,0.353772240793193,0.600002520377888,2.81122995263748,4.63765217645598,15.4196635402207,0.0603448659542254,0.222494539379547,0.403727856702113,0.530143719934276,0.278457727650883,0.30764918055473,NA,FALSE,FALSE,FALSE,"inconclusive",0.045497509873798,0.151274021310489
"mu.iota.s[84]","local_continuous",TRUE,0.341419986818807,0.141280426395894,0.0939096699296906,0.346873112655807,0.596705228062195,2.92040050145871,4.61309453545098,15.6199482163996,0.0678743948204543,0.159368193022382,0.397578508882451,0.523755776473485,0.284977468896906,0.364387583451103,NA,FALSE,FALSE,FALSE,"inconclusive",0.0452565880729406,0.153238906490597
"mu.iota.s[85]","local_continuous",TRUE,0.345328261750806,0.133067582542803,0.117733858100464,0.35478835359729,0.600941530813862,2.66976770821248,4.72892230617954,24.5946204203948,0.0632683390579287,0.18134923847613,0.400754657382446,0.516772067821272,0.282437083323376,0.335422829345142,NA,FALSE,FALSE,FALSE,"inconclusive",0.0463929120019183,0.241284586002382
"mu.iota.s[86]","local_continuous",TRUE,0.337273879743609,0.140964033773499,0.0946156882971808,0.345452695767346,0.574855737931458,2.75496413169223,4.66011828279476,21.8190773673767,0.0678192441719654,0.150111392297624,0.399570312708988,0.5148144187609,0.284599395206924,0.364703026463276,NA,FALSE,FALSE,FALSE,"inconclusive",0.045717912753549,0.214055226694038
"mu.iota.s[87]","local_continuous",TRUE,0.34129362823082,0.136417120326498,0.117216751946146,0.348142342361993,0.588725323128005,2.72918371835683,4.70129680981949,40.4931071640124,0.0656236531358555,0.167216599594499,0.397257405312908,0.519303529074658,0.281396978941215,0.352086929480159,NA,FALSE,FALSE,FALSE,"inconclusive",0.0461218931230574,0.397256084095401
"mu.iota.s[88]","local_continuous",TRUE,0.338436222619694,0.140331479600761,0.0993874795151471,0.342404939756693,0.596656002124076,2.62279513079661,4.73969928149019,21.5345019670224,0.0667316346727782,0.156212621062594,0.398924277573555,0.51452607408577,0.28408191775686,0.358313453023176,NA,FALSE,FALSE,FALSE,"inconclusive",0.0464986391073479,0.21126341057786
"mu.iota.s[89]","local_continuous",TRUE,0.347149872110392,0.133124918124048,0.128180781770427,0.331995326331841,0.591771136170717,2.61622105319145,4.75499088831872,38.1719267805906,0.0633926433144106,0.189585105298165,0.393243220726589,0.526613497690533,0.279157664726279,0.337028392392369,NA,FALSE,FALSE,FALSE,"inconclusive",0.0466486568331704,0.374484232435257
"mu.iota.s[90]","local_continuous",TRUE,0.339103024568995,0.139927168365532,0.0777480185443313,0.345936669148467,0.585572355430578,2.61768813905321,4.74883972834829,19.0134311354242,0.0661051926132094,0.162387872461523,0.399615380927623,0.514616813354839,0.279792031531997,0.352228940893316,NA,FALSE,FALSE,FALSE,"inconclusive",0.046588311112784,0.186530541296396
"mu.iota.s[91]","local_continuous",TRUE,0.336491211898698,0.144256576046602,0.0819736413041589,0.341819916677074,0.582801506988033,2.96879684257623,4.61704275561968,28.1579150354399,0.0696615269174563,0.140388361293147,0.396811224968897,0.518005256293401,0.290760005039349,0.377616895000254,NA,FALSE,FALSE,FALSE,"inconclusive",0.0452953219363858,0.276242151978181
"mu.iota.s[92]","local_continuous",TRUE,0.343656468423255,0.133716178744685,0.130668049469723,0.346213935076144,0.606504420559569,2.57706889227082,4.84602618528361,50.247924427172,0.0627949807055237,0.177617795105896,0.398519831329157,0.514525725789546,0.283962521468422,0.336907930683649,NA,FALSE,FALSE,FALSE,"inconclusive",0.0475417551434643,0.492955346968292
"mu.iota.s[93]","local_continuous",TRUE,0.345239581241557,0.14395903785767,0.100398368875824,0.346359566420701,0.608967538659347,2.7036329120591,4.70296320821346,22.9933209700065,0.068742473267183,0.167466263121916,0.397625940162845,0.536517991621565,0.279348130059903,0.369051728499649,NA,FALSE,FALSE,FALSE,"inconclusive",0.0461382412609726,0.225575098791415
"mu.iota.s[94]","local_continuous",TRUE,0.345759042883258,0.126924280872421,0.128105970071062,0.345116926878161,0.587539351022783,2.4509058687477,4.92633819922802,21.9579568740474,0.0588381035122332,0.193365289528238,0.398533515968995,0.505261822870217,0.28587554316558,0.311896533341979,NA,FALSE,FALSE,FALSE,"inconclusive",0.0483296530944946,0.215417698799664
"mu.iota.s[95]","local_continuous",TRUE,0.344974902087338,0.12997200277237,0.120863508310016,0.346657824638234,0.590309943362959,2.5118925438007,4.90404463605415,14.7399332716698,0.0607644294143641,0.187908924545874,0.397986386308919,0.511397944728046,0.282606352766512,0.323489020182172,NA,FALSE,FALSE,FALSE,"inconclusive",0.0481109429428849,0.144605553424536
"mu.iota.s[96]","local_continuous",TRUE,0.339755094829485,0.13775000799472,0.100951202863313,0.351468379156859,0.583814114068175,2.60997944103658,4.75856105111594,37.9196209641444,0.0656417265020479,0.160678612832657,0.399268600070975,0.512924887772795,0.286148278641512,0.352246274940138,NA,FALSE,FALSE,FALSE,"inconclusive",0.0466836817791856,0.372008995841781
"mu.iota.s[97]","local_continuous",TRUE,0.351861519955173,0.133092467527163,0.123512764484665,0.351421563719448,0.607521710363445,2.41654737758634,4.93140418930322,28.5941655166416,0.0620767535278723,0.195712241534548,0.399201548651846,0.526327651068941,0.286204638565356,0.330615409534393,NA,FALSE,FALSE,FALSE,"inconclusive",0.0483793527969943,0.280521970692634
"mu.iota.s[98]","local_continuous",TRUE,0.344419979910091,0.138955490787619,0.0991724108491576,0.348555700490889,0.588847720455468,2.56900477418529,4.82543320114476,24.4018516296105,0.0656957575554255,0.172266107586913,0.399611677632216,0.524550269316897,0.281251865104339,0.352284161729984,NA,FALSE,FALSE,FALSE,"inconclusive",0.0473397284576459,0.239393435129405
"mu.iota.s[99]","local_continuous",TRUE,0.343377098612165,0.141154562395585,0.105523295866139,0.344405150819385,0.59565792093545,2.89344022516804,4.62608257322642,22.5124438436568,0.0679917673933354,0.164805932854605,0.399366330304845,0.528139434538054,0.281196696751155,0.363333501683448,NA,FALSE,FALSE,FALSE,"inconclusive",0.0453840067223877,0.220857472076058
"mu.iota.s[100]","local_continuous",TRUE,0.34332006694313,0.143758761094349,0.0983639875594177,0.347586504564108,0.605508199335959,2.74837036464612,4.70206287261228,21.9319896764485,0.0687065181432847,0.162917554152431,0.397892211180677,0.532180115147023,0.280290387292388,0.369262560994591,NA,FALSE,FALSE,FALSE,"inconclusive",0.0461294085528812,0.21516294859758
"mu.iota.s[101]","local_continuous",TRUE,0.341005990725928,0.131989062836209,0.115039233308431,0.346598860169291,0.574260658036097,2.59128568480264,4.76677086741173,29.2708748246225,0.0626522685384079,0.17657276107395,0.395483232741403,0.510964659194763,0.281003309893596,0.334391898120813,NA,FALSE,FALSE,FALSE,"inconclusive",0.0467642238689688,0.287160801560084
"mu.iota.s[102]","local_continuous",TRUE,0.323168985821977,0.12640131322272,0.101979419074519,0.319773482918294,0.551446702755979,2.18667670590805,5.12287255487059,32.3969088403741,0.0576212552089512,0.158972242477142,0.395618153360898,0.457708341639553,0.280377205810314,0.298736099162411,NA,FALSE,FALSE,FALSE,"inconclusive",0.0502577458979574,0.317828639096399
"mu.iota.s[103]","local_continuous",TRUE,0.342000050481668,0.139546711753543,0.0917456242885908,0.338043435237752,0.58579675071895,2.79727035082796,4.65396549860833,16.3554838037867,0.0665131376642737,0.1679932449797,0.39536648426254,0.524141749198435,0.280498723485994,0.356148504218735,NA,FALSE,FALSE,FALSE,"inconclusive",0.0456575510988535,0.160454850329501
"mu.iota.s[104]","local_continuous",TRUE,0.341367953817967,0.141203651246028,0.0949110671181513,0.348237115102056,0.58145900816094,2.88739296024688,4.61289000311057,16.5261693152916,0.0680428358155915,0.159144969819592,0.39792221578313,0.525209362838785,0.283195266830361,0.366064393019193,NA,FALSE,FALSE,FALSE,"inconclusive",0.0452545815162124,0.162129354032999
"mu.iota.s[105]","local_continuous",TRUE,0.346755895832491,0.132340463850496,0.105476268212724,0.345960508452828,0.595760242956627,2.54033391103799,4.85540109880909,14.733254610664,0.0613181900552615,0.19721577831112,0.394298829966202,0.514906270426918,0.280602704625725,0.317690492115798,NA,FALSE,FALSE,FALSE,"inconclusive",0.047633727375202,0.144540032675353
"mu.iota.s[106]","local_continuous",TRUE,0.336684945582856,0.144687461768616,0.0995671750303058,0.335363999540244,0.61615920149874,2.77354759733957,4.65922125957258,14.2491742512816,0.0690906353659018,0.148934821401904,0.39871698015487,0.515012467725489,0.284075513049163,0.366077646323585,NA,FALSE,FALSE,FALSE,"inconclusive",0.0457091125414255,0.139790980764447
"mu.iota.s[107]","local_continuous",TRUE,0.344701630015433,0.135753498624511,0.0993403053896369,0.346833553201024,0.584912048374544,2.42012128771349,4.94464924944699,30.4424407438083,0.0631281229181003,0.184310704008435,0.397704396937286,0.519576729961758,0.277214689154253,0.335266025953323,NA,FALSE,FALSE,FALSE,"inconclusive",0.0485092929545873,0.298654404346116
"mu.iota.s[108]","local_continuous",TRUE,0.340543062799098,0.13648666166043,0.0883881644935076,0.341013884186955,0.587633765567809,2.45331059800447,4.87704672714633,16.7987341148659,0.0635110841153421,0.176344107529907,0.395153578593599,0.512742758137415,0.27793180693547,0.336398650607508,NA,FALSE,FALSE,FALSE,"inconclusive",0.0478460809867984,0.164803340608111
"mu.iota.s[109]","local_continuous",TRUE,0.343876067505271,0.13878757866013,0.110169172275142,0.343705562773287,0.606635851255912,2.56284850903916,4.80406147276763,27.4781955718571,0.0655790507375966,0.172389332797598,0.395434868298824,0.52493967174347,0.282740397181194,0.352550338945873,NA,FALSE,FALSE,FALSE,"inconclusive",0.0471300619311661,0.269573790093956
"mu.iota.s[110]","local_continuous",TRUE,0.337071050051361,0.146692398875711,0.102340304901336,0.334513229740757,0.589356563038479,2.82433428106516,4.62027737412498,29.3369162694148,0.0713542933824046,0.145478308510384,0.395511379738837,0.530826782296804,0.27646772965942,0.38534847378642,NA,FALSE,FALSE,FALSE,"inconclusive",0.0453270550379172,0.287808698636491
"mu.iota.s[111]","local_continuous",TRUE,0.343723990287704,0.129350147360399,0.120785562622727,0.337814378750636,0.576090538741612,2.47571372991258,4.90165836349807,33.5714014708685,0.060707332474016,0.188858187175081,0.396214710207366,0.510277503402907,0.279545560365463,0.321419316227826,NA,FALSE,FALSE,FALSE,"inconclusive",0.0480875325069465,0.329350954272147
"mu.iota.s[112]","local_continuous",TRUE,0.346236117513878,0.132693750151684,0.123551064477009,0.334392009921163,0.596795059228996,2.57841360405974,4.85057548852419,35.7402429115608,0.0626138928411324,0.18782586649542,0.397254402873317,0.52124883634013,0.278615364346645,0.33342296984471,NA,FALSE,FALSE,FALSE,"inconclusive",0.0475863859094709,0.35062829054233
"mu.iota.s[113]","local_continuous",TRUE,0.342376362025961,0.13988648074846,0.106383105223604,0.346101734923034,0.589777944657841,2.71588854395006,4.69234274082295,27.1913627202573,0.0669345916294401,0.16439664155133,0.395836931050396,0.524942221782083,0.284329653720036,0.360545580230754,NA,FALSE,FALSE,FALSE,"inconclusive",0.0460340495705269,0.266759827338395
"mu.iota.s[114]","local_continuous",TRUE,0.337834466535559,0.142553577938387,0.0892728629728025,0.352212524705362,0.586396802656376,2.50141031258787,4.84238267325899,35.2195763663175,0.0672409220047426,0.156702235285844,0.397919678945235,0.516791201819442,0.279924750091715,0.360088966533598,NA,FALSE,FALSE,FALSE,"inconclusive",0.0475060106076501,0.345520311249829
"mu.iota.s[115]","local_continuous",TRUE,0.346000108908569,0.135691753505299,0.10240167006389,0.346724488667818,0.588206402568391,2.6500077984058,4.7277390994205,27.4363875108994,0.0644473932979334,0.178320992257695,0.396943360522327,0.524000137747951,0.284735945106302,0.345679145490256,NA,FALSE,FALSE,FALSE,"inconclusive",0.0463813041971167,0.269163633705798
"mu.iota.s[116]","local_continuous",TRUE,0.334508195944396,0.12839711992456,0.110982487645578,0.322549405035136,0.590236322427809,2.36986532891775,5.10496548400111,40.1769024610644,0.0583118829023924,0.176749070876628,0.392427046297945,0.489006086070707,0.279850580532304,0.312257015194079,NA,FALSE,FALSE,FALSE,"inconclusive",0.0500820692618717,0.394153969911945
"mu.iota.s[117]","local_continuous",TRUE,0.341231974360771,0.145024199414156,0.095070413034156,0.33950808659227,0.602355110056108,2.95356234317303,4.56428253876478,18.8674690626562,0.0698117185387544,0.155934039623403,0.396436142573197,0.530601180894555,0.281956534351931,0.374667141271152,NA,FALSE,FALSE,FALSE,"inconclusive",0.0447777198403326,0.185098585946084
"mu.iota.s[118]","local_continuous",TRUE,0.328280203404833,0.118516229664648,0.102203517664679,0.319794441298539,0.544056281125731,2.18686408784359,5.14884771262219,17.6208996647123,0.0536498417732375,0.179508582590606,0.401102528364138,0.45020423189466,0.282305470769929,0.270695649304054,NA,FALSE,FALSE,FALSE,"inconclusive",0.0505125741928167,0.172869164391088
"mu.iota.s[119]","local_continuous",TRUE,0.328643338088665,0.136783901881245,0.0895002686503977,0.328760860082108,0.575919056927297,2.66322423000568,4.75792049036058,21.8382216770914,0.0644386433043202,0.146453695113277,0.40002548584188,0.481679686169068,0.286414485230438,0.335225991055791,NA,FALSE,FALSE,FALSE,"inconclusive",0.0466773975823155,0.214243041214647
"mu.iota.s[120]","local_continuous",TRUE,0.344321720738894,0.144833403112223,0.0892065406405142,0.348832277662265,0.60387669589476,3.03944099217884,4.54088800617463,13.7421951604926,0.069719709599103,0.163357425599598,0.398960930969704,0.533969997499546,0.280998528886728,0.370612571899948,NA,FALSE,FALSE,FALSE,"inconclusive",0.0445482086702373,0.134817281722056
"mu.iota.s[121]","local_continuous",TRUE,0.348134934151201,0.140708226867622,0.120901782213349,0.350197877831231,0.611701126831185,2.7711287928246,4.65465634081463,39.051123398258,0.0673375512552778,0.171442551319605,0.396853951537051,0.534817555698151,0.28942567805,0.363375004378546,NA,FALSE,FALSE,FALSE,"inconclusive",0.0456643285799811,0.383109557334871
"mu.iota.s[122]","local_continuous",TRUE,0.335135703165243,0.14289041508875,0.0705982925081543,0.326052383137627,0.598126991595063,2.6559685907834,4.73309885755446,10.9161933453458,0.0672706610485689,0.153956820817421,0.399402608095492,0.510525370972866,0.276658012775192,0.356568550155446,NA,FALSE,FALSE,FALSE,"inconclusive",0.0464338858999574,0.107092898651511
"mu.iota.s[123]","local_continuous",TRUE,0.348063481406794,0.147315621392474,0.115328398769068,0.346683035449085,0.615869486539948,3.05018835379458,4.55436872675692,13.4496574793285,0.0714125438560315,0.163793993888998,0.401172939746757,0.545669285130198,0.281617706861222,0.3818752912412,NA,FALSE,FALSE,FALSE,"inconclusive",0.0446804607655782,0.131947351953542
"mu.iota.s[124]","local_continuous",TRUE,0.337210950446895,0.144503750926893,0.0832171315593969,0.351295642687444,0.599152520211739,2.75366310956952,4.68878441470018,26.4291591961205,0.0690581887405421,0.147024745562855,0.398471732156807,0.519683205586365,0.283664118481552,0.37265846002351,NA,FALSE,FALSE,FALSE,"inconclusive",0.0459991407477552,0.259282258722683
"mu.iota.s[125]","local_continuous",TRUE,0.343705768193878,0.15363379507857,0.0909993898525886,0.360664462740335,0.602063698312658,2.96925074260674,4.56931515162447,18.0213855538313,0.074980476053058,0.137900835820654,0.398577445846629,0.546768524941425,0.291576266166805,0.408867689120771,NA,FALSE,FALSE,FALSE,"inconclusive",0.0448270920969319,0.176798115938384
"mu.iota.s[126]","local_continuous",TRUE,0.341038932261004,0.134648721033728,0.102238225585987,0.357869456442605,0.56686399323043,2.79181240014533,4.65567005453874,16.2018587165702,0.0644913759699223,0.161894925304866,0.399583343626051,0.509209978095622,0.293467482017476,0.347315052790756,NA,FALSE,FALSE,FALSE,"inconclusive",0.0456742735798252,0.158947717268083
"mu.iota.s[127]","local_continuous",TRUE,0.336490592573905,0.151269096481375,0.0796598167797284,0.34605366331854,0.591637241853274,3.16679181292479,4.49843464971929,22.0593748556389,0.0736700950469147,0.134443082254359,0.396003320696128,0.532346084991506,0.283169882353628,0.397903002737147,NA,FALSE,FALSE,FALSE,"inconclusive",0.0441317216352009,0.216412656041664
"mu.iota.s[128]","local_continuous",TRUE,0.344079371302437,0.13253347007053,0.119890516706148,0.338482297864768,0.594370843752878,2.5449351579859,4.77706360933548,27.1609208973855,0.0626769007224865,0.18305731695425,0.396668734353216,0.516010782642597,0.280580651259685,0.332953465688347,NA,FALSE,FALSE,FALSE,"inconclusive",0.0468652004212169,0.266461178995659
"mu.iota.s[129]","local_continuous",TRUE,0.343357804483059,0.142459775496067,0.108672223732552,0.339863878847392,0.603122112170447,2.71071217853601,4.7108150235868,26.9453578570534,0.0680534564386743,0.164264966644028,0.396443469335195,0.531317846603074,0.281404935349939,0.367052879959046,NA,FALSE,FALSE,FALSE,"inconclusive",0.0462152711963545,0.264346406006489
"mu.iota.s[130]","local_continuous",TRUE,0.344173074610416,0.137098425121759,0.113730701444957,0.343428173800901,0.600222073945588,2.74512816675275,4.70338642784509,24.1658676957195,0.0652857270199695,0.175333033718132,0.396775096939728,0.524247944051284,0.280336223732523,0.348914910333152,NA,FALSE,FALSE,FALSE,"inconclusive",0.0461423932410342,0.23707832374249
"mu.iota.s[131]","local_continuous",TRUE,0.341040818328015,0.141665156275724,0.0991106401422552,0.347388600176584,0.585574085546317,2.73027343722199,4.67253087790435,29.63131081089,0.0680387853257918,0.155923034276078,0.400114256098157,0.522382019118308,0.285743963819517,0.366458984842231,NA,FALSE,FALSE,FALSE,"inconclusive",0.0458396860446606,0.290696845062297
"mu.iota.s[132]","local_continuous",TRUE,0.33959281122531,0.13654782011561,0.0927214643337755,0.339089013270298,0.584079137696992,2.74358520983077,4.68846376305894,19.1979659902547,0.06474644150873,0.166968496373742,0.399251287023745,0.509387842520322,0.282763618983432,0.342419346146581,NA,FALSE,FALSE,FALSE,"inconclusive",0.0459959950070531,0.188340913454604
"mu.iota.s[133]","local_continuous",TRUE,0.343833780239033,0.138515717157685,0.103262903088096,0.342695653636557,0.598072222875973,2.64035846690487,4.72358399346727,32.4951080778836,0.0658961846705663,0.168465181592371,0.397595221975583,0.523241991256095,0.28603272613208,0.354776809663724,NA,FALSE,FALSE,FALSE,"inconclusive",0.0463405406885696,0.318792018972292
"mu.iota.s[134]","local_continuous",TRUE,0.329282481692812,0.134913149228842,0.084069169167726,0.3260874380558,0.579055210847647,2.45134819046786,4.87051847001018,12.1575225106345,0.0626945781597968,0.153255802897112,0.394257466471074,0.485145171863148,0.284471485539914,0.331889368966036,NA,FALSE,FALSE,FALSE,"inconclusive",0.0477820357690439,0.11927091110382
"mu.iota.s[135]","local_continuous",TRUE,0.350855375535301,0.133865952486311,0.131514343731599,0.354763324860405,0.604421452756195,2.59714515939091,4.77341813521707,27.8102145373872,0.0636391430350365,0.192255685077119,0.39761613624222,0.530793950262919,0.282755730558946,0.3385382651858,NA,FALSE,FALSE,FALSE,"inconclusive",0.0468294366363563,0.272831049497579
"mu.iota.s[136]","local_continuous",TRUE,0.342100499639148,0.136387223817224,0.113516922908126,0.345021503964538,0.5924355537419,2.57096285833117,4.79827441094255,31.2173560631182,0.0646459041439253,0.173099545486396,0.395774714908966,0.519048821398849,0.280478916762381,0.345949275912454,NA,FALSE,FALSE,FALSE,"inconclusive",0.047073288181754,0.306256681543757
"mu.iota.s[137]","local_continuous",TRUE,0.336190809212512,0.147429251741595,0.0859456528011237,0.348517226152369,0.594790030168623,2.75428880873843,4.67274689306157,29.8297082652735,0.0709143526628168,0.140840301727343,0.398337405820278,0.523830550334411,0.281754978968019,0.382990248607068,NA,FALSE,FALSE,FALSE,"inconclusive",0.0458418052531253,0.292643215724929
"mu.iota.s[138]","local_continuous",TRUE,0.336100633633258,0.129898999859363,0.116694071405986,0.343692455163667,0.571383902352382,2.56263768237375,4.79973894928356,18.2814620226193,0.0613971402654574,0.167736774633506,0.397021733060463,0.493378317747291,0.28626570909177,0.325641543113785,NA,FALSE,FALSE,FALSE,"inconclusive",0.0470876559793152,0.179349586220414
"mu.iota.s[139]","local_continuous",TRUE,0.338775772101886,0.135120427700375,0.109197118686964,0.352709188845587,0.575638915797984,2.78873037172235,4.68814531002728,14.5481054824,0.0644920560305154,0.164932875212199,0.395423832582273,0.510228041762926,0.284518338850147,0.345295166550726,NA,FALSE,FALSE,FALSE,"inconclusive",0.0459928708357266,0.142723634211043
"mu.iota.s[140]","local_continuous",TRUE,0.347954209727475,0.135291690289232,0.110257829961081,0.344375147467826,0.611862565439222,2.60950224667123,4.75915970271673,28.1002041162955,0.063583857541526,0.186883165538968,0.395357041599603,0.525032691897122,0.284543939874209,0.338149526358154,NA,FALSE,FALSE,FALSE,"inconclusive",0.0466895548278924,0.275675981206054
"mu.iota.s[141]","local_continuous",TRUE,0.334523919864722,0.127097160940869,0.120540847925886,0.345659589494485,0.573473109664767,2.51259775545146,4.85541130618057,31.345338965295,0.0598702306906358,0.167299153798277,0.396263252479565,0.486425766307476,0.28810750687357,0.319126612509199,NA,FALSE,FALSE,FALSE,"inconclusive",0.0476338275142308,0.307512252926411
"mu.iota.s[142]","local_continuous",TRUE,0.347193910458538,0.133445053410662,0.120091759702516,0.358513934462778,0.60566547249399,2.48381596876275,4.83526364025297,26.1878445782214,0.0623677586695696,0.184901661604102,0.396909172196569,0.51822221457354,0.288742593459939,0.333320552969439,NA,FALSE,FALSE,FALSE,"inconclusive",0.0474361696057467,0.256914850863531
"mu.iota.s[143]","local_continuous",TRUE,0.334521118497669,0.137969978680091,0.0932197501815182,0.343325340569786,0.578337462576254,2.81136153665393,4.6283583287008,26.1130565867729,0.0661338952483752,0.150013103539302,0.397273693615513,0.503358855776202,0.287438821059659,0.3533457522369,NA,FALSE,FALSE,FALSE,"inconclusive",0.0454063329347094,0.256181146124602
"mu.chi.m[1]","local_continuous",TRUE,0.819580555847248,0.035903692617635,0.744563664166408,0.82037256498664,0.878270015173254,1.40200318197507,8.91234055978395,38.8001299375676,0.0122924934567685,0.798571215779144,0.821281795969138,0.856083519197108,0.802385692443602,0.0575123034179639,NA,FALSE,FALSE,FALSE,"inconclusive",0.0874341772925474,0.380647195557505
"mu.chi.m[2]","local_continuous",TRUE,0.824409021990224,0.0368314282930332,0.754886852689039,0.821247094608154,0.900452219060404,1.29360322011692,11.3882456283114,40.3096333917685,0.0109798420628783,0.817893912671658,0.822744013251944,0.855459711783421,0.801538450253876,0.0539212615295452,NA,FALSE,FALSE,FALSE,"inconclusive",0.111723949577281,0.395456121647456
"mu.chi.m[3]","local_continuous",TRUE,0.822119424549447,0.0366980543516578,0.752010253315145,0.819824006771908,0.89385702092063,1.36043870602549,9.08161801713464,55.0386850705228,0.0123584282800628,0.815049725919509,0.818809095587266,0.857458474228586,0.797160402462427,0.060298071766159,NA,FALSE,FALSE,FALSE,"inconclusive",0.089094867334445,0.539954921619539
"mu.chi.m[4]","local_continuous",TRUE,0.820039198445407,0.037254409347722,0.747398484400092,0.818521915644306,0.882580644350768,1.36800249596654,9.81753888881135,59.3601275265938,0.0115900424867973,0.80540002838092,0.819954912191605,0.85581279690618,0.79898905630292,0.0568237406032603,NA,FALSE,FALSE,FALSE,"inconclusive",0.0963145909901832,0.582350268086507
"mu.chi.m[5]","local_continuous",TRUE,0.816589003512158,0.0384018963963927,0.74204635186006,0.815544072091814,0.886079895439915,1.48609599370047,7.84361041900205,40.6282873202256,0.0141313985258659,0.790279689205215,0.820199779483545,0.858181735599064,0.797694809760804,0.0679020463938498,NA,FALSE,FALSE,FALSE,"inconclusive",0.0769494409900919,0.398582263864396
"mu.chi.m[6]","local_continuous",TRUE,0.820078332723517,0.0349072335150715,0.75126265038055,0.818688700067468,0.883227801564233,1.33763159925258,10.7317322351286,67.8128253459124,0.0105251737398283,0.810440029135355,0.816588979218101,0.854702016751687,0.798582305788923,0.0561197109627644,NA,FALSE,FALSE,FALSE,"inconclusive",0.10528324996202,0.665275137796888
"mu.chi.m[7]","local_continuous",TRUE,0.816370304420949,0.0378964771812764,0.742791741359848,0.815581314542901,0.882395253659886,1.42111700325475,8.34245476255553,33.6027801438603,0.013494836852897,0.792217101566176,0.819667594447368,0.856685490652723,0.796911031017529,0.0644683890865471,NA,FALSE,FALSE,FALSE,"inconclusive",0.0818433344048535,0.32965879354727
"mu.chi.m[8]","local_continuous",TRUE,0.820188268386004,0.0333580455214844,0.750287804828886,0.819980306239683,0.874857337822212,1.50517710805458,7.59604226221205,44.9888511720301,0.0121051444792302,0.800916949352855,0.821429522163436,0.85792727361897,0.800479328408751,0.0574479452102199,NA,FALSE,FALSE,FALSE,"inconclusive",0.0745206830260571,0.441361409292765
"mu.chi.m[9]","local_continuous",TRUE,0.817996362772367,0.0348456518132492,0.741695663401528,0.818144888533453,0.874793092924911,1.42550023473338,8.89157200881621,34.8861913043431,0.0117313309552607,0.794027482316795,0.819494284821423,0.854883747302157,0.803579936649092,0.0608562649853619,NA,FALSE,FALSE,FALSE,"inconclusive",0.0872304282150474,0.342249649809119
"mu.chi.m[10]","local_continuous",TRUE,0.816560764680339,0.0351064240970919,0.740613551470777,0.818572141711415,0.87234615307744,1.51565620291221,7.32592489773465,43.4113075839669,0.0129120905968571,0.789468946642932,0.823440885906761,0.852576098798781,0.800757127372883,0.0631071521558493,NA,FALSE,FALSE,FALSE,"inconclusive",0.0718707069196587,0.425884978063483
"mu.chi.m[11]","local_continuous",TRUE,0.813228472106209,0.0385332987511665,0.731679244896973,0.81521376788508,0.873920075447112,1.91439299520194,5.67128028738524,14.8320515746746,0.0164402313078741,0.775872981578123,0.820250281555313,0.857287693653023,0.799502931638376,0.0814147120748999,NA,FALSE,FALSE,FALSE,"inconclusive",0.0556378790505949,0.145509276524297
"mu.chi.m[12]","local_continuous",TRUE,0.820765666431947,0.0334885520368881,0.754107902336384,0.819716126954108,0.877442672466969,1.36329106476339,9.52361181378373,96.6405062243879,0.0111699948043746,0.809055627121842,0.818579557663494,0.85547043463861,0.799957046303845,0.0555133883347652,NA,FALSE,FALSE,FALSE,"inconclusive",0.0934310306261402,0.948088002044381
"mu.chi.m[13]","local_continuous",TRUE,0.816411330489811,0.0355563742029713,0.745268705693708,0.815763535470122,0.87743958708342,1.49359274900843,7.4795400266282,41.3780500947306,0.0132944403992296,0.790225546635216,0.821079359791502,0.854905611656466,0.79943480387606,0.0646800650212502,NA,FALSE,FALSE,FALSE,"inconclusive",0.0733777422853295,0.40593778298013
"mu.chi.m[14]","local_continuous",TRUE,0.81531652101962,0.0376440626115875,0.738240117134405,0.8155243581489,0.878071177111914,1.43501711995272,8.1169314079083,27.1607102716694,0.0134196657348561,0.794970557502985,0.817557582768136,0.855704962521984,0.793032981285375,0.0626719812366093,NA,FALSE,FALSE,FALSE,"inconclusive",0.0796308461318163,0.266459112660101
"mu.chi.m[15]","local_continuous",TRUE,0.822545072248836,0.0378812988864353,0.752962320812529,0.819874868097571,0.897799563113834,1.74201462321307,6.36518467162705,30.2977798128493,0.015134954639315,0.826071776935794,0.816625570169813,0.85638892773046,0.791094014159277,0.0652949135711832,NA,FALSE,FALSE,FALSE,"inconclusive",0.0624454015581667,0.297235213797918
"mu.chi.m[16]","local_continuous",TRUE,0.817545126154007,0.0369603414998464,0.743651246839377,0.817665087761759,0.886110915061494,1.61955442950042,6.70613329358115,39.5787447932124,0.0144003262326622,0.789199581071104,0.825154118184439,0.858180556972833,0.797646248387656,0.0689809759017292,NA,FALSE,FALSE,FALSE,"inconclusive",0.065790265015708,0.38828576691532
"mu.chi.m[17]","local_continuous",TRUE,0.820482072252341,0.0340487227760756,0.752259012731159,0.820098218616239,0.876526209057183,1.43430702987019,8.22879203912273,58.9766550315583,0.0120851904363241,0.808171303989751,0.819061003990495,0.854723457207568,0.799972523821552,0.0547509333860166,NA,FALSE,FALSE,FALSE,"inconclusive",0.0807282505898318,0.578588225793257
"mu.chi.m[18]","local_continuous",TRUE,0.822087370834993,0.0333906180743256,0.74909793448191,0.824042078801265,0.875218599562333,1.36651556822325,9.32578501766522,77.8708061745727,0.0109028782667812,0.808541639077586,0.819709206892209,0.855457693721782,0.804640943648394,0.0508167500733887,NA,FALSE,FALSE,FALSE,"inconclusive",0.0914902583846606,0.763948575271482
"mu.chi.m[19]","local_continuous",TRUE,0.817007198969542,0.0357697739921284,0.749223592531415,0.815774102817023,0.879638179971978,1.48027890527249,7.59932841624249,38.2252123572834,0.0132571796588508,0.793239701092986,0.817205311553995,0.857088885017365,0.800494898213821,0.0638491839243791,NA,FALSE,FALSE,FALSE,"inconclusive",0.0745529217148932,0.375006988553971
"mu.chi.m[20]","local_continuous",TRUE,0.819060196121578,0.0355988765324788,0.745115035580592,0.818646984842171,0.878364102293302,1.38261404522364,9.78984631380179,40.3609568260234,0.0115814406031403,0.80078450307864,0.817163939503137,0.856161830835206,0.802130511069331,0.0553773277565659,NA,FALSE,FALSE,FALSE,"inconclusive",0.0960429140387885,0.395959628242587
"mu.chi.m[21]","local_continuous",TRUE,0.822758354976133,0.036792434519939,0.752615336154792,0.820123812004793,0.897498756797209,1.29940740700388,12.9651090824068,86.7846865305614,0.00991181756590508,0.820213805406171,0.815311210454468,0.854876387643153,0.800632016400739,0.0542443712424134,NA,FALSE,FALSE,FALSE,"inconclusive",0.127193708378202,0.851397858675994
"mu.chi.m[22]","local_continuous",TRUE,0.825434043339807,0.037548718803589,0.75260709748033,0.823768997030134,0.904660044731574,1.45661603080919,8.00811523845736,20.4598368294523,0.013400262511399,0.834019572613131,0.812310245902077,0.854834883172325,0.800571471671693,0.054263411500633,NA,FALSE,FALSE,FALSE,"inconclusive",0.0785633092498662,0.200720449215676
"mu.chi.m[23]","local_continuous",TRUE,0.815090592679321,0.0351407927896509,0.742202373030539,0.815122208454367,0.873442779927698,1.57942023967133,7.02026798290887,30.8704300876352,0.0134044771082344,0.787853252290609,0.818056292340251,0.854358527355181,0.80009429873124,0.0665052750645723,NA,FALSE,FALSE,FALSE,"inconclusive",0.0688720714094579,0.302853177487297
"mu.chi.m[24]","local_continuous",TRUE,0.816801809127418,0.0342936283702876,0.745191071565242,0.816785310765511,0.874507540778914,1.55283934609443,7.17220216225664,32.2469977452625,0.012792708885388,0.794061521650722,0.818079225711842,0.855905290059372,0.79916119908774,0.0618437684086494,NA,FALSE,FALSE,FALSE,"inconclusive",0.0703626158836935,0.316357942012935
"mu.chi.m[25]","local_continuous",TRUE,0.816456468279127,0.0346945314417872,0.74958999914635,0.816669422656353,0.874863464050504,1.46940664261981,8.12673932567789,53.535795290142,0.0124893823071896,0.801136113906547,0.816788037629411,0.85347720009637,0.794424521484179,0.0590526786121917,NA,FALSE,FALSE,FALSE,"inconclusive",0.0797270663351831,0.525210878724464
"mu.chi.m[26]","local_continuous",TRUE,0.818187708921851,0.0360166408997112,0.738418796873622,0.82072092254548,0.874893244234574,1.47881658510861,7.86603036705021,20.2476454728941,0.0129720744369355,0.793007936431487,0.822094494804184,0.855006955247372,0.802641449204368,0.0619990188158843,NA,FALSE,FALSE,FALSE,"inconclusive",0.0771693910356925,0.198638754001629
"mu.chi.m[27]","local_continuous",TRUE,0.819294895099301,0.0372566150231586,0.74617939164748,0.816763899568394,0.890574010060293,1.3222314428289,10.1811814542861,56.5948492183418,0.0118636531534595,0.804048861904811,0.819600163862388,0.855762432633371,0.797768121996637,0.0579943106367338,NA,FALSE,FALSE,FALSE,"inconclusive",0.0998820925154626,0.555221610665363
"mu.chi.m[28]","local_continuous",TRUE,0.816705247457965,0.0361763856572246,0.746215040742695,0.816939555736231,0.878480485350355,1.53296066945037,7.21662866350296,61.4716872949148,0.0136679805061074,0.788668800973956,0.822465359586901,0.855815591640381,0.799871237630621,0.067146790666425,NA,FALSE,FALSE,FALSE,"inconclusive",0.0707984603804787,0.603065644693666
"mu.chi.m[29]","local_continuous",TRUE,0.818560009126898,0.0354983263767089,0.749967866895565,0.817304785875944,0.885085494938708,1.36897942109121,9.28802315553599,56.987831127175,0.0119646992007463,0.802074706842003,0.818181770856186,0.854446836012806,0.799536722796596,0.0549101132162102,NA,FALSE,FALSE,FALSE,"inconclusive",0.0911197970758544,0.559076944700144
"mu.chi.m[30]","local_continuous",TRUE,0.822749701460225,0.0375826686381208,0.745109883533736,0.822047809189665,0.890251160415597,1.33273509262591,10.1565813538893,34.2114685664419,0.0117816062316285,0.815032443080363,0.819590198400967,0.856404855875468,0.7999713084841,0.0564335473913675,NA,FALSE,FALSE,FALSE,"inconclusive",0.0996407541683603,0.335630308111701
"mu.chi.m[31]","local_continuous",TRUE,0.81838884958061,0.0350962634054073,0.747198911717055,0.817836574981448,0.876296445429285,1.30713575382181,10.535006677339,34.409542124247,0.0110598952365338,0.799679028085317,0.817771390553148,0.851472078884373,0.8046329007996,0.0517930507990562,NA,FALSE,FALSE,FALSE,"inconclusive",0.103353281377183,0.337573501199299
"mu.chi.m[32]","local_continuous",TRUE,0.822287066765282,0.0352795438505075,0.754284908708784,0.819556733288922,0.885322730318355,1.54156762141892,7.72140186769891,43.7453310163297,0.0130758864472659,0.811825197740397,0.822244544149634,0.857966245397679,0.797112279773419,0.0608539656242597,NA,FALSE,FALSE,FALSE,"inconclusive",0.0757505186565447,0.42916190221255
"mu.chi.m[33]","local_continuous",TRUE,0.814756720615165,0.0354502227797642,0.743900681752749,0.815000449941506,0.874347407082316,1.57995922523544,6.96353563440786,40.092594300498,0.0134577210782496,0.78588305812598,0.81475123947163,0.855728472463583,0.802664112399468,0.0698454143376034,NA,FALSE,FALSE,FALSE,"inconclusive",0.0683155008673219,0.393326867916827
"mu.chi.m[34]","local_continuous",TRUE,0.826166123221539,0.0397959277731781,0.749986687732593,0.824099957391339,0.916044058330874,1.2723292300511,11.5526326996496,16.8096144713173,0.0114919985984216,0.831715432137689,0.821686975647436,0.854437019176838,0.796825065924192,0.0576119532526459,NA,FALSE,FALSE,FALSE,"inconclusive",0.113336662673641,0.16491008193028
"mu.chi.m[35]","local_continuous",TRUE,0.816081641806737,0.0379608421377479,0.737159939852595,0.816890500486403,0.881449516732569,1.66905469881462,6.44368150296881,25.8910225885887,0.0151728588095846,0.785225807541209,0.823406618578195,0.858099757317111,0.797594383790432,0.0728739497759017,NA,FALSE,FALSE,FALSE,"inconclusive",0.0632154917294746,0.254002890050118
"mu.chi.m[36]","local_continuous",TRUE,0.815214708824329,0.0362176680016301,0.745391727974626,0.813735789876914,0.877451637068421,1.57260818887182,7.11016343533247,50.339558765533,0.0139429293211912,0.788302522203975,0.821722049095865,0.854317749166502,0.796516514830972,0.0660152269625272,NA,FALSE,FALSE,FALSE,"inconclusive",0.0697539873183345,0.493854322151366
"mu.chi.m[37]","local_continuous",TRUE,0.819271759897875,0.0378418250594845,0.742538312545072,0.819300999804411,0.883795526913404,1.30440402329037,11.2242804078674,53.7740398831228,0.0115566678744422,0.803614788553983,0.821974771035797,0.85478653229472,0.796710947707001,0.0580755845877183,NA,FALSE,FALSE,FALSE,"inconclusive",0.110115375033036,0.527548168221194
"mu.chi.m[38]","local_continuous",TRUE,0.818907811134794,0.0358147372849479,0.745717954891668,0.818111953018624,0.880404567785797,1.49479952235697,7.5921815415121,51.9780470743402,0.0131794187751668,0.798225939117886,0.821216037330999,0.858157477274181,0.798031790816106,0.0601256864580754,NA,FALSE,FALSE,FALSE,"inconclusive",0.0744828075728142,0.509928649240084
"mu.chi.m[39]","local_continuous",TRUE,0.816977039163631,0.0358482771397921,0.745450356514555,0.817796168998602,0.878855841289855,1.64764386388245,6.58359197577951,37.6590256393865,0.014041862832247,0.795915522865132,0.819596467407331,0.856958690612802,0.795437475769259,0.0615212148435428,NA,FALSE,FALSE,FALSE,"inconclusive",0.0645880780891134,0.369452435343038
"mu.chi.m[40]","local_continuous",TRUE,0.81766510312823,0.0351747302369118,0.749042116397975,0.816950276587782,0.875759748653891,1.63662613275035,6.63686430563635,39.8479376055269,0.0139752903001595,0.790199438348099,0.826018834382708,0.858194670349454,0.796247469432656,0.0679952320013553,NA,FALSE,FALSE,FALSE,"inconclusive",0.0651107042502487,0.390926672737971
"mu.chi.m[41]","local_continuous",TRUE,0.819721507645853,0.035357190778998,0.746618408522334,0.819255267051154,0.889298332182957,1.31727570768982,10.0261499068931,67.0360581273792,0.0111942116211372,0.801667262012828,0.823044418250171,0.852640728813726,0.801533621506689,0.051107107307037,NA,FALSE,FALSE,FALSE,"inconclusive",0.0983611614301017,0.657654692612519
"mu.chi.m[42]","local_continuous",TRUE,0.821842614632274,0.0351608250023223,0.751377383490835,0.820895873073236,0.882922055126239,1.31948793091069,12.2104743657172,93.1700897283053,0.0105188529703445,0.806090766257289,0.820110707539421,0.857225742847339,0.803943241885048,0.053282500962291,NA,FALSE,FALSE,FALSE,"inconclusive",0.119790393259401,0.91404161331383
"mu.chi.m[43]","local_continuous",TRUE,0.817271842898302,0.0349997642522636,0.745527026372584,0.817372238499067,0.875290483689018,1.54440735888518,7.16118549388307,31.4982647875543,0.0131794088251186,0.795114879969975,0.820101630558327,0.855617911795653,0.798252949269258,0.0605030318256784,NA,FALSE,FALSE,FALSE,"inconclusive",0.070254537278608,0.309012525875626
"mu.chi.m[44]","local_continuous",TRUE,0.815943255827846,0.0338440119411732,0.746041262261956,0.815074210570197,0.872055681368557,1.59347627989696,6.86643224397003,57.8983611147642,0.0131892098485939,0.791355169040586,0.820675174066659,0.855261074638701,0.796481605565437,0.0639059055981153,NA,FALSE,FALSE,FALSE,"inconclusive",0.0673628717573483,0.568009664430839
"mu.chi.m[45]","local_continuous",TRUE,0.813973988933993,0.037181034419225,0.741331704735418,0.814178305709922,0.876568020329799,1.62893424194642,6.74871908842481,52.2319568607774,0.0147095665912705,0.78349848521148,0.821155521421747,0.856608622345915,0.794633326756838,0.0731101371344347,NA,FALSE,FALSE,FALSE,"inconclusive",0.0662080513325041,0.512419621520008
"mu.chi.m[46]","local_continuous",TRUE,0.822649377006409,0.0343888754317381,0.757722876272494,0.820514804550444,0.892151051347982,1.37191756830949,10.109142576834,45.2418000253307,0.0110570188944144,0.822484464259525,0.816131775927908,0.85388794441635,0.798093323421854,0.0557946209944954,NA,FALSE,FALSE,FALSE,"inconclusive",0.0991753578545891,0.443842954374786
"mu.chi.m[47]","local_continuous",TRUE,0.825601125366467,0.0434268637359442,0.753375544496378,0.821161640668621,0.94964145386799,1.44572323576409,8.4618374597781,15.6905274483371,0.0143753883224158,0.836860641292848,0.816723145975635,0.854368267515674,0.794452446681708,0.0599158208339666,NA,FALSE,FALSE,FALSE,"inconclusive",0.0830145338046746,0.153931321354797
"mu.chi.m[48]","local_continuous",TRUE,0.819110739615295,0.0341070388798335,0.753650952129162,0.817772843035952,0.878862082140204,1.50051225830019,7.67015899369425,68.4327473497985,0.0125798149278946,0.798809132463905,0.82274936638172,0.856459273423462,0.798425186192092,0.0580340872313695,NA,FALSE,FALSE,FALSE,"inconclusive",0.0752478023946773,0.671356858982444
"mu.chi.m[49]","local_continuous",TRUE,0.817567792881165,0.0358273086238736,0.747947978977221,0.817158292733432,0.877791582531826,1.43618964408852,8.51858644797736,120.508015012173,0.0125867618672142,0.798376090810029,0.820172600507946,0.855759441175109,0.795963039031575,0.0597964021435339,NA,FALSE,FALSE,FALSE,"inconclusive",0.083571267589936,1.18223928709505
"mu.chi.m[50]","local_continuous",TRUE,0.814806852373732,0.0361874043321684,0.741397398320037,0.815798464930557,0.873483401150854,1.55380598204288,7.14451477034125,30.2447857161411,0.0134951783737278,0.790378319153221,0.814228667275112,0.855556485899215,0.799063937167379,0.0651781667459939,NA,FALSE,FALSE,FALSE,"inconclusive",0.0700909897808465,0.29671531723248
"mu.chi.m[51]","local_continuous",TRUE,0.82268962920022,0.0346203475874832,0.756526615641766,0.821406529332949,0.891115564134565,1.28687730919689,13.0606480122022,49.7612790960257,0.00969075369290989,0.818309856041135,0.81569154678922,0.85345407375124,0.803303040219282,0.0501510335319578,NA,FALSE,FALSE,FALSE,"inconclusive",0.128130989406685,0.488181131499683
"mu.chi.m[52]","local_continuous",TRUE,0.814660438762718,0.0375155284691864,0.736846712315473,0.816330929887258,0.873344584251813,1.55448554933176,7.05548373992758,33.4138265670355,0.0141754803030178,0.785296022147899,0.817899426518378,0.855618643217352,0.79982766316724,0.0703226210694524,NA,FALSE,FALSE,FALSE,"inconclusive",0.0692175542511437,0.327805071685393
"mu.chi.m[53]","local_continuous",TRUE,0.81484148986282,0.0365723341314303,0.742359579227431,0.813452573087583,0.881873109398165,1.43597225706415,8.68030274566313,66.153437566334,0.0126642437650247,0.791606842291572,0.815314242987971,0.855045687699298,0.797399186472439,0.0634388454077259,NA,FALSE,FALSE,FALSE,"inconclusive",0.0851577791631983,0.648995777246929
"mu.chi.m[54]","local_continuous",TRUE,0.82260232793222,0.0417662634211686,0.750286112126802,0.818571106522756,0.917596754670956,1.33753954141587,9.83850278121915,12.8293133388922,0.013467732298839,0.819199338087816,0.820160368000052,0.857243499110744,0.79380610653027,0.0634373925804745,NA,FALSE,FALSE,FALSE,"inconclusive",0.0965202564574339,0.125861489413454
"mu.chi.m[55]","local_continuous",TRUE,0.819335083309342,0.036506071064497,0.745261309497963,0.820188138036584,0.878355797806496,1.38234959784179,9.92941772989903,94.5558255657252,0.011773858656867,0.800075648529194,0.817259821424392,0.856566522936803,0.803438340346974,0.0564908744076094,NA,FALSE,FALSE,FALSE,"inconclusive",0.0974121740954658,0.9276363219178
"mu.chi.m[56]","local_continuous",TRUE,0.814936977838919,0.0339263790375377,0.747084535594006,0.814615918392554,0.870818108867513,1.59051943329824,6.94600406134549,33.2408631619706,0.0129576461322555,0.789791517426611,0.81809614071771,0.853848126295184,0.798012126916174,0.0640566088685728,NA,FALSE,FALSE,FALSE,"inconclusive",0.0681435080381576,0.326108220793967
"mu.chi.m[57]","local_continuous",TRUE,0.824026484271371,0.0401788060299489,0.749229787757603,0.821458633180685,0.914972817706769,1.51416384579471,7.66728843434381,36.9132505692142,0.0142395777142968,0.820541615232729,0.822052818929207,0.857701004630162,0.795810498293388,0.0618905063367745,NA,FALSE,FALSE,FALSE,"inconclusive",0.0752196408816055,0.362136037448634
"mu.chi.m[58]","local_continuous",TRUE,0.824665564504887,0.0376543183758923,0.745173469909811,0.826526588351257,0.889110987592891,1.21512904179373,15.9017760140965,44.1828772012611,0.010169798038283,0.817928428833893,0.824348961020827,0.85545248924915,0.800932378915678,0.0545201103334713,NA,FALSE,FALSE,FALSE,"inconclusive",0.156003767355654,0.433454432379048
"mu.chi.m[59]","local_continuous",TRUE,0.81638393796022,0.0345682022888059,0.745554954299342,0.81502726684906,0.874773906957949,1.41334954198355,8.64375357877385,64.7651663511726,0.0120389177253129,0.799883222989103,0.817971433034321,0.852692952632979,0.794988143184476,0.0577048094485036,NA,FALSE,FALSE,FALSE,"inconclusive",0.0847992149548116,0.635376195416284
"mu.chi.m[60]","local_continuous",TRUE,0.824614873592151,0.0392326986279309,0.756115045645624,0.820939987247383,0.908840427317974,1.480181041532,7.67182665116572,22.8379397764686,0.0141949806808352,0.822515881575063,0.823004441587684,0.856700266532538,0.79623890467332,0.0604613618592179,NA,FALSE,FALSE,FALSE,"inconclusive",0.0752641628847243,0.224050737515879
"mu.chi.m[61]","local_continuous",TRUE,0.820119173022448,0.0388847087050126,0.742734452299993,0.819325626191789,0.890590381797012,1.27582589673444,13.6014266333333,96.2570156179155,0.00985269567365382,0.807144098022514,0.821100430443711,0.853350426970022,0.79888173665355,0.0544686903164721,NA,FALSE,FALSE,FALSE,"inconclusive",0.133436277452942,0.944325782069571
"mu.chi.m[62]","local_continuous",TRUE,0.8211160857406,0.035304138460146,0.748022055277309,0.820138551455078,0.879873326856341,1.37745025277697,9.25041931751519,78.7611248469463,0.0119026295436004,0.803878861509458,0.821213736547641,0.858395924944806,0.800975819960495,0.0574201049843112,NA,FALSE,FALSE,FALSE,"inconclusive",0.0907508860565396,0.77268301266478
"mu.chi.m[63]","local_continuous",TRUE,0.814541112665348,0.0380646885259431,0.737232050040529,0.81432646825676,0.87557904625476,1.41524883579229,8.92985942996654,45.0314352049597,0.0131855606624448,0.789515804244247,0.814515822390743,0.855801756627314,0.798331067399088,0.0662859523830671,NA,FALSE,FALSE,FALSE,"inconclusive",0.087606045500594,0.44177917832437
"mu.chi.m[64]","local_continuous",TRUE,0.818016013276727,0.0355563883850532,0.747729480636256,0.817930240587568,0.878502074437621,1.46396779912629,7.94100288203354,56.6561426110359,0.0127126439484965,0.795041423442533,0.820907882246592,0.856100465097769,0.800014282320014,0.0610590416552357,NA,FALSE,FALSE,FALSE,"inconclusive",0.0779049060357252,0.555822927157673
"mu.chi.m[65]","local_continuous",TRUE,0.818159421157446,0.0366849227787287,0.744089684456381,0.816973882747694,0.885054284955294,1.40150671147996,8.92958825967017,51.2818827295942,0.0124890564748613,0.795973820964648,0.819788693019625,0.855675777654295,0.801199392991213,0.0597019566896474,NA,FALSE,FALSE,FALSE,"inconclusive",0.0876033851947394,0.503098955476143
"mu.chi.m[66]","local_continuous",TRUE,0.81652941567632,0.0351600061854811,0.742246104246539,0.816633665245385,0.875891257563215,1.53128406411398,7.4181751327874,34.1915692506928,0.0129617707693829,0.798395563993314,0.818227348411577,0.853810128473994,0.7956846218264,0.0581255066475943,NA,FALSE,FALSE,FALSE,"inconclusive",0.072775724333746,0.335435086633175
"mu.chi.m[67]","local_continuous",TRUE,0.827460553843766,0.0407923345081294,0.751995540250148,0.826555624123268,0.922789762091892,1.40691693764316,8.90259414239132,14.9552231540926,0.0136007101422626,0.837653012900372,0.816262860762465,0.855252417757136,0.800673923955088,0.0545784938020482,NA,FALSE,FALSE,FALSE,"inconclusive",0.0873385604362842,0.146717646608451
"mu.chi.m[68]","local_continuous",TRUE,0.819065998678091,0.0364496827905452,0.744044114670133,0.818740653859804,0.880838272432971,1.45504049648795,8.32874941040959,58.6027703577747,0.0128542682206473,0.798857991845944,0.821420905968018,0.858420134321636,0.797564962576769,0.0608551717448664,NA,FALSE,FALSE,FALSE,"inconclusive",0.0817088785701211,0.574920244454879
"mu.chi.m[69]","local_continuous",TRUE,0.823097583469597,0.0352856316091756,0.753987638216019,0.821457735985419,0.889615540744198,1.29670815164905,12.6129255623078,68.1676594669196,0.00993717419397061,0.819344848426065,0.81643813563605,0.854314285970452,0.802293063845821,0.0520212221246309,NA,FALSE,FALSE,FALSE,"inconclusive",0.123738625380723,0.668756224413526
"mu.chi.m[70]","local_continuous",TRUE,0.81965485736892,0.0377484448085488,0.740495118534311,0.819482958803744,0.889306563841706,1.33456954967596,11.3860052215612,61.0500889185575,0.0113914580253173,0.803778854990167,0.819947745222284,0.855444441371379,0.799448387891852,0.0559960534795262,NA,FALSE,FALSE,FALSE,"inconclusive",0.11170197015227,0.5989295698952
"mu.chi.m[71]","local_continuous",TRUE,0.816048352825458,0.0340562435758156,0.745489684189295,0.816092210882639,0.871765806412171,1.56077768757895,7.0753659615228,37.6021531669652,0.0128342776946839,0.792338633598487,0.821000920254278,0.854375058838175,0.796478798610891,0.0620364252396881,NA,FALSE,FALSE,FALSE,"inconclusive",0.0694126080281247,0.368894490120524
"mu.chi.m[72]","local_continuous",TRUE,0.8209888253903,0.0352265590698532,0.751125998507318,0.820570754661749,0.885527043084934,1.36897359536794,9.35376206390677,63.7870712999808,0.0117362585794305,0.801639782398842,0.826508732878808,0.853965153393338,0.801841632890209,0.0523253709944956,NA,FALSE,FALSE,FALSE,"inconclusive",0.0917647261302316,0.625780631204929
"mu.chi.m[73]","local_continuous",TRUE,0.81671567731083,0.0358666239805876,0.739995263501339,0.816640897175393,0.875050416847755,1.41451656696603,8.94918798839248,38.0635994227976,0.0119836332266332,0.794880992394573,0.818358645351084,0.853893043490169,0.799730028007491,0.0590120510955958,NA,FALSE,FALSE,FALSE,"inconclusive",0.0877956675861602,0.373421491021441
"mu.chi.m[74]","local_continuous",TRUE,0.824772382712125,0.0373556599085853,0.754186452489066,0.82241662499549,0.902115801912093,1.31391101580449,10.6968709407396,32.2983138606355,0.0112882922562698,0.818090646686396,0.823606019170019,0.85685548689257,0.800537378099511,0.0563181087930592,NA,FALSE,FALSE,FALSE,"inconclusive",0.10494124456245,0.316861376806454
"mu.chi.m[75]","local_continuous",TRUE,0.820235520936452,0.0358778865737098,0.748688234402916,0.820143434753972,0.883925032625116,1.40597007202352,8.81766215244375,53.8686124779896,0.012286824459307,0.799151059385803,0.823049259602945,0.858089745587063,0.80065201917,0.0589386862012601,NA,FALSE,FALSE,FALSE,"inconclusive",0.0865053383868044,0.528475969057701
"mu.chi.m[76]","local_continuous",TRUE,0.822169850509916,0.0356829457182914,0.753330864526973,0.820669413358807,0.888412798387948,1.35660189855672,9.51751313352884,74.8161043250142,0.0119231750488301,0.813192667640755,0.820421722996237,0.854999224581962,0.800065786820711,0.0549334377612514,NA,FALSE,FALSE,FALSE,"inconclusive",0.0933711997560025,0.733980539232177
"mu.chi.m[77]","local_continuous",TRUE,0.816374578595471,0.0384782633371582,0.736213894299457,0.814831899578008,0.886896010631524,1.3577274881969,9.46022812077984,31.455699889421,0.012697065693798,0.794716778054969,0.815584905889027,0.855617085396205,0.799579545041688,0.0609003073412363,NA,FALSE,FALSE,FALSE,"inconclusive",0.092809207322331,0.30859494456521
"mu.chi.m[78]","local_continuous",TRUE,0.819648960947194,0.0347250061298584,0.751551916006991,0.819037788006635,0.877744397204626,1.39822739426507,8.67164485844971,41.1715467889746,0.0120081258800803,0.800902656675431,0.817965631495307,0.857593803345925,0.802133752272115,0.0566911466704944,NA,FALSE,FALSE,FALSE,"inconclusive",0.0850728412907596,0.40391189017163
"mu.chi.m[79]","local_continuous",TRUE,0.817173646854465,0.037515899461887,0.741122266171769,0.817153922400453,0.879368480778356,1.44480868786747,8.15253256852259,46.568074560578,0.0133859106179957,0.794210460669577,0.820545173934435,0.857361122053485,0.79657783076036,0.0631506613839079,NA,FALSE,FALSE,FALSE,"inconclusive",0.0799801099607836,0.456854320140662
"mu.chi.m[80]","local_continuous",TRUE,0.815851482657548,0.0352178442941816,0.746073177267334,0.815633602699052,0.875644894532858,1.49670037909297,7.66786490266405,48.7669885686982,0.0128988598561089,0.793913966395176,0.816099913786825,0.855348719566262,0.79804333088193,0.0614347531710863,NA,FALSE,FALSE,FALSE,"inconclusive",0.0752252963020842,0.478426682187127
"mu.chi.m[81]","local_continuous",TRUE,0.819717113866338,0.0368187775065005,0.749394341661743,0.81793298857949,0.896531053729437,1.39305908887632,8.69749310161098,55.8826204567775,0.0125643817417257,0.794829471661487,0.823569056180116,0.856144773012749,0.804325154610998,0.0613153013512618,NA,FALSE,FALSE,FALSE,"inconclusive",0.085326424494869,0.548234317552658
"mu.chi.m[82]","local_continuous",TRUE,0.8157783577601,0.0358314322384226,0.738596306121794,0.81697171089205,0.875250495584663,1.67031365786391,6.48753737068839,38.3905224070234,0.0141365893905043,0.790235822129205,0.817368164384306,0.85521081783226,0.80029862669463,0.0649749957030553,NA,FALSE,FALSE,FALSE,"inconclusive",0.0636457380478004,0.376628756494755
"mu.chi.m[83]","local_continuous",TRUE,0.813643791405112,0.0376280403896143,0.737870621844764,0.814411537077466,0.876406734586343,1.76356500577633,6.27308164463146,32.3064989484888,0.0152441803744098,0.781450316576629,0.82313357934101,0.855924810654072,0.794066459048734,0.0744744940774433,NA,FALSE,FALSE,FALSE,"inconclusive",0.0615418283231121,0.316941676298795
"mu.chi.m[84]","local_continuous",TRUE,0.819512174288489,0.0372723494706001,0.744162061538936,0.820231317825624,0.883201584014893,1.33323362444258,9.96809359867533,50.0208635412672,0.0121111787241093,0.803586845629505,0.819898238187059,0.854209889109881,0.800353724227508,0.0538561648823735,NA,FALSE,FALSE,FALSE,"inconclusive",0.0977916022316381,0.490727774803469
"mu.chi.m[85]","local_continuous",TRUE,0.82201958394871,0.0391319802571026,0.748487846579405,0.819140942725325,0.898364454605493,1.32109711058773,10.5320949916072,26.960532604328,0.0122041763813215,0.818190567688474,0.812293693181233,0.857469888428046,0.800124186497086,0.0573457019309593,NA,FALSE,FALSE,FALSE,"inconclusive",0.103324716395315,0.264495277286113
"mu.chi.m[86]","local_continuous",TRUE,0.815116511276294,0.0386795687441523,0.729065100332336,0.816356478487632,0.876923768182937,1.72221819597387,6.28782138146315,16.8567326648419,0.0157209140334741,0.780935211231143,0.82079690766398,0.856793300970019,0.801940625240034,0.075858089738876,NA,FALSE,FALSE,FALSE,"inconclusive",0.0616864319493697,0.165372333171545
"mu.chi.m[87]","local_continuous",TRUE,0.816270153196092,0.0365281216656954,0.746645010150096,0.815240647267398,0.881731351489523,1.58476454802415,6.87542307540285,82.1439067372091,0.0142149366810715,0.788270533739782,0.821035736196906,0.856818765728094,0.798955577119588,0.0685482319883121,NA,FALSE,FALSE,FALSE,"inconclusive",0.0674510759663584,0.80586966543587
"mu.chi.m[88]","local_continuous",TRUE,0.819718045265539,0.034065603564924,0.75221891807408,0.818680092171039,0.877325097343317,1.39870904868582,8.80407631121782,56.8353583201912,0.011847235709304,0.806635115580191,0.821008550789044,0.85445396134333,0.796774553349593,0.0576794079937372,NA,FALSE,FALSE,FALSE,"inconclusive",0.0863720550093966,0.557581116040019
"mu.chi.m[89]","local_continuous",TRUE,0.815028319617141,0.0358695665854693,0.743301323625189,0.813959911359542,0.874222814475831,1.6279660466571,6.78125581180233,33.5814060368312,0.0140593257600804,0.782996161822333,0.820211732887217,0.855522606140074,0.801382777618943,0.0725264443177409,NA,FALSE,FALSE,FALSE,"inconclusive",0.066527251616787,0.329449103685116
"mu.chi.m[90]","local_continuous",TRUE,0.817152501478101,0.0366900333018872,0.746685177426651,0.816145882499356,0.876906201771399,1.38941614359341,8.96351099902857,76.5116995084554,0.011994158013701,0.801539107614508,0.81515715608742,0.853800633486491,0.798113108723989,0.0556875247625022,NA,FALSE,FALSE,FALSE,"inconclusive",0.0879361829359629,0.75061511113738
"mu.chi.m[91]","local_continuous",TRUE,0.8186772141498,0.0349741968994114,0.750939644229924,0.817201814553779,0.881916562420616,1.52188218667922,7.41035458804716,41.7711150024907,0.0132038131801343,0.79397408824159,0.821302886606069,0.858869040913901,0.800562840837641,0.064894952672311,NA,FALSE,FALSE,FALSE,"inconclusive",0.0726990011777181,0.409793931272718
"mu.chi.m[92]","local_continuous",TRUE,0.821353487847559,0.0360117124303529,0.754784653317681,0.818739951274485,0.891327005991752,1.36871256225376,9.14465678587302,52.4729772861391,0.0118996703784681,0.812297478147118,0.818263978367773,0.85541148172915,0.799441013146194,0.0559704685829568,NA,FALSE,FALSE,FALSE,"inconclusive",0.0897133067718971,0.514784143214487
"mu.chi.m[93]","local_continuous",TRUE,0.823472237688738,0.0363242707237429,0.753338472378908,0.820771655016608,0.894534410237965,1.33231390147972,10.8513836180038,76.8198070259734,0.0111554763376325,0.81738324243777,0.820019144247375,0.856792664552554,0.799693899517256,0.0570987650352978,NA,FALSE,FALSE,FALSE,"inconclusive",0.106457085292193,0.753637788191867
"mu.chi.m[94]","local_continuous",TRUE,0.816213919656128,0.037294272191564,0.739288798306777,0.815463070726323,0.880215510989908,1.52679294254899,7.57793081822137,54.598240245283,0.0138445838943864,0.789785108139885,0.821022065255095,0.857324440140367,0.796724065089166,0.0675393320004821,NA,FALSE,FALSE,FALSE,"inconclusive",0.0743430013952573,0.535633954452802
"mu.chi.m[95]","local_continuous",TRUE,0.81446932511931,0.0372198476819467,0.741164952518044,0.815431751627977,0.875753102518583,1.67676855304787,6.36871330159776,34.061337040616,0.0149104728288886,0.782533908535389,0.81999877503462,0.856762548740228,0.798582068167006,0.0742286402048389,NA,FALSE,FALSE,FALSE,"inconclusive",0.0624800190479708,0.334157448501118
"mu.chi.m[96]","local_continuous",TRUE,0.817941182511274,0.0353953738988293,0.745682084867471,0.81801094747239,0.878086774320628,1.41924905130846,8.97291822505507,120.562824471391,0.0120027945048876,0.800139099152922,0.815570954573014,0.854904646477122,0.801150029842036,0.0547655473242,NA,FALSE,FALSE,FALSE,"inconclusive",0.08802847216826,1.18277699320519
"mu.chi.m[97]","local_continuous",TRUE,0.816856362008744,0.0367418310296799,0.742487003883059,0.815542786954136,0.88041301809552,1.36963963519749,9.91572093982575,34.0112939306604,0.0120978548034257,0.792768576592459,0.821956715334871,0.853951446439904,0.798748709667741,0.0611828698474447,NA,FALSE,FALSE,FALSE,"inconclusive",0.0972778022586209,0.333666502478716
"mu.chi.m[98]","local_continuous",TRUE,0.814124357999897,0.0363440635849509,0.740531301802179,0.815919061544369,0.872896657328708,1.64465000418884,6.57098538403713,35.5968194833801,0.0141711764776477,0.787465072969639,0.820332217879602,0.853652765891167,0.79504737525918,0.0661876929215273,NA,FALSE,FALSE,FALSE,"inconclusive",0.0644644016014316,0.34922124046796
"mu.chi.m[99]","local_continuous",TRUE,0.822233844635753,0.0398383313879554,0.742754998904737,0.820102904920121,0.90173343169986,1.28430802624824,11.9841604603501,35.7917243852488,0.0111896471673379,0.803791869574447,0.827366176750354,0.856494813967829,0.801282518250385,0.0552122957174436,NA,FALSE,FALSE,FALSE,"inconclusive",0.117570149318665,0.351133347577295
"mu.chi.m[100]","local_continuous",TRUE,0.818881566201616,0.033893337648464,0.749932015618125,0.818636122597745,0.87512766618629,1.42602435649854,8.5829093979085,57.5466211414574,0.0119217444357656,0.79830618207789,0.821598801504925,0.854621399593599,0.80099988163005,0.0563152175157092,NA,FALSE,FALSE,FALSE,"inconclusive",0.0842023054380224,0.564558932832255
"mu.chi.m[101]","local_continuous",TRUE,0.814975952972211,0.0373866789330448,0.735252033035624,0.815505307588077,0.87610946124459,1.63074799847893,6.8109575581928,22.9992878445605,0.014632319602596,0.780414703752669,0.821941022558725,0.855837628572404,0.801710457005046,0.0754229248197348,NA,FALSE,FALSE,FALSE,"inconclusive",0.0668186394674175,0.225633636586749
"mu.chi.m[102]","local_continuous",TRUE,0.818536524751876,0.0378015312154492,0.742033225378586,0.817984794216586,0.888432597362678,1.34657098035901,10.1617304500343,48.7717023418334,0.0120284072518124,0.802258889577288,0.81529512392635,0.856006475520223,0.800585609983645,0.0554208655365785,NA,FALSE,FALSE,FALSE,"inconclusive",0.0996912691797899,0.478472926478764
"mu.chi.m[103]","local_continuous",TRUE,0.821118787212223,0.0347318132029261,0.748074589367895,0.822440144260875,0.877332922893578,1.35013733656969,9.71384992942403,66.3142422197448,0.0111309243924443,0.804350422981089,0.8205593536033,0.855998384620182,0.80356698764432,0.0524313969758613,NA,FALSE,FALSE,FALSE,"inconclusive",0.0952973544070952,0.650573345168787
"mu.chi.m[104]","local_continuous",TRUE,0.815535457527374,0.0375287460287217,0.741577747237186,0.81579262903791,0.878614575065266,1.5072905332796,8.11233414927013,64.3738719647267,0.013538711897158,0.793635013231295,0.817229584105548,0.856761976888212,0.794515255884441,0.0631269636569174,NA,FALSE,FALSE,FALSE,"inconclusive",0.0795857449012099,0.631537416755549
"mu.chi.m[105]","local_continuous",TRUE,0.824065736961592,0.0344275916204293,0.752985010893062,0.821482577507055,0.889421740631783,1.36237455532203,9.2042143571556,25.5002233061242,0.0115500455504532,0.817811730240666,0.821013053316614,0.855117092892817,0.802321071396274,0.0527960214965422,NA,FALSE,FALSE,FALSE,"inconclusive",0.0902975940544246,0.250168968588119
"mu.chi.m[106]","local_continuous",TRUE,0.814039430410948,0.0351611765523629,0.736670071047866,0.814882518481302,0.870504141603529,1.60835823187782,6.81295876259129,31.016891735347,0.0133912637244159,0.783425158474194,0.816413713339459,0.853574027853129,0.802744821977009,0.0701488693789342,NA,FALSE,FALSE,FALSE,"inconclusive",0.0668382722068761,0.30429003389855
"mu.chi.m[107]","local_continuous",TRUE,0.821090863239396,0.0379310635479713,0.74983431764047,0.819268416551043,0.890474710638728,1.33305205958974,9.91657865740409,56.7170142285217,0.0118439166151967,0.812735395007207,0.821490361965989,0.854869127710298,0.795268568274092,0.0596005594362055,NA,FALSE,FALSE,FALSE,"inconclusive",0.0972862168642241,0.556420105840381
"mu.chi.m[108]","local_continuous",TRUE,0.816549982249373,0.0358456396199001,0.740595241570903,0.81672820102527,0.874286700711818,1.49236961661443,7.73499102612781,50.6727185790168,0.0130087329098173,0.793079593233724,0.819656450413319,0.855234227641664,0.798229657708789,0.0621546344079396,NA,FALSE,FALSE,FALSE,"inconclusive",0.0758838345772457,0.497122773800345
"mu.chi.m[109]","local_continuous",TRUE,0.822238899784843,0.0353366701944593,0.75385498856205,0.821412715367074,0.889652238166762,1.32249948594473,10.370941209687,122.412422939281,0.0110042626054073,0.813416158968209,0.820600992941828,0.854699432954668,0.800239014274665,0.0544604186800026,NA,FALSE,FALSE,FALSE,"inconclusive",0.101743723361526,1.20092240846134
"mu.chi.m[110]","local_continuous",TRUE,0.823184279778827,0.035461214935566,0.752367414756008,0.822737237230667,0.88663083657678,1.27388566893205,11.5934420929809,39.8585458734031,0.0107833882180566,0.81491007808558,0.822464191106729,0.855157527437145,0.800205322485856,0.0549522049512888,NA,FALSE,FALSE,FALSE,"inconclusive",0.113737021671123,0.391030744745547
"mu.chi.m[111]","local_continuous",TRUE,0.814087130613195,0.0370473550445733,0.741213491923572,0.813274043756336,0.878023645771866,1.58936065989541,7.05421360205629,38.9680358062701,0.0142136978099149,0.785382729490369,0.816547656605115,0.857635241839373,0.796782894517925,0.0722525123490045,NA,FALSE,FALSE,FALSE,"inconclusive",0.0692050936119795,0.382294429681259
"mu.chi.m[112]","local_continuous",TRUE,0.818531012993971,0.0350651804932271,0.745056162357396,0.818669940791756,0.87629254792498,1.52599993025516,7.33612313667463,55.3099097347242,0.013037239881128,0.793800811873753,0.821812197287452,0.856908719359143,0.801602323455538,0.06310790748539,NA,FALSE,FALSE,FALSE,"inconclusive",0.0719707563539873,0.542615760847665
"mu.chi.m[113]","local_continuous",TRUE,0.814056662254008,0.0371042126344086,0.739578661750851,0.813223960312989,0.874737842061787,1.46608837610972,8.13941906166145,35.9103213397194,0.0134298997921455,0.790930112994137,0.814643776026341,0.855199620417436,0.79545313957812,0.0642695074232987,NA,FALSE,FALSE,FALSE,"inconclusive",0.0798514604016545,0.352296838477803
"mu.chi.m[114]","local_continuous",TRUE,0.818347408948259,0.0358018377872104,0.743441924202286,0.818734470046616,0.876832856206252,1.49224780426004,7.72407898568891,50.9953360205945,0.0130891436814136,0.79545351847332,0.818898170592342,0.857516251379839,0.801521695347533,0.0620627329065189,NA,FALSE,FALSE,FALSE,"inconclusive",0.0757767824205245,0.500287799911652
"mu.chi.m[115]","local_continuous",TRUE,0.81703378999799,0.0334313158383355,0.747160729179253,0.816571598124427,0.872460533534921,1.52809571698205,8.04593149604649,35.7082784239833,0.0117042104611386,0.8026136797264,0.813435648302204,0.855322993937751,0.796762838025602,0.0585601559121494,NA,FALSE,FALSE,FALSE,"inconclusive",0.078934304203258,0.350314704155548
"mu.chi.m[116]","local_continuous",TRUE,0.820439141739314,0.0383528690397742,0.748358519402633,0.817609786549528,0.903952494839018,1.30750812302516,10.8067977732934,14.5088146406748,0.0117553801042251,0.812395798815195,0.813649963877486,0.855668778164652,0.800042026099926,0.0556267520647262,NA,FALSE,FALSE,FALSE,"inconclusive",0.106019677562428,0.1423381729062
"mu.chi.m[117]","local_continuous",TRUE,0.819393240980404,0.0360702766522643,0.74872303088674,0.81803116039888,0.882751040056503,1.35334319058023,10.5624873544903,68.9598442376147,0.0111043786801927,0.800565161223741,0.818925339464169,0.855441179903013,0.802641283330692,0.0548760186792718,NA,FALSE,FALSE,FALSE,"inconclusive",0.103622879512718,0.676527922905611
"mu.chi.m[118]","local_continuous",TRUE,0.81665965459625,0.0367669909976934,0.745264231068303,0.816162352958553,0.878925211705279,1.42626313497668,8.39957327688209,71.8446983873893,0.0130924538037242,0.797424503607378,0.818647568673547,0.854575010488977,0.795991535615096,0.058583474873881,NA,FALSE,FALSE,FALSE,"inconclusive",0.0824036934120991,0.704829674561368
"mu.chi.m[119]","local_continuous",TRUE,0.820624002986165,0.0336310541981323,0.750318325104319,0.820258653206223,0.878402734216353,1.39161850789364,8.79916445375624,80.6638318925415,0.0114357361224208,0.801087667974035,0.824642565839107,0.854366371889679,0.802399406241836,0.0532787039156436,NA,FALSE,FALSE,FALSE,"inconclusive",0.0863238674190268,0.791349447597825
"mu.chi.m[120]","local_continuous",TRUE,0.816025337475698,0.0355838972019828,0.746846493877898,0.814684853663357,0.877246476637432,1.6444316014606,6.58058679355227,40.7870151986302,0.0141169931528351,0.788176460090297,0.817717591018657,0.858200078101293,0.800007220692546,0.0700236180109963,NA,FALSE,FALSE,FALSE,"inconclusive",0.064558595863441,0.400139457664229
"mu.chi.m[121]","local_continuous",TRUE,0.815218091923815,0.03734296486881,0.736228894651547,0.814519948678845,0.87886486390646,1.38220861492947,9.41638043748847,21.8219006705882,0.0123512772097618,0.792175532519673,0.817014412571336,0.854554076012297,0.797128346591953,0.0623785434926236,NA,FALSE,FALSE,FALSE,"inconclusive",0.0923790412970261,0.214082924602561
"mu.chi.m[122]","local_continuous",TRUE,0.815074555662657,0.0358042415191691,0.739543330740287,0.815313957451826,0.873950178608665,1.56093701033371,7.05600167862581,45.2862545263009,0.0137036872564786,0.7871552793133,0.819649923178425,0.855467685389829,0.798025334769072,0.0683124060765299,NA,FALSE,FALSE,FALSE,"inconclusive",0.069222635468997,0.444279073561795
"mu.chi.m[123]","local_continuous",TRUE,0.816195958823286,0.0377674370086148,0.733304200868469,0.818954053278772,0.874074426163547,1.41011600589887,9.33751363046207,25.6533274134105,0.01272347693349,0.795468969990491,0.820599673621007,0.85322413238739,0.795491059294257,0.0577551623968992,NA,FALSE,FALSE,FALSE,"inconclusive",0.0916053214933689,0.251670990595794
"mu.chi.m[124]","local_continuous",TRUE,0.817018582125187,0.0360550553179136,0.738778471598902,0.816099054245278,0.877058112298926,1.48766584541718,7.74022740746144,26.6623315470737,0.0131281727396379,0.790656918043489,0.819089730617889,0.856246582656485,0.802081097182885,0.0655896646129966,NA,FALSE,FALSE,FALSE,"inconclusive",0.0759352058966904,0.261569787182374
"mu.chi.m[125]","local_continuous",TRUE,0.822284301880464,0.0358335157166687,0.755728803215634,0.819301081173112,0.888886876425063,1.36613795886431,9.37146234744642,42.8428980837973,0.0116275294586389,0.816453311867201,0.817742362068613,0.856301239439925,0.798640294146116,0.0576609452938095,NA,FALSE,FALSE,FALSE,"inconclusive",0.0919383740871014,0.420308618331802
"mu.chi.m[126]","local_continuous",TRUE,0.819161266445785,0.0364819178362104,0.744365630222591,0.818783333536458,0.881963177992512,1.45893870953478,8.05877771827206,77.508594773887,0.0130960277698439,0.793290999121854,0.830353229139539,0.854659164772473,0.798341672749275,0.0613681656506186,NA,FALSE,FALSE,FALSE,"inconclusive",0.0790603315766595,0.760395114133805
"mu.chi.m[127]","local_continuous",TRUE,0.813388753615831,0.0353853672647706,0.741361163388228,0.813419281282391,0.872045412816596,1.76509579767638,6.09008480142256,30.549249989176,0.0144703028012298,0.787049968852837,0.814691648044762,0.855698314329011,0.79611508323671,0.0686483454761739,NA,FALSE,FALSE,FALSE,"inconclusive",0.059746544769283,0.299702252375859
"mu.chi.m[128]","local_continuous",TRUE,0.819386400459923,0.0362792468204237,0.747055534556191,0.81890153740766,0.882914852531243,1.40889954583149,9.16993384026868,46.8861321531792,0.0121056778744392,0.796218481701526,0.820209695141341,0.857434327325547,0.803683097671277,0.0612158456240209,NA,FALSE,FALSE,FALSE,"inconclusive",0.0899612863503972,0.459974612027423
"mu.chi.m[129]","local_continuous",TRUE,0.817715491638356,0.036656562381434,0.741631874120708,0.817450688162767,0.87869294346699,1.44482064813765,8.58624204460864,109.106026557102,0.0127996027470511,0.793893643967103,0.824476586794538,0.855275571246181,0.797216164545606,0.0613819272790778,NA,FALSE,FALSE,FALSE,"inconclusive",0.0842350002414221,1.07038051403977
"mu.chi.m[130]","local_continuous",TRUE,0.821890368226141,0.0365809299356723,0.748900211534611,0.820657845060614,0.888505561794239,1.34630091299164,10.4738788441842,83.7331152525943,0.0112590400493915,0.812366016465525,0.819438941953681,0.856587732152275,0.799168782333084,0.0574189498191903,NA,FALSE,FALSE,FALSE,"inconclusive",0.102753589100422,0.821460534989937
"mu.chi.m[131]","local_continuous",TRUE,0.81528774749043,0.035029222293049,0.745541300913809,0.81554100282774,0.873635644405078,1.49169112456093,7.5911915863282,38.0935081552299,0.01293486402078,0.79035051253242,0.816842435705929,0.853871012650661,0.800087029072709,0.0635205001182418,NA,FALSE,FALSE,FALSE,"inconclusive",0.0744730956552231,0.373714909500744
"mu.chi.m[132]","local_continuous",TRUE,0.8213214300469,0.0370981820226273,0.749987440298876,0.820531056140667,0.887874387657168,1.32958533136996,10.904515111839,45.6199767041146,0.0114932399065711,0.807029048204031,0.823966499531191,0.855816068354145,0.798474104098236,0.0573419642559091,NA,FALSE,FALSE,FALSE,"inconclusive",0.106978329786907,0.447553042264594
"mu.chi.m[133]","local_continuous",TRUE,0.819484259741358,0.0369281389753473,0.746470545638874,0.819344443705757,0.886733851623154,1.3950904590651,9.03355417425009,89.7310789049746,0.0125091865608503,0.804891696585778,0.820106255366995,0.855634913945988,0.797304173066671,0.058330740879317,NA,FALSE,FALSE,FALSE,"inconclusive",0.0886233388361858,0.880303328738518
"mu.chi.m[134]","local_continuous",TRUE,0.815275375315831,0.0344980808578577,0.74356102508075,0.81547800412754,0.872386081924625,1.5328105133698,7.38147172634493,31.7924561490025,0.0127334186733406,0.792083913756435,0.816772989953746,0.853577021980595,0.798667575572549,0.0614931082241599,NA,FALSE,FALSE,FALSE,"inconclusive",0.0724156469641028,0.311898679011522
"mu.chi.m[135]","local_continuous",TRUE,0.823071259115921,0.0371740837939771,0.755033882480727,0.820175428634549,0.899075615922452,1.32301050206774,9.91352257911939,44.0431460156135,0.0121432835551837,0.827872140846142,0.816208869794464,0.855550674065885,0.792653351757195,0.0628973223086894,NA,FALSE,FALSE,FALSE,"inconclusive",0.0972562353247203,0.432083604909287
"mu.chi.m[136]","local_continuous",TRUE,0.816694751077617,0.0369930048603982,0.742871954933,0.815883266832208,0.881396332799815,1.4206419197865,8.9980058137032,110.598596443134,0.0126268985381948,0.798538171094655,0.816558695420733,0.856928643057104,0.794753494737977,0.0621751483191268,NA,FALSE,FALSE,FALSE,"inconclusive",0.0882745930002668,1.08502331400477
"mu.chi.m[137]","local_continuous",TRUE,0.81986248605296,0.0350837495600781,0.749017285519634,0.818986751887306,0.880872579759088,1.3924665266363,8.98375776494431,80.2198468543935,0.0119677365498323,0.804126573527783,0.818653585989632,0.856479256365305,0.800190528329116,0.0562887280361891,NA,FALSE,FALSE,FALSE,"inconclusive",0.0881348130611026,0.786993749307318
"mu.chi.m[138]","local_continuous",TRUE,0.81927043554045,0.0343632335325045,0.750170461935956,0.81830398409535,0.87735540770751,1.38499381318646,9.14114732795768,62.9629274076377,0.0116647271378179,0.804366661788098,0.821266434163632,0.854872843250753,0.796575802959317,0.0582970402914367,NA,FALSE,FALSE,FALSE,"inconclusive",0.0896788773688113,0.61769539896831
"mu.chi.m[139]","local_continuous",TRUE,0.818950935120891,0.0370457136675479,0.742236603245426,0.81767147227549,0.886190839851101,1.32921910735093,11.9358396518564,62.7332532009271,0.01071138147501,0.804379108896465,0.813608256487498,0.854992968417636,0.802823406681964,0.0521695617356721,NA,FALSE,FALSE,FALSE,"inconclusive",0.117096099869093,0.615442188919349
"mu.chi.m[140]","local_continuous",TRUE,0.81930316166295,0.0383913893095792,0.744824728211131,0.818614164982728,0.887129309034098,1.36040703660066,9.22391101302073,58.9685256583762,0.0129232248198875,0.801680992024761,0.823940399279479,0.855051927096832,0.796539328250728,0.0585125988461046,NA,FALSE,FALSE,FALSE,"inconclusive",0.0904908273458848,0.578508472887574
"mu.chi.m[141]","local_continuous",TRUE,0.816845108003483,0.0347916488834759,0.746796373129639,0.816510357584514,0.873463394315046,1.4638826891386,8.18790003549868,58.8396539077228,0.0125321283269225,0.79682055464773,0.8205747138143,0.854128183379065,0.795856980172837,0.0582712032062283,NA,FALSE,FALSE,FALSE,"inconclusive",0.0803270811472225,0.577244181490825
"mu.chi.m[142]","local_continuous",TRUE,0.817621846972924,0.0358891450155307,0.749707549017495,0.81706388192641,0.879815011051538,1.44170898578757,8.47201634978845,67.9596163777529,0.0126627175890358,0.797475498737021,0.818388370819146,0.856852194174602,0.797771324160927,0.0593766954375815,NA,FALSE,FALSE,FALSE,"inconclusive",0.0831143934170668,0.666715225618578
"mu.chi.m[143]","local_continuous",TRUE,0.821872607543176,0.0388254428081283,0.753501743792554,0.819891803183616,0.894313316795231,1.26576874876783,11.6077575408135,46.3504973273987,0.0109056177555898,0.818937843008088,0.820611652718622,0.852643518328628,0.795297416117367,0.0573461022112615,NA,FALSE,FALSE,FALSE,"inconclusive",0.11387746282633,0.454719786989353
"mu.chi.s[1]","local_continuous",TRUE,0.839642421551941,0.0608454404181063,0.726976103413495,0.854864429068623,0.927489732466728,2.25629811811632,5.05284002749576,14.5929649455316,0.0282658742012633,0.76195928636304,0.902265217078066,0.882781465725114,0.811563717041545,0.140305930715026,NA,FALSE,FALSE,FALSE,"inconclusive",0.0495706944580285,0.143163726263897
"mu.chi.s[2]","local_continuous",TRUE,0.83670937504662,0.061316185468143,0.721598051483844,0.850635934775976,0.924672825390686,2.13594575263792,5.18140208277059,19.2945143745385,0.0284548885654946,0.75568379971734,0.898078962500957,0.879792197682752,0.813282540285434,0.142395162783617,NA,FALSE,FALSE,FALSE,"inconclusive",0.0508319476000725,0.189288097697862
"mu.chi.s[3]","local_continuous",TRUE,0.838030358788783,0.0581398031689001,0.725928491375532,0.849218289733206,0.919625461933008,1.99031595284648,5.51063001627567,25.2569153484857,0.0264471309036424,0.765808845771133,0.893149136882376,0.881988222468328,0.811175230033298,0.127340291111243,NA,FALSE,FALSE,FALSE,"inconclusive",0.0540618256904178,0.247782005145447
"mu.chi.s[4]","local_continuous",TRUE,0.841974085189304,0.0586632081105718,0.727259072940848,0.856628437500476,0.92735315560484,2.00381090179216,5.52472830908036,18.7407176626082,0.0260404813020345,0.775090221661877,0.901229611619591,0.881041670850077,0.81053483662567,0.126139389957714,NA,FALSE,FALSE,FALSE,"inconclusive",0.0542001364545026,0.183855096168114
"mu.chi.s[5]","local_continuous",TRUE,0.838472447578798,0.0605629649328847,0.723216680295591,0.856416495620953,0.918723690741835,2.12768569291283,5.23834398759008,28.8640537951805,0.0283187967161996,0.759189898820365,0.897351419636797,0.88477623542654,0.812572236431494,0.138161520816431,NA,FALSE,FALSE,FALSE,"inconclusive",0.051390573986482,0.283169699360167
"mu.chi.s[6]","local_continuous",TRUE,0.84006258874928,0.0607117856942663,0.72529747989514,0.857684066197288,0.92748753059082,2.33523957250529,4.9576467143159,11.2969874809046,0.0287305780528452,0.756252551881978,0.901075152473321,0.883393970306115,0.819528680335706,0.144822600591344,NA,FALSE,FALSE,FALSE,"inconclusive",0.0486368040881755,0.110828665001222
"mu.chi.s[7]","local_continuous",TRUE,0.84376501048172,0.0586403762880455,0.729225996729465,0.859746113683364,0.929142576733244,2.04183932504622,5.41360611024178,21.4489571181006,0.0262054903490557,0.774249129749,0.90206276895728,0.883057151181996,0.815690992038604,0.12781363920828,NA,FALSE,FALSE,FALSE,"inconclusive",0.0531099763591589,0.210424176098777
"mu.chi.s[8]","local_continuous",TRUE,0.838421151304419,0.0578388737006389,0.729497459144256,0.853974261194237,0.915150380310618,2.00138306721579,5.4660903924731,24.4648069894744,0.0266699644027954,0.761695649225261,0.892027935927346,0.882272219076864,0.817688800988203,0.130332286702085,NA,FALSE,FALSE,FALSE,"inconclusive",0.0536248714091071,0.240011056287274
"mu.chi.s[9]","local_continuous",TRUE,0.838575636979036,0.0613434838062455,0.72116184989201,0.856567345657036,0.921451200165573,2.1968462998692,5.12291318331169,21.5546171210356,0.0286180429550632,0.755736498944544,0.899555207314776,0.882087627909069,0.816923213747755,0.143818708370232,NA,FALSE,FALSE,FALSE,"inconclusive",0.0502581444817299,0.211460749529447
"mu.chi.s[10]","local_continuous",TRUE,0.835717252463054,0.0611056482725482,0.722666621256069,0.852209143128716,0.914738443921783,2.07136628919284,5.36312071792104,28.7668351667385,0.0283366653521073,0.75823319895798,0.895159369351638,0.882685952399052,0.806790489143541,0.136926170393659,NA,FALSE,FALSE,FALSE,"inconclusive",0.0526146913424738,0.282215939712146
"mu.chi.s[11]","local_continuous",TRUE,0.836224327560606,0.0588003695293982,0.721327434395803,0.856949946272741,0.906936753029108,1.99991656784015,5.49822569606599,24.4092233179878,0.026890233784223,0.756267856032655,0.888796329283324,0.88018796138878,0.819645163537666,0.132528473250669,NA,FALSE,FALSE,FALSE,"inconclusive",0.0539401335798963,0.239465754797196
"mu.chi.s[12]","local_continuous",TRUE,0.838538909282744,0.0594599585105239,0.722632187204216,0.851867815628979,0.922016165687877,1.93993508544603,5.57361882939401,28.5641181457438,0.026881601985275,0.763199121460897,0.894417800442205,0.882795270448855,0.813743444779022,0.131218678981308,NA,FALSE,FALSE,FALSE,"inconclusive",0.0546797750401641,0.280227192105951
"mu.chi.s[13]","local_continuous",TRUE,0.836959616598813,0.0603875515307815,0.722383507032236,0.850035050596273,0.919362325275722,2.06522225050154,5.33803991044904,23.6314339269374,0.0280640049814046,0.759533318498481,0.896563562945334,0.882872101794892,0.808869483156547,0.137030244446853,NA,FALSE,FALSE,FALSE,"inconclusive",0.0523686370369368,0.231835281628315
"mu.chi.s[14]","local_continuous",TRUE,0.837303185483324,0.0596842997493054,0.719994388846339,0.846615811742842,0.919058881199602,1.95800444503206,5.59309509548204,27.7934691197454,0.0270675090007021,0.759111747822461,0.891546215328711,0.881771044305697,0.816783734476432,0.13243446750625,NA,FALSE,FALSE,FALSE,"inconclusive",0.0548708462061182,0.272666769216197
"mu.chi.s[15]","local_continuous",TRUE,0.842648397036235,0.0569684835339706,0.729612516204212,0.857142759797588,0.927862034821684,2.17736046106673,5.13262746638488,16.8190094829926,0.026180354332339,0.772283076367646,0.899723717947316,0.881112265924031,0.817474527905947,0.127440641579671,NA,FALSE,FALSE,FALSE,"inconclusive",0.0503534460854774,0.16500225133415
"mu.chi.s[16]","local_continuous",TRUE,0.838472743802227,0.0617414074020913,0.720042546566461,0.855893631881072,0.927522989134386,2.40653128393817,4.8892611922468,13.969265314045,0.0291930527804497,0.75598735575139,0.902969266914586,0.881416563331716,0.813517789211216,0.146981911163195,NA,FALSE,FALSE,FALSE,"inconclusive",0.047965910531009,0.137044944806783
"mu.chi.s[17]","local_continuous",TRUE,0.836230502976841,0.0640222617980913,0.719802809667258,0.850975382145599,0.933518846881002,2.17952931449537,5.18241642580997,12.3900423871844,0.0301263262573207,0.751061640884553,0.900326839010032,0.884221122164389,0.809312409848393,0.149265198125479,NA,FALSE,FALSE,FALSE,"inconclusive",0.0508418987737901,0.121552038488251
"mu.chi.s[18]","local_continuous",TRUE,0.836756388812335,0.0623848462647308,0.722317897547113,0.849285384606629,0.930884750752372,2.2718772201422,5.02855571109597,16.6967797763693,0.0292057751497614,0.75409393383214,0.901459581034663,0.879471705781927,0.812000334600609,0.147365647202524,NA,FALSE,FALSE,FALSE,"inconclusive",0.0493324540977904,0.163803121457141
"mu.chi.s[19]","local_continuous",TRUE,0.84175080720964,0.06020598662171,0.721895079417786,0.853891113669077,0.931289536594004,2.10893049454383,5.34710868833433,17.749543740443,0.0272493540325256,0.766660958849333,0.902144215163837,0.88256942654267,0.815628628282721,0.135483256314504,NA,FALSE,FALSE,FALSE,"inconclusive",0.0524576059366472,0.174131222191686
"mu.chi.s[20]","local_continuous",TRUE,0.836879937514361,0.0589806509269926,0.726852279932251,0.851632206241955,0.916522743019275,2.03556323181022,5.35615806484775,28.4734260044818,0.027422062588197,0.760514874174406,0.893220225935125,0.882909981583088,0.810874668364821,0.132705351760719,NA,FALSE,FALSE,FALSE,"inconclusive",0.0525463844999387,0.279337460311598
"mu.chi.s[21]","local_continuous",TRUE,0.837753823085779,0.0600671334913554,0.725606252034746,0.856483511288262,0.919661000465605,2.12056826192654,5.22499367597132,25.3843652529058,0.0279456082768513,0.757320387387185,0.897171330523052,0.880939873517146,0.815583700915736,0.139850943135867,NA,FALSE,FALSE,FALSE,"inconclusive",0.0512596012633062,0.24903234757393
"mu.chi.s[22]","local_continuous",TRUE,0.836452143730971,0.0608212317497816,0.719461936997638,0.854106730054942,0.913698968850856,2.09687572479075,5.2900854699266,27.5981781538465,0.0283739766253546,0.753640716243042,0.894285354790397,0.882825108854005,0.815057395036441,0.140644638547355,NA,FALSE,FALSE,FALSE,"inconclusive",0.0518981818263803,0.270750874640413
"mu.chi.s[23]","local_continuous",TRUE,0.838386694244344,0.0588661453594274,0.725152615524435,0.84983472328386,0.923433626553195,2.23110869147796,5.06892960912678,18.6595442778131,0.0275951486060151,0.762367723904396,0.900222748009701,0.879749953807135,0.811206351256145,0.137855024105304,NA,FALSE,FALSE,FALSE,"inconclusive",0.0497285406852291,0.183058747771192
"mu.chi.s[24]","local_continuous",TRUE,0.839481055015436,0.0593377474837925,0.725235398153309,0.853350899126776,0.925394096331563,2.11575217031324,5.33520708322984,22.6728197695073,0.0273076157248342,0.763019151644764,0.898748971456521,0.881884838581023,0.814271258379429,0.135729819811757,NA,FALSE,FALSE,FALSE,"inconclusive",0.0523408456935,0.22243083398253
"mu.chi.s[25]","local_continuous",TRUE,0.837674662880927,0.0593892247564446,0.721706586103991,0.853982976632139,0.91639449795898,2.00694493878848,5.51540377158094,27.7489174559757,0.0272935368039251,0.7592035774223,0.892802735796348,0.882744705254464,0.8159476330506,0.133599158374048,NA,FALSE,FALSE,FALSE,"inconclusive",0.0541086584348481,0.272229696817248
"mu.chi.s[26]","local_continuous",TRUE,0.836017949958757,0.0616098730109644,0.724371977590138,0.848441066908474,0.924056119652219,2.18003899519968,5.19976748845065,19.9198404861248,0.0289079102501631,0.754726632242197,0.899244183261973,0.880689360261895,0.809411624068967,0.144517551019775,NA,FALSE,FALSE,FALSE,"inconclusive",0.051012120712344,0.195422835675988
"mu.chi.s[27]","local_continuous",TRUE,0.836531307468352,0.0586146434711025,0.721952930828451,0.843184027901364,0.918496230795023,2.0308349699377,5.4678539052683,23.7154696109495,0.0267590824407343,0.761145300208623,0.892701957656028,0.880517178358231,0.811760793650527,0.131556657447405,NA,FALSE,FALSE,FALSE,"inconclusive",0.0536421722841532,0.232659710502585
"mu.chi.s[28]","local_continuous",TRUE,0.837570229880496,0.0608475726876684,0.721301428456569,0.849886002480442,0.921993210883842,2.11596705910409,5.32009499109067,17.4550668146178,0.0276898936790706,0.759507756068879,0.899136325682099,0.878691841121815,0.812944996649197,0.139628569613219,NA,FALSE,FALSE,FALSE,"inconclusive",0.0521925890896939,0.171242267537356
"mu.chi.s[29]","local_continuous",TRUE,0.835900762923095,0.0587006195280257,0.72705414400572,0.849149780253636,0.914944291245281,2.03293762261941,5.36213322726217,23.6163384255796,0.0270909370093107,0.760151968703815,0.892096618301352,0.88033305695909,0.811021407728124,0.131944649597537,NA,FALSE,FALSE,FALSE,"inconclusive",0.0526050036030115,0.231687187787737
"mu.chi.s[30]","local_continuous",TRUE,0.839106299695751,0.0579982932156008,0.725455230138279,0.853194924735419,0.916480879254799,1.91014473533228,5.63208405866439,25.1826043429548,0.0259028368962286,0.770175349843984,0.89519910099954,0.880933233107317,0.810117514832163,0.125023751155556,NA,FALSE,FALSE,FALSE,"inconclusive",0.0552533459430247,0.247052979858678
"mu.chi.s[31]","local_continuous",TRUE,0.838167255331374,0.0616309761526724,0.72211400973675,0.854488350666599,0.923814136792217,2.14695564278889,5.21503865470983,22.5971593143798,0.0285990545909944,0.758004255162081,0.900326011302073,0.882447191922186,0.811891562939153,0.142321756139992,NA,FALSE,FALSE,FALSE,"inconclusive",0.05116193790674,0.22168856997194
"mu.chi.s[32]","local_continuous",TRUE,0.835140043643993,0.062430719420187,0.721479011478988,0.850503283180147,0.922858582252781,2.19567346232515,5.14180655524217,23.2799274431035,0.0297036775276507,0.746882658766807,0.895875346108809,0.88200650000487,0.815795669695484,0.148992687342001,NA,FALSE,FALSE,FALSE,"inconclusive",0.0504434971867732,0.228386840669304
"mu.chi.s[33]","local_continuous",TRUE,0.843263536081452,0.0559552458051049,0.731547915470493,0.860089833369666,0.922930032540908,1.82539332805279,5.88747164057532,28.4763742524611,0.0246258269770708,0.783267814071334,0.897125425178659,0.880981747874757,0.811679157201058,0.113857611107326,NA,FALSE,FALSE,FALSE,"inconclusive",0.0577588160791049,0.279366383986001
"mu.chi.s[34]","local_continuous",TRUE,0.83707510696391,0.0627239540877503,0.72467302679281,0.855467486285614,0.925379470654047,2.38025828897433,4.91036848761251,14.0401819101006,0.0296452504889519,0.753811513997142,0.90262706147253,0.880995889839106,0.810865962546864,0.148815547475388,NA,FALSE,FALSE,FALSE,"inconclusive",0.0481729828475112,0.137740669368801
"mu.chi.s[35]","local_continuous",TRUE,0.83930987660337,0.0596530976985216,0.725859605179863,0.852649232572257,0.927809682089695,2.06887799792019,5.4158806850784,27.7263246944221,0.0275972112666459,0.760495886292511,0.896894622853471,0.883829413438412,0.816019583829088,0.13639873656096,NA,FALSE,FALSE,FALSE,"inconclusive",0.0531322909888789,0.272008051391341
"mu.chi.s[36]","local_continuous",TRUE,0.837577280954648,0.059204909580685,0.719339295223794,0.847029749932735,0.924182190403366,2.11236978593976,5.33001988215287,25.1190102226934,0.0271838078711858,0.760358747827019,0.896625999242814,0.878810018095495,0.814514358653269,0.136267251415795,NA,FALSE,FALSE,FALSE,"inconclusive",0.0522899568550884,0.246429092166282
"mu.chi.s[37]","local_continuous",TRUE,0.835686800621173,0.0634076002399991,0.721100887060435,0.850425413668522,0.92974148634461,2.1989872487222,5.12381650683347,14.8212789533944,0.0296558350461619,0.75213452987171,0.899658211034775,0.881967029212802,0.8089874323654,0.147523681163064,NA,FALSE,FALSE,FALSE,"inconclusive",0.0502670065027025,0.145403592133917
"mu.chi.s[38]","local_continuous",TRUE,0.838406104293906,0.0608273333350882,0.721572279903823,0.853272628707714,0.924937333785054,2.16312676415847,5.21918307253555,25.6815783384258,0.02847185053977,0.755940833830471,0.898554191127755,0.882259590833441,0.81686980138396,0.142613357297283,NA,FALSE,FALSE,FALSE,"inconclusive",0.0512025965598198,0.251948145218634
"mu.chi.s[39]","local_continuous",TRUE,0.841237849265444,0.0612388441929964,0.722058892946216,0.858614867849367,0.929071993682883,1.88056092336863,5.73936386893002,25.5325829289099,0.0271911524996463,0.767899493213234,0.90041768130577,0.881600271273229,0.815033951269538,0.132518188092536,NA,FALSE,FALSE,FALSE,"inconclusive",0.0563058104317586,0.250486431433798
"mu.chi.s[40]","local_continuous",TRUE,0.836862142604938,0.0620861314672507,0.719813717660698,0.851824978268126,0.921212235127956,2.23439633874469,5.11299478500624,25.2579588859852,0.0292105848145434,0.752656688469877,0.898784580748767,0.881693514426318,0.814313786774791,0.146127892278889,NA,FALSE,FALSE,FALSE,"inconclusive",0.0501608404132779,0.247792242730303
"mu.chi.s[41]","local_continuous",TRUE,0.837434670221718,0.0603623879511823,0.721611541009909,0.85310831759646,0.921902024823416,2.08543280262646,5.27157046495906,16.44128732974,0.0277497293718747,0.760220663159459,0.897682004593608,0.880222866255158,0.811613146878646,0.13746134143415,NA,FALSE,FALSE,FALSE,"inconclusive",0.0517165410760022,0.161296622549739
"mu.chi.s[42]","local_continuous",TRUE,0.839518949865461,0.0588020435713657,0.72340753127629,0.851344726021439,0.92388290996637,1.98216748620366,5.48266089252053,20.7739202080851,0.0264124107311784,0.768381756339887,0.896990815813655,0.881453571992383,0.811249655315918,0.128609059473768,NA,FALSE,FALSE,FALSE,"inconclusive",0.0537874356680977,0.203801752227809
"mu.chi.s[43]","local_continuous",TRUE,0.839519118850624,0.0576983742569573,0.727374794141516,0.852181235932685,0.925582921055147,2.03800748179765,5.41534953076128,22.1219796862146,0.0262277092660212,0.76871957005804,0.896547701693256,0.880710928933034,0.812098274718164,0.127828131635217,NA,FALSE,FALSE,FALSE,"inconclusive",0.0531270801197002,0.217026838345314
"mu.chi.s[44]","local_continuous",TRUE,0.845298894999078,0.0600967801583212,0.731776338206608,0.862617090083412,0.948794221602778,1.5476526801372,7.22649008793786,18.6829495903661,0.0241464405835617,0.794656777996299,0.893811978001465,0.880873535603689,0.811853288394859,0.0991552000051665,NA,FALSE,FALSE,FALSE,"inconclusive",0.0708952055089458,0.183288364697702
"mu.chi.s[45]","local_continuous",TRUE,0.840502191690439,0.0597474766314285,0.726865651409453,0.854432916949089,0.931584103028921,2.26767786436567,5.03841558926198,13.7226494781225,0.0277873770229249,0.767643109132421,0.903570053036639,0.881873051055464,0.80892255353723,0.135926943904218,NA,FALSE,FALSE,FALSE,"inconclusive",0.0494291840566454,0.134625529550313
"mu.chi.s[46]","local_continuous",TRUE,0.838150024939577,0.0598274919104248,0.725959462701174,0.85582500353528,0.921053953664132,2.12617325512509,5.22539669825314,22.4174512852795,0.0277744663445376,0.760804240407484,0.897944060106619,0.881873383499003,0.811978415745201,0.137139819699135,NA,FALSE,FALSE,FALSE,"inconclusive",0.0512635550980373,0.219925551203543
"mu.chi.s[47]","local_continuous",TRUE,0.837663384571766,0.0625059169193424,0.723498973600572,0.852709181056358,0.928960116643509,2.29248349008195,4.99892751074055,14.7466834766383,0.0295824490393002,0.753566343407923,0.901871505881531,0.882290602503714,0.812925086493893,0.148305162473608,NA,FALSE,FALSE,FALSE,"inconclusive",0.0490417877677329,0.144671776053038
"mu.chi.s[48]","local_continuous",TRUE,0.837646969200553,0.0575864670962199,0.725903763270405,0.846817053485589,0.917575286870579,2.0464063118811,5.36013705606598,26.1072968114933,0.0264166132368069,0.765281120627814,0.894219233169123,0.879820771665102,0.811266751340175,0.128938112541309,NA,FALSE,FALSE,FALSE,"inconclusive",0.0525854202415922,0.256124640068804
"mu.chi.s[49]","local_continuous",TRUE,0.837949530162934,0.0594726504924276,0.722691502873387,0.85282666552711,0.920957450063013,2.02124385363767,5.36711616869492,23.6321310615167,0.027189230949311,0.763710629171403,0.896259718857579,0.881485000532977,0.810342772089779,0.132549089686176,NA,FALSE,FALSE,FALSE,"inconclusive",0.0526538885599705,0.231842120840528
"mu.chi.s[50]","local_continuous",TRUE,0.83875065640397,0.0595882594847659,0.728019089730503,0.84958879859204,0.922378853094541,2.1984694457157,5.10965788473021,14.5664446733263,0.0277657095136964,0.761996268085832,0.899397278877159,0.881254191331779,0.812354887321111,0.137401010791327,NA,FALSE,FALSE,FALSE,"inconclusive",0.0501281038803341,0.142903550144472
"mu.chi.s[51]","local_continuous",TRUE,0.842191416182518,0.057356987275968,0.73204135543907,0.857047275035092,0.921296874658477,2.0336762945224,5.37114369601319,26.8870462106316,0.0263663186822126,0.771273011876836,0.8980969086188,0.885613011412197,0.81378273282224,0.126823896741964,NA,FALSE,FALSE,FALSE,"inconclusive",0.0526934004631832,0.263774341822309
"mu.chi.s[52]","local_continuous",TRUE,0.837590516392014,0.0613419811364689,0.72346835299448,0.848867441490736,0.927847389674735,2.15132773542033,5.16186018644727,16.0234349076209,0.0284447493774675,0.757160685944883,0.899889761318255,0.880056862537004,0.81325475576791,0.142729075373372,NA,FALSE,FALSE,FALSE,"inconclusive",0.0506402325711971,0.157197297292518
"mu.chi.s[53]","local_continuous",TRUE,0.838638905449725,0.0615162616603342,0.721961564844344,0.854669826486642,0.927553337061414,2.17514829204082,5.1666057931187,20.6654975021513,0.0286133537875237,0.757545030744295,0.899880765158549,0.882601667387481,0.814528158508574,0.142335734414254,NA,FALSE,FALSE,FALSE,"inconclusive",0.0506867891645283,0.202738075404694
"mu.chi.s[54]","local_continuous",TRUE,0.840691488995343,0.0595633308782857,0.729237354015046,0.853488225055462,0.936402613269825,2.31952534563157,4.98082491532724,11.519716607554,0.0276725590715207,0.766500213833496,0.90479062474423,0.880100876020943,0.8113742413827,0.138290410910734,NA,FALSE,FALSE,FALSE,"inconclusive",0.0488641929455641,0.113013740607012
"mu.chi.s[55]","local_continuous",TRUE,0.838219457629049,0.0561538266693204,0.726141822783829,0.850560253917955,0.910563745184079,1.94767358737351,5.54203667330441,24.102245627941,0.0256092020914192,0.768352262766506,0.887952186848379,0.883986200157934,0.812587180743376,0.119599924081872,NA,FALSE,FALSE,FALSE,"inconclusive",0.054369939501868,0.236454161872042
"mu.chi.s[56]","local_continuous",TRUE,0.844828769529457,0.0591092273835913,0.726173535704426,0.861200426228581,0.942556078579205,1.59484141943192,6.77670731324757,15.3563475657029,0.0244653835250259,0.790945655770114,0.893950312836172,0.880682216202216,0.813736893309329,0.103004657066058,NA,FALSE,FALSE,FALSE,"inconclusive",0.06648262874512,0.150652862356305
"mu.chi.s[57]","local_continuous",TRUE,0.840186357858645,0.0562789133835435,0.728137209213653,0.852889842871638,0.916179431866013,1.88572327226972,5.73977954392647,15.8159902084655,0.0252791777807243,0.776130725263867,0.893099619560141,0.881280909304989,0.810234177305582,0.116968894296275,NA,FALSE,FALSE,FALSE,"inconclusive",0.0563098883954643,0.155162168979962
"mu.chi.s[58]","local_continuous",TRUE,0.839711224889071,0.0562387317309902,0.729552835220762,0.853930595768892,0.915933912027,1.95038815617853,5.54659458063523,26.036947647554,0.0254582513565362,0.771305680347049,0.893644251630474,0.881847345614294,0.812047621964464,0.122338571283425,NA,FALSE,FALSE,FALSE,"inconclusive",0.0544146546779739,0.25543448227793
"mu.chi.s[59]","local_continuous",TRUE,0.838361420579188,0.0615205766064383,0.722072109691441,0.851170704945126,0.924471527906456,2.18025748527743,5.14408269761477,19.4185038379103,0.028952589606781,0.754667379435552,0.899235341333947,0.883596346880104,0.815946614667149,0.144567961898395,NA,FALSE,FALSE,FALSE,"inconclusive",0.0504658271947452,0.190504491601365
"mu.chi.s[60]","local_continuous",TRUE,0.837398216057907,0.0570861765348643,0.725558456960612,0.851186567327501,0.913633759661338,2.00929053725132,5.4168882748414,18.7802314454742,0.0261596804320582,0.768930679428168,0.893040493860163,0.880297331470497,0.807324359472801,0.124109814431995,NA,FALSE,FALSE,FALSE,"inconclusive",0.053142175909836,0.184242744628519
"mu.chi.s[61]","local_continuous",TRUE,0.838093792948751,0.0596071553869309,0.723835865253966,0.850534509365191,0.92116887613646,1.99398582458792,5.50416386496201,23.8982792875799,0.0271003142217138,0.765835047360141,0.895233036148604,0.882621188391316,0.808685899894942,0.129397988788463,NA,FALSE,FALSE,FALSE,"inconclusive",0.0539983897594672,0.234453157865831
"mu.chi.s[62]","local_continuous",TRUE,0.836589893332568,0.0605072415889705,0.726981977902619,0.84790012409709,0.925121034991033,2.13113315198443,5.26305196071617,23.6608266454113,0.0284488159237643,0.757533506997475,0.897488626213789,0.882481306709435,0.808856133409573,0.139955119216314,NA,FALSE,FALSE,FALSE,"inconclusive",0.0516329706148822,0.232123637772351
"mu.chi.s[63]","local_continuous",TRUE,0.840530210529781,0.0600755614371937,0.725355638424867,0.855450247232194,0.92530491992768,2.00597165530764,5.44082019608555,23.2902935919356,0.027147292676439,0.768064045834034,0.901048901029484,0.881740379134161,0.811267516121446,0.13298485519545,NA,FALSE,FALSE,FALSE,"inconclusive",0.0533769591108342,0.228488537377228
"mu.chi.s[64]","local_continuous",TRUE,0.841867056762448,0.0575488948970196,0.730235519989071,0.85595953556899,0.927885188855977,2.05106699611365,5.32229252303551,17.2539174118882,0.0263074243650974,0.769798109376962,0.898533048092536,0.882541594165734,0.81659547541456,0.128734938715574,NA,FALSE,FALSE,FALSE,"inconclusive",0.0522141478930611,0.169268898990387
"mu.chi.s[65]","local_continuous",TRUE,0.838651682125135,0.0610724309036749,0.722915422719198,0.853581941325819,0.925219726141826,2.0617315210304,5.35069512673396,18.9509924188735,0.0280685546769688,0.762418717332156,0.898985506485864,0.884103789625182,0.809098715057342,0.136566789153708,NA,FALSE,FALSE,FALSE,"inconclusive",0.0524927905538394,0.185917988648054
"mu.chi.s[66]","local_continuous",TRUE,0.838462624101863,0.0561772133481161,0.725587817330986,0.85109707376466,0.911342312574436,1.89329873415855,5.66149606350526,25.1339843799156,0.0244666746610775,0.77266880641772,0.892645367332529,0.876542082877016,0.81199423978019,0.119976560914808,NA,FALSE,FALSE,FALSE,"inconclusive",0.0555418912952288,0.246575995564844
"mu.chi.s[67]","local_continuous",TRUE,0.841951022479512,0.0574380314299793,0.726338882829237,0.856372023126122,0.927891796258677,2.07152197864729,5.34640562405463,14.2072368006798,0.0258962256023857,0.771739575171241,0.897070797202551,0.8818533159952,0.817140401549059,0.12533122203131,NA,FALSE,FALSE,FALSE,"inconclusive",0.0524507085513346,0.139379555004119
"mu.chi.s[68]","local_continuous",TRUE,0.8405573248263,0.0596577650835094,0.725195896377507,0.856877285831139,0.924264097471008,2.06118627051976,5.32090640039025,21.1441558739651,0.0273070140109181,0.765828331984898,0.899637575995692,0.881956443681394,0.814806947643215,0.133809244010794,NA,FALSE,FALSE,FALSE,"inconclusive",0.0522005493896937,0.207433935113263
"mu.chi.s[69]","local_continuous",TRUE,0.837403218489463,0.0598774777515799,0.725364463752295,0.850342774589342,0.923076798299401,2.0632040345283,5.41974984820454,29.9440456935821,0.0276792253220813,0.761538808382907,0.896701916698195,0.882309686434144,0.809062462442603,0.135163108315288,NA,FALSE,FALSE,FALSE,"inconclusive",0.053170249266222,0.293764918706414
"mu.chi.s[70]","local_continuous",TRUE,0.838742319358702,0.0606418086761584,0.724811487271009,0.853501576456245,0.922715065972509,2.11856629934717,5.24696631651414,23.4738816550608,0.0281952420952514,0.758572977552568,0.899257896358873,0.882375400727582,0.814763002795783,0.140684918806305,NA,FALSE,FALSE,FALSE,"inconclusive",0.0514751630156785,0.230289621071506
"mu.chi.s[71]","local_continuous",TRUE,0.838122941390174,0.0593429956262341,0.722911274129654,0.850756815440079,0.921699974388424,2.07616079358337,5.34541114990935,19.7600613170283,0.0273710364396298,0.762321820201726,0.896904869316355,0.882179930918659,0.811085145123957,0.134583049114628,NA,FALSE,FALSE,FALSE,"inconclusive",0.052440952300645,0.193855328228901
"mu.chi.s[72]","local_continuous",TRUE,0.838647296800375,0.0589836015779391,0.724132002305146,0.85202605377392,0.917949546884865,2.11175490900089,5.40173939209784,32.6957016725975,0.0272346116401192,0.762886792042876,0.897787821585775,0.881810358083449,0.812104215489397,0.134901029542898,NA,FALSE,FALSE,FALSE,"inconclusive",0.052993558373208,0.320759934785911
"mu.chi.s[73]","local_continuous",TRUE,0.840699761105025,0.0579310594680459,0.723703949340424,0.858661579154788,0.911595318388,2.05829293539628,5.32833817278685,25.477446857011,0.0265753358898275,0.762658241573219,0.89551719522,0.881466609333593,0.823156998293285,0.132858953646781,NA,FALSE,FALSE,FALSE,"inconclusive",0.0522734585094656,0.249945521102411
"mu.chi.s[74]","local_continuous",TRUE,0.840358532638418,0.0560684649439523,0.728522741142866,0.855239331506833,0.919368874978417,2.16318630931553,5.19638032935823,21.2630810927223,0.0258498963057888,0.76988726051388,0.896742279997681,0.878877462048444,0.815927127993664,0.126855019483801,NA,FALSE,FALSE,FALSE,"inconclusive",0.050978891117198,0.20860064643804
"mu.chi.s[75]","local_continuous",TRUE,0.841995440261707,0.0605589124132379,0.721621399939348,0.860509706871067,0.926388142483453,1.77683978710727,6.11115349877546,26.0176374403112,0.0262693459610686,0.773900367300601,0.900282558925706,0.880691123465949,0.813107711354575,0.126382191625104,NA,FALSE,FALSE,FALSE,"inconclusive",0.0599532384214522,0.255245040225947
"mu.chi.s[76]","local_continuous",TRUE,0.840505107055329,0.0585147820146492,0.727638651848831,0.857498577283221,0.921986388945172,1.98665816303691,5.46202653382331,21.1102650330064,0.0265715472958822,0.767373969276458,0.898036221974051,0.881283861290451,0.815326375680358,0.130662252697593,NA,FALSE,FALSE,FALSE,"inconclusive",0.0535850030787516,0.207101450310074
"mu.chi.s[77]","local_continuous",TRUE,0.837727921408704,0.059381044008536,0.722891142851266,0.844490027058995,0.927656243186864,1.89744447871936,5.79375729403409,22.3815531330069,0.0261849216012859,0.765560857034534,0.893281725348972,0.881232740824047,0.810836362427263,0.127720868314437,NA,FALSE,FALSE,FALSE,"inconclusive",0.0568394350550768,0.219573373749234
"mu.chi.s[78]","local_continuous",TRUE,0.840436505635825,0.0601143966053819,0.722109068535991,0.855009482029103,0.921121996155033,2.00243951342755,5.5815526422028,17.065597505988,0.0268156380732159,0.768120480220669,0.898880076984971,0.882610503134392,0.812134962203266,0.130759596764303,NA,FALSE,FALSE,FALSE,"inconclusive",0.0547576094082604,0.167421393732959
"mu.chi.s[79]","local_continuous",TRUE,0.839734867651719,0.0600095358100056,0.725166690203077,0.859847363575786,0.924107812924806,2.03690809200001,5.38799170749614,18.2443152028902,0.0272946960471354,0.766568245374459,0.899165245743457,0.881477525302949,0.811728454186011,0.132597000368999,NA,FALSE,FALSE,FALSE,"inconclusive",0.0528586872375323,0.178985158761628
"mu.chi.s[80]","local_continuous",TRUE,0.838256064336224,0.060207983605665,0.725421167245877,0.852489294440593,0.924880758071908,2.10279909218852,5.26963729742422,15.8016556700475,0.0277509733852634,0.759303126023063,0.89692451943518,0.881266193698398,0.815530418188255,0.137621393412117,NA,FALSE,FALSE,FALSE,"inconclusive",0.0516975758096007,0.155021540537294
"mu.chi.s[81]","local_continuous",TRUE,0.83995364268334,0.0580608543363218,0.725446599893568,0.853107003405808,0.919193474315094,2.2479813031266,5.10756423543866,22.1140351074119,0.0272732773636363,0.763606952883154,0.899369653600515,0.882341403327608,0.814496560922077,0.135762700717361,NA,FALSE,FALSE,FALSE,"inconclusive",0.0501075642137764,0.216948898357845
"mu.chi.s[82]","local_continuous",TRUE,0.841601904496392,0.0629827876017741,0.723365320153036,0.85276413091379,0.95057076001423,2.24492830712841,5.07991844713497,12.3714698417656,0.0290086966749053,0.764922355368772,0.909091011169697,0.882622514976991,0.80977173647011,0.144168655800924,NA,FALSE,FALSE,FALSE,"inconclusive",0.0498363462615761,0.121369833239469
"mu.chi.s[83]","local_continuous",TRUE,0.839490608748779,0.0612417072982713,0.726720124870132,0.850451086003855,0.934256451900209,2.23166084630944,5.11168562417234,15.3561685978712,0.0285310265742061,0.76081990527867,0.903495053564085,0.881409026602484,0.812238449549877,0.142675148285415,NA,FALSE,FALSE,FALSE,"inconclusive",0.0501479969408266,0.150651106599215
"mu.chi.s[84]","local_continuous",TRUE,0.840667315593485,0.0563693936216676,0.729141376877871,0.855474766391303,0.913463586904887,1.79168262035245,5.97404838192887,17.840578244639,0.0249256891739375,0.776569282864823,0.892020163988217,0.882312412439019,0.811767403081883,0.115450881123394,NA,FALSE,FALSE,FALSE,"inconclusive",0.0586081738995494,0.175024312724552
"mu.chi.s[85]","local_continuous",TRUE,0.838683762018764,0.0620516913131466,0.725302106892164,0.85167263796089,0.933046880021078,2.27416476107591,5.00336923074295,13.402817109485,0.0290364228075572,0.758832953195736,0.903864552666387,0.881590021133138,0.810447521079799,0.145031599470651,NA,FALSE,FALSE,FALSE,"inconclusive",0.0490853630924827,0.131487826290909
"mu.chi.s[86]","local_continuous",TRUE,0.835254046300466,0.0611030957408732,0.723948053186982,0.846631700988881,0.920090835823911,2.07121286676838,5.31602808865579,30.1279436887096,0.0285608704938492,0.754677075780162,0.89500465943794,0.881908799046012,0.809425650937748,0.140327583657778,NA,FALSE,FALSE,FALSE,"inconclusive",0.0521526908984008,0.295569042976785
"mu.chi.s[87]","local_continuous",TRUE,0.838878743039832,0.0581279885186058,0.729522706070834,0.851635612838715,0.919067235914424,2.11212360855514,5.23401553071799,21.4653489427455,0.0270494707686825,0.763859547743009,0.897198040154969,0.88148186420381,0.812975520057536,0.13333849241196,NA,FALSE,FALSE,FALSE,"inconclusive",0.0513481098253541,0.210584987469543
"mu.chi.s[88]","local_continuous",TRUE,0.837416834922255,0.061008333452002,0.720857500547294,0.851554907533563,0.924877804725492,2.07078891751514,5.42483756363953,26.5187125765235,0.0281084706543861,0.753888217274709,0.895082218517163,0.881835567884409,0.818861336012737,0.141194001242454,NA,FALSE,FALSE,FALSE,"inconclusive",0.0532201621045357,0.260160818747042
"mu.chi.s[89]","local_continuous",TRUE,0.841171409302901,0.0566708191636794,0.728570872503278,0.855345646194325,0.918729765404874,1.94434322781781,5.58775941765162,26.956470753341,0.0256093814234165,0.774137043705482,0.895273673197056,0.882967892783899,0.812307027525165,0.121136629491574,NA,FALSE,FALSE,FALSE,"inconclusive",0.0548185007421773,0.264455428651856
"mu.chi.s[90]","local_continuous",TRUE,0.839861448442508,0.0596259648569255,0.725013730838231,0.853216171185656,0.922771022906485,2.09922172541472,5.35008035163088,27.727883497075,0.0275954157730376,0.760430956439836,0.897460408672932,0.88368593461559,0.817868494041674,0.137029452233096,NA,FALSE,FALSE,FALSE,"inconclusive",0.052486759326128,0.272023343965339
"mu.chi.s[91]","local_continuous",TRUE,0.842053432059139,0.0565690815389237,0.734387641032659,0.855714481233628,0.921322980055175,2.11667887915466,5.24659058058074,20.2985503779636,0.0260285573921295,0.771831306488062,0.900193794094329,0.882236365947549,0.813952261706615,0.128362487606267,NA,FALSE,FALSE,FALSE,"inconclusive",0.0514714768726283,0.199138154632143
"mu.chi.s[92]","local_continuous",TRUE,0.841416568511003,0.0562295192514562,0.728465784215909,0.853620085084953,0.918276432623815,1.9740712699992,5.48420506709623,15.9026532398962,0.0253117273960337,0.774429455061075,0.894145449349419,0.882520002457014,0.814571367176504,0.119715994288344,NA,FALSE,FALSE,FALSE,"inconclusive",0.0538025847339033,0.156012373345918
"mu.chi.s[93]","local_continuous",TRUE,0.838720175395206,0.0609534874897237,0.724727206932302,0.853799214128897,0.927277529222677,2.12250787302615,5.26909995705546,18.0526958985899,0.0280946773450437,0.758679101236354,0.898965604357297,0.882675091862013,0.814560904125159,0.140286503120943,NA,FALSE,FALSE,FALSE,"inconclusive",0.0516923042523983,0.177105284881979
"mu.chi.s[94]","local_continuous",TRUE,0.837685642888553,0.0616963030735573,0.723781176019181,0.849066458238644,0.930457652736216,2.32001804514703,4.97785483871509,14.2855616963817,0.0290397365431458,0.754738060954527,0.901732513574601,0.880037403299198,0.814234593725886,0.146994452620074,NA,FALSE,FALSE,FALSE,"inconclusive",0.0488350551221902,0.140147958407386
"mu.chi.s[95]","local_continuous",TRUE,0.839728765533907,0.0596794674869501,0.725108778630378,0.858277401340901,0.918778810716032,2.07106702439962,5.32973031445133,21.1884465280249,0.0273065074744401,0.76260292838385,0.8981250489929,0.882139051440356,0.816048033318521,0.13552212060905,NA,FALSE,FALSE,FALSE,"inconclusive",0.0522871160621917,0.207868446886403
"mu.chi.s[96]","local_continuous",TRUE,0.839326824030301,0.0583600438522722,0.726857823538099,0.855394474995938,0.919892718293416,2.04151977112959,5.37722486372461,22.4049932521119,0.0268464313623077,0.765115221730283,0.896118926767073,0.8823070267364,0.813766120887447,0.13100370503679,NA,FALSE,FALSE,FALSE,"inconclusive",0.052753059527181,0.219803332144095
"mu.chi.s[97]","local_continuous",TRUE,0.838998860920027,0.0602487121504903,0.723871683240802,0.855251999056837,0.92434167012004,2.13466327125282,5.21291379312545,21.735045729256,0.0281409956858357,0.757908626951975,0.897836477916293,0.883643458191859,0.81660688061998,0.139927850964319,NA,FALSE,FALSE,FALSE,"inconclusive",0.0511410920331736,0.213230837511831
"mu.chi.s[98]","local_continuous",TRUE,0.836266986505088,0.0620022015501766,0.720623275634927,0.848824876824882,0.920873636296232,2.1518527676201,5.1814972410228,28.4782271363245,0.0290316456216929,0.753846483705746,0.89719129438637,0.882813118732328,0.811217049195904,0.143344810680624,NA,FALSE,FALSE,FALSE,"inconclusive",0.0508328811464781,0.279384561632505
"mu.chi.s[99]","local_continuous",TRUE,0.839141708764418,0.0594780409008245,0.727480974972797,0.85802925212616,0.91913437281503,2.08370016941591,5.2657899514408,20.6986171135627,0.0275650952223387,0.761452298849365,0.896332543045212,0.883902287640904,0.814879705522193,0.134880244195847,NA,FALSE,FALSE,FALSE,"inconclusive",0.0516598315685045,0.203062994089812
"mu.chi.s[100]","local_continuous",TRUE,0.839549110146177,0.0597684581343645,0.724664027738806,0.855030166867141,0.922448771389394,2.02728358825565,5.42652651700278,21.2213803999102,0.0271300730633,0.763691875182292,0.896421576245539,0.883277027002084,0.814805962154789,0.132729701063247,NA,FALSE,FALSE,FALSE,"inconclusive",0.0532367315171171,0.208191543380982
"mu.chi.s[101]","local_continuous",TRUE,0.836679453668639,0.0582691924434616,0.722078374860752,0.851512505403333,0.914293181061975,2.01692329339203,5.4251174993099,30.4766329618837,0.0267130791727341,0.762269548843918,0.893391634979924,0.879635725413013,0.811420905437702,0.131122086136006,NA,FALSE,FALSE,FALSE,"inconclusive",0.0532229084027578,0.298989845798019
"mu.chi.s[102]","local_continuous",TRUE,0.839167426881652,0.0574841481469088,0.72943329871112,0.850612690254916,0.922357473538799,2.04378144913423,5.47254787908671,21.8089377104437,0.026234807023054,0.768311133010874,0.895677205885244,0.881015876733383,0.811665491897109,0.12736607287437,NA,FALSE,FALSE,FALSE,"inconclusive",0.0536882223353481,0.213955751976256
"mu.chi.s[103]","local_continuous",TRUE,0.838439107154076,0.0589950341724626,0.728002428315767,0.846993311347178,0.924892295465356,2.02854295350696,5.40476545624888,25.1443007602893,0.0270959203077718,0.762808727138957,0.894485555052443,0.88350824925248,0.812953897172423,0.131676827913486,NA,FALSE,FALSE,FALSE,"inconclusive",0.0530232454601978,0.246677204021203
"mu.chi.s[104]","local_continuous",TRUE,0.839395047203707,0.0603831411073996,0.72562109781643,0.856019079669339,0.923669446945916,2.12131924749896,5.27449560831755,21.7119802467574,0.0278436735547024,0.763373912680802,0.899477134641498,0.8829450538875,0.811784087605027,0.136103221960696,NA,FALSE,FALSE,FALSE,"inconclusive",0.0517452380834042,0.213004554475115
"mu.chi.s[105]","local_continuous",TRUE,0.838383800807734,0.0588812450374234,0.728805278729191,0.85182463602202,0.918326123122356,2.05896958778717,5.39747786005739,26.9562478539947,0.0271514747580264,0.765145023733291,0.897247660136037,0.881660850706233,0.809481668655376,0.132102636402745,NA,FALSE,FALSE,FALSE,"inconclusive",0.0529517507755895,0.264453241906317
"mu.chi.s[106]","local_continuous",TRUE,0.840438065875398,0.0594268778143844,0.725342147993636,0.85358015105147,0.92978016246833,2.08446908899201,5.3534078669524,20.0752331949468,0.0272191083484473,0.763073958792274,0.898053386710391,0.883241885223292,0.817383032775637,0.134979427918116,NA,FALSE,FALSE,FALSE,"inconclusive",0.0525194037883334,0.196947309921779
"mu.chi.s[107]","local_continuous",TRUE,0.842068329997849,0.0560646367172234,0.727597014893777,0.854409366048842,0.923972636556704,1.99429845207761,5.60435164471177,16.991189394097,0.0249606850536509,0.777273901000613,0.89501211790579,0.881722092682275,0.814265208402719,0.117738216905177,NA,FALSE,FALSE,FALSE,"inconclusive",0.0549812781531979,0.166691415787947
"mu.chi.s[108]","local_continuous",TRUE,0.84058072795263,0.0577843561376743,0.727937577715207,0.853867935490238,0.922310786462663,2.00469926889478,5.42853254502593,23.5688467433786,0.0261734072611933,0.770001913959103,0.897048376540008,0.882274962094206,0.812997659217208,0.127046462580905,NA,FALSE,FALSE,FALSE,"inconclusive",0.0532564115785615,0.231221272450051
"mu.chi.s[109]","local_continuous",TRUE,0.837954114735445,0.0598941648554412,0.724499661444423,0.853285934743171,0.920233633812084,2.02909804762547,5.38166332497475,21.2454787425665,0.027432595887965,0.760912775425132,0.896070946346067,0.88206741206118,0.812765325109399,0.135158170920935,NA,FALSE,FALSE,FALSE,"inconclusive",0.052796602882066,0.208427959252899
"mu.chi.s[110]","local_continuous",TRUE,0.835880413308674,0.0594252154667129,0.724578366978273,0.846090441513829,0.917351562378555,2.03805980486567,5.38218207662096,29.0173893460897,0.0274938747923937,0.757801167243067,0.892501464547927,0.88155750346085,0.81166151798285,0.13470029730486,NA,FALSE,FALSE,FALSE,"inconclusive",0.0528016920753145,0.28467399193668
"mu.chi.s[111]","local_continuous",TRUE,0.838664569306719,0.0597125303155919,0.724211076594547,0.851153215000933,0.923752390410248,2.14193768256336,5.2103759036301,19.0143155509235,0.0277680154622885,0.761200830251016,0.898384637876842,0.882576442915995,0.812496366183023,0.137183807625825,NA,FALSE,FALSE,FALSE,"inconclusive",0.0511161941650326,0.186539217820935
"mu.chi.s[112]","local_continuous",TRUE,0.841917169317789,0.0560277776036357,0.733378700435884,0.856237112332417,0.917489608439137,1.81645204978762,5.92777914413993,25.6389220531418,0.0250630686792626,0.779090964865471,0.895886838353751,0.883718901274681,0.808971972777257,0.116795873488281,NA,FALSE,FALSE,FALSE,"inconclusive",0.0581542513061642,0.25152966735806
"mu.chi.s[113]","local_continuous",TRUE,0.839829377778446,0.0600724558674224,0.723149664773856,0.855414072590079,0.926899835456129,2.13420005200096,5.25093956128991,17.5720082732974,0.0275544833495663,0.762730485292423,0.899645251576003,0.882431864557528,0.814509909687835,0.136914766283579,NA,FALSE,FALSE,FALSE,"inconclusive",0.0515141423820773,0.17238951725952
"mu.chi.s[114]","local_continuous",TRUE,0.839591952953062,0.0605006082577634,0.72391237772802,0.857092819720343,0.927735256434932,2.23601985123205,5.07291108318778,19.6791397889382,0.0282990019226306,0.761400546887672,0.901279055463432,0.883136597074117,0.81255161238703,0.13987850857576,NA,FALSE,FALSE,FALSE,"inconclusive",0.0497676007847171,0.193061450662581
"mu.chi.s[115]","local_continuous",TRUE,0.841779106900367,0.0592661876771281,0.730219336274425,0.857713029534517,0.930274582656746,2.15956963437861,5.2194563966078,20.9391190978378,0.0271058370248321,0.770050747382119,0.902489894643976,0.882478929103618,0.812096856471754,0.132439147261857,NA,FALSE,FALSE,FALSE,"inconclusive",0.0512052779952106,0.205422429637776
"mu.chi.s[116]","local_continuous",TRUE,0.841526011185812,0.0590164693563926,0.728478799241676,0.853225857316453,0.934345931954749,2.08881793563712,5.28824301998817,13.6465717876337,0.0269101401387342,0.774793570430382,0.901143425539069,0.883785721568115,0.806381327205684,0.126349855108686,NA,FALSE,FALSE,FALSE,"inconclusive",0.0518801065414999,0.133879172268117
"mu.chi.s[117]","local_continuous",TRUE,0.837258165832683,0.0604942744065942,0.724035434897102,0.850470723355383,0.920932011288003,2.15599389358043,5.19238206233769,26.049545081975,0.0282642487614171,0.757752133824543,0.898175438026932,0.881499446264794,0.811605645214463,0.140423304202389,NA,FALSE,FALSE,FALSE,"inconclusive",0.0509396662710208,0.25555806892806
"mu.chi.s[118]","local_continuous",TRUE,0.841017557095263,0.0573246909797982,0.728324863306843,0.851930167536591,0.926924846975419,2.14894767753173,5.19967029608012,16.6079772144109,0.0260709005137283,0.77065897421133,0.898836627915974,0.87876043472311,0.815814191530642,0.128177653704644,NA,FALSE,FALSE,FALSE,"inconclusive",0.0510111672102983,0.162931927308509
"mu.chi.s[119]","local_continuous",TRUE,0.837317721600603,0.061868594221429,0.721987677353719,0.850545513083863,0.9301495641227,2.1991585470621,5.13234204832618,14.0697373142705,0.0288195700971861,0.759008002008138,0.901738044114317,0.881424439827185,0.807100400452773,0.142730042106179,NA,FALSE,FALSE,FALSE,"inconclusive",0.0503506460024936,0.138030621534655
"mu.chi.s[120]","local_continuous",TRUE,0.837017855584775,0.0600116105330931,0.725643108693454,0.852906965846323,0.917854431134256,2.17155905093599,5.18483971055839,19.3789005940368,0.028086789108671,0.756660047987719,0.896482305884575,0.880821914844491,0.814107153622314,0.139822257896856,NA,FALSE,FALSE,FALSE,"inconclusive",0.0508656723164305,0.190115965487156
"mu.chi.s[121]","local_continuous",TRUE,0.837586233264148,0.0597182369484634,0.726648728912205,0.850618716054806,0.917726508721931,2.02697581977541,5.4863956014063,27.894016056666,0.0273727523392072,0.760381400441593,0.894751846272493,0.88249700351755,0.812714682824958,0.134370445830899,NA,FALSE,FALSE,FALSE,"inconclusive",0.0538240748872415,0.27365318110766
"mu.chi.s[122]","local_continuous",TRUE,0.836900417944917,0.057250038417452,0.725455399105941,0.850964808391517,0.913013465676291,1.97680960452823,5.47544124891513,31.131924966726,0.026189545640402,0.761880468738609,0.889720642448898,0.880892848582617,0.815107712009539,0.127840173710289,NA,FALSE,FALSE,FALSE,"inconclusive",0.0537166076297447,0.30541856302953
"mu.chi.s[123]","local_continuous",TRUE,0.838765554018706,0.0582600738450925,0.726597895439682,0.852763460726157,0.917292279310747,2.01218373630353,5.41629683090577,26.4322003051876,0.0267265720744706,0.766423262254674,0.895717810947244,0.882063681346932,0.810857461525976,0.129294548692569,NA,FALSE,FALSE,FALSE,"inconclusive",0.0531363735716534,0.259312093407248
"mu.chi.s[124]","local_continuous",TRUE,0.836768088510609,0.0604168904325972,0.7239924050293,0.847449585119835,0.923081296982792,2.23127147931419,5.09137666819194,19.7983487261033,0.0282130367492934,0.756921909417752,0.898864063331649,0.87899243251016,0.812293948782877,0.141942153913897,NA,FALSE,FALSE,FALSE,"inconclusive",0.0499487567024284,0.194230945395983
"mu.chi.s[125]","local_continuous",TRUE,0.842540055333354,0.0583399845349499,0.725320468612797,0.861989834553251,0.921163731548533,1.89698496882772,5.71985129183915,23.1038805468462,0.0255884031176466,0.775320756820558,0.898735338476049,0.881759420331186,0.814344705705621,0.123414581655491,NA,FALSE,FALSE,FALSE,"inconclusive",0.0561143830380955,0.226659739305088
"mu.chi.s[126]","local_continuous",TRUE,0.836056486664271,0.0593735984435253,0.722269000048593,0.847761774427241,0.912600317328616,2.08026326753985,5.29697635393107,25.9145486278249,0.0276678578449195,0.758499662243908,0.893222043426444,0.881772764298864,0.810731476687873,0.134722381182535,NA,FALSE,FALSE,FALSE,"inconclusive",0.0519657845812018,0.254233691361151
"mu.chi.s[127]","local_continuous",TRUE,0.838006906152295,0.0578746406115167,0.725501310048134,0.854480242611116,0.911482714679853,1.88880179385607,5.78111984647553,26.4689189234374,0.0255685694199135,0.767523689106761,0.890241078081302,0.88013818022117,0.814124677199945,0.122717388974541,NA,FALSE,FALSE,FALSE,"inconclusive",0.0567154558575867,0.259672320011747
"mu.chi.s[128]","local_continuous",TRUE,0.839244875092461,0.0590747755203602,0.729512578186226,0.852819194077989,0.926904027548449,2.07682433576905,5.2796919800175,17.1862034076716,0.0270389530615324,0.766068994870314,0.898749069405165,0.881317441534735,0.810843994559626,0.132680074534851,NA,FALSE,FALSE,FALSE,"inconclusive",0.0517962168898628,0.168604593333512
"mu.chi.s[129]","local_continuous",TRUE,0.836500986951121,0.0636295930950223,0.71986895871044,0.854510789496236,0.925727946585519,2.20719097775727,5.15572304987849,20.39843704137,0.0298417592574495,0.749569902927529,0.899098834653167,0.883006284813746,0.81432892541004,0.149528931725637,NA,FALSE,FALSE,FALSE,"inconclusive",0.050580024426858,0.200118088935467
"mu.chi.s[130]","local_continuous",TRUE,0.836862046593319,0.0606056078227067,0.723115901311819,0.85191823415327,0.91899690464193,2.07797330335142,5.29246690026724,23.5912318388967,0.0281569438460146,0.756621218952995,0.895362271456935,0.882997730094762,0.812466965868582,0.13874105250394,NA,FALSE,FALSE,FALSE,"inconclusive",0.0519215447579488,0.231440880576234
"mu.chi.s[131]","local_continuous",TRUE,0.838436484174012,0.060289436381577,0.722554067551225,0.855205598507825,0.919845698631499,1.96718257209087,5.50762942331981,27.0145652737259,0.0274598725866288,0.761651146476711,0.896344208912561,0.882185210483492,0.813565370823284,0.13469306243585,NA,FALSE,FALSE,FALSE,"inconclusive",0.0540323884876173,0.265025362729328
"mu.chi.s[132]","local_continuous",TRUE,0.837128664335475,0.0591146402045754,0.725545635444352,0.849381744827878,0.920213353323512,2.11716495768505,5.25741147672821,18.1926314861005,0.0274632933668034,0.760637248069554,0.896320009636654,0.880526760722682,0.811030638913013,0.1356827615671,NA,FALSE,FALSE,FALSE,"inconclusive",0.051577634861753,0.178478117628424
"mu.chi.s[133]","local_continuous",TRUE,0.83740039029176,0.0588198908913904,0.724459257545159,0.846843766870409,0.919925650239407,2.03998854754315,5.38029057055065,23.1376499249872,0.0270915465283866,0.762222266371877,0.894064700123839,0.88209649410738,0.811218100563948,0.131842433751962,NA,FALSE,FALSE,FALSE,"inconclusive",0.0527831355271225,0.226991032501935
"mu.chi.s[134]","local_continuous",TRUE,0.837291914735077,0.0614530543035173,0.720753229706395,0.853888901300581,0.923643418776309,2.11708833141577,5.26538535792947,28.2773912247114,0.0288856662086347,0.751564939627442,0.895133306010828,0.884117865853788,0.81835154744825,0.143568366383387,NA,FALSE,FALSE,FALSE,"inconclusive",0.0516558623192861,0.277414268578184
"mu.chi.s[135]","local_continuous",TRUE,0.837684786968268,0.0618801011048322,0.724162174278474,0.853727345464906,0.929747444798271,2.06727173916654,5.32628296506965,25.6457889952502,0.0284289233156347,0.760531662099996,0.898645834508502,0.883345034976636,0.808216616287937,0.138114172408506,NA,FALSE,FALSE,FALSE,"inconclusive",0.0522532959725076,0.251597035231823
"mu.chi.s[136]","local_continuous",TRUE,0.839997903120652,0.058466115268162,0.726527297736864,0.856353197978269,0.92015388343505,1.90073541783399,5.70868914015708,26.4488312415099,0.0261528417400147,0.768208163207535,0.895351777823989,0.882134433093974,0.814297238357108,0.127143614616454,NA,FALSE,FALSE,FALSE,"inconclusive",0.0560048771745583,0.259475250574009
"mu.chi.s[137]","local_continuous",TRUE,0.839019048064807,0.0598310597161053,0.723985514627183,0.85412904171375,0.926404245205701,2.04181107764627,5.3705316759598,21.4580383434922,0.0273839177562046,0.764297414213234,0.898508806114984,0.88239491704166,0.81087505488935,0.13421139190175,NA,FALSE,FALSE,FALSE,"inconclusive",0.0526873962637818,0.210513267114274
"mu.chi.s[138]","local_continuous",TRUE,0.840684431830075,0.0610835672030748,0.724734201551311,0.855681965212658,0.934781649882285,2.17656370554145,5.14396237355818,17.0208214688563,0.0281118964553251,0.764555347017012,0.902666631484941,0.882700387219052,0.812815361599294,0.138111284467929,NA,FALSE,FALSE,FALSE,"inconclusive",0.0504646467601752,0.166982120127695
"mu.chi.s[139]","local_continuous",TRUE,0.83940587046559,0.0574497740886293,0.725411605668962,0.84970452482904,0.917915356111237,2.01213021474816,5.48030029338317,20.5945361682789,0.0259980208046512,0.767838617267859,0.892469833069109,0.881972080326824,0.815342951198568,0.124631215801251,NA,FALSE,FALSE,FALSE,"inconclusive",0.0537642771002548,0.20204191194403
"mu.chi.s[140]","local_continuous",TRUE,0.840569190527003,0.0581799368815944,0.727803584519669,0.854487495279217,0.922444649410312,2.0236523584531,5.39301835329366,23.9632598097655,0.0262363700186205,0.77113986954485,0.899259106522794,0.880784053683045,0.811093732357321,0.128119236977945,NA,FALSE,FALSE,FALSE,"inconclusive",0.0529080009544958,0.235090646801451
"mu.chi.s[141]","local_continuous",TRUE,0.837941789422101,0.0615542348266086,0.7220923309819,0.852069578807422,0.924568210423108,2.1791946646353,5.12876933635148,25.3531021219935,0.0290799182134612,0.753386056489304,0.898635907229638,0.883568530029092,0.816176663940371,0.145249850740334,NA,FALSE,FALSE,FALSE,"inconclusive",0.0503155960478699,0.248725641819973
"mu.chi.s[142]","local_continuous",TRUE,0.83916601555106,0.0586913171005559,0.719400633177453,0.851918323033609,0.923377163485676,1.9763382220436,5.4578882544689,23.0700910684398,0.0262388367048471,0.767652435392952,0.896759811070037,0.8801526999157,0.81209911582555,0.129107375677085,NA,FALSE,FALSE,FALSE,"inconclusive",0.0535444046469107,0.226328248915353
"mu.chi.s[143]","local_continuous",TRUE,0.841943367940946,0.057869553612398,0.726565387382936,0.856694657451154,0.926748147879156,2.18120521088943,5.15934145875419,15.6963151679869,0.0264952173512729,0.769446944105684,0.900519920096571,0.880364548922165,0.817442058639365,0.131072975990887,NA,FALSE,FALSE,FALSE,"inconclusive",0.0506155226891868,0.153988101557773
"p.a[1]","local_continuous",TRUE,0.783019850011304,0.00691722751840551,0.769755656619958,0.783000278762948,0.796464878460172,1.00161061262828,4874.76729921488,4922.81376544134,9.90879978270815e-05,0.782964974460547,0.782988829842828,0.782734431655252,0.783391164086588,0.000656732431336016,NA,FALSE,FALSE,TRUE,"diagnostics_met_only",47.8237187459765,48.295076771194
"p.a[2]","local_continuous",TRUE,0.85536693829762,0.011459756203434,0.832438442313115,0.855573628579438,0.877227371419747,1.00064970987053,4743.00315281584,4100.37865787566,0.000166023449792858,0.85508030517948,0.855866244905594,0.855713420575927,0.854807782529479,0.00105846237611484,NA,FALSE,FALSE,TRUE,"diagnostics_met_only",46.5310516110333,40.2266085024885
"p.a[3]","local_continuous",TRUE,0.724103149935181,0.00911063850701808,0.706268889201822,0.724130506318932,0.741825846358779,1.00098535625652,4844.17713878416,4679.46294874034,0.000130956510253823,0.724309301505642,0.723858415410612,0.723951928827585,0.724292953996885,0.000450886095029857,NA,FALSE,FALSE,TRUE,"diagnostics_met_only",47.5236151432735,45.9076928613226
"p.a[4]","local_continuous",TRUE,0.74558563295882,0.00852461990095448,0.728554729763765,0.74565904640614,0.761914828438658,1.0006970949183,4985.32331327266,4804.6929123191,0.000120631744378205,0.74544189068635,0.7455548166009,0.745723390561295,0.745622433986735,0.000281499874944968,NA,FALSE,FALSE,TRUE,"diagnostics_met_only",48.9083243071131,47.1362566448133
"p.a[5]","local_continuous",TRUE,0.740194207674197,0.00679297971482371,0.72669071628455,0.740275556195838,0.753316660061462,1.00145238905117,4858.32013260108,4200.58588401868,9.7420080667089e-05,0.740248451631839,0.740430492208301,0.740012883765909,0.740085003090736,0.000417608442392803,NA,FALSE,FALSE,TRUE,"diagnostics_met_only",47.6623644449346,41.209687674319
"p.a[6]","local_continuous",TRUE,0.848559278906086,0.00467885901843864,0.839382486293984,0.84864144604207,0.857539807727589,1.00051244358859,5323.1960208145,4827.81576190557,6.41306932828377e-05,0.848550798043817,0.848537411143499,0.848807197380726,0.848341709056305,0.000465488324420615,NA,FALSE,FALSE,TRUE,"diagnostics_met_only",52.2230116235775,47.3631024791584
"p.a[7]","local_continuous",TRUE,0.709045864676652,0.0100396062887996,0.688959044303482,0.70914305215751,0.728154860503745,1.000248746867,5147.66198358808,4747.42116933328,0.000140403563959084,0.709383288425693,0.70895149409763,0.708903635837198,0.708945040346088,0.000479652588495028,NA,FALSE,FALSE,TRUE,"diagnostics_met_only",50.5009416433316,46.5743943936476
"p.a[8]","local_continuous",TRUE,0.655869668298814,0.00762684953283617,0.640714627047776,0.655962827224101,0.670742906361031,1.0008893453313,5281.86163052859,4962.25668134224,0.000105024077910562,0.65621176668769,0.655623219318118,0.655885234659996,0.655758452529449,0.000588547369571923,NA,FALSE,FALSE,TRUE,"diagnostics_met_only",51.8175021634873,48.6820299939395
"p.a[9]","local_continuous",TRUE,0.657260295111432,0.00987143896421096,0.637868214893556,0.65744364001382,0.676476371987652,1.00002198518905,4978.52296422442,4634.25816012514,0.000140079063631253,0.657198816537469,0.657261402090172,0.657085687210852,0.657495274607234,0.000409587396382749,NA,FALSE,FALSE,TRUE,"diagnostics_met_only",48.8416097420282,45.464213005976
"p.a[10]","local_continuous",TRUE,0.669486902592024,0.00819004266248163,0.653205949526248,0.669433191190813,0.68525861328145,1.00070594040156,4762.23428360598,4199.40350918348,0.000118694218569172,0.669187798468365,0.669532029326638,0.669300637019308,0.669927145553785,0.00073934708542045,NA,FALSE,FALSE,TRUE,"diagnostics_met_only",46.7197178864927,41.1980880310744
"p.a[11]","local_continuous",TRUE,0.765571056483388,0.00545476956430287,0.754886525395144,0.765666321960619,0.776006113043,1.00035257311331,4943.39056918577,4582.69516209073,7.774839713834e-05,0.765676793337726,0.765375546856058,0.765542285338162,0.765689600401608,0.000314053545549808,NA,FALSE,FALSE,TRUE,"diagnostics_met_only",48.4969447198698,44.958356179519
"p.a[12]","local_continuous",TRUE,0.697713084931385,0.0146043361192879,0.668594318057736,0.697892511610631,0.726684122691466,1.00035549319554,4830.56898151857,4559.24626697874,0.000210630218938847,0.6982045352021,0.697131764986468,0.697793335182577,0.697722704354392,0.00107277021563212,NA,FALSE,FALSE,TRUE,"diagnostics_met_only",47.3901128352095,44.7283116879757
"p.a[13]","local_continuous",TRUE,0.705882738307183,0.0101024623343034,0.686097742351088,0.705735274146361,0.725341139350673,1.00079392607055,4851.62238814085,4214.69364084844,0.000144997403026824,0.706347298323458,0.705528790797115,0.706000539029754,0.705654325078403,0.000818507526343493,NA,FALSE,FALSE,TRUE,"diagnostics_met_only",47.5966564782487,41.3480912848608
"p.a[14]","local_continuous",TRUE,0.771581271267213,0.0064787428951515,0.75877865976697,0.771586059007822,0.7841629438765,1.00036414446575,5258.95145253261,5050.34048450817,8.94031251448997e-05,0.771899813724937,0.771507694064478,0.771490878901655,0.771426698377783,0.000473115347154329,NA,FALSE,FALSE,TRUE,"diagnostics_met_only",51.5927427356729,49.54617278684
"p.a[15]","local_continuous",TRUE,0.714844358020663,0.00684564722625147,0.701420404775386,0.714840704558428,0.72835686543357,1.00037807999731,5304.19268029842,4850.06328522969,9.41146640517561e-05,0.715005962417918,0.714675207487088,0.714798262464015,0.714897999713633,0.000330754930829791,NA,FALSE,FALSE,TRUE,"diagnostics_met_only",52.0365800759175,47.5813609585772
"p.a[16]","local_continuous",TRUE,0.719800793961508,0.00687396081443316,0.70647061387586,0.719704485276303,0.733352780333354,1.00085786050805,4962.41349262304,4232.57004550292,9.76217552863529e-05,0.719778783003335,0.71968445677022,0.71984905391428,0.719890882158197,0.000206425387976439,NA,FALSE,FALSE,TRUE,"diagnostics_met_only",48.6835683850316,41.5234670712134
"p.a[17]","local_continuous",TRUE,0.762949420745716,0.00532795587355982,0.752352131130992,0.763069660546083,0.773237546313949,1.0004460736244,5279.67786482211,4865.23291576651,7.33822490595884e-05,0.762814000163754,0.763005355838569,0.762947588106467,0.763030738874076,0.000216738710321462,NA,FALSE,FALSE,TRUE,"diagnostics_met_only",51.7960784132766,47.73018204064
"p.a[18]","local_continuous",TRUE,0.70884465515606,0.00669185699165898,0.695603896507792,0.70892820813156,0.721655291930783,1.00004296640925,4879.38363204832,4532.85731568916,9.59610544785668e-05,0.708918210384156,0.708988597790791,0.708676482240578,0.708795330208711,0.000312115550213266,NA,FALSE,FALSE,TRUE,"diagnostics_met_only",47.8690071032484,44.4694238873873
"p.a[19]","local_continuous",TRUE,0.726736532129224,0.00641975193599316,0.714060012296269,0.72686231054349,0.739117717641198,1.00051379818158,4968.02376308693,4325.96485191323,9.12045378006654e-05,0.726575786371056,0.727001071215643,0.726505574123484,0.726863696806716,0.000495497092158681,NA,FALSE,FALSE,TRUE,"diagnostics_met_only",48.7386077295346,42.439713258969
"p.a[20]","local_continuous",TRUE,0.863012175617883,0.00721195824277087,0.848821940809325,0.863134302183984,0.876940733700926,1.00253243609923,4804.05900359003,4525.18936868932,0.000104052867110198,0.862835456049142,0.863265057988591,0.863220562010615,0.862727626423187,0.000537431565403423,NA,FALSE,FALSE,TRUE,"diagnostics_met_only",47.1300377073935,44.394197785674
"p.a[21]","local_continuous",TRUE,0.741371136575341,0.00987211073521145,0.721701573898113,0.741364530887466,0.759878178418734,1.00136239386432,4970.66262603216,4855.46352805916,0.000140036583877638,0.741534308142886,0.741040639462293,0.741133124892725,0.74177647380346,0.000735834341167418,NA,FALSE,FALSE,TRUE,"diagnostics_met_only",48.7644961938563,47.6343398349798
"p.a[22]","local_continuous",TRUE,0.701170685861111,0.00705703707755954,0.687422840827587,0.701102040791102,0.714972483027105,1.00066412154093,5108.88381598886,4311.01586056791,9.87456162180111e-05,0.701353291409592,0.701312339898787,0.700909577785935,0.70110753435013,0.000443713623656805,NA,FALSE,FALSE,TRUE,"diagnostics_met_only",50.1205099084572,42.293056749283
"p.a[23]","local_continuous",TRUE,0.718931893379303,0.00780667520389471,0.703139589205619,0.71899996654126,0.733985756201224,1.0005102082775,4893.8044714567,4736.42683617152,0.000111750027756203,0.718904567049446,0.719029014368383,0.718949517749478,0.718844474349905,0.000184540018478119,NA,FALSE,FALSE,TRUE,"diagnostics_met_only",48.0104821984922,46.466534907306
"p.a[24]","local_continuous",TRUE,0.725529194777067,0.00774124606883589,0.710316322440013,0.725487332984487,0.740700121387954,0.999744716879146,5029.30474809082,4374.56570009988,0.00010923151846713,0.725637704256684,0.725527999113933,0.725599288874807,0.725351786862846,0.00028591739383732,NA,FALSE,FALSE,TRUE,"diagnostics_met_only",49.3398024966725,42.9165100272719
"p.a[25]","local_continuous",TRUE,0.684030591094386,0.00634933059474558,0.671332007189009,0.68398698688492,0.696198477062725,1.0007055877745,5174.09907751723,4840.9365819671,8.83124715704053e-05,0.68396170269327,0.684024681174874,0.683974636309011,0.684161344200393,0.000199641507123038,NA,FALSE,FALSE,TRUE,"diagnostics_met_only",50.7603017454502,47.491823784161
"p.a[26]","local_continuous",TRUE,0.698022743160629,0.0071796257442866,0.684546616614189,0.697929015209608,0.712059787317501,1.00046607115111,4756.44269050417,4374.5510741864,0.000104048211418126,0.698011300766239,0.69799238153803,0.697988546233889,0.698098744104358,0.000110197870468842,NA,FALSE,FALSE,TRUE,"diagnostics_met_only",46.662899683163,42.9163665403053
"p.a[27]","local_continuous",TRUE,0.658139339747608,0.00811588674055597,0.642458201108481,0.65809794178783,0.673957528848857,1.00062460259606,4874.11023299758,4896.44492102016,0.000116663580840569,0.658436780199101,0.658177896762252,0.657988127886779,0.657954554142299,0.000482226056802149,NA,FALSE,FALSE,TRUE,"diagnostics_met_only",47.8172726229014,48.0363862282714
"p.a[28]","local_continuous",TRUE,0.701997601625732,0.00682539063061905,0.688916598526225,0.702015829473935,0.715619345332165,1.00135408191569,4658.64628603549,4716.97178707026,0.000100475975096876,0.702119063052963,0.701951096447948,0.701617312926132,0.702302934075887,0.0006856211497549,NA,FALSE,FALSE,TRUE,"diagnostics_met_only",45.7034717854598,46.2756718897918
"p.a[29]","local_continuous",TRUE,0.71272497102965,0.00930836007288587,0.693906378771673,0.712854493188181,0.730691225397863,1.00004388221851,5338.10485722723,4945.61882634403,0.000127324376051416,0.712689224642151,0.712773861397149,0.712611803994076,0.712824994085225,0.000213190091149063,NA,FALSE,FALSE,TRUE,"diagnostics_met_only",52.3692741948282,48.5188049517721
"p.a[30]","local_continuous",TRUE,0.589362850424044,0.0109861133656518,0.567692729114149,0.589470028023288,0.610410414013693,1.00017155210941,4848.80839255477,4151.89681290413,0.00015792216011405,0.58957246727435,0.589253142959153,0.588916426141374,0.589709365321298,0.000792939179923735,NA,FALSE,FALSE,TRUE,"diagnostics_met_only",47.5690498818307,40.7320253983453
"p.a[31]","local_continuous",TRUE,0.634202299406656,0.0078183622072301,0.618845940514201,0.634378012218746,0.649581789008492,1.00143729812521,5146.93045024684,4528.60603215058,0.000108657310510792,0.634192030749261,0.634168313330709,0.634066290730195,0.634382562816462,0.000316272086267277,NA,FALSE,FALSE,TRUE,"diagnostics_met_only",50.493764963376,44.4277168323056
"p.a[32]","local_continuous",TRUE,0.646148649813565,0.00789781732720503,0.630523199831859,0.646212962758002,0.661256381077885,1.00079780034025,4847.22073717069,4793.25435112799,0.000113470998146723,0.646360945961082,0.646225082964116,0.645911879786072,0.646096690542992,0.00044906617501006,NA,FALSE,FALSE,TRUE,"diagnostics_met_only",47.5534742492122,47.0240390763253
"p.a[33]","local_continuous",TRUE,0.665883392656069,0.00741449910659508,0.651477489303142,0.665731707032738,0.680851687334919,1.00102055099277,4809.05124454622,4506.35157428468,0.000107370692847835,0.666163638136182,0.665567783523089,0.665926031566137,0.665876117398869,0.000595854613092861,NA,FALSE,FALSE,TRUE,"diagnostics_met_only",47.1790138969727,44.209390321829
"p.a[34]","local_continuous",TRUE,0.684796339433439,0.00663421587019864,0.671593079389461,0.684799255055793,0.69774203382434,1.00065445784485,5293.17909925302,4111.66016110974,9.11637081997445e-05,0.685219762298161,0.684468163977862,0.684861302195369,0.684636129262368,0.00075159832029903,NA,FALSE,FALSE,TRUE,"diagnostics_met_only",51.9285317589473,40.3372852598766
"p.a[35]","local_continuous",TRUE,0.714298242479891,0.00677184925900311,0.700985240597817,0.714368391040215,0.727156694511954,1.00038118530253,5186.57573448042,4523.5222783072,9.39158160092823e-05,0.714507327371734,0.714098645510701,0.714200360110016,0.714386636927112,0.000408681861033044,NA,FALSE,FALSE,TRUE,"diagnostics_met_only",50.8827035129343,44.3778428590354
"p.a[36]","local_continuous",TRUE,0.761822685266025,0.00583828629179137,0.750476751323902,0.761910292285301,0.773322465003037,1.00113147639137,4726.99889252057,4374.4870773941,8.48547091112878e-05,0.761659326642081,0.761751766324295,0.762178181385364,0.761701466712361,0.00051885474328317,NA,FALSE,FALSE,TRUE,"diagnostics_met_only",46.3740424255442,42.9157387022142
"p.a[37]","local_continuous",TRUE,0.779040686801021,0.00664572157586194,0.766285560752324,0.779069846068266,0.792290782288584,1.00013016800095,4946.28747091188,4446.83524865867,9.4499238536357e-05,0.779161701990818,0.778927288188364,0.779133817653322,0.778939939371581,0.000234413802454148,NA,FALSE,FALSE,TRUE,"diagnostics_met_only",48.5253646638139,43.6255076782431
"p.a[38]","local_continuous",TRUE,0.756244948632418,0.00745498157112612,0.741651550845035,0.756261877265493,0.77044974778798,1.00032829276968,5414.45000133466,5162.8995523061,0.000101249375515865,0.756486807743987,0.756189358913513,0.756272017999556,0.756031609872618,0.000455197871368829,NA,FALSE,FALSE,TRUE,"diagnostics_met_only",53.1182553205535,50.650429230331
"p.a[39]","local_continuous",TRUE,0.747075010376648,0.00624790257005253,0.734644853748095,0.74704131502121,0.759365333064886,1.00074726770377,5136.03717610109,4136.12223263486,8.73368936352794e-05,0.747307157635682,0.746843387199139,0.747283944776597,0.746865551895172,0.000463770436543331,NA,FALSE,FALSE,TRUE,"diagnostics_met_only",50.3868969126583,40.5772694799951
"p.a[40]","local_continuous",TRUE,0.714155733907524,0.00637897930960338,0.701418319545471,0.714189146627086,0.726409816773462,1.00123102288201,4662.83527786868,4394.50762790168,9.3379061270652e-05,0.714418168300563,0.713666143285544,0.714336738527638,0.71420188551635,0.000752025015018809,NA,FALSE,FALSE,TRUE,"diagnostics_met_only",45.7445677301405,43.1121495497163
"p.a[41]","local_continuous",TRUE,0.750752943123414,0.00672605195934465,0.737241211510297,0.750779962520755,0.76379272175078,0.999670589879883,5036.79998774187,4652.10748809723,9.47146060713454e-05,0.75075239334334,0.750921463888906,0.750658628998992,0.750679286262417,0.000262834889913965,NA,FALSE,FALSE,TRUE,"diagnostics_met_only",49.4133342595247,45.6393231575681
"p.a[42]","local_continuous",TRUE,0.740849931986967,0.00924966012774328,0.722438650464395,0.740836157785466,0.759157065741715,1.00053909495589,4976.08004499129,4484.75191980957,0.000131226737322049,0.740822097959121,0.740902815650977,0.74044680543858,0.74122800889919,0.000781203460608948,NA,FALSE,FALSE,TRUE,"diagnostics_met_only",48.8176435760241,43.9974877350544
"p.a[43]","local_continuous",TRUE,0.707743669050945,0.0100320874186426,0.688180461535825,0.707780030095195,0.727200391573368,1.00088977641847,4884.44555388016,4333.19112362915,0.000143460004511558,0.708115309560748,0.707268372000289,0.707633141955419,0.707957852687322,0.00084693756045906,NA,FALSE,FALSE,TRUE,"diagnostics_met_only",47.9186668944018,42.5106063221476
"p.a[44]","local_continuous",TRUE,0.730617205079278,0.00729237245004263,0.716652627477482,0.730662039624934,0.744872864143412,1.0004243254381,4972.54071954099,4466.25533353281,0.000103338980663586,0.730745874862897,0.730548344309577,0.730309201153682,0.73086539999096,0.0005561988372772,NA,FALSE,FALSE,TRUE,"diagnostics_met_only",48.7829211586252,43.81602768054
"p.a[45]","local_continuous",TRUE,0.715127764799481,0.00851700506596785,0.698399960790981,0.71511894040856,0.731786944687023,0.999994059871428,4855.32135405982,4901.91562726294,0.000122485372690167,0.71518969362073,0.714931936757508,0.715214157187609,0.71517527163208,0.000282220430100399,NA,FALSE,FALSE,TRUE,"diagnostics_met_only",47.6329450423795,48.090056383304
"p.a[46]","local_continuous",TRUE,0.75102882997733,0.00681731474861141,0.737606488437098,0.751065931355269,0.764072083877507,1.00079749295286,5065.62510642164,4749.8211819733,9.60364760030698e-05,0.751086630080949,0.751199227652741,0.751056077139282,0.750773385036349,0.000425842616392114,NA,FALSE,FALSE,TRUE,"diagnostics_met_only",49.6961219874195,46.5979396261557
"p.a[47]","local_continuous",TRUE,0.740589086918535,0.0071376290132075,0.726157614984161,0.740670256664745,0.75430798115343,1.00076546838863,5230.29636239192,4744.13972974825,9.87557104025643e-05,0.740632174304924,0.740894093556015,0.740343040344314,0.740487039468886,0.000551053211701347,NA,FALSE,FALSE,TRUE,"diagnostics_met_only",51.3116230662787,46.5422019556984
"p.a[48]","local_continuous",TRUE,0.680339827606186,0.00771527660222642,0.665270995105283,0.68026958100944,0.695436133491569,1.00063949871631,5445.30389163298,4833.72480964007,0.000104353580809844,0.680547411931698,0.68036517280802,0.680386382108252,0.680060343576778,0.00048706835491974,NA,FALSE,FALSE,TRUE,"diagnostics_met_only",53.4209462350683,47.4210729666843
"p.a[49]","local_continuous",TRUE,0.744929100341293,0.01306027066534,0.717939723804982,0.74509640767081,0.770139941320063,1.00026540495986,4996.76988242305,4497.34859913768,0.000184955068817954,0.744600475856801,0.744805486513983,0.745313123554821,0.744997315439566,0.000712647698019486,NA,FALSE,FALSE,TRUE,"diagnostics_met_only",49.0206204373804,44.1210669773739
"p.a[50]","local_continuous",TRUE,0.600746319928123,0.00915014158524031,0.582831649900567,0.600758851506937,0.618730907961848,1.00080753861448,4609.8658353034,4283.12091510994,0.000134734630448965,0.600621031621315,0.600506514316501,0.601365769121698,0.600491964652975,0.000873804468722983,NA,FALSE,FALSE,TRUE,"diagnostics_met_only",45.224913033232,42.0193944503192
"p.a[51]","local_continuous",TRUE,0.584814733328148,0.00721493705685217,0.570444152698506,0.584947773869305,0.599017377473382,1.00215878769868,4677.11485339746,5207.4600249976,0.000105489622457722,0.584044895056243,0.585183682542114,0.585007216711231,0.585023139002998,0.0011387874858706,NA,FALSE,FALSE,TRUE,"diagnostics_met_only",45.8846569614788,51.0875880488718
"p.a[52]","local_continuous",TRUE,0.61714066592798,0.0112755157468695,0.594655726881602,0.617088897963951,0.638896299120854,1.00046156052799,4310.72420445664,4171.44667083299,0.000171797970857754,0.617230758795895,0.616674200952233,0.616880087063189,0.617777616900602,0.00110341594836916,NA,FALSE,FALSE,TRUE,"diagnostics_met_only",42.2901954681223,40.9238185342482
"p.a[53]","local_continuous",TRUE,0.665656369284931,0.0114197803463926,0.643228892990801,0.665589786827273,0.687994211948436,1.00084647481063,5029.68768667,4696.6346591747,0.000161315800109362,0.666367418750494,0.665306512140102,0.665651959792445,0.66529958645668,0.00106783229381435,NA,FALSE,FALSE,TRUE,"diagnostics_met_only",49.3435593010046,46.076155271894
"p.a[54]","local_continuous",TRUE,0.681252684134832,0.0085264094006992,0.664160018151498,0.68140662243884,0.697637755008921,1.00123875936297,4830.26136903877,4147.47124983787,0.00012258769177273,0.681465229688694,0.681346312257333,0.680995076842218,0.681204117751084,0.000470152846475669,NA,FALSE,FALSE,TRUE,"diagnostics_met_only",47.3870950147036,40.6886085806015
"p.a[55]","local_continuous",TRUE,0.739005016538621,0.0074658307233929,0.724103571176163,0.739035631943435,0.753628406342492,1.00018516510358,5421.11708363852,5106.62382403352,0.000101381810327743,0.738755676117377,0.739117948327194,0.738923593583044,0.739222848126868,0.000467172009491312,NA,FALSE,FALSE,TRUE,"diagnostics_met_only",53.1836624773233,50.098338343538
"p.a[56]","local_continuous",TRUE,0.716478703382194,0.00702244640575212,0.70235946606208,0.71651106698638,0.72997651616935,1.00020681889758,4411.5612815236,4552.33463665024,0.000105708535942319,0.716568933911363,0.716446486571018,0.716589048905591,0.716310344140805,0.000278704764785975,NA,FALSE,FALSE,TRUE,"diagnostics_met_only",43.27945376843,44.6605054021332
"p.a[57]","local_continuous",TRUE,0.704868144104425,0.00778945434778758,0.689449239228289,0.705088524320618,0.719674898541004,1.00106966791515,4973.8806914109,4941.26390784202,0.000110406387856591,0.704605230945792,0.705237454102797,0.704559819667333,0.705070071701781,0.000677634435464314,NA,FALSE,FALSE,TRUE,"diagnostics_met_only",48.7960669015706,48.4760811898327
"p.a[58]","local_continuous",TRUE,0.673949743635291,0.00869349913516021,0.657007127245406,0.673932776032382,0.690791558808693,1.00011466938689,5256.24621262835,4731.2597571501,0.000120082641292374,0.673852687536935,0.673947649652391,0.673904053791579,0.674094583560262,0.000241896023326804,NA,FALSE,FALSE,TRUE,"diagnostics_met_only",51.5662030827252,46.4158434755533
"p.a[59]","local_continuous",TRUE,0.665243743861548,0.00822129121560542,0.649361977945842,0.665088369204674,0.681557844148254,1.00154503020023,5044.36073810149,4662.03461576256,0.000115987087001086,0.665527903164433,0.665320724595838,0.664794187495824,0.665332160190102,0.000733715668608692,NA,FALSE,FALSE,TRUE,"diagnostics_met_only",49.4875087126858,45.7367128650724
"p.a[60]","local_continuous",TRUE,0.741062537727347,0.00792452568980278,0.725491937188568,0.741209802745807,0.756360868948411,1.00057268216025,5394.2667635667,4514.97990647611,0.000108224131906618,0.740846225968742,0.741186799824455,0.741092096270098,0.741125028846094,0.000340573855712956,NA,FALSE,FALSE,TRUE,"diagnostics_met_only",52.9202484358857,44.2940382458512
"p.a[61]","local_continuous",TRUE,0.620888028701287,0.0104949830614239,0.599933525949686,0.620884391677896,0.641075628428143,1.00073537471814,5265.5643701079,4769.68549260621,0.000144696029471507,0.620844193820917,0.621319013757958,0.620430178381593,0.620958728844682,0.000888835376364305,NA,FALSE,FALSE,TRUE,"diagnostics_met_only",51.657618511438,46.7928176883236
"p.a[62]","local_continuous",TRUE,0.552944588271009,0.00779238340178516,0.537705176862175,0.552948364892497,0.568309887511528,1.0012288549644,5052.54669590558,4321.77681548199,0.000109625804696539,0.553459110670558,0.55273648316451,0.552933094273409,0.552649664975559,0.000809445694998079,NA,FALSE,FALSE,TRUE,"diagnostics_met_only",49.5678167396459,42.3986266872227
"p.a[63]","local_continuous",TRUE,0.647451540888762,0.0075291876980618,0.632429344134196,0.647519009316694,0.66188735098498,1.0012139302375,5041.79661827231,4387.42250083516,0.000106295901720195,0.647990584484338,0.647111810368814,0.647371166837729,0.647332601864165,0.000878774115523395,NA,FALSE,FALSE,TRUE,"diagnostics_met_only",49.4623535128547,43.0426411807397
"p.a[64]","local_continuous",TRUE,0.627436407986523,0.00896257199893454,0.61006760690399,0.627405802485933,0.645315957394686,1.00086291297669,5046.7136348065,4612.41238655749,0.00012624823073933,0.627437823846721,0.627178731922106,0.627659996148136,0.627469080029127,0.000481264226029898,NA,FALSE,FALSE,TRUE,"diagnostics_met_only",49.5105917161098,45.2498958772269
"p.a[65]","local_continuous",TRUE,0.617515926400816,0.00844679377713501,0.601085749880459,0.617546769381068,0.634055606690413,1.00871496028901,3347.71039752592,4674.08576230242,0.000146127177074274,0.615795736372051,0.617891530910244,0.61812959351377,0.618246844807198,0.0024511084351464,NA,FALSE,FALSE,TRUE,"diagnostics_met_only",32.8425852286419,45.8549401787703
"p.a[66]","local_continuous",TRUE,0.605814162894514,0.00654920153426009,0.592817729444923,0.605774870006363,0.61830321529059,1.00024570362064,5063.80036951485,4602.18859323056,9.20075592911919e-05,0.605817833078364,0.605996550320455,0.6056482909157,0.605793977263534,0.000348259404755247,NA,FALSE,FALSE,TRUE,"diagnostics_met_only",49.6782204755607,45.1495957425593
"p.a[67]","local_continuous",TRUE,0.604243634416489,0.0080894246593311,0.5882653646772,0.604288553576118,0.61984079139472,1.00132244134006,4797.4193482529,4345.79986205049,0.000116934903219317,0.604708684020068,0.604325456862205,0.604090832775546,0.603849564008136,0.000859120011932002,NA,FALSE,FALSE,TRUE,"diagnostics_met_only",47.0648996218351,42.6343038697415
"p.a[68]","local_continuous",TRUE,0.63573602231096,0.0094449597219029,0.61721740445546,0.635731305201915,0.653954299398909,1.00018927523154,4886.27725815254,4125.65769694282,0.000134917967211914,0.635655321448493,0.635880917580829,0.635602057670363,0.635805792544156,0.000278859910466278,NA,FALSE,FALSE,TRUE,"diagnostics_met_only",47.936636759335,40.4746075515326
"p.a[69]","local_continuous",TRUE,0.602174320495967,0.00944914020144736,0.583098556170365,0.602035645582913,0.620407117137067,1.00021826763689,4650.32190694128,4493.57894316365,0.000138667578777131,0.602009863223415,0.602142511071018,0.602309542157439,0.602235365531994,0.000299678934024161,NA,FALSE,FALSE,TRUE,"diagnostics_met_only",45.6218057817101,44.084084911153
"p.a[70]","local_continuous",TRUE,0.649775105689949,0.0106437492753399,0.628280764350841,0.650030142669873,0.670035892853557,1.00110233693501,5048.03507581863,4471.14858734264,0.000150006459579166,0.650213529221485,0.6495192458647,0.649602700457819,0.64976494721579,0.000694283356785785,NA,FALSE,FALSE,TRUE,"diagnostics_met_only",49.5235556627813,43.8640327604937
"p.a[71]","local_continuous",TRUE,0.665516962742884,0.00852012861155405,0.648583470358145,0.665600805884124,0.681975193219994,1.00125091413496,5084.11744428542,4748.00491511028,0.000119529779503847,0.665516923904899,0.665272955928767,0.665256676080771,0.666021295057099,0.000764618976327514,NA,FALSE,FALSE,TRUE,"diagnostics_met_only",49.8775403630403,46.5801212093384
"p.a[72]","local_continuous",TRUE,0.726709960993921,0.00616482015616446,0.714759440154347,0.726736391788979,0.738878656352905,1.0012769703154,4888.86375919693,4362.42326877869,8.81781409549904e-05,0.7267345506945,0.726694687812605,0.726526916707132,0.726883688761446,0.000356772054314503,NA,FALSE,FALSE,TRUE,"diagnostics_met_only",47.9620115292246,42.7973871677068
"p.a[73]","local_continuous",TRUE,0.635832208652849,0.00962268294639599,0.616780848687734,0.635821030603609,0.654568543495769,1.01226853814969,3528.84349366867,4904.88338879549,0.000161897564491238,0.633489916402542,0.636565847069657,0.63623632308321,0.637036748055987,0.00354683165344449,NA,FALSE,FALSE,FALSE,"inconclusive",34.6195845629308,48.1191714946777
"p.a[74]","local_continuous",TRUE,0.734095423572755,0.00625468363918417,0.721583995542478,0.734192505394015,0.746416951256202,1.00069828313513,5221.29783645887,4149.99492805111,8.65968617831508e-05,0.734428584455174,0.733967707907973,0.734080916442118,0.733904485485758,0.000524098969415632,NA,FALSE,FALSE,TRUE,"diagnostics_met_only",51.2233433706674,40.7133670295011
"p.a[75]","local_continuous",TRUE,0.741481541098217,0.00709743585347338,0.727527800646714,0.741446637986317,0.755247749071437,0.999964890868244,5646.14941137707,4966.69926240477,9.41519198309928e-05,0.741457111177624,0.741291004857793,0.741574909312008,0.741603139045444,0.000312134187650637,NA,FALSE,FALSE,TRUE,"diagnostics_met_only",55.3913335495925,48.7256137660869
"p.a[76]","local_continuous",TRUE,0.80981846945319,0.010730038246321,0.78851381958831,0.809778874943716,0.83066641216174,1.00138986592152,4572.52001224102,4663.7936570161,0.000158649037499595,0.809700953961565,0.809330846012388,0.810534743214109,0.8097073346247,0.00120389720172065,NA,FALSE,FALSE,TRUE,"diagnostics_met_only",44.8585332598302,45.7539698722295
"p.a[77]","local_continuous",TRUE,0.76352336260569,0.00723595279608936,0.749075772997296,0.763652004512096,0.777620989023106,1.00150983023582,4956.01973545044,4182.76506868586,0.000102802203479339,0.763125378594299,0.763826894925069,0.763668155598991,0.763473021304402,0.000701516330769647,NA,FALSE,FALSE,TRUE,"diagnostics_met_only",48.6208426740419,41.0348572448874
"p.a[78]","local_continuous",TRUE,0.758898165097222,0.00739752098195214,0.744254448344522,0.758988518827302,0.773170842707589,1.00035560901096,5268.85064402167,4845.30521202398,0.000101944610272023,0.758964556667033,0.758511607734827,0.758957241632298,0.759159254354734,0.000647646619906905,NA,FALSE,FALSE,TRUE,"diagnostics_met_only",51.689858376385,47.5346820627868
"p.a[79]","local_continuous",TRUE,0.821988986075518,0.0076068029790356,0.806883554788746,0.822128464341532,0.8367426158625,1.00090507105557,4755.01330035627,4031.64293409282,0.000110369967815448,0.822090703153398,0.822172349378322,0.821820667743867,0.821872224026484,0.00035168163445487,NA,FALSE,FALSE,TRUE,"diagnostics_met_only",46.6488767056103,39.5522793047603
"p.a[80]","local_continuous",TRUE,0.666886483646214,0.0114085999329237,0.644741385196062,0.666889486194022,0.689229900238097,1.00003384415457,5303.96120189398,5054.31150500456,0.000156677891889857,0.666985392414922,0.666981019934669,0.666809741673645,0.666769780561618,0.00021561185330321,NA,FALSE,FALSE,TRUE,"diagnostics_met_only",52.0343091658554,49.5851303320308
"p.a[81]","local_continuous",TRUE,0.71814849292511,0.00585630398767879,0.70683424281275,0.718149024432155,0.729566765686711,1.00013941391428,4681.80573153737,4673.04396593335,8.55107924777533e-05,0.718322015976602,0.718160709681733,0.717948956608251,0.718162289433853,0.000373059368350748,NA,FALSE,FALSE,TRUE,"diagnostics_met_only",45.930676642638,45.8447196752085
"p.a[82]","local_continuous",TRUE,0.659262868182111,0.00843852389134525,0.642945141909467,0.659340284987357,0.675625590253328,1.00104331138931,4560.81617619478,4073.67662305592,0.000124911793398038,0.659601415339515,0.659101014938397,0.659301893560353,0.659047148890184,0.000554266449331542,NA,FALSE,FALSE,TRUE,"diagnostics_met_only",44.7437132224893,39.9646492078633
"p.a[83]","local_continuous",TRUE,0.681583043719433,0.00715013299089974,0.667431035163353,0.681664037825047,0.695509123946265,1.00082935257643,5288.65036868558,4913.26080194412,9.83508354916485e-05,0.681927609830706,0.681775116962566,0.681212108192662,0.681417339891798,0.000715501638044791,NA,FALSE,FALSE,TRUE,"diagnostics_met_only",51.8841028203663,48.2013577869964
"p.a[84]","local_continuous",TRUE,0.64605411670633,0.00877121879568761,0.628808490142689,0.646084071978089,0.663098969824809,1.00085483445899,5056.291927219,4590.85583305578,0.000123372207780193,0.645964088393601,0.64590257269919,0.646169534767357,0.646180270965174,0.000277698265984228,NA,FALSE,FALSE,TRUE,"diagnostics_met_only",49.604559188665,45.0384161309086
"p.a[85]","local_continuous",TRUE,0.673578983384472,0.00745900406372951,0.659015530809267,0.673586799515941,0.68826181971252,1.00202132722715,4600.47652785871,4614.90925023277,0.000110057542094634,0.673549928782432,0.673298084491922,0.673266566698592,0.674201353564944,0.000934786866352066,NA,FALSE,FALSE,TRUE,"diagnostics_met_only",45.1327995904987,45.2743912631242
"p.a[86]","local_continuous",TRUE,0.688747201293923,0.00843843446655141,0.672330733473934,0.688779727316459,0.705339757397591,1.00045009433335,5091.72691250789,4829.71811148995,0.000118247232500376,0.688772287420106,0.688934337955828,0.688601458314415,0.688680721485347,0.00033287964141282,NA,FALSE,FALSE,TRUE,"diagnostics_met_only",49.9521927609376,47.3817654072318
"p.a[87]","local_continuous",TRUE,0.6794143460627,0.00749484464996424,0.664514741733425,0.679389099358034,0.694218734352621,1.00075982353046,4830.2968256971,4682.94724326086,0.000108042758287761,0.679245815504632,0.679266720164666,0.679543095474931,0.679601753106575,0.000355937601942524,NA,FALSE,FALSE,TRUE,"diagnostics_met_only",47.3874428608984,45.9418753998828
"p.a[88]","local_continuous",TRUE,0.605323651587601,0.00933460371122863,0.586949356212632,0.605448011368563,0.623578550454852,1.00132932165864,5088.13841269687,4372.66123887025,0.000130925674297048,0.60498972637885,0.605092432720138,0.605426046697925,0.605786400553492,0.000796674174642464,NA,FALSE,FALSE,TRUE,"diagnostics_met_only",49.9169879203475,42.8978263829833
"p.a[89]","local_continuous",TRUE,0.643361371467876,0.00746807125394691,0.628379401817472,0.643380037639225,0.657682360944823,1.00137614100593,4861.32039671301,4326.60189411852,0.000107028559077861,0.643691436519109,0.643264220760768,0.643101350981638,0.643388477609989,0.00059008553747042,NA,FALSE,FALSE,TRUE,"diagnostics_met_only",47.6917984216244,42.4459629372377
"p.a[90]","local_continuous",TRUE,0.63131284363772,0.0100168085157033,0.611664016322471,0.631206841364164,0.650965500245614,1.00072593302536,4554.5258091535,4059.98664919395,0.000148709499174012,0.631360684040793,0.631334948804287,0.630727171313644,0.631828570392154,0.00110139907851003,NA,FALSE,FALSE,TRUE,"diagnostics_met_only",44.6820018164413,39.8303442411995
"p.a[91]","local_continuous",TRUE,0.680750165233588,0.00647178773535094,0.668084493816019,0.680748934312313,0.693471309412217,1.00049379593322,4592.63836576425,4590.14327932964,9.54794409104866e-05,0.680973466247788,0.680865929499573,0.680691297654473,0.680469967532519,0.000503498715268558,NA,FALSE,FALSE,TRUE,"diagnostics_met_only",45.0559036000888,45.0314256497434
"p.a[92]","local_continuous",TRUE,0.719061642480781,0.0101842793389387,0.699212475851178,0.719243911433159,0.738419983270255,1.0001182345658,4893.88399755071,4560.48606558359,0.000144716078400803,0.719049864855907,0.719095218662534,0.719242896703486,0.718858589701198,0.000384307002288087,NA,FALSE,FALSE,TRUE,"diagnostics_met_only",48.0112623862056,44.7404746849232
"p.a[93]","local_continuous",TRUE,0.712877004650523,0.0106780725023564,0.69187087894405,0.713056757080343,0.733591724224415,1.00030701792945,4986.28940711672,4329.3044198076,0.000151594364036962,0.713117065057508,0.713227401761454,0.712389023855111,0.712774527928016,0.000838377906342669,NA,FALSE,FALSE,TRUE,"diagnostics_met_only",48.9178021339395,42.4724759624809
"p.a[94]","local_continuous",TRUE,0.746914348878743,0.0091445704767912,0.729030074746227,0.746820138830805,0.764621864871104,1.00034607167222,4731.89847674694,4069.82005574599,0.000132707716126452,0.747024169042613,0.746896766474475,0.74702970729833,0.746706752699552,0.000322954598777736,NA,FALSE,FALSE,TRUE,"diagnostics_met_only",46.4221096098079,39.9268145012949
"p.a[95]","local_continuous",TRUE,0.776783730855692,0.00910206934351761,0.758925000031809,0.776820931010313,0.794394790544372,0.999929837465527,4850.72904267008,4576.95159352277,0.000130432353192821,0.776558720490981,0.77685330036433,0.776966942710705,0.776755959856754,0.000408222219723142,NA,FALSE,FALSE,TRUE,"diagnostics_met_only",47.5878923465652,44.9020091190477
"p.a[96]","local_continuous",TRUE,0.754085341367135,0.00817356883588585,0.737638621064127,0.754103346256971,0.76981052625198,1.00073844596281,4602.8128200965,4163.09201419004,0.000120639555553766,0.754038791581642,0.753918646051074,0.753876001251023,0.754507926584801,0.000631925333777428,NA,FALSE,FALSE,TRUE,"diagnostics_met_only",45.15571969643,40.841855493761
"p.a[97]","local_continuous",TRUE,0.759082595856374,0.0102630468844553,0.738808361612802,0.759057000745296,0.778725716902599,1.00085074130103,4765.29983511565,4135.90513073215,0.000148543453729965,0.759522926593293,0.758854494255423,0.759216314388052,0.758736648188731,0.000786278404561802,NA,FALSE,FALSE,TRUE,"diagnostics_met_only",46.7497923627089,40.5751396100553
"p.a[98]","local_continuous",TRUE,0.682937351674448,0.00988731463027577,0.663825069642337,0.682902541564286,0.702831986699873,1.00049691566878,5251.1841584833,4231.73192713909,0.000136489241110552,0.682905231752843,0.68286191670559,0.682714806792297,0.683267451447059,0.000552644654762457,NA,FALSE,FALSE,TRUE,"diagnostics_met_only",51.5165419935182,41.515244742957
"p.a[99]","local_continuous",TRUE,0.712678266797296,0.0109560495921191,0.690911406645469,0.712664226003627,0.733982247341751,1.00118816079209,4683.33646229009,4196.85751038177,0.000160042097048267,0.713106000214077,0.712787895681238,0.712404167037489,0.712415004256383,0.000701833176587452,NA,FALSE,FALSE,TRUE,"diagnostics_met_only",45.9456938183307,41.1731106068925
"p.a[100]","local_continuous",TRUE,0.769352375678258,0.0087656009460289,0.751920699452876,0.769535391004827,0.786251583896522,1.00014020159237,5096.85622016546,4703.56194843867,0.000123288997819578,0.769319054240636,0.769474886025263,0.769280697954022,0.769334864493106,0.000194188071241386,NA,FALSE,FALSE,TRUE,"diagnostics_met_only",50.0025136381653,46.144115179126
"p.a[101]","local_continuous",TRUE,0.643958376183371,0.0109287623129847,0.623136176585839,0.64396486162034,0.665347028965155,1.00008977108632,5091.02366079266,4575.13010502835,0.000153206344165086,0.644130078949617,0.643960417868077,0.64393510965861,0.643807898257179,0.000322180692438834,NA,FALSE,FALSE,TRUE,"diagnostics_met_only",49.9452935367958,44.8841394756147
"p.a[102]","local_continuous",TRUE,0.707382816220624,0.00844681482096251,0.691179616279059,0.70731710447977,0.723993012576805,1.00060054501974,5068.20215321762,4886.94487902096,0.000118806131502933,0.707357590880739,0.707214884178818,0.707287874786952,0.707670915035988,0.000456030857170386,NA,FALSE,FALSE,TRUE,"diagnostics_met_only",49.7214040067655,47.9431864284127
"p.a[103]","local_continuous",TRUE,0.742852586148698,0.0068201522915955,0.72909707237637,0.742771492293121,0.75636114623509,1.00033951394208,4957.49964247155,4747.79248814322,9.68699409781086e-05,0.742823956615397,0.742787979052435,0.743020005756654,0.742778403170307,0.000241602586347311,NA,FALSE,FALSE,TRUE,"diagnostics_met_only",48.6353612454533,46.5780372026765
"p.a[104]","local_continuous",TRUE,0.747297332687513,0.00787282703410786,0.731446774862684,0.74732798727268,0.762445500931789,1.00060080971023,5051.90375202156,4847.50115854231,0.000110720009176926,0.747262891030851,0.747323370181862,0.747208992419577,0.747394077117761,0.000185084698183791,NA,FALSE,FALSE,TRUE,"diagnostics_met_only",49.5615091631829,47.5562253123878
"p.a[105]","local_continuous",TRUE,0.715125394459751,0.0084463395432733,0.698569247490573,0.715197715052361,0.731479015054198,1.00036495122795,5472.03686133443,4982.55762493351,0.000114293907325449,0.715416513423435,0.714823359775583,0.715081590358476,0.71518011428151,0.000593153647851619,NA,FALSE,FALSE,TRUE,"diagnostics_met_only",53.6832090151712,48.8811916270996
"p.a[106]","local_continuous",TRUE,0.69416302587912,0.00773575754454434,0.679103787814581,0.694144209403171,0.70968099707644,1.00024818575049,4550.14750818468,4536.77515350213,0.000114695188774681,0.694217764046599,0.693894555813515,0.694339454147494,0.69420032950887,0.00044489833397876,NA,FALSE,FALSE,TRUE,"diagnostics_met_only",44.6390486617027,44.5078596858899
"p.a[107]","local_continuous",TRUE,0.776467352332675,0.00913447539224858,0.758036346487917,0.776621387518534,0.794230627030006,1.00023317950529,4784.37723586174,4278.66481086406,0.00013211199377116,0.776336185077203,0.776534174471412,0.776634276875909,0.776364772906176,0.000298091798705657,NA,FALSE,FALSE,TRUE,"diagnostics_met_only",46.936950475432,41.9756780094971
"p.a[108]","local_continuous",TRUE,0.560370021206851,0.013516486970814,0.53437874795254,0.560376070740402,0.586973982202906,1.01752275189485,394.342924488973,4327.19999817827,0.00068692558313126,0.55959289067215,0.56223836903813,0.562768713861073,0.556880111256055,0.00588860260501756,NA,FALSE,FALSE,FALSE,"inconclusive",3.86868622698439,42.4518306143142
"p.a[109]","local_continuous",TRUE,0.558757380665327,0.0141344974408239,0.530964780775746,0.558823972349534,0.586246783168987,1.0011157000753,4938.74254481834,4421.69588166419,0.000201134776955915,0.559183849510277,0.558510329351595,0.558500674063817,0.558834669735621,0.000683175446460127,NA,FALSE,FALSE,TRUE,"diagnostics_met_only",48.4513454540119,43.3788788767432
"p.a[110]","local_continuous",TRUE,0.634866174705126,0.00697585283205219,0.621488960536701,0.63487845526345,0.648642903147486,1.00043738911558,5160.4180302166,5148.05779334087,9.72041916961497e-05,0.635111441750198,0.634951023175517,0.634860534678443,0.634541699216346,0.000569742533852668,NA,FALSE,FALSE,TRUE,"diagnostics_met_only",50.6260843524762,50.5048247198218
"p.a[111]","local_continuous",TRUE,0.707850041120933,0.00841452677311544,0.690837660719307,0.707821475923363,0.724422914756773,1.00280474997652,4692.54699117166,4584.23985337922,0.000123235441821862,0.70801138329598,0.707485273833464,0.707951430225969,0.707952077128322,0.000526109462515856,NA,FALSE,FALSE,TRUE,"diagnostics_met_only",46.0360533607862,44.9735103145158
"p.a[112]","local_continuous",TRUE,0.696978208381884,0.00915926698773837,0.678667500144173,0.696958806279308,0.714728977509858,1.00041955250122,4828.76930962379,4652.53984453029,0.000131755248669754,0.696828600299018,0.697032995992648,0.69661570727863,0.697435529957239,0.000819822678608806,NA,FALSE,FALSE,TRUE,"diagnostics_met_only",47.3724572226954,45.6435647738717
"p.a[113]","local_continuous",TRUE,0.595534718603575,0.00948686416711192,0.577053046210789,0.595588708306249,0.614238405959083,1.00630462056465,4358.13504868632,4756.92207632616,0.000143628805298261,0.593790975639618,0.596153397070851,0.596057481824496,0.59613701987934,0.00236242143123233,NA,FALSE,FALSE,TRUE,"diagnostics_met_only",42.7553177479724,46.6676026794938
"p.a[114]","local_continuous",TRUE,0.79014214755917,0.00670085828239927,0.77675773121248,0.790167430683697,0.803026365174744,1.00033769033083,4868.47814114392,4652.60514358289,9.62153764634709e-05,0.790039704252298,0.790263522972868,0.789874412777624,0.790390950233891,0.000516537456267785,NA,FALSE,FALSE,TRUE,"diagnostics_met_only",47.7620192004858,45.6442053877378
"p.a[115]","local_continuous",TRUE,0.80520993945084,0.0066427478926657,0.79203689232182,0.805321055169595,0.817999977626591,1.00045866627228,5061.84780028484,4471.20196021136,9.35658818585789e-05,0.80526188045553,0.805161170353603,0.805167519335188,0.80524918765904,0.000100710101926804,NA,FALSE,FALSE,TRUE,"diagnostics_met_only",49.6590648695683,43.8645563729875
"p.a[116]","local_continuous",TRUE,0.802498433782128,0.00568143022729385,0.791230211500886,0.802532514353498,0.813336234944841,1.00088244831585,4958.65856032726,4603.95286912032,8.06483872387367e-05,0.80262165445851,0.802545413132709,0.80252623982317,0.802300427714124,0.000321226744386283,NA,FALSE,FALSE,TRUE,"diagnostics_met_only",48.6467307648948,45.1669041039156
"p.a[117]","local_continuous",TRUE,0.79448361418107,0.00891135629093847,0.776430851349545,0.794709602757842,0.81148417512187,1.00075377643163,5135.13971470969,4654.18813385308,0.000124376837171499,0.794585291925866,0.794164719059356,0.794312899217862,0.794871546521198,0.000706827461842252,NA,FALSE,FALSE,TRUE,"diagnostics_met_only",50.3780924018924,45.6597352534344
"p.a[118]","local_continuous",TRUE,0.780605647613677,0.00750600950676004,0.765934804959716,0.780720132340472,0.795037863773315,1.00018199791031,4791.39392708176,4527.00702748229,0.000108269981970339,0.78062455456878,0.780384491051831,0.780702117993166,0.78071142684093,0.000326935789098481,NA,FALSE,FALSE,TRUE,"diagnostics_met_only",47.0057874571455,44.4120298579669
"p.a[119]","local_continuous",TRUE,0.800818153406837,0.00679520000418976,0.787403133589355,0.801005625775312,0.813894853378951,1.00004678085843,4204.52237323806,4351.66815760014,0.000104659681366082,0.800847254078914,0.800608901415929,0.801013400492768,0.800803057639737,0.000404499076839371,NA,FALSE,FALSE,TRUE,"diagnostics_met_only",41.2483064517331,42.6918745595117
"p.a[120]","local_continuous",TRUE,0.753464451105534,0.00924141508744344,0.735159953615401,0.753509731348689,0.771412254866829,1.00242416931079,5359.30359124606,4581.89889077934,0.000126346683478446,0.75352955323847,0.753509665944958,0.753480390066798,0.75333819517191,0.000191358066559122,NA,FALSE,FALSE,TRUE,"diagnostics_met_only",52.577243566751,44.9505443901752
"p.a[121]","local_continuous",TRUE,0.760808317534959,0.00675847111976705,0.747334156396068,0.760975641433749,0.774202938965856,1.00070707015046,5042.89888320114,4468.94686377576,9.53824199877385e-05,0.760923331988633,0.760761952429599,0.76095046487307,0.760597520848533,0.000352944024536672,NA,FALSE,FALSE,TRUE,"diagnostics_met_only",49.4731672409169,43.8424328353781
"p.a[122]","local_continuous",TRUE,0.752373610642768,0.00893640835964911,0.734714210194187,0.752543043340797,0.769537918842797,1.00033735815056,4893.36058391837,4792.68766942178,0.000127685783815476,0.752674078370498,0.752443098427783,0.751972168652222,0.752405097120568,0.000701909718275884,NA,FALSE,FALSE,TRUE,"diagnostics_met_only",48.0061274567199,47.0184796670504
"p.a[123]","local_continuous",TRUE,0.766209960746758,0.00760547357435057,0.751280194855574,0.766272322477093,0.780739013954337,1.00059152327049,5033.78718528711,4854.44994531709,0.000107196229961457,0.766106393361813,0.766405110162632,0.766309166034454,0.766019173428135,0.000385936734496495,NA,FALSE,FALSE,TRUE,"diagnostics_met_only",49.3837772759007,47.62439612013
"p.a[124]","local_continuous",TRUE,0.716165268827939,0.008247934083818,0.700024154959755,0.716094926103775,0.732125191496827,0.999989511531285,4751.01522742824,4689.97671883413,0.000119815148440859,0.716327155494767,0.716294016122529,0.715992613204944,0.716047290489517,0.000334542289822992,NA,FALSE,FALSE,TRUE,"diagnostics_met_only",46.6096537635703,46.0108378020066
"p.a[125]","local_continuous",TRUE,0.782964807576141,0.00579987854146044,0.771394100636171,0.78305095632957,0.794241895194039,1.0009341028448,4717.62011094134,3778.49582267027,8.47055465354857e-05,0.783099705434558,0.782863790159761,0.783166196814806,0.782729537895436,0.00043665891937017,NA,FALSE,FALSE,TRUE,"diagnostics_met_only",46.2820322464127,37.0687892189917
"p.a[126]","local_continuous",TRUE,0.7936377614686,0.00590391797024447,0.782100430270728,0.79377010942819,0.805034350845392,1.00060275316758,4727.64200645319,4351.20253594678,8.57411074311213e-05,0.793720671267707,0.793734225882968,0.793455610472651,0.793640538251074,0.000278615410316485,NA,FALSE,FALSE,TRUE,"diagnostics_met_only",46.3803516702624,42.6873065960324
"p.a[127]","local_continuous",TRUE,0.685183464171419,0.0067521043615418,0.67178524125953,0.685219421788178,0.698404331447778,1.00024014147958,4849.53719079185,4362.74632311733,9.70743122300566e-05,0.68530585958769,0.68508568156543,0.684961696752141,0.685380618780413,0.000418922028272539,NA,FALSE,FALSE,TRUE,"diagnostics_met_only",47.5761997291513,42.8005564799801
"p.a[128]","local_continuous",TRUE,0.720101082821085,0.00852098737665017,0.703147322365082,0.720128393554342,0.736959487784478,1.00020758162039,4930.24380544475,4371.01318686959,0.000121548051684865,0.719971310277312,0.720241845936684,0.720075941940782,0.720115233129562,0.000270535659372073,NA,FALSE,FALSE,TRUE,"diagnostics_met_only",48.3679688953886,42.8816582316602
"p.a[129]","local_continuous",TRUE,0.734182991518183,0.00807463726224799,0.718416687473722,0.734058488012017,0.750137545960315,1.000958185306,4945.62190101801,4674.54962520818,0.000114890311783964,0.734306398040527,0.734269373424218,0.734241028124049,0.733915166483938,0.000391231556589822,NA,FALSE,FALSE,TRUE,"diagnostics_met_only",48.5188351157439,45.8594908881233
"p.a[130]","local_continuous",TRUE,0.676030438281032,0.0121891753911438,0.651815828906153,0.676041555313587,0.70027509427167,1.00084448584062,5186.19655382044,4610.18063657061,0.000169339114415649,0.676420920854791,0.675994990677605,0.675503098828655,0.676202742763076,0.000917822026136217,NA,FALSE,FALSE,TRUE,"diagnostics_met_only",50.8789835755252,45.2280013790626
"p.a[131]","local_continuous",TRUE,0.558162141887381,0.012540986937999,0.533201346362558,0.558385769933184,0.582251492181017,1.00113344773879,5058.92730375503,4760.85412218496,0.000176665298749567,0.558488576040169,0.558225842287863,0.557462785083939,0.558471364137556,0.0010257909562299,NA,FALSE,FALSE,TRUE,"diagnostics_met_only",49.630413449702,46.7061778654883
"p.a[132]","local_continuous",TRUE,0.723257941097365,0.00870414095240988,0.706279080065581,0.723365698767656,0.740090294672988,1.00095964553849,4830.13910476026,4713.33850679465,0.000125406940682372,0.723378484897907,0.723162502976029,0.723492515496295,0.72299826101923,0.000494254477064748,NA,FALSE,FALSE,TRUE,"diagnostics_met_only",47.3858955456604,46.2400277321611
"p.a[133]","local_continuous",TRUE,0.66980616206564,0.0110826414841886,0.648013928323776,0.669920321883498,0.691311679525542,1.00034837423311,5010.25548627226,4564.80043808546,0.000156449841899697,0.670053337588641,0.669378493325569,0.669884260695494,0.669908556652855,0.000674844263072516,NA,FALSE,FALSE,TRUE,"diagnostics_met_only",49.1529204398252,44.782800671874
"p.a[134]","local_continuous",TRUE,0.75094136876584,0.008593447482405,0.73367587646634,0.751096350198346,0.767305605295097,1.00025189832776,5079.20489351164,4573.45512195133,0.000120579467445175,0.751060389718266,0.751194644349498,0.751022675897386,0.750487765098211,0.00070687925128754,NA,FALSE,FALSE,TRUE,"diagnostics_met_only",49.8293459709575,44.8677071179937
"p.a[135]","local_continuous",TRUE,0.691844997211606,0.00781645249491243,0.676376139906913,0.691846198718681,0.706751402868418,1.00039971934118,4805.61537819402,4404.88557339915,0.000112602256482842,0.691828353837598,0.691644479863798,0.691868369490547,0.692038785654484,0.000394305790685889,NA,FALSE,FALSE,TRUE,"diagnostics_met_only",47.1453064611116,43.213961988376
"p.a[136]","local_continuous",TRUE,0.713463983579333,0.0130070711760164,0.687446090418392,0.713599632055047,0.738485153336898,1.00046845250803,5456.85917654561,4809.94825424734,0.000176293181767202,0.712748907008817,0.71347073867627,0.713718769396596,0.71391751923565,0.00116861222683384,NA,FALSE,FALSE,TRUE,"diagnostics_met_only",53.5343089171763,47.1878139764484
"p.a[137]","local_continuous",TRUE,0.653173988137268,0.0143974271025558,0.625037536308561,0.653226820596358,0.681144355325389,1.00043207589842,4728.50492475404,4693.34003959045,0.000209183549100526,0.653413579541946,0.653026865151274,0.652723328699792,0.653532179156062,0.000808850456270438,NA,FALSE,FALSE,TRUE,"diagnostics_met_only",46.3888172973555,46.043833532065
"p.a[138]","local_continuous",TRUE,0.657584159569112,0.00845508541945986,0.640838099086637,0.657630829758313,0.673866787361859,1.00018812620226,5808.39845530856,5117.08887480798,0.000111015603556421,0.657372234312677,0.657376691442915,0.657924819413141,0.657662893107717,0.000552585100463854,NA,FALSE,FALSE,TRUE,"diagnostics_met_only",56.9830716095883,50.201005325197
"p.a[139]","local_continuous",TRUE,0.619373750829319,0.0095844254865026,0.600526013624065,0.619230141196737,0.63830544328939,1.00110931318333,5025.34109403699,4085.65773534277,0.000135596628066034,0.619679932036834,0.619163767713179,0.619349183698855,0.61930211986841,0.000516164323655643,NA,FALSE,FALSE,TRUE,"diagnostics_met_only",49.3009172196855,40.082189453192
"p.a[140]","local_continuous",TRUE,0.727928653542881,0.00908142705666465,0.710354851789215,0.728008902035324,0.745383312085226,1.000196826381,4828.58582976296,4431.42329816912,0.000131158947884898,0.727985858331258,0.727917182081873,0.728143061195313,0.72766851256308,0.000474548632233507,NA,FALSE,FALSE,TRUE,"diagnostics_met_only",47.3706572005156,43.4743093255221
"p.a[141]","local_continuous",TRUE,0.730095027509471,0.00807392782595057,0.714102517334782,0.730138847724947,0.746315086966505,1.00113506632707,4558.30503330696,3657.02259164187,0.000119762204380327,0.729984720231306,0.729849229438669,0.730016576787017,0.730529583580892,0.000680354142223005,NA,FALSE,FALSE,TRUE,"diagnostics_met_only",44.7190777509217,35.8770807169669
"p.a[142]","local_continuous",TRUE,0.63986973590138,0.0113718772321476,0.617564506348729,0.639929431761886,0.661864105431717,1.001726925318,5089.41350767297,4776.22566219142,0.000159406848003146,0.639961511301596,0.639632498758817,0.639738904241112,0.640146029303996,0.000513530545178997,NA,FALSE,FALSE,TRUE,"diagnostics_met_only",49.9294971909996,46.8569797727055
"p.a[143]","local_continuous",TRUE,0.773781303891747,0.00682401139427413,0.760543720433946,0.773746791230159,0.786954389762997,1.00087862964029,5195.42526398666,4635.70370966537,9.53576914904426e-05,0.773694661565859,0.773568723190585,0.773923080372338,0.773938750438208,0.000370027247623583,NA,FALSE,FALSE,TRUE,"diagnostics_met_only",50.9695214847807,45.478394514631
"p.w[1]","local_continuous",TRUE,0.182963384004312,0.00641833869530738,0.17069025399698,0.182923839135021,0.195583602165604,1.00124382252946,4621.40141906633,3859.27794943941,9.45706525780474e-05,0.182769241366341,0.18263992241466,0.183224688600092,0.183219683636157,0.000584766185432406,NA,FALSE,FALSE,TRUE,"diagnostics_met_only",45.3380824379619,37.8612991939666
"p.w[2]","local_continuous",TRUE,0.0954067539093707,0.0100188974414234,0.0766624775167015,0.0952413453937048,0.115524060163394,1.00213230172319,4231.78572890388,3841.89075252779,0.000155015966074986,0.0949479905995918,0.0957153357839493,0.0955005394009183,0.0954631498530235,0.000767345184357532,NA,FALSE,FALSE,TRUE,"diagnostics_met_only",41.5157725631193,37.6907227615252
"p.w[3]","local_continuous",TRUE,0.164790111999796,0.00760565012785113,0.149939154348403,0.164743092685236,0.17989508868432,1.00048458592648,4706.41977892275,4582.27473506886,0.00011101562981606,0.164794242112566,0.164720941630563,0.164774715121063,0.164870549134991,0.000149607504427968,NA,FALSE,FALSE,TRUE,"diagnostics_met_only",46.1721518161397,44.9542315962491
"p.w[4]","local_continuous",TRUE,0.139592208792074,0.00674020842390195,0.12677457777999,0.139510158941953,0.153046266143055,1.00070678074642,4991.94364523409,4577.0574485475,9.55743830305159e-05,0.139500897136511,0.139659141301474,0.139460251404797,0.139748545325515,0.000288293920717109,NA,FALSE,FALSE,TRUE,"diagnostics_met_only",48.9732728214309,44.9030476057323
"p.w[5]","local_continuous",TRUE,0.115268496980408,0.0050157536466236,0.105566521298644,0.115231810488003,0.124942900692526,1.00050860390233,5340.64730566552,4719.53178645999,6.86606060845704e-05,0.115303853229305,0.115402059596324,0.115333641206959,0.115034433889046,0.00036762570727758,NA,FALSE,FALSE,TRUE,"diagnostics_met_only",52.3942167883051,46.3007866662087
"p.w[6]","local_continuous",TRUE,0.0703535290243978,0.0035041722323921,0.0636264557415742,0.0702605921392238,0.0774055536390016,1.0005111626877,4712.23948172446,4341.17836124625,5.1087098295046e-05,0.0703758021601066,0.0704207681186297,0.0703697280584085,0.0702478177604466,0.000172950358183141,NA,FALSE,FALSE,TRUE,"diagnostics_met_only",46.2292457886087,42.5889648122891
"p.w[7]","local_continuous",TRUE,0.132822715465207,0.00739515299315757,0.118637496195647,0.132704148497888,0.147835078723049,1.00052038858611,5158.384749416,4427.31656679431,0.000103302118615838,0.132607742675146,0.132703897077576,0.1329526738311,0.133026548277005,0.000418805601859196,NA,FALSE,FALSE,TRUE,"diagnostics_met_only",50.6061369286975,43.4340203939324
"p.w[8]","local_continuous",TRUE,0.159523439225981,0.00594941289812807,0.148175060725613,0.159347197588011,0.171441939983516,1.00058033649146,4839.11500793438,4449.08710126454,8.55412891935083e-05,0.159266318301828,0.159822716191233,0.159556362895615,0.159448359515247,0.000556397889404536,NA,FALSE,FALSE,TRUE,"diagnostics_met_only",47.4739533015577,43.6475993923845
"p.w[9]","local_continuous",TRUE,0.156249584911092,0.00768787081328871,0.141292826816575,0.15624159896788,0.171541885751295,1.00064482186149,4761.62066680824,4560.3478332141,0.000111690264016475,0.156058083475956,0.15635680882854,0.156523106752783,0.156060340587088,0.00046502327682707,NA,FALSE,FALSE,TRUE,"diagnostics_met_only",46.7136980222918,44.7391185615322
"p.w[10]","local_continuous",TRUE,0.176521169940086,0.0067341811327298,0.16356060029315,0.176466653606886,0.189891655760886,1.00056084164724,5003.44469929192,4532.19539301062,9.51752502841131e-05,0.176377822176408,0.176651013267909,0.176277914724525,0.176777929591502,0.000500014866977039,NA,FALSE,FALSE,TRUE,"diagnostics_met_only",49.0861034738053,44.4629301201842
"p.w[11]","local_continuous",TRUE,0.113280475509368,0.004058197247697,0.105343832858628,0.113251262149478,0.12118396999158,1.00014721458816,5267.47431579285,5132.18055622923,5.59241181045686e-05,0.113326282086337,0.113112736788978,0.113292899958835,0.113389983203323,0.000277246414344734,NA,FALSE,FALSE,TRUE,"diagnostics_met_only",51.6763559607664,50.3490616904332
"p.w[12]","local_continuous",TRUE,0.138248864486481,0.011044548330375,0.117045009693682,0.138052374511272,0.160027003604818,1.00102504529374,5117.56027261591,4453.2604868289,0.000154868526746452,0.138905128292075,0.137934489258198,0.137825504169516,0.138330336226137,0.00107962412255944,NA,FALSE,FALSE,TRUE,"diagnostics_met_only",50.2056299554203,43.6885422323598
"p.w[13]","local_continuous",TRUE,0.154251900505489,0.00803847167099639,0.138929382639924,0.154206191098853,0.170276073595233,1.00038069544735,4925.53453253607,4563.30215235961,0.000114711837825431,0.154330834264691,0.15417895413092,0.154338596358323,0.154159217268022,0.000179379090300857,NA,FALSE,FALSE,TRUE,"diagnostics_met_only",48.3217687530517,44.7681017968804
"p.w[14]","local_continuous",TRUE,0.119145802911436,0.00490101395064061,0.10957217544248,0.119040115105882,0.129174974334036,1.00010663902474,4903.84239694413,4719.3495036572,7.00841821422635e-05,0.119178733392878,0.119035432442912,0.11913004645964,0.119238999350312,0.000203566907400601,NA,FALSE,FALSE,TRUE,"diagnostics_met_only",48.1089588838062,46.2989983877212
"p.w[15]","local_continuous",TRUE,0.15114833068252,0.0054861728391648,0.140587161041147,0.151040610190136,0.162106237391366,1.00055327407723,4655.90990059176,4422.86213147883,8.05146438185385e-05,0.151122293184194,0.151283746346089,0.151069245804999,0.151118037394797,0.00021450054109054,NA,FALSE,FALSE,TRUE,"diagnostics_met_only",45.6766265803846,43.3903203260882
"p.w[16]","local_continuous",TRUE,0.142132249507326,0.00545334376086537,0.131815227069881,0.14200174873269,0.152758577501812,1.00048192429554,4757.26268230948,4528.61339845199,7.9175971363902e-05,0.142373231366656,0.142104201313313,0.141976730535754,0.14207483481358,0.000396500830902369,NA,FALSE,FALSE,TRUE,"diagnostics_met_only",46.6709441815081,44.4277890991248
"p.w[17]","local_continuous",TRUE,0.1422709807702,0.00458041918445441,0.133275505326034,0.142192921496104,0.151416639037852,1.00044780273463,5110.22338029429,4151.9313443184,6.42000219660135e-05,0.142288649867938,0.142186067517134,0.142413218680502,0.142195987015227,0.000227151163368383,NA,FALSE,FALSE,TRUE,"diagnostics_met_only",50.1336516530068,40.7323641674685
"p.w[18]","local_continuous",TRUE,0.214331145685395,0.00610601742287107,0.20206343066945,0.214453901350761,0.226043273377513,1.00043524255901,5086.26705377171,4393.39338199098,8.578049211356e-05,0.21432245872737,0.214275540497515,0.214261943582306,0.214464639934391,0.000202696352084891,NA,FALSE,FALSE,TRUE,"diagnostics_met_only",49.898629024955,43.1012182826882
"p.w[19]","local_continuous",TRUE,0.21404729718123,0.00592899113671993,0.202679995741783,0.213950567178758,0.225601240071231,1.00013425976656,4843.80360770903,4290.77551883369,8.53018996143012e-05,0.214080423780317,0.214155369796098,0.214034560412218,0.213918834736287,0.000236535059810555,NA,FALSE,FALSE,TRUE,"diagnostics_met_only",47.5199506309013,42.0944896483311
"p.w[20]","local_continuous",TRUE,0.112267865716244,0.00633568833469676,0.0997779993261764,0.112359351348637,0.124531198847839,1.00155531270753,3911.50335813519,2827.95563574403,0.000100525542723293,0.112159701792788,0.111913349304566,0.112577405235555,0.112421006532067,0.000664055930989366,NA,FALSE,FALSE,TRUE,"diagnostics_met_only",38.3736545749636,27.7435509530278
"p.w[21]","local_continuous",TRUE,0.176361360707475,0.00882067621226923,0.159141669988902,0.176267959923908,0.194155335098411,1.00149984793325,3931.23667080802,4292.50767181167,0.000141017137489243,0.175834302259138,0.17669293294233,0.176587500117695,0.176330707510738,0.000858630683191669,NA,FALSE,FALSE,TRUE,"diagnostics_met_only",38.5672474866384,42.111482869086
"p.w[22]","local_continuous",TRUE,0.166588590647503,0.0057300641864733,0.155720638623691,0.166535315204657,0.178376070309456,1.00061361188011,5233.78390425179,4771.90697447407,7.94730300759075e-05,0.166477448165222,0.166306616801194,0.166914959411729,0.16665533821187,0.000608342610534968,NA,FALSE,FALSE,TRUE,"diagnostics_met_only",51.3458374627378,46.8146114514977
"p.w[23]","local_continuous",TRUE,0.203815348633979,0.0073565335461857,0.189849673027647,0.203722163804579,0.218360705346117,1.0002356601226,4880.59705502931,4608.7499595196,0.000105389701791447,0.204000190178155,0.203865023940053,0.203529552391444,0.203866628026262,0.000470637786710332,NA,FALSE,FALSE,TRUE,"diagnostics_met_only",47.8809113431436,45.2139657763961
"p.w[24]","local_continuous",TRUE,0.16549311020177,0.00655382462243947,0.152714519498159,0.165440208642814,0.178582376846572,1.00078748178641,5095.27289326272,4821.02784456944,9.1805132009479e-05,0.165420481879329,0.165682839948452,0.165330439068618,0.16553867991068,0.000352400879834042,NA,FALSE,FALSE,TRUE,"diagnostics_met_only",49.9869804699478,47.2965098749111
"p.w[25]","local_continuous",TRUE,0.164168361856314,0.00503306001762272,0.154306191787347,0.164134244849321,0.174044302713771,1.00025904605666,5159.73162833234,4756.72589712308,7.0149872852582e-05,0.164241256854259,0.164104580291067,0.164186369791183,0.164141240488746,0.000136676563192245,NA,FALSE,FALSE,TRUE,"diagnostics_met_only",50.6193504329586,46.665678070901
"p.w[26]","local_continuous",TRUE,0.174858387666756,0.00600846128964107,0.163118156761322,0.174854075315587,0.186678010914421,1.00017346342083,4594.10803518437,4154.60164002675,8.88100454690157e-05,0.174973246684177,0.174905389982718,0.174754425307825,0.174800488692306,0.000218821376351763,NA,FALSE,FALSE,TRUE,"diagnostics_met_only",45.070321735906,40.7585610017144
"p.w[27]","local_continuous",TRUE,0.188838112418699,0.00679436625274717,0.175446291453842,0.188801494009024,0.202255093520316,1.00034027728761,5057.50132960675,4840.07001315128,9.55260527094061e-05,0.188778663181772,0.188871613322337,0.189003690743281,0.188698482427407,0.000305208315873551,NA,FALSE,FALSE,TRUE,"diagnostics_met_only",49.6164239846834,47.48332234383
"p.w[28]","local_continuous",TRUE,0.160518718227789,0.00564129709329776,0.149522040749203,0.16052174469852,0.171523093956962,1.00035668273834,4572.83400827496,4503.11400551415,8.34493705655161e-05,0.160498112514566,0.160629836478336,0.160684127856714,0.160262796061541,0.000421331795172286,NA,FALSE,FALSE,TRUE,"diagnostics_met_only",44.8616137059506,44.1776282768331
"p.w[29]","local_continuous",TRUE,0.155729230016833,0.00781605109896697,0.140715317484678,0.155744347734421,0.170918335262539,1.00019116184898,5187.15689868701,4104.69979012984,0.000108373147115509,0.155630629726463,0.155818213627999,0.15587685613422,0.155591220578648,0.00028563555557154,NA,FALSE,FALSE,TRUE,"diagnostics_met_only",50.8884050022271,40.2690008057316
"p.w[30]","local_continuous",TRUE,0.207902289933093,0.00907561308152914,0.190318585467674,0.207781657454992,0.225897101884101,0.999909725455438,4751.52278481111,4438.24434519608,0.000131782367516321,0.207967531551139,0.207814745661566,0.208097526130367,0.2077293563893,0.000368169741067015,NA,FALSE,FALSE,TRUE,"diagnostics_met_only",46.6146331359251,43.5412269473383
"p.w[31]","local_continuous",TRUE,0.204199250885085,0.00672253863790922,0.191193749360431,0.203992757338093,0.217817297084979,1.00017978864068,4941.7019736745,4449.180992339,9.55540104065223e-05,0.204224955475528,0.204249127675708,0.204271043971356,0.204051876417748,0.000219167553608596,NA,FALSE,FALSE,TRUE,"diagnostics_met_only",48.4803788179816,43.648520507191
"p.w[32]","local_continuous",TRUE,0.1915677860049,0.00650191557668605,0.179075304148191,0.191514182272327,0.20448826086823,1.00127553991995,4728.73128773809,4480.70513270079,9.4584710078979e-05,0.191546488783564,0.191580961620699,0.191306053844577,0.191837639770761,0.000531585926184464,NA,FALSE,FALSE,TRUE,"diagnostics_met_only",46.3910380227808,43.9577868844013
"p.w[33]","local_continuous",TRUE,0.175019082728412,0.00588508900947261,0.163610495871207,0.174960684961666,0.186674157433365,1.00043052952709,4909.23575404823,4589.36572231304,8.3991263418143e-05,0.174867309642531,0.174999086556882,0.175133251627629,0.175076683086607,0.000265941985098023,NA,FALSE,FALSE,TRUE,"diagnostics_met_only",48.1618702080626,45.0237974562751
"p.w[34]","local_continuous",TRUE,0.19387631383804,0.0056474489805699,0.183282438861301,0.193883185247245,0.205058361486177,1.00000843953021,4864.59003108996,4593.8595151902,8.09165927700871e-05,0.193936831592474,0.193897975977249,0.193756561441025,0.193913886341412,0.000180270151448947,NA,FALSE,FALSE,TRUE,"diagnostics_met_only",47.7238750450296,45.0678836399777
"p.w[35]","local_continuous",TRUE,0.172233659039751,0.00570158621593561,0.161204860018931,0.172199096494133,0.183577995409593,1.00093007767805,4541.36711149266,3943.81891002463,8.47915182081995e-05,0.172070446945179,0.172419818026851,0.172297740624206,0.172146630562771,0.000349371081672101,NA,FALSE,FALSE,TRUE,"diagnostics_met_only",44.5529089146947,38.6906850647945
"p.w[36]","local_continuous",TRUE,0.170714797910662,0.00521994811872156,0.160600406989573,0.170623355716882,0.181226185994448,1.00160886023779,4868.38949689066,4292.93110183924,7.48517253490974e-05,0.171068253875671,0.170812539370313,0.170358233182859,0.170620165213807,0.000710020692812341,NA,FALSE,FALSE,TRUE,"diagnostics_met_only",47.7611495594186,42.1156369132288
"p.w[37]","local_continuous",TRUE,0.169064771816597,0.00609109905660934,0.157403006477283,0.169056303233654,0.181266543414314,1.00071956591266,4453.20738167915,4572.69085833727,9.14676363204697e-05,0.169009878940207,0.168919959950815,0.169358613260566,0.168970635114801,0.000438653309751291,NA,FALSE,FALSE,TRUE,"diagnostics_met_only",43.6880212463128,44.8602093389443
"p.w[38]","local_continuous",TRUE,0.195605574155784,0.00677327812737241,0.182635809204591,0.195533637408958,0.209025066170638,1.00075866197121,5049.62201525914,4246.81233875342,9.56482950703569e-05,0.195183515041176,0.195670686473293,0.195708507341763,0.195859587766906,0.000676072725730531,NA,FALSE,FALSE,TRUE,"diagnostics_met_only",49.5391242716629,41.663190546182
"p.w[39]","local_continuous",TRUE,0.147351619702243,0.00503433196400594,0.137736193713456,0.147256164705152,0.157482442664273,1.00076535262819,4922.16984412766,4511.31431154385,7.18724333944404e-05,0.147298162241152,0.147576705458521,0.147328473402173,0.147203137707126,0.000373567751395409,NA,FALSE,FALSE,TRUE,"diagnostics_met_only",48.2887596056945,44.2580770665135
"p.w[40]","local_continuous",TRUE,0.179304139552512,0.0054584044575799,0.168483373530084,0.179291846718812,0.189925988353314,1.00010808480435,4783.0183911976,4292.38632322298,7.88708797519973e-05,0.179450434395192,0.179188872454336,0.179315975497534,0.179261275862985,0.000261561940856553,NA,FALSE,FALSE,TRUE,"diagnostics_met_only",46.9236195816584,42.1102923833828
"p.w[41]","local_continuous",TRUE,0.189128011692378,0.00607849985880519,0.177382411097733,0.188939685852386,0.201333747008254,1.00044020880997,4985.87596053311,4439.40192732333,8.63553474330804e-05,0.189325226439067,0.188996240055815,0.189050086787598,0.189140493487029,0.000328986383252461,NA,FALSE,FALSE,TRUE,"diagnostics_met_only",48.913746031993,43.5525833626666
"p.w[42]","local_continuous",TRUE,0.188389464590292,0.00844629553683144,0.172300757975452,0.188232277639163,0.205180701747405,1.00081264418012,4850.88180008079,3725.3766993634,0.000121805910572268,0.188241593983317,0.188560592504692,0.18836751580937,0.188388156063789,0.000318998521375541,NA,FALSE,FALSE,TRUE,"diagnostics_met_only",47.5893909673193,36.5476660848742
"p.w[43]","local_continuous",TRUE,0.241846228253694,0.00947637809371137,0.223483971803973,0.241788697382634,0.260615179150163,1.00032949513732,4505.71366549505,3789.96166828398,0.000141325568733476,0.241669609595215,0.242303591960096,0.241591790044721,0.241819921414744,0.000711801915375232,NA,FALSE,FALSE,TRUE,"diagnostics_met_only",44.2031321419677,37.1812744602674
"p.w[44]","local_continuous",TRUE,0.236817595634904,0.00677613934713541,0.223492586026519,0.236900989456446,0.249990339175663,1.00019537496454,4788.79165310554,4445.04609752169,9.76704302345529e-05,0.236580775147375,0.237024551032539,0.236921852672469,0.236743203687231,0.000443775885164255,NA,FALSE,FALSE,TRUE,"diagnostics_met_only",46.9802579475095,43.6079552792223
"p.w[45]","local_continuous",TRUE,0.22809655809103,0.00789634143361233,0.212829467914983,0.22805861452922,0.243559829906199,1.000458509089,5029.44653208747,4090.66312555678,0.000111872367133914,0.228156426094697,0.228111647048309,0.227992644087225,0.22812551513389,0.000163782007471303,NA,FALSE,FALSE,TRUE,"diagnostics_met_only",49.3411934631663,40.1312946430638
"p.w[46]","local_continuous",TRUE,0.208528631353655,0.00647525033841361,0.195978300445319,0.208440542203447,0.221317224227212,0.999813274136242,5024.96537235459,4159.32157611791,9.13777192039003e-05,0.208492774756562,0.20846021494727,0.208425654238786,0.208735881472002,0.000310227233216526,NA,FALSE,FALSE,TRUE,"diagnostics_met_only",49.2972312164442,40.8048657547964
"p.w[47]","local_continuous",TRUE,0.199411469834575,0.00648072998176103,0.187014910019965,0.199365618803341,0.212274140051137,0.999998150538083,5365.39356315555,4480.33204643313,8.87166100349316e-05,0.1994692410591,0.199400922748455,0.199350717029541,0.199424998501204,0.000118524029558947,NA,FALSE,FALSE,TRUE,"diagnostics_met_only",52.6369890039983,43.9541267357958
"p.w[48]","local_continuous",TRUE,0.241324953489427,0.00712401913313765,0.227683581186139,0.241340387456925,0.255441474749424,0.999959525937342,4786.33529369413,4390.69525709387,0.000103137536744075,0.241268258757269,0.241357634303987,0.24154113758674,0.241132783309711,0.00040835427702815,NA,FALSE,FALSE,TRUE,"diagnostics_met_only",46.9561599271488,43.074748431247
"p.w[49]","local_continuous",TRUE,0.199481463832439,0.0122473500346537,0.175858481396768,0.199556782666612,0.223236152629384,1.00065467191148,4634.31289102097,4210.05123542565,0.000179828465370767,0.198908558466452,0.199405201652904,0.199685082519718,0.199927012690681,0.00101845422422922,NA,FALSE,FALSE,TRUE,"diagnostics_met_only",45.464749941343,41.3025471434451
"p.w[50]","local_continuous",TRUE,0.223418489049482,0.00769854726008744,0.208599201050329,0.223294260181937,0.239018760745739,1.00039227475354,5213.56349629494,5027.21099248584,0.000106800682274382,0.223410644783537,0.223329598659433,0.223488113800026,0.223445598954933,0.000158515140593174,NA,FALSE,FALSE,TRUE,"diagnostics_met_only",51.1474659213489,49.3192617871311
"p.w[51]","local_continuous",TRUE,0.200275055371731,0.00594320369031607,0.188921279140337,0.200156154106088,0.212285255503562,1.01210462794092,2789.7047363266,4556.02412625624,0.000127230639767227,0.201753247114976,0.199838861510531,0.199627856456003,0.199880256405416,0.00212539065897249,NA,FALSE,FALSE,FALSE,"inconclusive",27.3682919625496,44.6967009992568
"p.w[52]","local_continuous",TRUE,0.191532001362795,0.00919209381742698,0.173996387416877,0.191357686861029,0.209955669216771,1.00182332235767,5055.18591387833,4333.78156381444,0.000129383718923177,0.191625327217211,0.191612540711228,0.191700013994155,0.191190123528585,0.000509890465569873,NA,FALSE,FALSE,TRUE,"diagnostics_met_only",49.5937086869514,42.5163988130758
"p.w[53]","local_continuous",TRUE,0.259756811084,0.0110864135932418,0.238509064261225,0.25969988072829,0.282057924665057,1.0009360920537,4987.2118340574,4228.5013010663,0.000157655686508036,0.259627512784771,0.260090062613066,0.259751685198455,0.25955798373971,0.000532078873355324,NA,FALSE,FALSE,TRUE,"diagnostics_met_only",48.9268515682749,41.4835508090325
"p.w[54]","local_continuous",TRUE,0.259142300083978,0.0078545502704566,0.243856612658061,0.259125311684632,0.274805913375217,1.00044640277402,4716.32029506123,4168.31547611954,0.000114496306750704,0.259137278661141,0.259337090845177,0.259200002965386,0.258894827864207,0.000442262980969332,NA,FALSE,FALSE,TRUE,"diagnostics_met_only",46.2692804522744,40.8931000678839
"p.w[55]","local_continuous",TRUE,0.224948844532496,0.00732505511290939,0.210426926549692,0.224954282343749,0.23892396239003,1.00128686056619,4461.45369179639,3732.79292579077,0.000109336627526103,0.225062787045871,0.22484969834959,0.22491884281759,0.224964049916935,0.000213088696280783,NA,FALSE,FALSE,TRUE,"diagnostics_met_only",43.7689213573401,36.6204226915078
"p.w[56]","local_continuous",TRUE,0.24531289216719,0.00682509060856708,0.231945467467325,0.24528277740241,0.259180038444451,1.00058763427446,4752.07621039164,3624.48601076087,9.93555812066657e-05,0.24550975003876,0.245406820550052,0.245270368198371,0.245064629881579,0.000445120157180484,NA,FALSE,FALSE,TRUE,"diagnostics_met_only",46.6200624964843,35.5578818306407
"p.w[57]","local_continuous",TRUE,0.257381625439045,0.00737314585601994,0.242888320486892,0.257382424020056,0.271497503805802,1.00044208516225,4325.00790436957,4415.90333630634,0.000111832301823344,0.257277209743377,0.257432125790862,0.257502020211648,0.257315146010295,0.000224810468271386,NA,FALSE,FALSE,TRUE,"diagnostics_met_only",42.4303251615741,43.3220513313419
"p.w[58]","local_continuous",TRUE,0.287499783453108,0.00825158969360683,0.271476362904182,0.287399056776725,0.303712074836556,1.00138997746932,4402.25421477027,3269.40806849444,0.000124260196944809,0.28710176591084,0.287659912838155,0.28776349283271,0.287473962230727,0.00066172692186911,NA,FALSE,FALSE,TRUE,"diagnostics_met_only",43.1881471448639,32.0744032148339
"p.w[59]","local_continuous",TRUE,0.290815260765206,0.0076907333151624,0.275896089594718,0.290851973634483,0.305944818205965,1.0008442770025,4847.23629554692,4409.29457426167,0.000110402170513144,0.291149058778494,0.290376980252418,0.290835593025605,0.290899411004309,0.000772078526075415,NA,FALSE,FALSE,TRUE,"diagnostics_met_only",47.553626884069,43.2572163232514
"p.w[60]","local_continuous",TRUE,0.233956794448986,0.0071487122168009,0.219823290991746,0.234105954213499,0.247468672147726,1.00075200556442,4439.18982701644,3344.1694272793,0.000105946859802797,0.233931696855344,0.234105268653048,0.233878804105579,0.233911408181972,0.000226464547469302,NA,FALSE,FALSE,TRUE,"diagnostics_met_only",43.5505025606919,32.8078466750314
"p.w[61]","local_continuous",TRUE,0.323869754564718,0.0102142362943794,0.303604753400673,0.323979658896394,0.343722907187477,1.00071470311672,4184.10678055897,4065.11794469694,0.000157516078423933,0.323975532086303,0.324165382218726,0.323598161773725,0.323739942180118,0.000567220445000904,NA,FALSE,FALSE,TRUE,"diagnostics_met_only",41.0480200580679,39.8806846201089
"p.w[62]","local_continuous",TRUE,0.366872390474665,0.0076476676624189,0.352331193977481,0.366945061031202,0.382045086593269,1.00021307170474,4670.83771419834,4034.62676831021,0.000111970927272807,0.367079300880086,0.366947073757815,0.366645688127856,0.366817499132904,0.000433612752230306,NA,FALSE,FALSE,TRUE,"diagnostics_met_only",45.8230753266721,39.5815520965959
"p.w[63]","local_continuous",TRUE,0.27616992412344,0.00701072555327843,0.262361510205561,0.276060016252601,0.290604997563731,1.00216681913647,4904.33196246749,4258.92369697007,0.000100441601302254,0.275920487452552,0.276676836879467,0.275910100961214,0.27617227120053,0.000766735918253325,NA,FALSE,FALSE,TRUE,"diagnostics_met_only",48.1137617477091,41.7820085642396
"p.w[64]","local_continuous",TRUE,0.331732455778598,0.00866495580055582,0.314632630793026,0.331842143430336,0.348331810915618,1.00063574607498,4301.35165002149,3437.24484571827,0.000132143969705516,0.332172691034524,0.331754090164097,0.33164866404932,0.331354377866451,0.000818313168072904,NA,FALSE,FALSE,TRUE,"diagnostics_met_only",42.1982463801504,33.7209595192704
"p.w[65]","local_continuous",TRUE,0.345132819345581,0.00818466042699258,0.329309214638014,0.345169257748386,0.361027110033069,1.00186817401272,4116.16472757703,3426.59699047527,0.000128309625237197,0.345912136390971,0.344883822554461,0.345037715744819,0.344697602692071,0.00121453369889973,NA,FALSE,FALSE,TRUE,"diagnostics_met_only",40.3814771374743,33.616499141342
"p.w[66]","local_continuous",TRUE,0.365000940108403,0.0062944624303904,0.352711980063483,0.365002438384841,0.377413467777412,1.00055318865961,4529.86203370873,3344.92510075866,9.36832234395974e-05,0.364714411202074,0.364986427936508,0.365197550857975,0.365105370437057,0.000483139655900633,NA,FALSE,FALSE,TRUE,"diagnostics_met_only",44.4400387877088,32.8152601808917
"p.w[67]","local_continuous",TRUE,0.364971070349413,0.00773116965786294,0.349989275989771,0.364951341456759,0.380086261247939,0.999992763948126,4384.96220905826,3297.77138549779,0.000116579218467279,0.365189319988784,0.364940682903159,0.36488801321142,0.364866265294286,0.000323054694497837,NA,FALSE,FALSE,TRUE,"diagnostics_met_only",43.0185045820572,32.3526604549875
"p.w[68]","local_continuous",TRUE,0.301269169454668,0.00891488637278249,0.284161441310298,0.301276449447641,0.318579299763458,1.00006666364106,4932.56820809041,4508.32724515399,0.000126872893231321,0.301068658814968,0.301131357767204,0.301304111383959,0.301572549852539,0.000503891037570869,NA,FALSE,FALSE,TRUE,"diagnostics_met_only",48.3907723589296,44.228772565573
"p.w[69]","local_continuous",TRUE,0.371064867738268,0.00866391772576691,0.35381403026761,0.371282212986819,0.387509960143956,1.00076075794127,4422.25060059501,3758.17724268064,0.00012869843584993,0.371176066827475,0.371035502733641,0.371330217550171,0.370717683841784,0.000612533708387486,NA,FALSE,FALSE,TRUE,"diagnostics_met_only",43.3843209256662,36.869454564618
"p.w[70]","local_continuous",TRUE,0.31096497429311,0.0104390346102642,0.290847531680407,0.311010192647946,0.331368609513493,0.999949067421735,4730.60686371074,3144.90812108391,0.00015203200166895,0.311424321340397,0.310787230531884,0.310773150124508,0.31087519517565,0.000651171215888258,NA,FALSE,FALSE,TRUE,"diagnostics_met_only",46.409438289357,30.8530012271309
"p.w[71]","local_continuous",TRUE,0.299697835588587,0.00809400875152403,0.283950486806654,0.299713455896433,0.315480236922056,1.00147630867378,4636.24298436698,3755.68651743976,0.000119023028744626,0.299680900703438,0.299682174682334,0.299822184465412,0.299606082503164,0.000216101962247361,NA,FALSE,FALSE,TRUE,"diagnostics_met_only",45.4836850485321,36.8450193995974
"p.w[72]","local_continuous",TRUE,0.25715165053121,0.00532246338754066,0.246257849544215,0.257377156669451,0.267017276152071,1.00155773931316,4596.53764907317,3365.33963261368,7.70089575872546e-05,0.256996001066527,0.256954585588645,0.257286281763856,0.257369733705813,0.000415148117167863,NA,FALSE,FALSE,TRUE,"diagnostics_met_only",45.0941573703368,33.015536167383
"p.w[73]","local_continuous",TRUE,0.300685940030414,0.00928191098353634,0.282460051144177,0.300740593159942,0.318686998141482,1.00124788732685,4841.40694805479,4391.66551230782,0.000133349374823215,0.301391363995559,0.300082165487441,0.300595508590561,0.300674722048096,0.001309198508118,NA,FALSE,FALSE,TRUE,"diagnostics_met_only",47.4964382927323,43.084267083034
"p.w[74]","local_continuous",TRUE,0.229139507451702,0.00595551178435214,0.217712271692833,0.229136241800466,0.240807247028195,1.00068010763363,4895.93836024531,4176.70394511384,8.52178000474989e-05,0.22893968846867,0.229023535333704,0.229554821515805,0.229039984488627,0.000615133047134758,NA,FALSE,FALSE,TRUE,"diagnostics_met_only",48.0314166331015,40.9753948231551
"p.w[75]","local_continuous",TRUE,0.219314600362223,0.00691611779509368,0.205744795061699,0.219281589658794,0.232894429938999,1.00032316948833,4815.01446536724,4182.67772784674,9.97795704723508e-05,0.219213102718827,0.219304797843158,0.219306452116562,0.219434048770343,0.000220946051516291,NA,FALSE,FALSE,TRUE,"diagnostics_met_only",47.2375158474987,41.0340003909149
"p.w[76]","local_continuous",TRUE,0.171558676594603,0.00699037561939172,0.156091311797183,0.172420572404269,0.182597098429694,1.00017059078306,4495.55443339539,3440.36495218891,9.7727920006356e-05,0.17145259760362,0.171748000496045,0.17163997261716,0.171394135661589,0.000353864834455236,NA,FALSE,FALSE,TRUE,"diagnostics_met_only",44.103465382759,33.7515692048513
"p.w[77]","local_continuous",TRUE,0.213875023020081,0.00659493157418147,0.20067809410355,0.213982685043099,0.226219919840161,1.00060084550533,4550.84144166808,3493.18459310859,9.64102888457133e-05,0.213852020050725,0.213864676376321,0.213612533978381,0.214170861674896,0.000558327696514982,NA,FALSE,FALSE,TRUE,"diagnostics_met_only",44.6458564696865,34.2697542784267
"p.w[78]","local_continuous",TRUE,0.222656682988951,0.00656229749304429,0.209116627727495,0.222945183168592,0.234736408857521,1.00038660599094,3773.68059119504,2486.64297996315,0.000103874948219707,0.222773734481609,0.222620400051306,0.222637733152493,0.222594864270398,0.000178870211210297,NA,FALSE,FALSE,TRUE,"diagnostics_met_only",37.0215495741773,24.3951161555071
"p.w[79]","local_continuous",TRUE,0.161548587338077,0.00590909886631238,0.148939704302351,0.161942169742344,0.171650216976492,1.00110975447624,4206.97771408481,3559.62622812965,8.7833717550122e-05,0.161362010286066,0.161910193485042,0.161417917686385,0.161504227894814,0.000548183198976371,NA,FALSE,FALSE,TRUE,"diagnostics_met_only",41.2723944795041,34.9215774058161
"p.w[80]","local_continuous",TRUE,0.303639652150382,0.0104529054546131,0.282474341520191,0.303836129679148,0.323672284294182,1.00074380456752,3694.91936424856,2641.43096001529,0.000168699759053319,0.303563963824814,0.303528863377317,0.303843870885674,0.303621910513726,0.000315007508357168,NA,FALSE,FALSE,TRUE,"diagnostics_met_only",36.248865559869,25.913657732756
"p.w[81]","local_continuous",TRUE,0.21734925710631,0.00547981365619316,0.206671207485691,0.217348839736593,0.228066268914966,1.00066854114872,4958.80438307991,4590.27591036554,7.77816956358791e-05,0.217580302372612,0.217123293201521,0.217359768301549,0.21733366454956,0.000457009171091649,NA,FALSE,FALSE,TRUE,"diagnostics_met_only",48.6481613534505,45.0327268214647
"p.w[82]","local_continuous",TRUE,0.240052362088429,0.00774397676457699,0.225157010061903,0.239920261399342,0.255379868787758,1.00042526505208,4758.72353211602,4734.96346673982,0.000112455112298574,0.240083844744309,0.240315945779651,0.240032273174503,0.239777384655254,0.000538561124397596,NA,FALSE,FALSE,TRUE,"diagnostics_met_only",46.6852757928425,46.452178577285
"p.w[83]","local_continuous",TRUE,0.237788591451341,0.00654750954698552,0.22504815907025,0.237708813046911,0.250830182259209,1.00175657112145,4341.33131800557,3782.37107470631,9.96132654471364e-05,0.237684692700332,0.237550440565549,0.238020169830186,0.237899062709295,0.00046972926463737,NA,FALSE,FALSE,TRUE,"diagnostics_met_only",42.5904653887452,37.1068072313534
"p.w[84]","local_continuous",TRUE,0.177592798718806,0.0070792913052729,0.163567501130256,0.177532552817954,0.191768353956231,1.00036422450372,5115.98831342909,4822.60837240746,9.91067118517424e-05,0.17733600286393,0.177621556907733,0.177867022392269,0.177546612711294,0.000531019528338672,NA,FALSE,FALSE,TRUE,"diagnostics_met_only",50.1902083097466,47.3120155830108
"p.w[85]","local_continuous",TRUE,0.164576801571448,0.0059113813018697,0.152993922815155,0.164478819037036,0.176369963979759,1.00108307700969,4998.12593389425,4232.81499812824,8.37212735212796e-05,0.164546624921731,0.164393710440261,0.164675921609252,0.164690949314548,0.000297238874287342,NA,FALSE,FALSE,TRUE,"diagnostics_met_only",49.0339239286412,41.5258701696056
"p.w[86]","local_continuous",TRUE,0.191643366056882,0.00721397078117455,0.177367577059106,0.191681057176157,0.206031069575465,1.00058268670003,4928.83762263071,4361.36281725716,0.000102839219144768,0.191542427265476,0.191461743640727,0.191911529177324,0.191657764144001,0.000449785536596747,NA,FALSE,FALSE,TRUE,"diagnostics_met_only",48.3541735925,42.7869836484829
"p.w[87]","local_continuous",TRUE,0.231401929462487,0.00668815773007224,0.21860977971639,0.231330265991622,0.244500907915304,1.00108553907267,4961.16898181474,4751.76558220925,9.49292283907566e-05,0.231527443663516,0.231158558905812,0.231332056278387,0.231589659002233,0.000431100096421277,NA,FALSE,FALSE,TRUE,"diagnostics_met_only",48.6713591591918,46.6170150905432
"p.w[88]","local_continuous",TRUE,0.195518861155854,0.00739568770552073,0.181295338043493,0.195425718702686,0.210190858986335,1.00033976382078,4799.70959654155,4325.28978030743,0.000106718430056,0.195598135500406,0.195841659445937,0.19534459159428,0.195291058082791,0.000550601363146164,NA,FALSE,FALSE,TRUE,"diagnostics_met_only",47.0873680153588,42.4330904947164
"p.w[89]","local_continuous",TRUE,0.167976348279605,0.0059370474975184,0.156574961289978,0.167947631213092,0.179814560987379,1.00060626154418,4843.70227310566,4818.15060677502,8.53693515759112e-05,0.168121682308733,0.16767635763856,0.16817647265952,0.167930880511605,0.000500115020959785,NA,FALSE,FALSE,TRUE,"diagnostics_met_only",47.5189564916381,47.2682828432192
"p.w[90]","local_continuous",TRUE,0.173893116701932,0.00801430918361204,0.158653273831491,0.173857586055277,0.189687018269767,1.00033992140932,5199.18429775121,4610.53444397937,0.000111684474830226,0.174296115903615,0.173814288664085,0.173825752237124,0.173636310002903,0.000659805900712102,NA,FALSE,FALSE,TRUE,"diagnostics_met_only",51.0063993422204,45.2314723931578
"p.w[91]","local_continuous",TRUE,0.202981567913442,0.00573811973741472,0.191972120477037,0.202923399622748,0.214315541009334,1.00068501657104,4993.74910469219,4778.71927506308,8.12525567248858e-05,0.202978808722118,0.202954763150411,0.202953752288862,0.203038947492377,8.51952035141323e-05,NA,FALSE,FALSE,TRUE,"diagnostics_met_only",48.9909852126142,46.8814432667178
"p.w[92]","local_continuous",TRUE,0.264944926755329,0.00731264177677189,0.248856243599168,0.265630796711217,0.276810559801674,1.00038445572889,3854.00555634419,3259.11938509449,0.000112369972565343,0.264830457844826,0.26514034830212,0.264732595687539,0.265076305186831,0.000407752614581536,NA,FALSE,FALSE,TRUE,"diagnostics_met_only",37.8095745825079,31.9734664785787
"p.w[93]","local_continuous",TRUE,0.264474213015387,0.00891064001358797,0.245916092965235,0.264921431312305,0.28014763538744,1.00091724056622,4617.14896939627,3880.49793346825,0.000127872546530358,0.26425195593458,0.264715131801949,0.264550434229284,0.264379330095735,0.00046317586736927,NA,FALSE,FALSE,TRUE,"diagnostics_met_only",45.2963639425918,38.0694770383025
"p.w[94]","local_continuous",TRUE,0.236246580677101,0.00684622822487747,0.221428154748023,0.236629826526699,0.24813963438157,1.0007704386152,4078.0188746855,3203.38633948026,0.000103050790803616,0.236445626499585,0.236574861683612,0.236021359709125,0.235944474816082,0.000630386867530169,NA,FALSE,FALSE,TRUE,"diagnostics_met_only",40.0072487019337,31.4266995593166
"p.w[95]","local_continuous",TRUE,0.205249815199658,0.00713048151152467,0.189826135425618,0.205823274386684,0.217097915120305,1.00078219019809,4270.5485585554,4087.95562082102,0.000105402280172741,0.205243635421337,0.204926478777306,0.205276386893344,0.205552759706645,0.000626280929339501,NA,FALSE,FALSE,TRUE,"diagnostics_met_only",41.8960538256426,40.104732771073
"p.w[96]","local_continuous",TRUE,0.229312689779403,0.00635779991819205,0.216125113261101,0.229675886026477,0.240391263537903,1.00057631627958,4409.67680671856,3261.5277177454,9.23616220440627e-05,0.229390537287867,0.229403543967325,0.229365937898154,0.229090739964267,0.000312804003058442,NA,FALSE,FALSE,TRUE,"diagnostics_met_only",43.2609662001978,31.9970933342365
"p.w[97]","local_continuous",TRUE,0.220303205502653,0.0080358382925253,0.203421915492546,0.220823201827506,0.234010697657395,1.00085608947058,4254.31485753526,3471.97868914942,0.000117474746908677,0.220423552250211,0.220035349736543,0.220572000685269,0.220181919338588,0.000536650948725598,NA,FALSE,FALSE,TRUE,"diagnostics_met_only",41.7367937206693,34.0617145660776
"p.w[98]","local_continuous",TRUE,0.299124349642558,0.00784108198405246,0.282732625696648,0.299586093453543,0.312974985603116,1.00035023888144,4096.34215296114,3253.55544063145,0.00011845399968964,0.299038755470076,0.299197908886279,0.299258914587697,0.29900181962618,0.000257094961516824,NA,FALSE,FALSE,TRUE,"diagnostics_met_only",40.1870085249102,31.9188816135409
"p.w[99]","local_continuous",TRUE,0.266669080471725,0.00878037224351399,0.24848505335852,0.267206523185594,0.281830195122899,1.00055878628591,3985.53922050965,3184.97326005402,0.000132659394831183,0.266676560127305,0.26638977325164,0.26649102127271,0.267118967235245,0.00072919398360477,NA,FALSE,FALSE,TRUE,"diagnostics_met_only",39.0999805802854,31.2460587455757
"p.w[100]","local_continuous",TRUE,0.213848758491717,0.0067184419004185,0.199421181771,0.214428499033664,0.225194225399221,1.00096561043566,4494.51875040055,3461.50553212646,9.58111185558483e-05,0.213654485216187,0.213882460365024,0.214065237069272,0.213792851316387,0.000410751853084951,NA,FALSE,FALSE,TRUE,"diagnostics_met_only",44.0933048542219,33.9589680583768
"p.w[101]","local_continuous",TRUE,0.337619968654851,0.00839470363909854,0.320178411184643,0.338340467986061,0.351844479006076,1.00023543733006,4349.2215828279,3504.60797917076,0.000125960866824312,0.337980937654187,0.337333615679137,0.337460869435246,0.337704451850832,0.000647321975050352,NA,FALSE,FALSE,TRUE,"diagnostics_met_only",42.6678725309805,34.3818229718907
"p.w[102]","local_continuous",TRUE,0.275821380886022,0.00678588476867071,0.261481535671468,0.276184117150767,0.287367026377952,1.00162940824302,3697.33176560055,3261.77420671734,0.000107536211308627,0.276020872163413,0.276051905575611,0.275472636931712,0.275740108873352,0.0005792686438994,NA,FALSE,FALSE,TRUE,"diagnostics_met_only",36.2725323313636,31.9995115048987
"p.w[103]","local_continuous",TRUE,0.242801038355721,0.00542923533089489,0.231329616885645,0.243150436435634,0.252279947349872,1.00029056035289,4534.4767876839,3632.39587843105,7.80987529793382e-05,0.242623880727356,0.242677349629984,0.242976386301248,0.242926536764297,0.000352505573892326,NA,FALSE,FALSE,TRUE,"diagnostics_met_only",44.4853116556518,35.6354812858675
"p.w[104]","local_continuous",TRUE,0.234883239981374,0.0064188867386133,0.221238113554576,0.235213434543583,0.246365932427358,1.0011990482513,4561.4982708794,3371.93515489253,9.29136534748241e-05,0.234400187766416,0.234910155613193,0.235114323358348,0.235108293187538,0.000714135591932313,NA,FALSE,FALSE,TRUE,"diagnostics_met_only",44.750404886389,33.0802412872555
"p.w[105]","local_continuous",TRUE,0.266912307717604,0.00699894631432526,0.252205981792488,0.267278372116163,0.279174337564323,1.00135598042513,3944.58617086533,3019.44218710493,0.000107111151615715,0.266802743474566,0.26680828446438,0.266969553254988,0.267068649676481,0.000265906201915411,NA,FALSE,FALSE,TRUE,"diagnostics_met_only",38.6982122480215,29.6221224650251
"p.w[106]","local_continuous",TRUE,0.287748671911347,0.00656930349305446,0.274130120201948,0.287964633004491,0.299677987997593,1.00055801703869,4136.50040558659,3187.97634864966,0.000100061224527795,0.287540420910928,0.287858923549747,0.287973510442061,0.287621832742652,0.000433089531133857,NA,FALSE,FALSE,TRUE,"diagnostics_met_only",40.5809795313207,31.2755204317551
"p.w[107]","local_continuous",TRUE,0.207141091647889,0.00667660636883486,0.192542824424219,0.207827362205461,0.217966598927696,1.00044200205054,4168.46546844253,3561.34043832656,9.95991363165784e-05,0.207104138106374,0.207350977137334,0.207225854037856,0.206883397309992,0.000467579827342302,NA,FALSE,FALSE,TRUE,"diagnostics_met_only",40.8945715618504,34.9383945996013
"p.w[108]","local_continuous",TRUE,0.410335626917047,0.0120344773274979,0.385862378735254,0.410604118044515,0.432652203511673,1.01311125784023,1236.8223969682,2514.6506225406,0.000335115342383456,0.411208173607293,0.408615100770128,0.408679058220501,0.412840175070266,0.00422507430013808,NA,FALSE,FALSE,FALSE,"inconclusive",12.1337989735137,24.669884065265
"p.w[109]","local_continuous",TRUE,0.413940281764423,0.0123365356779719,0.388219368258414,0.414472223517779,0.4365579448201,1.00023710548408,4098.50952674235,3487.40351297413,0.000188435028750613,0.414043415265738,0.413568569262938,0.414346336029473,0.413802806499544,0.000777766766534516,NA,FALSE,FALSE,TRUE,"diagnostics_met_only",40.2082714627629,34.2130392121623
"p.w[110]","local_continuous",TRUE,0.34162338052517,0.00660560668534985,0.328201637609304,0.341723723565302,0.354343883951472,1.00015773035313,4039.37374887005,3066.32978842232,0.000103355958469012,0.341749627741684,0.341797779588784,0.341515848529025,0.341430266241187,0.000367513347597048,NA,FALSE,FALSE,TRUE,"diagnostics_met_only",39.6281221684069,30.082111490232
"p.w[111]","local_continuous",TRUE,0.274044167834035,0.00704844721742004,0.259087045445544,0.274401365686966,0.286347359454872,1.00104692143033,4130.33687485232,3641.93407661684,0.000106843906470558,0.273827865199556,0.274165582333477,0.274484840435957,0.273698383367149,0.000786457068807866,NA,FALSE,FALSE,TRUE,"diagnostics_met_only",40.5205124480273,35.7290554155402
"p.w[112]","local_continuous",TRUE,0.285110667105447,0.00726469941497193,0.269864688745943,0.285611450742581,0.297863261964456,1.00094238296883,3983.55200186923,3329.07638531698,0.000109993162055932,0.284930880146482,0.285015108815737,0.285218358938998,0.285278320520569,0.00034744037408635,NA,FALSE,FALSE,TRUE,"diagnostics_met_only",39.0804850475731,32.6597769622589
"p.w[113]","local_continuous",TRUE,0.382232570833912,0.00827370969511009,0.36537860097045,0.382496291187113,0.397535835621958,1.0025417244833,3678.20801237379,3388.04324789432,0.000133754544065666,0.383158423177661,0.382002420282857,0.382031162247484,0.381738277627647,0.00142014555001446,NA,FALSE,FALSE,TRUE,"diagnostics_met_only",36.0849194793959,33.2382691195535
"p.w[114]","local_continuous",TRUE,0.195815886093747,0.00517128386091708,0.184942438054065,0.196139948545939,0.204889591010544,1.00103115812189,3526.5898558624,3158.65492915611,8.32456442505722e-05,0.195927349363815,0.195708014609221,0.195850776274645,0.195777404127307,0.000219334754594652,NA,FALSE,FALSE,TRUE,"diagnostics_met_only",34.5974753351489,30.9878637636474
"p.w[115]","local_continuous",TRUE,0.18112086271366,0.00503328297919589,0.1704718588826,0.18145639637321,0.189816155866604,1.00137786563489,4590.46004843937,3438.02184943945,7.18177368031401e-05,0.181353489229469,0.180965958172269,0.180837647909929,0.181326355542973,0.000515841319540328,NA,FALSE,FALSE,TRUE,"diagnostics_met_only",45.034533301018,33.7285822846549
"p.w[116]","local_continuous",TRUE,0.185558579636816,0.00450424778324947,0.175929722131636,0.18588171806119,0.193385489146099,1.00074005566257,4130.29231585689,2943.17834432411,6.75202022726337e-05,0.185718639462436,0.185513420574497,0.185505581571976,0.185496676938355,0.000221962524080521,NA,FALSE,FALSE,TRUE,"diagnostics_met_only",40.5200753037014,28.873938942865
"p.w[117]","local_continuous",TRUE,0.187489135334714,0.00688704398202367,0.172687033270739,0.188118489882367,0.199167574677194,1.00068090806398,4305.79822370421,3333.53474834699,0.000101003228991731,0.187331907015643,0.18761588237436,0.187525931144656,0.187482820804196,0.000283975358716798,NA,FALSE,FALSE,TRUE,"diagnostics_met_only",42.241869321746,32.7035155627967
"p.w[118]","local_continuous",TRUE,0.20245471641956,0.00621944193157592,0.189310952228837,0.202688981471635,0.213463631638436,1.00016814934984,3877.74148073652,3357.42719084925,9.70686452387687e-05,0.202229374271356,0.202283940415018,0.20262589835476,0.202679652637105,0.000450278365749318,NA,FALSE,FALSE,TRUE,"diagnostics_met_only",38.0424349638634,32.9379114591027
"p.w[119]","local_continuous",TRUE,0.186575288320864,0.00492755199901472,0.175864237965316,0.187051483975126,0.19452980268218,1.00041349908272,4123.88870391525,3926.28366240652,7.42758368408024e-05,0.186507237519898,0.186573809144989,0.186591441074307,0.186628665544262,0.000121428024363601,NA,FALSE,FALSE,TRUE,"diagnostics_met_only",40.4572529128757,38.5186561865412
"p.w[120]","local_continuous",TRUE,0.228378694450638,0.00727894224771637,0.212912400035151,0.228891523490751,0.240887985168693,1.00042420684301,4228.23350494965,3229.55273601563,0.000107553187940104,0.22855177504788,0.228379046559323,0.228021920206504,0.228562035988847,0.000540115782342837,NA,FALSE,FALSE,TRUE,"diagnostics_met_only",41.4809236054394,31.6834039949734
"p.w[121]","local_continuous",TRUE,0.224496600409186,0.00534080142514754,0.21347786609033,0.224746231075269,0.234037938760073,1.00036328509082,4161.02194215823,3774.71201309787,8.10187085936034e-05,0.224562429860411,0.224589585983073,0.224537586669429,0.224296799123831,0.000292786859242555,NA,FALSE,FALSE,TRUE,"diagnostics_met_only",40.8215471310112,37.0316682994337
"p.w[122]","local_continuous",TRUE,0.230730884650387,0.00690866909828958,0.215917376454984,0.231260406933247,0.242350084451729,1.00029648057352,4243.16401486549,3464.31532249111,0.000101608111608841,0.230567698903941,0.230562522345402,0.23086589503172,0.230927422320485,0.000364899975082961,NA,FALSE,FALSE,TRUE,"diagnostics_met_only",41.6273988037661,33.9865333996302
"p.w[123]","local_continuous",TRUE,0.216684332620604,0.0062523647507757,0.203251290827399,0.217072045338613,0.227462755746139,1.00096907226118,4302.42266964029,3523.91049921218,9.25664754815066e-05,0.216619127365207,0.21679305706609,0.216718514580184,0.216606631470937,0.000186425595153084,NA,FALSE,FALSE,TRUE,"diagnostics_met_only",42.2087535772896,34.5711896088783
"p.w[124]","local_continuous",TRUE,0.270008671673372,0.00599899731152571,0.256915409329123,0.270599109321134,0.279999583839513,1.00008088881878,4483.19016616985,3396.32844007936,8.58375433806773e-05,0.270084503755296,0.270055620105762,0.270022116953553,0.269872445878876,0.000212057876420146,NA,FALSE,FALSE,TRUE,"diagnostics_met_only",43.9821662105114,33.3195506816246
"p.w[125]","local_continuous",TRUE,0.20535540999884,0.00439362391535362,0.196065483090155,0.205629383838446,0.212794988386892,1.00008011130221,4343.84471691385,3501.93499983777,6.47889926250589e-05,0.205229139129721,0.205299123092934,0.205389246032269,0.205504131740435,0.00027499261071437,NA,FALSE,FALSE,TRUE,"diagnostics_met_only",42.6151229929154,34.3555998100476
"p.w[126]","local_continuous",TRUE,0.192265527109825,0.00489923982118751,0.182101608213268,0.192487569675548,0.201191236368972,0.999928293248551,3979.15827040962,3379.65264695885,7.51215680367902e-05,0.192179470098707,0.19238091291354,0.192248238439001,0.19225348698805,0.000201442814833086,NA,FALSE,FALSE,TRUE,"diagnostics_met_only",39.0373805125929,33.1559534489547
"p.w[127]","local_continuous",TRUE,0.250396363984645,0.00618364856918271,0.238223339928821,0.250401284058011,0.262516348262874,1.00052783092775,5082.53429125721,4294.84026801093,8.68398532935427e-05,0.250330406807973,0.250409175142702,0.250442694802059,0.250403179185846,0.000112287994085858,NA,FALSE,FALSE,TRUE,"diagnostics_met_only",49.8620089006123,42.1343667151722
"p.w[128]","local_continuous",TRUE,0.210251558819493,0.0078355613407333,0.195100640906671,0.210155841543604,0.225808365182479,1.00036488708806,4831.89225608205,4618.50504150123,0.000112909857569633,0.210125061656448,0.210073535367467,0.210310018418797,0.210497619835259,0.000424084467792407,NA,FALSE,FALSE,TRUE,"diagnostics_met_only",47.4030947698667,45.3096676362794
"p.w[129]","local_continuous",TRUE,0.153020951491407,0.00662671458380466,0.140283910357345,0.152943847127247,0.166305970199524,1.00068234816938,5121.26192265314,4476.07005148243,9.28190457875582e-05,0.15295137390547,0.15321324358046,0.152921069612269,0.152998118867429,0.00029217396819145,NA,FALSE,FALSE,TRUE,"diagnostics_met_only",50.241944851991,43.9123145968139
"p.w[130]","local_continuous",TRUE,0.134983045925716,0.00911548709238849,0.117804475930572,0.134741447763339,0.153343037456339,1.00013760863984,5099.76248555338,4742.34721811731,0.000127917653027194,0.135088718733177,0.135224898220739,0.13507764159232,0.134540925156629,0.000683973064110194,NA,FALSE,FALSE,TRUE,"diagnostics_met_only",50.0310254439566,46.5246165886798
"p.w[131]","local_continuous",TRUE,0.260443235274036,0.011471124542939,0.238144838844828,0.260415654875566,0.28302143774024,1.00018013755286,5076.93892015286,4362.11718438774,0.000160987863334409,0.260338920714574,0.259943032092985,0.260731035198889,0.260759953089694,0.00081692099670827,NA,FALSE,FALSE,TRUE,"diagnostics_met_only",49.8071157257079,42.7943843384584
"p.w[132]","local_continuous",TRUE,0.259787255899254,0.00696390321873834,0.244890164259498,0.260309738186166,0.271635664661429,1.0013134741227,3696.44059722798,2812.23330999541,0.000108835854289394,0.259515290914343,0.259925119542955,0.260052247093514,0.259656366046203,0.000536956179170989,NA,FALSE,FALSE,TRUE,"diagnostics_met_only",36.2637895580189,27.5893076756604
"p.w[133]","local_continuous",TRUE,0.304002919855285,0.0098457052747011,0.284369056498179,0.30422143114699,0.322166380080208,1.00068260549608,4202.87131937286,3457.9162860194,0.000148958083874948,0.304017755222248,0.304221562362729,0.303848855616201,0.303923506219961,0.000372706746528562,NA,FALSE,FALSE,TRUE,"diagnostics_met_only",41.2321088507324,33.9237558962779
"p.w[134]","local_continuous",TRUE,0.231126870716002,0.00693772839782365,0.216575831279319,0.231481710093363,0.243421510913825,1.00121508401446,4022.93026457456,3055.52397569578,0.000105099761370969,0.230815699228141,0.231420725202576,0.231237113106326,0.231033945326966,0.000605025974435486,NA,FALSE,FALSE,TRUE,"diagnostics_met_only",39.4668039926084,29.9761014764331
"p.w[135]","local_continuous",TRUE,0.244968440409361,0.00723936338716373,0.23087484537698,0.24487535722173,0.259077993031411,1.00067469869409,4882.45600965163,3982.45131143422,0.00010375629908582,0.24517568635633,0.244865306381376,0.24508126263181,0.244751506267927,0.000424180088403892,NA,FALSE,FALSE,TRUE,"diagnostics_met_only",47.899148546596,39.0696867660226
"p.w[136]","local_continuous",TRUE,0.149531798943767,0.0106272248951455,0.129170644886742,0.149286631325449,0.17108984106444,1.00062056265193,4862.4376877865,4782.97956247415,0.000152330528385698,0.149412310915962,0.149944497433804,0.148887390686512,0.149882996738788,0.00105710674729254,NA,FALSE,FALSE,TRUE,"diagnostics_met_only",47.7027595631058,46.9232386539473
"p.w[137]","local_continuous",TRUE,0.228057233699192,0.0127992434697334,0.203693088481777,0.227799170237747,0.253873075304466,1.00136295899872,4551.06919159389,4592.51378227789,0.000190389770730626,0.228047644508803,0.228280227529414,0.227438545823205,0.228462516935348,0.0010239711121427,NA,FALSE,FALSE,TRUE,"diagnostics_met_only",44.648090801651,45.0546813785454
"p.w[138]","local_continuous",TRUE,0.195105955246243,0.00738104845527337,0.180892830300296,0.195059434754974,0.210097337093825,1.00175681444783,4497.89903859803,4176.74430350647,0.000110663580025898,0.195392308785122,0.195080573759629,0.194829386401989,0.195121552038233,0.000562922383133102,NA,FALSE,FALSE,TRUE,"diagnostics_met_only",44.126467042715,40.9757907576273
"p.w[139]","local_continuous",TRUE,0.353508924647703,0.00893277936953075,0.335208387800927,0.35362374658045,0.370312934963297,1.00065590994675,4473.59682402973,3221.71972137895,0.000131472822094991,0.353490209852391,0.353849711336553,0.353302469422715,0.353393307979153,0.000547241913837926,NA,FALSE,FALSE,TRUE,"diagnostics_met_only",43.8880510931771,31.6065585035018
"p.w[140]","local_continuous",TRUE,0.250183293396349,0.00789599558232304,0.233954848791526,0.250600023983499,0.26446260940916,1.00106300326453,4086.3576048378,3300.93982205848,0.000119867517598,0.25028979779033,0.249934165522432,0.250158036875523,0.25035117339711,0.000417007874678105,NA,FALSE,FALSE,TRUE,"diagnostics_met_only",40.0890554961915,32.3837442810745
"p.w[141]","local_continuous",TRUE,0.163138535576552,0.00665766118569196,0.150143186551352,0.163203993377499,0.176446529584774,1.00029354890022,5077.80095882045,4485.92468752487,9.33834978967102e-05,0.16312011511305,0.163359104097172,0.163173305049159,0.162901618046827,0.000457486050344708,NA,FALSE,FALSE,TRUE,"diagnostics_met_only",49.8155727231924,44.0089931280154
"p.w[142]","local_continuous",TRUE,0.269505842207958,0.0107912145189699,0.248337633662345,0.269453716541732,0.291276353321661,1.00034056161874,5156.24644159343,4118.13918963437,0.000150727410453023,0.269636811795955,0.269611467458945,0.269159536722973,0.269615552853959,0.00047727507298162,NA,FALSE,FALSE,TRUE,"diagnostics_met_only",50.585159141324,40.4008475222145
"p.w[143]","local_continuous",TRUE,0.128364647432123,0.00548301713631725,0.11744899633634,0.128297703755673,0.139018263084043,1.00021552636342,4687.32175830103,4161.64043411867,8.00648493808887e-05,0.12823831617527,0.128448638503068,0.128238208466417,0.128533426583737,0.000295218117319168,NA,FALSE,FALSE,TRUE,"diagnostics_met_only",45.9847914129129,40.82761482281
"class_count[1]","class_count",TRUE,141.5,2.0616816719403,138,142.5,143,Inf,4.01606425702811,NA,1.02877708848284,138,143,143,142,0.034965034965035,0.05,FALSE,FALSE,FALSE,"inconclusive",0.0393994452873299,NA
"class_indicator[1,1]","class_indicator",TRUE,1,0,1,1,1,NA,NA,NA,NA,1,1,1,1,0,0.05,TRUE,FALSE,FALSE,"inconclusive",NA,NA
"class_indicator[2,1]","class_indicator",TRUE,1,0,1,1,1,NA,NA,NA,NA,1,1,1,1,0,0.05,TRUE,FALSE,FALSE,"inconclusive",NA,NA
"class_indicator[3,1]","class_indicator",TRUE,1,0,1,1,1,NA,NA,NA,NA,1,1,1,1,0,0.05,TRUE,FALSE,FALSE,"inconclusive",NA,NA
"class_indicator[4,1]","class_indicator",TRUE,1,0,1,1,1,NA,NA,NA,NA,1,1,1,1,0,0.05,TRUE,FALSE,FALSE,"inconclusive",NA,NA
"class_indicator[5,1]","class_indicator",TRUE,1,0,1,1,1,NA,NA,NA,NA,1,1,1,1,0,0.05,TRUE,FALSE,FALSE,"inconclusive",NA,NA
"class_indicator[6,1]","class_indicator",TRUE,1,0,1,1,1,NA,NA,NA,NA,1,1,1,1,0,0.05,TRUE,FALSE,FALSE,"inconclusive",NA,NA
"class_indicator[7,1]","class_indicator",TRUE,1,0,1,1,1,NA,NA,NA,NA,1,1,1,1,0,0.05,TRUE,FALSE,FALSE,"inconclusive",NA,NA
"class_indicator[8,1]","class_indicator",TRUE,1,0,1,1,1,NA,NA,NA,NA,1,1,1,1,0,0.05,TRUE,FALSE,FALSE,"inconclusive",NA,NA
"class_indicator[9,1]","class_indicator",TRUE,1,0,1,1,1,NA,NA,NA,NA,1,1,1,1,0,0.05,TRUE,FALSE,FALSE,"inconclusive",NA,NA
"class_indicator[10,1]","class_indicator",TRUE,1,0,1,1,1,NA,NA,NA,NA,1,1,1,1,0,0.05,TRUE,FALSE,FALSE,"inconclusive",NA,NA
"class_indicator[11,1]","class_indicator",TRUE,1,0,1,1,1,NA,NA,NA,NA,1,1,1,1,0,0.05,TRUE,FALSE,FALSE,"inconclusive",NA,NA
"class_indicator[12,1]","class_indicator",TRUE,1,0,1,1,1,NA,NA,NA,NA,1,1,1,1,0,0.05,TRUE,FALSE,FALSE,"inconclusive",NA,NA
"class_indicator[13,1]","class_indicator",TRUE,1,0,1,1,1,NA,NA,NA,NA,1,1,1,1,0,0.05,TRUE,FALSE,FALSE,"inconclusive",NA,NA
"class_indicator[14,1]","class_indicator",TRUE,1,0,1,1,1,NA,NA,NA,NA,1,1,1,1,0,0.05,TRUE,FALSE,FALSE,"inconclusive",NA,NA
"class_indicator[15,1]","class_indicator",TRUE,1,0,1,1,1,NA,NA,NA,NA,1,1,1,1,0,0.05,TRUE,FALSE,FALSE,"inconclusive",NA,NA
"class_indicator[16,1]","class_indicator",TRUE,1,0,1,1,1,NA,NA,NA,NA,1,1,1,1,0,0.05,TRUE,FALSE,FALSE,"inconclusive",NA,NA
"class_indicator[17,1]","class_indicator",TRUE,1,0,1,1,1,NA,NA,NA,NA,1,1,1,1,0,0.05,TRUE,FALSE,FALSE,"inconclusive",NA,NA
"class_indicator[18,1]","class_indicator",TRUE,1,0,1,1,1,NA,NA,NA,NA,1,1,1,1,0,0.05,TRUE,FALSE,FALSE,"inconclusive",NA,NA
"class_indicator[19,1]","class_indicator",TRUE,1,0,1,1,1,NA,NA,NA,NA,1,1,1,1,0,0.05,TRUE,FALSE,FALSE,"inconclusive",NA,NA
"class_indicator[20,1]","class_indicator",TRUE,1,0,1,1,1,NA,NA,NA,NA,1,1,1,1,0,0.05,TRUE,FALSE,FALSE,"inconclusive",NA,NA
"class_indicator[21,1]","class_indicator",TRUE,1,0,1,1,1,NA,NA,NA,NA,1,1,1,1,0,0.05,TRUE,FALSE,FALSE,"inconclusive",NA,NA
"class_indicator[22,1]","class_indicator",TRUE,1,0,1,1,1,NA,NA,NA,NA,1,1,1,1,0,0.05,TRUE,FALSE,FALSE,"inconclusive",NA,NA
"class_indicator[23,1]","class_indicator",TRUE,1,0,1,1,1,NA,NA,NA,NA,1,1,1,1,0,0.05,TRUE,FALSE,FALSE,"inconclusive",NA,NA
"class_indicator[24,1]","class_indicator",TRUE,1,0,1,1,1,NA,NA,NA,NA,1,1,1,1,0,0.05,TRUE,FALSE,FALSE,"inconclusive",NA,NA
"class_indicator[25,1]","class_indicator",TRUE,1,0,1,1,1,NA,NA,NA,NA,1,1,1,1,0,0.05,TRUE,FALSE,FALSE,"inconclusive",NA,NA
"class_indicator[26,1]","class_indicator",TRUE,1,0,1,1,1,NA,NA,NA,NA,1,1,1,1,0,0.05,TRUE,FALSE,FALSE,"inconclusive",NA,NA
"class_indicator[27,1]","class_indicator",TRUE,1,0,1,1,1,NA,NA,NA,NA,1,1,1,1,0,0.05,TRUE,FALSE,FALSE,"inconclusive",NA,NA
"class_indicator[28,1]","class_indicator",TRUE,1,0,1,1,1,NA,NA,NA,NA,1,1,1,1,0,0.05,TRUE,FALSE,FALSE,"inconclusive",NA,NA
"class_indicator[29,1]","class_indicator",TRUE,1,0,1,1,1,NA,NA,NA,NA,1,1,1,1,0,0.05,TRUE,FALSE,FALSE,"inconclusive",NA,NA
"class_indicator[30,1]","class_indicator",TRUE,1,0,1,1,1,NA,NA,NA,NA,1,1,1,1,0,0.05,TRUE,FALSE,FALSE,"inconclusive",NA,NA
"class_indicator[31,1]","class_indicator",TRUE,1,0,1,1,1,NA,NA,NA,NA,1,1,1,1,0,0.05,TRUE,FALSE,FALSE,"inconclusive",NA,NA
"class_indicator[32,1]","class_indicator",TRUE,1,0,1,1,1,NA,NA,NA,NA,1,1,1,1,0,0.05,TRUE,FALSE,FALSE,"inconclusive",NA,NA
"class_indicator[33,1]","class_indicator",TRUE,1,0,1,1,1,NA,NA,NA,NA,1,1,1,1,0,0.05,TRUE,FALSE,FALSE,"inconclusive",NA,NA
"class_indicator[34,1]","class_indicator",TRUE,1,0,1,1,1,NA,NA,NA,NA,1,1,1,1,0,0.05,TRUE,FALSE,FALSE,"inconclusive",NA,NA
"class_indicator[35,1]","class_indicator",TRUE,1,0,1,1,1,NA,NA,NA,NA,1,1,1,1,0,0.05,TRUE,FALSE,FALSE,"inconclusive",NA,NA
"class_indicator[36,1]","class_indicator",TRUE,1,0,1,1,1,NA,NA,NA,NA,1,1,1,1,0,0.05,TRUE,FALSE,FALSE,"inconclusive",NA,NA
"class_indicator[37,1]","class_indicator",TRUE,1,0,1,1,1,NA,NA,NA,NA,1,1,1,1,0,0.05,TRUE,FALSE,FALSE,"inconclusive",NA,NA
"class_indicator[38,1]","class_indicator",TRUE,1,0,1,1,1,NA,NA,NA,NA,1,1,1,1,0,0.05,TRUE,FALSE,FALSE,"inconclusive",NA,NA
"class_indicator[39,1]","class_indicator",TRUE,1,0,1,1,1,NA,NA,NA,NA,1,1,1,1,0,0.05,TRUE,FALSE,FALSE,"inconclusive",NA,NA
"class_indicator[40,1]","class_indicator",TRUE,1,0,1,1,1,NA,NA,NA,NA,1,1,1,1,0,0.05,TRUE,FALSE,FALSE,"inconclusive",NA,NA
"class_indicator[41,1]","class_indicator",TRUE,1,0,1,1,1,NA,NA,NA,NA,1,1,1,1,0,0.05,TRUE,FALSE,FALSE,"inconclusive",NA,NA
"class_indicator[42,1]","class_indicator",TRUE,1,0,1,1,1,NA,NA,NA,NA,1,1,1,1,0,0.05,TRUE,FALSE,FALSE,"inconclusive",NA,NA
"class_indicator[43,1]","class_indicator",TRUE,1,0,1,1,1,NA,NA,NA,NA,1,1,1,1,0,0.05,TRUE,FALSE,FALSE,"inconclusive",NA,NA
"class_indicator[44,1]","class_indicator",TRUE,1,0,1,1,1,NA,NA,NA,NA,1,1,1,1,0,0.05,TRUE,FALSE,FALSE,"inconclusive",NA,NA
"class_indicator[45,1]","class_indicator",TRUE,1,0,1,1,1,NA,NA,NA,NA,1,1,1,1,0,0.05,TRUE,FALSE,FALSE,"inconclusive",NA,NA
"class_indicator[46,1]","class_indicator",TRUE,1,0,1,1,1,NA,NA,NA,NA,1,1,1,1,0,0.05,TRUE,FALSE,FALSE,"inconclusive",NA,NA
"class_indicator[47,1]","class_indicator",TRUE,1,0,1,1,1,NA,NA,NA,NA,1,1,1,1,0,0.05,TRUE,FALSE,FALSE,"inconclusive",NA,NA
"class_indicator[48,1]","class_indicator",TRUE,1,0,1,1,1,NA,NA,NA,NA,1,1,1,1,0,0.05,TRUE,FALSE,FALSE,"inconclusive",NA,NA
"class_indicator[49,1]","class_indicator",TRUE,1,0,1,1,1,NA,NA,NA,NA,1,1,1,1,0,0.05,TRUE,FALSE,FALSE,"inconclusive",NA,NA
"class_indicator[50,1]","class_indicator",TRUE,1,0,1,1,1,NA,NA,NA,NA,1,1,1,1,0,0.05,TRUE,FALSE,FALSE,"inconclusive",NA,NA
"class_indicator[51,1]","class_indicator",TRUE,0.75,0.433039767723536,0,1,1,Inf,4.01606425702811,NA,0.216086410186026,0,1,1,1,1,0.05,FALSE,FALSE,FALSE,"inconclusive",0.0393994452873299,NA
"class_indicator[52,1]","class_indicator",TRUE,1,0,1,1,1,NA,NA,NA,NA,1,1,1,1,0,0.05,TRUE,FALSE,FALSE,"inconclusive",NA,NA
"class_indicator[53,1]","class_indicator",TRUE,1,0,1,1,1,NA,NA,NA,NA,1,1,1,1,0,0.05,TRUE,FALSE,FALSE,"inconclusive",NA,NA
"class_indicator[54,1]","class_indicator",TRUE,1,0,1,1,1,NA,NA,NA,NA,1,1,1,1,0,0.05,TRUE,FALSE,FALSE,"inconclusive",NA,NA
"class_indicator[55,1]","class_indicator",TRUE,1,0,1,1,1,NA,NA,NA,NA,1,1,1,1,0,0.05,TRUE,FALSE,FALSE,"inconclusive",NA,NA
"class_indicator[56,1]","class_indicator",TRUE,1,0,1,1,1,NA,NA,NA,NA,1,1,1,1,0,0.05,TRUE,FALSE,FALSE,"inconclusive",NA,NA
"class_indicator[57,1]","class_indicator",TRUE,1,0,1,1,1,NA,NA,NA,NA,1,1,1,1,0,0.05,TRUE,FALSE,FALSE,"inconclusive",NA,NA
"class_indicator[58,1]","class_indicator",TRUE,1,0,1,1,1,NA,NA,NA,NA,1,1,1,1,0,0.05,TRUE,FALSE,FALSE,"inconclusive",NA,NA
"class_indicator[59,1]","class_indicator",TRUE,1,0,1,1,1,NA,NA,NA,NA,1,1,1,1,0,0.05,TRUE,FALSE,FALSE,"inconclusive",NA,NA
"class_indicator[60,1]","class_indicator",TRUE,1,0,1,1,1,NA,NA,NA,NA,1,1,1,1,0,0.05,TRUE,FALSE,FALSE,"inconclusive",NA,NA
"class_indicator[61,1]","class_indicator",TRUE,1,0,1,1,1,NA,NA,NA,NA,1,1,1,1,0,0.05,TRUE,FALSE,FALSE,"inconclusive",NA,NA
"class_indicator[62,1]","class_indicator",TRUE,1,0,1,1,1,NA,NA,NA,NA,1,1,1,1,0,0.05,TRUE,FALSE,FALSE,"inconclusive",NA,NA
"class_indicator[63,1]","class_indicator",TRUE,1,0,1,1,1,NA,NA,NA,NA,1,1,1,1,0,0.05,TRUE,FALSE,FALSE,"inconclusive",NA,NA
"class_indicator[64,1]","class_indicator",TRUE,1,0,1,1,1,NA,NA,NA,NA,1,1,1,1,0,0.05,TRUE,FALSE,FALSE,"inconclusive",NA,NA
"class_indicator[65,1]","class_indicator",TRUE,0.75,0.433039767723536,0,1,1,Inf,4.01606425702811,NA,0.216086410186026,0,1,1,1,1,0.05,FALSE,FALSE,FALSE,"inconclusive",0.0393994452873299,NA
"class_indicator[66,1]","class_indicator",TRUE,1,0,1,1,1,NA,NA,NA,NA,1,1,1,1,0,0.05,TRUE,FALSE,FALSE,"inconclusive",NA,NA
"class_indicator[67,1]","class_indicator",TRUE,1,0,1,1,1,NA,NA,NA,NA,1,1,1,1,0,0.05,TRUE,FALSE,FALSE,"inconclusive",NA,NA
"class_indicator[68,1]","class_indicator",TRUE,1,0,1,1,1,NA,NA,NA,NA,1,1,1,1,0,0.05,TRUE,FALSE,FALSE,"inconclusive",NA,NA
"class_indicator[69,1]","class_indicator",TRUE,1,0,1,1,1,NA,NA,NA,NA,1,1,1,1,0,0.05,TRUE,FALSE,FALSE,"inconclusive",NA,NA
"class_indicator[70,1]","class_indicator",TRUE,1,0,1,1,1,NA,NA,NA,NA,1,1,1,1,0,0.05,TRUE,FALSE,FALSE,"inconclusive",NA,NA
"class_indicator[71,1]","class_indicator",TRUE,1,0,1,1,1,NA,NA,NA,NA,1,1,1,1,0,0.05,TRUE,FALSE,FALSE,"inconclusive",NA,NA
"class_indicator[72,1]","class_indicator",TRUE,1,0,1,1,1,NA,NA,NA,NA,1,1,1,1,0,0.05,TRUE,FALSE,FALSE,"inconclusive",NA,NA
"class_indicator[73,1]","class_indicator",TRUE,0.75,0.433039767723536,0,1,1,Inf,4.01606425702811,NA,0.216086410186026,0,1,1,1,1,0.05,FALSE,FALSE,FALSE,"inconclusive",0.0393994452873299,NA
"class_indicator[74,1]","class_indicator",TRUE,1,0,1,1,1,NA,NA,NA,NA,1,1,1,1,0,0.05,TRUE,FALSE,FALSE,"inconclusive",NA,NA
"class_indicator[75,1]","class_indicator",TRUE,1,0,1,1,1,NA,NA,NA,NA,1,1,1,1,0,0.05,TRUE,FALSE,FALSE,"inconclusive",NA,NA
"class_indicator[76,1]","class_indicator",TRUE,1,0,1,1,1,NA,NA,NA,NA,1,1,1,1,0,0.05,TRUE,FALSE,FALSE,"inconclusive",NA,NA
"class_indicator[77,1]","class_indicator",TRUE,1,0,1,1,1,NA,NA,NA,NA,1,1,1,1,0,0.05,TRUE,FALSE,FALSE,"inconclusive",NA,NA
"class_indicator[78,1]","class_indicator",TRUE,1,0,1,1,1,NA,NA,NA,NA,1,1,1,1,0,0.05,TRUE,FALSE,FALSE,"inconclusive",NA,NA
"class_indicator[79,1]","class_indicator",TRUE,1,0,1,1,1,NA,NA,NA,NA,1,1,1,1,0,0.05,TRUE,FALSE,FALSE,"inconclusive",NA,NA
"class_indicator[80,1]","class_indicator",TRUE,1,0,1,1,1,NA,NA,NA,NA,1,1,1,1,0,0.05,TRUE,FALSE,FALSE,"inconclusive",NA,NA
"class_indicator[81,1]","class_indicator",TRUE,1,0,1,1,1,NA,NA,NA,NA,1,1,1,1,0,0.05,TRUE,FALSE,FALSE,"inconclusive",NA,NA
"class_indicator[82,1]","class_indicator",TRUE,1,0,1,1,1,NA,NA,NA,NA,1,1,1,1,0,0.05,TRUE,FALSE,FALSE,"inconclusive",NA,NA
"class_indicator[83,1]","class_indicator",TRUE,1,0,1,1,1,NA,NA,NA,NA,1,1,1,1,0,0.05,TRUE,FALSE,FALSE,"inconclusive",NA,NA
"class_indicator[84,1]","class_indicator",TRUE,1,0,1,1,1,NA,NA,NA,NA,1,1,1,1,0,0.05,TRUE,FALSE,FALSE,"inconclusive",NA,NA
"class_indicator[85,1]","class_indicator",TRUE,1,0,1,1,1,NA,NA,NA,NA,1,1,1,1,0,0.05,TRUE,FALSE,FALSE,"inconclusive",NA,NA
"class_indicator[86,1]","class_indicator",TRUE,1,0,1,1,1,NA,NA,NA,NA,1,1,1,1,0,0.05,TRUE,FALSE,FALSE,"inconclusive",NA,NA
"class_indicator[87,1]","class_indicator",TRUE,1,0,1,1,1,NA,NA,NA,NA,1,1,1,1,0,0.05,TRUE,FALSE,FALSE,"inconclusive",NA,NA
"class_indicator[88,1]","class_indicator",TRUE,1,0,1,1,1,NA,NA,NA,NA,1,1,1,1,0,0.05,TRUE,FALSE,FALSE,"inconclusive",NA,NA
"class_indicator[89,1]","class_indicator",TRUE,1,0,1,1,1,NA,NA,NA,NA,1,1,1,1,0,0.05,TRUE,FALSE,FALSE,"inconclusive",NA,NA
"class_indicator[90,1]","class_indicator",TRUE,1,0,1,1,1,NA,NA,NA,NA,1,1,1,1,0,0.05,TRUE,FALSE,FALSE,"inconclusive",NA,NA
"class_indicator[91,1]","class_indicator",TRUE,1,0,1,1,1,NA,NA,NA,NA,1,1,1,1,0,0.05,TRUE,FALSE,FALSE,"inconclusive",NA,NA
"class_indicator[92,1]","class_indicator",TRUE,1,0,1,1,1,NA,NA,NA,NA,1,1,1,1,0,0.05,TRUE,FALSE,FALSE,"inconclusive",NA,NA
"class_indicator[93,1]","class_indicator",TRUE,1,0,1,1,1,NA,NA,NA,NA,1,1,1,1,0,0.05,TRUE,FALSE,FALSE,"inconclusive",NA,NA
"class_indicator[94,1]","class_indicator",TRUE,1,0,1,1,1,NA,NA,NA,NA,1,1,1,1,0,0.05,TRUE,FALSE,FALSE,"inconclusive",NA,NA
"class_indicator[95,1]","class_indicator",TRUE,1,0,1,1,1,NA,NA,NA,NA,1,1,1,1,0,0.05,TRUE,FALSE,FALSE,"inconclusive",NA,NA
"class_indicator[96,1]","class_indicator",TRUE,1,0,1,1,1,NA,NA,NA,NA,1,1,1,1,0,0.05,TRUE,FALSE,FALSE,"inconclusive",NA,NA
"class_indicator[97,1]","class_indicator",TRUE,1,0,1,1,1,NA,NA,NA,NA,1,1,1,1,0,0.05,TRUE,FALSE,FALSE,"inconclusive",NA,NA
"class_indicator[98,1]","class_indicator",TRUE,1,0,1,1,1,NA,NA,NA,NA,1,1,1,1,0,0.05,TRUE,FALSE,FALSE,"inconclusive",NA,NA
"class_indicator[99,1]","class_indicator",TRUE,1,0,1,1,1,NA,NA,NA,NA,1,1,1,1,0,0.05,TRUE,FALSE,FALSE,"inconclusive",NA,NA
"class_indicator[100,1]","class_indicator",TRUE,1,0,1,1,1,NA,NA,NA,NA,1,1,1,1,0,0.05,TRUE,FALSE,FALSE,"inconclusive",NA,NA
"class_indicator[101,1]","class_indicator",TRUE,1,0,1,1,1,NA,NA,NA,NA,1,1,1,1,0,0.05,TRUE,FALSE,FALSE,"inconclusive",NA,NA
"class_indicator[102,1]","class_indicator",TRUE,1,0,1,1,1,NA,NA,NA,NA,1,1,1,1,0,0.05,TRUE,FALSE,FALSE,"inconclusive",NA,NA
"class_indicator[103,1]","class_indicator",TRUE,1,0,1,1,1,NA,NA,NA,NA,1,1,1,1,0,0.05,TRUE,FALSE,FALSE,"inconclusive",NA,NA
"class_indicator[104,1]","class_indicator",TRUE,1,0,1,1,1,NA,NA,NA,NA,1,1,1,1,0,0.05,TRUE,FALSE,FALSE,"inconclusive",NA,NA
"class_indicator[105,1]","class_indicator",TRUE,1,0,1,1,1,NA,NA,NA,NA,1,1,1,1,0,0.05,TRUE,FALSE,FALSE,"inconclusive",NA,NA
"class_indicator[106,1]","class_indicator",TRUE,1,0,1,1,1,NA,NA,NA,NA,1,1,1,1,0,0.05,TRUE,FALSE,FALSE,"inconclusive",NA,NA
"class_indicator[107,1]","class_indicator",TRUE,1,0,1,1,1,NA,NA,NA,NA,1,1,1,1,0,0.05,TRUE,FALSE,FALSE,"inconclusive",NA,NA
"class_indicator[108,1]","class_indicator",TRUE,0.5,0.500031252929993,0,0.5,1,NA,4.01606425702811,NA,0.249515094178244,0,1,1,0,1,0.05,FALSE,FALSE,FALSE,"inconclusive",0.0393994452873299,NA
"class_indicator[109,1]","class_indicator",TRUE,1,0,1,1,1,NA,NA,NA,NA,1,1,1,1,0,0.05,TRUE,FALSE,FALSE,"inconclusive",NA,NA
"class_indicator[110,1]","class_indicator",TRUE,1,0,1,1,1,NA,NA,NA,NA,1,1,1,1,0,0.05,TRUE,FALSE,FALSE,"inconclusive",NA,NA
"class_indicator[111,1]","class_indicator",TRUE,1,0,1,1,1,NA,NA,NA,NA,1,1,1,1,0,0.05,TRUE,FALSE,FALSE,"inconclusive",NA,NA
"class_indicator[112,1]","class_indicator",TRUE,1,0,1,1,1,NA,NA,NA,NA,1,1,1,1,0,0.05,TRUE,FALSE,FALSE,"inconclusive",NA,NA
"class_indicator[113,1]","class_indicator",TRUE,0.75,0.433039767723536,0,1,1,Inf,4.01606425702811,NA,0.216086410186026,0,1,1,1,1,0.05,FALSE,FALSE,FALSE,"inconclusive",0.0393994452873299,NA
"class_indicator[114,1]","class_indicator",TRUE,1,0,1,1,1,NA,NA,NA,NA,1,1,1,1,0,0.05,TRUE,FALSE,FALSE,"inconclusive",NA,NA
"class_indicator[115,1]","class_indicator",TRUE,1,0,1,1,1,NA,NA,NA,NA,1,1,1,1,0,0.05,TRUE,FALSE,FALSE,"inconclusive",NA,NA
"class_indicator[116,1]","class_indicator",TRUE,1,0,1,1,1,NA,NA,NA,NA,1,1,1,1,0,0.05,TRUE,FALSE,FALSE,"inconclusive",NA,NA
"class_indicator[117,1]","class_indicator",TRUE,1,0,1,1,1,NA,NA,NA,NA,1,1,1,1,0,0.05,TRUE,FALSE,FALSE,"inconclusive",NA,NA
"class_indicator[118,1]","class_indicator",TRUE,1,0,1,1,1,NA,NA,NA,NA,1,1,1,1,0,0.05,TRUE,FALSE,FALSE,"inconclusive",NA,NA
"class_indicator[119,1]","class_indicator",TRUE,1,0,1,1,1,NA,NA,NA,NA,1,1,1,1,0,0.05,TRUE,FALSE,FALSE,"inconclusive",NA,NA
"class_indicator[120,1]","class_indicator",TRUE,1,0,1,1,1,NA,NA,NA,NA,1,1,1,1,0,0.05,TRUE,FALSE,FALSE,"inconclusive",NA,NA
"class_indicator[121,1]","class_indicator",TRUE,1,0,1,1,1,NA,NA,NA,NA,1,1,1,1,0,0.05,TRUE,FALSE,FALSE,"inconclusive",NA,NA
"class_indicator[122,1]","class_indicator",TRUE,1,0,1,1,1,NA,NA,NA,NA,1,1,1,1,0,0.05,TRUE,FALSE,FALSE,"inconclusive",NA,NA
"class_indicator[123,1]","class_indicator",TRUE,1,0,1,1,1,NA,NA,NA,NA,1,1,1,1,0,0.05,TRUE,FALSE,FALSE,"inconclusive",NA,NA
"class_indicator[124,1]","class_indicator",TRUE,1,0,1,1,1,NA,NA,NA,NA,1,1,1,1,0,0.05,TRUE,FALSE,FALSE,"inconclusive",NA,NA
"class_indicator[125,1]","class_indicator",TRUE,1,0,1,1,1,NA,NA,NA,NA,1,1,1,1,0,0.05,TRUE,FALSE,FALSE,"inconclusive",NA,NA
"class_indicator[126,1]","class_indicator",TRUE,1,0,1,1,1,NA,NA,NA,NA,1,1,1,1,0,0.05,TRUE,FALSE,FALSE,"inconclusive",NA,NA
"class_indicator[127,1]","class_indicator",TRUE,1,0,1,1,1,NA,NA,NA,NA,1,1,1,1,0,0.05,TRUE,FALSE,FALSE,"inconclusive",NA,NA
"class_indicator[128,1]","class_indicator",TRUE,1,0,1,1,1,NA,NA,NA,NA,1,1,1,1,0,0.05,TRUE,FALSE,FALSE,"inconclusive",NA,NA
"class_indicator[129,1]","class_indicator",TRUE,1,0,1,1,1,NA,NA,NA,NA,1,1,1,1,0,0.05,TRUE,FALSE,FALSE,"inconclusive",NA,NA
"class_indicator[130,1]","class_indicator",TRUE,1,0,1,1,1,NA,NA,NA,NA,1,1,1,1,0,0.05,TRUE,FALSE,FALSE,"inconclusive",NA,NA
"class_indicator[131,1]","class_indicator",TRUE,1,0,1,1,1,NA,NA,NA,NA,1,1,1,1,0,0.05,TRUE,FALSE,FALSE,"inconclusive",NA,NA
"class_indicator[132,1]","class_indicator",TRUE,1,0,1,1,1,NA,NA,NA,NA,1,1,1,1,0,0.05,TRUE,FALSE,FALSE,"inconclusive",NA,NA
"class_indicator[133,1]","class_indicator",TRUE,1,0,1,1,1,NA,NA,NA,NA,1,1,1,1,0,0.05,TRUE,FALSE,FALSE,"inconclusive",NA,NA
"class_indicator[134,1]","class_indicator",TRUE,1,0,1,1,1,NA,NA,NA,NA,1,1,1,1,0,0.05,TRUE,FALSE,FALSE,"inconclusive",NA,NA
"class_indicator[135,1]","class_indicator",TRUE,1,0,1,1,1,NA,NA,NA,NA,1,1,1,1,0,0.05,TRUE,FALSE,FALSE,"inconclusive",NA,NA
"class_indicator[136,1]","class_indicator",TRUE,1,0,1,1,1,NA,NA,NA,NA,1,1,1,1,0,0.05,TRUE,FALSE,FALSE,"inconclusive",NA,NA
"class_indicator[137,1]","class_indicator",TRUE,1,0,1,1,1,NA,NA,NA,NA,1,1,1,1,0,0.05,TRUE,FALSE,FALSE,"inconclusive",NA,NA
"class_indicator[138,1]","class_indicator",TRUE,1,0,1,1,1,NA,NA,NA,NA,1,1,1,1,0,0.05,TRUE,FALSE,FALSE,"inconclusive",NA,NA
"class_indicator[139,1]","class_indicator",TRUE,1,0,1,1,1,NA,NA,NA,NA,1,1,1,1,0,0.05,TRUE,FALSE,FALSE,"inconclusive",NA,NA
"class_indicator[140,1]","class_indicator",TRUE,1,0,1,1,1,NA,NA,NA,NA,1,1,1,1,0,0.05,TRUE,FALSE,FALSE,"inconclusive",NA,NA
"class_indicator[141,1]","class_indicator",TRUE,1,0,1,1,1,NA,NA,NA,NA,1,1,1,1,0,0.05,TRUE,FALSE,FALSE,"inconclusive",NA,NA
"class_indicator[142,1]","class_indicator",TRUE,1,0,1,1,1,NA,NA,NA,NA,1,1,1,1,0,0.05,TRUE,FALSE,FALSE,"inconclusive",NA,NA
"class_indicator[143,1]","class_indicator",TRUE,1,0,1,1,1,NA,NA,NA,NA,1,1,1,1,0,0.05,TRUE,FALSE,FALSE,"inconclusive",NA,NA
"class_count[2]","class_count",TRUE,1.5,2.0616816719403,0,0.5,5,Inf,4.01606425702811,NA,1.02877708848284,5,0,0,1,0.034965034965035,0.05,FALSE,FALSE,FALSE,"inconclusive",0.0393994452873299,NA
"class_indicator[1,2]","class_indicator",TRUE,0,0,0,0,0,NA,NA,NA,NA,0,0,0,0,0,0.05,TRUE,FALSE,FALSE,"inconclusive",NA,NA
"class_indicator[2,2]","class_indicator",TRUE,0,0,0,0,0,NA,NA,NA,NA,0,0,0,0,0,0.05,TRUE,FALSE,FALSE,"inconclusive",NA,NA
"class_indicator[3,2]","class_indicator",TRUE,0,0,0,0,0,NA,NA,NA,NA,0,0,0,0,0,0.05,TRUE,FALSE,FALSE,"inconclusive",NA,NA
"class_indicator[4,2]","class_indicator",TRUE,0,0,0,0,0,NA,NA,NA,NA,0,0,0,0,0,0.05,TRUE,FALSE,FALSE,"inconclusive",NA,NA
"class_indicator[5,2]","class_indicator",TRUE,0,0,0,0,0,NA,NA,NA,NA,0,0,0,0,0,0.05,TRUE,FALSE,FALSE,"inconclusive",NA,NA
"class_indicator[6,2]","class_indicator",TRUE,0,0,0,0,0,NA,NA,NA,NA,0,0,0,0,0,0.05,TRUE,FALSE,FALSE,"inconclusive",NA,NA
"class_indicator[7,2]","class_indicator",TRUE,0,0,0,0,0,NA,NA,NA,NA,0,0,0,0,0,0.05,TRUE,FALSE,FALSE,"inconclusive",NA,NA
"class_indicator[8,2]","class_indicator",TRUE,0,0,0,0,0,NA,NA,NA,NA,0,0,0,0,0,0.05,TRUE,FALSE,FALSE,"inconclusive",NA,NA
"class_indicator[9,2]","class_indicator",TRUE,0,0,0,0,0,NA,NA,NA,NA,0,0,0,0,0,0.05,TRUE,FALSE,FALSE,"inconclusive",NA,NA
"class_indicator[10,2]","class_indicator",TRUE,0,0,0,0,0,NA,NA,NA,NA,0,0,0,0,0,0.05,TRUE,FALSE,FALSE,"inconclusive",NA,NA
"class_indicator[11,2]","class_indicator",TRUE,0,0,0,0,0,NA,NA,NA,NA,0,0,0,0,0,0.05,TRUE,FALSE,FALSE,"inconclusive",NA,NA
"class_indicator[12,2]","class_indicator",TRUE,0,0,0,0,0,NA,NA,NA,NA,0,0,0,0,0,0.05,TRUE,FALSE,FALSE,"inconclusive",NA,NA
"class_indicator[13,2]","class_indicator",TRUE,0,0,0,0,0,NA,NA,NA,NA,0,0,0,0,0,0.05,TRUE,FALSE,FALSE,"inconclusive",NA,NA
"class_indicator[14,2]","class_indicator",TRUE,0,0,0,0,0,NA,NA,NA,NA,0,0,0,0,0,0.05,TRUE,FALSE,FALSE,"inconclusive",NA,NA
"class_indicator[15,2]","class_indicator",TRUE,0,0,0,0,0,NA,NA,NA,NA,0,0,0,0,0,0.05,TRUE,FALSE,FALSE,"inconclusive",NA,NA
"class_indicator[16,2]","class_indicator",TRUE,0,0,0,0,0,NA,NA,NA,NA,0,0,0,0,0,0.05,TRUE,FALSE,FALSE,"inconclusive",NA,NA
"class_indicator[17,2]","class_indicator",TRUE,0,0,0,0,0,NA,NA,NA,NA,0,0,0,0,0,0.05,TRUE,FALSE,FALSE,"inconclusive",NA,NA
"class_indicator[18,2]","class_indicator",TRUE,0,0,0,0,0,NA,NA,NA,NA,0,0,0,0,0,0.05,TRUE,FALSE,FALSE,"inconclusive",NA,NA
"class_indicator[19,2]","class_indicator",TRUE,0,0,0,0,0,NA,NA,NA,NA,0,0,0,0,0,0.05,TRUE,FALSE,FALSE,"inconclusive",NA,NA
"class_indicator[20,2]","class_indicator",TRUE,0,0,0,0,0,NA,NA,NA,NA,0,0,0,0,0,0.05,TRUE,FALSE,FALSE,"inconclusive",NA,NA
"class_indicator[21,2]","class_indicator",TRUE,0,0,0,0,0,NA,NA,NA,NA,0,0,0,0,0,0.05,TRUE,FALSE,FALSE,"inconclusive",NA,NA
"class_indicator[22,2]","class_indicator",TRUE,0,0,0,0,0,NA,NA,NA,NA,0,0,0,0,0,0.05,TRUE,FALSE,FALSE,"inconclusive",NA,NA
"class_indicator[23,2]","class_indicator",TRUE,0,0,0,0,0,NA,NA,NA,NA,0,0,0,0,0,0.05,TRUE,FALSE,FALSE,"inconclusive",NA,NA
"class_indicator[24,2]","class_indicator",TRUE,0,0,0,0,0,NA,NA,NA,NA,0,0,0,0,0,0.05,TRUE,FALSE,FALSE,"inconclusive",NA,NA
"class_indicator[25,2]","class_indicator",TRUE,0,0,0,0,0,NA,NA,NA,NA,0,0,0,0,0,0.05,TRUE,FALSE,FALSE,"inconclusive",NA,NA
"class_indicator[26,2]","class_indicator",TRUE,0,0,0,0,0,NA,NA,NA,NA,0,0,0,0,0,0.05,TRUE,FALSE,FALSE,"inconclusive",NA,NA
"class_indicator[27,2]","class_indicator",TRUE,0,0,0,0,0,NA,NA,NA,NA,0,0,0,0,0,0.05,TRUE,FALSE,FALSE,"inconclusive",NA,NA
"class_indicator[28,2]","class_indicator",TRUE,0,0,0,0,0,NA,NA,NA,NA,0,0,0,0,0,0.05,TRUE,FALSE,FALSE,"inconclusive",NA,NA
"class_indicator[29,2]","class_indicator",TRUE,0,0,0,0,0,NA,NA,NA,NA,0,0,0,0,0,0.05,TRUE,FALSE,FALSE,"inconclusive",NA,NA
"class_indicator[30,2]","class_indicator",TRUE,0,0,0,0,0,NA,NA,NA,NA,0,0,0,0,0,0.05,TRUE,FALSE,FALSE,"inconclusive",NA,NA
"class_indicator[31,2]","class_indicator",TRUE,0,0,0,0,0,NA,NA,NA,NA,0,0,0,0,0,0.05,TRUE,FALSE,FALSE,"inconclusive",NA,NA
"class_indicator[32,2]","class_indicator",TRUE,0,0,0,0,0,NA,NA,NA,NA,0,0,0,0,0,0.05,TRUE,FALSE,FALSE,"inconclusive",NA,NA
"class_indicator[33,2]","class_indicator",TRUE,0,0,0,0,0,NA,NA,NA,NA,0,0,0,0,0,0.05,TRUE,FALSE,FALSE,"inconclusive",NA,NA
"class_indicator[34,2]","class_indicator",TRUE,0,0,0,0,0,NA,NA,NA,NA,0,0,0,0,0,0.05,TRUE,FALSE,FALSE,"inconclusive",NA,NA
"class_indicator[35,2]","class_indicator",TRUE,0,0,0,0,0,NA,NA,NA,NA,0,0,0,0,0,0.05,TRUE,FALSE,FALSE,"inconclusive",NA,NA
"class_indicator[36,2]","class_indicator",TRUE,0,0,0,0,0,NA,NA,NA,NA,0,0,0,0,0,0.05,TRUE,FALSE,FALSE,"inconclusive",NA,NA
"class_indicator[37,2]","class_indicator",TRUE,0,0,0,0,0,NA,NA,NA,NA,0,0,0,0,0,0.05,TRUE,FALSE,FALSE,"inconclusive",NA,NA
"class_indicator[38,2]","class_indicator",TRUE,0,0,0,0,0,NA,NA,NA,NA,0,0,0,0,0,0.05,TRUE,FALSE,FALSE,"inconclusive",NA,NA
"class_indicator[39,2]","class_indicator",TRUE,0,0,0,0,0,NA,NA,NA,NA,0,0,0,0,0,0.05,TRUE,FALSE,FALSE,"inconclusive",NA,NA
"class_indicator[40,2]","class_indicator",TRUE,0,0,0,0,0,NA,NA,NA,NA,0,0,0,0,0,0.05,TRUE,FALSE,FALSE,"inconclusive",NA,NA
"class_indicator[41,2]","class_indicator",TRUE,0,0,0,0,0,NA,NA,NA,NA,0,0,0,0,0,0.05,TRUE,FALSE,FALSE,"inconclusive",NA,NA
"class_indicator[42,2]","class_indicator",TRUE,0,0,0,0,0,NA,NA,NA,NA,0,0,0,0,0,0.05,TRUE,FALSE,FALSE,"inconclusive",NA,NA
"class_indicator[43,2]","class_indicator",TRUE,0,0,0,0,0,NA,NA,NA,NA,0,0,0,0,0,0.05,TRUE,FALSE,FALSE,"inconclusive",NA,NA
"class_indicator[44,2]","class_indicator",TRUE,0,0,0,0,0,NA,NA,NA,NA,0,0,0,0,0,0.05,TRUE,FALSE,FALSE,"inconclusive",NA,NA
"class_indicator[45,2]","class_indicator",TRUE,0,0,0,0,0,NA,NA,NA,NA,0,0,0,0,0,0.05,TRUE,FALSE,FALSE,"inconclusive",NA,NA
"class_indicator[46,2]","class_indicator",TRUE,0,0,0,0,0,NA,NA,NA,NA,0,0,0,0,0,0.05,TRUE,FALSE,FALSE,"inconclusive",NA,NA
"class_indicator[47,2]","class_indicator",TRUE,0,0,0,0,0,NA,NA,NA,NA,0,0,0,0,0,0.05,TRUE,FALSE,FALSE,"inconclusive",NA,NA
"class_indicator[48,2]","class_indicator",TRUE,0,0,0,0,0,NA,NA,NA,NA,0,0,0,0,0,0.05,TRUE,FALSE,FALSE,"inconclusive",NA,NA
"class_indicator[49,2]","class_indicator",TRUE,0,0,0,0,0,NA,NA,NA,NA,0,0,0,0,0,0.05,TRUE,FALSE,FALSE,"inconclusive",NA,NA
"class_indicator[50,2]","class_indicator",TRUE,0,0,0,0,0,NA,NA,NA,NA,0,0,0,0,0,0.05,TRUE,FALSE,FALSE,"inconclusive",NA,NA
"class_indicator[51,2]","class_indicator",TRUE,0.25,0.433039767723536,0,0,1,Inf,4.01606425702811,NA,0.216086410186026,1,0,0,0,1,0.05,FALSE,FALSE,FALSE,"inconclusive",0.0393994452873299,NA
"class_indicator[52,2]","class_indicator",TRUE,0,0,0,0,0,NA,NA,NA,NA,0,0,0,0,0,0.05,TRUE,FALSE,FALSE,"inconclusive",NA,NA
"class_indicator[53,2]","class_indicator",TRUE,0,0,0,0,0,NA,NA,NA,NA,0,0,0,0,0,0.05,TRUE,FALSE,FALSE,"inconclusive",NA,NA
"class_indicator[54,2]","class_indicator",TRUE,0,0,0,0,0,NA,NA,NA,NA,0,0,0,0,0,0.05,TRUE,FALSE,FALSE,"inconclusive",NA,NA
"class_indicator[55,2]","class_indicator",TRUE,0,0,0,0,0,NA,NA,NA,NA,0,0,0,0,0,0.05,TRUE,FALSE,FALSE,"inconclusive",NA,NA
"class_indicator[56,2]","class_indicator",TRUE,0,0,0,0,0,NA,NA,NA,NA,0,0,0,0,0,0.05,TRUE,FALSE,FALSE,"inconclusive",NA,NA
"class_indicator[57,2]","class_indicator",TRUE,0,0,0,0,0,NA,NA,NA,NA,0,0,0,0,0,0.05,TRUE,FALSE,FALSE,"inconclusive",NA,NA
"class_indicator[58,2]","class_indicator",TRUE,0,0,0,0,0,NA,NA,NA,NA,0,0,0,0,0,0.05,TRUE,FALSE,FALSE,"inconclusive",NA,NA
"class_indicator[59,2]","class_indicator",TRUE,0,0,0,0,0,NA,NA,NA,NA,0,0,0,0,0,0.05,TRUE,FALSE,FALSE,"inconclusive",NA,NA
"class_indicator[60,2]","class_indicator",TRUE,0,0,0,0,0,NA,NA,NA,NA,0,0,0,0,0,0.05,TRUE,FALSE,FALSE,"inconclusive",NA,NA
"class_indicator[61,2]","class_indicator",TRUE,0,0,0,0,0,NA,NA,NA,NA,0,0,0,0,0,0.05,TRUE,FALSE,FALSE,"inconclusive",NA,NA
"class_indicator[62,2]","class_indicator",TRUE,0,0,0,0,0,NA,NA,NA,NA,0,0,0,0,0,0.05,TRUE,FALSE,FALSE,"inconclusive",NA,NA
"class_indicator[63,2]","class_indicator",TRUE,0,0,0,0,0,NA,NA,NA,NA,0,0,0,0,0,0.05,TRUE,FALSE,FALSE,"inconclusive",NA,NA
"class_indicator[64,2]","class_indicator",TRUE,0,0,0,0,0,NA,NA,NA,NA,0,0,0,0,0,0.05,TRUE,FALSE,FALSE,"inconclusive",NA,NA
"class_indicator[65,2]","class_indicator",TRUE,0.25,0.433039767723536,0,0,1,Inf,4.01606425702811,NA,0.216086410186026,1,0,0,0,1,0.05,FALSE,FALSE,FALSE,"inconclusive",0.0393994452873299,NA
"class_indicator[66,2]","class_indicator",TRUE,0,0,0,0,0,NA,NA,NA,NA,0,0,0,0,0,0.05,TRUE,FALSE,FALSE,"inconclusive",NA,NA
"class_indicator[67,2]","class_indicator",TRUE,0,0,0,0,0,NA,NA,NA,NA,0,0,0,0,0,0.05,TRUE,FALSE,FALSE,"inconclusive",NA,NA
"class_indicator[68,2]","class_indicator",TRUE,0,0,0,0,0,NA,NA,NA,NA,0,0,0,0,0,0.05,TRUE,FALSE,FALSE,"inconclusive",NA,NA
"class_indicator[69,2]","class_indicator",TRUE,0,0,0,0,0,NA,NA,NA,NA,0,0,0,0,0,0.05,TRUE,FALSE,FALSE,"inconclusive",NA,NA
"class_indicator[70,2]","class_indicator",TRUE,0,0,0,0,0,NA,NA,NA,NA,0,0,0,0,0,0.05,TRUE,FALSE,FALSE,"inconclusive",NA,NA
"class_indicator[71,2]","class_indicator",TRUE,0,0,0,0,0,NA,NA,NA,NA,0,0,0,0,0,0.05,TRUE,FALSE,FALSE,"inconclusive",NA,NA
"class_indicator[72,2]","class_indicator",TRUE,0,0,0,0,0,NA,NA,NA,NA,0,0,0,0,0,0.05,TRUE,FALSE,FALSE,"inconclusive",NA,NA
"class_indicator[73,2]","class_indicator",TRUE,0.25,0.433039767723536,0,0,1,Inf,4.01606425702811,NA,0.216086410186026,1,0,0,0,1,0.05,FALSE,FALSE,FALSE,"inconclusive",0.0393994452873299,NA
"class_indicator[74,2]","class_indicator",TRUE,0,0,0,0,0,NA,NA,NA,NA,0,0,0,0,0,0.05,TRUE,FALSE,FALSE,"inconclusive",NA,NA
"class_indicator[75,2]","class_indicator",TRUE,0,0,0,0,0,NA,NA,NA,NA,0,0,0,0,0,0.05,TRUE,FALSE,FALSE,"inconclusive",NA,NA
"class_indicator[76,2]","class_indicator",TRUE,0,0,0,0,0,NA,NA,NA,NA,0,0,0,0,0,0.05,TRUE,FALSE,FALSE,"inconclusive",NA,NA
"class_indicator[77,2]","class_indicator",TRUE,0,0,0,0,0,NA,NA,NA,NA,0,0,0,0,0,0.05,TRUE,FALSE,FALSE,"inconclusive",NA,NA
"class_indicator[78,2]","class_indicator",TRUE,0,0,0,0,0,NA,NA,NA,NA,0,0,0,0,0,0.05,TRUE,FALSE,FALSE,"inconclusive",NA,NA
"class_indicator[79,2]","class_indicator",TRUE,0,0,0,0,0,NA,NA,NA,NA,0,0,0,0,0,0.05,TRUE,FALSE,FALSE,"inconclusive",NA,NA
"class_indicator[80,2]","class_indicator",TRUE,0,0,0,0,0,NA,NA,NA,NA,0,0,0,0,0,0.05,TRUE,FALSE,FALSE,"inconclusive",NA,NA
"class_indicator[81,2]","class_indicator",TRUE,0,0,0,0,0,NA,NA,NA,NA,0,0,0,0,0,0.05,TRUE,FALSE,FALSE,"inconclusive",NA,NA
"class_indicator[82,2]","class_indicator",TRUE,0,0,0,0,0,NA,NA,NA,NA,0,0,0,0,0,0.05,TRUE,FALSE,FALSE,"inconclusive",NA,NA
"class_indicator[83,2]","class_indicator",TRUE,0,0,0,0,0,NA,NA,NA,NA,0,0,0,0,0,0.05,TRUE,FALSE,FALSE,"inconclusive",NA,NA
"class_indicator[84,2]","class_indicator",TRUE,0,0,0,0,0,NA,NA,NA,NA,0,0,0,0,0,0.05,TRUE,FALSE,FALSE,"inconclusive",NA,NA
"class_indicator[85,2]","class_indicator",TRUE,0,0,0,0,0,NA,NA,NA,NA,0,0,0,0,0,0.05,TRUE,FALSE,FALSE,"inconclusive",NA,NA
"class_indicator[86,2]","class_indicator",TRUE,0,0,0,0,0,NA,NA,NA,NA,0,0,0,0,0,0.05,TRUE,FALSE,FALSE,"inconclusive",NA,NA
"class_indicator[87,2]","class_indicator",TRUE,0,0,0,0,0,NA,NA,NA,NA,0,0,0,0,0,0.05,TRUE,FALSE,FALSE,"inconclusive",NA,NA
"class_indicator[88,2]","class_indicator",TRUE,0,0,0,0,0,NA,NA,NA,NA,0,0,0,0,0,0.05,TRUE,FALSE,FALSE,"inconclusive",NA,NA
"class_indicator[89,2]","class_indicator",TRUE,0,0,0,0,0,NA,NA,NA,NA,0,0,0,0,0,0.05,TRUE,FALSE,FALSE,"inconclusive",NA,NA
"class_indicator[90,2]","class_indicator",TRUE,0,0,0,0,0,NA,NA,NA,NA,0,0,0,0,0,0.05,TRUE,FALSE,FALSE,"inconclusive",NA,NA
"class_indicator[91,2]","class_indicator",TRUE,0,0,0,0,0,NA,NA,NA,NA,0,0,0,0,0,0.05,TRUE,FALSE,FALSE,"inconclusive",NA,NA
"class_indicator[92,2]","class_indicator",TRUE,0,0,0,0,0,NA,NA,NA,NA,0,0,0,0,0,0.05,TRUE,FALSE,FALSE,"inconclusive",NA,NA
"class_indicator[93,2]","class_indicator",TRUE,0,0,0,0,0,NA,NA,NA,NA,0,0,0,0,0,0.05,TRUE,FALSE,FALSE,"inconclusive",NA,NA
"class_indicator[94,2]","class_indicator",TRUE,0,0,0,0,0,NA,NA,NA,NA,0,0,0,0,0,0.05,TRUE,FALSE,FALSE,"inconclusive",NA,NA
"class_indicator[95,2]","class_indicator",TRUE,0,0,0,0,0,NA,NA,NA,NA,0,0,0,0,0,0.05,TRUE,FALSE,FALSE,"inconclusive",NA,NA
"class_indicator[96,2]","class_indicator",TRUE,0,0,0,0,0,NA,NA,NA,NA,0,0,0,0,0,0.05,TRUE,FALSE,FALSE,"inconclusive",NA,NA
"class_indicator[97,2]","class_indicator",TRUE,0,0,0,0,0,NA,NA,NA,NA,0,0,0,0,0,0.05,TRUE,FALSE,FALSE,"inconclusive",NA,NA
"class_indicator[98,2]","class_indicator",TRUE,0,0,0,0,0,NA,NA,NA,NA,0,0,0,0,0,0.05,TRUE,FALSE,FALSE,"inconclusive",NA,NA
"class_indicator[99,2]","class_indicator",TRUE,0,0,0,0,0,NA,NA,NA,NA,0,0,0,0,0,0.05,TRUE,FALSE,FALSE,"inconclusive",NA,NA
"class_indicator[100,2]","class_indicator",TRUE,0,0,0,0,0,NA,NA,NA,NA,0,0,0,0,0,0.05,TRUE,FALSE,FALSE,"inconclusive",NA,NA
"class_indicator[101,2]","class_indicator",TRUE,0,0,0,0,0,NA,NA,NA,NA,0,0,0,0,0,0.05,TRUE,FALSE,FALSE,"inconclusive",NA,NA
"class_indicator[102,2]","class_indicator",TRUE,0,0,0,0,0,NA,NA,NA,NA,0,0,0,0,0,0.05,TRUE,FALSE,FALSE,"inconclusive",NA,NA
"class_indicator[103,2]","class_indicator",TRUE,0,0,0,0,0,NA,NA,NA,NA,0,0,0,0,0,0.05,TRUE,FALSE,FALSE,"inconclusive",NA,NA
"class_indicator[104,2]","class_indicator",TRUE,0,0,0,0,0,NA,NA,NA,NA,0,0,0,0,0,0.05,TRUE,FALSE,FALSE,"inconclusive",NA,NA
"class_indicator[105,2]","class_indicator",TRUE,0,0,0,0,0,NA,NA,NA,NA,0,0,0,0,0,0.05,TRUE,FALSE,FALSE,"inconclusive",NA,NA
"class_indicator[106,2]","class_indicator",TRUE,0,0,0,0,0,NA,NA,NA,NA,0,0,0,0,0,0.05,TRUE,FALSE,FALSE,"inconclusive",NA,NA
"class_indicator[107,2]","class_indicator",TRUE,0,0,0,0,0,NA,NA,NA,NA,0,0,0,0,0,0.05,TRUE,FALSE,FALSE,"inconclusive",NA,NA
"class_indicator[108,2]","class_indicator",TRUE,0.5,0.500031252929993,0,0.5,1,NA,4.01606425702811,NA,0.249515094178244,1,0,0,1,1,0.05,FALSE,FALSE,FALSE,"inconclusive",0.0393994452873299,NA
"class_indicator[109,2]","class_indicator",TRUE,0,0,0,0,0,NA,NA,NA,NA,0,0,0,0,0,0.05,TRUE,FALSE,FALSE,"inconclusive",NA,NA
"class_indicator[110,2]","class_indicator",TRUE,0,0,0,0,0,NA,NA,NA,NA,0,0,0,0,0,0.05,TRUE,FALSE,FALSE,"inconclusive",NA,NA
"class_indicator[111,2]","class_indicator",TRUE,0,0,0,0,0,NA,NA,NA,NA,0,0,0,0,0,0.05,TRUE,FALSE,FALSE,"inconclusive",NA,NA
"class_indicator[112,2]","class_indicator",TRUE,0,0,0,0,0,NA,NA,NA,NA,0,0,0,0,0,0.05,TRUE,FALSE,FALSE,"inconclusive",NA,NA
"class_indicator[113,2]","class_indicator",TRUE,0.25,0.433039767723536,0,0,1,Inf,4.01606425702811,NA,0.216086410186026,1,0,0,0,1,0.05,FALSE,FALSE,FALSE,"inconclusive",0.0393994452873299,NA
"class_indicator[114,2]","class_indicator",TRUE,0,0,0,0,0,NA,NA,NA,NA,0,0,0,0,0,0.05,TRUE,FALSE,FALSE,"inconclusive",NA,NA
"class_indicator[115,2]","class_indicator",TRUE,0,0,0,0,0,NA,NA,NA,NA,0,0,0,0,0,0.05,TRUE,FALSE,FALSE,"inconclusive",NA,NA
"class_indicator[116,2]","class_indicator",TRUE,0,0,0,0,0,NA,NA,NA,NA,0,0,0,0,0,0.05,TRUE,FALSE,FALSE,"inconclusive",NA,NA
"class_indicator[117,2]","class_indicator",TRUE,0,0,0,0,0,NA,NA,NA,NA,0,0,0,0,0,0.05,TRUE,FALSE,FALSE,"inconclusive",NA,NA
"class_indicator[118,2]","class_indicator",TRUE,0,0,0,0,0,NA,NA,NA,NA,0,0,0,0,0,0.05,TRUE,FALSE,FALSE,"inconclusive",NA,NA
"class_indicator[119,2]","class_indicator",TRUE,0,0,0,0,0,NA,NA,NA,NA,0,0,0,0,0,0.05,TRUE,FALSE,FALSE,"inconclusive",NA,NA
"class_indicator[120,2]","class_indicator",TRUE,0,0,0,0,0,NA,NA,NA,NA,0,0,0,0,0,0.05,TRUE,FALSE,FALSE,"inconclusive",NA,NA
"class_indicator[121,2]","class_indicator",TRUE,0,0,0,0,0,NA,NA,NA,NA,0,0,0,0,0,0.05,TRUE,FALSE,FALSE,"inconclusive",NA,NA
"class_indicator[122,2]","class_indicator",TRUE,0,0,0,0,0,NA,NA,NA,NA,0,0,0,0,0,0.05,TRUE,FALSE,FALSE,"inconclusive",NA,NA
"class_indicator[123,2]","class_indicator",TRUE,0,0,0,0,0,NA,NA,NA,NA,0,0,0,0,0,0.05,TRUE,FALSE,FALSE,"inconclusive",NA,NA
"class_indicator[124,2]","class_indicator",TRUE,0,0,0,0,0,NA,NA,NA,NA,0,0,0,0,0,0.05,TRUE,FALSE,FALSE,"inconclusive",NA,NA
"class_indicator[125,2]","class_indicator",TRUE,0,0,0,0,0,NA,NA,NA,NA,0,0,0,0,0,0.05,TRUE,FALSE,FALSE,"inconclusive",NA,NA
"class_indicator[126,2]","class_indicator",TRUE,0,0,0,0,0,NA,NA,NA,NA,0,0,0,0,0,0.05,TRUE,FALSE,FALSE,"inconclusive",NA,NA
"class_indicator[127,2]","class_indicator",TRUE,0,0,0,0,0,NA,NA,NA,NA,0,0,0,0,0,0.05,TRUE,FALSE,FALSE,"inconclusive",NA,NA
"class_indicator[128,2]","class_indicator",TRUE,0,0,0,0,0,NA,NA,NA,NA,0,0,0,0,0,0.05,TRUE,FALSE,FALSE,"inconclusive",NA,NA
"class_indicator[129,2]","class_indicator",TRUE,0,0,0,0,0,NA,NA,NA,NA,0,0,0,0,0,0.05,TRUE,FALSE,FALSE,"inconclusive",NA,NA
"class_indicator[130,2]","class_indicator",TRUE,0,0,0,0,0,NA,NA,NA,NA,0,0,0,0,0,0.05,TRUE,FALSE,FALSE,"inconclusive",NA,NA
"class_indicator[131,2]","class_indicator",TRUE,0,0,0,0,0,NA,NA,NA,NA,0,0,0,0,0,0.05,TRUE,FALSE,FALSE,"inconclusive",NA,NA
"class_indicator[132,2]","class_indicator",TRUE,0,0,0,0,0,NA,NA,NA,NA,0,0,0,0,0,0.05,TRUE,FALSE,FALSE,"inconclusive",NA,NA
"class_indicator[133,2]","class_indicator",TRUE,0,0,0,0,0,NA,NA,NA,NA,0,0,0,0,0,0.05,TRUE,FALSE,FALSE,"inconclusive",NA,NA
"class_indicator[134,2]","class_indicator",TRUE,0,0,0,0,0,NA,NA,NA,NA,0,0,0,0,0,0.05,TRUE,FALSE,FALSE,"inconclusive",NA,NA
"class_indicator[135,2]","class_indicator",TRUE,0,0,0,0,0,NA,NA,NA,NA,0,0,0,0,0,0.05,TRUE,FALSE,FALSE,"inconclusive",NA,NA
"class_indicator[136,2]","class_indicator",TRUE,0,0,0,0,0,NA,NA,NA,NA,0,0,0,0,0,0.05,TRUE,FALSE,FALSE,"inconclusive",NA,NA
"class_indicator[137,2]","class_indicator",TRUE,0,0,0,0,0,NA,NA,NA,NA,0,0,0,0,0,0.05,TRUE,FALSE,FALSE,"inconclusive",NA,NA
"class_indicator[138,2]","class_indicator",TRUE,0,0,0,0,0,NA,NA,NA,NA,0,0,0,0,0,0.05,TRUE,FALSE,FALSE,"inconclusive",NA,NA
"class_indicator[139,2]","class_indicator",TRUE,0,0,0,0,0,NA,NA,NA,NA,0,0,0,0,0,0.05,TRUE,FALSE,FALSE,"inconclusive",NA,NA
"class_indicator[140,2]","class_indicator",TRUE,0,0,0,0,0,NA,NA,NA,NA,0,0,0,0,0,0.05,TRUE,FALSE,FALSE,"inconclusive",NA,NA
"class_indicator[141,2]","class_indicator",TRUE,0,0,0,0,0,NA,NA,NA,NA,0,0,0,0,0,0.05,TRUE,FALSE,FALSE,"inconclusive",NA,NA
"class_indicator[142,2]","class_indicator",TRUE,0,0,0,0,0,NA,NA,NA,NA,0,0,0,0,0,0.05,TRUE,FALSE,FALSE,"inconclusive",NA,NA
"class_indicator[143,2]","class_indicator",TRUE,0,0,0,0,0,NA,NA,NA,NA,0,0,0,0,0,0.05,TRUE,FALSE,FALSE,"inconclusive",NA,NA
"class_count[3]","class_count",TRUE,0,0,0,0,0,NA,NA,NA,NA,0,0,0,0,0,0.05,TRUE,FALSE,FALSE,"inconclusive",NA,NA
"class_indicator[1,3]","class_indicator",TRUE,0,0,0,0,0,NA,NA,NA,NA,0,0,0,0,0,0.05,TRUE,FALSE,FALSE,"inconclusive",NA,NA
"class_indicator[2,3]","class_indicator",TRUE,0,0,0,0,0,NA,NA,NA,NA,0,0,0,0,0,0.05,TRUE,FALSE,FALSE,"inconclusive",NA,NA
"class_indicator[3,3]","class_indicator",TRUE,0,0,0,0,0,NA,NA,NA,NA,0,0,0,0,0,0.05,TRUE,FALSE,FALSE,"inconclusive",NA,NA
"class_indicator[4,3]","class_indicator",TRUE,0,0,0,0,0,NA,NA,NA,NA,0,0,0,0,0,0.05,TRUE,FALSE,FALSE,"inconclusive",NA,NA
"class_indicator[5,3]","class_indicator",TRUE,0,0,0,0,0,NA,NA,NA,NA,0,0,0,0,0,0.05,TRUE,FALSE,FALSE,"inconclusive",NA,NA
"class_indicator[6,3]","class_indicator",TRUE,0,0,0,0,0,NA,NA,NA,NA,0,0,0,0,0,0.05,TRUE,FALSE,FALSE,"inconclusive",NA,NA
"class_indicator[7,3]","class_indicator",TRUE,0,0,0,0,0,NA,NA,NA,NA,0,0,0,0,0,0.05,TRUE,FALSE,FALSE,"inconclusive",NA,NA
"class_indicator[8,3]","class_indicator",TRUE,0,0,0,0,0,NA,NA,NA,NA,0,0,0,0,0,0.05,TRUE,FALSE,FALSE,"inconclusive",NA,NA
"class_indicator[9,3]","class_indicator",TRUE,0,0,0,0,0,NA,NA,NA,NA,0,0,0,0,0,0.05,TRUE,FALSE,FALSE,"inconclusive",NA,NA
"class_indicator[10,3]","class_indicator",TRUE,0,0,0,0,0,NA,NA,NA,NA,0,0,0,0,0,0.05,TRUE,FALSE,FALSE,"inconclusive",NA,NA
"class_indicator[11,3]","class_indicator",TRUE,0,0,0,0,0,NA,NA,NA,NA,0,0,0,0,0,0.05,TRUE,FALSE,FALSE,"inconclusive",NA,NA
"class_indicator[12,3]","class_indicator",TRUE,0,0,0,0,0,NA,NA,NA,NA,0,0,0,0,0,0.05,TRUE,FALSE,FALSE,"inconclusive",NA,NA
"class_indicator[13,3]","class_indicator",TRUE,0,0,0,0,0,NA,NA,NA,NA,0,0,0,0,0,0.05,TRUE,FALSE,FALSE,"inconclusive",NA,NA
"class_indicator[14,3]","class_indicator",TRUE,0,0,0,0,0,NA,NA,NA,NA,0,0,0,0,0,0.05,TRUE,FALSE,FALSE,"inconclusive",NA,NA
"class_indicator[15,3]","class_indicator",TRUE,0,0,0,0,0,NA,NA,NA,NA,0,0,0,0,0,0.05,TRUE,FALSE,FALSE,"inconclusive",NA,NA
"class_indicator[16,3]","class_indicator",TRUE,0,0,0,0,0,NA,NA,NA,NA,0,0,0,0,0,0.05,TRUE,FALSE,FALSE,"inconclusive",NA,NA
"class_indicator[17,3]","class_indicator",TRUE,0,0,0,0,0,NA,NA,NA,NA,0,0,0,0,0,0.05,TRUE,FALSE,FALSE,"inconclusive",NA,NA
"class_indicator[18,3]","class_indicator",TRUE,0,0,0,0,0,NA,NA,NA,NA,0,0,0,0,0,0.05,TRUE,FALSE,FALSE,"inconclusive",NA,NA
"class_indicator[19,3]","class_indicator",TRUE,0,0,0,0,0,NA,NA,NA,NA,0,0,0,0,0,0.05,TRUE,FALSE,FALSE,"inconclusive",NA,NA
"class_indicator[20,3]","class_indicator",TRUE,0,0,0,0,0,NA,NA,NA,NA,0,0,0,0,0,0.05,TRUE,FALSE,FALSE,"inconclusive",NA,NA
"class_indicator[21,3]","class_indicator",TRUE,0,0,0,0,0,NA,NA,NA,NA,0,0,0,0,0,0.05,TRUE,FALSE,FALSE,"inconclusive",NA,NA
"class_indicator[22,3]","class_indicator",TRUE,0,0,0,0,0,NA,NA,NA,NA,0,0,0,0,0,0.05,TRUE,FALSE,FALSE,"inconclusive",NA,NA
"class_indicator[23,3]","class_indicator",TRUE,0,0,0,0,0,NA,NA,NA,NA,0,0,0,0,0,0.05,TRUE,FALSE,FALSE,"inconclusive",NA,NA
"class_indicator[24,3]","class_indicator",TRUE,0,0,0,0,0,NA,NA,NA,NA,0,0,0,0,0,0.05,TRUE,FALSE,FALSE,"inconclusive",NA,NA
"class_indicator[25,3]","class_indicator",TRUE,0,0,0,0,0,NA,NA,NA,NA,0,0,0,0,0,0.05,TRUE,FALSE,FALSE,"inconclusive",NA,NA
"class_indicator[26,3]","class_indicator",TRUE,0,0,0,0,0,NA,NA,NA,NA,0,0,0,0,0,0.05,TRUE,FALSE,FALSE,"inconclusive",NA,NA
"class_indicator[27,3]","class_indicator",TRUE,0,0,0,0,0,NA,NA,NA,NA,0,0,0,0,0,0.05,TRUE,FALSE,FALSE,"inconclusive",NA,NA
"class_indicator[28,3]","class_indicator",TRUE,0,0,0,0,0,NA,NA,NA,NA,0,0,0,0,0,0.05,TRUE,FALSE,FALSE,"inconclusive",NA,NA
"class_indicator[29,3]","class_indicator",TRUE,0,0,0,0,0,NA,NA,NA,NA,0,0,0,0,0,0.05,TRUE,FALSE,FALSE,"inconclusive",NA,NA
"class_indicator[30,3]","class_indicator",TRUE,0,0,0,0,0,NA,NA,NA,NA,0,0,0,0,0,0.05,TRUE,FALSE,FALSE,"inconclusive",NA,NA
"class_indicator[31,3]","class_indicator",TRUE,0,0,0,0,0,NA,NA,NA,NA,0,0,0,0,0,0.05,TRUE,FALSE,FALSE,"inconclusive",NA,NA
"class_indicator[32,3]","class_indicator",TRUE,0,0,0,0,0,NA,NA,NA,NA,0,0,0,0,0,0.05,TRUE,FALSE,FALSE,"inconclusive",NA,NA
"class_indicator[33,3]","class_indicator",TRUE,0,0,0,0,0,NA,NA,NA,NA,0,0,0,0,0,0.05,TRUE,FALSE,FALSE,"inconclusive",NA,NA
"class_indicator[34,3]","class_indicator",TRUE,0,0,0,0,0,NA,NA,NA,NA,0,0,0,0,0,0.05,TRUE,FALSE,FALSE,"inconclusive",NA,NA
"class_indicator[35,3]","class_indicator",TRUE,0,0,0,0,0,NA,NA,NA,NA,0,0,0,0,0,0.05,TRUE,FALSE,FALSE,"inconclusive",NA,NA
"class_indicator[36,3]","class_indicator",TRUE,0,0,0,0,0,NA,NA,NA,NA,0,0,0,0,0,0.05,TRUE,FALSE,FALSE,"inconclusive",NA,NA
"class_indicator[37,3]","class_indicator",TRUE,0,0,0,0,0,NA,NA,NA,NA,0,0,0,0,0,0.05,TRUE,FALSE,FALSE,"inconclusive",NA,NA
"class_indicator[38,3]","class_indicator",TRUE,0,0,0,0,0,NA,NA,NA,NA,0,0,0,0,0,0.05,TRUE,FALSE,FALSE,"inconclusive",NA,NA
"class_indicator[39,3]","class_indicator",TRUE,0,0,0,0,0,NA,NA,NA,NA,0,0,0,0,0,0.05,TRUE,FALSE,FALSE,"inconclusive",NA,NA
"class_indicator[40,3]","class_indicator",TRUE,0,0,0,0,0,NA,NA,NA,NA,0,0,0,0,0,0.05,TRUE,FALSE,FALSE,"inconclusive",NA,NA
"class_indicator[41,3]","class_indicator",TRUE,0,0,0,0,0,NA,NA,NA,NA,0,0,0,0,0,0.05,TRUE,FALSE,FALSE,"inconclusive",NA,NA
"class_indicator[42,3]","class_indicator",TRUE,0,0,0,0,0,NA,NA,NA,NA,0,0,0,0,0,0.05,TRUE,FALSE,FALSE,"inconclusive",NA,NA
"class_indicator[43,3]","class_indicator",TRUE,0,0,0,0,0,NA,NA,NA,NA,0,0,0,0,0,0.05,TRUE,FALSE,FALSE,"inconclusive",NA,NA
"class_indicator[44,3]","class_indicator",TRUE,0,0,0,0,0,NA,NA,NA,NA,0,0,0,0,0,0.05,TRUE,FALSE,FALSE,"inconclusive",NA,NA
"class_indicator[45,3]","class_indicator",TRUE,0,0,0,0,0,NA,NA,NA,NA,0,0,0,0,0,0.05,TRUE,FALSE,FALSE,"inconclusive",NA,NA
"class_indicator[46,3]","class_indicator",TRUE,0,0,0,0,0,NA,NA,NA,NA,0,0,0,0,0,0.05,TRUE,FALSE,FALSE,"inconclusive",NA,NA
"class_indicator[47,3]","class_indicator",TRUE,0,0,0,0,0,NA,NA,NA,NA,0,0,0,0,0,0.05,TRUE,FALSE,FALSE,"inconclusive",NA,NA
"class_indicator[48,3]","class_indicator",TRUE,0,0,0,0,0,NA,NA,NA,NA,0,0,0,0,0,0.05,TRUE,FALSE,FALSE,"inconclusive",NA,NA
"class_indicator[49,3]","class_indicator",TRUE,0,0,0,0,0,NA,NA,NA,NA,0,0,0,0,0,0.05,TRUE,FALSE,FALSE,"inconclusive",NA,NA
"class_indicator[50,3]","class_indicator",TRUE,0,0,0,0,0,NA,NA,NA,NA,0,0,0,0,0,0.05,TRUE,FALSE,FALSE,"inconclusive",NA,NA
"class_indicator[51,3]","class_indicator",TRUE,0,0,0,0,0,NA,NA,NA,NA,0,0,0,0,0,0.05,TRUE,FALSE,FALSE,"inconclusive",NA,NA
"class_indicator[52,3]","class_indicator",TRUE,0,0,0,0,0,NA,NA,NA,NA,0,0,0,0,0,0.05,TRUE,FALSE,FALSE,"inconclusive",NA,NA
"class_indicator[53,3]","class_indicator",TRUE,0,0,0,0,0,NA,NA,NA,NA,0,0,0,0,0,0.05,TRUE,FALSE,FALSE,"inconclusive",NA,NA
"class_indicator[54,3]","class_indicator",TRUE,0,0,0,0,0,NA,NA,NA,NA,0,0,0,0,0,0.05,TRUE,FALSE,FALSE,"inconclusive",NA,NA
"class_indicator[55,3]","class_indicator",TRUE,0,0,0,0,0,NA,NA,NA,NA,0,0,0,0,0,0.05,TRUE,FALSE,FALSE,"inconclusive",NA,NA
"class_indicator[56,3]","class_indicator",TRUE,0,0,0,0,0,NA,NA,NA,NA,0,0,0,0,0,0.05,TRUE,FALSE,FALSE,"inconclusive",NA,NA
"class_indicator[57,3]","class_indicator",TRUE,0,0,0,0,0,NA,NA,NA,NA,0,0,0,0,0,0.05,TRUE,FALSE,FALSE,"inconclusive",NA,NA
"class_indicator[58,3]","class_indicator",TRUE,0,0,0,0,0,NA,NA,NA,NA,0,0,0,0,0,0.05,TRUE,FALSE,FALSE,"inconclusive",NA,NA
"class_indicator[59,3]","class_indicator",TRUE,0,0,0,0,0,NA,NA,NA,NA,0,0,0,0,0,0.05,TRUE,FALSE,FALSE,"inconclusive",NA,NA
"class_indicator[60,3]","class_indicator",TRUE,0,0,0,0,0,NA,NA,NA,NA,0,0,0,0,0,0.05,TRUE,FALSE,FALSE,"inconclusive",NA,NA
"class_indicator[61,3]","class_indicator",TRUE,0,0,0,0,0,NA,NA,NA,NA,0,0,0,0,0,0.05,TRUE,FALSE,FALSE,"inconclusive",NA,NA
"class_indicator[62,3]","class_indicator",TRUE,0,0,0,0,0,NA,NA,NA,NA,0,0,0,0,0,0.05,TRUE,FALSE,FALSE,"inconclusive",NA,NA
"class_indicator[63,3]","class_indicator",TRUE,0,0,0,0,0,NA,NA,NA,NA,0,0,0,0,0,0.05,TRUE,FALSE,FALSE,"inconclusive",NA,NA
"class_indicator[64,3]","class_indicator",TRUE,0,0,0,0,0,NA,NA,NA,NA,0,0,0,0,0,0.05,TRUE,FALSE,FALSE,"inconclusive",NA,NA
"class_indicator[65,3]","class_indicator",TRUE,0,0,0,0,0,NA,NA,NA,NA,0,0,0,0,0,0.05,TRUE,FALSE,FALSE,"inconclusive",NA,NA
"class_indicator[66,3]","class_indicator",TRUE,0,0,0,0,0,NA,NA,NA,NA,0,0,0,0,0,0.05,TRUE,FALSE,FALSE,"inconclusive",NA,NA
"class_indicator[67,3]","class_indicator",TRUE,0,0,0,0,0,NA,NA,NA,NA,0,0,0,0,0,0.05,TRUE,FALSE,FALSE,"inconclusive",NA,NA
"class_indicator[68,3]","class_indicator",TRUE,0,0,0,0,0,NA,NA,NA,NA,0,0,0,0,0,0.05,TRUE,FALSE,FALSE,"inconclusive",NA,NA
"class_indicator[69,3]","class_indicator",TRUE,0,0,0,0,0,NA,NA,NA,NA,0,0,0,0,0,0.05,TRUE,FALSE,FALSE,"inconclusive",NA,NA
"class_indicator[70,3]","class_indicator",TRUE,0,0,0,0,0,NA,NA,NA,NA,0,0,0,0,0,0.05,TRUE,FALSE,FALSE,"inconclusive",NA,NA
"class_indicator[71,3]","class_indicator",TRUE,0,0,0,0,0,NA,NA,NA,NA,0,0,0,0,0,0.05,TRUE,FALSE,FALSE,"inconclusive",NA,NA
"class_indicator[72,3]","class_indicator",TRUE,0,0,0,0,0,NA,NA,NA,NA,0,0,0,0,0,0.05,TRUE,FALSE,FALSE,"inconclusive",NA,NA
"class_indicator[73,3]","class_indicator",TRUE,0,0,0,0,0,NA,NA,NA,NA,0,0,0,0,0,0.05,TRUE,FALSE,FALSE,"inconclusive",NA,NA
"class_indicator[74,3]","class_indicator",TRUE,0,0,0,0,0,NA,NA,NA,NA,0,0,0,0,0,0.05,TRUE,FALSE,FALSE,"inconclusive",NA,NA
"class_indicator[75,3]","class_indicator",TRUE,0,0,0,0,0,NA,NA,NA,NA,0,0,0,0,0,0.05,TRUE,FALSE,FALSE,"inconclusive",NA,NA
"class_indicator[76,3]","class_indicator",TRUE,0,0,0,0,0,NA,NA,NA,NA,0,0,0,0,0,0.05,TRUE,FALSE,FALSE,"inconclusive",NA,NA
"class_indicator[77,3]","class_indicator",TRUE,0,0,0,0,0,NA,NA,NA,NA,0,0,0,0,0,0.05,TRUE,FALSE,FALSE,"inconclusive",NA,NA
"class_indicator[78,3]","class_indicator",TRUE,0,0,0,0,0,NA,NA,NA,NA,0,0,0,0,0,0.05,TRUE,FALSE,FALSE,"inconclusive",NA,NA
"class_indicator[79,3]","class_indicator",TRUE,0,0,0,0,0,NA,NA,NA,NA,0,0,0,0,0,0.05,TRUE,FALSE,FALSE,"inconclusive",NA,NA
"class_indicator[80,3]","class_indicator",TRUE,0,0,0,0,0,NA,NA,NA,NA,0,0,0,0,0,0.05,TRUE,FALSE,FALSE,"inconclusive",NA,NA
"class_indicator[81,3]","class_indicator",TRUE,0,0,0,0,0,NA,NA,NA,NA,0,0,0,0,0,0.05,TRUE,FALSE,FALSE,"inconclusive",NA,NA
"class_indicator[82,3]","class_indicator",TRUE,0,0,0,0,0,NA,NA,NA,NA,0,0,0,0,0,0.05,TRUE,FALSE,FALSE,"inconclusive",NA,NA
"class_indicator[83,3]","class_indicator",TRUE,0,0,0,0,0,NA,NA,NA,NA,0,0,0,0,0,0.05,TRUE,FALSE,FALSE,"inconclusive",NA,NA
"class_indicator[84,3]","class_indicator",TRUE,0,0,0,0,0,NA,NA,NA,NA,0,0,0,0,0,0.05,TRUE,FALSE,FALSE,"inconclusive",NA,NA
"class_indicator[85,3]","class_indicator",TRUE,0,0,0,0,0,NA,NA,NA,NA,0,0,0,0,0,0.05,TRUE,FALSE,FALSE,"inconclusive",NA,NA
"class_indicator[86,3]","class_indicator",TRUE,0,0,0,0,0,NA,NA,NA,NA,0,0,0,0,0,0.05,TRUE,FALSE,FALSE,"inconclusive",NA,NA
"class_indicator[87,3]","class_indicator",TRUE,0,0,0,0,0,NA,NA,NA,NA,0,0,0,0,0,0.05,TRUE,FALSE,FALSE,"inconclusive",NA,NA
"class_indicator[88,3]","class_indicator",TRUE,0,0,0,0,0,NA,NA,NA,NA,0,0,0,0,0,0.05,TRUE,FALSE,FALSE,"inconclusive",NA,NA
"class_indicator[89,3]","class_indicator",TRUE,0,0,0,0,0,NA,NA,NA,NA,0,0,0,0,0,0.05,TRUE,FALSE,FALSE,"inconclusive",NA,NA
"class_indicator[90,3]","class_indicator",TRUE,0,0,0,0,0,NA,NA,NA,NA,0,0,0,0,0,0.05,TRUE,FALSE,FALSE,"inconclusive",NA,NA
"class_indicator[91,3]","class_indicator",TRUE,0,0,0,0,0,NA,NA,NA,NA,0,0,0,0,0,0.05,TRUE,FALSE,FALSE,"inconclusive",NA,NA
"class_indicator[92,3]","class_indicator",TRUE,0,0,0,0,0,NA,NA,NA,NA,0,0,0,0,0,0.05,TRUE,FALSE,FALSE,"inconclusive",NA,NA
"class_indicator[93,3]","class_indicator",TRUE,0,0,0,0,0,NA,NA,NA,NA,0,0,0,0,0,0.05,TRUE,FALSE,FALSE,"inconclusive",NA,NA
"class_indicator[94,3]","class_indicator",TRUE,0,0,0,0,0,NA,NA,NA,NA,0,0,0,0,0,0.05,TRUE,FALSE,FALSE,"inconclusive",NA,NA
"class_indicator[95,3]","class_indicator",TRUE,0,0,0,0,0,NA,NA,NA,NA,0,0,0,0,0,0.05,TRUE,FALSE,FALSE,"inconclusive",NA,NA
"class_indicator[96,3]","class_indicator",TRUE,0,0,0,0,0,NA,NA,NA,NA,0,0,0,0,0,0.05,TRUE,FALSE,FALSE,"inconclusive",NA,NA
"class_indicator[97,3]","class_indicator",TRUE,0,0,0,0,0,NA,NA,NA,NA,0,0,0,0,0,0.05,TRUE,FALSE,FALSE,"inconclusive",NA,NA
"class_indicator[98,3]","class_indicator",TRUE,0,0,0,0,0,NA,NA,NA,NA,0,0,0,0,0,0.05,TRUE,FALSE,FALSE,"inconclusive",NA,NA
"class_indicator[99,3]","class_indicator",TRUE,0,0,0,0,0,NA,NA,NA,NA,0,0,0,0,0,0.05,TRUE,FALSE,FALSE,"inconclusive",NA,NA
"class_indicator[100,3]","class_indicator",TRUE,0,0,0,0,0,NA,NA,NA,NA,0,0,0,0,0,0.05,TRUE,FALSE,FALSE,"inconclusive",NA,NA
"class_indicator[101,3]","class_indicator",TRUE,0,0,0,0,0,NA,NA,NA,NA,0,0,0,0,0,0.05,TRUE,FALSE,FALSE,"inconclusive",NA,NA
"class_indicator[102,3]","class_indicator",TRUE,0,0,0,0,0,NA,NA,NA,NA,0,0,0,0,0,0.05,TRUE,FALSE,FALSE,"inconclusive",NA,NA
"class_indicator[103,3]","class_indicator",TRUE,0,0,0,0,0,NA,NA,NA,NA,0,0,0,0,0,0.05,TRUE,FALSE,FALSE,"inconclusive",NA,NA
"class_indicator[104,3]","class_indicator",TRUE,0,0,0,0,0,NA,NA,NA,NA,0,0,0,0,0,0.05,TRUE,FALSE,FALSE,"inconclusive",NA,NA
"class_indicator[105,3]","class_indicator",TRUE,0,0,0,0,0,NA,NA,NA,NA,0,0,0,0,0,0.05,TRUE,FALSE,FALSE,"inconclusive",NA,NA
"class_indicator[106,3]","class_indicator",TRUE,0,0,0,0,0,NA,NA,NA,NA,0,0,0,0,0,0.05,TRUE,FALSE,FALSE,"inconclusive",NA,NA
"class_indicator[107,3]","class_indicator",TRUE,0,0,0,0,0,NA,NA,NA,NA,0,0,0,0,0,0.05,TRUE,FALSE,FALSE,"inconclusive",NA,NA
"class_indicator[108,3]","class_indicator",TRUE,0,0,0,0,0,NA,NA,NA,NA,0,0,0,0,0,0.05,TRUE,FALSE,FALSE,"inconclusive",NA,NA
"class_indicator[109,3]","class_indicator",TRUE,0,0,0,0,0,NA,NA,NA,NA,0,0,0,0,0,0.05,TRUE,FALSE,FALSE,"inconclusive",NA,NA
"class_indicator[110,3]","class_indicator",TRUE,0,0,0,0,0,NA,NA,NA,NA,0,0,0,0,0,0.05,TRUE,FALSE,FALSE,"inconclusive",NA,NA
"class_indicator[111,3]","class_indicator",TRUE,0,0,0,0,0,NA,NA,NA,NA,0,0,0,0,0,0.05,TRUE,FALSE,FALSE,"inconclusive",NA,NA
"class_indicator[112,3]","class_indicator",TRUE,0,0,0,0,0,NA,NA,NA,NA,0,0,0,0,0,0.05,TRUE,FALSE,FALSE,"inconclusive",NA,NA
"class_indicator[113,3]","class_indicator",TRUE,0,0,0,0,0,NA,NA,NA,NA,0,0,0,0,0,0.05,TRUE,FALSE,FALSE,"inconclusive",NA,NA
"class_indicator[114,3]","class_indicator",TRUE,0,0,0,0,0,NA,NA,NA,NA,0,0,0,0,0,0.05,TRUE,FALSE,FALSE,"inconclusive",NA,NA
"class_indicator[115,3]","class_indicator",TRUE,0,0,0,0,0,NA,NA,NA,NA,0,0,0,0,0,0.05,TRUE,FALSE,FALSE,"inconclusive",NA,NA
"class_indicator[116,3]","class_indicator",TRUE,0,0,0,0,0,NA,NA,NA,NA,0,0,0,0,0,0.05,TRUE,FALSE,FALSE,"inconclusive",NA,NA
"class_indicator[117,3]","class_indicator",TRUE,0,0,0,0,0,NA,NA,NA,NA,0,0,0,0,0,0.05,TRUE,FALSE,FALSE,"inconclusive",NA,NA
"class_indicator[118,3]","class_indicator",TRUE,0,0,0,0,0,NA,NA,NA,NA,0,0,0,0,0,0.05,TRUE,FALSE,FALSE,"inconclusive",NA,NA
"class_indicator[119,3]","class_indicator",TRUE,0,0,0,0,0,NA,NA,NA,NA,0,0,0,0,0,0.05,TRUE,FALSE,FALSE,"inconclusive",NA,NA
"class_indicator[120,3]","class_indicator",TRUE,0,0,0,0,0,NA,NA,NA,NA,0,0,0,0,0,0.05,TRUE,FALSE,FALSE,"inconclusive",NA,NA
"class_indicator[121,3]","class_indicator",TRUE,0,0,0,0,0,NA,NA,NA,NA,0,0,0,0,0,0.05,TRUE,FALSE,FALSE,"inconclusive",NA,NA
"class_indicator[122,3]","class_indicator",TRUE,0,0,0,0,0,NA,NA,NA,NA,0,0,0,0,0,0.05,TRUE,FALSE,FALSE,"inconclusive",NA,NA
"class_indicator[123,3]","class_indicator",TRUE,0,0,0,0,0,NA,NA,NA,NA,0,0,0,0,0,0.05,TRUE,FALSE,FALSE,"inconclusive",NA,NA
"class_indicator[124,3]","class_indicator",TRUE,0,0,0,0,0,NA,NA,NA,NA,0,0,0,0,0,0.05,TRUE,FALSE,FALSE,"inconclusive",NA,NA
"class_indicator[125,3]","class_indicator",TRUE,0,0,0,0,0,NA,NA,NA,NA,0,0,0,0,0,0.05,TRUE,FALSE,FALSE,"inconclusive",NA,NA
"class_indicator[126,3]","class_indicator",TRUE,0,0,0,0,0,NA,NA,NA,NA,0,0,0,0,0,0.05,TRUE,FALSE,FALSE,"inconclusive",NA,NA
"class_indicator[127,3]","class_indicator",TRUE,0,0,0,0,0,NA,NA,NA,NA,0,0,0,0,0,0.05,TRUE,FALSE,FALSE,"inconclusive",NA,NA
"class_indicator[128,3]","class_indicator",TRUE,0,0,0,0,0,NA,NA,NA,NA,0,0,0,0,0,0.05,TRUE,FALSE,FALSE,"inconclusive",NA,NA
"class_indicator[129,3]","class_indicator",TRUE,0,0,0,0,0,NA,NA,NA,NA,0,0,0,0,0,0.05,TRUE,FALSE,FALSE,"inconclusive",NA,NA
"class_indicator[130,3]","class_indicator",TRUE,0,0,0,0,0,NA,NA,NA,NA,0,0,0,0,0,0.05,TRUE,FALSE,FALSE,"inconclusive",NA,NA
"class_indicator[131,3]","class_indicator",TRUE,0,0,0,0,0,NA,NA,NA,NA,0,0,0,0,0,0.05,TRUE,FALSE,FALSE,"inconclusive",NA,NA
"class_indicator[132,3]","class_indicator",TRUE,0,0,0,0,0,NA,NA,NA,NA,0,0,0,0,0,0.05,TRUE,FALSE,FALSE,"inconclusive",NA,NA
"class_indicator[133,3]","class_indicator",TRUE,0,0,0,0,0,NA,NA,NA,NA,0,0,0,0,0,0.05,TRUE,FALSE,FALSE,"inconclusive",NA,NA
"class_indicator[134,3]","class_indicator",TRUE,0,0,0,0,0,NA,NA,NA,NA,0,0,0,0,0,0.05,TRUE,FALSE,FALSE,"inconclusive",NA,NA
"class_indicator[135,3]","class_indicator",TRUE,0,0,0,0,0,NA,NA,NA,NA,0,0,0,0,0,0.05,TRUE,FALSE,FALSE,"inconclusive",NA,NA
"class_indicator[136,3]","class_indicator",TRUE,0,0,0,0,0,NA,NA,NA,NA,0,0,0,0,0,0.05,TRUE,FALSE,FALSE,"inconclusive",NA,NA
"class_indicator[137,3]","class_indicator",TRUE,0,0,0,0,0,NA,NA,NA,NA,0,0,0,0,0,0.05,TRUE,FALSE,FALSE,"inconclusive",NA,NA
"class_indicator[138,3]","class_indicator",TRUE,0,0,0,0,0,NA,NA,NA,NA,0,0,0,0,0,0.05,TRUE,FALSE,FALSE,"inconclusive",NA,NA
"class_indicator[139,3]","class_indicator",TRUE,0,0,0,0,0,NA,NA,NA,NA,0,0,0,0,0,0.05,TRUE,FALSE,FALSE,"inconclusive",NA,NA
"class_indicator[140,3]","class_indicator",TRUE,0,0,0,0,0,NA,NA,NA,NA,0,0,0,0,0,0.05,TRUE,FALSE,FALSE,"inconclusive",NA,NA
"class_indicator[141,3]","class_indicator",TRUE,0,0,0,0,0,NA,NA,NA,NA,0,0,0,0,0,0.05,TRUE,FALSE,FALSE,"inconclusive",NA,NA
"class_indicator[142,3]","class_indicator",TRUE,0,0,0,0,0,NA,NA,NA,NA,0,0,0,0,0,0.05,TRUE,FALSE,FALSE,"inconclusive",NA,NA
"class_indicator[143,3]","class_indicator",TRUE,0,0,0,0,0,NA,NA,NA,NA,0,0,0,0,0,0.05,TRUE,FALSE,FALSE,"inconclusive",NA,NA
"N.iota.m[1]","A_auxiliary",TRUE,1126.45962500001,502.774991379199,546,987,2101.025,1.98576146336608,5.48481596509004,51.1175022678007,240.310955401321,680.8945,996.472,1922.1215,906.3505,1241.227,NA,FALSE,FALSE,FALSE,"inconclusive",0.053808577925382,0.501486307222469
"N.iota.m[2]","A_auxiliary",TRUE,274.134374999997,124.944555548069,116,241,506,2.0445224493023,5.38055853890846,32.8692047013934,58.6023848418249,152.153,250.5355,464.7305,229.1185,312.5775,NA,FALSE,FALSE,FALSE,"inconclusive",0.0527857644204809,0.322462079635378
"N.iota.m[3]","A_auxiliary",TRUE,798.444250000022,332.455145387915,380,706,1431,2.08881053060673,5.30876989952797,34.6204415364419,157.255613965099,468.546,699.6035,1314.427,711.2005,845.881,NA,FALSE,FALSE,FALSE,"inconclusive",0.0520814847106696,0.339642521842423
"N.iota.m[4]","A_auxiliary",TRUE,861.283250000011,370.066408787398,396.975,766,1565,1.99397532022987,5.54077413446587,31.6152292536038,173.243279637333,509.8555,809.494,1431.9335,693.85,922.078,NA,FALSE,FALSE,FALSE,"inconclusive",0.0543575534127249,0.310160001310715
"N.iota.m[5]","A_auxiliary",TRUE,1276.49162499998,555.505984704252,597,1129,2335.025,2.062364867646,5.28682807732544,30.2298730241488,265.505709182116,749.2665,1206.6665,2146.386,1003.6475,1397.1195,NA,FALSE,FALSE,FALSE,"inconclusive",0.0518662253004497,0.296569016836212
"N.iota.m[6]","A_auxiliary",TRUE,1738.84212500002,829.575530404295,713,1531,3258,1.854705505179,6.27325780436959,53.3121968648171,388.61557777372,1098.6695,1565.03,3046.695,1244.974,1948.0255,NA,FALSE,FALSE,FALSE,"inconclusive",0.0615435565315072,0.523017274897158
"N.iota.m[7]","A_auxiliary",TRUE,701.349749999984,298.942031533229,323,631,1256.025,1.99189149737226,5.46895550463855,40.7142291177296,139.137337219124,397.633,617.0155,1152.115,638.6355,754.482,NA,FALSE,FALSE,FALSE,"inconclusive",0.0536529794827782,0.39942539259241
"N.iota.m[8]","A_auxiliary",TRUE,1311.29012499997,537.55605895297,591.975,1179,2306,2.20395566009841,5.1791474881605,26.1067484119432,254.296390185665,746.039,1235.872,2132.3275,1130.922,1386.2885,NA,FALSE,FALSE,FALSE,"inconclusive",0.0508098289856031,0.256119260015924
"N.iota.m[9]","A_auxiliary",TRUE,741.965875000005,325.470307133521,334,651,1341,2.23605325573,5.11474664326666,32.2179212537399,154.624593694127,414.681,722.779,1238.3375,592.066,823.6565,NA,FALSE,FALSE,FALSE,"inconclusive",0.0501780269519549,0.316072688201349
"N.iota.m[10]","A_auxiliary",TRUE,1031.36937499999,476.54334706542,417,911,1920,2.25740402305721,5.08832117742935,27.1446937286338,229.908179751405,577.4765,1032.839,1773.5835,741.5785,1196.107,NA,FALSE,FALSE,FALSE,"inconclusive",0.049918780926788,0.266301982975256
"N.iota.m[11]","A_auxiliary",TRUE,1974.61725000004,811.040874996477,928.95,1776,3481,2.362161784004,5.03085090460494,35.6586249747781,388.090594224384,1097.314,1775.701,3231.261,1794.193,2133.947,NA,FALSE,FALSE,FALSE,"inconclusive",0.0493549710062094,0.349827580885081
"N.iota.m[12]","A_auxiliary",TRUE,310.714624999997,135.79863988617,138.975,277,568,2.02711257933,5.44528633587204,28.0634384494557,63.2637292011365,178.0935,291.2915,517.222,256.2515,339.1285,NA,FALSE,FALSE,FALSE,"inconclusive",0.0534207740049449,0.275315293033157
"N.iota.m[13]","A_auxiliary",TRUE,659.237000000009,280.457952131623,308,577,1187,2.28326341649745,5.02102071243246,25.2303932710646,133.836064477343,371.088,577.0255,1094.702,594.1325,723.614,NA,FALSE,FALSE,FALSE,"inconclusive",0.0492585322806622,0.247521811316021
"N.iota.m[14]","A_auxiliary",TRUE,1429.53724999997,602.810120699413,623,1309,2524.025,2.3238271935939,5.07386094995604,32.1973185105181,284.749298034157,760.2,1239.3385,2325.006,1393.6045,1564.806,NA,FALSE,FALSE,FALSE,"inconclusive",0.0497769194164349,0.315870565774419
"N.iota.m[15]","A_auxiliary",TRUE,1371.43062499998,609.785240221513,605.975,1224,2538,2.0340888815142,5.46934148953502,34.3576740253728,291.443848456419,791.2095,1312.861,2328.8155,1052.8365,1537.606,NA,FALSE,FALSE,FALSE,"inconclusive",0.05365676617289,0.337064651192685
"N.iota.m[16]","A_auxiliary",TRUE,1398.43662499998,567.558369065594,614,1311,2458,2.26344735799164,5.04109843672153,35.1724531682553,267.210870736583,751.758,1407.228,2216.9945,1217.766,1465.2365,NA,FALSE,FALSE,FALSE,"inconclusive",0.0494555040293679,0.345058010911738
"N.iota.m[17]","A_auxiliary",TRUE,1989.07950000001,954.322634590165,851,1697,3772.05,2.15878212850915,5.23174072823733,23.9947656350862,460.199193367868,1220.525,1921.329,3502.6295,1311.8345,2282.1045,NA,FALSE,FALSE,FALSE,"inconclusive",0.0513257929623408,0.235399733499649
"N.iota.m[18]","A_auxiliary",TRUE,1479.50837500002,662.725936860996,645.975,1284.5,2705,1.96536296774684,5.5634354260608,27.6755128772383,312.626714827412,866.022,1335.6395,2516.924,1199.448,1650.902,NA,FALSE,FALSE,FALSE,"inconclusive",0.0545798711499902,0.27150956399598
"N.iota.m[19]","A_auxiliary",TRUE,1524.49812500002,666.770027093385,705,1354,2771,2.28783675101503,5.09800492081499,26.7829727671707,315.417006368759,843.957,1375.1995,2558.026,1320.81,1714.069,NA,FALSE,FALSE,FALSE,"inconclusive",0.050013782922095,0.262753333272875
"N.iota.m[20]","A_auxiliary",TRUE,721.148125000015,306.929593564892,333,639,1310.025,2.03385655446456,5.39850848423276,24.9219420542186,140.385798542189,408.4445,672.2345,1172.014,631.8995,763.5695,NA,FALSE,FALSE,FALSE,"inconclusive",0.0529618616747711,0.244495762412379
"N.iota.m[21]","A_auxiliary",TRUE,647.492999999993,278.731058237781,296,575,1161.025,1.91070835904385,5.66736943114497,30.0566602677172,129.918187255948,374.119,594.6705,1073.6875,547.495,699.5685,NA,FALSE,FALSE,FALSE,"inconclusive",0.0555995117445451,0.294869719692708
"N.iota.m[22]","A_auxiliary",TRUE,1429.12237499999,600.786025453661,678.975,1255,2542,2.09691624110288,5.30309173049622,41.0813292086652,282.858895831549,865.4655,1397.331,2346.832,1106.861,1481.3665,NA,FALSE,FALSE,FALSE,"inconclusive",0.052025779249855,0.403026814039411
"N.iota.m[23]","A_auxiliary",TRUE,1060.32512500002,441.506240486794,497,949,1861,2.1803419132573,5.14093098900999,36.5196888126829,207.739416212696,614.58,1043.8975,1721.5825,861.2405,1107.0025,NA,FALSE,FALSE,FALSE,"inconclusive",0.050434907477632,0.358275014840118
"N.iota.m[24]","A_auxiliary",TRUE,1080.3945,467.070089149661,493,963,1938,1.95731929991268,5.54648358337767,29.3595639960478,219.976226991193,641.744,928.42,1806.3275,945.0865,1164.5835,NA,FALSE,FALSE,FALSE,"inconclusive",0.0544135657436102,0.288030883295215
"N.iota.m[25]","A_auxiliary",TRUE,1857.74362500005,732.989340180648,864,1722,3167,2.33974165330007,5.00285938826426,33.5869885627318,348.341403593943,1051.683,1746.7895,2939.2995,1693.2025,1887.6165,NA,FALSE,FALSE,FALSE,"inconclusive",0.0490803613022825,0.329503870842638
"N.iota.m[26]","A_auxiliary",TRUE,1324.42212499998,567.355253948975,632.975,1190,2375,2.11532197038091,5.22296401597452,37.3591383193321,269.990810925076,759.039,1253.0615,2198.2245,1087.3635,1439.1855,NA,FALSE,FALSE,FALSE,"inconclusive",0.0512396893612851,0.366510402222384
"N.iota.m[27]","A_auxiliary",TRUE,1086.17525,460.245329425346,522,952,1972,2.24897114754561,5.07938951472807,16.8494033359595,218.932345111262,633.5535,981.371,1794.319,935.4575,1160.7655,NA,FALSE,FALSE,FALSE,"inconclusive",0.0498311571903629,0.165300429069964
"N.iota.m[28]","A_auxiliary",TRUE,1379.21962500002,608.656417422153,590,1257,2530.025,2.03044965651143,5.39735173462659,85.5402471439064,289.962127335213,794.5045,1311.9535,2323.651,1086.7695,1529.1465,NA,FALSE,FALSE,FALSE,"inconclusive",0.0529505134268589,0.839189333515543
"N.iota.m[29]","A_auxiliary",TRUE,781.90400000001,308.976905488122,352,700,1305,2.27931046344264,5.02874978001338,34.5111370969926,144.921912896357,441.3195,732.5845,1220.0325,733.6795,778.713,NA,FALSE,FALSE,FALSE,"inconclusive",0.049334358003506,0.338570194806269
"N.iota.m[30]","A_auxiliary",TRUE,633.131375000003,276.04607956891,296,559,1162,2.01601647480557,5.46057876191074,33.2364689997367,130.768486716736,378.6865,593.9615,1065.236,494.6415,686.5495,NA,FALSE,FALSE,FALSE,"inconclusive",0.0535707997675974,0.326065112032891
"N.iota.m[31]","A_auxiliary",TRUE,1210.00487499997,485.705869457214,553,1119,2082,2.39169045133003,4.93248425742379,30.783614974529,231.885079333507,661.2745,1128.9265,1935.4115,1114.407,1274.137,NA,FALSE,FALSE,FALSE,"inconclusive",0.0483899487641152,0.302001481129861
"N.iota.m[32]","A_auxiliary",TRUE,1209.54837499999,597.517717383913,499,1044,2326,1.8552479464556,5.74935539750378,25.3758582245834,285.160290906292,684.403,1083.946,2160.729,909.1155,1476.326,NA,FALSE,FALSE,FALSE,"inconclusive",0.05640383194192,0.24894888969689
"N.iota.m[33]","A_auxiliary",TRUE,1340.96887499999,602.853865380417,639,1139,2473,1.908642894091,5.70221924011106,41.6167336381429,281.636353051899,815.5005,1220.0825,2274.246,1054.0465,1458.7455,NA,FALSE,FALSE,FALSE,"inconclusive",0.0559414044668118,0.408279378783335
"N.iota.m[34]","A_auxiliary",TRUE,1560.67012500004,761.073282361906,610,1398,2937.025,1.97685851330219,5.6447832785555,32.0077735616802,361.414751347966,907.361,1442.67,2746.556,1146.0935,1839.195,NA,FALSE,FALSE,FALSE,"inconclusive",0.0553779311556283,0.314011042279954
"N.iota.m[35]","A_auxiliary",TRUE,1452.01874999997,679.196937904237,623.975,1258,2718.025,2.29863608536139,5.04302495034204,34.0162795977335,326.221310168412,793.7435,1487.2195,2492.2495,1034.8625,1698.506,NA,FALSE,FALSE,FALSE,"inconclusive",0.0494744040177965,0.333715414175465
"N.iota.m[36]","A_auxiliary",TRUE,1675.83650000002,782.28492426391,763,1441,3166.025,1.96136447697446,5.53320218711522,36.3116213374378,375.513978407242,1006.4195,1587.7605,2919.923,1189.243,1913.5035,NA,FALSE,FALSE,FALSE,"inconclusive",0.05428326911191,0.356233776806477
"N.iota.m[37]","A_auxiliary",TRUE,1305.76337499998,546.714206131968,598.975,1166,2284.025,2.24568723366449,5.17331916676352,37.588498912477,259.549714784869,743.9065,1189.253,2141.337,1148.557,1397.4305,NA,FALSE,FALSE,FALSE,"inconclusive",0.0507526504607338,0.368760535577414
"N.iota.m[38]","A_auxiliary",TRUE,1132.64,464.229330998129,526,1017,1988,2.01831445017528,5.43170448245664,26.9606078160761,216.034506513978,661.104,1041.644,1832.7195,995.0925,1171.6155,NA,FALSE,FALSE,FALSE,"inconclusive",0.0532875297498002,0.264496015148099
"N.iota.m[39]","A_auxiliary",TRUE,1584.36325000002,724.203682447933,708,1405,2937,2.20620750882575,5.10375277388782,31.1099750255631,342.012246323228,860.1095,1528.97,2693.8235,1254.55,1833.714,NA,FALSE,FALSE,FALSE,"inconclusive",0.050070172015538,0.305203223968559
"N.iota.m[40]","A_auxiliary",TRUE,1649.45437500002,681.591174557384,777,1475,2939.025,2.28049697546251,5.02698189779831,32.3004807606291,325.596599108907,946.1905,1503.9365,2694.4265,1453.264,1748.236,NA,FALSE,FALSE,FALSE,"inconclusive",0.0493170142624329,0.316882635096232
"N.iota.m[41]","A_auxiliary",TRUE,1256.12949999998,636.90709315442,460,1111,2417.05,2.15166134423394,5.22538972772807,30.7570075713651,305.315198449076,693.819,1239.946,2247.15,843.603,1553.331,NA,FALSE,FALSE,FALSE,"inconclusive",0.0512634867139668,0.301740450215488
"N.iota.m[42]","A_auxiliary",TRUE,726.321999999987,306.045938268328,328.975,654,1279.025,2.04791076727568,5.45426474169375,35.1253771940204,143.074218047448,408.9555,629,1180.84,686.4925,771.8845,NA,FALSE,FALSE,FALSE,"inconclusive",0.0535088563129709,0.344596173861206
"N.iota.m[43]","A_auxiliary",TRUE,636.237499999994,291.892121288088,266,559,1170,2.07680770874691,5.29661125543882,40.6249418476869,137.364674645039,351.376,618.094,1077.3675,498.1125,725.9915,NA,FALSE,FALSE,FALSE,"inconclusive",0.0519622027963625,0.398549443233596
"N.iota.m[44]","A_auxiliary",TRUE,1228.60175000002,527.803180571713,576.975,1105.5,2198.025,2.11055502274464,5.26797684351972,31.6621909063794,248.894395543639,699.7645,1168.786,2032.356,1013.5005,1332.5915,NA,FALSE,FALSE,FALSE,"inconclusive",0.0516812859898728,0.310620716814929
"N.iota.m[45]","A_auxiliary",TRUE,925.518499999996,405.566548405928,399,821.5,1643,2.2074897632547,5.1647793503532,27.7556912476819,188.201305667074,497.9235,877.47,1521.3195,805.361,1023.396,NA,FALSE,FALSE,FALSE,"inconclusive",0.0506688709174076,0.272296150842541
"N.iota.m[46]","A_auxiliary",TRUE,1287.31225000002,544.421585361715,549,1165.5,2246.025,2.08447584192532,5.29142240075094,32.0564577384532,252.487414449978,687.7575,1157.0315,2080.2065,1224.2535,1392.449,NA,FALSE,FALSE,FALSE,"inconclusive",0.0519112977352641,0.314488656540176
"N.iota.m[47]","A_auxiliary",TRUE,1186.4385,570.206978182042,465.975,1052,2235,1.97130821236662,5.51377443536007,34.3252627298201,270.869299750943,673.5045,1141.3305,2070.51,860.409,1397.0055,NA,FALSE,FALSE,FALSE,"inconclusive",0.0540926738939693,0.336746681413296
"N.iota.m[48]","A_auxiliary",TRUE,1145.54987499998,514.46243445177,523,994,2136,1.93340901348775,5.61960019856057,27.3203653171597,242.57056409573,685.512,1102.1485,1942.331,852.208,1256.819,NA,FALSE,FALSE,FALSE,"inconclusive",0.055130873509404,0.268025402397281
"N.iota.m[49]","A_auxiliary",TRUE,336.884749999993,152.520784784112,141,300,621,1.96245727917261,5.5654069290659,27.8697005061932,70.7692652756158,188.795,319.7055,568.0755,270.963,379.2805,NA,FALSE,FALSE,FALSE,"inconclusive",0.0545992125050612,0.273414634326739
"N.iota.m[50]","A_auxiliary",TRUE,916.171625000012,425.749369330765,389,804,1695,1.88823601261696,5.71062992921965,31.0291611884557,198.993833559421,532.2265,888.2405,1568.1725,676.047,1035.946,NA,FALSE,FALSE,FALSE,"inconclusive",0.056023917211667,0.304410402900519
"N.iota.m[51]","A_auxiliary",TRUE,1501.24612499998,666.939316995223,623.975,1383,2713,2.31365281881412,5.03877241749822,25.819901059774,319.7739312174,768.374,1470.145,2509.558,1256.9075,1741.184,NA,FALSE,FALSE,FALSE,"inconclusive",0.0494326847064535,0.253305155003081
"N.iota.m[52]","A_auxiliary",TRUE,609.727000000006,259.342801726019,258,559,1098.025,2.02781710267512,5.40872118385136,34.9794583980578,120.800771637352,336.4235,575.1535,996.7865,530.5445,660.363,NA,FALSE,FALSE,FALSE,"inconclusive",0.0530620529750359,0.343164643076343
"N.iota.m[53]","A_auxiliary",TRUE,502.357125000006,225.912743460151,201,458.5,932,2.02411338616821,5.41716551987777,35.4298440028907,106.487509889872,281.746,490.2505,846.163,391.269,564.417,NA,FALSE,FALSE,FALSE,"inconclusive",0.0531448958116957,0.347583133882301
"N.iota.m[54]","A_auxiliary",TRUE,999.934625000004,414.082913114604,429,903,1786.025,2.22493829346567,5.08401572230831,19.6555947745944,196.005806282429,563.7755,883.6605,1630.876,921.4265,1067.1005,NA,FALSE,FALSE,FALSE,"inconclusive",0.0498765424234618,0.192830463196979
"N.iota.m[55]","A_auxiliary",TRUE,1079.09899999998,498.374346071909,497,928,1991.025,1.93708675741082,5.59319490287413,31.5777849970001,237.908298328285,627.6645,1008.6055,1869.3145,810.8115,1241.65,NA,FALSE,FALSE,FALSE,"inconclusive",0.0548718253627333,0.309792655858808
"N.iota.m[56]","A_auxiliary",TRUE,1304.43450000002,550.188046326473,635.975,1164,2400.025,1.94100484584858,5.55952678314035,26.1618203968161,253.977161962435,779.1765,1191.2605,2137.4715,1109.8295,1358.295,NA,FALSE,FALSE,FALSE,"inconclusive",0.0545415255576301,0.256659541623986
"N.iota.m[57]","A_auxiliary",TRUE,1053.83800000001,500.601291660991,408,928,1966.025,1.90493182645177,5.62159441037975,31.4425859749332,236.400641957449,604.7195,976.714,1831.3415,802.577,1226.622,NA,FALSE,FALSE,FALSE,"inconclusive",0.0551504376484298,0.308466291007076
"N.iota.m[58]","A_auxiliary",TRUE,907.816374999983,411.405870772006,422.975,779,1699,2.01676814485062,5.42246138510775,30.4510543865453,195.97297953856,539.087,851.414,1556.5185,684.246,1017.4315,NA,FALSE,FALSE,FALSE,"inconclusive",0.0531968506956378,0.298738908159806
"N.iota.m[59]","A_auxiliary",TRUE,1009.08875,468.160001331589,440,897,1921,2.13174399293763,5.35989765711458,26.1979955543662,224.438390478636,608.914,960.4895,1744.0465,722.905,1135.1325,NA,FALSE,FALSE,FALSE,"inconclusive",0.0525830716273062,0.257014436628009
"N.iota.m[60]","A_auxiliary",TRUE,975.95862500001,415.789557387645,442,861,1751,2.22855099263011,5.10333009890564,21.3958672015301,195.032301853148,544.627,865.868,1606.4965,886.843,1061.8695,NA,FALSE,FALSE,FALSE,"inconclusive",0.0500660253787392,0.209903339496234
"N.iota.m[61]","A_auxiliary",TRUE,654.26874999999,305.856675277268,272,583,1235,1.96045902260494,5.54975162337792,27.7611327897541,145.22896738608,366.718,600.5995,1134.133,515.6245,767.415,NA,FALSE,FALSE,FALSE,"inconclusive",0.0544456267254436,0.27234953488359
"N.iota.m[62]","A_auxiliary",TRUE,1304.46250000003,537.212158236038,557,1189,2278.05,2.24312642512694,5.10121622472937,25.3379399473639,247.608061928228,703.955,1224.0995,2072.9105,1216.885,1368.9555,NA,FALSE,FALSE,FALSE,"inconclusive",0.050045287296721,0.248576893883804
"N.iota.m[63]","A_auxiliary",TRUE,1368.33424999998,569.334184336068,589,1245,2377,2.35763976496012,4.97313685574106,23.2105026396321,267.162194620329,719.19,1245.6155,2200.498,1308.0335,1481.308,NA,FALSE,FALSE,FALSE,"inconclusive",0.0487887695300893,0.227705751281561
"N.iota.m[64]","A_auxiliary",TRUE,924.654124999999,384.534166636917,444,831.5,1658,2.21246126762964,5.1467450795213,32.9925517136462,183.13443839859,534.462,864.4185,1516.153,783.583,981.691,NA,FALSE,FALSE,FALSE,"inconclusive",0.05049194639094,0.32367217079667
"N.iota.m[65]","A_auxiliary",TRUE,1091.89462500002,464.682854526095,467,966,1928,2.38206011997271,4.97567890154166,32.8056896954951,218.319935171889,570.11,985.4585,1782.4385,1029.5715,1212.3285,NA,FALSE,FALSE,FALSE,"inconclusive",0.0488137081735045,0.321838968091425
"N.iota.m[66]","A_auxiliary",TRUE,1752.18199999998,788.926963092997,820,1530.5,3227,2.20297639526276,5.18522028672869,27.5055608022479,377.615779149069,1091.262,1775.4635,2961.976,1180.0265,1870.714,NA,FALSE,FALSE,FALSE,"inconclusive",0.0508694059444403,0.269842255643447
"N.iota.m[67]","A_auxiliary",TRUE,1211.96649999997,505.37844339577,503.975,1107.5,2158,2.45383932439399,4.91835373500771,21.9860857034277,236.646182601555,627.916,1127.3845,1941.6,1150.9655,1313.684,NA,FALSE,FALSE,FALSE,"inconclusive",0.0482513218126566,0.215693655607932
"N.iota.m[68]","A_auxiliary",TRUE,814.047624999994,373.31539066113,347.975,719.5,1506,2.15601521184281,5.22112894024446,34.3654292129363,177.088101251276,444.4495,746.4545,1395.45,669.8365,951.0005,NA,FALSE,FALSE,FALSE,"inconclusive",0.0512216864207948,0.337140733164622
"N.iota.m[69]","A_auxiliary",TRUE,828.288374999997,389.458794333778,387,713,1580,2.06999387142029,5.46178095967494,29.1493761408227,186.418959521649,497.9005,758.4235,1448.1475,608.682,950.247,NA,FALSE,FALSE,FALSE,"inconclusive",0.0535825938829311,0.285968843354615
"N.iota.m[70]","A_auxiliary",TRUE,647.845625000013,288.171397153892,280,575,1183,2.08889016077155,5.28454003167986,29.3141415110856,135.642995178132,354.7815,593.6135,1087.535,555.4525,732.7535,NA,FALSE,FALSE,FALSE,"inconclusive",0.0518437785158719,0.287585267738155
"N.iota.m[71]","A_auxiliary",TRUE,982.174125000008,434.596928045651,431,861,1805,1.96352438329912,5.68458010236281,30.0784996970369,202.964802148805,571.897,837.3255,1649.348,870.126,1077.451,NA,FALSE,FALSE,FALSE,"inconclusive",0.0557683563783975,0.295083974581456
"N.iota.m[72]","A_auxiliary",TRUE,1734.42962499996,762.98160031069,716,1550,3116,2.4540744874398,4.91287455399361,13.9593159210129,367.656294922123,907.9,1615.8475,2921.9275,1492.0435,2014.0275,NA,FALSE,FALSE,FALSE,"inconclusive",0.048197568516203,0.136947336665747
"N.iota.m[73]","A_auxiliary",TRUE,801.058499999982,340.034052665865,324,740,1441,2.43377389742487,4.87462759324135,18.7077987962792,162.529570322463,414.095,753.338,1308.656,728.145,894.561,NA,FALSE,FALSE,FALSE,"inconclusive",0.0478223481658493,0.183532146884974
"N.iota.m[74]","A_auxiliary",TRUE,1536.35524999998,694.782774819195,629.975,1376,2849,2.07064425421554,5.35086947950657,29.2984381086003,330.411093012903,864.815,1532.426,2601.7115,1146.4685,1736.8965,NA,FALSE,FALSE,FALSE,"inconclusive",0.0524945010350682,0.28743121010674
"N.iota.m[75]","A_auxiliary",TRUE,1124.9105,499.029851400518,521,1005,2117,2.10403476888431,5.23372734936319,30.6814844119417,235.422855628464,634.764,1044.33,1890.724,929.824,1255.96,NA,FALSE,FALSE,FALSE,"inconclusive",0.0513452826331592,0.300999533139168
"N.iota.m[76]","A_auxiliary",TRUE,422.976249999995,186.418170795494,186,379,773,1.97175529073047,5.48996391695883,32.0597920160365,87.3518349424347,240.6645,389.7875,709.141,352.312,468.4765,NA,FALSE,FALSE,FALSE,"inconclusive",0.0538590817109331,0.314521367343292
"N.iota.m[77]","A_auxiliary",TRUE,1187.72850000001,492.7195410231,537.975,1060,2080.025,2.21072065067229,5.11745483243508,29.5426691784701,234.823640532726,675.102,1110.507,1941.5065,1023.7985,1266.4045,NA,FALSE,FALSE,FALSE,"inconclusive",0.0502045955385461,0.289827229706766
"N.iota.m[78]","A_auxiliary",TRUE,1063.95025,494.339956430797,462,923,1979.025,2.02514756779068,5.54496767149571,37.2518095349392,233.144688732594,603.353,948.4315,1828.9775,875.039,1225.6245,NA,FALSE,FALSE,FALSE,"inconclusive",0.054398693947884,0.365457457274842
"N.iota.m[79]","A_auxiliary",TRUE,796.240874999991,355.444215986234,348,715,1459,2.24842848676777,5.0912480051448,33.0131838641653,170.338230495425,440.5345,772.367,1345.374,626.688,904.8395,NA,FALSE,FALSE,FALSE,"inconclusive",0.0499474944585096,0.32387458172277
"N.iota.m[80]","A_auxiliary",TRUE,547.734625,240.82813783922,219,492,986,2.02933195166575,5.4547234546262,32.2287538388232,110.11177817328,295.6,516.8885,900.128,478.322,604.528,NA,FALSE,FALSE,FALSE,"inconclusive",0.0535133564987069,0.316178960864333
"N.iota.m[81]","A_auxiliary",TRUE,1910.21737499999,777.576868448646,911.975,1756,3401,2.03182875244387,5.42478469526076,29.4267421364976,367.190897316686,1159.161,1724.613,3115.246,1641.8495,1956.085,NA,FALSE,FALSE,FALSE,"inconclusive",0.0532196434413213,0.288689931881034
"N.iota.m[82]","A_auxiliary",TRUE,994.683000000016,444.66355255448,456,880,1837,2.3540366217874,5.04382502484215,32.1880741731065,213.3910543539,545.745,915.2485,1696.202,821.5365,1150.457,NA,FALSE,FALSE,FALSE,"inconclusive",0.0494822531181783,0.315779874554668
"N.iota.m[83]","A_auxiliary",TRUE,1418.28825000001,570.274461800772,642,1289,2444,2.13271772302162,5.26293333034584,50.6524718339783,264.053849502984,804.456,1349.468,2241.8425,1277.3865,1437.3865,NA,FALSE,FALSE,FALSE,"inconclusive",0.0516318067961566,0.496924143880021
"N.iota.m[84]","A_auxiliary",TRUE,963.981124999983,405.174950930265,425,872,1722.025,2.08603599952303,5.31776698654265,36.0948312921126,190.209370841321,541.7455,848.7255,1575.021,890.4325,1033.2755,NA,FALSE,FALSE,FALSE,"inconclusive",0.052169750289827,0.354106966331599
"N.iota.m[85]","A_auxiliary",TRUE,1236.56399999999,602.245889706155,552,1066,2355,2.10180231358021,5.50096590144389,54.6456740599579,288.495060907612,708.675,1187.061,2189.042,861.478,1480.367,NA,FALSE,FALSE,FALSE,"inconclusive",0.0539670162602901,0.536099302083329
"N.iota.m[86]","A_auxiliary",TRUE,953.909124999995,427.637592308638,386.975,848,1752,1.90139870709058,5.89829902976333,30.4040437448388,200.242986441878,561.1705,901.718,1617.85,734.898,1056.6795,NA,FALSE,FALSE,FALSE,"inconclusive",0.0578650377679564,0.298277712051552
"N.iota.m[87]","A_auxiliary",TRUE,1241.07075000001,532.511807237683,559.95,1112,2229,1.93931893570795,5.53547832299072,32.2458938263585,251.453736553057,749.118,1133.2695,2072.3395,1009.556,1323.2215,NA,FALSE,FALSE,FALSE,"inconclusive",0.0543055990561426,0.316347112058613
"N.iota.m[88]","A_auxiliary",TRUE,932.854624999987,410.206283948129,427,830,1706.025,2.07957817888809,5.40989146598068,31.7001033981268,194.104231313212,520.809,868.4645,1568.383,773.762,1047.574,NA,FALSE,FALSE,FALSE,"inconclusive",0.0530735339832504,0.310992655869862
"N.iota.m[89]","A_auxiliary",TRUE,1340.63074999999,577.865961134645,573.95,1189.5,2386.025,2.60008189278736,4.79589775920842,24.5581807040025,277.272259313302,707.279,1296.448,2205.644,1153.152,1498.365,NA,FALSE,FALSE,FALSE,"inconclusive",0.0470499721305225,0.240927095553923
"N.iota.m[90]","A_auxiliary",TRUE,732.952125000014,324.32251304765,291,668,1341,2.04651099672468,5.5363142863276,27.9464111768302,151.384804380039,403.5535,650.27,1223.616,654.369,820.0625,NA,FALSE,FALSE,FALSE,"inconclusive",0.0543138002425892,0.274167201436548
"N.iota.m[91]","A_auxiliary",TRUE,1724.49262500002,689.619549886791,825.975,1523,3000,2.26251512487818,5.04515747434491,24.0911560469701,324.819183678423,1015.9965,1554.8475,2770.7095,1556.417,1754.713,NA,FALSE,FALSE,FALSE,"inconclusive",0.0494953250632275,0.236345367960701
"N.iota.m[92]","A_auxiliary",TRUE,647.754625000008,278.108634741353,294,577,1168.025,2.08943727841386,5.26823456867796,51.8296278679661,130.741958756631,372.3765,638.2875,1064.995,515.3595,692.6185,NA,FALSE,FALSE,FALSE,"inconclusive",0.0516838143927124,0.508472588274203
"N.iota.m[93]","A_auxiliary",TRUE,609.26975000001,250.966305498865,273.975,549,1066.025,2.23383220141482,5.07607336759548,29.2946079739934,116.7978795197,333.367,584.3305,973.808,545.5735,640.441,NA,FALSE,FALSE,FALSE,"inconclusive",0.0497986242553416,0.287393634717197
"N.iota.m[94]","A_auxiliary",TRUE,758.35575000001,333.045014321838,326,684,1366,2.09898577139512,5.29350814677318,48.9298613586491,156.865594064587,415.479,741.8575,1261.1615,614.925,845.6825,NA,FALSE,FALSE,FALSE,"inconclusive",0.0519317598670994,0.480024539483666
"N.iota.m[95]","A_auxiliary",TRUE,655.892999999993,280.381410346528,278,604,1172,1.9686897466842,5.59968614387404,41.3368827757009,128.826066408033,366.15,651.6515,1061.1565,544.614,695.0065,NA,FALSE,FALSE,FALSE,"inconclusive",0.0549355074350944,0.405533912566229
"N.iota.m[96]","A_auxiliary",TRUE,947.119374999994,405.986088693488,410,856,1673.025,1.9960686604855,5.57418448369588,50.307558015346,187.436037987862,539.5555,791.132,1552.03,905.76,1012.4745,NA,FALSE,FALSE,FALSE,"inconclusive",0.054685324370128,0.493540380011635
"N.iota.m[97]","A_auxiliary",TRUE,541.219624999988,235.94201346745,235,488,990,2.1661367257416,5.19840998810231,26.9741420769182,110.159433988751,295.7685,491.06,897.128,480.922,601.3595,NA,FALSE,FALSE,FALSE,"inconclusive",0.0509988030069292,0.264628792498118
"N.iota.m[98]","A_auxiliary",TRUE,716.054749999992,299.050895220495,343,635,1293,2.0347008340352,5.43145584934476,29.9892803013463,141.235365001752,426.8155,658.2165,1180.1335,599.0535,753.318,NA,FALSE,FALSE,FALSE,"inconclusive",0.0532850905441349,0.294208691101384
"N.iota.m[99]","A_auxiliary",TRUE,571.006624999998,247.918148301292,250,512,1020,2.066744660684,5.40510248964427,36.4216431615143,113.213239723796,307.382,542.5535,929.9435,504.1475,622.5615,NA,FALSE,FALSE,FALSE,"inconclusive",0.0530265519134743,0.357313141717167
"N.iota.m[100]","A_auxiliary",TRUE,726.597374999992,313.068724917428,335.975,649,1321,2.16717290257271,5.27484948179456,33.9414316694783,146.576062983435,404.4705,674.9235,1204.643,622.3525,800.1725,NA,FALSE,FALSE,FALSE,"inconclusive",0.0517487097456594,0.332981121428779
"N.iota.m[101]","A_auxiliary",TRUE,631.718374999983,287.561688647769,253,563,1151,2.04869323841967,5.42676743328813,32.8588320179686,135.426251009844,345.882,557.549,1072.5735,550.869,726.6915,NA,FALSE,FALSE,FALSE,"inconclusive",0.05323909501715,0.322360318820082
"N.iota.m[102]","A_auxiliary",TRUE,905.200875000011,418.21466014713,398,794,1655,2.04121967537127,5.37716173963348,33.6438357459834,197.271301367588,497.554,874.6855,1546.219,702.345,1048.665,NA,FALSE,FALSE,FALSE,"inconclusive",0.0527524402506915,0.330061567966717
"N.iota.m[103]","A_auxiliary",TRUE,1332.74575,615.633385356157,584,1165,2491,1.92171496355585,5.67481262860307,35.4261972533813,288.854616060308,795.0945,1312.111,2274.101,949.6765,1479.0065,NA,FALSE,FALSE,FALSE,"inconclusive",0.0556725329494474,0.347547357585265
"N.iota.m[104]","A_auxiliary",TRUE,976.174874999983,434.051499688437,441,855,1805,2.12311345181997,5.21714136517503,31.0808805508291,208.086190873836,556.4805,897.8495,1662.8355,787.534,1106.355,NA,FALSE,FALSE,FALSE,"inconclusive",0.0511825664675963,0.304917793733362
"N.iota.m[105]","A_auxiliary",TRUE,952.596749999986,398.127190790762,402,859,1645,2.31431585400086,5.00169019413446,32.7422140496478,186.946406106316,516.6595,875.4635,1526.5525,891.7115,1009.893,NA,FALSE,FALSE,FALSE,"inconclusive",0.0490688909678458,0.321216242687751
"N.iota.m[106]","A_auxiliary",TRUE,1193.35824999998,482.061433647376,572,1070,2073,2.30119954681074,5.09924430476469,26.9914472087568,224.653025838861,666.2665,1094.8535,1914.2825,1098.0305,1248.016,NA,FALSE,FALSE,FALSE,"inconclusive",0.0500259418510839,0.264798563834289
"N.iota.m[107]","A_auxiliary",TRUE,705.602875000009,290.184140281898,321,633,1240,2.16425469941405,5.18301770957528,24.7153401734028,136.487336244037,404.193,622.122,1135.909,660.1875,731.716,NA,FALSE,FALSE,FALSE,"inconclusive",0.0508477976452466,0.242468902537013
"N.iota.m[108]","A_auxiliary",TRUE,438.588750000004,197.789881510888,213,374,819,2.04579580181811,5.37188890964616,36.2568892591232,94.8784185916392,261.256,412.428,753.8175,326.8535,492.5615,NA,FALSE,FALSE,FALSE,"inconclusive",0.0527007113531193,0.355696829838747
"N.iota.m[109]","A_auxiliary",TRUE,384.489499999991,169.246367557376,170,342,699,2.06855987886045,5.33256389155077,30.7060924715139,78.9744971351816,213.6385,355.728,640.9485,327.643,427.31,NA,FALSE,FALSE,FALSE,"inconclusive",0.0523149147623,0.301240949569457
"N.iota.m[110]","A_auxiliary",TRUE,1466.20962500003,665.724557028347,649.975,1285,2729.025,2.02155298650561,5.51815702888268,39.5163076982131,317.582011261026,836.1395,1349.3645,2518.199,1161.1355,1682.0595,NA,FALSE,FALSE,FALSE,"inconclusive",0.0541356691606431,0.387673230175147
"N.iota.m[111]","A_auxiliary",TRUE,915.313499999982,393.492319166976,362,830,1627,2.26424814772493,5.04397355365803,42.628872519644,187.087775361295,482.135,878.151,1506.7315,794.2365,1024.5965,NA,FALSE,FALSE,FALSE,"inconclusive",0.049483710254464,0.41820892869407
"N.iota.m[112]","A_auxiliary",TRUE,821.042874999983,342.867374200683,366,746,1449.025,2.08170153629686,5.29483531221746,29.3632167344724,157.526188407891,446.1845,740.7695,1312.0175,785.2,865.833,NA,FALSE,FALSE,FALSE,"inconclusive",0.0519447799730944,0.288066718346274
"N.iota.m[113]","A_auxiliary",TRUE,837.923000000014,379.258924400557,388.975,742.5,1547,2.16049820266126,5.23380009418663,27.5147322027805,180.668858655289,473.872,815.473,1424.3115,638.0355,950.4395,NA,FALSE,FALSE,FALSE,"inconclusive",0.0513459962934764,0.269932231318727
"N.iota.m[114]","A_auxiliary",TRUE,1192.19962500002,535.029368893014,550,1035,2193.025,2.1898391513843,5.15895058875741,41.2251400077353,254.470724037812,683.8595,1085.909,2022.066,976.964,1338.2065,NA,FALSE,FALSE,FALSE,"inconclusive",0.0506116880739847,0.404437664401123
"N.iota.m[115]","A_auxiliary",TRUE,1165.68725000002,496.710871029227,545,1036,2097.025,2.07408131192631,5.30466899682233,24.9444700514335,232.860646163464,672.4115,1026.809,1927.871,1035.6575,1255.4595,NA,FALSE,FALSE,FALSE,"inconclusive",0.0520412529610165,0.24471677247021
"N.iota.m[116]","A_auxiliary",TRUE,1485.62737500003,680.548880223092,568,1339,2724,2.17902075701838,5.19957714681521,29.7211958537598,323.641295989962,774.3095,1302.8675,2533.5245,1331.808,1759.215,NA,FALSE,FALSE,FALSE,"inconclusive",0.051010253372986,0.291578658848642
"N.iota.m[117]","A_auxiliary",TRUE,631.073499999984,288.803952211706,274,558,1170,1.99739895165166,5.57783967174376,30.6390743504705,136.279697495176,361.605,585.285,1079.0485,498.3555,717.4435,NA,FALSE,FALSE,FALSE,"inconclusive",0.0547211834531232,0.300583470847923
"N.iota.m[118]","A_auxiliary",TRUE,987.39449999998,453.211858288495,435,867,1814.025,2.00586590169888,5.44076963828063,34.4052813739473,215.575036482031,557.67,948.8445,1693.9025,749.161,1136.2325,NA,FALSE,FALSE,FALSE,"inconclusive",0.0533764631154165,0.337531701270919
"N.iota.m[119]","A_auxiliary",TRUE,1092.238625,492.467856318357,494,956,2005.025,2.21009527053692,5.16414618401028,31.1558629303225,233.970154645366,605.6195,1058.163,1853.8215,851.3505,1248.202,NA,FALSE,FALSE,FALSE,"inconclusive",0.050662659263139,0.305653405508795
"N.iota.m[120]","A_auxiliary",TRUE,672.209500000003,287.02928916115,309,607,1221,2.04502709001161,5.46156367762581,32.3876346490812,134.080687296299,385.928,639.408,1108.4455,555.0565,722.5175,NA,FALSE,FALSE,FALSE,"inconclusive",0.0535804622456717,0.317737654996284
"N.iota.m[121]","A_auxiliary",TRUE,1374.33999999997,567.321944026073,572,1260,2422,2.26535886866634,5.08669520114342,31.1666306210626,266.763041756008,729.499,1266.7625,2211.0205,1290.078,1481.5215,NA,FALSE,FALSE,FALSE,"inconclusive",0.0499028293484227,0.3057590415283
"N.iota.m[122]","A_auxiliary",TRUE,730.318999999992,324.395270889499,326,658,1339,2.04974701771354,5.45407798061598,30.5468024217819,150.985020245732,405.2135,663.423,1225.373,627.2665,820.1595,NA,FALSE,FALSE,FALSE,"inconclusive",0.0535070241005374,0.299678240609248
"N.iota.m[123]","A_auxiliary",TRUE,972.786750000008,446.992967353564,426.975,855,1789.025,2.15151449903357,5.2362758339606,26.3497365678103,210.537614769012,529.353,900.242,1658.284,803.268,1128.931,NA,FALSE,FALSE,FALSE,"inconclusive",0.0513702844441451,0.258503086055511
"N.iota.m[124]","A_auxiliary",TRUE,1010.948125,418.243214657824,483,907.5,1799,2.07154958344348,5.42855338656866,43.1246621829083,196.187892067317,586.1955,930.379,1652.269,874.949,1066.0735,NA,FALSE,FALSE,FALSE,"inconclusive",0.0532566160437219,0.42307285428431
"N.iota.m[125]","A_auxiliary",TRUE,1678.70912499997,714.05436818342,739,1519,3097.025,2.28966163995415,5.02841681237354,22.8849646297345,330.267470697703,911.619,1534.3195,2713.131,1555.767,1801.512,NA,FALSE,FALSE,FALSE,"inconclusive",0.0493310914371693,0.224512073046094
"N.iota.m[126]","A_auxiliary",TRUE,1501.71887499998,647.255850773696,682.975,1347.5,2714,1.94471684311448,5.5806292209126,32.6649457122444,305.258564511077,912.6705,1451.1215,2501.204,1141.8795,1588.5335,NA,FALSE,FALSE,FALSE,"inconclusive",0.0547485502188969,0.32045820460939
"N.iota.m[127]","A_auxiliary",TRUE,1651.68787499998,690.189426087846,724,1495,2939,2.38727906131133,4.97700620382306,14.4261482175592,328.444969869218,895.6965,1531.98,2691.0775,1487.9975,1795.381,NA,FALSE,FALSE,FALSE,"inconclusive",0.0488267296219348,0.141527177113754
"N.iota.m[128]","A_auxiliary",TRUE,919.947499999994,374.111491630197,435,833.5,1633.025,2.06160457883553,5.37608818532445,32.2757195393607,175.479012051802,549.3595,820.0875,1490.2045,820.1385,940.845,NA,FALSE,FALSE,FALSE,"inconclusive",0.0527419081870703,0.316639716078961
"N.iota.m[129]","A_auxiliary",TRUE,953.001375000005,429.187026610878,414,836,1758.025,2.06288544192499,5.3767462280871,28.940569368192,203.863247138466,536.556,842.4,1625.6675,807.382,1089.1115,NA,FALSE,FALSE,FALSE,"inconclusive",0.0527483638905064,0.283920352472157
"N.iota.m[130]","A_auxiliary",TRUE,470.233625000005,198.358777395735,211,422.5,836,2.14329474290764,5.22618373200097,30.3672836119339,92.3166206114539,260.4915,450.3865,765.8295,404.227,505.338,NA,FALSE,FALSE,FALSE,"inconclusive",0.051271276262616,0.297917078169112
"N.iota.m[131]","A_auxiliary",TRUE,459.399999999993,212.15461684272,184.975,409,868,1.93113323467871,5.74240106415762,33.9420338645234,99.3074660779022,268.0905,432.911,787.732,348.8665,519.6415,NA,FALSE,FALSE,FALSE,"inconclusive",0.0563356067197506,0.332987029240311
"N.iota.m[132]","A_auxiliary",TRUE,794.669249999991,350.58305494453,354.975,701,1437,2.1690511919915,5.17965490268724,35.8268509155062,165.082454121996,441.428,789.8185,1322.8195,624.611,881.3915,NA,FALSE,FALSE,FALSE,"inconclusive",0.0508148069564733,0.35147795506324
"N.iota.m[133]","A_auxiliary",TRUE,567.72599999999,231.263176394544,264.975,511,1009,2.16056608016688,5.19412970203801,26.1614912811505,108.543202151156,325.6635,535.623,916.048,493.5695,590.3845,NA,FALSE,FALSE,FALSE,"inconclusive",0.0509568114236747,0.256656312847296
"N.iota.m[134]","A_auxiliary",TRUE,847.349125000017,350.691345115867,383,770,1504,2.05781272250151,5.36420912001902,45.0835568048925,161.033156037761,480.815,832.8375,1352.778,722.966,871.963,NA,FALSE,FALSE,FALSE,"inconclusive",0.0526253690697624,0.442290515293455
"N.iota.m[135]","A_auxiliary",TRUE,1159.66187500001,515.735161581113,519,1020,2085.025,2.03797004186185,5.37912177864762,46.9487629289137,241.81507437955,644.624,1093.5245,1946.5695,953.9295,1301.9455,NA,FALSE,FALSE,FALSE,"inconclusive",0.0527716691387162,0.460589048865064
"N.iota.m[136]","A_auxiliary",TRUE,382.203624999992,164.488504827501,167,345,689.025,1.96088565161294,5.51738469112424,32.2033388969382,75.6420943302378,215.005,346.956,626.548,340.3055,411.543,NA,FALSE,FALSE,FALSE,"inconclusive",0.0541280921705081,0.315929628545876
"N.iota.m[137]","A_auxiliary",TRUE,340.650249999996,154.181134230835,149,302,636,1.94111080193622,5.59736653810947,31.4350446306689,72.5550428124715,194.9445,320.7895,579.4995,267.3675,384.555,NA,FALSE,FALSE,FALSE,"inconclusive",0.0549127510311724,0.308392306936673
"N.iota.m[138]","A_auxiliary",TRUE,1017.25050000001,424.938566851668,468,886,1775,2.09683273324284,5.25841858144778,30.3268643427146,197.381165265029,593.2815,1053.2395,1616.0935,806.3875,1022.812,NA,FALSE,FALSE,FALSE,"inconclusive",0.05158751502421,0.297520546469358
"N.iota.m[139]","A_auxiliary",TRUE,844.395874999986,360.371430407525,367,751,1494,2.12170104861341,5.27301802801794,28.9540175868564,167.254362935486,463.81,800.8195,1379.6525,733.3015,915.8425,NA,FALSE,FALSE,FALSE,"inconclusive",0.0517307423382053,0.284052285708673
"N.iota.m[140]","A_auxiliary",TRUE,753.071874999987,331.835927974007,340,672,1400.025,2.09443189706567,5.30861673732811,36.4503144245731,157.840804851914,434.441,716.504,1269.451,591.8915,835.01,NA,FALSE,FALSE,FALSE,"inconclusive",0.0520799821187469,0.357594420050358
"N.iota.m[141]","A_auxiliary",TRUE,1046.14612500001,431.999470156227,488,933,1835,2.09167326287245,5.25799579754278,35.2332051787084,198.174125663339,578.221,977.42,1666.549,962.3945,1088.328,NA,FALSE,FALSE,FALSE,"inconclusive",0.0515833673188281,0.345654016194212
"N.iota.m[142]","A_auxiliary",TRUE,557.196374999992,238.962813979848,256,503,1025,2.20398748591986,5.12320723651165,28.0886834039448,113.123624193863,310.0465,522.3465,923.394,472.9985,613.3475,NA,FALSE,FALSE,FALSE,"inconclusive",0.0502610292794378,0.275562957696746
"N.iota.m[143]","A_auxiliary",TRUE,1229.47037499999,536.978284786407,504.975,1120,2180,2.09705274409418,5.35074534195484,32.4551457500266,250.82231349033,669.984,1250.314,2012.371,985.2125,1342.387,NA,FALSE,FALSE,FALSE,"inconclusive",0.0524932831883495,0.318399970078352
"N.iota.s[1]","A_auxiliary",TRUE,1251.66750000001,467.51669721682,454,1233.5,2061,2.67066624532355,4.78298847342949,29.6139040739007,221.851944783534,700.2795,1425.21,1871.3135,1009.867,1171.034,NA,FALSE,FALSE,FALSE,"inconclusive",0.0469233260745349,0.290526076932668
"N.iota.s[2]","A_auxiliary",TRUE,285.910625000002,113.865584390205,78,287,499,2.49907418915698,4.82551535552979,17.221438716219,52.9086438528762,144.861,333.7535,425.3625,239.6655,280.5015,NA,FALSE,FALSE,FALSE,"inconclusive",0.0473405344301083,0.168950267984725
"N.iota.s[3]","A_auxiliary",TRUE,808.494499999994,336.486145458487,239,809,1410,2.65112083333282,4.75983490858553,32.1654577801985,160.180642615066,381.922,953.643,1238.9135,659.4995,856.9915,NA,FALSE,FALSE,FALSE,"inconclusive",0.0466961789093271,0.31555799729426
"N.iota.s[4]","A_auxiliary",TRUE,890.014999999989,360.723289983461,223,899,1552,2.4328632150773,5.00511989717627,26.0029321907317,165.831780741705,438.4625,1051.087,1320.8685,749.642,882.406,NA,FALSE,FALSE,FALSE,"inconclusive",0.0491025379387854,0.255100774935562
"N.iota.s[5]","A_auxiliary",TRUE,1326.2035,512.285775644065,435.975,1340,2275.025,2.74937375666949,4.70322331539113,24.9170906833861,244.164914287909,656.678,1567.3385,1955.3875,1125.41,1298.7095,NA,FALSE,FALSE,FALSE,"inconclusive",0.046140793032523,0.244448168223778
"N.iota.s[6]","A_auxiliary",TRUE,1878.35712499997,785.366089523577,536.975,1942.5,3289.025,2.72061706473701,4.68361309291521,26.1345613006051,374.217447593917,898.842,2178.2485,2894.5775,1541.7605,1995.7355,NA,FALSE,FALSE,FALSE,"inconclusive",0.0459484076925324,0.256392117299819
"N.iota.s[7]","A_auxiliary",TRUE,721.94362500001,313.963740104844,181.975,731,1279,2.72776300745986,4.70577704416513,31.004990441523,150.378373792824,311.3895,846.3755,1124.737,605.2725,813.3475,NA,FALSE,FALSE,FALSE,"inconclusive",0.0461658462913034,0.304173276709208
"N.iota.s[8]","A_auxiliary",TRUE,1369.06075000002,587.491857300794,428,1391.5,2391,3.11332497778296,4.50761518803087,15.1917454366111,285.828886379185,623.15,1551.2785,2169.7755,1132.039,1546.6255,NA,FALSE,FALSE,FALSE,"inconclusive",0.0442217869563127,0.149038039444052
"N.iota.s[9]","A_auxiliary",TRUE,763.581124999988,314.437558651985,230,760.5,1325,2.71162991477777,4.69544920271347,28.0350037905446,150.72225191439,365.995,884.1285,1177.2125,626.9885,811.2175,NA,FALSE,FALSE,FALSE,"inconclusive",0.0460645253964748,0.275036335895937
"N.iota.s[10]","A_auxiliary",TRUE,1105.97275000002,434.606801766213,303,1137.5,1848.025,2.67653253762676,4.72184853908669,13.2436595390001,204.72684677689,563.636,1297.3825,1643.3385,919.534,1079.7025,NA,FALSE,FALSE,FALSE,"inconclusive",0.0463235150795304,0.129926417013304
"N.iota.s[11]","A_auxiliary",TRUE,2021.71374999996,753.952808314674,695,2043.5,3487,2.5236046919216,4.79570326933983,22.7505101573939,354.54435227501,1140.436,2313.2675,3002.992,1630.1595,1862.556,NA,FALSE,FALSE,FALSE,"inconclusive",0.0470480640950814,0.223193012571066
"N.iota.s[12]","A_auxiliary",TRUE,311.698375000001,131.433422273106,92,309,550.025,2.34460582023524,4.98911786429366,34.0765065320813,60.8515359881988,144.6265,370.409,468.615,263.143,323.9885,NA,FALSE,FALSE,FALSE,"inconclusive",0.0489455506052433,0.334306268218825
"N.iota.s[13]","A_auxiliary",TRUE,676.18437500001,286.999565722148,198,685.5,1160,2.74632357601417,4.66113714348266,30.8743015796081,138.411435733119,295.672,799.428,1041.3135,568.324,745.6415,NA,FALSE,FALSE,FALSE,"inconclusive",0.0457279082474852,0.302891158611703
"N.iota.s[14]","A_auxiliary",TRUE,1452.198875,507.989151405793,531.975,1529,2318,2.32298393849273,5.05330882954296,11.8937718482415,231.328556934287,912.8475,1688.344,2037.9,1169.704,1125.0525,NA,FALSE,FALSE,FALSE,"inconclusive",0.0495752936226402,0.116683395285499
"N.iota.s[15]","A_auxiliary",TRUE,1433.34337500001,611.063317313214,429,1466,2573.025,2.71705022604594,4.68945651998579,23.0358787852882,292.685098708795,647.5975,1683.0155,2222.58,1180.1805,1574.9825,NA,FALSE,FALSE,FALSE,"inconclusive",0.0460057344110367,0.225992610615785
"N.iota.s[16]","A_auxiliary",TRUE,1409.29325,501.252113426556,554.975,1359,2361,2.3472237981759,4.9594809651657,28.4287039432071,231.757049396804,798.746,1664.829,2003.7285,1169.8695,1204.9825,NA,FALSE,FALSE,FALSE,"inconclusive",0.0486547989362095,0.278898716234422
"N.iota.s[17]","A_auxiliary",TRUE,2060.10962499998,851.985732901963,583.975,2030.5,3578.025,2.61527996391048,4.75456752634263,16.8305722764595,401.688144810929,961.0805,2498.517,3046.1225,1734.7185,2085.042,NA,FALSE,FALSE,FALSE,"inconclusive",0.0466445034566439,0.165115687678644
"N.iota.s[18]","A_auxiliary",TRUE,1544.08062500003,593.108596380541,501.975,1575,2634.025,2.42210163410044,4.94034183020961,31.6738653546396,276.633655175659,805.062,1822.923,2262.694,1285.6435,1457.632,NA,FALSE,FALSE,FALSE,"inconclusive",0.0484670351823727,0.310735248544516
"N.iota.s[19]","A_auxiliary",TRUE,1613.12137499997,649.557444343683,396.975,1557.5,2812,2.61991235259863,4.72717077629952,13.0919549272505,307.172343388827,830.5105,1824.738,2479.7245,1317.5125,1649.214,NA,FALSE,FALSE,FALSE,"inconclusive",0.0463757286848047,0.128438124703239
"N.iota.s[20]","A_auxiliary",TRUE,756.558499999993,283.145594184668,232,782,1262.05,2.28187720084083,5.12019104468369,29.0421998356921,128.300607792615,432.6285,863.695,1107.5555,622.355,674.927,NA,FALSE,FALSE,FALSE,"inconclusive",0.0502314390444973,0.284917394299064
"N.iota.s[21]","A_auxiliary",TRUE,651.701625000009,263.643288498504,157,664,1114,2.30063242835469,5.02995531131961,15.7179617137833,120.890588130561,323.801,769.248,966.8995,546.858,643.0985,NA,FALSE,FALSE,FALSE,"inconclusive",0.0493461848224269,0.154200464170067
"N.iota.s[22]","A_auxiliary",TRUE,1448.00312499998,582.638001674583,411.975,1459.5,2448,2.69120607240821,4.80376763927449,22.0969364979223,277.08946697178,677.7805,1714.981,2170.868,1228.383,1493.0875,NA,FALSE,FALSE,FALSE,"inconclusive",0.0471271792888836,0.216781153101306
"N.iota.s[23]","A_auxiliary",TRUE,1033.99475000001,432.718902901818,310.975,1060,1796,2.58672573627694,4.78967219497759,35.0058198341327,205.916454002298,458.516,1228.0395,1567.3185,882.105,1108.8025,NA,FALSE,FALSE,FALSE,"inconclusive",0.046988896469976,0.343423260939967
"N.iota.s[24]","A_auxiliary",TRUE,1124.22399999999,452.131351676585,342,1130,1997.025,2.55282206295579,4.82181180924382,25.8058666993187,210.761583476515,575.289,1295.297,1702.6985,923.6115,1127.4095,NA,FALSE,FALSE,FALSE,"inconclusive",0.0473042009304617,0.253167471444872
"N.iota.s[25]","A_auxiliary",TRUE,1817.86099999999,755.245443308967,484,1855.5,3202,2.64884419556138,4.82541105535414,19.692164592531,355.584601151637,852.77,2126.7075,2759.2715,1532.695,1906.5015,NA,FALSE,FALSE,FALSE,"inconclusive",0.0473395111972113,0.193189230001677
"N.iota.s[26]","A_auxiliary",TRUE,1387.95637499999,594.565794536114,304.975,1419.5,2495.025,2.74179856151779,4.66637263072774,14.62360673106,283.010960531096,635.601,1608.709,2162.136,1145.3795,1526.535,NA,FALSE,FALSE,FALSE,"inconclusive",0.0457792707955081,0.143464336332653
"N.iota.s[27]","A_auxiliary",TRUE,1146.39024999999,455.046249672608,393,1150.5,1976.025,2.82679764588423,4.65856176445884,18.1732371044005,218.531343053796,582.8885,1320.803,1745.5235,936.346,1162.635,NA,FALSE,FALSE,FALSE,"inconclusive",0.0457026425897544,0.178287849786137
"N.iota.s[28]","A_auxiliary",TRUE,1487.86162500002,599.293389583273,441.975,1491,2566,2.67851949679253,4.70815139532396,24.0226350284543,286.397793922763,737.5215,1711.245,2277.015,1225.665,1539.4935,NA,FALSE,FALSE,FALSE,"inconclusive",0.0461891397728286,0.235673145120809
"N.iota.s[29]","A_auxiliary",TRUE,764.083374999995,287.980927407403,284,765,1284,2.5319458770895,4.84107999487143,23.3563974633257,135.703639446544,408.765,889.3105,1128.707,629.551,719.942,NA,FALSE,FALSE,FALSE,"inconclusive",0.0474932307309916,0.229137046887392
"N.iota.s[30]","A_auxiliary",TRUE,672.478249999997,275.988803222839,194,675,1172,2.56285165327367,4.83403563305068,28.6568987864671,129.969448839837,328.656,783.4985,1026.6205,551.138,697.9645,NA,FALSE,FALSE,FALSE,"inconclusive",0.0474241222879045,0.281137413044648
"N.iota.s[31]","A_auxiliary",TRUE,1229.88524999998,460.630247172842,493.975,1210,2090,2.49457415825036,4.89155347361771,43.1327242862872,217.264271451176,687.217,1408.358,1836.8945,987.0715,1149.6775,NA,FALSE,FALSE,FALSE,"inconclusive",0.0479883988700086,0.423151947242154
"N.iota.s[32]","A_auxiliary",TRUE,1289.58737500003,541.83371557843,363.975,1345,2255,2.87185430741283,4.62550844548782,20.630742491797,260.505056524467,578.548,1535.537,1970.939,1073.3255,1392.391,NA,FALSE,FALSE,FALSE,"inconclusive",0.0453783742640958,0.202397112700594
"N.iota.s[33]","A_auxiliary",TRUE,1378.99162499998,603.512806631583,308.975,1435.5,2390,2.79787576968311,4.63285023514357,22.5431247726517,291.199901096989,556.3175,1657.19,2124.2085,1178.2505,1567.891,NA,FALSE,FALSE,FALSE,"inconclusive",0.0454504006116192,0.2211584661603
"N.iota.s[34]","A_auxiliary",TRUE,1671.3935,731.891997937421,263,1752,2939.025,2.88583464940154,4.61872847157216,16.278976229606,349.908506310479,702.2355,1947.514,2594.776,1441.0485,1892.5405,NA,FALSE,FALSE,FALSE,"inconclusive",0.0453118595884724,0.159704275689734
"N.iota.s[35]","A_auxiliary",TRUE,1547.93412500002,639.900864724427,442,1502,2635,2.74070795475079,4.71422754893727,20.8445141861337,306.562906076648,753.9265,1803.3375,2391.2925,1243.18,1637.366,NA,FALSE,FALSE,FALSE,"inconclusive",0.046248749646208,0.204494311758169
"N.iota.s[36]","A_auxiliary",TRUE,1868.16487499999,757.701585159192,570.975,1800.5,3198.025,2.75099389347106,4.66564044765862,22.2791808314842,364.867588809808,968.9145,2104.3585,2908.2815,1491.105,1939.367,NA,FALSE,FALSE,FALSE,"inconclusive",0.045772087741422,0.218569054187931
"N.iota.s[37]","A_auxiliary",TRUE,1348.73850000001,497.105744669002,539.975,1356.5,2277,2.56473731357052,4.81657455630081,29.9171836513115,234.675278113514,738.153,1539.656,1992.603,1124.542,1254.45,NA,FALSE,FALSE,FALSE,"inconclusive",0.0472528210601265,0.293501389664792
"N.iota.s[38]","A_auxiliary",TRUE,1157.96575000002,464.330530906786,401,1140,1982,2.77843911357425,4.64530358387358,27.1127322203694,223.595063629868,575.851,1334.3295,1773.616,948.0665,1197.765,NA,FALSE,FALSE,FALSE,"inconclusive",0.0455725737145703,0.265988425816911
"N.iota.s[39]","A_auxiliary",TRUE,1695.033625,537.310635791138,635.975,1740.5,2695.025,2.39443945350018,4.938879424939,13.4807406442378,246.333991990877,1081.061,2002.344,2262.6015,1434.128,1181.5405,NA,FALSE,FALSE,FALSE,"inconclusive",0.0484526883112173,0.132252292157887
"N.iota.s[40]","A_auxiliary",TRUE,1719.70237499996,688.264286637328,595.975,1690,2994,2.54539968030905,4.81399195766528,35.3858965993041,326.883025607749,907.685,1949.589,2652.3815,1369.154,1744.6965,NA,FALSE,FALSE,FALSE,"inconclusive",0.0472274845746702,0.347151989554841
"N.iota.s[41]","A_auxiliary",TRUE,1411.45425000002,554.139506560422,494.975,1411.5,2516,2.40088877281203,4.90192343878483,22.7832026757539,258.732902165693,764.9595,1644.7735,2115.461,1120.623,1350.5015,NA,FALSE,FALSE,FALSE,"inconclusive",0.0480901330179416,0.223513741276085
"N.iota.s[42]","A_auxiliary",TRUE,722.419124999995,290.327473664618,196,734,1255,2.66740388774623,4.7088338718935,19.8071870696617,137.351389261682,340.932,854.538,1070.6825,623.524,729.7505,NA,FALSE,FALSE,FALSE,"inconclusive",0.0461958351831957,0.194317653628514
"N.iota.s[43]","A_auxiliary",TRUE,684.629625000009,266.981169402378,194,674,1174,2.49162045372308,4.87843371106329,22.6403247440478,124.827642974561,368.2755,784.3095,1031.343,554.5905,663.0675,NA,FALSE,FALSE,FALSE,"inconclusive",0.0478596879396391,0.222112042774083
"N.iota.s[44]","A_auxiliary",TRUE,1284.774125,550.821782825477,328.975,1329.5,2202.025,2.91045962380705,4.67748259981802,24.2568535247781,266.104389462297,555.9055,1497.2995,2001.458,1084.4335,1445.5525,NA,FALSE,FALSE,FALSE,"inconclusive",0.045888264723718,0.237970936749775
"N.iota.s[45]","A_auxiliary",TRUE,950.209624999991,357.979836202754,335,924,1661,2.24583395762891,5.16601424030595,29.9700665829272,161.217842821523,522.9905,1105.409,1375.1655,797.2735,852.175,NA,FALSE,FALSE,FALSE,"inconclusive",0.0506809857582109,0.294020195649327
"N.iota.s[46]","A_auxiliary",TRUE,1270.41824999999,506.940410590262,405,1249.5,2165,2.60587757599102,4.80558689303619,19.7841421892331,239.706664866187,616.8935,1490.2225,1900.327,1074.23,1283.4335,NA,FALSE,FALSE,FALSE,"inconclusive",0.0471450270085566,0.19409157270762
"N.iota.s[47]","A_auxiliary",TRUE,1285.16325000001,511.554205155757,396,1319,2158,2.68434887721582,4.73763587720662,29.6633466235421,244.145279521614,604.9095,1502.8525,1919.016,1113.875,1314.1065,NA,FALSE,FALSE,FALSE,"inconclusive",0.0464783961582881,0.291011131181004
"N.iota.s[48]","A_auxiliary",TRUE,1172.15774999999,475.826089735942,358.975,1181,1992,2.50248301939737,4.83740861247444,31.5201348643998,226.302128883321,533.811,1429.052,1728.853,996.915,1195.042,NA,FALSE,FALSE,FALSE,"inconclusive",0.0474572127739516,0.309227081430756
"N.iota.s[49]","A_auxiliary",TRUE,355.932875000001,146.113204409448,106.975,357.5,620,2.68318499317448,4.71083557739337,30.4483574503202,69.4382269686312,169.9135,412.2915,544.008,297.5185,374.0945,NA,FALSE,FALSE,FALSE,"inconclusive",0.0462154728386902,0.298712449969785
"N.iota.s[50]","A_auxiliary",TRUE,985.071124999993,365.788934030633,330,1008,1620,2.2901933480414,5.02084223087555,28.8816010510028,168.865582717805,521.2815,1157.464,1415.448,846.091,894.1665,NA,FALSE,FALSE,FALSE,"inconclusive",0.0492567812941525,0.283341846044449
"N.iota.s[51]","A_auxiliary",TRUE,1521.87762500002,657.287493419345,376,1596,2663,2.90930818255972,4.60239105420363,23.0774634906387,318.909986925599,623.183,1788.7,2357.0595,1318.568,1733.8765,NA,FALSE,FALSE,FALSE,"inconclusive",0.0451515819782172,0.226400575782273
"N.iota.s[52]","A_auxiliary",TRUE,634.967750000003,253.240639634781,195,629.5,1089.025,2.83260480060446,4.62418330395309,19.6265393154991,121.135903420109,326.2105,727.152,970.919,515.5895,644.7085,NA,FALSE,FALSE,FALSE,"inconclusive",0.0453653740135884,0.192545415723219
"N.iota.s[53]","A_auxiliary",TRUE,525.921249999992,214.74498125523,122,540,903,2.61428902565949,4.74556259991437,22.3246105362183,101.117764494874,247.592,629.4405,778.4775,448.175,530.8855,NA,FALSE,FALSE,FALSE,"inconclusive",0.0465561609692184,0.219014740574287
"N.iota.s[54]","A_auxiliary",TRUE,1024.74775000001,425.952976703101,270,1027,1796,2.86630502948891,4.62512018412311,14.8457325384817,203.691675392188,481.936,1224.8875,1550.2955,841.872,1068.3595,NA,FALSE,FALSE,FALSE,"inconclusive",0.0453745652407792,0.145643493098161
"N.iota.s[55]","A_auxiliary",TRUE,1132.85700000001,393.626736962833,435.975,1118,1843.025,2.39032897613022,4.93756891564175,32.6546253993483,185.100549095635,672.2025,1325.167,1626.9725,907.086,954.77,NA,FALSE,FALSE,FALSE,"inconclusive",0.0484398316097177,0.320356957573169
"N.iota.s[56]","A_auxiliary",TRUE,1373.81424999997,555.744612665072,393.975,1425,2374,2.75693061619564,4.67192206941669,26.3979653542024,265.085479236202,653.3365,1595.6195,2080.1805,1166.1205,1426.844,NA,FALSE,FALSE,FALSE,"inconclusive",0.0458337133522023,0.258976232725763
"N.iota.s[57]","A_auxiliary",TRUE,1123.19375000001,405.291598260915,397,1127,1847.025,2.60208109506309,4.75086896464178,25.3337312991499,190.856131391516,605.653,1291.3185,1626.024,969.7795,1020.371,NA,FALSE,FALSE,FALSE,"inconclusive",0.0466082188580797,0.248535605100949
"N.iota.s[58]","A_auxiliary",TRUE,961.049124999996,424.000397115178,211,955,1702.05,2.64782694072345,4.80360591446336,19.4301333635919,201.452235774681,407.6665,1130.424,1500.277,805.829,1092.6105,NA,FALSE,FALSE,FALSE,"inconclusive",0.0471255926937895,0.190618582619706
"N.iota.s[59]","A_auxiliary",TRUE,1098.71324999999,428.339751706866,363.975,1130,1838,2.61199288725148,4.76034357146088,23.1449621002021,203.036852426517,553.427,1306.331,1624.201,910.894,1070.774,NA,FALSE,FALSE,FALSE,"inconclusive",0.0467011691270737,0.227062768318115
"N.iota.s[60]","A_auxiliary",TRUE,1005.62512499999,369.377996917535,356,996.5,1664.025,2.27166235415918,5.14985538179121,28.0795824360105,169.104407673974,566.3445,1167.406,1461.649,827.101,895.3045,NA,FALSE,FALSE,FALSE,"inconclusive",0.0505224598927836,0.275473672997788
"N.iota.s[61]","A_auxiliary",TRUE,691.108124999986,317.358113501939,163,697,1286,2.99411656487809,4.54461807091546,15.415511592507,153.188879497167,267.9485,816.7515,1093.2105,586.522,825.262,NA,FALSE,FALSE,FALSE,"inconclusive",0.0445848023281742,0.15123328878573
"N.iota.s[62]","A_auxiliary",TRUE,1329.80250000001,551.034359502126,384,1365.5,2294.025,2.78714611288121,4.63380962538629,31.2290277358005,265.891395221616,620.102,1532.202,2059.3165,1107.5895,1439.2145,NA,FALSE,FALSE,FALSE,"inconclusive",0.0454598126730201,0.306371186043641
"N.iota.s[63]","A_auxiliary",TRUE,1373.88612500002,563.40110379547,443,1392,2406,2.76535671143435,4.68988254189801,14.2353902285565,269.313507801866,663.6055,1606.598,2103.0655,1122.2755,1439.46,NA,FALSE,FALSE,FALSE,"inconclusive",0.0460099138827651,0.139655753134997
"N.iota.s[64]","A_auxiliary",TRUE,951.531750000011,372.010522661066,330.975,967.5,1648.025,2.61264619707539,4.82299017914803,41.2591728432522,175.746759689146,482.1855,1104.8415,1424.2955,794.8045,942.11,NA,FALSE,FALSE,FALSE,"inconclusive",0.0473157612834834,0.404771542236513
"N.iota.s[65]","A_auxiliary",TRUE,1097.24112500002,396.075068536539,362.975,1153,1781,2.42075166090253,4.90811726713978,26.346793233861,183.763856706692,602.814,1291.6945,1570.1855,924.2705,967.3715,NA,FALSE,FALSE,FALSE,"inconclusive",0.0481508973348877,0.258474210590011
"N.iota.s[66]","A_auxiliary",TRUE,1887.05050000004,758.569158578039,545,1904.5,3223,2.97154569032247,4.57327183692262,14.9682970404446,365.55921326821,923.181,2171.348,2885.745,1567.928,1962.564,NA,FALSE,FALSE,FALSE,"inconclusive",0.0448659090072069,0.146845907472086
"N.iota.s[67]","A_auxiliary",TRUE,1206.198,474.245082574182,377,1203,2091.025,2.61290312366609,4.76406026399751,12.3620291301441,223.289971510084,606.5485,1428.571,1778.9815,1010.691,1172.433,NA,FALSE,FALSE,FALSE,"inconclusive",0.0467376315975112,0.121277215498019
"N.iota.s[68]","A_auxiliary",TRUE,869.036625000016,352.670490816847,261,877.5,1530,2.53320231944286,4.81323047459535,31.1222711211925,166.238952550028,426.063,1014.9545,1313.855,721.274,887.792,NA,FALSE,FALSE,FALSE,"inconclusive",0.047220014074043,0.305323854345961
"N.iota.s[69]","A_auxiliary",TRUE,920.924625000006,327.693597481455,338,916,1506,2.44367329358691,4.9240778956957,30.6371641187996,153.247435443136,537.4225,1050.4455,1347.5115,748.319,810.089,NA,FALSE,FALSE,FALSE,"inconclusive",0.0483074784728613,0.30056473059294
"N.iota.s[70]","A_auxiliary",TRUE,673.310624999992,271.11569458829,215,669,1174.025,2.48782930415588,4.85374509256922,20.6845430173293,127.083388645098,342.3045,770.5415,1025.6925,554.704,683.388,NA,FALSE,FALSE,FALSE,"inconclusive",0.0476174811891184,0.202924920705267
"N.iota.s[71]","A_auxiliary",TRUE,1056.79849999999,425.890310076758,316,1072,1835,2.64912072147819,4.74414416757883,30.2932378286031,202.408990105794,525.9145,1225.5445,1609.81,865.925,1083.8955,NA,FALSE,FALSE,FALSE,"inconclusive",0.0465422454928661,0.297190654834626
"N.iota.s[72]","A_auxiliary",TRUE,1769.44774999998,634.333732494545,598.975,1861,2864,2.52454973847944,4.82842836406467,12.721621661997,296.312371567433,986.856,2082.9775,2515.748,1492.2095,1528.892,NA,FALSE,FALSE,FALSE,"inconclusive",0.0473691123892857,0.124804984322853
"N.iota.s[73]","A_auxiliary",TRUE,822.431625000006,327.843340990615,251.975,784,1464.025,2.48459558993845,4.84207997659449,14.7368504663959,152.492982558392,422.571,970.9455,1220.086,676.124,797.515,NA,FALSE,FALSE,FALSE,"inconclusive",0.0475030410135629,0.144575309680923
"N.iota.s[74]","A_auxiliary",TRUE,1709.07650000001,646.960016581884,617,1690,2981,2.8184083584587,4.62519984149671,14.8755167546151,308.502561593569,922.49,1966.0105,2552.417,1395.3885,1629.927,NA,FALSE,FALSE,FALSE,"inconclusive",0.0453753467164061,0.14593569001506
"N.iota.s[75]","A_auxiliary",TRUE,1267.25812499998,448.432678592771,477,1244,2132,2.33999088292208,5.00403474857779,16.3967094976967,208.842367966591,781.115,1418.5535,1868.9725,1000.3915,1087.8575,NA,FALSE,FALSE,FALSE,"inconclusive",0.0490918921298296,0.160859293427939
"N.iota.s[76]","A_auxiliary",TRUE,446.844750000005,172.415404710282,147.975,439,770.025,2.37413551820701,5.03761544624187,31.1878332935448,79.499669490744,238.6735,520.257,660.773,367.6755,422.0995,NA,FALSE,FALSE,FALSE,"inconclusive",0.0494213342840509,0.305967049538367
"N.iota.s[77]","A_auxiliary",TRUE,1208.85887500001,498.054196304519,382,1224,2073,2.7812080383795,4.66396428144904,25.7051100465172,239.639042065505,577.053,1405.483,1860.8155,992.084,1283.7625,NA,FALSE,FALSE,FALSE,"inconclusive",0.0457556437767241,0.252179002143755
"N.iota.s[78]","A_auxiliary",TRUE,1125.24212499999,499.987239242573,303,1135,2031.025,2.82957138288684,4.64273598284778,28.9654121275566,241.325049709664,488.5595,1298.6955,1796.3825,917.331,1307.823,NA,FALSE,FALSE,FALSE,"inconclusive",0.0455473843625925,0.284164071415813
"N.iota.s[79]","A_auxiliary",TRUE,838.234250000009,310.351446958954,299,814,1451,2.45239965639945,4.91719633414083,26.0665811806148,144.009616757666,479.936,972.648,1222.244,678.109,742.308,NA,FALSE,FALSE,FALSE,"inconclusive",0.0482399671755762,0.25572520092429
"N.iota.s[80]","A_auxiliary",TRUE,568.012874999997,214.691508366551,189,579,940,2.61425571161832,4.74927436525882,29.5545574447817,102.10736456312,297.4735,664.487,839.394,470.697,541.9205,NA,FALSE,FALSE,FALSE,"inconclusive",0.0465925751016248,0.289943859090195
"N.iota.s[81]","A_auxiliary",TRUE,1999.93199999999,849.972343078879,588,2026.5,3436.025,2.84385158964606,4.61230558464254,25.7334158836336,412.068419942295,923.2225,2326.13,3125.235,1625.1405,2202.0125,NA,FALSE,FALSE,FALSE,"inconclusive",0.0452488481011119,0.252456695479668
"N.iota.s[82]","A_auxiliary",TRUE,1108.03362499999,412.392632335691,352,1102,1857.025,2.3656925381662,5.02219342262753,30.3486660005017,191.312253400213,648.39,1240.786,1659.093,883.8655,1010.703,NA,FALSE,FALSE,FALSE,"inconclusive",0.0492700371093232,0.297734430801923
"N.iota.s[83]","A_auxiliary",TRUE,1484.50675000003,519.052126084786,695.975,1465.5,2485.025,2.79728765122575,4.64397945753295,15.8904715092372,249.871346464235,921.021,1672.1545,2193.5055,1151.346,1272.4845,NA,FALSE,FALSE,FALSE,"inconclusive",0.0455595834235858,0.155892864941699
"N.iota.s[84]","A_auxiliary",TRUE,980.703750000011,406.518523747327,272,995,1712,2.89921813212711,4.62443303811254,15.8168996442722,194.994089592595,457.197,1142.6305,1503.904,819.0835,1046.707,NA,FALSE,FALSE,FALSE,"inconclusive",0.0453678240210389,0.155171090965273
"N.iota.s[85]","A_auxiliary",TRUE,1373.94812499998,529.648899912603,467,1410.5,2382.025,2.65526798399136,4.73798814546651,24.8688081112719,251.493811217271,721.8165,1595.546,2054.528,1123.902,1332.7115,NA,FALSE,FALSE,FALSE,"inconclusive",0.046481852072622,0.243974493890749
"N.iota.s[86]","A_auxiliary",TRUE,997.449874999987,417.957203270211,275,1019.5,1709,2.74480461976876,4.6662619815274,20.9114465346245,200.783266651965,443.7675,1181.5205,1523.3055,841.206,1079.538,NA,FALSE,FALSE,FALSE,"inconclusive",0.0457781852757465,0.205150949011346
"N.iota.s[87]","A_auxiliary",TRUE,1288.28487500002,515.542345457652,443.975,1313,2230.025,2.71870308708063,4.70717400722115,42.0075845310792,247.681442283933,631.522,1499.7065,1960.087,1061.824,1328.565,NA,FALSE,FALSE,FALSE,"inconclusive",0.0461795511441074,0.4121138065679
"N.iota.s[88]","A_auxiliary",TRUE,964.661125000007,400.519684336397,278.975,976,1705,2.60413881209652,4.75125754480753,21.1898841670956,190.086153673325,445.4905,1137.35,1465.864,809.94,1020.3735,NA,FALSE,FALSE,FALSE,"inconclusive",0.0466120310089818,0.207882550789699
"N.iota.s[89]","A_auxiliary",TRUE,1374.797875,527.726080104478,508,1315,2346.025,2.60378296377279,4.76439656108832,35.429069608923,250.935074469281,751.619,1556.8145,2085.536,1105.222,1333.917,NA,FALSE,FALSE,FALSE,"inconclusive",0.0467409308272998,0.347575536719804
"N.iota.s[90]","A_auxiliary",TRUE,757.921875,313.794611814456,174,774,1314,2.59816687075002,4.76153790401075,18.7211878826115,147.945744381649,362.517,894.066,1150.346,624.7585,787.829,NA,FALSE,FALSE,FALSE,"inconclusive",0.0467128860810222,0.183663500006
"N.iota.s[91]","A_auxiliary",TRUE,1703.74950000003,731.212450458629,415.975,1732,2957,2.95993003394089,4.62041658607035,27.4273466612716,352.85782230024,710.143,2008.6615,2623.173,1473.0205,1913.03,NA,FALSE,FALSE,FALSE,"inconclusive",0.0453284207714001,0.269074938795193
"N.iota.s[92]","A_auxiliary",TRUE,674.531750000003,263.390353471279,255,680,1191,2.55520128679424,4.86271988018635,46.8842965665072,123.398309567498,348.3355,782.6255,1010.041,557.125,661.7055,NA,FALSE,FALSE,FALSE,"inconclusive",0.0477055280008863,0.459956604074356
"N.iota.s[93]","A_auxiliary",TRUE,621.099499999993,260.022452509829,180.975,624,1096,2.67138972607311,4.72196517033986,22.2492115582375,123.868771369384,301.4535,715.298,966.066,501.5805,664.6125,NA,FALSE,FALSE,FALSE,"inconclusive",0.0463246592859932,0.218275041775277
"N.iota.s[94]","A_auxiliary",TRUE,796.363874999994,293.170727741423,293,795,1359,2.4310990638612,4.94102744336779,21.6904480279218,135.557853676713,445.793,917.3975,1164.0925,658.1725,718.2995,NA,FALSE,FALSE,FALSE,"inconclusive",0.048473761364123,0.212793313463111
"N.iota.s[95]","A_auxiliary",TRUE,689.208374999999,260.460251569582,241,692.5,1179.025,2.48456214106887,4.92671214185358,15.6286008578321,121.389071221784,375.5315,795.0755,1021.5525,564.674,646.021,NA,FALSE,FALSE,FALSE,"inconclusive",0.0483333216443667,0.153323792899503
"N.iota.s[96]","A_auxiliary",TRUE,943.609624999984,383.49731323181,281.975,974.5,1621,2.6000477584168,4.76450649580478,35.9121784540448,182.500110255608,445.9445,1109.016,1425.0905,794.3875,979.146,NA,FALSE,FALSE,FALSE,"inconclusive",0.0467420093376445,0.352315057627093
"N.iota.s[97]","A_auxiliary",TRUE,592.489374999996,224.647928375881,207.975,591,1024,2.39526327374055,4.95000147654486,27.7049115062489,104.463588657551,329.6195,672.213,885.896,482.229,556.2765,NA,FALSE,FALSE,FALSE,"inconclusive",0.0485618007744855,0.271797978125112
"N.iota.s[98]","A_auxiliary",TRUE,747.33262499999,302.10463731478,217,760,1279,2.56051938902965,4.83123245279397,25.3517439393877,142.54356695176,373.2695,867.3375,1137.709,611.0145,764.4395,NA,FALSE,FALSE,FALSE,"inconclusive",0.047396621794863,0.248712317421297
"N.iota.s[99]","A_auxiliary",TRUE,586.156999999995,241.640800850311,178.975,583,1018,2.86011177854388,4.63937763492063,22.2909022203447,116.137081156018,281.2035,681.9015,901.572,479.951,620.3685,NA,FALSE,FALSE,FALSE,"inconclusive",0.045514437418285,0.218684046426488
"N.iota.s[100]","A_auxiliary",TRUE,759.253500000006,318.965570817872,215,770,1341,2.72778515367282,4.71412154456539,22.5712896974705,152.123385609686,360.0285,879.8915,1177.4955,619.5985,817.467,NA,FALSE,FALSE,FALSE,"inconclusive",0.0462477096943589,0.22143477708149
"N.iota.s[101]","A_auxiliary",TRUE,656.131375000003,254.74375097918,220,664,1107,2.57147328652136,4.77856311750876,27.0510552488103,120.672760439195,339.6125,761.006,983.3295,540.5775,643.717,NA,FALSE,FALSE,FALSE,"inconclusive",0.0468799112889845,0.26538334623877
"N.iota.s[102]","A_auxiliary",TRUE,895.314249999984,351.063570383974,283,883,1530.025,2.1735335579962,5.14008882063831,31.9987685987876,159.565820221698,440.5485,1096.2645,1267.446,776.998,826.8975,NA,FALSE,FALSE,FALSE,"inconclusive",0.0504266454169281,0.313922699434796
"N.iota.s[103]","A_auxiliary",TRUE,1442.114,589.109814296675,382.975,1425,2473,2.78286656704256,4.66162136813592,16.0385394551428,280.470657546708,708.7115,1667.1615,2210.1705,1182.4125,1501.459,NA,FALSE,FALSE,FALSE,"inconclusive",0.0457326587149856,0.157345479880143
"N.iota.s[104]","A_auxiliary",TRUE,1050.08650000001,434.960287927827,290,1070,1793,2.87202041730935,4.61906246644803,15.6810112165158,209.310434985526,489.3165,1224.85,1614.923,871.2565,1125.6065,NA,FALSE,FALSE,FALSE,"inconclusive",0.045315136232469,0.153837962725306
"N.iota.s[105]","A_auxiliary",TRUE,962.155500000005,368.128967125388,288.975,959,1657,2.52864018996441,4.86309502612102,15.007252048546,170.293549773553,547.196,1094.205,1429.124,778.097,881.928,NA,FALSE,FALSE,FALSE,"inconclusive",0.0477092083557766,0.147228074093965
"N.iota.s[106]","A_auxiliary",TRUE,1178.1985,507.261777992071,347.975,1169.5,2160,2.76011743180097,4.66561890378279,13.9507050089779,241.934109134404,521.0695,1394.808,1802.975,993.9415,1281.9055,NA,FALSE,FALSE,FALSE,"inconclusive",0.0457718763860494,0.136862859641506
"N.iota.s[107]","A_auxiliary",TRUE,719.890375000007,284.029790202674,207,725,1229,2.40068434875823,4.96738894201126,29.3431083300626,131.652791157354,385.4965,830.5335,1084.5865,578.945,699.09,NA,FALSE,FALSE,FALSE,"inconclusive",0.0487323798415734,0.287869445611414
"N.iota.s[108]","A_auxiliary",TRUE,466.756874999993,187.728872396938,119.975,470,807,2.42946856680116,4.89671827688099,18.190022391429,87.0275660360737,241.83,541.357,702.648,381.1925,460.818,NA,FALSE,FALSE,FALSE,"inconclusive",0.0480390679755228,0.178452521204617
"N.iota.s[109]","A_auxiliary",TRUE,409.964874999996,166.050769340236,130,410,724,2.5331703378382,4.82656229397828,28.5096903017707,78.1528026107512,205.509,471.2305,625.686,337.434,420.177,NA,FALSE,FALSE,FALSE,"inconclusive",0.0473508053798442,0.279693229817631
"N.iota.s[110]","A_auxiliary",TRUE,1574.60500000001,686.36151406602,477,1562,2762,2.8203161976049,4.62204021604037,29.5596274045204,333.610402886603,679.0075,1848.1385,2480.3375,1290.9365,1801.33,NA,FALSE,FALSE,FALSE,"inconclusive",0.0453443493313226,0.289993597736927
"N.iota.s[111]","A_auxiliary",TRUE,939.676374999989,354.161344833299,326,924,1575.025,2.45946949409382,4.9173972654039,32.8777208832385,165.80102484843,515.999,1083.926,1393.8225,764.958,877.8235,NA,FALSE,FALSE,FALSE,"inconclusive",0.0482419384040724,0.322545627312703
"N.iota.s[112]","A_auxiliary",TRUE,847.15175000001,325.491545689327,299.975,817.5,1461,2.55941672712356,4.86789366506553,36.672964914721,153.235898717257,459.6415,972.4095,1275.393,681.163,815.7515,NA,FALSE,FALSE,FALSE,"inconclusive",0.047756285220201,0.359778724195748
"N.iota.s[113]","A_auxiliary",TRUE,901.912874999987,369.085524709115,280,913,1553.025,2.6958131860182,4.70517397192444,27.0583189844157,176.253869787528,433.473,1042.4695,1382.7695,748.9395,949.2965,NA,FALSE,FALSE,FALSE,"inconclusive",0.0461599298740773,0.265454606840008
"N.iota.s[114]","A_auxiliary",TRUE,1262.64087499998,533.566779881214,340,1311,2196,2.48972966355835,4.85138953780993,36.1221366528052,251.350498609518,585.714,1487.586,1931.3105,1045.953,1345.5965,NA,FALSE,FALSE,FALSE,"inconclusive",0.0475943721089543,0.354374844531699
"N.iota.s[115]","A_auxiliary",TRUE,1211.75700000001,475.344145812401,358,1214.5,2064,2.63118887056679,4.73988898929971,27.6793093445099,225.41781601647,625.6315,1390.16,1834.31,996.9265,1208.6785,NA,FALSE,FALSE,FALSE,"inconclusive",0.046500500228581,0.271546809093414
"N.iota.s[116]","A_auxiliary",TRUE,1550.88862500001,596.232228103562,507.95,1495.5,2732.075,2.36437571427151,5.10927519981873,39.4595068228398,270.455825213101,819.215,1818.141,2268.2105,1297.988,1448.9955,NA,FALSE,FALSE,FALSE,"inconclusive",0.0501243495645992,0.387115987352743
"N.iota.s[117]","A_auxiliary",TRUE,671.750124999991,286.499886056824,186,669,1191,2.92488693961812,4.57576365460797,18.2030071729358,137.626516603564,306.772,780.4885,1045.035,554.705,738.263,NA,FALSE,FALSE,FALSE,"inconclusive",0.0448903548896124,0.178579907908564
"N.iota.s[118]","A_auxiliary",TRUE,1006.001375,363.870079564753,314,981,1669.025,2.17411371567302,5.16528003125021,17.4954595001086,164.400207967933,550.291,1230.131,1378.81,864.7735,828.519,NA,FALSE,FALSE,FALSE,"inconclusive",0.0506737828282601,0.171638538438455
"N.iota.s[119]","A_auxiliary",TRUE,1111.579,463.240207608583,303,1118,1950,2.65128752459116,4.76491063377204,21.7413730404983,217.957598441206,494.8405,1353.031,1628.5305,969.914,1133.69,NA,FALSE,FALSE,FALSE,"inconclusive",0.0467459741177652,0.213292911357555
"N.iota.s[120]","A_auxiliary",TRUE,714.647625000006,301.366609275161,182.975,724.5,1254.025,3.01310384622831,4.55006519378286,14.6071376121902,144.821430540579,338.745,828.292,1108.321,583.2325,769.576,NA,FALSE,FALSE,FALSE,"inconclusive",0.0446382411194017,0.143302766669841
"N.iota.s[121]","A_auxiliary",TRUE,1407.48087500003,570.062276211187,486,1413,2481,2.75740372871437,4.66159057211248,33.5897571917861,272.392616777387,692.532,1604.539,2162.305,1170.5475,1469.773,NA,FALSE,FALSE,FALSE,"inconclusive",0.0457323565917718,0.329531032372426
"N.iota.s[122]","A_auxiliary",TRUE,749.878749999991,320.8418621159,154,735,1340.025,2.64055655288409,4.74274144299447,11.081607622933,150.755212184375,343.854,894.81,1142.3515,618.4995,798.4975,NA,FALSE,FALSE,FALSE,"inconclusive",0.046528484116808,0.108715689115616
"N.iota.s[123]","A_auxiliary",TRUE,1055.151375,447.499017185409,348,1054,1869,3.03308905253673,4.56117043579429,14.066924461135,216.643974324226,496.0445,1216.3455,1654.3745,853.841,1158.33,NA,FALSE,FALSE,FALSE,"inconclusive",0.0447471886727847,0.138003026146205
"N.iota.s[124]","A_auxiliary",TRUE,1020.25275000001,438.103719998041,250,1062,1811,2.74259961780741,4.69446687530444,25.5131318924143,209.108111618714,444.0745,1205.052,1572.849,859.0355,1128.7745,NA,FALSE,FALSE,FALSE,"inconclusive",0.0460548883108782,0.250295607781798
"N.iota.s[125]","A_auxiliary",TRUE,1777.29612499996,795.74247463971,470.975,1864,3115,2.96551640601562,4.57074681155028,17.2675351582186,388.204349576838,711.6635,2061.729,2828.277,1507.515,2116.6135,NA,FALSE,FALSE,FALSE,"inconclusive",0.0448411373420543,0.169402495371606
"N.iota.s[126]","A_auxiliary",TRUE,1574.32600000004,621.828350540718,471.975,1653,2618,2.77847917136792,4.66298648096876,16.122572685871,297.548261068475,747.6595,1844.3185,2350.0185,1355.3075,1602.359,NA,FALSE,FALSE,FALSE,"inconclusive",0.0457460511023894,0.158169884686566
"N.iota.s[127]","A_auxiliary",TRUE,1679.06775000003,755.636671461454,394.975,1721.5,2951.025,3.15649802817254,4.50238400471932,21.9150006774264,367.744628073981,670.849,1975.624,2657.0905,1412.7075,1986.2415,NA,FALSE,FALSE,FALSE,"inconclusive",0.0441704666318656,0.214996278670353
"N.iota.s[128]","A_auxiliary",TRUE,942.332624999988,363.789347455054,328,925,1637.025,2.53276238051326,4.78553364504692,25.9010945828855,171.736791152691,501.4965,1085.8645,1413.6945,768.275,912.198,NA,FALSE,FALSE,FALSE,"inconclusive",0.0469482953836569,0.254101700966188
"N.iota.s[129]","A_auxiliary",TRUE,1012.19450000001,420.790894081392,319.975,1003,1781,2.70384402544502,4.714727434744,26.062260884252,200.738922941026,484.376,1168.7035,1566.8425,828.856,1082.4665,NA,FALSE,FALSE,FALSE,"inconclusive",0.0462536537568575,0.255682816821528
"N.iota.s[130]","A_auxiliary",TRUE,486.638999999992,194.526764898259,160,488,852,2.71313619637519,4.72218679984093,23.9711766779873,92.3290200005827,248.2115,560.869,741.414,396.0615,493.2025,NA,FALSE,FALSE,FALSE,"inconclusive",0.0463268335737642,0.235168314935323
"N.iota.s[131]","A_auxiliary",TRUE,494.90112500001,206.401902406201,142,502.5,856,2.70883945448459,4.68306359515944,30.8194101670729,98.8587406767926,225.873,580.9025,758.088,414.741,532.215,NA,FALSE,FALSE,FALSE,"inconclusive",0.0459430168657482,0.302352648501676
"N.iota.s[132]","A_auxiliary",TRUE,828.959375000011,333.917063880096,226,828,1433.025,2.72074385812751,4.70063359331871,19.3458687507171,157.990954076149,408.0395,973.956,1243.489,690.353,835.4495,NA,FALSE,FALSE,FALSE,"inconclusive",0.0461153866628606,0.189791907847556
"N.iota.s[133]","A_auxiliary",TRUE,586.622750000008,236.938566231752,177,586.5,1020,2.62386269693981,4.73496286348814,32.7142645374906,112.468906920412,287.2505,678.2015,892.773,488.266,605.5225,NA,FALSE,FALSE,FALSE,"inconclusive",0.0464521726591075,0.320942045064265
"N.iota.s[134]","A_auxiliary",TRUE,830.278499999994,340.735580075945,210,823,1460,2.4363228720222,4.88275056985663,12.1456505258585,158.008070435999,386.7765,994.745,1222.552,717.0405,835.7755,NA,FALSE,FALSE,FALSE,"inconclusive",0.0479020383182576,0.119154441449775
"N.iota.s[135]","A_auxiliary",TRUE,1230.14050000001,470.085165440898,459,1234,2122.025,2.58070523386586,4.78486867272976,27.8802349881649,223.08870288496,674.547,1394.6885,1860.588,990.7385,1186.041,NA,FALSE,FALSE,FALSE,"inconclusive",0.0469417716980905,0.273517982460512
"N.iota.s[136]","A_auxiliary",TRUE,396.476374999992,158.854560174616,129,397,688.025,2.53656479278572,4.82215931275517,33.1318361570218,74.9824909912338,200.842,458.7585,601.765,324.54,400.923,NA,FALSE,FALSE,FALSE,"inconclusive",0.0473076101004118,0.325038615518402
"N.iota.s[137]","A_auxiliary",TRUE,356.551125000001,157.359258158681,89.975,369,637,2.72989859334846,4.68764808193701,29.9579235373326,75.4320094033852,148.7745,422.6175,556.0975,298.715,407.323,NA,FALSE,FALSE,FALSE,"inconclusive",0.0459879927985031,0.293901066763456
"N.iota.s[138]","A_auxiliary",TRUE,1000.571,387.321333566754,343,1021,1698.025,2.54654357155878,4.81177077362536,19.7881597722644,182.768692516993,499.178,1182.6475,1468.176,852.2825,968.998,NA,FALSE,FALSE,FALSE,"inconclusive",0.0472056937333258,0.194130987052784
"N.iota.s[139]","A_auxiliary",TRUE,854.742249999993,341.508783702712,270,884,1455.025,2.76606828125738,4.70077929264459,14.9033232786984,162.719806377049,416.0635,997.577,1287.1385,718.19,871.075,NA,FALSE,FALSE,FALSE,"inconclusive",0.0461168160405426,0.146208484859499
"N.iota.s[140]","A_auxiliary",TRUE,822.754000000014,320.620584459104,258,811,1451.025,2.58870689628192,4.77328739141938,26.8752000170902,150.314806564937,442.034,933.9215,1241.714,673.3465,799.68,NA,FALSE,FALSE,FALSE,"inconclusive",0.0468281539793135,0.263658125192189
"N.iota.s[141]","A_auxiliary",TRUE,1031.32300000001,391.943583813554,368,1063.5,1769,2.5043636024633,4.86221767571405,31.1725985965422,184.356865817562,516.2125,1220.9975,1499.139,888.943,982.9265,NA,FALSE,FALSE,FALSE,"inconclusive",0.0477006011430567,0.305817590124222
"N.iota.s[142]","A_auxiliary",TRUE,597.458124999996,230.4688541497,205,614,1044,2.45760094548741,4.85485083193004,26.2825865879218,107.393674712433,318.2615,682.4955,892.186,496.8895,573.9245,NA,FALSE,FALSE,FALSE,"inconclusive",0.0476283290029631,0.257844313737803
"N.iota.s[143]","A_auxiliary",TRUE,1240.35887500001,512.493144575261,341,1270.5,2145,2.80298148541327,4.63330230431739,25.1041028992575,245.435990381802,555.213,1473.428,1866.485,1066.3095,1311.272,NA,FALSE,FALSE,FALSE,"inconclusive",0.0454548356190145,0.246282844438033
"N.chi.m[1]","A_auxiliary",TRUE,2924.45825,130.158967906761,2652.975,2930,3140,1.38557223264461,9.12822419698147,42.3224275203764,43.894790703216,2849.2945,2930.2665,3054.662,2863.61,205.3675,NA,FALSE,FALSE,FALSE,"inconclusive",0.0895520954850437,0.415202561711498
"N.chi.m[2]","A_auxiliary",TRUE,695.206125,32.878849810022,633,694,762,1.25324655317022,12.6761708973254,46.2102431891422,9.2591436058432,689.726,693.7765,721.241,676.081,45.16,NA,FALSE,FALSE,FALSE,"inconclusive",0.124359091328782,0.453343829112959
"N.chi.m[3]","A_auxiliary",TRUE,1983.58125,90.8359554074645,1808.975,1980,2166,1.34343715065672,9.3784270453538,58.4732255591083,29.9992482067022,1966.4555,1975.3445,2069.4815,1923.0435,146.438,NA,FALSE,FALSE,FALSE,"inconclusive",0.0920067009904034,0.573649350146257
"N.chi.m[4]","A_auxiliary",TRUE,2160.675,100.381306406296,1965.975,2158,2335,1.3516946604472,10.1315500806957,63.4891066644448,30.6978336295767,2121.863,2160.7635,2255.4805,2104.593,150.8875,NA,FALSE,FALSE,FALSE,"inconclusive",0.0993951858169728,0.622857460507445
"N.chi.m[5]","A_auxiliary",TRUE,3208.215875,152.702776792825,2907,3204,3479.025,1.46888230110867,8.02364844034724,41.0962667158312,55.507341688568,3105.187,3222.202,3371.9105,3133.564,266.7235,NA,FALSE,FALSE,FALSE,"inconclusive",0.0787156971348275,0.403173357883993
"N.chi.m[6]","A_auxiliary",TRUE,4495.54975,193.275144380018,4110,4487,4846,1.32947619433496,10.9212847582197,70.805298579894,57.593158974566,4444.1785,4475.593,4685.1395,4377.288,307.851500000001,NA,FALSE,FALSE,FALSE,"inconclusive",0.107142847763408,0.694632682375447
"N.chi.m[7]","A_auxiliary",TRUE,1739.68325,82.9142509829553,1578,1740,1884,1.39963184630519,8.61206306275762,38.6650034864507,28.8923405043264,1688.007,1746.6325,1825.8615,1698.232,137.8545,NA,FALSE,FALSE,FALSE,"inconclusive",0.0844883163555862,0.37932154266031
"N.chi.m[8]","A_auxiliary",TRUE,3192.017375,131.689371569738,2920,3191,3410,1.47979990418654,7.84980090390567,45.4563333236403,46.9451492057334,3117.2885,3196.3125,3338.87,3115.5985,223.2715,NA,FALSE,FALSE,FALSE,"inconclusive",0.0770101725062362,0.445947625119101
"N.chi.m[9]","A_auxiliary",TRUE,1817.316,79.4419931319962,1645.975,1819,1948,1.39858691930023,9.31850546156013,38.8333462121696,26.0221443313235,1763.9765,1820.6275,1899.29,1785.37,135.3135,NA,FALSE,FALSE,FALSE,"inconclusive",0.0914188425770134,0.380973062553169
"N.chi.m[10]","A_auxiliary",TRUE,2671.998125,116.489756435507,2419,2680,2862,1.48729524200801,7.56684912456178,38.8612935404723,42.0792931544893,2583.336,2695.096,2789.1435,2620.417,205.8075,NA,FALSE,FALSE,FALSE,"inconclusive",0.0742342848620824,0.381247238752034
"N.chi.m[11]","A_auxiliary",TRUE,4776.460875,228.226355572503,4291,4788,5142,1.88298931433232,5.75204019124518,15.7720885315415,96.6540462218105,4555.9535,4818.24,5034.8355,4696.8145,478.882,NA,FALSE,FALSE,FALSE,"inconclusive",0.0564301710085663,0.154731473252183
"N.chi.m[12]","A_auxiliary",TRUE,769.94775,33.3601915872098,703,770,829,1.31526904864442,10.4069538438739,86.5336450497138,10.4896245113487,759.164,767.675,802.4635,750.4885,51.9749999999999,NA,FALSE,FALSE,FALSE,"inconclusive",0.10209702393629,0.848935025798706
"N.chi.m[13]","A_auxiliary",TRUE,1634.544875,73.1609718511836,1489,1634,1762,1.45586325458712,7.81775079443614,51.2786264141386,26.6826388173551,1582.205,1644.0125,1711.718,1600.244,129.513,NA,FALSE,FALSE,FALSE,"inconclusive",0.0766957461291463,0.503067009517508
"N.chi.m[14]","A_auxiliary",TRUE,3448.260875,161.662968652885,3110,3451,3715.025,1.42585861870785,8.21348981323387,28.8429725551833,57.0668190070908,3361.823,3458.6255,3619.506,3353.089,266.417,NA,FALSE,FALSE,FALSE,"inconclusive",0.0805781286861228,0.282962882658864
"N.chi.m[15]","A_auxiliary",TRUE,3475.070875,161.921415105656,3173.975,3465,3796,1.71779561110391,6.46003946161548,31.4001977530687,64.13613734282,3490.3335,3450.486,3617.924,3341.54,276.384,NA,FALSE,FALSE,FALSE,"inconclusive",0.0633759708591559,0.308050442972459
"N.chi.m[16]","A_auxiliary",TRUE,3446.63425,158.227109574223,3132,3449,3738.025,1.59458181012684,6.85823943509418,40.6496467559907,60.8765123033737,3326.2155,3479.742,3617.935,3362.6445,291.7195,NA,FALSE,FALSE,FALSE,"inconclusive",0.06728249651821,0.398791809794673
"N.chi.m[17]","A_auxiliary",TRUE,5158.4095,215.782716713721,4724,5159,5516,1.42130320006204,8.38244311791516,62.8271026848132,75.8050905014639,5081.5875,5149.316,5373.2475,5029.487,343.7605,NA,FALSE,FALSE,FALSE,"inconclusive",0.0822356386406149,0.616362895703147
"N.chi.m[18]","A_auxiliary",TRUE,3786.196625,155.352025236485,3446,3797,4037,1.35664794551672,9.49077419798481,65.0096012409073,50.0555321146759,3723.636,3775.6465,3939.022,3706.482,232.54,NA,FALSE,FALSE,FALSE,"inconclusive",0.0931088784482283,0.637774214583324
"N.chi.m[19]","A_auxiliary",TRUE,3817.51275,169.020160969895,3492,3813,4116,1.46246684392016,7.77515246380606,40.8947592870013,61.8424852502227,3706.356,3818.687,4004.5705,3740.4375,298.2145,NA,FALSE,FALSE,FALSE,"inconclusive",0.0762778368304954,0.401196476935616
"N.chi.m[20]","A_auxiliary",TRUE,1798.749,80.213923561883,1631,1799,1936,1.35665460419122,10.2407048883047,43.2956346451891,25.4051363392986,1758.97,1794.4195,1880.2855,1761.321,121.3155,NA,FALSE,FALSE,FALSE,"inconclusive",0.100466044895663,0.424750173107454
"N.chi.m[21]","A_auxiliary",TRUE,1605.344625,73.7303897989618,1464,1602,1756,1.27701384561151,13.8915594204792,81.0870616305612,19.1263259260947,1601.103,1590.193,1667.592,1562.4905,105.1015,NA,FALSE,FALSE,FALSE,"inconclusive",0.136282614100372,0.795501526807687
"N.chi.m[22]","A_auxiliary",TRUE,3571.435375,164.286547934815,3250,3567,3915,1.44620891670118,8.10554463103384,21.498604615031,58.2098856226906,3609.72,3513.888,3698.387,3463.7465,234.6405,NA,FALSE,FALSE,FALSE,"inconclusive",0.0795191365913927,0.210911240974679
"N.chi.m[23]","A_auxiliary",TRUE,2559.729625,112.454876660685,2330,2561.5,2748,1.54752470147132,7.23386837445892,32.17546819888,42.1202218170146,2473.863,2569.554,2682.5775,2512.924,208.7145,NA,FALSE,FALSE,FALSE,"inconclusive",0.0709675899075748,0.315656204125103
"N.chi.m[24]","A_auxiliary",TRUE,2678.15,114.50410865494,2439,2679,2870.025,1.52126374825521,7.40291939263653,32.2801563230204,41.9062711817631,2603.733,2682.677,2806.0985,2620.0915,202.3655,NA,FALSE,FALSE,FALSE,"inconclusive",0.0726260584765975,0.31668324297591
"N.chi.m[25]","A_auxiliary",TRUE,4400.804,188.658939911288,4031,4404.5,4721.025,1.45954111220193,8.21673497617823,55.0244021296587,67.2990246720392,4318.186,4402.8445,4600.0075,4282.178,317.8295,NA,FALSE,FALSE,FALSE,"inconclusive",0.0806099652334716,0.539814799372707
"N.chi.m[26]","A_auxiliary",TRUE,3318.881,147.840126240699,2988,3331,3555,1.45700814744219,8.07639744906339,20.9525551090548,52.4362335464026,3216.507,3334.4825,3467.3365,3257.198,250.8295,NA,FALSE,FALSE,FALSE,"inconclusive",0.0792331892738629,0.205554243113593
"N.chi.m[27]","A_auxiliary",TRUE,2721.79175,125.342955482143,2477,2715,2959.025,1.30925673160946,10.4953739250421,56.3506891421471,39.2052481720535,2671.271,2722.5105,2842.5035,2650.882,191.6215,NA,FALSE,FALSE,FALSE,"inconclusive",0.102964465771712,0.552826287546081
"N.chi.m[28]","A_auxiliary",TRUE,3499.79499999999,156.600698265803,3194.975,3502,3773.025,1.51404918304335,7.36561100714907,55.3594864803767,58.519993202238,3379.2025,3525.834,3666.779,3427.3645,287.5765,NA,FALSE,FALSE,FALSE,"inconclusive",0.0722600459830973,0.543102131620852
"N.chi.m[29]","A_auxiliary",TRUE,1826.122875,81.3084922415745,1669,1825,1979.025,1.34791615249379,9.64012910132525,63.0462751250521,26.7902976153314,1789.7,1824.7985,1906.557,1783.436,123.121,NA,FALSE,FALSE,FALSE,"inconclusive",0.0945741190335248,0.618513078572501
"N.chi.m[30]","A_auxiliary",TRUE,1624.319,76.260182539318,1466,1624,1762,1.31050998631817,10.6545406611429,39.5440510361782,23.2579070499698,1609.2575,1617.587,1690.823,1579.6085,111.2145,NA,FALSE,FALSE,FALSE,"inconclusive",0.104525964968243,0.387945405134582
"N.chi.m[31]","A_auxiliary",TRUE,2905.828625,126.889565669695,2648,2905,3117.025,1.29112899051197,10.9224076561717,38.940641218826,39.2691130293864,2839.286,2903.634,3022.884,2857.5105,183.598,NA,FALSE,FALSE,FALSE,"inconclusive",0.107153863910957,0.382025676125515
"N.chi.m[32]","A_auxiliary",TRUE,3166.533875,137.678328061234,2900,3159,3413.025,1.52271731121117,7.8772965466763,43.0956926885403,50.5098501373059,3125.5195,3167.0945,3304.077,3069.4445,234.6325,NA,FALSE,FALSE,FALSE,"inconclusive",0.0772799174614086,0.42278865016423
"N.chi.m[33]","A_auxiliary",TRUE,3361.41825,148.737315141668,3065,3363,3611.025,1.55822463798465,7.1202374691176,37.6959868205154,55.7321399995405,3241.4815,3360.9835,3531.1885,3312.0195,289.707,NA,FALSE,FALSE,FALSE,"inconclusive",0.0698528182427265,0.369815041601414
"N.chi.m[34]","A_auxiliary",TRUE,4060.289,197.18718220793,3678,4052,4508.025,1.2587456497042,11.8111169647768,16.3921292993178,56.3315197648879,4087.8915,4038.407,4198.501,3916.3565,282.1445,NA,FALSE,FALSE,FALSE,"inconclusive",0.115872512702359,0.160814359566356
"N.chi.m[35]","A_auxiliary",TRUE,3696.520125,173.647851389013,3334,3702,4001,1.64409068069236,6.55592956506215,26.7430445308461,68.6533865724071,3557.2985,3730.17,3886.184,3612.428,328.8855,NA,FALSE,FALSE,FALSE,"inconclusive",0.0643166970633574,0.262361618832614
"N.chi.m[36]","A_auxiliary",TRUE,4331.0485,194.769275122044,3952,4325,4666,1.55915807214186,7.19566284495527,49.8016191719509,74.391780526877,4187.661,4365.614,4539.4695,4231.4495,351.8085,NA,FALSE,FALSE,FALSE,"inconclusive",0.0705927760169061,0.488576886276644
"N.chi.m[37]","A_auxiliary",TRUE,3190.934125,149.996338782619,2886,3192,3449,1.29588869645585,11.4465518382216,57.0307216049645,45.252640600326,3129.593,3201.492,3330.024,3102.6275,227.3965,NA,FALSE,FALSE,FALSE,"inconclusive",0.112295960426771,0.559497720097364
"N.chi.m[38]","A_auxiliary",TRUE,2776.00575,123.523280060995,2522,2774,2991,1.47050628423159,7.81301582367527,59.1234370020503,44.7082915227377,2706.0705,2783.969,2909.086,2704.8975,204.1885,NA,FALSE,FALSE,FALSE,"inconclusive",0.0766492938790102,0.580028224718933
"N.chi.m[39]","A_auxiliary",TRUE,4078.730125,181.014614268591,3715.975,4084,4393.025,1.62890000075194,6.67322644291384,37.7600190747643,70.390951269536,3973.498,4091.4755,4279.144,3970.803,308.341,NA,FALSE,FALSE,FALSE,"inconclusive",0.0654674336117592,0.370443227590593
"N.chi.m[40]","A_auxiliary",TRUE,4012.79750000001,174.639234141451,3673,4010,4304.025,1.61451405720464,6.75020417799412,40.4452047316157,68.6033784059835,3877.603,4054.2395,4211.673,3907.6745,334.07,NA,FALSE,FALSE,FALSE,"inconclusive",0.0662226207471071,0.39678613910858
"N.chi.m[41]","A_auxiliary",TRUE,3332.9835,146.148052106047,3030.975,3333,3622.025,1.30362774281891,10.3667065880642,74.0469596163967,45.3923106792954,3259.1015,3347.339,3466.196,3259.2975,207.0945,NA,FALSE,FALSE,FALSE,"inconclusive",0.101702179767533,0.726434874390738
"N.chi.m[42]","A_auxiliary",TRUE,1776.06275,78.0635369549237,1619,1775,1912,1.29919753044273,12.8298595559123,127.787188564952,22.6976265350206,1741.115,1771.6785,1852.7595,1738.698,114.0615,NA,FALSE,FALSE,FALSE,"inconclusive",0.125866848054706,1.25365134172735
"N.chi.m[43]","A_auxiliary",TRUE,1625.680375,71.5798202966004,1477,1627,1746,1.50367845098634,7.45706199816402,35.4377587993306,26.3176429493371,1581.772,1631.01,1702.2745,1587.665,120.5025,NA,FALSE,FALSE,FALSE,"inconclusive",0.0731572224440217,0.347660781691035
"N.chi.m[44]","A_auxiliary",TRUE,3086.45375000001,130.08862456886,2816,3083.5,3307,1.57291950757438,6.9982143816637,49.3586507425614,50.003829735329,2992.868,3104.1535,3235.7955,3012.998,242.9275,NA,FALSE,FALSE,FALSE,"inconclusive",0.0686557153952017,0.484231161387605
"N.chi.m[45]","A_auxiliary",TRUE,2269.872625,105.374462621553,2061,2272,2450.025,1.59996666999716,6.90267493440455,55.0216351466583,41.0185895194437,2185.0795,2290.0985,2388.7495,2215.563,203.67,NA,FALSE,FALSE,FALSE,"inconclusive",0.0677184292901596,0.539787653991468
"N.chi.m[46]","A_auxiliary",TRUE,3105.475,131.559510728444,2856.975,3101,3369.025,1.35867744653242,10.3178972141292,49.4195003745864,41.7302202827862,3104.9805,3080.682,3223.1575,3013.08,210.0775,NA,FALSE,FALSE,FALSE,"inconclusive",0.101223337265326,0.484828124382788
"N.chi.m[47]","A_auxiliary",TRUE,3142.171125,166.797323148816,2862,3126.5,3613,1.42988882793718,8.65759603710567,15.760033344645,54.6715342987346,3184.962,3108.5595,3251.3475,3023.8155,227.532,NA,FALSE,FALSE,FALSE,"inconclusive",0.0849350158645536,0.15461320630072
"N.chi.m[48]","A_auxiliary",TRUE,2955.4845,125.323288939422,2713,2954,3180,1.47773160607428,7.86063160233828,73.7691004298027,45.5262669964184,2881.5025,2968.728,3090.6465,2881.061,209.5855,NA,FALSE,FALSE,FALSE,"inconclusive",0.0771164266603057,0.72370894743361
"N.chi.m[49]","A_auxiliary",TRUE,852.743500000001,39.3207130220074,776,854,921,1.38427021471232,9.2006735441457,80.729560940529,13.1378127100901,832.8705,855.6445,892.576,829.883,62.693,NA,FALSE,FALSE,FALSE,"inconclusive",0.0902628570433789,0.791994279917288
"N.chi.m[50]","A_auxiliary",TRUE,2379.273125,107.742766999528,2161,2383,2558.025,1.52130125170072,7.34911535129511,31.5100781078662,39.597032775644,2308.0275,2376.8635,2498.8845,2333.317,190.857,NA,FALSE,FALSE,FALSE,"inconclusive",0.0720982159802133,0.309128420004181
"N.chi.m[51]","A_auxiliary",TRUE,3750.326625,159.526588795335,3444,3745,4062.025,1.27592084605627,13.4822930012193,60.741308345484,43.9591775640191,3730.184,3717.79,3890.328,3663.0045,227.3235,NA,FALSE,FALSE,FALSE,"inconclusive",0.132267521496873,0.595900289854844
"N.chi.m[52]","A_auxiliary",TRUE,1495.4495,71.3624710547104,1347,1500,1612,1.51208820749413,7.34463510957271,41.1581366701147,26.3072415840917,1440.6215,1501.376,1571.2935,1468.507,130.672,NA,FALSE,FALSE,FALSE,"inconclusive",0.072054262739598,0.403780330711795
"N.chi.m[53]","A_auxiliary",TRUE,1283.975875,59.4861338296508,1165.975,1283,1394,1.39615860636332,9.22290948071751,69.8102032669219,19.9275031502582,1246.776,1284.5095,1347.3105,1257.3075,100.5345,NA,FALSE,FALSE,FALSE,"inconclusive",0.0904810018514059,0.684870337744005
"N.chi.m[54]","A_auxiliary",TRUE,2513.114125,129.679518227303,2285,2504,2806,1.32872605482866,10.0042173086483,13.3044631997051,41.3442511758288,2502.4565,2506.472,2619.21,2424.318,194.892,NA,FALSE,FALSE,FALSE,"inconclusive",0.0981459925111676,0.130522929008604
"N.chi.m[55]","A_auxiliary",TRUE,2714.760875,123.065203549886,2463.975,2719,2918,1.36422692396615,10.2410258731559,96.5390653610514,38.9338007810413,2651.443,2707.091,2838.1065,2662.403,186.6635,NA,FALSE,FALSE,FALSE,"inconclusive",0.100469193905309,0.947092820321895
"N.chi.m[56]","A_auxiliary",TRUE,3290.646,139.126755032041,3008,3290.5,3524,1.55916677397767,7.15789324815814,33.9085181721538,52.2309635566572,3188.662,3302.8515,3447.624,3223.4465,258.962,NA,FALSE,FALSE,FALSE,"inconclusive",0.0702222388274353,0.332658224818054
"N.chi.m[57]","A_auxiliary",TRUE,2721.66725,134.482269138079,2471,2715,3026,1.49587690885743,7.82313506934331,35.5638821068987,47.1777751578375,2710.646,2714.864,2833.2105,2627.9485,205.262,NA,FALSE,FALSE,FALSE,"inconclusive",0.0767485683528559,0.348898109591675
"N.chi.m[58]","A_auxiliary",TRUE,2357.595625,109.89989355857,2128.975,2365,2545.025,1.20759543151422,16.353609179001,39.1192594763007,29.0534930735131,2338.921,2356.6295,2445.534,2289.298,156.236,NA,FALSE,FALSE,FALSE,"inconclusive",0.160436459394508,0.383778003730925
"N.chi.m[59]","A_auxiliary",TRUE,2674.993125,115.546013292899,2440,2672,2870.025,1.39561205862322,8.90537360830835,60.7075201556195,39.4586843864993,2620.3985,2681.592,2793.7405,2604.2415,189.499,NA,FALSE,FALSE,FALSE,"inconclusive",0.0873658282807004,0.595568812106302
"N.chi.m[60]","A_auxiliary",TRUE,2424.341,117.436567505285,2217,2416,2670.025,1.45752943313176,7.87522379631618,23.8058206544253,41.8916538309057,2417.96,2420.111,2518.597,2340.696,177.901,NA,FALSE,FALSE,FALSE,"inconclusive",0.077259582823021,0.23354609597011
"N.chi.m[61]","A_auxiliary",TRUE,1697.774125,82.3637440186849,1534,1697,1845,1.25634527758627,14.394364114472,67.7979793253552,20.2664805337464,1671.1885,1699.8345,1766.3855,1653.688,112.6975,NA,FALSE,FALSE,FALSE,"inconclusive",0.141215360382137,0.665129491478193
"N.chi.m[62]","A_auxiliary",TRUE,3198.692875,140.204434522118,2906,3197,3434.025,1.3643306416061,9.43969777622676,80.0908124964582,46.5971125910874,3130.776,3199.8365,3344.4195,3119.7395,224.68,NA,FALSE,FALSE,FALSE,"inconclusive",0.0926077951597806,0.785727862658029
"N.chi.m[63]","A_auxiliary",TRUE,3282.531375,155.377693199675,2970,3284,3533,1.39848235977133,9.13237854748092,46.7770689121542,52.9461992198312,3181.449,3283.035,3448.0385,3217.603,266.5895,NA,FALSE,FALSE,FALSE,"inconclusive",0.0895928515822403,0.458904651259214
"N.chi.m[64]","A_auxiliary",TRUE,2299.455875,101.860399545695,2095.975,2301,2474,1.43725187680983,8.21302695260965,49.5345647378589,35.669050351151,2234.6735,2307.8935,2406.0965,2249.16,171.423,NA,FALSE,FALSE,FALSE,"inconclusive",0.0805735878096148,0.485956958932023
"N.chi.m[65]","A_auxiliary",TRUE,2631.87825,119.924951224415,2389,2629,2848,1.38454909400017,9.19947505099648,54.3048544565922,40.1001827139732,2560.0385,2637.098,2752.477,2577.8995,192.4385,NA,FALSE,FALSE,FALSE,"inconclusive",0.0902510992720292,0.53275570435773
"N.chi.m[66]","A_auxiliary",TRUE,4436.76162499999,192.881506272095,4032,4440,4763,1.51579070876444,7.54248919065417,34.4501038115011,70.4016968508816,4338.9955,4445.919,4638.815,4323.317,315.498,NA,FALSE,FALSE,FALSE,"inconclusive",0.0739953026591666,0.337971430085754
"N.chi.m[67]","A_auxiliary",TRUE,2986.695,149.215222490294,2706,2983,3330,1.39015927467716,9.14059638374491,14.6347247976303,49.1166377382033,3023.4085,2945.933,3087.1445,2890.294,196.8505,NA,FALSE,FALSE,FALSE,"inconclusive",0.0896734723516158,0.143573409700882
"N.chi.m[68]","A_auxiliary",TRUE,2089.4565,95.0392138239294,1893,2091,2252.025,1.43112035575871,8.61339744659255,52.8898594853969,32.7978172347465,2037.5765,2095.4405,2190.0325,2034.7765,155.256,NA,FALSE,FALSE,FALSE,"inconclusive",0.0845014072773275,0.518873950137316
"N.chi.m[69]","A_auxiliary",TRUE,2176.53975,95.0457528342483,1987.975,2174,2355,1.28301043961839,13.0929775675212,68.1483630887823,26.1237546493652,2166.9215,2158.915,2258.823,2121.4995,137.3235,NA,FALSE,FALSE,FALSE,"inconclusive",0.128448157276627,0.668566918031455
"N.chi.m[70]","A_auxiliary",TRUE,1596.11975,75.6445680305041,1437,1597,1736,1.31325758220074,11.9257982917136,68.749652770206,22.2332307488069,1564.7545,1596.711,1666.0655,1556.948,109.1175,NA,FALSE,FALSE,FALSE,"inconclusive",0.116997589488224,0.674465847527822
"N.chi.m[71]","A_auxiliary",TRUE,2495.573,105.860491810995,2276,2497,2672,1.53055616469369,7.30748622236935,34.48025600025,39.1450553821431,2423.36,2511.083,2612.6345,2435.2145,189.2745,NA,FALSE,FALSE,FALSE,"inconclusive",0.0716898149979335,0.33826723698397
"N.chi.m[72]","A_auxiliary",TRUE,4289.85975,185.488823363799,3921,4287,4630,1.35635857008888,9.55126847027109,69.8116609325289,61.0718773201838,4189.2685,4318.057,4461.6165,4190.497,272.348,NA,FALSE,FALSE,FALSE,"inconclusive",0.0937023552002422,0.684884638116871
"N.chi.m[73]","A_auxiliary",TRUE,1985.308625,89.1420336506846,1796,1987,2134,1.38266574813708,9.41893316719763,36.3768518178226,29.0156843462501,1932.578,1988.933,2075.533,1944.1905,142.955,NA,FALSE,FALSE,FALSE,"inconclusive",0.092404084754519,0.356873717947481
"N.chi.m[74]","A_auxiliary",TRUE,4053.551375,184.953786385942,3706,4043,4439,1.30685483634991,10.8695224430791,32.1539167124697,55.422115403102,4021.247,4046.9805,4211.0295,3934.9485,276.081,NA,FALSE,FALSE,FALSE,"inconclusive",0.106635035544079,0.315444774089292
"N.chi.m[75]","A_auxiliary",TRUE,2936.96725,130.138545145372,2679.975,2940,3168,1.38861503017488,9.06502523616161,51.4634443299566,43.8196897655281,2861.6815,2947.5215,3071.9845,2866.6815,210.303,NA,FALSE,FALSE,FALSE,"inconclusive",0.0889320844892832,0.504880158634742
"N.chi.m[76]","A_auxiliary",TRUE,1071.258625,48.4068372324171,977,1071,1161,1.32460843348738,10.1338376184481,59.6679124853009,15.5210948002611,1059.5865,1068.7825,1113.8985,1042.767,71.1315,NA,FALSE,FALSE,FALSE,"inconclusive",0.0994176276188843,0.585369780690076
"N.chi.m[77]","A_auxiliary",TRUE,2871.43625,137.553185334935,2588,2867,3119,1.34586181237876,9.64273835341526,28.8095697244845,44.9172744832904,2794.3965,2868.186,3010.1355,2813.027,215.739,NA,FALSE,FALSE,FALSE,"inconclusive",0.0945997170016801,0.282635185461725
"N.chi.m[78]","A_auxiliary",TRUE,2688.122,115.558218352173,2460,2689,2883,1.37923214865937,8.95195113620938,45.5626122184024,39.2204635168207,2627.2845,2682.7615,2812.205,2630.237,184.9205,NA,FALSE,FALSE,FALSE,"inconclusive",0.0878227753424771,0.446990270164447
"N.chi.m[79]","A_auxiliary",TRUE,2004.511375,94.0426811285367,1815,2006,2163,1.41801290205347,8.46293260596053,46.8150569683382,32.7872684432064,1948.637,2012.4185,2103.1615,1953.8285,154.5245,NA,FALSE,FALSE,FALSE,"inconclusive",0.0830252776945467,0.459277331636171
"N.chi.m[80]","A_auxiliary",TRUE,1350.765375,60.3939111514762,1228,1352,1457,1.45032300050799,8.09891352073124,45.5583586097383,21.388345975963,1314.741,1351.211,1416.1155,1320.994,101.3745,NA,FALSE,FALSE,FALSE,"inconclusive",0.0794540823365698,0.44694854029881
"N.chi.m[81]","A_auxiliary",TRUE,4791.040875,216.680154814466,4376,4780,5237.05,1.38376936242851,8.84421984893747,48.9697183425296,73.2922272776258,4645.606,4813.5245,5003.6405,4701.3925,358.034500000001,NA,FALSE,FALSE,FALSE,"inconclusive",0.086765881655785,0.480415554904541
"N.chi.m[82]","A_auxiliary",TRUE,2549.171375,113.95455436562,2303.975,2554,2737.025,1.63627961854335,6.65148319896508,34.6739902655337,44.2826844723974,2469.257,2553.5665,2672.368,2501.494,203.111,NA,FALSE,FALSE,FALSE,"inconclusive",0.0652541223459275,0.340167859607716
"N.chi.m[83]","A_auxiliary",TRUE,3365.76962500001,157.771525580964,3046,3368,3635,1.73120555230267,6.39917121637718,38.3778262257618,63.1436893534373,3231.691,3405.078,3541.114,3285.1955,309.423,NA,FALSE,FALSE,FALSE,"inconclusive",0.0627788252597534,0.376504201092511
"N.chi.m[84]","A_auxiliary",TRUE,2354.381625,108.875821376555,2134,2359,2540,1.32124739512207,10.2170084075873,51.4302614864056,34.9175242024801,2309.0265,2355.6405,2453.8025,2299.057,154.7455,NA,FALSE,FALSE,FALSE,"inconclusive",0.100233571474976,0.50455461961313
"N.chi.m[85]","A_auxiliary",TRUE,3269.723875,157.359509187961,2971,3260,3582,1.31477395032941,10.6866066423862,28.2210686231867,48.6367648552981,3255.163,3230.033,3411.1745,3182.525,228.6495,NA,FALSE,FALSE,FALSE,"inconclusive",0.104840547054763,0.276861717843138
"N.chi.m[86]","A_auxiliary",TRUE,2410.5485,116.42451623798,2156,2416,2599,1.68423154347008,6.45232727445765,16.0703489976687,46.6603057590029,2309.041,2427.026,2533.897,2372.23,224.856,NA,FALSE,FALSE,FALSE,"inconclusive",0.0633003107410592,0.157657546184404
"N.chi.m[87]","A_auxiliary",TRUE,3081.3775,139.638176535979,2811,3077,3330,1.56196746027954,7.01193627851243,77.2109094573373,53.7108727169121,2975.695,3099.2295,3234.3505,3016.235,258.6555,NA,FALSE,FALSE,FALSE,"inconclusive",0.06879033354111,0.757474683684586
"N.chi.m[88]","A_auxiliary",TRUE,2337.23825,99.172635532148,2138,2335,2506,1.3809812096562,9.05565653145062,58.0227685004658,33.8429229551766,2300.175,2340.943,2436.5015,2271.3335,165.168,NA,FALSE,FALSE,FALSE,"inconclusive",0.0888401731688833,0.569230158345424
"N.chi.m[89]","A_auxiliary",TRUE,3227.248,143.878828830628,2938,3225,3468,1.59874513837831,6.93240302563623,37.416748499393,55.6341465799216,3100.302,3247.776,3387.416,3173.498,287.114,NA,FALSE,FALSE,FALSE,"inconclusive",0.0680100755958504,0.367075584697573
"N.chi.m[90]","A_auxiliary",TRUE,1825.808,84.0567714619324,1666,1825,1965,1.36490916775077,9.31990113719038,75.9332105261072,26.902708475505,1791.197,1821.069,1907.854,1783.112,124.742,NA,FALSE,FALSE,FALSE,"inconclusive",0.091432534799576,0.744939867030051
"N.chi.m[91]","A_auxiliary",TRUE,4145.75375,178.88684530693,3795,4139,4469,1.50265280600746,7.5663153828176,45.2621167858056,66.6792762973539,4020.342,4159.4505,4348.8115,4054.411,328.4695,NA,FALSE,FALSE,FALSE,"inconclusive",0.0742290486090492,0.44404227117888
"N.chi.m[92]","A_auxiliary",TRUE,1611.518625,72.58281605351,1476,1608,1751,1.34406085372411,9.54821139165074,53.7424195843425,23.3788842468151,1593.692,1605.9535,1678.443,1567.986,110.457,NA,FALSE,FALSE,FALSE,"inconclusive",0.0936723638469837,0.527237958485486
"N.chi.m[93]","A_auxiliary",TRUE,1481.453,67.364083761101,1351,1479,1613,1.30529205282514,11.5013980815067,81.8914631746843,19.9642295362774,1470.4325,1475.538,1540.983,1438.8585,102.1245,NA,FALSE,FALSE,FALSE,"inconclusive",0.112834027405591,0.803393077489741
"N.chi.m[94]","A_auxiliary",TRUE,1878.619,87.935259795144,1697,1878,2031,1.49424035062821,7.82522101829084,48.8581218897917,32.0444576976533,1817.4175,1889.8845,1973.47,1833.704,156.0525,NA,FALSE,FALSE,FALSE,"inconclusive",0.076769032475482,0.479320742159397
"N.chi.m[95]","A_auxiliary",TRUE,1626.7135,76.0870575248533,1477,1629,1754,1.62294281106807,6.63607846902513,43.7235618804082,29.7967628914236,1562.9405,1637.5615,1711.1675,1595.1845,148.227,NA,FALSE,FALSE,FALSE,"inconclusive",0.0651029948301331,0.428948336934507
"N.chi.m[96]","A_auxiliary",TRUE,2272.32675,100.245564146644,2066,2274,2442.025,1.39480404517195,9.33083114773686,96.373372794615,33.2430701758636,2223.0455,2266.272,2374.421,2225.5685,151.3755,NA,FALSE,FALSE,FALSE,"inconclusive",0.0915397632513524,0.945467299715643
"N.chi.m[97]","A_auxiliary",TRUE,1374.54375,63.9421293860808,1243,1375,1486,1.34005378242756,10.5410590933364,36.9068496264106,20.3163853791715,1333.709,1383.1365,1436.9745,1344.355,103.2655,NA,FALSE,FALSE,FALSE,"inconclusive",0.103412658373586,0.362073241243285
"N.chi.m[98]","A_auxiliary",TRUE,1764.41,80.7192811557051,1602,1768,1898,1.59314930982038,6.8445376036748,34.6619098535645,30.8059367411429,1706.6305,1778.124,1849.65,1723.2355,143.0195,NA,FALSE,FALSE,FALSE,"inconclusive",0.0671480752234314,0.340049345186639
"N.chi.m[99]","A_auxiliary",TRUE,1403.6005,69.9481950696313,1263,1401,1543.025,1.26105416414201,12.679539428691,39.6744600128981,19.0646400448694,1372.287,1412.372,1461.7815,1367.9615,93.8200000000002,NA,FALSE,FALSE,FALSE,"inconclusive",0.124392138177324,0.389224777429052
"N.chi.m[100]","A_auxiliary",TRUE,1811.632125,76.8694195141439,1656,1812,1942,1.39599315613938,8.95783274180951,55.9443942872477,26.2825130153358,1766.0995,1816.847,1890.595,1772.987,124.4955,NA,FALSE,FALSE,FALSE,"inconclusive",0.0878804766099901,0.548840347361454
"N.chi.m[101]","A_auxiliary",TRUE,1568.75925,73.7376002704809,1412,1571,1691,1.5801128478359,7.09534266138057,27.78967893196,28.1440105097474,1501.7535,1582.247,1647.0075,1544.029,145.254,NA,FALSE,FALSE,FALSE,"inconclusive",0.0696085886804984,0.272629585723424
"N.chi.m[102]","A_auxiliary",TRUE,2268.387625,106.419139495749,2052.975,2267.5,2464.025,1.33035952967405,10.4985276606764,50.0740484704335,33.2388627046438,2223.434,2258.91,2371.999,2219.2075,152.7915,NA,FALSE,FALSE,FALSE,"inconclusive",0.10299540537492,0.491249543523462
"N.chi.m[103]","A_auxiliary",TRUE,3462.82950000001,149.06603743036,3147,3470,3706,1.34054740258516,9.90778009074543,59.8071401896136,47.1574983990837,3391.3305,3460.8535,3610.559,3388.575,221.984,NA,FALSE,FALSE,FALSE,"inconclusive",0.097199898861451,0.586735668775396
"N.chi.m[104]","A_auxiliary",TRUE,2509.288875,117.53631895937,2277.975,2511,2710.025,1.48645516578507,8.33842122327639,60.6731910330693,41.6641359078997,2441.4995,2514.2975,2636.584,2444.7745,195.0845,NA,FALSE,FALSE,FALSE,"inconclusive",0.081803763521528,0.595232027558267
"N.chi.m[105]","A_auxiliary",TRUE,2287.42675,97.236193076925,2091,2284,2469,1.34124564635415,9.57809399648069,27.0307760154742,31.8367886644758,2270.273,2278.944,2373.0555,2227.4345,145.621,NA,FALSE,FALSE,FALSE,"inconclusive",0.0939655260024397,0.265184397593241
"N.chi.m[106]","A_auxiliary",TRUE,2849.005625,124.980768990419,2574,2852,3052,1.57133226845078,7.02290469947205,31.1910895491485,46.7982780153336,2742.028,2856.6905,2987.174,2810.13,245.146,NA,FALSE,FALSE,FALSE,"inconclusive",0.0688979388167804,0.305998994909827
"N.chi.m[107]","A_auxiliary",TRUE,1715.30725,80.9869261530124,1563,1712,1864,1.31196466359782,10.38037826418,60.9778253420489,24.6297511945683,1698.287,1716.071,1785.65,1661.221,124.429,NA,FALSE,FALSE,FALSE,"inconclusive",0.101836305224856,0.598220630832799
"N.chi.m[108]","A_auxiliary",TRUE,1119.30875,51.166533742373,1009.975,1121,1206,1.43274605252081,8.31496970831711,62.364902279557,17.8080361668315,1087.218,1123.6085,1172.187,1094.2215,84.9689999999998,NA,FALSE,FALSE,FALSE,"inconclusive",0.0815736933280728,0.611828496248057
"N.chi.m[109]","A_auxiliary",TRUE,980.2435,44.0559482200952,892,981,1063.025,1.2831246173722,11.4148680057402,117.653323789205,13.0399450402663,969.6185,978.527,1018.537,954.2915,64.2455,NA,FALSE,FALSE,FALSE,"inconclusive",0.111985127396109,1.15423344768281
"N.chi.m[110]","A_auxiliary",TRUE,3846.8605,167.523241803393,3506,3846,4147.025,1.267142351189,11.817889110675,39.736899767827,50.3090688561963,3808.865,3843.052,3996.4345,3739.0905,257.344,NA,FALSE,FALSE,FALSE,"inconclusive",0.115938950581515,0.389837340264363
"N.chi.m[111]","A_auxiliary",TRUE,2225.50775,103.474048919463,2022.975,2225,2406,1.55767148107113,7.25256405063063,41.6826498402661,39.0482768626224,2146.8455,2232.596,2345.086,2177.5035,198.2405,NA,FALSE,FALSE,FALSE,"inconclusive",0.0711510031259136,0.408926047171311
"N.chi.m[112]","A_auxiliary",TRUE,2002.556375,87.655904059846,1821,2004,2152,1.49132038020821,7.61907535680374,54.0838374346518,31.9321765457778,1941.8765,2010.586,2096.605,1961.158,154.7285,NA,FALSE,FALSE,FALSE,"inconclusive",0.0747466483224477,0.530587425289917
"N.chi.m[113]","A_auxiliary",TRUE,2143.994875,99.8078243373698,1944.975,2143,2310,1.4434583672806,8.37935888877447,39.4799518994311,35.5094047349872,2082.5405,2145.192,2252.872,2095.375,170.3315,NA,FALSE,FALSE,FALSE,"inconclusive",0.0822053809282116,0.387316562997205
"N.chi.m[114]","A_auxiliary",TRUE,3059.25975,135.449327591467,2774.975,3063,3284,1.47626734551371,7.88606403069069,54.3432022095767,48.9186396448339,2973.998,3060.921,3205.6365,2996.4835,231.6385,NA,FALSE,FALSE,FALSE,"inconclusive",0.0773659305290849,0.533131913526437
"N.chi.m[115]","A_auxiliary",TRUE,2861.00175,119.069758746159,2611,2862,3062,1.50458803433736,8.26247303646482,32.8985606281156,40.8429187868552,2810.8545,2848.7925,2994.5685,2789.7915,204.777,NA,FALSE,FALSE,FALSE,"inconclusive",0.0810586767302203,0.322750074835337
"N.chi.m[116]","A_auxiliary",TRUE,3804.76,179.438379859273,3467.975,3795,4192.025,1.29012286075051,10.9735386017698,14.6384029855105,54.4610232444806,3767.1975,3773.8265,3968.0985,3709.9175,258.181,NA,FALSE,FALSE,FALSE,"inconclusive",0.107655482103459,0.143609494422856
"N.chi.m[117]","A_auxiliary",TRUE,1613.444875,72.9434322216358,1471,1613,1741,1.32995293158318,11.1519175279055,76.2610865031831,21.7770546303584,1576.683,1612.401,1684.4655,1580.23,107.7825,NA,FALSE,FALSE,FALSE,"inconclusive",0.109405461757893,0.748156481803389
"N.chi.m[118]","A_auxiliary",TRUE,2504.044,114.808711315929,2280,2505,2703,1.40815197669891,8.61048315312206,84.1919786274675,40.22967692107,2444.822,2510.197,2620.1215,2441.0355,179.086,NA,FALSE,FALSE,FALSE,"inconclusive",0.0844728167123382,0.825962196635673
"N.chi.m[119]","A_auxiliary",TRUE,2774.558625,115.332983249535,2535,2776,2972,1.37194102847472,9.10405376701491,78.0042795260146,38.4259174818541,2709.272,2788.623,2887.489,2712.8505,178.217,NA,FALSE,FALSE,FALSE,"inconclusive",0.089314972403317,0.765258010497337
"N.chi.m[120]","A_auxiliary",TRUE,1693.049125,76.0392494549137,1545,1692,1824,1.59643901551037,6.82943183532816,42.9151097308222,29.4919867019118,1634.8675,1696.7795,1781.094,1659.4555,146.2265,NA,FALSE,FALSE,FALSE,"inconclusive",0.0669998806589507,0.421017047941983
"N.chi.m[121]","A_auxiliary",TRUE,3295.67975,153.040657572739,2968,3295,3557,1.37010385534039,9.60987619032057,21.8858684704059,49.9656654902995,3201.9085,3303.327,3454.647,3222.8365,252.7385,NA,FALSE,FALSE,FALSE,"inconclusive",0.0942773240034589,0.214710478263999
"N.chi.m[122]","A_auxiliary",TRUE,1823.86575,82.5222558906213,1651,1825,1964,1.52769277303762,7.28531208734792,46.5657010605051,30.8783121088393,1760.735,1834.7155,1914.5595,1785.453,153.8245,NA,FALSE,FALSE,FALSE,"inconclusive",0.0714722764916603,0.456831035008683
"N.chi.m[123]","A_auxiliary",TRUE,2473.74525,116.702053424936,2220,2483.5,2655,1.39358319224788,9.59218696609355,26.3178174821003,38.6829630473894,2410.919,2486.866,2586.1595,2411.0365,175.2405,NA,FALSE,FALSE,FALSE,"inconclusive",0.094103784543554,0.258189945082018
"N.chi.m[124]","A_auxiliary",TRUE,2471.322375,111.175818896007,2231,2470,2660,1.46281444007502,7.99612604184592,26.1796969674087,39.7191773136188,2390.889,2477.23,2590.1875,2426.983,199.2985,NA,FALSE,FALSE,FALSE,"inconclusive",0.0784456896935792,0.256834919038268
"N.chi.m[125]","A_auxiliary",TRUE,4251.10325,186.920819502624,3908,4237,4603.025,1.358358586888,9.50096261041494,44.0563506435054,60.1180688150672,4221.52,4227.106,4427.183,4128.604,298.579,NA,FALSE,FALSE,FALSE,"inconclusive",0.0932088314799566,0.432213148407815
"N.chi.m[126]","A_auxiliary",TRUE,3780.97325,169.843395166835,3427,3781,4075,1.44477204815481,8.22660706789117,73.5447137448809,60.2660194771841,3661.143,3833.382,3944.3205,3685.0475,283.1775,NA,FALSE,FALSE,FALSE,"inconclusive",0.0807068150128631,0.72150761041558
"N.chi.m[127]","A_auxiliary",TRUE,4059.580625,179.10295498168,3690.975,4061,4362,1.74163990550914,6.16589391037944,29.6106673580838,72.6323864841374,3927.494,4066.0405,4271.6445,3973.1435,344.1505,NA,FALSE,FALSE,FALSE,"inconclusive",0.0604902671425993,0.290494323255541
"N.chi.m[128]","A_auxiliary",TRUE,2244.403875,100.943477789295,2041,2246,2422,1.38898267275951,9.44379708276598,50.5264562973108,33.1121099042647,2180.2865,2247.286,2348.0725,2201.9705,167.786,NA,FALSE,FALSE,FALSE,"inconclusive",0.0926480112503039,0.495687873261692
"N.chi.m[129]","A_auxiliary",TRUE,2409.897875,109.986573390915,2178,2410,2597,1.42238868503508,8.87717617720717,101.371365486153,37.5754978393879,2340.224,2430.478,2519.8895,2349,179.6655,NA,FALSE,FALSE,FALSE,"inconclusive",0.0870891984578658,0.994499916475225
"N.chi.m[130]","A_auxiliary",TRUE,1162.291875,53.6028669233482,1052,1163,1259,1.31753525273014,11.0325604399892,112.224409324168,15.9738383230077,1148.836,1158.667,1211.41,1130.2545,81.1555000000001,NA,FALSE,FALSE,FALSE,"inconclusive",0.108234513597195,1.10097328929255
"N.chi.m[131]","A_auxiliary",TRUE,1182.11325,52.9282613500927,1076.975,1183,1273,1.44039566741875,8.08747786932167,40.9451636050858,18.8263006431411,1145.4565,1184.6925,1238.0845,1160.2195,92.6279999999999,NA,FALSE,FALSE,FALSE,"inconclusive",0.0793418933143828,0.401690966576598
"N.chi.m[132]","A_auxiliary",TRUE,2005.189875,92.475167096635,1826,2004.5,2173,1.3107971076836,11.3699990620134,46.1356646395222,28.0246565329488,1970.2685,2011.6745,2089.312,1949.5045,139.8075,NA,FALSE,FALSE,FALSE,"inconclusive",0.111544942334237,0.452612179095105
"N.chi.m[133]","A_auxiliary",TRUE,1397.753125,64.9719004356127,1268,1399,1515,1.3705515171464,9.3900060899962,90.8333000568936,21.5274191485167,1373.2305,1399.0515,1459.499,1359.2315,100.2675,NA,FALSE,FALSE,FALSE,"inconclusive",0.0921202967664345,0.891116627328941
"N.chi.m[134]","A_auxiliary",TRUE,2055.90575,89.0448566187221,1871,2058,2206,1.49627468227479,7.67953428051279,36.9877969602112,32.1431586475441,1997.5115,2059.4745,2152.7305,2013.9065,155.219,NA,FALSE,FALSE,FALSE,"inconclusive",0.0753397782885923,0.362867371975544
"N.chi.m[135]","A_auxiliary",TRUE,2885.713,132.445056882605,2643,2878,3155.025,1.31417639662063,10.1040094642955,46.3189638516653,42.7837661197725,2903.3395,2860.988,3000.151,2778.3735,221.7775,NA,FALSE,FALSE,FALSE,"inconclusive",0.0991249996497225,0.454410429027836
"N.chi.m[136]","A_auxiliary",TRUE,946.390499999999,44.6024655399399,858,946,1024,1.37899983346997,9.61250752725963,95.1809531281172,14.6540975616941,925.624,945.8295,993.204,920.9045,72.2995,NA,FALSE,FALSE,FALSE,"inconclusive",0.0943031386341839,0.933769112036624
"N.chi.m[137]","A_auxiliary",TRUE,869.951624999999,39.2699159745339,789,870,939,1.34994423537302,9.73173108366492,78.912652134977,12.7330489782042,853.058,868.6375,908.9625,849.1485,59.814,NA,FALSE,FALSE,FALSE,"inconclusive",0.0954727767890841,0.774169565347261
"N.chi.m[138]","A_auxiliary",TRUE,2439.962,104.48398163739,2229.975,2439,2622.025,1.36625256817192,9.40762129808971,61.8584248740063,34.7766697366545,2395.388,2446.3055,2545.99,2372.1645,173.8255,NA,FALSE,FALSE,FALSE,"inconclusive",0.0922931100938833,0.606859718969571
"N.chi.m[139]","A_auxiliary",TRUE,2067.090625,95.158192223806,1873,2066,2238,1.30988193568332,12.5555526904836,71.3321883776478,26.8061316668533,2030.4165,2053.3865,2157.705,2026.8545,130.8505,NA,FALSE,FALSE,FALSE,"inconclusive",0.123175771008943,0.699801714649451
"N.chi.m[140]","A_auxiliary",TRUE,1936.77575,93.2062478459308,1756,1936,2103.025,1.3417988098563,9.54633085438866,58.148492239808,30.7597573953211,1894.63,1947.5565,2021.9095,1883.007,138.9025,NA,FALSE,FALSE,FALSE,"inconclusive",0.0936539149078666,0.570463566297218
"N.chi.m[141]","A_auxiliary",TRUE,2519.001125,109.307663932629,2298,2519,2701.025,1.45061683383891,8.33431449115479,55.0724381815947,38.8696062682778,2456.9785,2530.3835,2634.4125,2454.23,180.1825,NA,FALSE,FALSE,FALSE,"inconclusive",0.0817634745826118,0.540286055228924
"N.chi.m[142]","A_auxiliary",TRUE,1407.119875,63.84289306069,1283,1407,1520.025,1.40127436013819,8.9786683771557,72.6224122258372,21.7537884039957,1372.188,1408.806,1474.5175,1372.968,102.3295,NA,FALSE,FALSE,FALSE,"inconclusive",0.0880848838162275,0.712459406524322
"N.chi.m[143]","A_auxiliary",TRUE,3045.78325,145.977569169976,2786.975,3041,3314,1.25717675002539,11.8785921701814,48.6338270890979,40.5459298974752,3034.988,3041.3325,3160.1025,2946.71,213.3925,NA,FALSE,FALSE,FALSE,"inconclusive",0.116534475632593,0.477120306568083
"N.chi.s[1]","A_auxiliary",TRUE,2995.94324999999,218.248789449562,2590,3047,3310,2.22687741783777,5.08556057609791,14.6914120214134,100.947028676715,2718.6015,3219.9815,3149.599,2895.591,501.38,NA,FALSE,FALSE,FALSE,"inconclusive",0.0498916981526695,0.144129537548693
"N.chi.s[2]","A_auxiliary",TRUE,705.35425,52.679755613698,604,717,783,2.03437954028604,5.33889100516554,25.1066120314866,24.007660559162,636.9235,757.071,741.483,685.9395,120.1475,NA,FALSE,FALSE,FALSE,"inconclusive",0.0523769866692063,0.246307460184109
"N.chi.s[3]","A_auxiliary",TRUE,2022.20275,141.225166705164,1751,2048,2222,1.95846873666915,5.58007187415272,26.6429161511037,63.8007677922427,1848.043,2154.78,2128.534,1957.454,306.737,NA,FALSE,FALSE,FALSE,"inconclusive",0.0547430823897571,0.261379313180392
"N.chi.s[4]","A_auxiliary",TRUE,2218.508125,155.913136224118,1912.975,2254.5,2444,1.9663513938965,5.59478035889411,19.7479532695983,68.692225245023,2042.1805,2374.9535,2321.3995,2135.499,332.773,NA,FALSE,FALSE,FALSE,"inconclusive",0.0548873794185743,0.193736542691189
"N.chi.s[5]","A_auxiliary",TRUE,3294.737125,238.898682696888,2839.975,3364.5,3612,2.10471687032327,5.2757109867297,27.9777000532986,111.281691057749,2983.131,3525.7675,3476.684,3193.366,542.6365,NA,FALSE,FALSE,FALSE,"inconclusive",0.0517571615069821,0.274474159766301
"N.chi.s[6]","A_auxiliary",TRUE,4605.50024999999,333.565979654379,3974.975,4701.5,5085.025,2.31243983415385,4.98110880986049,11.7951071154155,157.446311587148,4145.9555,4939.1245,4843.5245,4493.3965,793.169,NA,FALSE,FALSE,FALSE,"inconclusive",0.0488669780820595,0.11571544868555
"N.chi.s[7]","A_auxiliary",TRUE,1798.279625,126.156081321774,1548,1831,1982.025,1.99718611955188,5.50757330258185,21.7246204943592,55.9297537113199,1649.6985,1922.685,1881.998,1738.737,272.9865,NA,FALSE,FALSE,FALSE,"inconclusive",0.0540318379172571,0.213128561142323
"N.chi.s[8]","A_auxiliary",TRUE,3263.430625,226.207701963622,2839,3327,3564,1.98272594684392,5.49793436980409,22.758386438398,103.89171474379,2964.6455,3472.09,3434.2705,3182.7165,507.4445,NA,FALSE,FALSE,FALSE,"inconclusive",0.0539372755347103,0.223270282525585
"N.chi.s[9]","A_auxiliary",TRUE,1863.175125,137.564266607158,1595,1903,2049,2.14856431528218,5.19325234863026,24.2228618222175,63.7571738605445,1678.268,1999.047,1959.585,1815.8005,320.779,NA,FALSE,FALSE,FALSE,"inconclusive",0.0509482041815157,0.237637462447686
"N.chi.s[10]","A_auxiliary",TRUE,2734.513625,200.917160236548,2360,2787,2997,2.04410455217703,5.40463986956613,28.3871033521437,92.742089473683,2481.2915,2928.897,2888.4255,2639.4405,447.6055,NA,FALSE,FALSE,FALSE,"inconclusive",0.0530220133968344,0.278490595221753
"N.chi.s[11]","A_auxiliary",TRUE,4911.63175000002,346.611190033688,4229.975,5033,5335.025,1.98680431878304,5.52161052975905,23.8773496433368,158.002011894428,4441.8415,5219.9725,5170.151,4814.562,778.130999999999,NA,FALSE,FALSE,FALSE,"inconclusive",0.0541695495993314,0.234247828388895
"N.chi.s[12]","A_auxiliary",TRUE,786.5615,56.9995643539675,673,799,867,1.86197629493288,5.76065069258624,28.9158111931276,25.2425380203176,715.8905,838.7775,828.3285,763.2495,122.887,NA,FALSE,FALSE,FALSE,"inconclusive",0.0565146440037107,0.283677463339556
"N.chi.s[13]","A_auxiliary",TRUE,1675.747125,122.046861322933,1444,1699,1845,2.03124388447833,5.39871936262185,27.8397116009648,56.3319304720959,1520.5675,1795.302,1767.9345,1619.1845,274.7345,NA,FALSE,FALSE,FALSE,"inconclusive",0.0529639304891678,0.273120429315277
"N.chi.s[14]","A_auxiliary",TRUE,3541.76812500001,253.653674588628,3041,3582,3894,1.94242390896843,5.62196751293797,26.420302654768,114.482444550862,3211.1915,3771.0995,3729.7495,3455.032,559.908,NA,FALSE,FALSE,FALSE,"inconclusive",0.0551540979568533,0.259195371961386
"N.chi.s[15]","A_auxiliary",TRUE,3560.767625,241.74773292144,3077,3623,3922.025,2.14223512131187,5.17966464286054,16.5448520760391,110.617086909563,3262.999,3801.59,3723.076,3455.4055,538.591,NA,FALSE,FALSE,FALSE,"inconclusive",0.0508149025120722,0.16231264054506
"N.chi.s[16]","A_auxiliary",TRUE,3535.27125000001,261.908019445317,3030,3604.5,3913.025,2.36400792698011,4.92717948811434,15.9988417325737,123.437786026138,3186.8045,3807.9475,3716.715,3429.618,621.143,NA,FALSE,FALSE,FALSE,"inconclusive",0.0483379065270409,0.156956026886294
"N.chi.s[17]","A_auxiliary",TRUE,5257.20049999999,403.580481069561,4525,5345.5,5869.025,2.16879892977222,5.19283784408027,12.3937864577236,189.51943624358,4721.5765,5660.3625,5559.1225,5087.7405,938.786,NA,FALSE,FALSE,FALSE,"inconclusive",0.0509441377004303,0.121588769549539
"N.chi.s[18]","A_auxiliary",TRUE,3853.322125,288.441508235974,3321.975,3911.5,4291,2.24784139847269,5.05757047070686,16.7869291351462,134.531993574518,3472.3615,4151.2725,4049.792,3739.8625,678.911,NA,FALSE,FALSE,FALSE,"inconclusive",0.0496171022908101,0.164687528304617
"N.chi.s[19]","A_auxiliary",TRUE,3932.85812499999,282.328998606974,3368,3990,4356,2.0891086754828,5.37886135808994,18.3100833541642,127.26711909966,3582.2085,4214.4865,4123.723,3811.0145,632.278,NA,FALSE,FALSE,FALSE,"inconclusive",0.0527691142927632,0.179630374702391
"N.chi.s[20]","A_auxiliary",TRUE,1837.992875,130.608570350745,1591,1871.5,2017,2.00887699725238,5.40114404834032,28.1671129221206,60.348832466657,1670.345,1962.0755,1939.3545,1780.1965,291.7305,NA,FALSE,FALSE,FALSE,"inconclusive",0.0529877177759714,0.276332387494807
"N.chi.s[21]","A_auxiliary",TRUE,1634.300875,118.483807546921,1409,1669,1797,2.06298401407297,5.3220199697686,28.4842764746518,54.64044305295,1476.9665,1750.5385,1718.5345,1591.164,273.572,NA,FALSE,FALSE,FALSE,"inconclusive",0.0522114740196268,0.279443908435544
"N.chi.s[22]","A_auxiliary",TRUE,3619.410125,263.998032270346,3104.975,3697.5,3955,2.07828417065689,5.31769956484057,28.423967753138,122.75194310043,3261.0525,3869.51,3819.857,3527.221,608.4575,NA,FALSE,FALSE,FALSE,"inconclusive",0.0521690888517891,0.278852252022308
"N.chi.s[23]","A_auxiliary",TRUE,2632.5665,185.78289678639,2275,2667,2905,2.19101207766638,5.11735941836496,19.723925738333,86.6748777583291,2393.969,2826.645,2762.5045,2547.1475,432.676,NA,FALSE,FALSE,FALSE,"inconclusive",0.0502036594824487,0.193500821511723
"N.chi.s[24]","A_auxiliary",TRUE,2752.908875,195.336810099651,2374,2797,3037,2.09065658463885,5.37166357726672,24.1635789527793,89.4631206300894,2502.2925,2946.7835,2891.8385,2670.721,444.491,NA,FALSE,FALSE,FALSE,"inconclusive",0.0526985007384013,0.23705587011713
"N.chi.s[25]","A_auxiliary",TRUE,4515.314625,321.657774041854,3884.975,4603,4942,1.99091216432183,5.54470085396396,27.9231913809683,147.388806320471,4091.1745,4812.2385,4758.9345,4398.911,721.064,NA,FALSE,FALSE,FALSE,"inconclusive",0.0543960763446607,0.273939404514464
"N.chi.s[26]","A_auxiliary",TRUE,3390.83425,250.736718271724,2934,3441,3752,2.15528766392261,5.23584198607786,21.6339933883414,117.238957237782,3061.7855,3647.469,3572.0405,3282.042,585.6835,NA,FALSE,FALSE,FALSE,"inconclusive",0.0513660281960313,0.212239467373753
"N.chi.s[27]","A_auxiliary",TRUE,2778.823,195.820162682535,2393,2801,3058,2.00487271945608,5.52107035720079,24.8722512720718,88.8199430949947,2528.613,2965.31,2924.796,2696.573,436.697,NA,FALSE,FALSE,FALSE,"inconclusive",0.0541642502570418,0.244008272888512
"N.chi.s[28]","A_auxiliary",TRUE,3588.855125,262.188512311719,3082,3642,3954,2.088175996069,5.35997091350982,17.9198533218059,118.844415132752,3253.7495,3852.7005,3765.8195,3483.151,598.951,NA,FALSE,FALSE,FALSE,"inconclusive",0.0525837903063789,0.175802037846857
"N.chi.s[29]","A_auxiliary",TRUE,1864.63325,131.968397549115,1619,1892,2045,1.99304093815149,5.42746647605138,22.7761177924286,60.4675449135934,1695.964,1989.8495,1964.0325,1808.687,293.8855,NA,FALSE,FALSE,FALSE,"inconclusive",0.0532459529495289,0.223444235298322
"N.chi.s[30]","A_auxiliary",TRUE,1656.065,115.705669697945,1428,1682,1812,1.88024982828201,5.70090792802409,27.6709820410419,51.211115821921,1519.775,1767.051,1738.433,1599.001,247.276,NA,FALSE,FALSE,FALSE,"inconclusive",0.0559285398895743,0.271465114400207
"N.chi.s[31]","A_auxiliary",TRUE,2976.202375,219.568707291163,2561.975,3032,3284,2.11937597800826,5.25092053012276,23.6698993936847,101.415469645758,2692.219,3196.349,3133.4555,2882.786,504.13,NA,FALSE,FALSE,FALSE,"inconclusive",0.0515139556775376,0.232212645623403
"N.chi.s[32]","A_auxiliary",TRUE,3216.12412500001,241.56364449618,2777,3270,3555,2.17206639996985,5.17309736730173,26.6303692167377,114.514376476402,2875.3205,3450.0805,3396.2295,3142.866,574.76,NA,FALSE,FALSE,FALSE,"inconclusive",0.0507504745055697,0.261256221959127
"N.chi.s[33]","A_auxiliary",TRUE,3479.388875,231.787214520854,3019,3541,3807.05,1.81293580675777,5.91667888223933,28.579658001838,101.532859209454,3232.16,3701.455,3634.7705,3349.17,469.295,NA,FALSE,FALSE,FALSE,"inconclusive",0.0580453526099687,0.28037964527173
"N.chi.s[34]","A_auxiliary",TRUE,4113.382125,309.754826212652,3555,4202,4548,2.34631142220841,4.94033363784292,15.2520832960588,145.987761455389,3703.4225,4436.568,4329.036,3984.502,733.1455,NA,FALSE,FALSE,FALSE,"inconclusive",0.0484669548114716,0.149629981713876
"N.chi.s[35]","A_auxiliary",TRUE,3802.215875,271.212435732851,3285,3865.5,4208,2.0518773145831,5.44526413197334,27.7147526963381,125.066352458566,3445.146,4062.3235,4004.7065,3696.6875,617.1775,NA,FALSE,FALSE,FALSE,"inconclusive",0.0534205561744432,0.271894524745302
"N.chi.s[36]","A_auxiliary",TRUE,4450.41999999999,315.137955650199,3821,4498,4912,2.09119748136386,5.36097373833696,24.897484323482,144.210402270773,4040.797,4763.717,4669.164,4328.002,722.92,NA,FALSE,FALSE,FALSE,"inconclusive",0.0525936284811145,0.244255820777401
"N.chi.s[37]","A_auxiliary",TRUE,3255.29487499999,248.343379170819,2805,3312,3624,2.17091936141199,5.15895434729281,15.3777166781629,115.752937986727,2929.5005,3504.992,3435.923,3150.764,575.4915,NA,FALSE,FALSE,FALSE,"inconclusive",0.050611724946953,0.15086250321943
"N.chi.s[38]","A_auxiliary",TRUE,2842.21475,207.525098399556,2444,2890,3137,2.13798868557045,5.25375782228408,26.177808440744,96.6835322303784,2562.188,3046.5805,2990.6635,2769.427,484.3925,NA,FALSE,FALSE,FALSE,"inconclusive",0.0515417908241188,0.25681639171942
"N.chi.s[39]","A_auxiliary",TRUE,4199.18287499999,307.364195662623,3599,4282,4640,1.87286374184369,5.76619581727356,26.0552693676136,136.0741443438,3831.873,4494.983,4401.1365,4068.739,663.11,NA,FALSE,FALSE,FALSE,"inconclusive",0.0565690442380564,0.255614226814088
"N.chi.s[40]","A_auxiliary",TRUE,4106.62837500001,306.461580556852,3528,4177.5,4523,2.21555368913328,5.13969890183233,24.8578668741557,143.762146417049,3692.0795,4411.114,4327.1345,3996.1855,719.0345,NA,FALSE,FALSE,FALSE,"inconclusive",0.0504228201333471,0.243867155301139
"N.chi.s[41]","A_auxiliary",TRUE,3404.836625,247.132530223251,2926.975,3468,3752,2.06188190789987,5.31343918389607,17.2256917282023,113.107482755467,3090.587,3650.93,3578.6875,3299.142,560.343,NA,FALSE,FALSE,FALSE,"inconclusive",0.0521272925469535,0.168991991996648
"N.chi.s[42]","A_auxiliary",TRUE,1814.46175,128.045163838527,1562,1839,1997.025,1.94668133216041,5.55550251726744,24.5606618098341,57.0634275479166,1661.0075,1938.376,1905.331,1753.1325,277.3685,NA,FALSE,FALSE,FALSE,"inconclusive",0.0545020456507028,0.240951436348095
"N.chi.s[43]","A_auxiliary",TRUE,1669.876125,115.904187812945,1444,1693.5,1843,1.98646602968142,5.50790572068502,21.3753513444456,52.2100525335142,1529.336,1782.996,1752.3965,1614.776,253.66,NA,FALSE,FALSE,FALSE,"inconclusive",0.0540350990923853,0.209702069462442
"N.chi.s[44]","A_auxiliary",TRUE,3197.873625,228.071678405432,2767.975,3260,3590,1.53034266264019,7.30649260514266,19.3173324021651,91.1337524302269,3006.8565,3380.9555,3331.7775,3071.905,374.099,NA,FALSE,FALSE,FALSE,"inconclusive",0.071680067154011,0.189511953087991
"N.chi.s[45]","A_auxiliary",TRUE,2344.2095,167.94562312335,2026,2382,2602,2.21512025748923,5.09707712208566,13.8644307342992,77.7019278091834,2141.3005,2520.724,2459.7575,2255.056,379.4235,NA,FALSE,FALSE,FALSE,"inconclusive",0.0500046807880319,0.136016469158843
"N.chi.s[46]","A_auxiliary",TRUE,3164.166,227.125231266442,2736.975,3229,3479.025,2.09800937526823,5.26481596816746,24.3215586895454,105.001213247344,2872.14,3390.076,3329.487,3064.961,517.936,NA,FALSE,FALSE,FALSE,"inconclusive",0.051650276342733,0.238605724301941
"N.chi.s[47]","A_auxiliary",TRUE,3188.155125,239.507849688673,2745,3246,3537,2.25695727349489,5.03917897637263,16.7841980672794,112.928092885319,2867.488,3433.506,3358.0975,3093.529,566.018,NA,FALSE,FALSE,FALSE,"inconclusive",0.0494366732367915,0.164660735267427
"N.chi.s[48]","A_auxiliary",TRUE,3022.69175,208.417937655398,2615,3056,3311,2.02236262172531,5.39688288788561,25.1222245765833,95.1140463204015,2762.066,3226.328,3174.2685,2928.1045,464.262,NA,FALSE,FALSE,FALSE,"inconclusive",0.0529459138237807,0.246460626462576
"N.chi.s[49]","A_auxiliary",TRUE,873.933750000002,63.1155492529946,750,888,963,1.94762939897347,5.50824345605548,26.2661164166616,28.3816561816229,796.6955,934.65,919.436,844.9535,137.9545,NA,FALSE,FALSE,FALSE,"inconclusive",0.0540384124323615,0.257682733750555
"N.chi.s[50]","A_auxiliary",TRUE,2449.649625,175.173509219147,2120,2484,2695,2.16190033346779,5.15574133446723,16.7497743521508,81.2689068016158,2224.8925,2626.8535,2574.1865,2372.666,401.961,NA,FALSE,FALSE,FALSE,"inconclusive",0.0505802038071188,0.164323022722509
"N.chi.s[51]","A_auxiliary",TRUE,3838.988375,262.528254432559,3334,3905,4201,2.0112679446421,5.4093462768088,27.6560164658169,120.091814072583,3516.168,4093.5035,4037.035,3709.247,577.3355,NA,FALSE,FALSE,FALSE,"inconclusive",0.0530681854256641,0.271318295195002
"N.chi.s[52]","A_auxiliary",TRUE,1537.833625,113.750331149359,1323,1559,1707,2.09661385289699,5.24156593194431,18.8365728406173,52.3214288704034,1389.951,1652.2235,1616.0175,1493.1425,262.2725,NA,FALSE,FALSE,FALSE,"inconclusive",0.0514221827487375,0.184795479737642
"N.chi.s[53]","A_auxiliary",TRUE,1321.54975,98.1761330165038,1133,1346,1465,2.11683642771148,5.24697828158748,22.7854831826918,45.2482857433673,1193.506,1418.514,1390.7865,1283.3925,225.008,NA,FALSE,FALSE,FALSE,"inconclusive",0.0514752803985744,0.223536114102459
"N.chi.s[54]","A_auxiliary",TRUE,2568.3595,182.951254860296,2225,2606,2863,2.27469531322609,5.03004524467292,11.5181501697078,84.5683977052714,2341.925,2764.809,2688.0605,2478.6435,422.884,NA,FALSE,FALSE,FALSE,"inconclusive",0.0493470671101609,0.112998373128241
"N.chi.s[55]","A_auxiliary",TRUE,2776.9445,187.20224692804,2402,2817,3020,1.93521619281079,5.566845392676,24.1457118272321,84.8574043284691,2545.4835,2941.831,2928.2475,2692.216,396.3475,NA,FALSE,FALSE,FALSE,"inconclusive",0.0546133244974689,0.236880585363106
"N.chi.s[56]","A_auxiliary",TRUE,3411.381875,239.788564397756,2931,3474.5,3808,1.58748079233962,6.82080661681367,15.3705924362579,98.849487016551,3193.848,3609.813,3555.593,3286.2735,415.965,NA,FALSE,FALSE,FALSE,"inconclusive",0.0669152632815374,0.150792611115821
"N.chi.s[57]","A_auxiliary",TRUE,2775.37325,187.123447441816,2404,2815,3029,1.86873292837702,5.78164943509024,16.7121349796145,83.6380878111383,2564.04,2950.372,2911.3525,2675.7285,386.332,NA,FALSE,FALSE,FALSE,"inconclusive",0.0567206513665016,0.163953763093184
"N.chi.s[58]","A_auxiliary",TRUE,2400.776625,161.882417878723,2083.975,2438,2621,1.92951740624479,5.59014089426308,26.5099897703433,72.7766539795628,2205.109,2555.127,2520.758,2322.1125,350.018,NA,FALSE,FALSE,FALSE,"inconclusive",0.0548418641276839,0.260075243989554
"N.chi.s[59]","A_auxiliary",TRUE,2747.7275,202.685124395468,2360,2790,3035,2.15628999699754,5.1767709088644,21.0198495902212,94.9422969934254,2473.385,2947.296,2895.8445,2674.3845,473.911,NA,FALSE,FALSE,FALSE,"inconclusive",0.0507865136450222,0.206214433055578
"N.chi.s[60]","A_auxiliary",TRUE,2461.586,168.676461969662,2130.975,2502,2689,1.9792730310916,5.46581543747349,19.4246332784959,76.8564500123696,2261.096,2624.9905,2587.7325,2372.525,363.8945,NA,FALSE,FALSE,FALSE,"inconclusive",0.0536221739735656,0.190564624244555
"N.chi.s[61]","A_auxiliary",TRUE,1734.78675,124.700882367348,1495,1761,1909,1.96271473256613,5.5519702051202,24.209006153743,56.2246050038171,1585.718,1853.7735,1826.975,1672.6805,268.0555,NA,FALSE,FALSE,FALSE,"inconclusive",0.0544673920370463,0.237501531940343
"N.chi.s[62]","A_auxiliary",TRUE,3258.366875,236.901551431957,2828,3304,3607,2.11355939580714,5.28863827485603,26.531198073724,111.014460915224,2950.08,3496.5205,3436.666,3150.201,546.4405,NA,FALSE,FALSE,FALSE,"inconclusive",0.0518839841743125,0.260283307241337
"N.chi.s[63]","A_auxiliary",TRUE,3387.2645,243.301247380428,2918,3445,3729,1.98186282896898,5.48700685126377,24.6886333132441,109.575528595745,3094.8165,3631.283,3553.802,3269.1565,536.4665,NA,FALSE,FALSE,FALSE,"inconclusive",0.0538300715306652,0.242206895903584
"N.chi.s[64]","A_auxiliary",TRUE,2366.652625,162.679893653408,2046,2404,2611,2.01960725823439,5.37579753564146,18.2788272130013,73.8760617168634,2164.5065,2525.707,2480.7495,2295.6475,361.2005,NA,FALSE,FALSE,FALSE,"inconclusive",0.0527390567794359,0.179323737521106
"N.chi.s[65]","A_auxiliary",TRUE,2697.779375,197.732233599216,2320,2743,2981,2.03855847329294,5.38793865890254,20.3909002184276,90.4163513439926,2452.372,2892.073,2844.1665,2602.506,439.701,NA,FALSE,FALSE,FALSE,"inconclusive",0.0528581668063272,0.20004414922132
"N.chi.s[66]","A_auxiliary",TRUE,4556.3575,306.418757994116,3940,4625,4957,1.88281849804084,5.68314315407737,25.4527897809741,132.945048189909,4199.1845,4851.697,4762.067,4412.4815,652.5125,NA,FALSE,FALSE,FALSE,"inconclusive",0.0557542592520246,0.249703623797965
"N.chi.s[67]","A_auxiliary",TRUE,3038.36250000001,208.414146354798,2619.975,3091,3347.025,2.04684019402094,5.38676765343034,15.8015823365875,93.4943815620941,2784.8985,3237.2515,3182.2065,2949.0935,452.353,NA,FALSE,FALSE,FALSE,"inconclusive",0.0528466787017849,0.15502082110218
"N.chi.s[68]","A_auxiliary",TRUE,2144.219125,153.33876778704,1844,2185,2361,2.03023046105349,5.37376294928392,22.2329296430576,69.7706193572081,1953.324,2295.221,2249.637,2078.6945,341.897,NA,FALSE,FALSE,FALSE,"inconclusive",0.0527190965475407,0.218115308667127
"N.chi.s[69]","A_auxiliary",TRUE,2213.604375,159.668480323483,1910.975,2247,2444,2.03505558603711,5.46422446614941,29.0359447254266,73.3544005345052,2012.4085,2370.476,2332.6955,2138.8375,358.0675,NA,FALSE,FALSE,FALSE,"inconclusive",0.053606565810044,0.28485602877827
"N.chi.s[70]","A_auxiliary",TRUE,1633.085,119.164138004994,1407,1661,1799.025,2.06394380217231,5.32783359089795,27.8822941402095,54.9151228255594,1476.858,1750.686,1718.069,1586.727,273.828,NA,FALSE,FALSE,FALSE,"inconclusive",0.052268508328081,0.273538183693144
"N.chi.s[71]","A_auxiliary",TRUE,2562.96300000001,182.836478248249,2208,2603,2821.025,2.04582041483337,5.40057447078306,21.1424498204586,83.8748869233152,2330.5095,2742.741,2698.275,2480.3265,412.2315,NA,FALSE,FALSE,FALSE,"inconclusive",0.0529821299570602,0.207417197940378
"N.chi.s[72]","A_auxiliary",TRUE,4381.88425,309.062678625797,3781,4454,4804,2.08837990419256,5.43453233977983,33.0435767338326,142.190923199028,3986.368,4690.902,4606.86,4243.407,704.534,NA,FALSE,FALSE,FALSE,"inconclusive",0.0533152723362618,0.324172749811959
"N.chi.s[73]","A_auxiliary",TRUE,2043.89775,142.012450112432,1751,2086,2220,2.02234846884584,5.39284213610794,25.6608263288319,64.7021737400806,1853.441,2177.258,2142.589,2002.303,323.817,NA,FALSE,FALSE,FALSE,"inconclusive",0.0529062721825132,0.251744558419651
"N.chi.s[74]","A_auxiliary",TRUE,4130.081875,276.427961182836,3584,4201.5,4517,2.13833344954241,5.23022283402942,21.6001295662698,127.013317599438,3783.8925,4407.2415,4319.0485,4010.145,623.349,NA,FALSE,FALSE,FALSE,"inconclusive",0.0513109017190815,0.211907247638325
"N.chi.s[75]","A_auxiliary",TRUE,3014.405875,217.389930052418,2581,3078,3318,1.75983710662064,6.16284534853735,27.7323647788429,93.7506718764537,2771.4945,3222.675,3152.2755,2911.1785,451.1805,NA,FALSE,FALSE,FALSE,"inconclusive",0.0604603593428693,0.272067307409282
"N.chi.s[76]","A_auxiliary",TRUE,1095.313625,77.1855489420141,945,1116,1203,1.92020713886673,5.59455480960643,23.918341574258,34.5878887724505,1000.1275,1169.9715,1148.4055,1062.75,169.844,NA,FALSE,FALSE,FALSE,"inconclusive",0.0548851666758862,0.234649978164443
"N.chi.s[77]","A_auxiliary",TRUE,2946.6785,210.079698740092,2540,2970.5,3267,1.87597377187566,5.84362497314207,22.1038582641201,92.0551979696585,2693.6385,3142.2235,3099.5175,2851.3345,448.585,NA,FALSE,FALSE,FALSE,"inconclusive",0.0573286600198375,0.216849058824708
"N.chi.s[78]","A_auxiliary",TRUE,2755.35925,198.449606248576,2359,2803,3021,1.97525880158938,5.62972028088712,18.4051393485177,88.0009150769668,2517.9215,2946.5525,2894.2045,2662.7585,428.631,NA,FALSE,FALSE,FALSE,"inconclusive",0.0552301561912561,0.180562917911134
"N.chi.s[79]","A_auxiliary",TRUE,2060.128375,148.209374356652,1776,2107,2268.025,1.99798517031199,5.46607137299314,19.4496540773558,66.9314061883642,1880.765,2205.9705,2162.313,1991.465,325.2055,NA,FALSE,FALSE,FALSE,"inconclusive",0.053624684819224,0.19081008983789
"N.chi.s[80]","A_auxiliary",TRUE,1387.97875,100.818675596866,1196,1411,1534,2.04042615272866,5.36488236587265,17.4407529124085,45.9718015347387,1257.6555,1485.2905,1459.1635,1349.8055,227.635,NA,FALSE,FALSE,FALSE,"inconclusive",0.052631973922543,0.171101841545427
"N.chi.s[81]","A_auxiliary",TRUE,4909.53750000001,340.761550278221,4234,4983,5377,2.22481188831822,5.12918436383823,22.8171878753095,159.649253446346,4462.62,5257.3425,5157.3505,4760.837,794.7225,NA,FALSE,FALSE,FALSE,"inconclusive",0.0503196676592065,0.223847151780692
"N.chi.s[82]","A_auxiliary",TRUE,2630.11775,198.268549415051,2256,2666,2972,2.20902074968699,5.12040020012279,12.3222414765913,90.8511200961289,2390.4215,2841.6705,2758.486,2529.893,451.249,NA,FALSE,FALSE,FALSE,"inconclusive",0.0502334909559587,0.120886880239683
"N.chi.s[83]","A_auxiliary",TRUE,3473.4805,253.885418733492,3006,3518,3868,2.20509793996948,5.14315513895587,15.0794960497871,117.849309691697,3148.9765,3737.712,3646.8135,3360.42,588.7355,NA,FALSE,FALSE,FALSE,"inconclusive",0.0504567274158838,0.147936821113949
"N.chi.s[84]","A_auxiliary",TRUE,2415.703125,162.763586954789,2093,2458,2628,1.77082729050472,6.04394462481733,18.1165093646645,71.4683630277199,2232.3005,2562.751,2535.1865,2332.5745,330.4505,NA,FALSE,FALSE,FALSE,"inconclusive",0.0592938883257204,0.177731324458114
"N.chi.s[85]","A_auxiliary",TRUE,3336.534,248.069449248505,2879,3390,3712.025,2.24330337541604,5.03816364871256,14.2442100429693,115.624102769186,3018.54,3596.211,3506.9485,3224.4365,577.671,NA,FALSE,FALSE,FALSE,"inconclusive",0.0494267124034901,0.139742279588052
"N.chi.s[86]","A_auxiliary",TRUE,2469.96325000001,181.572798718839,2138,2503,2725,2.04328449262567,5.36214975220172,28.4993800873582,84.3531865696124,2231.9375,2646.3885,2607.5305,2393.9965,414.451,NA,FALSE,FALSE,FALSE,"inconclusive",0.052605165720301,0.279592081852198
"N.chi.s[87]","A_auxiliary",TRUE,3166.761875,220.845397297913,2749.975,3213,3470,2.08447381332757,5.27757323860757,24.7133628709273,102.326404980551,2882.6465,3387.135,3327.8735,3069.3925,504.4885,NA,FALSE,FALSE,FALSE,"inconclusive",0.0517754310580344,0.242449504286459
"N.chi.s[88]","A_auxiliary",TRUE,2387.28112500001,175.144868064513,2049.975,2426,2637,2.03991308181265,5.47664488016612,26.909522560833,80.1729206796037,2148.8785,2551.527,2513.8685,2334.8505,402.6485,NA,FALSE,FALSE,FALSE,"inconclusive",0.0537284158082459,0.263994845199084
"N.chi.s[89]","A_auxiliary",TRUE,3330.940375,225.460636547021,2881,3384,3644.025,1.92740580697517,5.62591928792907,27.8293254226798,101.384847862386,3065.5145,3545.304,3496.0875,3216.8555,479.7895,NA,FALSE,FALSE,FALSE,"inconclusive",0.0551928666947482,0.273018536109169
"N.chi.s[90]","A_auxiliary",TRUE,1877.472875,134.12382213534,1617,1906,2065,2.06517633609518,5.40280460496352,27.696985768554,61.633851178058,1699.95,2006.012,1975.121,1828.8085,306.062,NA,FALSE,FALSE,FALSE,"inconclusive",0.0530040086034172,0.271720222977613
"N.chi.s[91]","A_auxiliary",TRUE,4264.433625,287.267445801881,3714,4333.5,4668,2.08629325852476,5.29140904202629,20.5493289821936,131.673315078822,3909.473,4558.2455,4468.1155,4121.9005,648.7725,NA,FALSE,FALSE,FALSE,"inconclusive",0.0519111666800052,0.201598408568394
"N.chi.s[92]","A_auxiliary",TRUE,1651.3075,111.242314567429,1428,1676,1807,1.91901146948502,5.59498832351981,16.6901703865437,49.5018502895589,1520.5295,1754.4325,1731.623,1598.645,233.903,NA,FALSE,FALSE,FALSE,"inconclusive",0.0548894196476063,0.163738280290229
"N.chi.s[93]","A_auxiliary",TRUE,1508.8485,110.675985175023,1299,1534,1669,2.06638159023894,5.35513078752865,20.3513573440694,50.5125695298467,1365.034,1617.1735,1587.7655,1465.421,252.1395,NA,FALSE,FALSE,FALSE,"inconclusive",0.052536306434963,0.19965621535994
"N.chi.s[94]","A_auxiliary",TRUE,1928.356625,143.019408691678,1661,1954,2145,2.26172633599854,5.04512355477987,14.6641357971428,66.849828438146,1737.103,2075.6765,2025.4885,1875.1585,338.5735,NA,FALSE,FALSE,FALSE,"inconclusive",0.0494949922966278,0.14386194519035
"N.chi.s[95]","A_auxiliary",TRUE,1676.844875,120.285211592075,1442,1712,1837,2.01235244831409,5.42988662758185,27.7638617625624,54.5432835108234,1522.5805,1793.089,1761.6455,1630.0645,270.5085,NA,FALSE,FALSE,FALSE,"inconclusive",0.0532696957538541,0.272376307367288
"N.chi.s[96]","A_auxiliary",TRUE,2331.56575,163.567906339953,2015,2375,2557,2.01007396097712,5.4341899944467,23.1180426370058,74.7493948506683,2125.0435,2489.331,2451.5825,2260.306,364.2875,NA,FALSE,FALSE,FALSE,"inconclusive",0.0533119137704224,0.22679867595069
"N.chi.s[97]","A_auxiliary",TRUE,1412.172125,102.423829395741,1215.975,1439,1556,2.08629881869224,5.28546351092414,25.6964870218857,47.4214554341708,1275.511,1511.2445,1487.292,1374.641,235.7335,NA,FALSE,FALSE,FALSE,"inconclusive",0.0518528382737918,0.252094406289347
"N.chi.s[98]","A_auxiliary",TRUE,1813.03625,135.735239318449,1557,1842,1999,2.10712629463215,5.25503303931582,28.1759329372923,63.1303457155081,1633.812,1945.3925,1914.1485,1758.792,311.5805,NA,FALSE,FALSE,FALSE,"inconclusive",0.0515543012921931,0.276418915917398
"N.chi.s[99]","A_auxiliary",TRUE,1432.368875,102.644007522453,1239,1464,1572,2.01699507988588,5.37821684135208,22.115498810001,47.0898767241929,1299.83,1529.843,1508.985,1390.8175,230.013,NA,FALSE,FALSE,FALSE,"inconclusive",0.0527627912858777,0.216963257956295
"N.chi.s[100]","A_auxiliary",TRUE,1857.513375,133.311550764761,1600,1891.5,2041.025,1.99348850693367,5.48742460908821,23.9849821015145,60.0334520489384,1689.74,1983.55,1953.799,1802.9645,293.81,NA,FALSE,FALSE,FALSE,"inconclusive",0.0538341699278755,0.235303752516525
"N.chi.s[101]","A_auxiliary",TRUE,1610.47275,113.044470846593,1387,1637,1763,1.97440261734617,5.49612047202782,29.8066621217639,51.3386294375091,1467.729,1719.5105,1692.927,1561.7245,251.7815,NA,FALSE,FALSE,FALSE,"inconclusive",0.0539194803597282,0.292417122412627
"N.chi.s[102]","A_auxiliary",TRUE,2324.856375,160.486898226685,2015,2356,2558,2.01162025182599,5.5204774878368,21.9569255991347,72.7083898227718,2128.354,2481.55,2440.5815,2248.94,353.196,NA,FALSE,FALSE,FALSE,"inconclusive",0.0541584339347487,0.215407581516449
"N.chi.s[103]","A_auxiliary",TRUE,3535.91412499999,249.803499222914,3064,3575,3902,2.01122011278785,5.4235004566535,25.3795877218971,114.328729398786,3216.9205,3772.057,3726.294,3428.385,555.1365,NA,FALSE,FALSE,FALSE,"inconclusive",0.0532070444674244,0.248985477788105
"N.chi.s[104]","A_auxiliary",TRUE,2582.928125,186.846961260683,2230,2632,2843,2.09123547498818,5.31498841979716,23.1779749883558,85.7166797317084,2349.3775,2768.049,2716.7815,2497.5045,418.6715,NA,FALSE,FALSE,FALSE,"inconclusive",0.052142491266699,0.227386639998782
"N.chi.s[105]","A_auxiliary",TRUE,2326.33875,164.574968064563,2021,2362,2551,2.02739538216136,5.4418636544014,28.2241188202494,75.4591361070113,2123.448,2489.869,2446.8335,2245.2045,366.421,NA,FALSE,FALSE,FALSE,"inconclusive",0.0533871959188615,0.276891641685137
"N.chi.s[106]","A_auxiliary",TRUE,2942.123375,208.583780056773,2536,2987,3256.025,2.0584784439543,5.40639454334964,19.3943243413608,95.0200175873718,2671.862,3143.0505,3091.753,2861.828,471.1885,NA,FALSE,FALSE,FALSE,"inconclusive",0.0530392275570934,0.190267279572272
"N.chi.s[107]","A_auxiliary",TRUE,1759.19175,118.23605077302,1516,1784,1932,1.94867491102186,5.69590820815171,16.3078536869066,52.1476018558752,1623.9675,1869.4375,1842.082,1701.28,245.47,NA,FALSE,FALSE,FALSE,"inconclusive",0.0558794903283729,0.159987576883673
"N.chi.s[108]","A_auxiliary",TRUE,1152.438375,80.1681908222448,994,1170,1266,1.94976122672941,5.52769110453443,23.7951367826679,35.8434873274441,1055.86,1229.9945,1209.1285,1114.7705,174.1345,NA,FALSE,FALSE,FALSE,"inconclusive",0.0542292028463528,0.23344128225354
"N.chi.s[109]","A_auxiliary",TRUE,998.759875,72.4016882782618,860,1017,1100,1.95739392372131,5.5180451090285,24.2149819790883,32.6915462182665,907.0155,1067.8685,1051.3145,968.841,160.853,NA,FALSE,FALSE,FALSE,"inconclusive",0.0541345711751805,0.237560157547073
"N.chi.s[110]","A_auxiliary",TRUE,3905.889,278.655042136445,3387,3954,4292,2.02269429811655,5.41189455118812,28.1781730159203,128.53174205117,3541.113,4170.5185,4119.515,3792.4095,629.4055,NA,FALSE,FALSE,FALSE,"inconclusive",0.0530931851743135,0.276440892123379
"N.chi.s[111]","A_auxiliary",TRUE,2293.041,164.280827678682,1974,2326,2528,2.11087773527939,5.26182704876655,20.2659530497261,75.9446458835188,2081.616,2456.5655,2412.986,2220.9965,374.9495,NA,FALSE,FALSE,FALSE,"inconclusive",0.0516209536628983,0.198818359786192
"N.chi.s[112]","A_auxiliary",TRUE,2059.725,138.026636175908,1792.975,2094.5,2248,1.79476487364309,5.99030242003308,26.3537757510404,61.2281530994354,1906.788,2192.0245,2161.4695,1978.618,285.2365,NA,FALSE,FALSE,FALSE,"inconclusive",0.0587676335207106,0.258542712308602
"N.chi.s[113]","A_auxiliary",TRUE,2212.53825,159.467769574699,1902,2252,2442,2.09306141801799,5.31224266846934,18.807152676055,72.6887589024193,2009.314,2370.084,2325.1845,2145.5705,360.77,NA,FALSE,FALSE,FALSE,"inconclusive",0.0521155541779749,0.184506854334802
"N.chi.s[114]","A_auxiliary",TRUE,3138.59775,227.481588110013,2707,3203,3471,2.19911047651318,5.11885737558852,21.7066532351321,105.968540007189,2846.1315,3369.5255,3301.6735,3037.0605,523.394,NA,FALSE,FALSE,FALSE,"inconclusive",0.0502183551346831,0.212952294030649
"N.chi.s[115]","A_auxiliary",TRUE,2947.678625,208.756694534088,2553,3002,3258.05,2.12647780895866,5.26988161773817,22.3410058478397,95.0403287138339,2696.9315,3160.94,3090.024,2842.819,464.0085,NA,FALSE,FALSE,FALSE,"inconclusive",0.0516999727047264,0.219175586153904
"N.chi.s[116]","A_auxiliary",TRUE,3902.315375,274.555223925864,3375,3954.5,4335,2.06940840132207,5.32318432421981,13.3980509683679,124.620852405002,3593.0865,4178.546,4097.617,3740.012,585.4595,NA,FALSE,FALSE,FALSE,"inconclusive",0.0522228968745812,0.131441068245182
"N.chi.s[117]","A_auxiliary",TRUE,1648.362875,119.941745024446,1423,1674,1815,2.10319419930393,5.27279516290944,27.7768372075809,55.5617648707793,1492.155,1768.2975,1734.9265,1598.0725,276.1425,NA,FALSE,FALSE,FALSE,"inconclusive",0.0517285559285547,0.272503602475973
"N.chi.s[118]","A_auxiliary",TRUE,2578.83637499999,176.92843980254,2229,2610.5,2845,2.10632920532029,5.25727481917384,16.8916636693167,79.9532353642084,2363.384,2756.146,2694.5535,2501.262,392.762,NA,FALSE,FALSE,FALSE,"inconclusive",0.0515762941880257,0.165715022459255
"N.chi.s[119]","A_auxiliary",TRUE,2830.769625,210.376824064278,2437.975,2874,3148,2.16575551308148,5.17636653780669,14.1034821388827,97.5040413336688,2566.1085,3049.0395,2979.6715,2728.259,482.931,NA,FALSE,FALSE,FALSE,"inconclusive",0.0507825465781766,0.138361673850044
"N.chi.s[120]","A_auxiliary",TRUE,1736.8415,125.61437815493,1499.975,1769,1908,2.11931362149609,5.2560990151007,26.6613359200757,58.3720123402402,1569.9195,1860.2575,1828.0105,1689.1785,290.338,NA,FALSE,FALSE,FALSE,"inconclusive",0.0515647590069919,0.261560019621667
"N.chi.s[121]","A_auxiliary",TRUE,3386.16412499999,242.553816156747,2933,3438,3712.025,2.01190360867988,5.51926969354165,27.4908027881711,110.751010768296,3073.6665,3617.3855,3567.95,3285.6545,543.719,NA,FALSE,FALSE,FALSE,"inconclusive",0.0541465849148613,0.269697472708974
"N.chi.s[122]","A_auxiliary",TRUE,1872.747625,129.464786035479,1619.975,1903,2046,1.94841584685258,5.53154642933923,33.053787483774,58.753779813193,1704.409,1991.288,1971.0685,1824.225,286.879,NA,FALSE,FALSE,FALSE,"inconclusive",0.054267025363372,0.32427292198499
"N.chi.s[123]","A_auxiliary",TRUE,2542.7585,177.800660325269,2201,2585,2782,1.97955883362459,5.47589161448154,26.4895326815545,81.0743808987188,2324.179,2715.525,2674.333,2456.997,391.346,NA,FALSE,FALSE,FALSE,"inconclusive",0.0537210259239644,0.259874550499887
"N.chi.s[124]","A_auxiliary",TRUE,2531.107125,183.895215627068,2187,2563,2799,2.1911326001651,5.14392032723022,21.9566646632356,85.4767075234889,2289.068,2719.2905,2658.6485,2457.4215,430.2225,NA,FALSE,FALSE,FALSE,"inconclusive",0.0504642342662777,0.215405021614758
"N.chi.s[125]","A_auxiliary",TRUE,4355.82800000001,302.704204043144,3750.975,4457,4766,1.87858290191091,5.7669404765977,23.9539038586594,132.323765528471,4008.136,4646.294,4558.43,4210.452,638.158,NA,FALSE,FALSE,FALSE,"inconclusive",0.0565763496899668,0.234998860599806
"N.chi.s[126]","A_auxiliary",TRUE,3859.394875,275.30224683904,3332,3913,4215,2.05818071518018,5.32994967247569,26.857373847125,127.859101410986,3500.8125,4123.126,4070.807,3742.834,622.3135,NA,FALSE,FALSE,FALSE,"inconclusive",0.0522892680657271,0.26348324223134
"N.chi.s[127]","A_auxiliary",TRUE,4182.22425,290.182057793501,3618,4263.5,4554,1.8752379909412,5.80922430083819,27.5827765157958,127.72935852893,3830.1075,4442.772,4392.8255,4063.192,612.6645,NA,FALSE,FALSE,FALSE,"inconclusive",0.0569911735356727,0.270599777457479
"N.chi.s[128]","A_auxiliary",TRUE,2298.2495,163.029049738481,1995.975,2335,2539,2.04181607012595,5.33965172526669,19.1796425468959,74.1750819923828,2098.005,2461.7685,2413.4335,2219.791,363.7635,NA,FALSE,FALSE,FALSE,"inconclusive",0.0523844496847574,0.188161152012086
"N.chi.s[129]","A_auxiliary",TRUE,2465.30874999999,188.782076764455,2113,2519,2730,2.18068560794668,5.19011631197801,21.4275033580554,88.1603849262565,2208.0775,2650.0555,2602.3145,2400.7875,441.978,NA,FALSE,FALSE,FALSE,"inconclusive",0.0509174382134953,0.210213704803745
"N.chi.s[130]","A_auxiliary",TRUE,1183.163125,86.864343616978,1017,1205,1303,2.02031796607568,5.39473241261915,29.5161314613219,39.9045391357617,1069.4985,1265.838,1248.701,1148.615,196.3395,NA,FALSE,FALSE,FALSE,"inconclusive",0.0529248166681626,0.289566882444394
"N.chi.s[131]","A_auxiliary",TRUE,1215.6435,88.5806156754068,1043,1239,1338,1.92546187173498,5.58454719584658,25.8788876088603,39.9004515577335,1104.211,1299.5375,1279.2955,1179.53,195.3265,NA,FALSE,FALSE,FALSE,"inconclusive",0.05478698736262,0.253883840294121
"N.chi.s[132]","A_auxiliary",TRUE,2043.219375,145.485062764345,1766,2073,2251.025,2.08313588792676,5.32576307926355,20.60077869506,67.169434756061,1856.3695,2188.109,2149.173,1979.226,331.7395,NA,FALSE,FALSE,FALSE,"inconclusive",0.0522481956526268,0.20210315401503
"N.chi.s[133]","A_auxiliary",TRUE,1428.421,101.390998248443,1234,1446,1572,1.9863549114854,5.48553040348158,23.7582109387484,46.2115749482091,1300.1535,1524.4495,1505.3025,1383.7785,224.296,NA,FALSE,FALSE,FALSE,"inconclusive",0.0538155868959853,0.233079022669509
"N.chi.s[134]","A_auxiliary",TRUE,2112.174125,156.071548805436,1812.975,2152,2332,2.0831444597006,5.31066411178331,28.9189151707484,72.9372924041925,1895.3485,2257.641,2230.438,2065.269,362.2925,NA,FALSE,FALSE,FALSE,"inconclusive",0.0521000678077867,0.28370791479367
"N.chi.s[135]","A_auxiliary",TRUE,2936.70887499999,217.965450790834,2533,2993,3264.025,2.03547572660547,5.38149792730349,26.9701690414648,99.6398494710134,2666.291,3149.7485,3097.3585,2833.4375,483.4575,NA,FALSE,FALSE,FALSE,"inconclusive",0.0527949802545176,0.264589815185269
"N.chi.s[136]","A_auxiliary",TRUE,973.520375000002,68.9005805208418,837,992,1068,1.84681580523661,5.8452634803612,26.0510426164789,30.3494706781268,890.418,1037.7305,1022.5145,943.4185,147.3125,NA,FALSE,FALSE,FALSE,"inconclusive",0.0573447345324452,0.255572760433219
"N.chi.s[137]","A_auxiliary",TRUE,890.315249999999,64.4362038801463,766,906,984,1.95745244380423,5.53399265162336,27.578147350847,28.9774732218378,811.543,953.1545,936.327,860.2365,141.6115,NA,FALSE,FALSE,FALSE,"inconclusive",0.0542910239338319,0.270554363211229
"N.chi.s[138]","A_auxiliary",TRUE,2503.94875,183.068906839798,2153,2547.5,2786.025,2.14298874793873,5.18929697192313,17.6820423236484,83.7512912527202,2277.065,2688.5515,2628.694,2421.4845,411.4865,NA,FALSE,FALSE,FALSE,"inconclusive",0.050909400109123,0.173469002115611
"N.chi.s[139]","A_auxiliary",TRUE,2118.79075,146.239839735205,1825,2146,2320,1.97320056467345,5.55485004276974,20.83043338505,65.626833278731,1938.0735,2252.38,2226.2755,2058.434,314.3065,NA,FALSE,FALSE,FALSE,"inconclusive",0.0544956445745178,0.204356172595947
"N.chi.s[140]","A_auxiliary",TRUE,1987.383875,138.362656786735,1715.975,2018,2183,1.97726583835744,5.48555618695864,24.0085129726093,61.8713390469259,1824.216,2126.099,2081.9515,1917.269,301.883,NA,FALSE,FALSE,FALSE,"inconclusive",0.0538158398438041,0.235534601230323
"N.chi.s[141]","A_auxiliary",TRUE,2584.45012500001,190.928506185676,2222,2628,2854,2.15243334945948,5.16631286781151,26.3293445686638,89.7956851446039,2323.267,2771.8355,2725.0865,2517.6115,448.5685,NA,FALSE,FALSE,FALSE,"inconclusive",0.0506839154319695,0.258303031125297
"N.chi.s[142]","A_auxiliary",TRUE,1444.07475,102.067005548513,1235,1466,1590,1.91880375410554,5.57968792758648,25.3746002378296,45.0605477766481,1321.584,1542.842,1514.5955,1397.2775,221.258,NA,FALSE,FALSE,FALSE,"inconclusive",0.0547393156966064,0.2489365482658
"N.chi.s[143]","A_auxiliary",TRUE,3120.44925,215.517151590694,2691,3174.5,3441,2.15152897735155,5.199282065506,15.3739888429425,98.2114070396782,2851.4655,3337.7935,3262.051,3030.487,486.328,NA,FALSE,FALSE,FALSE,"inconclusive",0.0510073584890515,0.150825931434118
