"iteration","chain","M","S","M_fraction_N","S_fraction_N","M_count","S_count","M_count_conditional_mean","S_count_conditional_mean"
1,1,86382.8693907586,35840.8903479492,0.190694028571716,0.0791203605095657,27297,11820,27423.7618650292,11636.6859804736
2,1,108536.10891318,50587.0805370563,0.239598290727387,0.111673231617901,31133,13861,31228.0504090696,13808.1805594774
3,1,119671.63290733,54834.3550925847,0.264180455520913,0.12104927922035,33189,15430,33165.1154084062,15385.6232908242
4,1,84881.5895458304,43100.5117824465,0.187379886500932,0.0951462979091165,27204,14099,27514.1025248403,13967.3230112759
5,1,107411.861531713,46374.8388854069,0.237116464599183,0.102374520709873,31756,13367,31749.3027171061,13534.600305201
6,1,97398.7795066644,48068.7153321708,0.215012140405712,0.106113828350547,28925,13713,28842.0824241282,13818.7003473286
7,1,85345.0853743859,41516.7713422754,0.188403074169932,0.0916501204045004,26122,12920,26371.361363524,12861.8782338629
8,1,95686.9824906724,45325.9769279859,0.211233272310929,0.100059111260212,28640,14108,28939.759822562,13859.2334239265
9,1,98617.4124370184,39297.7715554557,0.217702326833627,0.0867515796205137,30509,12569,30661.5955103189,12525.7545453091
10,1,98426.5037733286,40783.438202907,0.217280887462314,0.0900312548630152,30967,12195,30902.9756001762,12209.7373029138
11,1,88520.3575720082,48484.0895378868,0.195412628858806,0.107030785395519,27534,15124,27591.224599393,15133.8410706226
12,1,91364.8245499181,44060.4601459257,0.201691916302977,0.0972654266431321,29120,13813,29186.9729163462,13773.3496796007
13,1,89056.6470373221,48695.8706927572,0.196596511720565,0.107498301720024,26307,14561,26333.0048924841,14351.2951575283
14,1,99020.3262076668,47372.3300294599,0.218591776913647,0.104576526802813,29415,14011,29320.4995477485,13924.5042566286
15,1,103861.675571235,41556.0063791321,0.229279271093606,0.0917367334944814,31803,12678,31801.3923968501,12581.1115654494
16,1,97179.0790346437,51157.4828037634,0.214527141836155,0.112932420006895,27661,15057,27553.5888948083,15099.5570215771
17,1,112219.897066522,41878.5280851894,0.247730417019554,0.0924487145141403,33716,12389,33618.351675529,12431.3622775218
18,1,101796.518970991,46494.2623506942,0.224720345990639,0.102638153324329,30329,13553,30368.4894432764,13471.2718157593
19,1,95086.8737794988,51675.9843063793,0.209908505623717,0.114077035149361,28929,15488,28855.9212736627,15464.8721191479
20,1,105603.649306609,46783.8122533055,0.233124755639412,0.1032773476205,31619,13726,31752.049067011,13792.8447742932
21,1,111282.500250178,42904.3249166545,0.245661071829476,0.0947132066717613,32452,12350,32347.5024572934,12397.1703595578
22,1,93016.1658403324,44608.9233945855,0.20533732569302,0.0984761836734102,28093,13857,28071.1871517873,13876.7361975793
23,1,91281.3669290601,38548.6599565869,0.201507679890727,0.0850978824274754,30163,12276,30416.0919071443,12019.698396763
24,1,94854.3274493158,41527.4534641164,0.209395149250573,0.0916737016638625,28135,12207,28146.1510394127,12233.6772810275
25,1,99001.2323754882,44834.1473821808,0.218549626429359,0.0989733756494173,31084,13763,31107.2239810204,13699.2312494059
26,1,104791.650380375,54054.9199376547,0.231332231872471,0.119328641427784,31954,15695,32093.8498787159,15800.2667635308
27,1,115422.344922885,49074.210205599,0.254799963184527,0.108333503032281,34296,14390,34131.2086720007,14521.8437382466
28,1,109785.99606928,39474.6349155349,0.242357472249577,0.0871420133590325,33248,11674,33033.315000616,11778.2055813106
29,1,109907.078482575,41397.6686601575,0.242624767065588,0.0913871959331678,32795,12330,32863.6115805424,12396.6651821362
30,1,113335.500229363,41322.0319433228,0.250193160650438,0.0912202245146113,31877,12643,31944.0509052353,12467.0966678452
31,1,97680.7321337886,40444.8145332134,0.215634563378136,0.0892837280420259,29378,12197,29233.6338914504,12189.8743075845
32,1,93190.9908116849,42155.6470221405,0.205723259597708,0.0930604669003879,25957,11761,26135.7961435399,11591.0348883007
33,1,91292.1523360444,47130.9382178905,0.201531489156639,0.104043643635849,25903,13498,25981.0437142011,13327.1326197527
34,1,99359.3114057051,40683.7361655042,0.219340101824547,0.0898111581782993,31629,12608,31627.7558790835,12750.8933056022
35,1,90503.4400317889,43687.478945772,0.199790371644066,0.0964420540446012,27435,13303,27415.4971322033,13279.5699590209
36,1,98698.5874294287,43456.8699855973,0.217881524241993,0.0959329745019721,30784,13233,30917.7828962932,13191.3627793178
37,1,104609.805624533,50295.6467508921,0.230930801481114,0.111029878564946,30336,15119,30644.1318802026,14931.5770871551
38,1,90711.4221278771,44880.4868949159,0.200249501377236,0.0990756721860781,27920,13858,27835.922048402,13995.3729880661
39,1,95474.2079813847,41794.6445604726,0.210763563112339,0.0922635379001674,28804,12390,28666.7496460254,12488.7296875809
40,1,99984.0581059078,47132.1410724144,0.220719257969032,0.104046298990742,31698,16079,31590.1969125662,16103.7819538059
41,1,102083.585149417,44405.6494366665,0.225354057355135,0.0980274473647801,30132,12810,30008.888816947,12833.636096563
42,1,94092.274282842,52822.4231427516,0.207712882971094,0.116607849901878,26789,14830,26907.8943193959,14747.1390092951
43,1,100269.234773945,45133.9080509676,0.221348798155255,0.099635110666342,31257,13790,31153.9270473138,13830.2038274964
44,1,93452.2506075766,44291.5923203178,0.20630000222427,0.0977756612044314,28446,13436,28348.5566011527,13411.2456632766
45,1,114993.189033042,44162.5049847336,0.253852582458502,0.097490695166214,33605,12308,33783.6241254159,12170.2180264891
46,1,99141.6602630069,50744.2920723145,0.218859627240673,0.112020283078541,29816,14363,29668.0905617667,14419.1367500565
47,1,92096.4758468413,44696.129819905,0.203307069102415,0.0986686957383463,27940,13717,28005.5686278984,13781.8016103573
48,1,103843.254437369,44790.1492158894,0.229238605620782,0.0988762477392303,31379,13534,31442.0682030662,13478.7403445979
49,1,103824.494319556,50860.77658572,0.229197191825807,0.112277427825922,31361,15513,31173.0993899386,15565.4420983333
50,1,106089.757711869,46795.1497559875,0.23419786157784,0.103302375662236,32637,14279,32670.1665307144,14322.4762735202
51,1,119895.591178961,40423.7982417164,0.264674853372599,0.0892373336432352,37246,12529,37023.9197380756,12598.6124739059
52,1,104109.84859176,41647.3374567094,0.229827124081132,0.0919383509128404,32275,12910,32386.9312713905,12951.7037750926
53,1,98028.976969995,43314.3968014554,0.216403329352384,0.0956184586073383,30804,13315,30842.7905267522,13255.1496193213
54,1,93691.8738197561,50430.0462483517,0.206828981129371,0.111326571436917,27856,14609,27801.6794103305,14647.949876354
55,1,117383.071055024,44133.3291399648,0.25912835338157,0.0974262881904423,34686,13442,34643.9428698669,13421.268223879
56,1,103592.405721174,42308.2686837148,0.228684845915986,0.0933973860106024,31273,12442,31299.0768309581,12594.8723669824
57,1,101403.849040093,41683.7242794733,0.223853509642759,0.0920186764434545,30317,12002,30052.9170593565,12072.8347658013
58,1,105712.781815042,45501.4315346239,0.233365670508622,0.100446435112814,30463,13513,30636.1469239794,13449.9604877976
59,1,99997.7347990015,39612.716955037,0.220749449877705,0.08744683560645,29971,12109,29963.0666760902,12127.8825433877
60,1,98937.1967817021,41911.4634052268,0.21840826500623,0.0925214206988794,28776,12550,28745.8498213477,12481.5922635821
61,1,88865.1307590511,41515.5467637036,0.196173731013023,0.0916474170928043,26699,12192,26724.5164909697,12098.6754946496
62,1,102297.740030222,37698.1803377486,0.22582681378528,0.0832204108190622,29364,10551,29316.33670646,10469.1721398725
63,1,97734.2108213223,41485.3376978175,0.215752619960887,0.0915807292354335,30774,13264,30808.8416388156,13191.9361357069
64,1,95416.5544178768,45242.4055873043,0.210636290305076,0.0998746238063901,27481,12906,27333.5752286361,13067.7728832496
65,1,105979.830539638,39503.9094042493,0.233955192452931,0.0872066380957043,33063,12259,32958.3975870741,12412.5969251734
66,1,109762.472832293,47863.4028630463,0.242305543657047,0.105660591937708,31769,14017,31676.3176603273,13985.4582711154
67,1,96532.5756166629,45259.492020853,0.213099956768912,0.0999123428688652,28691,13435,28666.4391269567,13434.1062938816
68,1,91014.2049909598,37146.2288972495,0.200917908022569,0.0820019534500598,28321,11569,28133.5319108194,11521.2513142195
69,1,101396.681864436,44260.5547475456,0.223837687783529,0.0977071443812376,30849,13210,30880.7645925398,13273.8533135858
70,1,94705.7853547607,42023.5888657925,0.209067235966111,0.0927689426431206,28122,13635,28237.3359011662,13752.1465223079
71,1,122150.351173597,46122.505441388,0.269652336406817,0.101817483402329,35457,13887,35689.7537715577,13728.8732567879
72,1,104089.508590906,38391.917363386,0.229782222624034,0.0847518661772967,29458,11141,29340.8021834823,11104.5988103553
73,1,94746.0520888517,40733.7417919145,0.209156126573652,0.0899215478240554,30005,12241,29963.1015368344,12282.7067351076
74,1,104250.574455051,48744.5913253318,0.230137782687224,0.1076058546847,31155,14471,31263.4010952815,14339.9028789644
75,1,104126.489888343,44364.3457953156,0.229863860483945,0.0979362677383167,30383,12980,30448.1958321358,12806.0745830834
76,1,106488.308007343,48244.1484340113,0.23507767909222,0.106501104730351,30007,14065,30249.5997037463,14142.3201246255
77,1,102669.230683324,35355.7208814741,0.22664689593486,0.078049327320293,30589,10552,30603.0184587356,10303.7027759578
78,1,92178.4064506312,48304.2432527357,0.203487934556529,0.106633766717151,27172,13841,27116.2065509537,13999.8626655855
79,1,82540.3558695286,45322.7323855649,0.182211508966005,0.100051948788422,26451,14152,26424.0134310143,14124.4696654638
80,1,101058.093092409,38091.6742347282,0.22309023800069,0.0840890661087352,31309,11307,31458.5470091315,11328.9362947585
81,1,99658.1658932107,34464.9937462751,0.219999836405965,0.076083007528334,28925,10211,29003.4267455897,10186.9750728877
82,1,96806.8225366812,56000.482640754,0.213705369049964,0.123623557680387,28082,16492,27779.9370089123,16546.6417655946
83,1,104718.951353435,46260.243567858,0.231171745535097,0.102121546446423,31041,13797,31277.8645232524,13600.3638847055
84,1,89154.8368466695,40013.4063523294,0.196813270094548,0.088331375283293,25676,12367,25507.7356235602,12300.10837782
85,1,89802.5928550216,46579.5919062957,0.198243220310782,0.102826522115834,26634,13620,26649.9930539847,13718.9108852403
86,1,92939.1273314623,42492.0340870646,0.20516725975616,0.0938030563168105,28023,11919,27988.4983966723,12048.9064263032
87,1,110982.567618754,51451.4159931156,0.244998957197377,0.113581290603621,32265,15287,32108.1086967865,15404.2024483501
88,1,100130.363401917,43815.0492424476,0.221042233421157,0.0967236711519135,29410,12818,29479.6584562408,12872.3096379882
89,1,102307.632905043,43003.0107667941,0.225848652746723,0.0949310600778692,29788,12568,29800.7803585879,12611.8869477513
90,1,112235.298605532,50341.9288975429,0.247764416602351,0.111132048463423,30274,14290,30288.1872992785,14303.7385685342
91,1,99173.3649600819,40646.1738665708,0.218929616770455,0.0897282377317277,31664,12036,31432.9078690218,12269.9334371322
92,1,104641.572752922,42003.0913999251,0.231000928830801,0.0927236935749972,32411,13261,32465.6814897948,13223.4938931856
93,1,108610.960593925,38633.1895567088,0.239763529143836,0.085284485281658,31052,11313,30934.2574207431,11407.8220040039
94,1,95276.8433108598,46548.1911922505,0.210327871818619,0.102757203642118,27142,14026,27205.2574791311,13843.020875427
95,1,106491.441754612,37922.2835984119,0.235084596978782,0.0837151287404897,31022,11553,31221.0950883335,11481.3083618319
96,1,100100.263580119,40861.2891727322,0.220975786724973,0.0902031143435916,30673,12223,30723.3900566759,12208.7097780466
97,1,91439.7862911571,43218.1392554961,0.201857397682867,0.095405965790778,28678,13261,28515.595559726,13356.5424315915
98,1,81200.1024357568,41094.7236202589,0.179252839864185,0.090718431275296,25470,14010,25414.3146176557,13884.7376826935
99,1,88112.8978583581,42562.5708215526,0.194513143407297,0.0939587692973665,26944,12968,26935.8949711817,12912.4403035861
100,1,125393.272636891,40136.8326595145,0.27681122986033,0.0886038443493803,35335,11247,35407.8342497636,11138.819407859
101,1,103744.934028456,49873.8421905976,0.229021558942444,0.110098726226065,32156,15321,32126.3855283463,15356.1490435619
102,1,107325.487555523,45684.0344886236,0.236925790202748,0.100849539260348,33005,14098,33004.9894416159,14216.5396037376
103,1,107508.80134001,43547.7546333841,0.237330463540217,0.0961336064067005,32277,13103,32274.1456842817,13092.5231877972
104,1,96834.7558408552,42108.1788153694,0.213767033062074,0.092955678721411,29689,13238,29575.9272853754,13224.647405778
105,1,94937.1613534265,45888.3134322157,0.209578008780346,0.101300494119578,30598,14476,30712.3459032102,14532.3047037768
106,1,123587.228954161,46911.1400870621,0.272824308054361,0.103558429480128,35805,12982,35745.3108099347,13045.0147028487
107,1,99857.792560443,50279.7339848381,0.220440521158084,0.110994750425699,30459,15340,30501.6194778512,15204.6542805891
108,1,105952.673893595,46628.0147796238,0.23389524294821,0.102933417763722,31079,13528,31010.3459168402,13458.2689854439
109,1,110408.785181793,51621.3551257122,0.243732306932115,0.113956438801816,33079,15123,33178.9402305776,15167.7301035677
110,1,106093.298339985,56818.3173722591,0.234205677671979,0.125428964247181,32450,16810,32440.1428838405,16867.7287382544
111,1,115298.683266253,42870.1190723666,0.254526974574061,0.0946376957481955,34362,12317,34233.1194398745,12364.1267373237
112,1,98649.3208018911,41676.7639384026,0.217772765969136,0.0920033111807772,30494,13264,30465.390269109,13287.1727006716
113,1,96105.9886222382,40836.6567974116,0.21215824699385,0.0901487372788297,29465,12994,29485.2168683381,13055.4791733906
114,1,100100.874583934,42839.7969990227,0.220977135543087,0.0945707584218324,30861,13497,30933.8909655275,13599.8580461244
115,1,103618.825955957,49655.2941458585,0.228743169760076,0.10961627169102,31058,15160,31086.5243336022,14986.3568105534
116,1,95286.1150852886,36507.5157423613,0.210348339673302,0.0805919657352918,29842,11554,29895.6164884357,11552.3000623268
117,1,108398.637827923,39089.7917194223,0.239294817188654,0.086292454876515,34018,12647,33890.3349414543,12698.9321615525
118,1,107040.662277369,52189.4451670645,0.236297025725331,0.115210522850436,31324,14910,31259.3347755025,15017.0025963718
119,1,104997.79177941,41881.5349514686,0.231787298184979,0.0924553523052695,31544,13237,31689.3680265142,13286.3325948335
120,1,99075.5086900363,51371.5770203185,0.218713594699324,0.11340504251801,29375,15035,29271.7650655154,15074.8785754587
121,1,91609.1988572676,43575.6529186078,0.202231383462109,0.0961951931129198,27118,12959,27236.0009435342,12984.5541764665
122,1,85871.8216874575,34599.2856469144,0.189565868022962,0.0763794628755351,30323,11392,30233.7858067512,11448.3628999954
123,1,99701.9161718004,41006.8877568297,0.220096417093018,0.0905245296977203,31352,13062,31355.0183677107,13010.7682799566
124,1,107500.198211805,53748.3170258576,0.237311471751831,0.118651801854906,32972,16229,33226.4440474055,16046.4453245494
125,1,98938.7636389116,44346.5161934113,0.218411723913251,0.0978969080986227,28598,13154,28775.6135050965,13135.4398697905
126,1,84954.4097470341,39595.9212388913,0.187540640335887,0.0874097583155803,26359,11491,26304.4098592268,11592.3499787968
127,1,109955.429942075,56075.0886577702,0.242731505064272,0.123788253783224,31982,16219,32002.6439374286,16174.8320300079
128,1,109376.779494007,46820.3594081597,0.241454108447847,0.103358027091339,32551,13669,32581.6014122757,13749.3326782531
129,1,105764.871283626,47824.4737473216,0.233480660328716,0.105574654182241,31690,14037,31743.4864934689,14131.5214047883
130,1,122447.406272246,49000.611023638,0.270308098757253,0.108171029562637,36304,14855,36086.8973633521,14806.9372970337
131,1,96694.3021011472,44427.0227368784,0.213456975180902,0.0980746298761973,29748,13953,29865.7518564074,13916.6100433556
132,1,116950.700136232,51284.9602451834,0.25817387533606,0.113213832132098,35128,14644,35108.6352606832,14695.9212241194
133,1,97884.5823841292,39308.1553820849,0.216084571877934,0.0867745023799204,29723,11827,29810.6646765055,11891.4530976777
134,1,91346.26046336,38355.9422502506,0.201650935255722,0.0846724495140103,29409,12345,29534.8423497716,12313.19345133
135,1,110695.3685984,49385.5538949161,0.244364952578413,0.109020808082518,32967,13923,32842.1401080493,14004.8266918969
136,1,87392.4280183034,37089.4279833829,0.192922674171516,0.0818765629048258,26984,11741,26940.8099547585,11683.1222955813
137,1,95143.8835152192,47627.9084075639,0.210034357152487,0.105140727446763,28432,14080,28628.9753984524,14020.8009556348
138,1,100981.989505225,38533.4053219056,0.222922235945062,0.0850642071425226,30730,12072,30818.7705596405,12049.5315606046
139,1,111495.90726802,40684.6301584214,0.246132177318849,0.0898131317074505,32505,11811,32588.159650927,11713.5026621588
140,1,87979.274244903,43901.8495989784,0.194218163333796,0.0969152868019267,26499,12937,26431.1594797025,13070.676964963
141,1,110493.638380877,42126.1498115443,0.243919624145408,0.09299535049525,31558,12054,31739.7882317298,11977.3007103559
142,1,98625.1819695087,37401.4855225814,0.217719478422376,0.0825654438104457,28946,11389,28851.0688509338,11327.942613301
143,1,112908.324024147,45080.3285108683,0.249250150166331,0.0995168314470637,31845,13056,31893.5104796392,13052.9459603025
144,1,85637.7937441267,47145.3151127327,0.189049240922857,0.104075381271044,28017,15114,28166.0626894504,14966.7073660516
145,1,94092.4320998046,47340.5667048862,0.207713231359063,0.104506407850218,28180,14626,28152.7088360169,14615.4397131377
146,1,95544.1624824046,40615.0656820173,0.210917990786602,0.0896595650298842,30267,12177,30255.1634707681,12259.0930762032
147,1,93244.8250879303,41156.3584425506,0.205842101158365,0.090854492888507,26619,12094,26545.8275837775,12135.5810219723
148,1,80707.4003461295,47588.0466254742,0.178165178074071,0.105052730788787,25310,14804,25253.2536457108,14687.4964364189
149,1,78457.050743242,42881.9624249937,0.173197431175919,0.0946638404761975,25743,13404,25894.4814104665,13263.3748353549
150,1,110343.527956663,54311.9406188875,0.243588248703428,0.119896026020079,33062,16280,33125.3572645661,16093.5535002245
151,1,103707.813066195,46771.1325530577,0.228939612766219,0.103249356617904,30645,14478,30446.1590689576,14405.4814734987
152,1,99382.2908624965,35052.8294621698,0.219390829998094,0.0773806810322694,30060,10467,30102.4913283863,10451.2849150223
153,1,108379.341654077,39867.6031323743,0.23925222002613,0.0880095081864013,33355,12489,33364.0919360112,12551.2412975925
154,1,92060.5091416325,34557.8394914552,0.203227671000001,0.0762879686428351,26575,9986,26444.1148911746,9939.77930968777
155,1,87036.6122013617,32543.0885124723,0.192137194920356,0.0718403161920569,28166,10998,28334.076775972,10836.0437613233
156,1,109437.419915895,42217.0664560374,0.241587974877913,0.0931960530341318,35363,13115,35561.6094225185,13200.8602633393
157,1,97699.2331612054,40205.1024658532,0.21567540521953,0.088754552985159,30588,12508,30585.0557022427,12427.6998640219
158,1,93565.4282490504,41059.2404567193,0.206549846904692,0.0906401006126361,30212,13654,30067.8384951736,13881.9872624669
159,1,125499.367283157,56528.1858031207,0.27704543851361,0.124788485896265,35240,16442,35297.3655425421,16456.7936607106
160,1,105597.42283818,44733.8316865903,0.233111010433253,0.0987519242869418,32361,13797,32591.0993654683,13807.3352243628
161,1,101970.125911411,45624.1629479385,0.225103591037835,0.100717370169757,29354,13014,29317.8468258253,13009.5126062456
162,1,98340.7639652193,44706.6580587889,0.21709161302014,0.0986919372942324,30807,13820,31134.3664364775,13600.9310300894
163,1,89480.724233286,47083.6071204259,0.197532681003828,0.103939158131768,27527,13996,27333.882466484,14081.4574835413
164,1,87741.5554410684,36230.4911989647,0.19369338849487,0.0799804217270166,28341,11212,28249.4387215325,11431.4815410359
165,1,100872.1999471,47873.8309244189,0.222679870609415,0.10568361234728,29888,14331,29944.5597754725,14479.6325323987
166,1,99235.1103888556,62236.0860818151,0.219065922552397,0.137388929786431,28725,17674,28772.0614228075,17740.9884439022
167,1,109886.90065395,47284.3879224757,0.242580223610902,0.104382390687861,33159,14271,33072.5697257435,14350.6562835794
168,1,111274.383717454,43405.378647054,0.245643154222268,0.0958193050805621,32921,12710,32626.929930359,12824.2989452729
169,1,102500.588668163,44796.144838317,0.226274611181132,0.0988894833425689,31072,13227,31119.4829526585,13412.1718834989
170,1,96387.2154112145,52095.4382333649,0.21277906764626,0.1150029983606,27286,15018,27323.5851217623,14910.1278312403
171,1,106854.364264682,38768.9787205803,0.235885764571299,0.0855842459040784,32557,11884,32584.492960262,11841.1442198469
172,1,100283.819401785,44384.7024613288,0.221380994370286,0.0979812059844959,28574,12750,28573.5906607956,12809.4012572044
173,1,106540.332196039,38279.6275590978,0.235192524804057,0.0845039814369742,30720,11862,30839.3732464019,11818.3225221945
174,1,79473.9718400442,46351.3220749798,0.175442329754265,0.102322606304261,22536,13721,22565.1144695689,13758.0732449583
175,1,118768.439629643,38823.8936259971,0.262186616164619,0.0857054730017243,35920,12088,36130.7769136156,12032.6783577093
176,1,112141.706170145,41433.3279883368,0.247557807135987,0.0914659154871097,32685,12190,32641.9845526027,12373.0854644983
177,1,103006.841616768,32744.0915840832,0.227392187095506,0.0722840394180984,31765,10033,31731.4379023375,10086.9378975662
178,1,101228.26623265,44815.9882959515,0.223465902781174,0.0989332886584124,29014,13058,28895.3449663389,13077.9406589967
179,1,108777.910892322,40789.2397725691,0.24013207935752,0.0900440620862379,33058,12966,33121.6521312913,12906.2144904535
180,1,100866.147399958,45507.7572620491,0.222666509342237,0.100460399437626,29340,14015,29382.5661624787,14065.2100537456
181,1,105013.841143269,44313.5062359808,0.231822727869961,0.0978240371485166,30941,13781,31140.4729449192,13595.817282923
182,1,115123.594425969,43046.6506544117,0.254140458166963,0.0950273970719388,34852,12851,34888.1194679911,12697.133012233
183,1,85226.1656533825,39968.3844212555,0.188140553593402,0.0882319873667869,25244,12086,25365.9926629961,12027.6449172821
184,1,118984.484717785,43120.0083734396,0.262663545311584,0.0951893375014119,32312,12320,32446.2727340394,12215.8230332398
185,1,100696.384924107,38776.2383503977,0.22229175112167,0.0856002718599837,30696,11655,30610.8281355303,11660.8970157013
186,1,104830.827046749,41808.4557929866,0.231418716107016,0.0922940268105985,30418,12055,30573.6091304685,12188.0769590928
187,1,97270.4161725426,39531.291586275,0.214728772632944,0.0872670854811455,30129,12308,30149.3434958897,12329.3092814627
188,1,93977.5128507296,38060.6798602845,0.207459542002352,0.084020644647774,27438,11027,27437.8836586357,11028.2389481728
189,1,98502.2419160096,54680.4817048528,0.21744808278294,0.120709596868935,29382,16487,29510.1833632042,16362.8089506879
190,1,87827.5128136639,41915.9974357113,0.19388314322033,0.0925314297729569,26246,13108,26355.5621351373,13130.6664379197
191,1,98138.4336667794,50716.376853187,0.216644959881807,0.111958658989976,28575,14495,28394.8608774663,14439.967572464
192,1,106637.842725243,53151.1807305097,0.235407783636893,0.117333596907914,33761,16462,33674.0015963605,16429.2048849168
193,1,94727.5411729268,36393.9101024226,0.209115262902936,0.0803411762292106,28677,11334,28649.6974725413,11303.3727937033
194,1,95317.0570462532,41530.6934123178,0.210416645429176,0.091680853993708,29337,12784,29608.0499121578,12814.0534097008
195,1,100160.419619236,42122.3056121463,0.221108583858513,0.0929868642539964,30043,12484,29913.242080272,12380.7904968476
196,1,85689.8211146057,38314.5403606793,0.18916409365862,0.0845810530002281,27442,12593,27548.5190772628,12516.1507763528
197,1,105399.168343249,41641.4675496631,0.232673354812555,0.0919253928318009,30677,12378,30522.9369477924,12314.320229441
198,1,96314.691837134,40530.2055761449,0.212618968628881,0.0894722325695485,28641,11871,28615.3232226828,11967.4786608711
199,1,101711.671465175,51095.1409976715,0.224533041345487,0.112794797695481,30601,15600,30647.8248485115,15531.3337131394
200,1,118817.281754053,41719.8956215971,0.26229443732793,0.0920985262909656,35054,12271,34870.8165991887,12450.3809104633
201,1,93402.3226162159,40765.4785290097,0.206189783961341,0.089991608083608,29318,13267,29200.6686905229,13346.8579828306
202,1,111997.170573907,44120.1813433082,0.247238738374865,0.0973972638441919,33854,13523,34055.6988630372,13349.483725988
203,1,115198.205045392,56763.5676815838,0.254305164429818,0.12530810186843,35369,16977,35271.7927205946,17188.6338073159
204,1,106043.399501592,41071.6361832575,0.234095523765524,0.09066746473063,31901,12227,31790.8502704178,12307.4860976286
205,1,85365.9138281221,40334.6961190533,0.188449053908506,0.0890406367420469,27972,13450,28075.6519489608,13329.2307842044
206,1,114337.161416806,41655.5950749501,0.252404372299744,0.0919565799726046,36922,13566,37089.535125233,13510.0173292664
207,1,100745.041951875,41455.5152418166,0.222399163675904,0.09151489483659,29850,12316,29861.3928274257,12343.7910948131
208,1,101485.200745851,42568.5445549301,0.224033097153705,0.0939719565796528,31447,12887,31351.1563334061,12913.2960278992
209,1,104274.358628981,47141.0750045911,0.230190287309667,0.104066021043619,32208,13488,32174.399945045,13486.6963326754
210,1,96780.1813008149,45648.3201660045,0.213646557336145,0.100770698303733,30234,14430,30226.2167547302,14355.9198170601
211,1,82254.1372745289,39840.8614095435,0.181579668679643,0.0879504746431362,24759,12064,24652.3745166239,12045.4836398933
212,1,86898.1791691951,48135.1944807095,0.191831597841011,0.10626058402954,26068,14186,25982.6908503082,14376.7340758873
213,1,96867.1703178901,41402.0223001907,0.213838589462706,0.0913968067872958,29920,12655,29905.106567468,12687.0126057478
214,1,95989.7809483798,41930.1696443619,0.21190171338209,0.0925627155542745,28725,12811,28820.6742242016,12917.5507967549
215,1,101751.667315873,41697.6073608883,0.224621333965883,0.092049323963532,28825,12528,29033.7327347092,12506.1337450664
216,1,109413.387392805,38712.6828826404,0.241534922013644,0.0854599703364306,34280,12101,34081.1371047884,12221.6006715812
217,1,89250.8281402354,39526.0961444363,0.197025175147101,0.087255616312068,28275,13067,28282.5094842504,12929.2008086365
218,1,104086.807187866,40744.3030689715,0.229776259156598,0.0899448623131788,29267,11726,29437.9706747173,11539.7941184872
219,1,117991.341699452,41360.0790557858,0.26047113789968,0.0913042152086257,35471,12496,35263.6140077441,12472.6513021532
220,1,105849.347174005,50504.2568362091,0.233667144616251,0.111490394612287,31158,14252,31243.7015602169,14302.9187488176
221,1,106011.75603042,47377.2200997801,0.234025669394648,0.104587321850673,31724,14144,31709.7584288539,14313.3484304968
222,1,99754.6792291613,36966.337953492,0.220212893890314,0.0816048361858312,29506,10828,29318.3752392721,10884.3993365791
223,1,84047.0058562686,36712.9182552668,0.185537505863831,0.0810454009237842,25706,11541,25862.0847188311,11439.2218890503
224,1,90331.0128930907,38683.672583177,0.199409731061676,0.0853959288092881,27552,11545,27519.9541657667,11696.2650919397
225,1,84931.2996944547,39869.3254327964,0.187489623866326,0.0880133102412324,26038,11757,25996.1306076298,11766.124352466
226,1,90337.2806135428,43119.6095794335,0.199423567333513,0.0951884571458954,27401,14137,27685.6265914912,14033.5620571721
227,1,102810.797797888,58039.6732289999,0.226959411640576,0.128125161656276,30621,17218,30456.2126621374,17235.9863404913
228,1,79843.2018870689,43327.7282067016,0.176257421515322,0.0956478882777216,23952,12681,24046.7432297717,12556.7860921095
229,1,93593.0719114119,40324.0278872368,0.206610871519612,0.089017086145532,29741,12786,29752.2767207769,12711.6915765293
230,1,93101.0212519533,41289.0551792397,0.205524647790586,0.0911474268402968,28704,11922,28631.7894430005,12024.2681302694
231,1,105948.190115755,45999.7318091084,0.233885344809081,0.101546455145143,31801,14190,31815.2938807046,14019.3046608678
232,1,113321.585542769,50486.3388754209,0.250162443360521,0.111450839916424,34815,15141,34783.7627539245,15344.791396928
233,1,102852.745270209,37540.8012696503,0.22705201255256,0.0828729895222219,30130,10946,30127.5685088283,11103.4010134862
234,1,110531.092758285,46991.372872416,0.24400230635041,0.103735546924484,30884,12211,30930.7523101826,12176.8758256313
235,1,93151.4612382957,39322.2562710054,0.205635996305223,0.0868056307197597,29030,12240,29180.6383784911,12020.3371643967
236,1,103728.050344473,42740.4488890133,0.228984287458659,0.0943514430475887,31376,13136,31341.300359406,13173.5093225228
237,1,96937.1746904429,45750.943378957,0.213993127230598,0.100997243613479,27415,13454,27553.760502069,13417.1621592267
238,1,108976.278641391,41507.1918143784,0.240569984991768,0.0916289731703394,32190,12122,31847.660005672,12279.9266629033
239,1,106876.486612556,41637.4642840305,0.235934600638765,0.091916555444755,32382,12238,32396.4508063813,12184.0472832324
240,1,96541.97370413,40453.412513153,0.213120703465249,0.0893027084653878,29720,12757,29601.6384583434,12896.9383565923
241,1,89860.3982539834,46065.7953270896,0.198370828301567,0.101692293301183,26708,13177,26625.0375133721,13135.3751422871
242,1,90915.8205203965,35880.9011311628,0.200700719925289,0.0792086860941535,27871,10822,27936.0658803553,10837.4130873319
243,1,90941.5492235426,46469.30665591,0.200757517182517,0.102583062517462,28351,13732,28148.7222394685,13758.8497195176
244,1,72854.8154930057,31883.1613958291,0.1608302475386,0.0703834977126067,23846,10382,23845.8827539667,10439.4443089794
245,1,96099.474504008,48291.0179100912,0.212143866787952,0.106604571184682,27172,14845,27478.7055111945,14546.5974504057
246,1,112692.585758964,45634.102225499,0.248773898344705,0.10073931156731,34304,14243,34261.6179428718,13945.6276099683
247,1,106084.484554626,38758.4057076831,0.234186220848548,0.0855609055075655,30380,11607,30435.4065398642,11483.4529030187
248,1,105405.573803485,43049.9386854724,0.232687495151096,0.0950346555468361,32810,13814,32822.4288603817,13670.0832325463
249,1,103558.002214489,51279.3276740559,0.228608898643882,0.113201397980662,31286,15793,31342.8793410118,15757.1715447926
250,1,88827.7636747112,33959.9401717484,0.196091241511354,0.0749680792856129,26806,10561,26916.786128464,10553.0187245304
251,1,95030.1495918818,37998.0038666155,0.209783284455094,0.0838822846024113,28617,11390,28734.9996924325,11396.5652871262
252,1,92911.6607619343,39095.2437510878,0.205106626081552,0.0863044904790544,28343,12289,28211.898786746,12242.4741858113
253,1,93363.446389372,45923.9756904766,0.206103962960432,0.101379220141805,29067,14068,28971.8520892066,14069.9569821479
254,1,103756.669264354,48215.6642074282,0.229047464997956,0.106438224532504,30687,14446,30697.453825603,14374.5305841879
255,1,92093.7841809682,43353.5060724318,0.20330112713021,0.0957047940635415,26958,13192,27019.4394183605,13089.4353637134
256,1,82108.6141863307,44987.0315312015,0.181258419986072,0.0993108742123514,24186,14125,24359.5392940878,14118.0237588823
257,1,121153.749588378,43876.6526966178,0.267452294054592,0.0968596635186004,36020,12279,36026.1599117453,12247.3206768466
258,1,100870.769051038,46109.9656574287,0.222676711842677,0.101789801271167,28364,12836,28311.7248342107,12810.497084224
259,1,102244.573047373,46970.0249743649,0.225709445304493,0.103688420489467,31235,13974,31284.7321262704,13877.8562774769
260,1,111421.52579972,45557.0008914689,0.245967976917297,0.100569106941113,32861,12959,33036.5450048022,12986.4156018872
261,1,92619.7939100228,45249.8023647374,0.204462317016686,0.0998909525217607,27859,12793,27690.4187393625,12933.5277731641
262,1,93374.6875143023,38389.7343278746,0.206128778243992,0.0847470470292514,28617,12089,28685.3767775201,12002.2995880477
263,1,104776.848666251,48241.131674774,0.231299556429806,0.106494445100077,30909,14517,30876.9207195428,14496.0273169779
264,1,108410.063922695,47036.4050876864,0.239320040801372,0.103834957543812,29961,12722,29904.0776646429,12741.1368181796
265,1,111358.929115634,52437.9479852264,0.245829791951367,0.115759103880922,32698,14862,32723.2669790988,14836.3554531634
266,1,98676.4669043245,46467.0006639879,0.217832692198371,0.102577971937668,31090,14244,31000.8295038985,14369.3964461174
267,1,71758.0667925732,38775.8983650473,0.158409125972585,0.0855995213271918,21426,12311,21555.8451994446,12303.145452347
268,1,112763.415734415,47467.3779349298,0.248930258667737,0.104786349284159,31095,13755,31378.8852102819,13513.1607636399
269,1,90555.0935744833,40506.5879925583,0.199904399138358,0.0894200957027017,26550,11599,26421.1128716434,11551.5692601649
270,1,111732.835921647,40195.4038764572,0.246655207866026,0.0887331429174404,32858,11991,32686.7673033477,11935.9621802563
271,1,89199.825976618,42730.5149132922,0.19691258560111,0.0943295133540817,27928,13146,27791.2921687039,13265.9674237724
272,1,104805.765323577,52123.7527612375,0.231363391237764,0.115065503940991,31691,16208,31650.2935439634,16060.943280272
273,1,106574.163766747,52508.0591788055,0.235267209502038,0.115913877460983,32103,16088,32251.2130974893,15959.9900212984
274,1,92380.4947418175,46518.5164739874,0.20393405345308,0.102691695380906,27821,14137,28000.7493576982,13978.0356956006
275,1,96567.8273668283,41637.6230773138,0.213177776576249,0.091916905987995,29467,12655,29451.2185716868,12674.6623938178
276,1,99414.5580178354,40119.5158129787,0.219462061179525,0.0885656166399819,30311,12013,30337.1400092898,11994.9004461159
277,1,82908.1419200292,38077.4693497405,0.183023413040471,0.0840577081929494,26004,12375,26191.4882117489,12335.6212435256
278,1,97519.8218918387,47896.4237526595,0.215279346857866,0.105733487021094,32974,15445,33010.3785985372,15465.188106908
279,1,92797.5819540841,45531.8467192642,0.204854792036248,0.100513577986508,29687,14308,29516.031666519,14446.2689409364
280,1,92062.30658529,52459.1177159905,0.203231638936869,0.115805837003723,28825,15304,28576.7949324899,15405.8161174038
281,1,89095.7654549896,36367.9636830115,0.196682867368496,0.0802838983536386,26732,10749,26786.9179340122,10876.2610398469
282,1,116712.888148356,50470.7704069929,0.257648894789216,0.111416471829509,33930,14424,34049.893514465,14309.3573339559
283,1,90450.8811408404,45507.0630364844,0.199674345553212,0.100458866903796,27036,13720,27020.7257225485,13948.1620070314
284,1,104145.300454713,50948.0017996245,0.229905385646354,0.112469981367495,30734,15128,30860.074187453,15063.1193018552
285,1,97411.9886601288,45319.2776999993,0.215041300199846,0.100044322416288,28853,13464,28745.248967613,13588.2931836181
286,1,96879.7262245041,38887.708680666,0.213866307185346,0.0858463475749373,30887,12857,30903.6924206134,13029.7700612093
287,1,107292.661709903,44262.2306783005,0.236853325687657,0.0977108440729649,33492,14815,33470.5004595431,14837.4653083336
288,1,102081.788186005,43721.6922115328,0.22535009047843,0.0965175813513988,29546,12541,29516.5332336751,12518.8286651766
289,1,108720.809356479,46597.1880218741,0.240006025175895,0.102865366324072,32915,13848,32775.3636358401,13689.173297607
290,1,99466.3922330467,47418.3572284238,0.219576487516439,0.104678133892925,29668,14013,29553.1622363369,13983.5736985095
291,1,99622.9716179681,43564.3823466803,0.219922143477077,0.0961703128238034,30593,13398,30474.2903360105,13500.2964149596
292,1,90350.8030650598,39004.8271639543,0.199453418747042,0.0861048918390485,29195,12781,29384.6472001758,12684.3684259916
293,1,91166.7961519248,36017.8557189089,0.201254759801332,0.0795110194416434,29668,11195,29565.7794942842,11268.7208995835
294,1,108170.903590203,43641.5352227563,0.238792083723781,0.0963406312313602,31957,13331,32000.054788171,13321.010512869
295,1,118551.083081906,45581.8427647328,0.261706791912232,0.100623946481909,38236,14325,38528.2858202234,14175.407103175
296,1,99268.5770545107,40643.4287921486,0.219139801706235,0.0897221778577737,28805,12167,28960.9150667318,12283.3141738956
297,1,95014.0337212356,42954.7875387112,0.20974770795342,0.094824605155745,27825,12823,27958.5686187086,12787.4831180976
298,1,93543.3648775682,39301.9010121669,0.206501141030235,0.0867606955799813,30160,12794,30315.3656058436,12735.9984773233
299,1,112910.85942247,42983.9239227991,0.249255747170965,0.0948889250203074,32519,12648,32599.3857249122,12638.8812839413
300,1,111550.356635854,51463.5853272571,0.246252376721562,0.113608154950324,32274,15339,32084.4109965221,15490.5094808221
301,1,91710.3253240704,44056.6246720825,0.202454624638118,0.0972569596639289,27784,13609,27757.3689801305,13658.1996247795
302,1,96761.5755991555,37351.837710641,0.213605484421702,0.0824558440560562,30586,12092,30464.0324448553,12112.5468581115
303,1,93639.0173324538,41925.0619261764,0.206712298081321,0.0925514400390655,29023,12474,28977.4796336821,12587.4990514926
304,1,105666.599650792,57762.7106287523,0.233263721325746,0.127513754390259,30670,16927,30663.9709601452,16876.5797216584
305,1,102862.18566822,50774.1166544751,0.227072852651305,0.112086122170977,30749,15159,30647.7440125233,15225.0349221467
306,1,112218.510299292,43810.7049830793,0.247727355669178,0.0967140810060207,33368,13470,33403.8824518787,13386.9632070032
307,1,86503.245506536,50813.4845161091,0.190959764204525,0.112173028477565,27262,15437,27399.8176896536,15246.5351212844
308,1,114885.585277835,48652.297280807,0.253615042380074,0.107402111473949,34373,14119,34121.3022507253,14207.815028543
309,1,98727.1528209529,42037.3766533778,0.217944583615059,0.0927993797978282,31269,13080,31278.3979948756,13149.2125228554
310,1,94873.5740764986,44632.8503560901,0.209437637036633,0.0985290035057795,29501,13810,29629.7626557755,13802.2519394464
311,1,86639.6132208874,42185.5455410909,0.191260802002877,0.0931264692115775,26490,12587,26494.9315277739,12569.4957283217
312,1,116380.822322653,47884.4731186774,0.256915844700686,0.105707105464727,33037,13693,33091.2950180814,13627.90639612
313,1,95414.8169072793,46495.9480302284,0.210632454673105,0.10264187453692,28107,14022,27951.7641540082,13953.2128936985
314,1,116607.755113382,38950.422671966,0.257416808935658,0.0859847915017617,33166,10848,33007.8538624874,10655.6003134704
315,1,97663.6425214622,44697.4918911706,0.215596837298368,0.0986717025712829,28500,13099,28533.6478784935,13113.0113164481
316,1,112113.276255458,56443.7494046949,0.247495046834067,0.124602088788974,31063,15282,31311.6055930952,15398.9926178435
317,1,93196.0593631075,40145.8340548245,0.205734448650545,0.0886237153301262,26768,11906,26705.4570106092,11834.5318819462
318,1,87942.0562117865,38006.5446221138,0.194136002869337,0.0839011387002724,27966,12501,28057.848812678,12388.620184884
319,1,91052.0069458123,44314.2054922088,0.201001357520248,0.0978255807877595,26234,11844,26069.1851096328,11929.1186758026
320,1,97842.0458154844,44826.5381182133,0.215990670509599,0.0989565778605655,28482,13638,28720.9396148165,13510.9595258247
321,1,94203.2698729148,40943.1699459199,0.207957910675939,0.0903838697944332,26811,11954,26797.9861962522,11983.3745991675
322,1,106140.472807003,45713.2275113433,0.234309817407378,0.100913984157211,30408,13598,30480.852218942,13477.7899856781
323,1,101381.384605423,43871.7376652847,0.223803918403466,0.0968488133681934,30844,13226,30736.4092524143,13361.7082555862
324,1,110205.195118173,46730.8113855383,0.243282872806084,0.103160345846148,32243,13340,32052.1470639023,13393.3354897446
325,1,100824.751500941,51879.0607082326,0.22257512605287,0.114525335344184,29525,15136,29558.8346277775,15140.9754888484
326,1,118256.839105073,47942.4734539779,0.261057235238312,0.105835143786155,35561,14052,35571.3934962,14008.8904154438
327,1,94654.3648473444,51624.9244391028,0.208953722907567,0.113964318219975,28150,15885,28280.2119962116,15623.0599337322
328,1,96658.2547756181,37084.257585472,0.213377399105543,0.0818651490213337,29453,10591,29222.4514909646,10632.4890068018
329,1,93353.8049972826,47909.6805879177,0.206082679158313,0.10576275207491,27579,13824,27502.4857593717,13812.762731978
330,1,82450.1014072804,38997.0735428785,0.182012268223899,0.0860877753754558,25620,12015,25497.2182884216,11890.8591686347
331,1,101939.205262977,45488.5373844896,0.225035332330321,0.10041797070255,31038,13926,30846.8846493678,13957.5800719463
332,1,93235.7528781099,45542.7086196115,0.205822073851436,0.100537556114924,29533,14547,29587.9095657012,14676.2095899388
333,1,87425.148927013,52265.897071155,0.192994907033707,0.115379293831138,27672,16112,27666.9001733283,16010.6202302801
334,1,90952.6283887063,44763.0459437047,0.200781974932684,0.098816416059676,27468,14033,27569.8053639062,14062.0183713542
335,1,93449.3964769338,36950.414452322,0.206293701603856,0.0815696843483372,29490,11891,29437.5793876618,11940.5369114616
336,1,116066.00136309,44097.1671463392,0.256220863421627,0.0973464589801568,37295,15080,37380.9657271971,14972.7844244087
337,1,92390.4155231417,44365.1220474161,0.203955954019368,0.0979379813493751,28956,13751,29008.6987044707,13780.7496730377
338,1,96943.1023544129,40561.8983256984,0.214006212812617,0.0895421957246451,28749,11805,28666.8326190723,11814.5583238472
339,1,111351.125747267,54198.5664915289,0.245812565668417,0.119645747588321,34554,16705,34250.555528885,16847.2558861233
340,1,102128.288454158,36565.7433629821,0.225452741889829,0.08072050579918,30939,11151,30825.3408313659,11215.6704203958
341,1,90533.722125871,44976.8581918256,0.19985722071443,0.0992884161129238,26666,14296,27030.0302916861,14227.000140792
342,1,102689.558270649,51305.0491643512,0.226691769988541,0.1132581793152,29470,15034,29382.4646448162,15050.329325384
343,1,93281.3414315959,55669.1767637696,0.205922712612134,0.122892185212475,27720,16762,27678.2063693758,16781.8881005394
344,1,108678.459961492,51754.7372314135,0.23991253700174,0.114250885736202,31027,14900,30719.7506873885,15036.2870705545
345,1,101638.194185322,50457.955600578,0.224370836980172,0.111388182574037,29833,15331,29977.3570232689,15302.377210474
346,1,104578.224546766,41583.1682794029,0.230861084846457,0.0917966945981451,28715,11480,28625.5632738315,11670.1599959515
347,1,104851.130258232,47408.1014290692,0.23146353634994,0.104655493759424,31535,14089,31476.268052276,14035.4993614708
348,1,105820.792849851,52628.8207537076,0.233604109674896,0.116180464011964,30020,15372,30117.3840646445,15240.2385950479
349,1,102732.23668239,36727.6143446585,0.226785984481822,0.0810778431951524,29932,10873,29939.9549021213,10921.8029127106
350,1,96645.4153241722,41396.4353022335,0.213349055445068,0.091384473240661,30029,13142,30140.2557413745,13098.901086387
351,1,92153.0177590901,42066.2685955137,0.203431887890051,0.0928631600459031,27454,12947,27586.3511651792,12924.7856171944
352,1,91197.2370353825,35681.0699207381,0.201321959406308,0.0787675498038335,29442,11836,29515.2486840615,11913.830689244
353,1,89923.000274183,39329.2197221961,0.198509025047204,0.0868210028481654,27762,12173,27787.2504467523,12057.1889522634
354,1,132798.735397693,49374.3812501836,0.293159118478236,0.108996143972043,36278,13946,36401.7430157323,13792.3573041972
355,1,98027.7268274701,40867.3745492256,0.216400569607124,0.0902165480830248,30334,13073,30255.8963687615,12969.3486899566
356,1,93002.5143675172,43288.4323494153,0.205307189459234,0.0955611409239353,26748,12156,26684.7603662556,12169.313624325
357,1,108820.168702078,34395.5210176313,0.240225365353202,0.0759296433880318,35399,11077,35477.1201652796,10991.6472279325
358,1,94062.1525776581,47834.6030225044,0.207646387966362,0.105597015008001,27484,13987,27548.9290725915,13981.0406704322
359,1,112443.65885847,41967.6348467141,0.248224381133597,0.092645421655822,31821,13026,31922.2644034517,12956.0544686443
360,1,92255.1313397608,46759.5724313928,0.203657308163854,0.103223837134856,27706,14911,27894.6740158725,14860.7874806216
361,1,88748.0948612039,43806.0249115169,0.195915369059948,0.0967037495397643,26591,12852,26483.4850445182,12879.5485380391
362,1,102519.535246354,52146.9357117385,0.226316436595688,0.115116681335958,30267,14784,30390.6118281285,14862.6207609485
363,1,108956.790728118,46392.0003240992,0.240526964555925,0.102412405349541,31186,13937,31395.4231960363,13858.1039936394
364,1,98909.0530778826,44312.9827556256,0.218346136527538,0.0978228815423354,29683,13261,29832.8526722498,13370.1055950447
365,1,102326.90931272,46776.7156662376,0.225891206274549,0.10326168158872,30370,14310,30398.8921181192,14420.0845013258
366,1,90187.9232287805,43920.8084746639,0.199093854259635,0.0969571393637501,29925,14471,29931.13716129,14396.9921039842
367,1,99652.5042100897,50155.2728066304,0.219987337988507,0.110719996835773,30897,15226,30910.463388011,15234.5369772174
368,1,94112.8579348946,41956.0255779115,0.207758322299057,0.0926197936782801,28583,12760,28613.5184597044,12665.21919296
369,1,85534.8398050302,45592.8626247859,0.188821965520429,0.100648273313405,25855,13315,25962.5141308222,13497.6378505026
370,1,115256.028467271,37375.17053402,0.254432812206995,0.0825073523020715,33687,10941,33629.4657637468,10908.1362485096
371,1,103128.153001186,44180.4639187709,0.227659987375463,0.0975303403123475,30780,13171,30517.7924541442,13321.1560221499
372,1,99365.6211224496,46143.8286244279,0.219354030805068,0.101864555277859,30022,14495,30109.6659940484,14334.309883412
373,1,108289.388746244,58194.6106442083,0.239053644978817,0.128467192895699,31911,17003,31740.2488472873,17088.2590210299
374,1,103801.770824374,40362.528082529,0.229147028698905,0.0891020770400558,31414,11815,31411.5567706252,11827.7987687909
375,1,99634.2641606894,48488.3679240488,0.219947072267699,0.107040230123377,30015,15064,30046.4684800125,15055.2386930854
376,1,104566.726128543,43328.5408340877,0.230835701576504,0.0956496821888416,30606,13091,30382.6752112418,12967.7432822875
377,1,107071.975777731,50999.1702919639,0.236366151670959,0.112582938091542,31784,14523,31703.575124749,14639.415380326
378,1,117877.480755355,50139.9022378075,0.260219784798307,0.110686065621043,33757,14788,34020.1337429937,14710.4024164963
379,1,107663.657093202,41487.7118942622,0.237672314507103,0.0915859703797467,32148,11975,32139.1068146154,11811.2527724589
380,1,106482.710360014,44914.9324758289,0.235065322036623,0.099151712338913,29672,12723,29617.5308397632,12758.2102819205
381,1,105394.151813095,34050.2326950098,0.232662280598985,0.0751674040490998,29444,9350,29490.924612036,9565.7275492611
382,1,108625.679095244,42485.4669296613,0.239796020890532,0.0937885590245773,33552,13317,33615.9843107256,13352.2565145448
383,1,97281.1681923401,45949.5419641061,0.214752508195156,0.101435658828646,30433,14308,30330.4062078746,14480.3322260865
384,1,119524.872864706,47516.1345654109,0.263856476195398,0.104893981715816,33672,13150,33797.5455729928,13006.985023628
385,1,122523.366182432,38986.6633503344,0.270475783639517,0.0860647944121184,36405,11361,36347.1476876506,11437.5174394192
386,1,98063.1729533035,40557.4841982905,0.216478818507399,0.0895324513419452,28548,12243,28726.4366253425,12011.5650848907
387,1,102130.744916318,58139.921516894,0.225458164639371,0.128346464213262,29189,15807,29192.9508982511,15899.9473757055
388,1,97903.2091381767,39721.322891419,0.216125691266461,0.0876865880444224,29834,11873,29711.2240039669,11991.2021198274
389,1,94770.5978993886,40359.8366553856,0.209210312542801,0.0890961355948573,26727,11442,26750.5216513629,11484.9917310715
390,1,98458.5654232262,40240.9792744851,0.217351664981338,0.088833752636879,29493,12178,29424.2846887323,12148.8089559719
391,1,101025.364291667,43769.6607537642,0.223017987716487,0.0966234740431713,29524,13442,29549.8546991324,13512.4471759833
392,1,81598.5535551321,42296.6683627876,0.180132438442913,0.0933717777858939,25538,12498,25464.6533847544,12678.2940636208
393,1,97178.8603976396,42174.4477392917,0.214526659185239,0.0931019703202081,28464,12781,28543.624219439,12773.1614572367
394,1,102125.063467043,43775.7226124744,0.225445622587249,0.0966368558660514,29401,12439,29220.1703032768,12439.2577978514
395,1,106583.937523527,48033.7680845158,0.235288785505102,0.106036680746052,32852,14257,32710.7168886566,14334.1769191869
396,1,106478.305254838,41890.7884719597,0.235055597570902,0.092475779863573,31010,12418,31046.0675939206,12513.5233084345
397,1,108665.508140712,43094.8648085789,0.239883945280958,0.0951338319629904,31493,12808,31575.9677413857,12725.1709536451
398,1,106338.268937584,44837.0085474434,0.234746461168373,0.098979691799068,32595,13462,32625.4082393976,13553.1286241044
399,1,91114.5122582188,40863.9369591194,0.201139340779128,0.0902089594498785,28559,12845,28428.3453142182,13015.6556384157
400,1,117113.984791845,44695.4551952117,0.258534333480162,0.0986672064743124,34425,13210,34340.7295728782,13133.1917455727
401,1,102238.315026962,44859.436831698,0.225695630445927,0.0990292032347104,31223,13480,31306.3740006744,13562.152720621
402,1,97681.0854476449,46231.6171612647,0.215635343334198,0.102058352379876,30648,14514,30747.8213340863,14385.6442322948
403,1,99774.3400569948,41744.1754300226,0.220256296042744,0.0921521250486158,29585,12036,29588.1900661368,11985.6831203167
404,1,104852.048628616,32905.5861294359,0.231465563693435,0.0726405458141333,30408,9672,30449.2775179808,9770.41512566924
405,1,105260.106066938,51221.7411493546,0.232366368648757,0.113074273164547,32508,16414,32468.299054894,16291.6637601468
406,1,91110.8742269883,39139.871844433,0.20113130966328,0.0864030089812469,29090,12505,29151.880733454,12449.6412164417
407,1,87831.0593010282,42176.7087801969,0.19389097224902,0.0931069616686318,25374,12282,25351.7726764075,12239.327559535
408,1,104764.085150405,52897.4378109655,0.231271380400549,0.11677344812042,28966,15524,28969.1288368455,15441.0746102129
409,1,88635.5635530664,46987.4667071344,0.19566695118913,0.103726923890785,27902,14543,27913.2683726758,14553.1214653878
410,1,106789.196417571,41955.919752495,0.235741903648566,0.0926195600639637,31909,13365,31998.0954325543,13350.8546172797
411,1,102748.479371426,41355.7794589642,0.226821840940737,0.0912947236572924,30134,12338,30202.7847430585,12318.9510885264
412,1,115697.256579867,49923.2198935647,0.255406842902009,0.110207729702875,33623,14252,33530.3142558473,14180.3428238323
413,1,104204.003464129,39568.8155340616,0.230034975152165,0.0873499212658537,31630,11801,31639.6746091439,11809.3931775471
414,1,92657.5246707829,42098.8654880355,0.204545609350238,0.0929351191368402,28550,12922,28641.7661966209,12888.7680065255
415,1,105025.731178169,50905.1126082718,0.231848975651157,0.11237530156884,31385,15714,31487.5004018415,15564.0274944975
416,1,93051.5048455915,50544.9197826016,0.20541533811986,0.111580159876116,29246,16331,29370.0356403041,16223.7344178472
417,1,94993.2212932587,45652.0711784798,0.209701763592423,0.100778978830707,31114,14435,30882.6799830281,14711.4349221904
418,1,100927.949149702,46945.499181522,0.222802939455227,0.103634278710269,29945,14656,30210.8872553611,14559.2022494595
419,1,108664.594551803,45689.7449050645,0.239881928492783,0.100862145258778,32231,13296,32162.1080184,13365.8008542173
420,1,101386.247890237,37749.18101961,0.223814654321129,0.0833329970940106,30647,10275,30643.7000939667,10393.053365548
421,1,92702.83532405,41241.20980832,0.204645634633835,0.0910418060546764,27437,12739,27603.4850956861,12633.8181395744
422,1,101293.818717354,40072.1090454764,0.223610612808512,0.0884609640909252,30951,12826,30970.7721592001,12832.330127328
423,1,101215.471779964,39565.5130505419,0.223437658457465,0.08734263088651,32049,13076,32080.3116719556,12982.7367733888
424,1,90792.4902681966,45162.639013327,0.200428462904856,0.0996985355443959,29306,13793,29395.7329885817,13686.8949660552
425,1,82940.5540478883,36236.2206974549,0.183094964255193,0.07999306984992,26326,11569,26340.0347108174,11452.6323329537
426,1,103897.201914177,46079.3276686267,0.229357697076718,0.101722166547371,30223,14284,30352.8253174648,14294.810339091
427,1,104233.512112448,44988.0671552661,0.230100116806583,0.0993131603985637,33324,13858,33459.7637598502,13910.8225762648
428,1,107167.553670018,44092.8911107386,0.23657714412179,0.0973370194412674,32843,13600,32798.28399924,13606.3934572175
429,1,93809.2427140596,48766.8254260798,0.207088078186943,0.10765493745161,27483,14992,27547.3684851132,15000.5380652661
430,1,94688.0892901261,47369.2569806781,0.209028171115883,0.104569742910864,27481,14015,27599.0097712398,13944.3382525067
431,1,89185.8093148586,41662.9411762065,0.196881643196477,0.0919727968180596,28276,12546,28154.0200791595,12762.5307474284
432,1,90699.9025938298,47716.6963553157,0.200224071493161,0.105336730792852,27229,14571,27346.2430207832,14473.3061616172
433,1,103486.892453077,52050.0818308887,0.228451920680889,0.114902872083588,30072,14391,30148.7602533002,14271.1672370661
434,1,92421.3681089063,50379.336750623,0.204024283229961,0.1112146279639,27143,14677,26890.9527515608,14756.7317782865
435,1,99575.5850968975,44521.3626487187,0.219817535622919,0.0982828894300975,30912,14221,31054.4669156666,14117.7251996987
436,1,101306.594412694,46462.085372457,0.223638815724547,0.102567121212862,30024,13306,29911.1988675967,13434.223783086
437,1,113716.59245133,53216.3865396031,0.251034438690595,0.117477541633413,34355,16409,34340.6169812624,16408.4066836614
438,1,83169.6539565728,37972.9104015204,0.183600712499498,0.083826889661452,26470,11632,26458.9743167981,11705.6333271421
439,1,95579.9997920155,46564.5311729152,0.210997103242476,0.102793274876632,30102,14791,30189.2637837481,14876.2465427777
440,1,90714.2172202062,47491.5595866685,0.200255671667946,0.104839731356555,28445,14931,28375.6557850348,15099.0548107378
441,1,83630.4331028655,46146.3759014666,0.184617902971499,0.101870178505286,25500,14141,25589.2781556578,14028.9895395656
442,1,95481.8443072486,36359.0264921432,0.210780420641531,0.0802641691070553,29480,11271,29655.0243377958,11229.8825823897
443,1,112587.613127082,51990.3801422583,0.248542166588112,0.114771077948967,31807,14763,31809.6525457594,14822.821279601
444,1,99495.4734202373,46360.9288018292,0.219640685531394,0.10234381358132,31178,14010,31013.9026945432,14048.9224383598
445,1,102308.387008111,38937.1142642835,0.225850317462806,0.0859554125995239,30562,12682,30886.9705460996,12411.0580069176
446,1,97037.3405173935,40131.4305060594,0.214214247751381,0.0885919188552102,30641,12718,30709.19764365,12758.3323026461
447,1,92572.3949374604,43227.0822043274,0.204357681675306,0.095425707748321,28190,13758,28228.6141232232,13755.7215886013
448,1,97621.8258030639,35757.4259740593,0.215504525031488,0.0789361091896972,29081,10952,29125.2780155933,11096.6873567495
449,1,119684.061903177,45260.0913829759,0.264207893082388,0.0999136659874256,35411,13830,35309.5159796251,13657.5111646744
450,1,102457.101951745,47724.5071837713,0.226178612319302,0.105353973544282,29485,13581,29340.1033347053,13658.3451527244
451,1,126872.786196367,46817.5098944066,0.28007732188729,0.103351736662914,39155,14058,39021.7671966968,14176.7589548967
452,1,104516.181819048,47411.1763060361,0.230724122763864,0.104662281687174,30694,13571,30642.1972402398,13613.2212707567
453,1,111995.265642025,39162.836645719,0.247234533152959,0.0864537048021134,34351,12028,34359.5124910488,11997.7257978121
454,1,97702.0238491039,44905.3633433917,0.215681565787263,0.0991305880531923,27740,13116,27834.3292456511,13065.7490272714
455,1,105583.584049798,50396.0630130834,0.233080460692017,0.111251551932669,31648,15417,31697.5948836193,15276.484743211
456,1,96140.7256705669,41978.1387086649,0.212234930573977,0.0926686093985432,29270,12482,29283.298844307,12614.6790145121
457,1,101767.398673227,43154.0801893491,0.224656061637352,0.0952645525513677,30621,13014,30802.5155656807,12937.0054102848
458,1,93194.2696876221,41755.8843679351,0.205730497862263,0.0921779730501534,28453,12097,28423.1600211306,12028.7600119731
459,1,107810.133932012,47041.4956861844,0.237995668647596,0.103846195266549,33179,14369,33234.8993637762,14239.9126080176
460,1,96629.62612214,43517.9157776528,0.213314200078898,0.0960677358047224,28998,12981,29028.0791339802,12962.2894828163
461,1,84340.6292812836,49245.8077772389,0.186185692641997,0.108712312308471,24147,14278,24227.0050333089,14298.1164499616
462,1,105027.862922858,47917.7657648669,0.231853681572429,0.105780600462849,33170,14690,33198.5448986217,14788.7429425644
463,1,95261.9128409892,46317.5976269567,0.210294912141912,0.102248158084374,27521,13410,27496.9616638741,13487.6268547341
464,1,108853.723839713,50684.4916175039,0.240299439812874,0.111888270913182,30090,14663,30136.5280870528,14685.7173126295
465,1,106606.976694659,44118.436038864,0.235339645500713,0.0973934110069581,31860,14147,31941.1448920795,14231.3491913002
466,1,103804.113467566,45957.7648953877,0.229152200188008,0.101453811315404,31288,13275,31294.4770171247,13462.5756884615
467,1,94608.3066158346,38513.5692183506,0.208852047311729,0.085020418061137,29028,12083,29061.6313121799,12090.9998311839
468,1,98119.5525559618,48454.7422302118,0.21660327898939,0.106965999907751,29963,14790,30140.2103239392,14742.5284981151
469,1,91610.7466114086,38883.8652586061,0.202234800198256,0.085837863049692,25722,11147,25908.4527487027,11057.625181094
470,1,101846.403220364,49363.3485856716,0.224830467691182,0.108971788874134,29759,13316,29764.5952145829,13336.0450262552
471,1,99314.3935155116,44617.7686213164,0.219240943582914,0.0984957099050677,29135,13554,29382.009349127,13416.7487581578
472,1,110411.248067463,49370.4730307778,0.243737743861841,0.108987516403773,33203,14881,33213.0824537968,14809.3867967386
473,1,94341.1185847014,44161.6906319615,0.20826221784204,0.0974888974462276,28718,13214,28949.3406343368,13186.1379841481
474,1,96962.4296740497,45988.54603618,0.21404887873086,0.10152176205359,28200,13273,28174.6337212005,13243.9007353151
475,1,108048.058658126,49662.5319123033,0.238520898069117,0.109632249382557,31333,15066,31481.6306650514,14982.2662420569
476,1,94212.1862037547,34582.6736425356,0.207977593873081,0.0763427911365667,30084,10717,30120.0553400631,10745.2722574915
477,1,122868.490227599,42689.6463870795,0.271237660328656,0.0942392942636503,35407,11976,35581.0343062144,12005.6175199262
478,1,106177.91279776,37604.724945867,0.234392467853207,0.0830141038823357,31041,10941,31192.3425310089,10800.150902175
479,1,103562.916925874,48254.7711759021,0.228619748087988,0.106524554905831,31373,14930,31383.0872158121,14820.6511713722
480,1,96422.378626359,44796.3481460742,0.212856692008598,0.0988899321534911,30729,13930,30641.2579827348,13919.5933635379
481,1,93558.9684823408,38270.5483348042,0.206535586682195,0.0844839386452834,29507,11375,29419.9815308052,11362.8594949638
482,1,84615.5923796588,36729.8486045615,0.186792685918645,0.0810827754233221,26264,11128,26299.9123769545,11017.8624883415
483,1,111154.548424355,48026.2035100908,0.245378612479591,0.106019981611355,34118,14752,34206.2344839513,14698.7380074126
484,1,92978.8803759406,46089.4714894018,0.205255016371019,0.101744559483174,27584,14083,27559.5626013604,13979.362805447
485,1,101372.785892316,43293.973442355,0.223784936361605,0.0955733731332011,29021,12827,29098.1482659524,12757.693240306
486,1,114242.274661153,39446.9144120757,0.252194905563792,0.0870808191139703,34900,11797,34905.4987186371,11774.589814724
487,1,110992.761327665,48354.2245891098,0.245021460263459,0.106744102741571,33034,14325,33170.7548755984,14288.3510571351
488,1,109757.455720981,41538.8871401894,0.242294468160545,0.0916989420126391,33527,12764,33341.6347502465,12831.2622400269
489,1,101193.939088342,49272.8104554355,0.223390124082416,0.10877192192232,30204,14662,30110.7669127579,14744.7217421253
490,1,88505.1440466281,45487.4909898338,0.195379044324465,0.100415660739779,26638,13890,26547.7790159071,13981.2585110677
491,1,76579.4329012963,40333.3608648575,0.169052506228137,0.0890376891089853,22628,12081,22662.6022257686,12044.3919095071
492,1,96053.0226488455,45865.3548944971,0.212041322250383,0.101249812125815,29230,14513,29291.5012630515,14545.9222677158
493,1,102267.7986757,40047.1302006303,0.225760716912661,0.0884058221792666,31046,12091,31176.4880166494,12129.3517264732
494,1,69470.6823485597,37543.9251378886,0.153359623014446,0.0828798856003828,20622,11358,20802.624796435,11175.2272946787
495,1,106083.830005205,39375.242214523,0.234184775901573,0.0869225995481664,31101,11724,31103.64337933,11983.3198149839
496,1,98436.4996942053,52553.0029478544,0.217302953902509,0.11601309283134,27323,13945,27248.7047108461,14049.1890278627
497,1,105618.128914529,41253.9416383249,0.233156720018298,0.0910699121360309,32557,13610,32532.1269768466,13502.177007562
498,1,100902.399912235,40954.9315735028,0.222746538376473,0.090409834110763,31433,13079,31512.4712922004,13115.6071331568
499,1,102869.32399399,37780.6400109686,0.227088610823126,0.0834024442174886,31157,11406,31242.128861587,11313.5367671184
500,1,101770.172550191,38273.4545797591,0.224662185094199,0.0844903543103612,33266,12198,33353.4350915352,12129.7315166358
501,1,115211.248117151,45739.3601111167,0.254333957591196,0.100971673034218,35705,14473,35718.9670174594,14325.0903134526
502,1,89496.9708719131,37800.7915803195,0.197568546181639,0.0834469297036582,27605,11879,27687.8346353103,11773.0833338321
503,1,121126.175786649,49581.2770339754,0.267391423660128,0.109452875622473,34772,14428,34856.6827650037,14615.9314036397
504,1,100863.158904492,47316.1385667883,0.222659912105494,0.104452481648215,29506,13981,29514.6689782226,14007.6899229802
505,1,96603.6674687772,47248.6268429443,0.213256895196333,0.104303446513281,26177,13084,26317.5454621231,13004.326917108
506,1,108719.030831266,50174.8712947502,0.240002099002335,0.11076326137051,30738,15115,30556.5123908758,15231.9443492568
507,1,98926.13762612,42292.304840585,0.218383851428105,0.0933621451164369,29320,12597,29238.367857853,12584.1665420753
508,1,113833.12196983,46252.5406349383,0.251291682788725,0.10210454187919,31174,12780,31148.8483592108,12852.7860911479
509,1,103290.058319544,52248.1443181166,0.228017400571189,0.115340103838736,30184,14921,30348.6938716164,14827.7471730688
510,1,97275.1650889624,41031.1459039642,0.214739256077287,0.0905780806371066,29235,11672,29275.7453798515,11682.5989045453
511,1,102012.066991003,43316.9749709758,0.225196177837585,0.0956241500312938,31383,14159,31480.5358364892,14124.1230396634
512,1,89611.7217829512,48592.610124835,0.197821863924642,0.107270349420818,26354,14437,26332.1525812056,14474.7050006373
513,1,101472.323794985,46694.0001095567,0.224004670711591,0.103079083316166,28567,12534,28468.8540563083,12588.3423623573
514,1,96890.7338585911,46545.4076071183,0.213890607027478,0.102751058754058,28687,13762,28794.2232328233,13766.7755786146
515,1,104632.913421293,53965.5165319201,0.230981812970854,0.119131279430807,30357,15997,30438.9089734932,15967.3651339456
516,1,97909.9719914076,39642.2217794037,0.216140620565943,0.0875119688193251,30097,12864,30122.043858255,12717.9780591577
517,1,104130.526308373,46030.2815324375,0.229872771060798,0.101613895018979,28819,12323,28744.7015766229,12396.0281280867
518,1,113471.175122406,50293.3829716477,0.25049266901492,0.111024881171517,32681,14981,32677.8642470988,15066.7108984828
519,1,94836.6178732036,39616.8300185081,0.209356054573157,0.0874559153771106,31211,13247,31166.8486445581,13210.866476329
520,1,107993.601910124,45264.6796075756,0.238400682374356,0.0999237946974242,31594,12871,31477.9087756397,12906.3003841454
521,1,81126.7353877565,42220.4644745879,0.17909087884059,0.0932035543113076,25623,12919,25766.4994675413,12690.6426004511
522,1,90057.2847022338,42539.754973221,0.198805463898333,0.0939084022967757,27178,12730,27247.8088866726,12492.9866994229
523,1,85408.7290107762,51321.5376652901,0.188543570329666,0.113294578414829,26043,15022,25941.8411522494,15078.8175755418
524,1,93210.8028575,46847.5356556569,0.205766995570562,0.103418019867143,29376,14735,29406.8237621129,14556.8530557422
525,1,98618.678630379,46095.1931189609,0.217705122011821,0.101757190235061,27841,13105,27818.0933220714,13156.6681034979
526,1,112485.679331209,45858.5530025911,0.24831714319725,0.10123479664672,32371,13205,32035.4771587191,13409.7706482531
527,1,93683.1897723489,39878.2818125655,0.206809810708244,0.0880330818481685,30068,13247,30310.8700215594,13277.717923276
528,1,94955.8958525174,40949.9976507344,0.209619366020851,0.090398942256672,29244,12310,29063.9050345803,12350.6489199775
529,1,110825.990764141,44460.8766504174,0.244653306822507,0.0981493638969726,32801,13304,32773.1010298978,13367.6866720015
530,1,79095.5696120186,42117.5184279217,0.174606989995449,0.0929762963317711,23990,13244,24093.3937766793,13339.048604795
531,1,83074.3426208577,46068.7450888909,0.183390308484163,0.101698805031636,26533,14679,26512.4242755473,14766.8477666341
532,1,99083.6954587045,39502.5309510968,0.218731667355504,0.0872035950990233,28406,11244,28364.4252283171,11222.6470399772
533,1,96149.4218107632,52601.8344947184,0.212254127690474,0.116120890644246,28938,15472,28709.1627979779,15519.1810881632
534,1,92723.2221894042,48012.8580041447,0.204690639546403,0.105990520813049,27197,13658,27163.1151181415,13657.0750921215
535,1,106441.181010825,45795.1364998052,0.234973644150063,0.101094801894526,29695,12745,29791.417559905,12666.9645937796
536,1,96499.6274978445,40612.895803082,0.213027222330294,0.089654774925566,29612,12552,29425.6945469244,12714.8640479612
537,1,82935.0307767322,39872.2098602177,0.183082771388307,0.0880196777431339,25175,12592,25119.7567946532,12569.4302242549
538,1,95323.8377428035,35493.7105857952,0.210431614118579,0.0783539457336888,29739,11243,29754.0642481246,11211.9732832763
539,1,98806.1783643712,50033.3784164678,0.218119036019116,0.110450909544689,29159,14635,29231.3578560388,14700.6022666857
540,1,79645.4765227782,48667.1083885305,0.175820933974062,0.107434807653403,24467,15156,24428.4259124181,15137.4394200515
541,1,129280.814113162,41904.5198598012,0.285393150680722,0.0925060925133362,36983,12217,36973.7610850569,12162.4344001782
542,1,86984.105027967,47257.5620352801,0.192021282998302,0.104323171348015,26722,14637,26780.51693981,14599.1363538421
543,1,99898.5384826825,44216.7114038448,0.220530469594789,0.0976103582488097,30785,12917,30682.8687554079,13071.5374582811
544,1,105382.510873699,50918.4408290005,0.232636582707197,0.112404724209259,30213,15173,30179.2400622029,14979.0981398485
545,1,117312.037096088,39442.6653106728,0.258971542755916,0.0870714390335211,32182,11130,32306.3316628028,11016.4412230165
546,1,105081.375895438,43089.5409521758,0.231971813840946,0.0951220793130471,31188,13677,31087.2156320526,13660.8279298269
547,1,103526.788085161,47187.1409351293,0.228539992064233,0.104167713635405,29160,14420,29164.6897655431,14485.7178200604
548,1,110558.727417857,42845.7664847362,0.244063311091271,0.0945839363272115,33367,13012,33535.349679572,13021.0982523255
549,1,112686.02265886,46202.4357794988,0.248759410009138,0.101993933180936,33010,14461,33094.7888715343,14359.4920654037
550,1,102462.937661995,43537.2262354702,0.226191494909391,0.0961103644997488,30879,13050,31044.1523229428,13077.2134162653
551,1,92996.1172934412,40309.3596530679,0.205293067633515,0.0889847053658076,28669,12879,28886.3013309766,12870.5045869038
552,1,112228.373150679,43079.1370771646,0.247749128352551,0.0950991122959448,34405,13352,34556.1612298186,13268.6424517962
553,1,112118.900520589,42586.1141412088,0.247507462649648,0.0940107422232817,32362,12482,32330.8303494226,12617.2231836864
554,1,107613.235493566,46564.5053532398,0.23756100658194,0.102793217878549,30161,13396,30254.4504014386,13375.3265401068
555,1,112145.991545558,38902.4630318883,0.247567267292928,0.0858789184618897,35456,12010,35528.6214439363,12043.3394012313
556,1,84035.8106938666,36412.0262974763,0.185512792044598,0.0803811685360366,27264,11527,27007.9286428029,11588.5249232848
557,1,107006.373873831,59426.9902410506,0.236221332548546,0.131187725701669,30858,16637,30822.9245634764,16840.8017584574
558,1,116152.611652462,51275.9064297677,0.256412059489928,0.113193845431636,33345,14624,33373.6708905068,14694.396969313
559,1,107227.204128784,37948.0326296576,0.236708825164205,0.083771970872902,32297,11272,32125.5161053529,11268.5279299534
560,1,101543.196873467,47341.321164602,0.224161126186483,0.104508073353618,30640,14502,30567.0126967534,14533.973916204
561,1,112294.713461532,45267.6612706635,0.247895577541175,0.0999303768513871,33155,13249,33174.2337999735,13206.7667692996
562,1,91697.7784720216,38248.4945994387,0.202426926903834,0.0844352540429824,28517,12027,28402.9852389648,11840.9738364645
563,1,93885.3324611963,43565.2396262753,0.207256049690053,0.0961722053066618,28228,12835,28283.5760551083,12746.7590124453
564,1,100635.997006144,43012.0451007124,0.222158442105255,0.0949510037720587,31280,13223,31227.5522222326,13184.2700227904
565,1,105740.044417824,54373.3283604736,0.233425853917562,0.120031542191636,29381,15241,29143.7926414418,15298.1534332688
566,1,95305.4448763847,41430.6654890981,0.210391011047402,0.0914600379015481,28998,12647,29028.7837989498,12653.4851300711
567,1,86074.5656022648,34788.6374683278,0.190013434237834,0.0767974654482371,27823,11485,27851.9289808124,11410.0259993963
568,1,88770.4389044118,38909.0173566473,0.195964694529731,0.0858933874254894,27684,11801,27543.1747221924,11854.8762850822
569,1,102084.990036173,42690.7237298243,0.225357158705172,0.0942416725457056,31947,13164,31976.2488125569,13045.8387629167
570,1,98521.559550059,43310.3430789922,0.217490727319818,0.0956095098345936,27960,12535,27915.3977148246,12682.767539925
571,1,91481.9770386941,42151.6761633939,0.201950535635716,0.0930517010529854,27513,13034,27337.9204588031,13130.7449546039
572,1,92415.1849161688,36615.8069734684,0.204010633556815,0.0808310234473641,27963,11550,28234.0423972482,11508.5136811669
573,1,110556.136828219,45117.394222771,0.244057592249354,0.0995986556556649,33754,14140,33611.0135078738,14231.7525412578
574,1,113881.502360824,40810.876409914,0.251398484654969,0.0900918259260959,34627,11783,34627.8458741233,11785.0397206379
575,1,108398.405382958,52326.928075893,0.239294304056051,0.115514022490227,32908,15613,32888.3644893588,15668.2292329852
576,1,104169.737166297,51290.907604864,0.229959330774709,0.113226961193275,30291,14562,30276.5103703965,14606.3007021179
577,1,103067.763464182,55946.8935020753,0.227526674784945,0.123505257271818,30088,16035,30118.2637999827,16051.0711994933
578,1,96877.001353373,46373.3179408286,0.213860291911056,0.102371163157028,32155,15558,32085.3547528379,15427.7649131393
579,1,101131.882732195,42981.8892205377,0.22325313191446,0.0948844333245128,31096,12915,31198.7019991075,13128.0756206509
580,1,92494.9633186046,40131.9037179534,0.204186747930658,0.088592963491526,28050,12174,28141.7877120537,12079.8164400496
581,1,86389.6909236662,39463.6920008908,0.190709087409195,0.0871178563879512,24850,11953,24977.3354598433,11892.3211755509
582,1,96167.8608845537,48712.2493528806,0.212294832766481,0.107534458341164,28277,14472,28282.2090060461,14304.6476809264
583,1,99547.8610115491,45863.8773800727,0.219756333470677,0.101246550446967,29182,14326,29192.5350761133,14360.788724144
584,1,105039.027316602,45715.4565447109,0.231878327468481,0.100918904847571,32376,14084,32318.3362931785,14134.5011663193
585,1,99092.2886169572,36343.7853471551,0.218750637134778,0.0802305236012007,31590,11332,31518.6783438191,11407.8659324706
586,1,87270.7366713588,38177.5833003925,0.192654035107372,0.0842787141944946,25704,11284,25744.1396553281,11247.0639634979
587,1,97353.0113653035,44231.2988466356,0.214911105196788,0.0976425606779713,28736,12425,28611.6568583002,12445.6390990805
588,1,108753.568408358,37141.8076030035,0.240078342240829,0.0819921932462462,34229,11613,34186.2398467405,11631.4690831592
589,1,99996.4533020758,39615.5740655101,0.22074662091621,0.0874531428049725,30319,12326,30557.0049485454,12126.4670011413
590,1,104347.977081525,48908.1828754681,0.230352803319982,0.10796699031212,31572,15480,31699.0247094571,15478.662533563
591,1,97441.9474067027,42641.2964318464,0.215107435466195,0.0941325595857022,28651,12461,28693.1433236844,12557.6536271044
592,1,100369.425145329,53895.4246852908,0.221569972858967,0.118976548559999,30670,15794,30608.9698939491,15809.3696162118
593,1,94963.4313777966,48232.8846980519,0.209636001028267,0.106476239531939,29050,14562,29027.0396528563,14649.6849386359
594,1,112825.545402021,47830.3640335957,0.249067412674001,0.105587657251333,32820,13768,32875.4247174198,13605.5106349633
595,1,93653.4776939698,49588.5480343202,0.206744219972913,0.109468926679324,27526,14819,27788.166586083,14590.8655478108
596,1,119745.299249845,49715.840585141,0.26434307725047,0.109749930650301,33406,14838,33262.0691691264,14777.36436505
597,1,95869.4009324926,50817.1787855892,0.211635969139615,0.112181183741852,28286,14856,28078.0557522963,14890.6349088085
598,1,94670.2997091171,40835.289206998,0.208988899824096,0.0901457182621282,27426,11831,27302.5068957053,11907.5649054988
599,1,82097.2902245757,39780.3196818658,0.181233421836535,0.0878168260849327,25399,12451,25506.6194244509,12420.5561585579
600,1,100139.85152303,48067.2948971592,0.221063178870775,0.106110692677043,27815,13512,27746.7625332677,13510.9647052672
601,1,100560.486216664,44958.6286439226,0.22199174867694,0.0992481735746383,31205,14087,31019.2228239896,14031.9856661802
602,1,91057.6767957276,38074.769752552,0.201013873966268,0.0840517487120127,26158,11503,26165.4199998391,11476.0772513306
603,1,75104.5755582803,43862.4380043185,0.165796693006235,0.0968282839527375,22428,12599,22638.2769170534,12408.8144037559
604,1,101256.066631699,49482.842812835,0.223527273399306,0.10923557769858,29316,14056,29325.276216838,14006.5498947244
605,1,103028.966014268,42262.6397834063,0.227441027687614,0.0932966581824984,31074,12512,31121.3079298085,12484.477215467
606,1,111184.988080407,51456.6571186006,0.245445809375015,0.113592860621381,32641,15336,32581.3579805482,15491.1610230972
607,1,104695.232370373,40428.226972602,0.231119384824397,0.0892471102637619,31843,13113,31743.0818611693,13153.8098133019
608,1,108507.13185643,44313.1521069147,0.239534322585012,0.0978232553928429,31651,13515,31830.7998094393,13451.109933958
609,1,111798.36301887,46239.5557049729,0.24679986184937,0.102075877068409,33834,13589,33991.0619806502,13521.732868546
610,1,79525.2891133079,38185.7322128664,0.175555614918824,0.0842967032814407,25653,12674,25604.1693814518,12711.370889477
611,1,92948.1930033366,34875.2538724409,0.205187272630282,0.0769886750151015,29329,11265,29373.4845101622,11354.7510668908
612,1,112797.920398319,43768.7701739404,0.249006429248903,0.0966215080485758,33149,13012,33358.0258856818,12858.6245991495
613,1,90321.2662114656,47681.9445830681,0.199388214828221,0.105260014709019,27720,14130,27828.8532044537,14101.5579983552
614,1,94348.6055274675,44473.1392758981,0.208278745601396,0.0981764341884583,27023,12988,26978.1973094617,12952.4104715664
615,1,104210.990009802,45859.6856998608,0.230050398262668,0.101237297126353,29415,13327,29490.154609921,13221.947292942
616,1,90980.4687764847,40332.7227056467,0.200843433827716,0.0890362803441267,27307,11575,27378.7758070108,11566.713978239
617,1,103464.190157584,45147.5495546078,0.228401804353243,0.0996652248927305,31378,13652,31473.5761436533,13697.1390474679
618,1,109915.487776629,51881.1552988191,0.24264333095646,0.114529959246121,33255,15561,33236.9219080399,15583.6463538946
619,1,99473.5656895966,40908.6330000003,0.219592323241021,0.0903076279492802,28189,11788,28018.6744489315,11841.1937554705
620,1,91462.5847310246,37855.7328598219,0.201907726253498,0.0835682150232717,26939,12270,27143.6761634044,12086.8804559955
621,1,82049.5227417027,38169.0008712566,0.181127972992244,0.0842597681002238,26385,11787,26302.6340962635,11907.9132733688
622,1,92687.9215035063,50102.1837771085,0.204612711711258,0.110602800440424,28294,14811,28367.0017822595,14890.3471285959
623,1,91784.2598881795,42327.188636241,0.20261783847878,0.0934391526478194,28347,12396,28343.4466499171,12601.4901135069
624,1,81365.2203260891,39058.9493473661,0.179617344955516,0.0862243689675891,27077,12198,26933.922133492,12356.703582741
625,1,97834.4251941625,52303.0424217277,0.215973847648882,0.115461293845648,29370,15994,29347.8467335093,15970.5744467974
626,1,104803.29348416,52388.3860121545,0.231357934542244,0.115649693619654,30352,14560,30261.0759676065,14611.071200831
627,1,90107.2998262403,43372.9956743941,0.198915874510456,0.0957478182272404,26233,12076,26307.5137437709,12156.560390033
628,1,105461.108098273,49783.5526797622,0.232810089578343,0.109899408112643,34174,15312,34023.2661937965,15308.2541843205
629,1,90004.9244040082,41620.0061801189,0.198689876209752,0.091878015903413,28077,12610,28093.5551706417,12572.2631675741
630,1,90912.7589565417,43876.8964444909,0.200693961386827,0.0968602016028779,28277,13419,28108.7524014511,13425.5959734592
631,1,98612.427040752,57604.1319833141,0.217691321349498,0.127163684973055,28488,16247,28548.0728351876,16125.150006875
632,1,85677.8980692804,40899.3206484573,0.18913777300544,0.0902870705188112,26448,12930,26270.5166659993,12908.1491526463
633,1,96357.7865128814,44684.2775452537,0.212714102043483,0.0986425313145788,27969,13676,27976.642768965,13699.3793505317
634,1,102692.055840646,46887.2113737832,0.226697283485462,0.103505605780639,30001,13068,29909.8386953331,13250.5942318217
635,1,87629.6897768828,41876.4222525935,0.1934464400627,0.0924440657949667,25760,12174,25634.7852133103,12214.110347696
636,1,93775.1774056151,45777.5437073474,0.207012877502506,0.101055965022224,27898,13143,27866.841886085,13249.2528584511
637,1,94818.7452941653,47435.2281234117,0.209316600059527,0.104715377144435,28764,13872,28740.3429358725,13971.4062421443
638,1,113191.021244117,46623.0829279064,0.249874216860599,0.102922530481568,32997,13850,32967.8193155351,13854.4075295915
639,1,115688.790020215,45556.838168385,0.255388152594782,0.100568747722664,32523,12840,32555.247386457,12925.02159494
640,1,92785.0518157455,47135.0287981382,0.204827131198223,0.104052673773793,29358,14709,29290.339998955,14701.7271720789
641,1,92776.5369048602,56197.9345247634,0.204808334153496,0.124059441501756,27766,17078,27877.2737003385,17115.1750750224
642,1,96532.4805698392,44214.6674409481,0.213099746948819,0.0976058461097505,29508,13247,29345.0889552824,13166.2260686559
643,1,95288.0634904468,44798.8683296686,0.210352640864401,0.0988954955709342,28726,13976,28635.4337858132,13882.4138672413
644,1,107311.879487474,37981.208622851,0.236895749786914,0.083845208354344,32569,12322,32692.5310266178,12258.9765692662
645,1,99665.1254034747,41302.1222998414,0.220015199834599,0.0911762730905654,32351,12503,32417.0408893788,12513.7891259655
646,1,89860.7559161671,41947.6909921076,0.198371617856755,0.0926013947091949,27232,12951,27282.9642490744,12983.5818691729
647,1,84679.9442130837,39711.3127984027,0.186934745454851,0.0876644903185989,26926,12458,27102.6055370306,12408.1636362021
648,1,102773.796844854,42546.1295013055,0.22687773039006,0.0939224743512149,32913,12904,32760.8530915881,12878.4606490136
649,1,109923.722449814,39379.0919408205,0.242661509363993,0.0869310979902967,33409,11723,33356.457237538,11795.813116109
650,1,91449.4256959345,39999.5416970661,0.201878677097906,0.0883007684397652,28854,12254,28883.6139613001,12368.3132624286
651,1,107720.375034593,39267.5665345712,0.237797521886905,0.0866849006926639,32073,10862,31912.0555993322,10857.2319049792
652,1,98560.3969507565,45198.2427317105,0.217576462610281,0.0997771323372388,30594,13975,30527.9991603996,14029.8598099526
653,1,91856.8795024306,32595.4284993747,0.20277814950911,0.0719558590424879,28107,10102,27886.0388974812,10142.6717307855
654,1,111306.064854729,41479.0937395878,0.245713091742744,0.0915669454197598,31346,11814,31242.7314223657,11822.870492087
655,1,105523.920678057,41507.6284554316,0.232948751143633,0.0916299370748966,32632,13265,32950.3748563113,13142.1327710826
656,1,112093.915219178,45339.7692236673,0.247452306484835,0.100089558366742,32343,13224,32154.0173507385,13320.0008759218
657,1,98558.6146952202,45073.2852659329,0.217572528201867,0.0995012831704156,29375,13430,29614.8754466275,13314.1349989638
658,1,97751.2639431417,47765.8064322674,0.215790265486238,0.105445143473323,31123,15818,31016.2846756169,15884.1782658137
659,1,103095.84423135,57735.4198888001,0.227588664328179,0.127453508867265,29925,16572,29895.1805710485,16742.4179924983
660,1,105702.821694604,39909.120608158,0.233343683099491,0.0881011598618916,32047,12070,32196.587931551,12092.3742066989
661,1,83550.882318778,45501.6677944878,0.18444229107529,0.100446956666978,26332,14444,26313.9103019092,14555.6498311723
662,1,112962.256352722,48648.8998841859,0.249369208181871,0.10739461156971,32977,14380,33018.8958999609,14400.4195533546
663,1,104403.642480907,51047.2947026765,0.230475687166456,0.112689174869924,30543,15046,30882.0754907464,14892.8436913278
664,1,101309.201513341,42860.3265130833,0.223644571015251,0.0946160782377686,29557,12726,29661.1524047278,12717.2653240383
665,1,108945.646867677,41577.9458116231,0.240502363988055,0.0917851657680999,32433,12446,32475.1025938981,12401.317850813
666,1,98517.4066825167,43098.5282408775,0.217481559679899,0.0951419191528273,28744,12852,28788.3669258443,12827.2510932852
667,1,116920.938210669,45059.0471542294,0.258108174560852,0.0994698519051759,35126,13705,35000.5160371561,13659.2529432978
668,1,97530.7875157422,42722.671727576,0.215303553960649,0.0943121991725594,29568,12962,29601.1333787541,13021.1589389484
669,1,99700.6475983469,38527.2429588695,0.220093616660663,0.0850506034518699,30190,11723,30203.010397224,11653.6120241277
670,1,99475.65234483,41379.3590556222,0.219596929625313,0.0913467766663037,29449,11857,29285.6187195762,11959.2139165925
671,1,80871.7117177089,34072.2089407747,0.178527902739362,0.0752159175896589,25447,10885,25406.7709667289,10890.3174312953
672,1,103101.534741273,47448.1234454089,0.227601226382084,0.104743844141638,29484,14505,29606.8063260075,14412.467239737
673,1,84846.1775208969,39328.1645361552,0.187301712879912,0.08681867347802,25599,11950,25681.767765679,12021.5624853229
674,1,106991.599671733,51419.5694557734,0.236188717839903,0.113510987955137,31786,14829,31692.4218293082,14941.5823839261
675,1,100611.590463828,39913.0142356295,0.222104563576903,0.0881097552178173,29229,11770,29455.4655888575,11732.5501596071
676,1,102081.804729891,40288.5147018664,0.225350126999795,0.0889386892083445,31160,12375,31157.8962938187,12345.0540244623
677,1,103454.757900769,44200.6921421625,0.228380982226549,0.0975749950157232,30562,12847,30468.282759232,12930.3271341881
678,1,94709.9066419092,40663.7586808016,0.209076333890906,0.0897670569917385,29249,12477,29149.9356644013,12620.3598207872
679,1,106129.777228997,42249.7654888345,0.234286206442932,0.0932682376042723,32466,13187,32272.0380177435,13300.7919691773
680,1,96664.5503562958,37045.4865784525,0.213391296880068,0.0817795602978695,30929,11256,31052.9987362109,11317.2733538776
681,1,100587.140875521,43208.227255151,0.222050590022606,0.0953840846088915,31526,13113,31528.5426162389,13167.845671633
682,1,100196.518636944,52696.2680031229,0.221188274046659,0.116329356816727,29477,15848,29478.3622473279,15936.2750002717
683,1,97252.570049069,47991.5105334541,0.21468937652115,0.10594339532145,28592,14267,28580.14094255,14328.9602673845
684,1,108268.499603261,43261.7057782343,0.239007531266029,0.0955021408286113,32541,12405,32666.8762527255,12426.5639027894
685,1,92002.594432524,45482.8694435514,0.203099821702202,0.100405458470683,27224,13569,27001.7968461043,13737.2229557446
686,1,112207.214667443,35215.102563645,0.247702420059169,0.0777389061255938,34610,11237,34475.2038919112,11347.9576377768
687,1,106373.418645065,51708.366748814,0.234824055711943,0.114148520832187,31893,16656,31831.273646808,16384.5869793713
688,1,109599.174666678,50042.6643704792,0.241945055689014,0.110471408701432,32939,14420,32868.4667244203,14433.8608738441
689,1,116329.985410841,50455.2162807796,0.256803619955411,0.111382135403671,34802,14544,34797.8601741715,14476.3887348407
690,1,93253.166288851,44241.2669113303,0.205860514730616,0.0976645656244046,29189,13697,29101.3827126429,13855.4200860418
691,1,94012.5115830583,41034.5663671116,0.207536803261555,0.0905856314617291,27190,12025,27302.3645258687,11888.9664125014
692,1,114700.377957563,47919.9323803827,0.25320618897809,0.105785383363023,33036,13757,33185.7841960663,13744.7363753438
693,1,93882.7199136231,46171.2650766809,0.207250282375016,0.101925122467242,27499,13296,27556.4348043576,13403.3641980767
694,1,111529.602640919,43037.7481518104,0.246206561354105,0.0950077444012485,32157,11953,31829.7671956072,12180.6167120532
695,1,113846.07801748,49978.2963883592,0.25132028384051,0.110329313516263,32821,14443,32839.5407605595,14479.500143276
696,1,95297.2971851201,46304.1161018665,0.21037302465633,0.102218397017754,27909,14005,27827.5481235738,13901.5495266576
697,1,87369.1872196545,43486.7042704783,0.192871369074188,0.0959988350135947,25912,12793,25946.5381497331,12778.547503995
698,1,89000.3069942091,41477.5376108783,0.19647213856803,0.0915635101963793,26524,12400,26561.4239033943,12360.8311516488
699,1,119676.27679514,49324.9468244015,0.264190707109926,0.108887015277094,34482,14750,34604.0363125485,14718.4899469024
700,1,99512.8580047112,35777.5785732953,0.219679062775305,0.0789805969493838,31983,10851,31919.4927403371,10718.7537856882
701,1,84992.032003803,50919.9638733453,0.187623693142049,0.112408086397432,26719,15466,26541.5272906229,15540.7960933939
702,1,95288.2236040079,43978.5818615619,0.210352994322213,0.0970846766864798,27065,12723,26938.7194649289,12855.3338018277
703,1,100002.807947226,39872.0099294697,0.220760649078187,0.0880192363871099,31491,12437,31458.6742553434,12556.803916303
704,1,104923.590259797,49128.8127475864,0.231623495028162,0.108454040573755,31005,14117,30957.1656290664,14195.2339862611
705,1,91227.4275703101,50944.3580200019,0.201388606355764,0.112461937561815,28677,15563,28554.0265935217,15632.2859782395
706,1,97813.6475929079,37173.7643362685,0.215927980169424,0.0820627391571341,30333,11933,30437.2024252256,11880.0343661234
707,1,99662.7367260716,47221.2155712181,0.220009926722926,0.104242934911032,30207,14692,30010.0211228532,14827.4004054116
708,1,107045.887372364,44928.8409257088,0.236308560355071,0.0991824158610058,31889,13666,31700.4298814613,13689.5290088163
709,1,102639.61899877,46474.3722300446,0.226581526823366,0.102594244997803,30633,13881,30826.0542634609,13730.6779383006
710,1,103429.795712997,41313.5382653823,0.228325877086124,0.0912014743425541,30660,12477,30709.3254411324,12482.0517676398
711,1,108877.102159332,51934.1033832007,0.240351048493862,0.114646844498801,31620,14370,31400.6194332394,14755.809152226
712,1,98108.4663990883,48252.8541168215,0.216578805804712,0.106520322912593,30429,15051,30217.707699666,15100.2288904294
713,1,99960.3219881689,45374.7958458001,0.220666859432769,0.100166881193929,29391,13742,29324.1533353614,13710.0402134798
714,1,96283.19421891,41589.1004262105,0.212549436234878,0.0918097900762277,28309,12834,28231.575416102,12899.7846888478
715,1,93277.3549353625,41477.6515038431,0.205913912244283,0.0915637616201679,30328,13635,30510.1231567394,13508.8736603696
716,1,104751.879067232,41004.0184888873,0.231244434928722,0.0905181956610432,32983,12669,32948.816909665,12659.2082219656
717,1,88476.912917505,41996.4266942443,0.195316722850525,0.0927089809406001,27065,12206,27081.6712716686,12101.8227505234
718,1,95165.5811946429,41000.7809036519,0.21008225574545,0.0905110485475503,28733,12303,28672.3535232103,12253.1742374256
719,1,113750.663261735,41930.5909266422,0.251109651520855,0.0925636455536571,35663,12826,35788.7505973918,12864.5119264571
720,1,91283.3138728566,41918.8823301304,0.201511977855804,0.0925377983057768,27858,12730,27830.6554977509,12782.2832408158
721,1,129628.702528577,50950.1022010138,0.28616112984021,0.112474618097039,36962,15141,37020.0260143473,15131.781826507
722,1,94256.2755006174,35668.5441908732,0.20807492295806,0.0787398986977102,28911,10479,28835.449224259,10511.6216185016
723,1,104457.832003598,52261.2192793712,0.230595312949452,0.115368967397595,32403,16247,32239.5251521574,16314.0981583509
724,1,87178.5680092908,39990.0888897293,0.192450568683974,0.0882799009468805,28545,13316,28404.0749790053,13231.9487216163
725,1,126146.3086513,50855.4589306365,0.278473590375326,0.112265688865668,37046,14717,37000.4056482291,14725.5258040787
726,1,78548.8131481183,42097.5071803231,0.173400000768487,0.0929321206121147,24474,12268,24285.5407094133,12330.7011790228
727,1,101703.675440901,48209.3689597474,0.224515389766046,0.106424327493085,31423,14462,31197.1722936876,14618.3458576124
728,1,110824.360119854,45179.551672364,0.244649707102672,0.0997358709919028,33733,13928,33879.4811421108,13813.0454804149
729,1,101021.501482211,46119.6343447027,0.223009460392702,0.101811145328621,30093,13287,30202.8857992463,13157.0963508346
730,1,105530.530855543,42129.3297332578,0.232963343404614,0.0930023703139521,29625,11674,29683.0448356293,11613.0326096488
731,1,104085.859802142,44280.9391976966,0.229774167760451,0.0977521439621376,31200,13516,31162.5102915759,13714.0485578289
732,1,99097.9224499988,41038.2431105563,0.218763074071946,0.0905937480365135,28411,11751,28436.1954951762,11883.1610294726
733,1,96253.8060196637,42283.1870330627,0.212484560477147,0.0933420171505516,31436,14038,31341.8699930839,14153.0618719451
734,1,98674.6836050247,41247.8188772711,0.217828755485803,0.0910563958685166,29052,12266,29184.1122016507,12098.0031587505
735,1,101695.750326054,42787.6771097992,0.224497894722322,0.0944557014468228,30612,12341,30544.3413844701,12444.9782678992
736,1,108727.750682854,41865.462021548,0.240021348462785,0.0924198705971583,32961,12061,33100.2766056104,12162.1110816341
737,1,104572.055406765,37317.6238282055,0.230847466195353,0.0823803153879218,31313,12039,31327.8929151063,12027.6113305043
738,1,110306.590991571,47547.5643852942,0.243506708709141,0.104963364441964,32867,14615,32751.9310253994,14624.5724776434
739,1,116606.803531552,48325.254721662,0.25741470827642,0.106680150469902,34296,14378,34194.5687167656,14397.6977477009
740,1,95461.5894072388,43537.571265918,0.210735707048334,0.0961111261698176,28857,12796,28733.7151364701,12876.9331827506
741,1,104636.700677507,42248.4357599897,0.230990173507495,0.093265302168669,31795,13104,31550.8469646796,13134.8270655435
742,1,96648.3482203967,47778.3311833257,0.213355529944009,0.105472792418687,29795,14429,29713.6571805825,14489.3055264529
743,1,99738.5749835564,40812.2461552581,0.220177343051437,0.0900948496999023,29915,12640,29896.8025822898,12592.857658898
744,1,96841.8678621089,39810.1037391562,0.213782733165506,0.0878825757169138,31553,12743,31675.7039726847,12690.6778901284
745,1,99073.739413747,48576.2673794547,0.218709688943176,0.107234272083072,29017,15135,29248.4725480817,14931.2503491818
746,1,94030.9244883881,46312.495746328,0.20757745056952,0.102236895455832,30637,14952,30656.6936843288,14976.1446069365
747,1,109915.529545525,46499.9241184936,0.242643423163159,0.102650651928717,32131,13071,32156.5530822865,12861.9330779795
748,1,119276.856931746,44016.9978036965,0.263308969985665,0.0971694815884089,32547,12392,32437.5940237889,12408.8726740173
749,1,79436.311595529,39577.965588065,0.175359193088463,0.087370120417281,23097,11535,23083.1563768073,11373.037232201
750,1,93301.2192281375,39449.848161106,0.205966593732643,0.0870872954955188,29315,12342,29069.2914860099,12369.604535889
751,1,114867.822697032,52083.9742478821,0.253575830692445,0.114977691102452,32824,14990,32826.912758913,15038.9132299718
752,1,94189.8901602894,44400.395409316,0.207928374364866,0.0980158488655783,28421,12829,28480.1525693556,12895.0181438568
753,1,99420.5184778143,42205.3012047859,0.219475219160193,0.0931700807183921,30803,13022,30858.4798695627,12889.8763058989
754,1,107454.914744878,39526.8517203628,0.237211506483288,0.0872572842795519,31729,12119,31767.9804234276,12035.8723616454
755,1,97886.3185940121,45189.4655133449,0.216088404638519,0.0997577562370746,29461,13366,29525.4693113449,13308.5241603332
756,1,103130.314678877,39027.1122825152,0.22766475937517,0.0861540872300508,31575,12455,31461.8386936867,12473.5092597528
757,1,98055.38991896,38291.7973435141,0.216461637112708,0.0845308467776783,29080,11361,28877.6329484198,11440.4138286585
758,1,106077.200190808,43800.0854641712,0.234170140291237,0.0966906379454189,32153,12728,32097.5361547505,12777.509203984
759,1,90884.6809800304,43161.69256262,0.200631978004094,0.0952813572041448,26390,12701,26303.713680829,12739.3032724564
760,1,123563.479409683,34327.7636505284,0.272771879877974,0.0757800659846717,37610,11179,37865.3740713753,10979.8611182143
761,1,112356.263318787,49109.4872243853,0.248031451590285,0.108411378621224,32442,14011,32362.1816801792,14035.8993598089
762,1,80063.2729370796,39429.3982953032,0.176743238152284,0.0870421515066562,25120,12245,25220.5072722819,12271.9195985094
763,1,88194.5038937577,44771.1024870503,0.194693292362244,0.0988342012376605,27428,13160,27384.2734444433,13342.4885191321
764,1,106661.490221746,44666.7656968531,0.235459986537834,0.0986038731298856,33617,14526,33631.9574277468,14317.6115800421
765,1,103206.600390812,46162.1777742387,0.227833163479293,0.101905061842679,31921,14221,31872.9902894734,13983.1955319963
766,1,114557.40283749,48649.6557894567,0.252890565037549,0.107396280264236,35287,15042,35410.6053130754,15058.9183264683
767,1,91804.8276821308,37494.3764517551,0.202663242799279,0.0827705046706235,28988,12089,29112.2744471348,12018.3972126267
768,1,101364.433145018,46376.9732858253,0.223766497300214,0.102379232493786,28866,13649,28782.8426479274,13730.9866260889
769,1,117027.867786638,54315.3062064462,0.258344226358607,0.119903455704397,31567,14537,31613.7156392813,14482.7750936662
770,1,106059.150293356,46333.7793088921,0.234130294339318,0.102283879867397,32914,13706,32897.9970370758,13680.5401193255
771,1,96261.5483341554,39909.7322717045,0.212501651980952,0.088102510136392,29952,12049,30028.986057538,12145.5491491312
772,1,108375.184293269,46423.9564479626,0.239243042467127,0.102482949915148,32831,14567,32927.5037263959,14599.8827929111
773,1,102565.790828009,40236.7635093317,0.226418547850755,0.088824446147684,29917,10571,29852.4721315032,10730.3313799144
774,1,111428.755974758,49232.7914954948,0.245983937850465,0.108683578287243,30986,14824,31104.0201059812,14698.2860532666
775,1,92489.8097436998,44565.0645276032,0.2041753711847,0.0983793632726476,30482,14476,30417.4004018746,14386.9702690438
776,1,93922.1701260392,38187.476737878,0.20733737047462,0.0843005543980425,27124,11397,27005.8626612459,11466.5536096259
777,1,94879.4203772167,43249.7749010498,0.209450543005653,0.0954758028862535,29354,14076,29356.4644365491,13822.0838652432
778,1,81418.9962631495,45788.6257286361,0.179736057729826,0.101080429077414,25251,14073,25038.0894678631,14184.5061595771
779,1,81868.060982767,38286.566130553,0.180727388083602,0.0845192986422564,25534,11743,25352.235496259,11789.1628206072
780,1,116823.868420483,36872.4578764478,0.257893888679013,0.081397591737708,35521,10985,35604.547500698,11124.0415799633
781,1,96254.7665886928,44747.3844585767,0.212486680976028,0.0987818426342555,29497,13466,29277.2924514845,13522.0415345159
782,1,96925.961489111,40988.0000422025,0.213968373589624,0.0904828342271001,29732,12402,29678.2019157551,12412.0299582807
783,1,94235.5509997987,43070.6380694928,0.208029172700177,0.0950803503582685,29288,13567,29303.2100799357,13610.108339939
784,1,105804.142597001,47044.0465984163,0.233567353500726,0.103851826518827,31657,13605,31416.0033527121,13696.8427135235
785,1,100535.292702817,44801.1428530738,0.221936132873907,0.0989005166825768,30113,12884,30127.0030732885,12933.159333569
786,1,107638.165299333,35012.1006509103,0.237616040237648,0.0772907703688151,33388,10636,33124.6074653571,10776.5822254884
787,1,84026.1282285754,42927.4290733875,0.185491417571558,0.094764210125979,24685,12021,24676.975702332,12127.8753809968
788,1,115024.625891093,49091.3977288319,0.25392198072172,0.108371445254733,34378,14445,34462.6455112841,14343.8301106177
789,1,94538.3480163321,42888.7963138677,0.208697610589883,0.094678926590023,30491,13516,30281.1299208979,13604.0824961368
790,1,107598.073671246,50140.6019175181,0.237527536184405,0.110687610195143,31278,15386,31510.8212023494,15274.3320053665
791,1,111804.733554283,43178.7433177167,0.246813925089809,0.0953189975048493,33365,13232,33432.3455058151,13275.4052065157
792,1,112246.688327962,42807.5739779578,0.247789559921504,0.0944996246687752,33808,12793,34105.9258529179,12560.1524616021
793,1,105459.767260743,42836.5358835935,0.232807129619823,0.0945635593643894,32516,12864,32265.4106866343,13029.034663836
794,1,96951.6884076495,43004.2118758862,0.214025166907251,0.0949337115796442,30684,13389,30654.5592013996,13460.9419467627
795,1,90642.8543720087,40049.6233164261,0.200098135004611,0.0884113258433397,28586,12442,28580.5107902863,12460.9098221265
796,1,106319.080437035,38008.0886027384,0.234704101699446,0.0839045471062146,31939,11590,31819.82000969,11604.9187062263
797,1,101749.212301996,56888.3811451731,0.22461591441349,0.125583633144014,30184,16789,30100.1439499141,17115.8339341675
798,1,88717.4444776032,48027.5833446265,0.195847706974082,0.1060230276575,27874,14393,27737.1916709161,14377.8550692346
799,1,93602.7439488812,44762.3055310706,0.20663222297277,0.0988147815658348,27015,13296,27091.3053292166,13121.8474699533
800,1,104863.519042427,48700.1002298309,0.231490885142403,0.107507638611346,29985,13554,30199.951570435,13286.9665707718
801,1,103643.398743538,43089.409109959,0.228797415282252,0.095121788265486,29111,12397,29140.7930531657,12363.8382271007
802,1,110036.585875915,50208.542651504,0.242910660399996,0.110837592389058,32347,14724,32286.698521368,14739.114513919
803,1,83445.3696367008,42173.3345751382,0.184209367133859,0.0930995129607989,25965,13296,25949.3899896594,13212.3326556119
804,1,89295.7301701613,41727.0796953542,0.197124298376486,0.0921143854535052,25533,12169,25344.6635810726,12146.4540367667
805,1,119849.662290598,42003.6998388829,0.264573463307515,0.0927250367310746,36555,13185,36450.1728606739,13111.6648603241
806,1,111793.236399482,51667.4408250449,0.246788544608915,0.114058175034095,32084,14449,32182.1211900182,14464.5522642166
807,1,101235.907332412,44658.7284744491,0.223482770848961,0.0985861306037394,29352,12614,29423.3751106365,12672.7812356325
808,1,93615.9884109665,41110.7969764684,0.206661460712257,0.0907539139244586,29533,13072,29485.5677541253,12980.8315651615
809,1,99831.9567618157,49505.7113002159,0.220383487482816,0.109286060902214,30406,15194,30572.7223006829,15316.2800294167
810,1,107930.126566638,52031.122468866,0.238260557728697,0.114861018448154,33216,16008,33331.9924296751,15899.4602549901
811,1,91619.6951783364,43075.7976816062,0.202254554557998,0.0950917404316328,28515,13319,28623.9357701353,13168.4340914492
812,1,99823.7422363177,52635.2454860523,0.220365353552199,0.116194646894542,30114,16426,30368.7060286967,16271.8123215487
813,1,90240.2561341261,39058.1706953786,0.199209381477214,0.0862226500586735,28880,12485,28774.1207585904,12569.0052456464
814,1,98907.9467344332,48125.1240004042,0.218343694225137,0.106238352996089,30879,15073,30786.2094493507,15160.8626140449
815,1,96271.9050248019,44433.139100627,0.212524514836469,0.0980881320213757,26513,11975,26418.3098610107,11995.7865244482
816,1,95735.2802126001,48761.1747380342,0.211339891681531,0.107642463306271,27678,14079,27773.9159978463,14086.9703260702
817,1,107227.783775037,45911.1877490127,0.236710104759106,0.101350990191908,33052,14238,32966.4054952898,14272.4354667525
818,1,110793.09620671,35014.1269291374,0.244580690623036,0.0772952434681792,34124,11123,34146.4842568617,11052.48259231
819,1,109699.307964572,50598.8862803222,0.242166104400458,0.111699293321565,31690,14676,31733.6203106241,14675.1355896574
820,1,104754.492797567,51582.4519381917,0.231250204854758,0.113870558284013,30236,14912,30331.8587763363,14825.8725528315
821,1,94891.5242664245,42250.7154896848,0.209477262879752,0.0932703347734282,30270,13425,30386.215247395,13325.7915393238
822,1,93949.1348375476,44654.9181805413,0.207396896275315,0.0985777192103641,26821,12433,26806.5088700377,12521.9002909219
823,1,107033.028697942,42790.1887640499,0.236280174259021,0.0944612460353601,32245,12783,32266.9941529962,12768.9564707725
824,1,82790.8665850414,37087.7564241705,0.182764522519253,0.0818728728634733,24202,11395,24291.843829447,11374.9182719852
825,1,91790.3033177023,37426.0585385571,0.202631179618409,0.082619689836812,29871,12663,30033.9742639764,12498.8316990042
826,1,109886.300191138,47288.3418191782,0.242578898062523,0.104391119090797,30825,13490,30854.1809623253,13420.0040833748
827,1,106106.721643674,50518.4876695396,0.234235310212265,0.111521809810194,32790,15463,32780.5201468501,15484.1955842803
828,1,92146.593810354,40798.9754737805,0.203417706737324,0.0900655540799408,28243,12645,28328.5148332502,12501.5918827757
829,1,107294.360755609,56627.1199034198,0.236857076406667,0.125006887325648,32537,16607,32583.833888383,16421.5974602015
830,1,90118.9289159484,53306.487450269,0.198941546243528,0.117676443403568,29676,17294,29595.9703918151,17264.3433140537
831,1,94503.5509025004,41184.1874392746,0.208620794412485,0.0909159266372796,29122,13467,29214.2551031274,13269.9500441049
832,1,89807.9241954608,47061.0706247189,0.198254989482068,0.103889407814529,27687,13049,27629.3652584142,13210.665527075
833,1,96091.8609426175,42611.7937810506,0.212127059512348,0.0940674311710817,30495,13542,30572.6963563506,13564.8715551729
834,1,108251.549744948,57543.5498529987,0.238970113699465,0.127029947224231,32340,17148,32402.1311359046,17195.0082822245
835,1,101104.806487885,38061.479470547,0.223193359900142,0.0840224098230145,29988,10989,30061.8257243865,11039.4871483417
836,1,108885.040954805,33587.3891081852,0.240368573738178,0.0741456562327484,32992,10818,33148.3047984371,10748.7190521912
837,1,102240.602036788,41273.2568215329,0.225700679121901,0.0911125512625674,30724,12928,30721.4407304916,12908.1342869279
838,1,112527.766119932,42202.4617835035,0.248410051656392,0.0931638125695454,32793,12453,32800.4642999046,12386.2742223973
839,1,98002.7386587694,31600.6344756233,0.216345407112641,0.0697598069626468,28944,9642,28897.2998411575,9602.75380691876
840,1,94054.4661764988,46965.3586814568,0.207629419893726,0.103678119440204,28124,14227,27958.8650917052,14334.8792066697
841,1,110783.746169874,43853.1299441371,0.244560050000605,0.0968077359956404,32431,12964,32315.6777535817,13034.0584604879
842,1,103052.364810648,50637.9754437467,0.227492681571966,0.111785584389452,30067,14735,30165.2858027733,14683.8957262852
843,1,91080.0678207039,40093.9059454636,0.201063303150395,0.0885090817176983,26894,12043,27038.5829554942,12030.9379346573
844,1,91805.1791409487,48707.658872062,0.20266401866026,0.107524324650462,28036,14710,28158.4965917518,14555.5820616502
845,1,80861.0671788082,33741.2377839806,0.178504404446013,0.0744852840314632,25482,10943,25403.3224029938,10996.5723327092
846,1,79772.4245485845,42192.5220746547,0.176101177390737,0.0931418702199039,23265,12110,23465.5441757165,12011.3073132889
847,1,90996.3731597117,47141.1635390868,0.2008785434615,0.104066216487458,28334,14143,28290.5694597162,14157.8761783026
848,1,90860.4608758435,43459.5811788146,0.200578511046207,0.0959389595816584,27173,12959,27138.1816373822,13002.3976038676
849,1,92802.0892529731,49502.2265179168,0.204864742099139,0.109278368090202,29389,15297,29533.9257178664,15221.9460798048
850,1,111372.167727921,48854.7461937486,0.245859016777163,0.107849026459074,33466,14305,33625.8824818355,14127.8629246678
851,1,97842.6650771561,41637.8883102145,0.215992037557299,0.0919174915014272,29626,12680,29671.3762763056,12775.4142653398
852,1,117353.969846487,49961.2851837469,0.259064111168601,0.110291760525013,31400,14154,31321.8342511163,14059.4420688497
853,1,118333.816354064,53184.917035468,0.261227165941262,0.117408071302513,35174,15447,35386.2832182943,15417.7536552509
854,1,107936.295055605,45361.6056820807,0.238274174942615,0.100137763320502,31589,12707,31589.6136712423,12528.0854272568
855,1,117545.459013132,41396.6208374811,0.259486832026022,0.0913848828179772,35058,12629,35277.26348794,12502.458912216
856,1,92445.8328098311,38593.2033623373,0.204078290146031,0.0851962139780333,26976,11105,26911.2300774886,11127.8507484612
857,1,104614.517683769,39454.5456059272,0.230941203561584,0.0870976653140171,31291,11816,31205.0254627235,11781.7980217294
858,1,113773.654709169,41295.5074143519,0.251160406164279,0.0911616704364579,33344,12435,33280.7935926177,12380.7242815475
859,1,92213.5657926778,44663.2035647935,0.203565550368832,0.0985960095648344,29745,14193,29924.9956330846,13943.3493807666
860,1,91436.8409067786,45343.2335825962,0.201850895615769,0.100097206093256,27701,12973,27751.5625082021,12822.9337661874
861,1,80960.075781174,39064.092607323,0.178722970342024,0.0862357229428401,25136,12647,25130.7709329685,12686.4156415768
862,1,90695.0592965909,44900.9789179524,0.200213379698959,0.0991209092389101,27373,13261,27218.4015660623,13402.2639236147
863,1,111769.727562504,50977.39258001,0.246736647805046,0.112534862823207,33063,15045,33025.5653986852,14985.9614105311
864,1,108772.981923726,39052.8115850724,0.240121198439985,0.0862108195841701,33577,11931,33653.5855529385,11985.8494569563
865,1,95446.8312798766,55047.9728900714,0.210703127825384,0.121520850015169,28862,17257,28837.7318439747,17427.6399275941
866,1,89600.4953565229,40514.8969141962,0.197797081088679,0.0894384380169985,26413,12574,26491.5510058857,12553.5984875022
867,1,111555.240333934,43172.8272224351,0.246263157702418,0.0953059374612247,34767,13933,34631.4196624448,13996.7041311775
868,1,90600.6951544134,41540.709088308,0.200005066655511,0.091702964044195,25936,12741,26056.7093700954,12533.2800148456
869,1,89084.7195140558,43480.0586580782,0.196658482962295,0.0959841645284646,26382,13104,26241.0340368859,13278.1380277578
870,1,86860.7915816806,47891.7660881456,0.191749063077671,0.105723205019395,25896,13727,25696.9957338718,13790.2927722084
871,1,92997.3931248674,40174.0617935894,0.205295884088168,0.0886860293196996,28787,12948,28994.6767550588,12860.8721336279
872,1,107017.865603789,42722.4887409159,0.236246701053858,0.0943117952213636,32709,12648,32576.8813167743,12666.7156904498
873,1,105985.036316809,43021.4453612887,0.233966684437714,0.0949717552656309,31658,13160,31704.8953595614,13177.6928796419
874,1,99883.8379177048,39101.1642860629,0.220498017443365,0.0863175603235,29490,11661,29486.3015485952,11709.8252888663
875,1,107045.354993296,42670.6670959758,0.236307385104584,0.0941973966338826,32331,13002,32287.171848463,12956.8880834037
876,1,107307.093714142,47751.9806513584,0.236885184979297,0.105414622446662,33296,15343,33621.6535848526,15141.4052242679
877,1,85243.5426715936,39355.7965054079,0.188178914134452,0.086879672279881,25396,12379,25456.2887020449,12473.4086890129
878,1,96655.2269867479,52810.3799525891,0.213370715126863,0.116581264023623,27667,15249,27747.9442498911,15112.1708741254
879,1,93141.8661746792,45295.1345770399,0.20561481477527,0.0999910253978877,26023,13305,26164.3555224941,13320.6238214335
880,1,106220.995110468,42224.943120002,0.23448757397585,0.0932134411203774,33923,13581,33843.4911020653,13636.6291351951
881,1,109267.145441771,42085.163316944,0.241212086398372,0.0929048709843528,34103,13698,34044.5791787456,13574.1387658982
882,1,91452.6192202371,36036.579639873,0.201885726944929,0.0795523533304628,27217,10749,27227.0919348668,10778.1663262428
883,1,98493.2294120944,40864.4440323568,0.217428187279454,0.0902100788366169,29222,11648,29032.0921159101,11697.0778085844
884,1,101165.723320748,38602.2138896626,0.223327836519737,0.0852161051181095,31225,11822,30918.9247990838,11961.1815504376
885,1,97801.5773640861,53002.2389947707,0.215901334602126,0.117004801397753,29507,16058,29435.7387025284,15896.3563097058
886,1,109217.815403478,39308.2229691103,0.24110318814345,0.0867746515812869,32763,12264,32900.2994592879,12223.7124178787
887,1,113785.332619316,40829.3767976668,0.251186185670644,0.0901326663554032,34787,12240,34966.9845748364,12229.7595279566
888,1,96885.022188117,49802.3021078418,0.213877998260713,0.109940798309555,28397,14522,28265.9213161787,14584.7334037993
889,1,101055.996768364,45703.1714486568,0.223085610272067,0.100891784951295,30818,14354,30877.0872308474,14266.6162013957
890,1,97695.6552348159,41013.8562853018,0.215667506787793,0.0905399130344505,29124,12221,29194.4150683963,11997.6458908957
891,1,95845.49478589,41295.2728572675,0.211583195257069,0.0911611526412553,30698,12739,30676.2487329821,12754.0840007137
892,1,112694.830210196,43580.5593822266,0.248778853070687,0.0962060243497162,32322,12558,32247.698763014,12566.857351839
893,1,100514.937313804,47166.3603451552,0.221891197446763,0.104121839558216,30422,14462,30469.0308092697,14389.6018456015
894,1,108720.611085868,42599.6320205677,0.240005587484698,0.0940405835435675,32653,12495,32703.2008786054,12710.4288377065
895,1,114950.71265598,43047.0702722814,0.253758813965766,0.0950283233970608,34574,13185,34487.8579803118,13238.3994871749
896,1,94751.0708217266,43734.9914290229,0.209167205649827,0.0965469399658778,28594,13697,28764.9418552244,13598.8497433764
897,1,89425.6567283989,43879.2639787916,0.19741111703606,0.0968654280402117,31393,14490,31263.8116962676,14473.7178232414
898,1,104172.749333826,45756.8243977974,0.229965980268583,0.101010226224298,30408,13666,30401.092230652,13614.4893318381
899,1,112441.415997046,46995.375908912,0.248219429917185,0.103744383805701,33669,14211,33657.8557772483,14330.6154599849
900,1,99208.0991178817,50440.0483044222,0.21900629396961,0.111348651420825,28424,13857,28451.4682194799,13953.0111499151
901,1,104006.239998721,40941.8503520367,0.229598403500991,0.0903809567322088,32491,12438,32303.9699460758,12598.3770756697
902,1,104415.417020501,54425.1322829718,0.230501679986625,0.120145901656038,30061,15904,30171.1134298183,15836.8477337651
903,1,108469.274503188,49398.1938130342,0.239450750792923,0.109048711264292,32207,14959,32143.4939476553,14883.4637679274
904,1,109460.904356672,41431.8584848505,0.24163981782608,0.0914626714927648,33337,12449,33356.1363137342,12460.0201531154
905,1,99949.6190043793,46439.1566538892,0.220643232119727,0.102516505046202,29728,14549,29721.1833780094,14487.6724200157
906,1,104589.413443884,44072.4232665304,0.230885784834796,0.0972918357642748,31273,12812,31359.6342088404,12787.2462265884
907,1,85250.0857233976,42938.5990060792,0.188193358212502,0.0947888682495037,26091,13391,26225.6216821654,13376.2155750285
908,1,91802.7374903996,42358.1421380884,0.20265862860801,0.0935074838807053,27411,12817,27389.968035647,12774.9220809919
909,1,96977.6309735341,35763.4525877782,0.214082436275992,0.0789494132076907,30520,10932,30460.2103866426,10966.1341519211
910,1,94611.4716842237,43013.2795030038,0.208859034341056,0.0949537287700528,29822,12715,29725.7029843058,12677.5333207483
911,1,111567.333456989,46909.3775931885,0.246289853809756,0.103554538696464,33339,14090,33506.7723027695,13974.3905320948
912,1,96169.7845511964,43059.4551441126,0.212299079346206,0.0950556635528058,27109,12652,27242.5460953687,12646.002849788
913,1,83641.459334373,41972.6833568488,0.184642243868265,0.0926565664666236,24889,12735,24948.7187749317,12730.7683016944
914,1,98927.163397268,45357.1527061309,0.218386115863565,0.100127933177917,30814,13841,30909.3810527906,13804.05732486
915,1,96536.8151969464,56203.4861983034,0.213109315831066,0.124071697068168,26949,16072,27074.2578594108,15950.9455696037
916,1,104960.843378992,42623.8132791117,0.231705732946702,0.0940939647479685,32742,13674,32766.6634495754,13514.0224508632
917,1,101789.781959596,46178.5881604968,0.224705473738158,0.101941288500673,31471,13941,31521.0479603297,13901.431149923
918,1,96118.7344115631,45473.639683251,0.212186383891025,0.100385083364057,29235,13839,29343.0875548078,13887.8921752068
919,1,93405.4524838817,35112.4489568061,0.206196693283505,0.0775122937199909,28954,11024,29132.8945014612,11057.5662944993
920,1,85844.0650845362,42792.6309794717,0.18950459408673,0.0944666373345923,26423,12939,26442.4792329696,13015.3857079909
921,1,98145.9714188224,40897.7680966063,0.216661599804903,0.0902836431915051,28603,11856,28537.465088771,11941.5565161263
922,1,103952.121779257,39581.8775094382,0.229478935123041,0.0873787561578089,31803,12237,31783.0444623631,12146.4697206429
923,1,81330.4851855664,44227.8592211212,0.179540665586956,0.0976349675515709,24462,12917,24543.1468158995,12861.9536084733
924,1,78914.9333531841,41126.790939337,0.174208227415019,0.0907892213092881,25576,13385,25712.000411458,13498.4844592992
925,1,94448.1205460685,38357.1372696324,0.208498429433784,0.0846750875724791,27853,11566,27821.9928248308,11644.356385574
926,1,103344.542701754,40171.5830837442,0.228137677269695,0.0886805574574036,31971,12785,31981.2428280856,12687.6426596618
927,1,110464.675480438,41949.4196920825,0.243855687253722,0.0926052108913236,32389,12565,32332.0595219119,12444.2633394747
928,1,111161.85838939,38839.7501151212,0.24539474955273,0.0857404769071446,32828,11794,33020.7687373861,11601.7259111693
929,1,100149.168275968,40837.8628453545,0.221083746017519,0.0901513996833376,30331,12216,30212.3999143993,12282.9159504818
930,1,103393.550245806,39210.2125816089,0.228245863604226,0.0865582892890137,30955,11315,30952.082054497,11300.5362637187
931,1,95590.8031226957,37836.2465100043,0.211020952075745,0.0835251980388269,27868,11676,28113.1337382688,11488.4061316009
932,1,105007.917585881,37885.8557069794,0.231809651353404,0.0836347125489621,32077,11743,31955.9125712744,11591.492324239
933,1,125391.769454268,56082.6141496244,0.276807911517792,0.123804866641407,36800,16148,36922.3167830273,16228.8863360289
934,1,99366.9911141399,52839.6911114068,0.219357055122695,0.11664596971118,28728,15266,28661.6451859584,15278.0741441045
935,1,98937.6556806613,42648.784484653,0.218409278046105,0.0941490897955218,28843,12370,28709.8971233671,12378.8664224863
936,1,111433.440434726,51023.9088850781,0.245994279004323,0.112637549636811,32002,14386,31983.712180661,14237.7965990508
937,1,96228.4858570763,44387.3437099066,0.212428665091384,0.0979870366582778,28936,12963,28888.1829437702,13006.9002246434
938,1,101663.600651355,45051.2803162928,0.224426922884632,0.0994527062647747,29327,12697,29349.2089094009,12748.9937616818
939,1,99463.2484636811,48501.5040797778,0.219569547505654,0.107069228771761,27651,13539,27572.4213023578,13734.2390908773
940,1,97802.9695414379,42794.962619253,0.215904407895587,0.0944717845331772,28220,11838,28111.3598324497,11813.0764840722
941,1,98996.5614041166,37221.5692385509,0.218539315052179,0.0821682706064365,29853,11316,29727.9529832666,11407.4866001976
942,1,100578.381416787,42593.3006007957,0.222031253127621,0.0940266066526465,29991,13369,30292.8301125956,13137.1149740245
943,1,78574.0499228487,41248.602717493,0.173455712071844,0.0910581262306907,23929,13038,23853.5111469266,13091.0577188073
944,1,95448.0426746922,39648.212407029,0.210705802033352,0.0875251933964155,30201,12328,30191.9294924592,12301.5300771818
945,1,94026.9692583558,41152.9807398823,0.2075687192232,0.0908470364595451,29638,12842,29826.3216215452,12799.5781821829
946,1,92812.8888385715,42937.2493113785,0.204888582664973,0.094785888738385,28404,13823,28399.9057658777,13694.6483711414
947,1,88143.4440802703,44273.6185973018,0.1945805755516,0.0977359834109693,27955,14697,27956.2612664698,14674.9732452762
948,1,103691.100356898,44218.3224742859,0.228902718716661,0.0976139147585077,33438,14518,33434.0906876561,14467.0481767216
949,1,96721.0951907788,43232.9073700846,0.213516122118666,0.0954385670609737,28111,12440,28045.4179480027,12351.0476886358
950,1,105187.607804815,45138.300990754,0.232206325508651,0.0996448082764243,28689,12157,28601.0834521431,12226.11534632
951,1,74756.5359198159,35401.6292878619,0.165028380015135,0.078150672170506,23612,11563,23686.6004709793,11564.6051002675
952,1,93526.0302059363,34676.7905233135,0.206462873971144,0.0765505583394707,27920,10608,27859.9462930289,10672.2221056116
953,1,97962.9279357067,46780.343472209,0.21625752316974,0.103269690131854,29128,14002,29076.5654980119,13995.192554822
954,1,84318.5871273455,33714.0455710975,0.186137033606213,0.074425256011359,26507,11005,26495.0970388972,10905.0308355568
955,1,118277.259006798,42010.8539175964,0.261102313080139,0.0927408296782203,33219,12549,33199.4752014602,12514.1031800035
956,1,101629.932541734,39026.1175208836,0.224352599034273,0.0861518912494781,32397,12268,32515.7506808531,12349.7695694284
957,1,105188.34294381,44546.1992654553,0.232207948360699,0.0983377173668746,29616,13338,29726.9484600357,13266.8545544338
958,1,115127.985687428,50581.2130552501,0.254150152072064,0.111660278890687,33083,14810,33336.125178075,14693.8711085386
959,1,103527.315953896,48201.1415244111,0.228541157357959,0.106406165063425,29190,13129,29254.5680567371,13137.5133881721
960,1,112541.746895869,51754.2655842451,0.248440914841473,0.114249844554087,32629,15957,32582.0520108412,15948.6389362911
961,1,110114.454203138,53612.1622930409,0.243082558197801,0.11835123422277,31061,15107,31140.0605713313,15082.2972790722
962,1,102310.701028435,55163.1825009437,0.225855425765655,0.121775180358469,30155,16182,30011.1170593548,16195.9435896299
963,1,92574.9495475739,47303.3172550074,0.204363321090823,0.104424178031858,28036,14333,28021.1911251961,14390.7356370952
964,1,95464.9399558855,54618.3809774256,0.210743103533584,0.120572506749403,26581,15541,26249.716594173,15639.6133982103
965,1,83453.3650846011,45319.5136157372,0.184227017440928,0.100044843210779,25734,13985,25663.1064089728,13965.4012239833
966,1,104029.787242388,48425.5825905684,0.229650385089334,0.106901628705514,31198,14082,30968.9360027654,14169.6236016638
967,1,95096.9578465832,39966.1424896577,0.209930766650588,0.0882270382030094,30426,13559,30550.2532074934,13620.5701717954
968,1,86067.8150088485,45568.6626661351,0.189998532002438,0.100594850827686,29077,14966,29031.4852191383,14895.8151590694
969,1,103885.472853028,46152.1285376454,0.229331804652241,0.101882877705667,30210,13740,30207.1805563217,13694.3508541723
970,1,102576.494602384,41285.1749804466,0.226442176909049,0.0911388611287762,31006,12494,31190.538799284,12358.4308225357
971,1,99572.201017433,47395.4810447752,0.219810065116896,0.104627633699437,29878,13749,29777.8350471397,13679.6126046771
972,1,93119.870083703,42280.2497542726,0.205566257425524,0.0933355329769015,28522,13415,28625.8189872188,13403.8526207806
973,1,103193.959247292,56525.6378885811,0.227805257592391,0.124782861261526,27841,15452,27711.6912554802,15555.8115124583
974,1,92400.3412767231,47256.6067713911,0.203977865562136,0.104321062560467,27317,13606,27195.639393572,13613.5506394969
975,1,98467.177533642,46086.6749642754,0.217370676598355,0.1017383860295,29763,14188,29667.0203908414,14125.3406769879
976,1,107614.729446214,50094.5824809633,0.237564304548896,0.110586020240895,31239,14695,31177.992468251,14612.5058383259
977,1,90587.0570146861,34387.2058210342,0.19997495985511,0.0759112872214833,27975,10554,27830.7082739002,10662.187723039
978,1,78439.2945898395,36066.420579113,0.173158233677062,0.0796182285318792,24442,11582,24548.2444473696,11521.9953701136
979,1,91486.8199443409,45162.9808156377,0.20196122656546,0.0996992900882084,27230,13846,27241.2007533483,13898.0184145655
980,1,110171.38885826,46099.2965091068,0.243208243982808,0.101766248651426,32817,13281,32602.7563393919,13472.0111368249
981,1,97099.3422066502,46180.6335022409,0.214351119239744,0.101945803683599,26072,12605,26164.9901935521,12567.247268307
982,1,97039.139493307,41232.1829760699,0.214218219070772,0.0910218789207533,28351,12376,28475.5993859292,12248.8373232614
983,1,94202.9088665459,47304.214295071,0.207957113738313,0.10442615828772,29579,14622,29471.3497109074,14673.3589413391
984,1,96714.4970561408,37304.8243553038,0.213501556442809,0.0823520599818623,29169,10924,29441.5288651526,10795.4200996184
985,1,92116.1716157847,35238.2411748181,0.2033505483889,0.0777899856395214,28757,10821,28911.2491954353,10788.597696261
986,1,97054.075806587,44445.8540671952,0.214251191647065,0.0981162008759431,28972,14201,28983.7662488494,14180.9042832013
987,1,81933.4723918676,44723.1054206242,0.180871786680267,0.0987282455774589,26108,13751,26038.4933084797,13685.6355136397
988,1,96678.9149405761,48778.4488220339,0.21342300733915,0.107680596615468,29888,15639,30110.9892668421,15514.1340510465
989,1,87880.4304787366,44952.6602229147,0.193999961321031,0.0992349980196442,27867,13457,27882.5714718238,13631.5444311791
990,1,107974.321909956,42990.8766673929,0.238358120915945,0.0949042735134238,30260,11999,30152.8207117685,12128.5083328829
991,1,102274.406711094,41474.1662925326,0.225775304444878,0.0915560678610937,31304,12264,31206.3756148776,12304.2530473108
992,1,87279.3859462589,42939.7543779459,0.192673128766642,0.0947914187843183,26445,12479,26307.6628350086,12562.3595970452
993,1,121226.070864484,49805.9582226939,0.267611946490189,0.109948869345803,37481,15404,37062.0011852256,15581.3391347762
994,1,95781.1271794563,39062.0856588047,0.211441100901244,0.0862312925146685,28718,11420,28535.2484924236,11543.2530268345
995,1,121911.288361702,51412.7447377787,0.269124594610285,0.113495922086436,36728,15178,36408.3541128082,15362.2464911311
996,1,103049.121649364,45511.0782611868,0.227485522149097,0.100467730691021,30183,12785,30203.4056074926,12799.3549910347
997,1,97401.1976459559,42479.6845006825,0.215017478555815,0.0937757940552648,27703,11999,27790.0359993535,11960.3831546092
998,1,100597.205654012,43019.6756364805,0.22207280846905,0.0949678485193568,29686,12644,29575.1520308401,12855.2658475074
999,1,105407.758653891,41329.9476829285,0.232692318305601,0.0912376988620738,30108,11932,30164.683827914,12044.9092704163
1000,1,106413.887140212,50271.6523112202,0.234913391715995,0.11097690977152,32086,14453,31966.460304034,14595.998673152
1001,1,118951.964468606,41224.5125621317,0.262591755414237,0.0910049461406198,35122,12004,35115.0612051051,11904.4591164049
1002,1,94449.4694979089,45986.6079112205,0.208501407305005,0.101517483556488,28024,13914,27908.7777241369,14047.2738368649
1003,1,106092.518266876,39307.8477689123,0.234203955625873,0.0867738233101519,34074,12320,34052.9392072033,12290.2012096341
1004,1,111215.246112247,43984.6067968222,0.245512605326909,0.0970979769992013,31179,12825,31234.0352593431,12824.5517496451
1005,1,76978.8846526807,35851.9314223318,0.169934313746558,0.0791447341726384,23514,11107,23626.7068299889,11248.9587225765
1006,1,106191.98148123,46411.2199507116,0.23442352509808,0.10245483353064,31453,14111,31506.4499116369,13995.0728709562
1007,1,97873.4108257372,44636.7578788663,0.216059910165604,0.0985376295362088,28849,12969,28880.12588244,12962.2448599385
1008,1,107838.129041822,47569.7912283965,0.2380574690984,0.105012431187298,33171,14228,33282.3014089511,14372.0556939963
1009,1,113865.417388127,46654.2183493463,0.251362976361894,0.10299126331005,33958,12888,34065.560675327,12973.9372739502
1010,1,109038.411543672,45297.7011112126,0.240707146138722,0.099996691136295,31723,14033,31914.8983607604,13965.4045700207
1011,1,98443.2290614971,40092.436325761,0.21731780928029,0.0885058374668007,29999,12741,29924.337048531,12781.1547333183
1012,1,103017.711352717,44776.7817346127,0.227416182521363,0.0988467384294043,30913,13655,31132.5228933492,13588.2367686201
1013,1,98456.7315906012,42457.453397254,0.217347616714205,0.0937267179050711,29261,12714,29404.0877295036,12589.9639290485
1014,1,102759.709970435,40550.810709577,0.226846632987857,0.0895177193186127,30725,11794,30791.4879235335,11842.880719653
1015,1,100079.779906185,43716.0984922507,0.220930568103157,0.09650523296714,29835,12300,29758.076930327,12385.2256331708
1016,1,93167.6615782579,49417.7359454283,0.205671759276671,0.109091851391257,26456,15212,26711.4533968606,15153.9502674978
1017,1,110984.762855731,46073.6692081533,0.2450038032807,0.101709675244051,30638,12934,30758.9489960114,12935.9091154539
1018,1,83642.7919014478,35197.1417406289,0.184645185569387,0.0776992568094555,26664,10979,26751.9402393224,11117.0457332172
1019,1,103226.849187326,42037.7044179372,0.227877863598753,0.09280010335268,31860,13400,32352.9681591365,13294.9612508995
1020,1,91863.5533133997,38993.9311097934,0.202792882243836,0.0860808383145693,29982,12193,30071.2956991542,12305.7013481143
1021,1,98370.8729157699,37114.6962073834,0.217158079868452,0.0819323436338464,29830,11588,30102.3043420729,11492.1567384883
1022,1,98322.6882202931,37287.9898484509,0.217051710008771,0.08231489705878,32304,12624,32289.7309022655,12661.4999056926
1023,1,108188.519459085,47780.3954842135,0.238830971538316,0.105477349454766,31016,13371,30906.3807923943,13487.5599634172
1024,1,105475.854717961,49326.9913695743,0.23284264339759,0.108891528701554,32191,14275,32143.5799990568,14156.1265093946
1025,1,88979.5956223751,38581.1812465425,0.196426417292966,0.085169674622383,28028,11872,28133.6938026907,11914.7327596161
1026,1,92427.6337210393,46480.1594159144,0.20403811484759,0.102607020468164,28426,13980,28317.9731896796,13942.4240102955
1027,1,112790.419039848,45410.7693481899,0.248989869666236,0.100246294301422,34024,13610,34160.0975488823,13640.3680888548
1028,1,95769.0724781992,41581.6091947871,0.211414489611735,0.09179325284947,29162,12879,29185.3197815668,12870.5634826004
1029,1,82338.1585551751,45134.5645182711,0.181765149395961,0.09963655984713,25771,13646,25773.1744021012,13632.6115270469
1030,1,95900.0078545108,46937.9789256575,0.211703535282104,0.103617677410766,29537,14122,29488.4506541514,14129.9596311765
1031,1,109550.62231151,48653.6953647224,0.241837874204203,0.107405197806413,32839,13901,32586.5708905733,14044.06054315
1032,1,98653.1824050158,50338.9810086853,0.217781290629891,0.111125540867577,30147,15029,30266.8286080087,14947.695632536
1033,1,87747.1706834141,38807.173727338,0.19370578439225,0.0856685630813304,27647,12407,27592.7912843341,12384.6237447657
1034,1,77431.9429567864,41296.077032002,0.170934460115822,0.0911629278927708,22915,12094,22808.2784989335,12155.322444162
1035,1,81468.0067146241,44552.6202416153,0.179844250482622,0.0983518919575076,23558,12993,23570.3219092022,12998.6984215014
1036,1,108243.034200411,50568.1334527365,0.238951315255923,0.111631405086042,32024,15135,32096.3316643013,15240.6142216319
1037,1,111623.452313667,47062.8708208078,0.246413738683391,0.103893381827511,30937,13367,30862.5995361238,13404.0647447072
1038,1,88395.1848491956,41183.0905718553,0.195136304502498,0.0909135052536365,28318,12332,28265.797821351,12295.4974053849
1039,1,83478.1758472067,42193.8399520963,0.184281788303561,0.0931447794930071,25604,13305,25787.384008531,13141.0791445425
1040,1,99035.567391328,39247.261154253,0.218625422504874,0.0866400756619389,29982,11695,29855.3337758788,11788.2678639492
1041,1,93521.4091539617,45322.1001206166,0.206452672793254,0.10005055303541,28634,14019,28558.2655608325,14181.2786547669
1042,1,88024.2929415872,43024.4778915047,0.194317544110243,0.0949784497110428,27133,13266,27189.005447823,13206.8723824435
1043,1,105336.92011376,47154.2651584989,0.232535939075656,0.104095138895386,30434,13167,30324.7532497432,13341.223264954
1044,1,113193.969651405,45475.9986167806,0.249880725600904,0.100390290814806,34770,13870,34589.6013513819,13778.4875296777
1045,1,99104.9219860536,38234.6508768722,0.218778525859295,0.0844046934093144,30888,11564,30973.8098740268,11480.7659330494
1046,1,112327.934041119,45153.4995101733,0.247968913449066,0.0996783596844387,33885,13668,34093.9945122923,13705.7350286835
1047,1,104716.642525362,47133.3750463827,0.231166648694375,0.104049023043194,31710,13726,31847.7473853148,13834.0274615399
1048,1,108822.029186877,40173.0027116,0.240229472456195,0.0886836913490745,36041,12885,36107.143567881,12898.6586816239
1049,1,90527.4834647437,43599.8698248721,0.199843448592345,0.0962486530112498,27217,14329,27429.8612491173,14160.919319392
1050,1,95322.8948993534,45411.1414382044,0.210429532749703,0.100247115706689,28777,13377,28922.0665745023,13379.1527320814
1051,1,92598.4821372922,42069.8200797966,0.204415270329922,0.092871000105513,27707,12414,27641.7736340674,12458.7538996209
1052,1,95155.8981388197,43218.8541767767,0.210060879968785,0.0954075440113218,28276,13540,28661.9358821921,13415.4850938175
1053,1,100332.152372079,44129.702529791,0.221487691553226,0.0974182822870846,31339,13186,31091.1076600585,13336.8345196043
1054,1,96328.8747294022,42372.8467647696,0.21265027799476,0.0935399449985201,28891,13116,29077.2379106757,13177.7652288977
1055,1,93890.7822424147,43955.1115810661,0.20726808032463,0.0970328649977618,28197,13451,28168.3010862366,13399.9705598665
1056,1,97718.7383849493,45210.693716197,0.215718463869007,0.0998046184396126,29917,14019,29928.9004171013,13854.0554076998
1057,1,111270.773555351,40400.9671349467,0.24563518462876,0.0891869329589633,33955,12657,33925.6972197091,12744.7322465071
1058,1,112819.942751923,48464.8602275972,0.249055044574569,0.106988335837271,31960,14036,31887.8627948256,13937.4846473936
1059,1,87926.166861779,36358.5829687536,0.194100926422054,0.0802631900094341,27003,11194,27228.7880742562,11180.2372809599
1060,1,94241.8536305402,42674.5903034733,0.208043086038032,0.0942060572890322,30167,13884,30327.5388716651,13807.9033883664
1061,1,111799.384809709,46875.9674041536,0.246802117498121,0.103480784217279,34880,13471,34589.8117025343,13585.5912108913
1062,1,112927.761359692,46957.2642825933,0.249293058949589,0.103660250694479,33455,14329,33402.7823061931,14391.0935532686
1063,1,96188.6871612939,52943.1941576124,0.21234080769924,0.116874457291988,27723,16101,27596.9227882139,16021.8842980225
1064,1,101586.73026284,40073.6458693276,0.224257228080937,0.0884643566979718,29546,11499,29617.5296757078,11409.6563547007
1065,1,96413.0913757586,40464.6249680572,0.212836189989577,0.089327460458589,29480,13153,29571.8704218994,13019.3093249361
1066,1,113055.382664064,39249.9138113358,0.249574788658661,0.0866459315205032,35484,12126,35595.8573242881,12151.1469791839
1067,1,115113.848746056,46192.8749775522,0.254118944144832,0.101972827285145,31633,12735,31695.1032424043,12697.8001734802
1068,1,99525.2097025002,48638.0095265575,0.219706329697876,0.107370570620579,27843,13524,27939.2341029616,13539.3071022905
1069,1,99314.89225185,38379.974997563,0.219242044565577,0.0847255028732583,29368,11427,29477.4038370648,11334.5929936169
1070,1,94820.8880244233,38180.0936695192,0.209321330231932,0.0842842559460636,29044,11817,29219.3509945543,11736.5725891821
1071,1,107965.00198089,41296.9056325431,0.238337546757757,0.0911647570653414,32981,12870,32718.180471572,12914.4614273895
1072,1,104634.046542707,39126.6142007354,0.230984314386805,0.0863737421427649,30325,11925,30427.3664813242,11868.4037861785
1073,1,102981.204319855,46133.9015221931,0.227335591621606,0.101842640757879,30423,13623,30445.4390737007,13771.949782032
1074,1,85108.3622359424,39470.0561664957,0.187880497306668,0.0871319055667555,27482,12209,27508.6010064469,12414.6761768186
1075,1,96146.2025440038,43550.4968697904,0.212247021015832,0.0961396600156081,28975,13413,28998.3281007971,13539.1425967515
1076,1,111301.671417854,46236.6308779145,0.245703393035316,0.102069420382511,33795,14204,33951.8310635992,14039.2682602052
1077,1,97699.0226225995,40613.0316331782,0.215674940446188,0.0896550747765484,28774,12185,28784.3257686856,12146.6696487132
1078,1,82581.6888188596,39037.1542207103,0.182302753291139,0.086176255255524,26426,12626,26333.9505295735,12631.8431185142
1079,1,94205.0133989024,45258.5696293376,0.20796175958715,0.0999103066485447,27666,13759,27677.157195818,13585.4506529746
1080,1,111103.680317248,44711.1941506229,0.245266318869313,0.0987019509188305,34163,14110,34291.3659489263,14226.2982984561
1081,1,102416.234253117,48054.6696959933,0.226088395055799,0.106082821983596,30875,15121,30829.5352646942,15084.7327026494
1082,1,99262.0325814969,40365.518499883,0.219125354490801,0.0891086785194507,30416,12641,30553.5995454045,12449.2533121509
1083,1,95547.371615078,46910.4655092553,0.210925075089798,0.103556940319598,29800,14550,29765.0270054879,14481.7187095966
1084,1,95355.5430198308,33812.3463749353,0.210501604928632,0.0746422594106193,27685,10007,27603.6804339099,10066.6407813391
1085,1,100440.282121358,37136.4946737581,0.221726392786977,0.0819804647184898,27624,10980,27843.744959321,10930.2326354159
1086,1,104952.031213245,42396.5429989897,0.231686279698637,0.0935922554901404,30841,12381,30883.0935357347,12397.0359221163
1087,1,82699.8959086695,42002.9328717056,0.182563700702594,0.0927233436168975,25449,12731,25240.8146211814,12803.0628281375
1088,1,97680.2792306753,40693.4598828409,0.215633563574357,0.0898326237170653,29646,12453,29603.2242545901,12518.2036175911
1089,1,103336.185389829,42841.4566288728,0.228119228131688,0.0945744221285869,31672,13318,31757.5412293883,13174.6506751089
1090,1,98391.6124460396,39763.0493636555,0.217203863304517,0.0877787010888834,29625,12788,29810.3872720428,12666.4976448003
1091,1,105037.824243895,43049.6938089145,0.231875671631937,0.0950341149709367,32849,13518,32796.3253697877,13478.6134290268
1092,1,91683.7734999421,34700.9866666795,0.20239601030469,0.0766039724027786,30557,12006,30542.1373021628,12101.6939397428
1093,1,119095.387143898,48483.5923456813,0.26290836735284,0.107029687821598,35073,13973,34956.8335708712,14218.4143057004
1094,1,101494.708659723,39246.3037358129,0.224054086296717,0.0866379621181233,32491,12402,32345.6560446164,12459.8258043976
1095,1,107693.111777664,45074.0893331335,0.237737337033908,0.0995030581845453,33199,14674,33303.0944925456,14576.6563537133
1096,1,92512.8084403036,48258.072964422,0.20422614183099,0.106531843750931,26724,14551,26628.5608974897,14628.0808243885
1097,1,90650.4926956148,41741.3152722456,0.200114996943908,0.0921458111230343,26655,12304,26579.7543908378,12404.8637432985
1098,1,108503.606245571,57095.265882438,0.239526539642136,0.126040340408745,31487,15988,31465.2221623211,16055.78343438
1099,1,112896.354345243,58274.3426701616,0.249223726567452,0.128643204891392,31741,16503,31819.0222477411,16386.0244032226
1100,1,108499.259859593,48389.6807028754,0.239516944801659,0.106822373690651,32533,14810,32767.6231989486,14796.9003341057
1101,1,81321.9492480997,40794.5812847243,0.179521822125114,0.0900558537120397,25776,12881,25686.8954205923,13010.7993531963
1102,1,90232.9565735689,38325.0042456443,0.199193267372424,0.084604152491974,29400,12202,29302.5374205994,12132.4802513839
1103,1,109490.413149316,49701.4075143375,0.241704959799105,0.109718069004171,30852,13616,30785.3231392245,13828.8571810835
1104,1,92632.7229872272,37792.4066607228,0.204490858530012,0.083428419620485,30674,11638,30533.8950702933,11776.6987307754
1105,1,101975.537881218,47659.2268567255,0.225115538202039,0.105209864317086,30671,14182,30665.9890596676,14405.4013277964
1106,1,103649.6039788,39261.350566527,0.228811113615252,0.0866711786665702,32392,12721,32410.7871779776,12711.9698260613
1107,1,107409.853922258,45550.4436679901,0.237112032711963,0.100554631578461,32591,13077,32542.9938629683,13150.4406077527
1108,1,100761.878038364,38653.3112044519,0.222436330086103,0.0853289047145466,30743,11813,30628.7691663086,11958.6635469996
1109,1,114138.192273459,43833.9659213411,0.251965139060865,0.0967654305624407,34051,12994,33905.3211276345,13101.9579336257
1110,1,114466.591257591,40833.9811851693,0.252690094433436,0.090142830745729,34749,12090,34635.1858098465,12121.3288072145
1111,1,102254.586363803,56992.0805337317,0.225731550146145,0.125812554159305,31652,17389,31783.5018210487,17208.9153542023
1112,1,99165.4575590757,37358.1716960775,0.218912160830822,0.0824698266107956,29827,11135,29828.8715482368,11066.9336496125
1113,1,81897.105856002,34570.7348774708,0.180791505933884,0.0763164357813621,26966,11143,26816.1379761506,11195.9875003967
1114,1,97254.8917412697,46329.2463099058,0.214694501760008,0.102273873070398,29678,13628,29635.026491555,13664.2928122119
1115,1,103723.774089928,43855.765205928,0.228974847436441,0.0968135534533236,31675,13094,31778.9984114883,12962.6252578727
1116,1,89613.3773943149,46866.2812271251,0.197825518760408,0.103459401550414,25449,13451,25470.1060316205,13350.8740504836
1117,1,90695.2313070083,43602.6937451447,0.200213759419611,0.0962548869409277,26192,12093,26276.6198898524,12307.1415149086
1118,1,104277.569472503,46072.141426668,0.230197375389639,0.10170630259843,31126,13699,31079.7866390315,13550.7306062966
1119,1,94717.9884089198,48887.8561093276,0.209094174751254,0.107922118071241,28255,14217,28182.3432609348,14387.2328593892
1120,1,102207.916119628,42772.7233919388,0.225628523505113,0.0944226904491443,32632,13682,32690.9835176271,13632.9554545394
1121,1,96111.9328531145,42035.3428444283,0.212171369148052,0.0927948900740594,28732,12378,28615.6805547566,12421.0135819756
1122,1,94049.2960640207,35613.527927508,0.20761800664034,0.0786184478478826,28682,11338,28799.2222240419,11451.835048062
1123,1,104967.86189642,39807.2619609557,0.231721226636276,0.0878763023650654,32639,12177,32590.8997936574,12171.5134456966
1124,1,86677.2311962301,38271.4527102541,0.1913438453576,0.0844859350943375,25986,11332,26164.7249703445,11250.2851178672
1125,1,101505.419667839,49428.2231496453,0.224077731323817,0.10911500236129,29689,14635,29488.6169407211,14607.3020641616
1126,1,93425.9632886494,36387.1865930964,0.206241971797845,0.0803263337831493,27840,11105,27733.1566437045,11012.2045611534
1127,1,100030.875139077,45590.4768518415,0.220822608653303,0.100643006613453,30444,14582,30577.9013579713,14453.5571447656
1128,1,97237.8715326852,42867.7978086656,0.214656928892089,0.0946325714552698,30600,13604,30448.4656099344,13536.9524929273
1129,1,81800.4430697657,40664.9804259818,0.180578118531377,0.0897697540485965,26338,12475,26305.3260524709,12476.5770346955
1130,1,95194.5084802316,50501.2043119525,0.21014611401577,0.111483656029141,29138,15405,28957.2874262099,15421.0746381497
1131,1,104416.868785611,39736.4567726498,0.230504884822715,0.087719996760759,31207,11582,31045.0350743705,11624.5937518872
1132,1,99708.5491472159,38484.8199977339,0.220111059681442,0.0849569528771675,30328,11539,30169.3099110776,11643.6184220521
1133,1,87197.1224942673,43356.4977001271,0.19249152853531,0.0957113982148187,29030,13848,29109.1385533318,13758.3870604457
1134,1,111836.556122806,53326.109097681,0.246884174826058,0.117719759063474,31278,15316,31296.8111281517,15150.2798611002
1135,1,99978.8823020561,51303.3102195956,0.220707832151685,0.113254340517262,29909,15563,29943.7349625428,15537.5116340908
1136,1,84063.7261773362,37548.7175642002,0.185574416716711,0.0828904650947482,25982,11636,26098.7938051606,11460.7776777644
1137,1,94545.9838460927,49229.8739597465,0.208714467023905,0.108677137697236,28559,14980,28296.5320397719,14969.9194868695
1138,1,96974.190264941,36807.656948356,0.214074840758647,0.0812545408050384,30109,11609,30263.1105124083,11552.2479886922
1139,1,86882.4224847102,41787.2753712222,0.191796814258773,0.0922472700869381,27559,13137,27548.9933719754,13021.0441723575
1140,1,107391.972167439,46912.2115603899,0.23707255794239,0.103560794805184,31023,14577,31139.0714647973,14805.4300858445
1141,1,103415.483696829,51474.2283732627,0.228294282673488,0.11363164994804,29842,14499,29936.9726746807,14516.7306501929
1142,1,110279.184207198,46806.7228503459,0.243446207012923,0.103327923783082,30682,13128,30790.6049162284,13115.5863801915
1143,1,94400.6003711609,45944.5416341319,0.208393526532832,0.101424620377693,28828,14338,28744.2158204193,14419.2929498015
1144,1,78595.6780049921,40136.2117646796,0.173503457025714,0.0886024736964,23755,12067,23786.5096344155,12133.7798951457
1145,1,97964.721812041,47538.5647779384,0.216261483231582,0.104943497408207,30193,14437,30294.5209792635,14570.3203819169
1146,1,95730.7669100507,45131.2564418764,0.211329928365293,0.0996292571212658,30639,13934,30632.7138384613,13749.7792239752
1147,1,116678.890381905,47161.0775306834,0.257573843206735,0.104110177510162,32023,12806,31970.1186742919,12811.8332145677
1148,1,91171.8713574951,36155.7467719463,0.201265963543495,0.0798154200779402,29735,11658,29864.066471416,11643.4885921904
1149,1,93083.4899888252,43112.5375846663,0.205485946747018,0.0951728454027142,29479,13977,29360.5202031764,14019.1148338171
1150,1,98152.5299070535,50847.5771372732,0.216676077959552,0.112248289456046,29611,15408,29805.0165058686,15454.1412793853
1151,1,84926.5263328255,36211.451649208,0.187479086458095,0.0799383910735907,24855,10279,24945.0492148858,10234.7016282673
1152,1,94216.3286431033,49462.5576577942,0.207986738492299,0.109190797316055,27627,14117,27575.6622423113,14264.434658375
1153,1,86598.949410773,42036.6362380867,0.191171034832344,0.0927977452981215,27353,13567,27395.9383804259,13445.7613557476
1154,1,91843.0369836038,36508.9022099133,0.202747591532751,0.0805950264241163,28259,11033,28183.1074783128,11134.9299562025
1155,1,90147.4519561951,43287.3521605115,0.199004512124265,0.0955587563588572,27176,13000,27327.8615212162,13061.2649961765
1156,1,102255.908361521,43483.891865021,0.225734468514943,0.0959926265033841,34342,14133,34356.5889834986,13969.5541366127
1157,1,117073.632393511,40345.7389218891,0.258445253764992,0.0890650142207568,35605,12674,35559.342567684,12708.0339589839
1158,1,102599.935346569,44574.0641979943,0.226493923395047,0.0983992304455583,30454,13268,30421.7727872361,13181.4939563062
1159,1,98858.7146715697,48975.4461562651,0.218235012255337,0.108115476997972,29102,14005,28971.5743004226,14102.4346082117
1160,1,81673.7930077449,40508.5926050998,0.18029853288302,0.0894245209741007,25487,12915,25506.8408073167,13008.6538207058
1161,1,95192.4525552447,39092.6336835995,0.210141575469864,0.0862987286389152,28975,12793,29113.8165530382,12747.6468228685
1162,1,96551.7513243454,43401.1916186767,0.213142287997018,0.0958100620290794,29597,13530,29487.3504159209,13505.5248990321
1163,1,111083.591602334,50419.4527055704,0.245221972137111,0.111303185719771,32491,15074,32514.1514120759,15026.4878568479
1164,1,115286.411772798,52769.9551760523,0.254499884706127,0.11649202453035,32074,15175,32112.2485474101,15092.6188085748
1165,1,103217.03644353,41941.093270645,0.227856201530116,0.0925868299454406,31080,12375,30944.29323251,12416.5721221512
1166,1,104793.693057797,37087.8377010467,0.23133674117379,0.0818730522857946,30462,10619,30505.2642765023,10647.5094177305
1167,1,88026.4168697118,40345.9693966603,0.194322232776102,0.0890655230040713,25783,12139,25905.8258104723,12120.0068635975
1168,1,100489.954870211,42822.9802982721,0.22183604759071,0.0945336348065134,31900,13760,31912.3743501936,13698.6405305896
1169,1,85997.3281798447,53913.1256494793,0.18984292919046,0.11901562422621,28147,16990,28124.0798614884,17043.6165663089
1170,1,115234.651691309,48790.5801949821,0.254385622022704,0.107707377161147,33473,14192,33538.8891130269,13999.0355787538
1171,1,91194.3601352679,42499.7333619201,0.201315608521272,0.0938200528087033,29788,14018,29748.6006925696,14135.0316632486
1172,1,113359.34756742,47231.1185000469,0.250245804710503,0.104264796067142,34037,14297,34065.6634535291,14348.7244382125
1173,1,95748.7509437178,37734.1815501328,0.211369628919976,0.0832998850976017,27720,10545,27825.2184459782,10616.0221165552
1174,1,109529.454791012,42548.0642247787,0.241791145960661,0.0939267453393851,32929,13170,32912.2425395054,13207.7301574093
1175,1,106905.858247822,39254.9365835738,0.235999439830775,0.0866570195137527,30545,11108,30726.0582650169,11127.533978546
1176,1,85194.3595022812,41690.5828020684,0.188070340099342,0.0920338169373154,25865,13060,25691.1338387751,13064.6130533603
1177,1,105346.791121523,37252.0140685162,0.232557729764594,0.0822354789235047,32457,11664,32487.2121840574,11666.9865535776
1178,1,113296.959938865,41564.1947585034,0.250108081243962,0.09175480970636,33467,12281,33382.6633278101,12349.7404371934
1179,1,86988.3224506029,44456.7585906701,0.192030593146464,0.0981402730968099,26114,14020,26097.2044827251,14110.649152229
1180,1,64309.9795761928,37801.2340792555,0.141967141972028,0.0834479065397523,20840,11763,20860.3325368956,11859.96784682
1181,1,103619.950272959,39676.8190719647,0.228745651739896,0.0875883438823747,30759,11812,30959.7534809333,11734.5630745168
1182,1,102647.449256147,46619.5228756751,0.226598812465005,0.10291467150783,31846,14143,31749.414618936,14191.6424342546
1183,1,101343.922685426,46533.1872217624,0.223721219547865,0.102724081709528,32372,14763,32408.4046898519,14607.2554655321
1184,1,109873.110775443,58277.3541863604,0.242549781840393,0.128649852947426,30242,15947,30310.2591614003,15898.8079157458
1185,1,89679.1068385169,59744.2635044752,0.197970619433714,0.131888120550639,26390,16998,26578.2289603184,16839.0124570563
1186,1,95152.4141887099,42264.7838933988,0.210053188993867,0.0933013914007285,28115,12703,28458.0588945652,12438.4322532537
1187,1,97878.7170731643,46346.1713435055,0.216071623942949,0.102311235835303,29491,13423,29272.9584731384,13477.3385932609
1188,1,101768.180976292,47345.5055330093,0.224657788606183,0.104517310533098,29455,14058,29621.819325633,13947.4923642424
1189,1,92567.3030397568,47002.38859559,0.204346441084515,0.103759864623636,27604,14385,27711.7826551947,14185.1069650921
1190,1,119745.371363911,53982.2331119488,0.264343236445479,0.119168182025177,35073,15853,35098.0292092177,15833.5414202883
1191,1,114560.913203332,49583.1064521168,0.252898314326371,0.109456914144437,34309,15037,34158.365729988,15115.4507525197
1192,1,109535.816947358,45842.2335500603,0.241805190703936,0.101198770728976,35752,15113,35640.2878165787,15126.9603595312
1193,1,103249.846106884,36085.1717790695,0.227928630322133,0.0796596226402884,31726,11816,31681.934054905,11808.6617157489
1194,1,107118.626975464,51197.3150054,0.236469136266124,0.113020351364704,30991,15093,31070.9981514564,15159.8678514589
1195,1,98413.2605448883,37054.7736544061,0.217251652446154,0.08180006193135,30889,11944,31074.525506184,11854.7187571606
1196,1,103758.237266269,41634.5818859602,0.229050926431966,0.0919101924227363,30523,12269,30521.376303728,12274.794860663
1197,1,102344.807094956,46562.4781248293,0.225930716425357,0.102788742681613,30542,13255,30366.05062607,13455.822974403
1198,1,85282.9262079123,45185.5438836713,0.188265855043604,0.0997490990650415,26485,13662,26425.5740626036,13630.3511382623
1199,1,112552.86305957,50929.3579890607,0.248465454267559,0.11242882432595,33522,14797,33798.5380974571,14713.2757861888
1200,1,86183.5233263315,54390.8919883857,0.190253963262776,0.120070314681905,26756,16583,26651.8227365774,16516.6916913102
1201,1,118329.843790301,47050.9130360359,0.26121839632996,0.103866984485456,35904,14746,36120.4435696976,14691.700002482
1202,1,89887.9090919093,35443.6985285976,0.198431559700633,0.0782435418916838,26488,10388,26360.5236282214,10400.6507004404
1203,1,98368.0742761713,36070.753947368,0.217151901746987,0.0796277946351548,29380,10693,29290.9609180794,10724.8052818184
1204,1,88168.2881612082,35372.1650250415,0.194635419965934,0.0780856284990496,26967,10871,26841.7632430652,11021.7217356366
1205,1,102006.505770406,44336.7368412669,0.22518390119562,0.0978753197435427,30023,12994,29957.3291410383,13015.3624859198
1206,1,84958.1263540303,40337.4216094124,0.187548844911235,0.0890466533833102,27622,13491,27506.0394398265,13719.4402419198
1207,1,100508.845227694,38951.8287665143,0.221877748895551,0.085987895518054,30384,12170,30444.2875660678,12180.664151352
1208,1,87532.1560294178,44458.5678651053,0.19323112997452,0.0981442671506457,26929,13600,26882.4801934959,13627.7662680673
1209,1,104914.084658388,53351.1423339847,0.231602510990013,0.117775021046696,30891,15616,30822.3138741508,15617.2478439164
1210,1,89571.9731960226,42664.1865744015,0.197734117150022,0.0941830905940977,27078,12853,26982.7532341755,12929.9314532778
1211,1,95667.5847444894,45846.5665298637,0.211190450922951,0.101208335974727,30062,13970,29972.7559590139,14076.3477031264
1212,1,78638.4524714972,41858.9603645127,0.173597883564163,0.0924055178999027,25484,13852,25579.6092875596,13670.4332880778
1213,1,95282.6230731682,39901.7689743527,0.210340630901138,0.0880849308030886,31477,12437,31463.2712130651,12505.3719883828
1214,1,90641.8317943574,53072.3729632617,0.200095877618937,0.117159625254445,26210,15595,26047.1714376519,15542.3148972906
1215,1,116331.632657718,51165.5695518779,0.256807256326199,0.112950271863251,32592,13517,32529.8321606909,13548.1330944572
1216,1,109353.117464233,44153.3414260012,0.241401873464064,0.0974704662024963,32494,12903,32498.0700320031,12904.7328362242
1217,1,92450.6397118913,45511.4335770719,0.204088901596256,0.10046851506665,27575,13837,27601.9198520701,13595.2529396215
1218,1,104151.084492723,50630.8723378459,0.229918154167674,0.111769903967059,30570,14864,30701.9569014697,14807.9764020415
1219,1,99382.6338903471,49204.525357644,0.21939158724734,0.108621179529979,29955,15343,29970.9262820167,15248.9041645481
1220,1,102510.126706262,47367.4663395092,0.226295666824716,0.104565789990793,31300,14576,31416.8740594321,14414.7448461591
1221,1,94716.9841054746,36924.3093590986,0.209091957706702,0.0815120561932631,28516,11396,28501.0808733295,11403.546510242
1222,1,91324.6351430589,51843.3360748979,0.201603196398742,0.114446471626205,26349,15297,26304.2481093875,15327.562699021
1223,1,92581.6765779846,41540.0314045913,0.204378171309835,0.0917014680272308,28692,12653,28746.9324030673,12630.9843401411
1224,1,89540.5907454382,39493.1560108062,0.197664838993709,0.0871828995011086,28655,13001,28821.1646529978,12805.0364472042
1225,1,98821.8191662155,42469.5734188618,0.218153563785267,0.093753473392161,30522,13470,30582.0098189142,13480.6281100541
1226,1,103204.641491103,52396.3545742318,0.227828839121006,0.115667284575074,31278,15671,31119.8527342803,15880.1159354273
1227,1,111904.569079511,46692.1808411129,0.24703431645484,0.103075067200111,33766,13855,33537.9175430814,13952.1730144589
1228,1,121178.519063386,47454.7578299528,0.267506973773017,0.104758489840776,35733,13968,35583.6466896427,14117.7056600737
1229,1,118417.066833616,52532.5084927178,0.261410945079861,0.115967850409539,33080,14562,33064.150985152,14683.6374630055
1230,1,82135.0357839606,48364.5343328509,0.181316746838709,0.106766861959705,25313,14776,25312.5951793766,14850.9908420937
1231,1,102470.208678597,43873.1101228971,0.22620754600213,0.0968518431294528,30490,13144,30467.5930641088,13123.1238528852
1232,1,104243.175840134,48682.9445624823,0.230121449915527,0.107469766712177,30055,14221,30257.7034248603,14002.4121785812
1233,1,100085.963536831,49844.8779881033,0.220944218743003,0.110034786460033,30532,15303,30499.6662163191,15324.2091944059
1234,1,96192.0891022886,43871.6336684316,0.212348317635386,0.0968485837905119,28469,12654,28537.6245296941,12768.2970050674
1235,1,93601.1206725485,35671.0886175875,0.206628639518024,0.0787455156329196,28489,10395,28286.3816705708,10497.1269239455
1236,1,105190.094194875,44782.4617644648,0.232211814325363,0.0988592773480874,30903,13428,30637.5176072388,13627.7697165976
1237,1,108783.993832376,48197.1860095518,0.240145507718407,0.106397433088337,32984,14311,32860.4874077894,14365.285040478
1238,1,105063.663364822,48144.2474201577,0.231932712641332,0.106280568796265,31607,14245,31477.2728007814,14373.6456787201
1239,1,112585.170233575,49635.9536431652,0.248536773791976,0.109573576670593,30931,13541,31113.807381165,13566.9488431438
1240,1,103422.048760333,43369.322602208,0.228308775343346,0.0957397097569229,31065,13013,31029.4061489925,13126.8580890822
1241,1,92943.7263354555,41610.2351897796,0.205177412262149,0.09185644600739,30008,13109,29833.7080405115,13211.9882018983
1242,1,103173.795593161,46979.1062666726,0.22776074542853,0.103708467846392,31734,14231,31809.5194833064,14273.1583364893
1243,1,90327.3013689533,48813.2923907678,0.199401537706965,0.107757515344129,26274,14200,26327.9714468841,14184.2952648643
1244,1,113049.232832251,39545.4528600762,0.24956121263124,0.0872983471232962,32526,11367,32463.3875225848,11438.4818961701
1245,1,97777.6288900678,40311.8225287482,0.215848467279925,0.0889901422734799,29863,12113,29900.5539431039,12106.637790718
1246,1,99993.856267099,50446.7465744471,0.22074088784592,0.111363438150005,28040,14649,27991.478833581,14516.8238302231
1247,1,105768.580167883,47832.1333988514,0.233488847855775,0.105591563203879,31121,14234,30889.7528168792,14432.7612415837
1248,1,111315.059812252,42311.924499615,0.245732948511789,0.093405456386901,32745,12629,32688.712524097,12621.0105916473
1249,1,84509.6714344889,45532.5715083638,0.186558860718266,0.100515177990701,25349,13712,25502.3086442036,13626.82263163
1250,1,104348.204283366,41762.5549948579,0.230353304878157,0.0921926987559557,28420,11463,28551.4479902668,11410.6568795757
1251,1,105335.966523003,53191.5448508351,0.232533833981621,0.117422702499901,31099,15814,30976.2392429558,15883.7780207213
1252,1,108626.479193069,48605.6179808401,0.239797787142088,0.107299064841852,31087,14252,31184.6358282417,14333.4329300552
1253,1,113218.222484361,52719.9146994478,0.249934264809005,0.116381557951239,32220,15252,32287.8108082479,15160.9933615528
1254,1,89582.7087434016,39308.522183177,0.197757816348637,0.0867753121096553,26239,11786,26426.4999410607,11777.4595002448
1255,1,92554.1851278103,41392.0757603696,0.204317482710093,0.0913748493579791,28355,12478,28393.501948276,12589.8883930693
1256,1,102656.565590988,52998.7525720927,0.226618937179879,0.116997104964531,29041,14572,29047.9708600669,14462.5569243962
1257,1,94132.141523951,49688.6288656927,0.207800891680098,0.109689859568586,28261,14840,28120.906813806,14881.1024476383
1258,1,106474.712368491,47274.5574159402,0.235047666114392,0.104360689407187,30531,13243,30429.0904091402,13403.1417981603
1259,1,97549.6969379907,47295.5696870015,0.215345297351809,0.104407074930686,27654,13561,27616.1962745271,13603.9546268906
1260,1,102970.446729935,45543.3780202371,0.227311843763102,0.100539033846596,29544,13938,29794.4667886632,13787.8215845688
1261,1,95539.0062377774,56360.1277549475,0.210906608147114,0.124417490275651,28281,17323,28146.7034692825,17237.5718068232
1262,1,92034.3002294595,52439.8108535759,0.203169813659975,0.115763216245708,28048,16417,27995.5269424862,16382.2125295273
1263,1,119687.704504499,42887.3973912384,0.264215934286916,0.094675838406061,36258,13025,36129.3429234295,13093.680001374
1264,1,98792.8654486295,39343.9728281129,0.218089647165136,0.0868535709860502,29834,11783,29668.8063275301,11933.4303248808
1265,1,86951.9008438454,45240.1109955101,0.191950190828636,0.0998695583928857,25417,12979,25482.6372897755,12759.4382788842
1266,1,104790.879228208,44417.7015863831,0.231330529519743,0.0980540530216496,30556,12911,30530.0231700924,12749.2465889043
1267,1,99679.1859721579,40968.1260357424,0.22004623916572,0.0904389614733647,30067,12422,29993.1459406435,12607.412254954
1268,1,97572.1659595925,40361.6297493743,0.215394898716959,0.0891000939296374,31179,12681,31046.4441847881,12753.7012600979
1269,1,85437.5786861322,32978.0526916053,0.188607257271943,0.0728005189751813,26026,9747,25983.7649259007,9776.26663200446
1270,1,118686.23404294,49677.7682364642,0.262005143673487,0.109665884246221,35161,14139,35270.0695596654,14114.2203024603
1271,1,100016.659968476,42452.858252154,0.220791228031568,0.0937165739177602,31586,12978,31748.9667834481,13031.1007218793
1272,1,91484.1319328774,43063.8899795765,0.201955292660527,0.0950654536494608,28434,13090,28272.7383926083,13095.595725474
1273,1,98820.8342680252,52835.894969185,0.21815138957868,0.116637589558281,29696,15449,29589.8176563781,15721.5369168887
1274,1,105437.138377755,50989.2281467058,0.23275717535355,0.112560990363419,31938,15114,31907.9775942543,15186.0624018523
1275,1,126766.616756483,47558.9658783856,0.279842948123771,0.104988533745377,37591,13926,37588.7403659941,13921.7372260728
1276,1,98244.2249148038,44985.6782221073,0.216878498769965,0.0993078867222982,28768,12724,28650.7467624106,12786.3047248011
1277,1,106241.401559004,39038.1692266887,0.234532622119163,0.0861784959263932,30848,11664,30839.677061008,11717.2442147381
1278,1,101488.867028531,36729.6718940317,0.224041190635885,0.0810823853269631,30136,11320,30115.6329574615,11228.1135391472
1279,1,116678.92489271,42592.5141383297,0.257573919390872,0.0940248705017521,36130,13576,36154.3385806987,13618.38837372
1280,1,108431.337101596,46439.2218901956,0.239367002290539,0.102516649058252,31427,13995,31378.6754926677,13874.8153640318
1281,1,92820.0958139756,42994.325151964,0.204904492383918,0.0949118861965864,29384,13166,29263.9212964453,13265.6706069529
1282,1,117863.887430361,58785.7960589733,0.260189776928424,0.129772261008965,33869,17553,33991.8816249411,17273.6619994109
1283,1,87557.6281899065,31976.3069933655,0.193287360902414,0.0705891207645288,29106,10576,29254.998717893,10612.6569898308
1284,1,111834.677249073,46056.7752616981,0.246880027128676,0.101672381105402,32022,13383,32167.3625165225,13347.1245217265
1285,1,96517.3316407778,44825.5144042807,0.213066305013726,0.0989543179664999,28846,12942,28887.0573215779,12958.9229216789
1286,1,106502.679058077,49264.9541924397,0.235109403826287,0.108754578872121,29977,14021,29916.8051397675,13988.2620068254
1287,1,85314.2732101826,41641.4900402759,0.188335054946186,0.0919254424808295,24429,12110,24465.2518151292,12169.701320506
1288,1,86842.8520714946,45238.9484501636,0.191709460810554,0.0998669920222952,24845,13403,24736.3304052956,13493.3129441809
1289,1,97060.9793739803,44802.4736618591,0.214266431579322,0.0989034545021967,29651,13340,29610.9296696727,13366.4605023337
1290,1,94281.4309350359,42081.0081361188,0.208130454699058,0.0928956982377587,27015,11854,27080.3657195243,11867.9106887112
1291,1,102511.263961812,38912.2825447565,0.226298177366956,0.0859005954735547,30522,11559,30537.2059861235,11608.1499771655
1292,1,93436.2384646725,45050.7455855201,0.206264654706203,0.0994515258227961,29012,13032,28884.9892497347,12994.2396270178
1293,1,91564.5591980828,42456.6293385109,0.202132839427811,0.0937248987587218,29147,14121,29207.3877114878,14125.6491428421
1294,1,106748.013472193,41544.1338734539,0.235650990463834,0.0917105244098215,34891,13159,34850.5489029019,13134.0836025508
1295,1,103122.652096278,38998.5487456856,0.227647843883067,0.0860910319513051,30469,12062,30637.8480098039,12021.1413140961
1296,1,92044.4556607072,44553.9773943077,0.203192232226413,0.0983548879324749,28428,13432,28337.4498920083,13466.9416027365
1297,1,94372.9028948696,42618.9736209329,0.208332383121268,0.0940832809871541,28719,12842,28633.3376378648,13012.5339928898
1298,1,90873.5109322038,38127.1158894616,0.200607319626403,0.0841673051388581,28175,12716,28349.2941805574,12523.3781457621
1299,1,123717.898884903,57237.2915061399,0.273112767741822,0.126353868293789,34492,16351,34460.8146197727,16243.9562026479
1300,1,95117.3429148786,37834.9887185166,0.209975767596069,0.0835224214081411,30095,11653,30119.7968304176,11583.4704163251
1301,1,114646.254062686,42351.8131627809,0.253086708071414,0.0934935123860486,34787,13114,34803.8020879744,13110.8700445609
1302,1,89301.6109305854,46631.2867189785,0.197137280416841,0.102940640715462,26989,13818,26960.9097520824,13793.7215583042
1303,1,101994.343044364,46457.0357310513,0.22515705143659,0.10255597390473,30554,13391,30393.4467394994,13542.4276288349
1304,1,111706.568949321,49049.2751388005,0.246597222355628,0.108278457762611,32572,13803,32369.2266002994,14051.6826992202
1305,1,94771.8199943446,46352.5967173163,0.209213010371805,0.102325420133946,29975,14662,29923.8808499165,14987.3054430016
1306,1,96787.3357631243,45813.3255075742,0.213662351130096,0.101134954938662,27737,12805,27798.7042295817,12795.928989765
1307,1,97646.9329947535,42421.1695907427,0.215559950274516,0.0936466197874195,27696,11970,27808.4627235301,11936.2659825103
1308,1,108123.413929535,48826.3938530091,0.238687248184372,0.107786437405096,30675,13753,30724.4279959439,13656.6725080115
1309,1,108495.622027109,54049.9655563937,0.239508914124552,0.11931770441066,33072,16282,32862.5093991381,16513.4078519123
1310,1,95774.4471956071,37832.1034393684,0.21142635453961,0.0835160520260147,28621,11515,28726.7339272283,11525.7271330784
1311,1,110922.75981688,49681.5206525318,0.244866928813047,0.109674167871688,31894,14527,31831.7273754533,14416.2345136689
1312,1,104666.61195781,53401.4750442554,0.231056203989938,0.11788613274463,30101,15379,30103.1491844702,15318.7047763945
1313,1,89348.921142003,40863.4996832454,0.197241719814043,0.0902079941439262,28315,12855,28323.2003088636,12954.4207027566
1314,1,116153.730452608,42905.3720123262,0.256414529291042,0.0947155181820566,35101,12515,35157.2423317981,12528.7437585731
1315,1,106497.806291504,39896.7107692781,0.235098646977218,0.0880737645902756,31038,11879,30999.3005499616,11920.525359764
1316,1,98991.4605123784,41265.940106031,0.218528054606656,0.0910963992874732,32579,12952,32516.5474948117,12965.509910487
1317,1,107687.698980735,47136.3544280378,0.237725388043796,0.104055600160793,31177,13564,31225.0886880178,13425.5260418849
1318,1,92880.381726108,43344.4143038743,0.20503757621792,0.09568472357983,30477,14186,30394.6442403314,14192.3408435923
1319,1,106525.307463223,43721.5772534547,0.235159357037702,0.0965173275763251,31745,13283,31734.1813712759,13130.3147660379
1320,1,105833.293017529,44756.2898040883,0.233631704351356,0.0988015015807968,31099,13445,31375.0960232195,13484.4276517423
1321,1,85414.0817457013,41669.9267599838,0.188555386730232,0.0919882178051352,26760,12587,26676.6143948774,12560.7526473895
1322,1,100721.240804652,47336.3119246723,0.22234662158416,0.104497015233541,30517,13781,30576.6117106886,13733.1717303339
1323,1,101774.851001491,35854.2140854709,0.224672512983654,0.0791497732531058,28923,10865,28986.5427405109,10791.053485345
1324,1,96693.9601595318,43061.4824120841,0.213456220329568,0.0950601388370746,28693,12674,28659.1407877998,12710.3400356914
1325,1,103652.270165849,50566.2588018597,0.228816999341818,0.111627266710802,31419,14505,31491.6001566662,14458.3903475786
1326,1,98975.3570728023,40520.6210746553,0.218492505547123,0.0894510743559606,27980,11456,27858.180531797,11525.313029175
1327,1,110734.409326872,50434.375882218,0.244451136723986,0.111336129296363,31660,14516,31749.758616138,14458.9930788295
1328,1,105848.111664416,45397.0197073822,0.233664417173848,0.100215941357424,30896,13673,30840.2703457884,13825.7483498281
1329,1,96253.3264554421,46909.7686163395,0.212483501817785,0.103555401897472,27794,13498,27813.3355767842,13611.1177282996
1330,1,102003.836462469,38822.0368366305,0.225178008579554,0.0857013740565627,32011,12182,31953.9552039055,12240.4732818387
1331,1,101007.524465197,45044.7833561077,0.222978605505608,0.0994383639360247,30626,13400,30626.5493665289,13320.1462596458
1332,1,86262.8466700511,41962.1570555026,0.190429073074251,0.0926333291879385,27316,13808,27441.1691265072,13820.5053067041
1333,1,131074.934806754,46666.1832146812,0.289353751957548,0.103017676282763,39148,13750,39210.990701704,13621.1935178866
1334,1,104365.052537562,41022.4692504963,0.23039049814911,0.0905589265384295,32548,12993,32704.8618660487,12956.4855529217
1335,1,109699.509395615,43264.5508386959,0.242166549068449,0.0955084214261972,32744,12559,32694.3228445879,12572.6864498705
1336,1,89384.6588819763,42865.1155427592,0.19732061246551,0.0946266502339096,27489,13391,27414.7965505355,13503.8643970953
1337,1,99417.702807052,48548.860623082,0.219469003441677,0.107173770448666,29743,14277,29844.0009443549,14149.8717899783
1338,1,102201.096775881,51948.4574888112,0.225613469500303,0.114678531825752,29290,14520,29257.1837297757,14536.1000225002
1339,1,89475.0620384065,43860.8782293279,0.197520181456641,0.0968248406800294,27792,14186,27849.5596915309,14213.4760175725
1340,1,118011.274758545,43783.903397959,0.26051514101473,0.0966549153140872,36399,13653,36493.990095062,13617.9638813667
1341,1,84167.0626024407,42709.8896205608,0.185802536474023,0.0942839821024672,25742,12435,25651.6579366329,12550.1042763421
1342,1,102637.863706871,36866.610084796,0.22657765193838,0.0813846824773858,34284,12460,34243.8690067427,12458.3268063071
1343,1,103115.299548229,40356.9974552421,0.22763161280603,0.0890898679341845,33462,13332,33709.5221047913,13381.1288571742
1344,1,102681.046253938,46612.8794744106,0.226672979332831,0.102900005903881,29415,13076,29318.061995787,13135.659616643
1345,1,101348.22285714,45485.5918979721,0.223730712368299,0.100411468409977,31012,14254,31065.9745056332,14144.8056345838
1346,1,90472.4932828254,41914.1729201744,0.199722055318472,0.0925274020737108,28432,12912,28395.1700005018,13083.3276769795
1347,1,107737.296292616,46516.4585578624,0.237834876317055,0.102687152439474,31485,13544,31803.7658394398,13323.4566385619
1348,1,118359.819509367,49037.6238060935,0.26128456906384,0.108252736927128,33719,14309,33816.7164925539,14301.9121304676
1349,1,97007.2305469297,44720.9653337921,0.214147778651565,0.0987235212405342,30781,13466,30839.5273776782,13412.0032503624
1350,1,82726.1461708612,41572.9505485965,0.182621649324627,0.091774138502659,24527,12403,24524.3945767365,12380.2445732513
1351,1,98971.6326581964,45167.4907118129,0.218484283736129,0.0997092458847241,28752,13131,28743.318441477,13144.2947868423
1352,1,103214.885234203,44780.0763557462,0.227851452639788,0.0988540114521807,30716,13265,30728.6089606565,13406.4569676911
1353,1,90007.9371770468,56893.2020812297,0.198696527040316,0.12559427557491,26079,17262,26271.2875875629,17190.2329388029
1354,1,95395.6996074874,39429.3998057623,0.210590252383016,0.0870421548410619,29439,11990,29285.332733138,12065.4146775193
1355,1,96408.6469247078,57947.4010875187,0.212826378666086,0.127921466797468,29938,17251,29956.2140883017,17248.6060770647
1356,1,79939.1998227199,38434.4142208942,0.176469341230573,0.0848456798815304,24901,11442,24817.2682331429,11317.0614961485
1357,1,94565.8924409333,50127.3664956976,0.208758416133029,0.110658392412443,29158,15256,29108.2038670111,15297.8606865979
1358,1,99380.4995554499,39148.5972650428,0.219386875608068,0.08642227073556,29335,12169,29266.3304116114,12272.8802499283
1359,1,101692.656469813,48323.0348709903,0.22449106489698,0.106675250050752,29652,14743,29639.2455023433,14947.9179228073
1360,1,113318.396489707,35094.3689974516,0.250155403383961,0.0774723814050834,35293,10812,35352.7147937562,10894.4021913963
1361,1,92377.3537260726,42472.9775498626,0.203927119521035,0.0937609881628431,30244,13461,30022.7978468369,13566.4990191553
1362,1,97567.0595547508,43424.8807307665,0.215383626101015,0.0958623567982801,32331,14311,32421.4825126849,14330.084497538
1363,1,107801.84632563,52920.0206410734,0.237977373387675,0.116823300722912,33190,15694,33231.1679792528,15594.0006971117
1364,1,98782.9748887442,43071.844482461,0.218067813314019,0.0950830135685861,29523,12718,29447.4731080941,12849.0278959853
1365,1,112959.473051631,43204.6875487162,0.249363063920844,0.0953762705494053,35071,13387,35063.7113720855,13226.1266263124
1366,1,90949.256085456,49868.1387495451,0.200774530423177,0.110086135626115,25705,14201,25480.1361029953,14222.4579272986
1367,1,113280.686955772,46335.3411418033,0.25007215790957,0.102287327683057,34479,14173,34661.6146003789,14217.0173824391
1368,1,118199.779931205,47324.1385603138,0.26093127457263,0.104470141989955,33519,14046,33555.1851034134,13874.681983734
1369,1,93045.6863407568,40224.5278029574,0.20540249351149,0.0887974352813238,27503,11672,27357.160093717,11727.7853352249
1370,1,80660.1014823357,46197.0858512645,0.178060763727253,0.101982122976266,25403,14685,25480.5518041697,14640.4613935728
1371,1,104295.518386579,52440.1183176421,0.23023699841626,0.115763894986318,31939,15847,31859.5031216703,15729.0250262428
1372,1,98846.6832616143,39726.7541041805,0.218208452382414,0.0876985776883046,29305,11948,29397.1159262777,11970.3417942249
1373,1,129050.34123934,47858.4733697789,0.284884371554773,0.105649709861938,37502,13719,37586.724457113,13835.8533864966
1374,1,120562.401855583,44258.3171736263,0.266146867617051,0.0977022048372296,34862,13097,34737.8787070603,13028.5812215486
1375,1,95060.2270002296,50163.9021598878,0.209849681672589,0.11073904651713,29734,15968,29795.8773471946,15805.1745533231
1376,1,100762.706574805,42575.7099322095,0.222438159117169,0.0939877744688857,30781,13192,30890.2967968564,13189.7638598757
1377,1,94651.6302249758,44714.9336325716,0.208947686106986,0.0987102059916546,26881,12574,26704.9694088074,12780.0383308434
1378,1,99358.1353105432,40872.3490232114,0.219337505542136,0.0902275294557329,30072,12997,30283.431651326,12987.912188093
1379,1,105878.025323671,40450.6866918267,0.233730452907935,0.0892966910935,31072,12061,31055.8417508253,12084.7604568366
1380,1,115631.445137092,39942.8891555165,0.255261561213204,0.0881757054330241,35251,12549,35278.3786874633,12540.8917450436
1381,1,85622.9236703531,38555.4372963576,0.189016414573222,0.0851128437066386,27676,12361,27335.5381968205,12446.1530009544
1382,1,95362.2062605226,36997.4921295477,0.210516314329001,0.0816736104159625,28877,10937,28688.4699204542,10997.8548547596
1383,1,100694.556442101,42573.7729191155,0.222287714666266,0.0939834984262757,30759,13272,30632.2391609748,13104.5483962837
1384,1,95807.6503221967,38760.2060350798,0.211499651919232,0.0855648798104157,29059,11488,29238.0595974846,11479.0407642804
1385,1,92647.4820041031,40150.51663545,0.204523439716602,0.088634052335251,28512,12749,28557.0391513517,12678.3858660889
1386,1,99690.1058270702,47119.6442536292,0.220070345231417,0.104018711707114,29569,14192,29463.0332710662,14144.963289271
1387,1,115652.838099645,45822.2423533683,0.255308787130115,0.101154639272588,33147,13610,33254.5135294666,13504.017529456
1388,1,95914.7479889183,36960.5597473513,0.211736074784805,0.0815920805386217,29453,11579,29459.5715862018,11596.5732030042
1389,1,103588.313491707,46310.5006539272,0.228675812137317,0.102232491200567,31446,14458,31439.7178889253,14355.8313790689
1390,1,115284.202373946,38741.653285622,0.254495007359835,0.0855239237903141,33962,11192,33901.8614223193,11148.4925017759
1391,1,87413.1043678165,46212.7309204885,0.192968318133248,0.102016660162847,24919,13716,24958.2118308049,13846.6218044744
1392,1,114197.49640462,42067.7831751387,0.252096055569678,0.0928665035478302,33130,12543,32932.9872989641,12581.3890568887
1393,1,84498.994717954,43856.9837883739,0.186535291391358,0.0968162435283049,24406,13132,24728.6606064046,12863.8042642248
1394,1,101080.372948524,46580.3937418718,0.223139421774611,0.102828292203553,29711,13368,29486.1543582837,13492.0125319776
1395,1,86366.0361491552,36146.2628125105,0.190656868441728,0.0797944838154106,25725,10804,25632.8455806194,10844.8981046351
1396,1,112140.055752299,40267.9161013238,0.247554163765141,0.0888932168809245,31955,11907,31893.6134476066,11808.0718733873
1397,1,104735.687595759,44622.4882427631,0.231208691534859,0.0985061286794537,32006,13518,31814.4223825403,13556.0075415546
1398,1,107516.210616477,51163.3173469212,0.23734681984776,0.112945300020577,31901,15161,31992.8909734468,15178.5915602792
1399,1,107560.846619416,43466.78647705,0.237445355810734,0.0959548655981784,32054,12867,32064.1531410549,12908.6098020199
1400,1,94824.2108854138,46281.1923043299,0.209328665595449,0.102167791714489,28687,14158,28754.7128663194,14069.6986221108
1401,1,93496.7133108729,48151.1137257767,0.206398155620569,0.106295726471498,27326,13976,27452.9021699481,13890.1720239188
1402,1,96193.0777123283,35669.5520419776,0.212350500036045,0.0787421235738769,30018,11457,30255.8536864828,11277.3944411749
1403,1,87318.0309863459,43042.9361217553,0.192758439412497,0.0950191970757879,27824,13785,27943.7392931604,13692.1989615029
1404,1,107697.304862557,45652.5275221409,0.237746593455419,0.100779986229649,32974,14078,33062.2356664571,14115.1835908361
1405,1,99157.5031641627,45626.3095711212,0.218894601150048,0.100722108935966,29066,13530,29189.0392070738,13613.9792216295
1406,1,93328.8036154372,45365.784253739,0.206027487495225,0.100146987703401,27870,13358,27929.4638097106,13389.0466642698
1407,1,93476.5745492492,41692.7674521136,0.206353698408028,0.092038639649516,28100,12259,28109.1496483531,12317.646386304
1408,1,101950.519527062,43514.5049172407,0.225060309071821,0.0960602061785653,32720,13708,32655.3386749026,13807.2230703124
1409,1,92710.726095403,47319.4535096055,0.204663053862768,0.104459799532013,28377,14110,28159.1294505915,14312.1583404665
1410,1,104548.391178158,37843.8261820171,0.230795226357546,0.0835419305021216,30863,11277,30908.126388884,11393.2777867137
1411,1,108483.61045297,49776.0774468617,0.239482398040075,0.109882906203336,31780,14829,31909.2785284108,14755.5560407699
1412,1,89496.4312022553,46462.1304607257,0.197567354836852,0.102567220747222,27262,14612,27229.5676033867,14504.4141401624
1413,1,111371.559044862,44756.3605742815,0.245857673082222,0.0988016578091479,31670,12566,31787.4226189958,12594.1172120713
1414,1,86817.2672075634,49251.5553275047,0.191652981084795,0.108725000281472,26061,15523,26153.1684493392,15573.0697343353
1415,1,96745.9287754865,37341.1513515223,0.213570943362105,0.0824322534427149,29266,11382,29157.0043540873,11440.3955153976
1416,1,113933.722430077,42550.5683926015,0.251513762781853,0.0939322734012997,33864,12867,33850.5283603084,12820.3774164271
1417,1,101863.052588076,41400.4203448316,0.224867221911372,0.091393270399547,31411,12808,31447.0641027718,12693.6445895508
1418,1,100153.426183736,44880.0465013191,0.221093145538412,0.0990746999976139,30146,13909,30322.5571624608,13853.119242221
1419,1,105294.017726643,41454.2974113737,0.232441230146764,0.0915122064216888,31502,12239,31539.2769057528,12156.8582068751
1420,1,95756.9182162338,49744.9576587961,0.211387658537532,0.109814207886223,29712,15478,29719.1736282712,15524.1535288345
1421,1,109494.741638925,42876.7979303042,0.241714515132553,0.0946524396243294,32544,12923,32808.9099877651,12864.5486767142
1422,1,101851.515391474,39801.7516100082,0.224841753036421,0.0878641380201157,30070,12132,30226.4213994725,12099.2349631193
1423,1,97446.3644339595,49822.9963765318,0.21511718625044,0.109986481828668,28835,14869,29008.0396931839,14675.4513427962
1424,1,103082.440715524,38268.9418784352,0.227559075470481,0.0844803923213549,31829,11770,31809.5107177765,11746.5609242152
1425,1,100125.916449794,45726.0154496943,0.221032416576438,0.100942214100236,29316,13121,29273.3506776414,13043.2516654904
1426,1,100909.652560461,52285.3390557692,0.222762548920204,0.115422212877422,28667,15401,28550.1872792831,15377.3134859778
1427,1,89216.432305143,39169.528025676,0.196949244810378,0.0864684763211624,29207,12471,29590.7632394472,12246.541701785
1428,1,105109.34840215,52481.9442190304,0.232033564394404,0.115856227525057,29628,14757,29814.9579598147,14864.4477545291
1429,1,101224.411345112,39005.3563657513,0.223457392945376,0.0861060600755671,31774,11918,31710.2596856387,12054.2767838391
1430,1,101581.603931717,50077.608703653,0.224245911476841,0.110548549872079,30806,15050,30924.9548576206,15080.3689399462
1431,1,96106.6719917844,45838.0769738596,0.212159755562536,0.101189594902028,29918,14646,29920.4319254747,14608.5788460323
1432,1,116623.700052126,42353.0875224203,0.257452008097551,0.0934963255916666,32901,11800,32828.8717576368,11771.4394046066
1433,1,93548.8122527703,44087.6284431302,0.206513166353424,0.0973254018683117,28499,13582,28657.0445762619,13680.080788166
1434,1,83611.8323869693,43611.7220924786,0.184576841063351,0.0962748174194656,25983,14497,26243.0225497741,14388.7364864898
1435,1,102348.989505521,40630.7089574046,0.225939949282816,0.0896940982564916,28402,11234,28391.3048654443,11210.7696558773
1436,1,120252.638662452,49617.7264438009,0.265463051582482,0.109533339316811,34942,14321,34769.563857197,14249.4863148207
1437,1,110873.119076823,52083.1059542717,0.244757344670155,0.114975774305665,30904,14706,30980.1970691835,14729.2503589213
1438,1,100794.352687039,45687.9628320138,0.222508019318308,0.100858211253209,30625,13674,30707.9782329289,13652.0064705838
1439,1,101647.089145187,34530.3328631869,0.224390472999937,0.0762272465367753,32351,11150,32367.720574792,11037.9960519977
1440,1,94863.4784904612,35843.2534979727,0.209415350581161,0.0791255772684125,27761,10858,27701.690014627,10893.9657851997
1441,1,96545.2071163996,53775.0376477164,0.213127841366734,0.118710788816837,29673,16523,29783.3830760714,16476.8887463249
1442,1,76193.4604365119,53459.2028407566,0.168200454834769,0.11801356942453,23930,16523,23935.1709255997,16661.3308763441
1443,1,97665.1094428797,47465.1694083504,0.215600075592681,0.104781473863447,29254,14419,29272.1244920611,14516.619092192
1444,1,91945.546164656,43848.8659539396,0.202973885112002,0.0967983230475144,27229,12907,27022.5922700005,13112.2979980864
1445,1,109517.207793428,44391.1015443109,0.241764110168454,0.0979953322449644,33437,13577,33357.1134752907,13652.4045558941
1446,1,97275.4650019352,42052.4498050774,0.214739918148522,0.0928326544510222,28866,12694,28788.9307640554,12722.7606578164
1447,1,109511.602132808,44370.7356611494,0.241751735423161,0.0979503736515201,31211,12762,31032.2756079508,12796.6042318059
1448,1,96496.3675875752,32323.4620652651,0.213020025933295,0.0713554810355704,29209,9612,29039.6393336761,9674.7132961027
1449,1,101998.190648279,44047.2626451747,0.225165545193466,0.0972362925728815,30462,12671,30243.4234559827,12852.2825617706
1450,1,132035.767076803,44760.0440108174,0.291474831954656,0.0988097891592288,39263,13611,39306.0068139598,13522.1294455949
1451,1,90224.4784139967,43502.1492797303,0.199174551457855,0.0960329305588847,26375,12801,26439.3462220941,12747.796691131
1452,1,84607.139792167,48681.9063781511,0.186774026455582,0.107467474874062,24484,14900,24552.4850160031,14888.9793524751
1453,1,96445.992170878,51346.5099586105,0.212908819959024,0.113349705863703,28230,14522,28045.3141514872,14652.6351130223
1454,1,98020.8454317392,43803.1643601019,0.216385378619797,0.0966974347452094,31550,14689,31711.4596441283,14689.4657854682
1455,1,102113.782471995,52691.290906899,0.22542071928863,0.116318369655312,29328,15365,29133.3989674026,15461.4604188509
1456,1,105342.323158597,36694.0483246038,0.232547866537591,0.0810037447120563,33652,11958,33525.8978267739,12036.7308138111
1457,1,106576.899377072,39324.8440023987,0.235273248483576,0.086811343251975,32350,11954,32081.2849749569,11982.9585616005
1458,1,98315.844825246,46404.7847450305,0.217036602909645,0.102440627527706,29999,14449,29962.7656704442,14338.5367337038
1459,1,105815.218656065,44304.293716189,0.23359180439404,0.0978037001010812,30274,12289,30352.196387665,12208.5106016546
1460,1,100140.197411665,42162.7255952314,0.221063942435329,0.0930760931655115,33077,13440,33172.1539287093,13424.0531927564
1461,1,95577.9498923827,54204.8931838151,0.210992577997807,0.119659714043107,28510,16311,28649.0301449961,16169.6594159384
1462,1,90424.5406728567,42092.3824747345,0.199616197797879,0.0929208075964576,28432,13125,28449.676889584,13069.3968290193
1463,1,92934.4212897118,58410.9582044894,0.205156870959557,0.128944789763372,27850,16668,27917.7689021618,16673.9503836434
1464,1,95479.0311642928,40037.6082677903,0.21077421050326,0.0883848020887572,28907,12590,29252.6939915429,12531.964210794
1465,1,106868.861795029,46992.9971058493,0.23591776851474,0.103739132492073,32740,14616,32906.433511226,14456.1970383698
1466,1,85433.1880898747,37087.7827867141,0.188597564835306,0.0818729310599615,26386,11459,26312.6802323039,11563.3251565898
1467,1,96659.5607148575,35631.8579499419,0.213380282024533,0.0786589121881665,33315,11582,33210.1974260258,11698.5899873845
1468,1,99344.5795204026,36949.8893655511,0.219307580532112,0.081568525195922,32268,12068,32117.6199323584,12138.8340119088
1469,1,85249.4703589727,44626.1170580244,0.188191999768148,0.0985141394506403,25132,12799,25418.1802407682,12713.0328227802
1470,1,101377.549101552,35721.440848247,0.223795451357976,0.0788566704229809,34360,11919,34206.8396874377,11946.2876758173
1471,1,121371.227978868,52248.6711057868,0.267932387280278,0.115341266745962,35145,15552,35252.51368057,15514.1316619309
1472,1,110264.599560012,41737.0701233652,0.243414010755184,0.0921364397679544,31834,12215,31993.2918749043,12180.2976740412
1473,1,86063.8091954648,39734.1726830126,0.189989688991119,0.0877149545312336,25361,11603,25317.2101835501,11560.0098775913
1474,1,94607.2633546301,43701.7032488354,0.20884974426619,0.0964734548266535,31107,14337,31048.1226311347,14251.7057060954
1475,1,92585.9733947955,41177.4323326164,0.204387656724171,0.0909010144387019,29551,13205,29433.1909692022,13373.6199508137
1476,1,80448.7264243963,42221.595895922,0.177594143879795,0.0932060519742557,22611,12194,22668.3774683183,12274.0625770817
1477,1,96822.3508431871,44138.0562565462,0.213739648477649,0.0974367235106716,30084,13312,30060.0322492265,13376.2733197843
1478,1,92110.7319014822,42007.9403399098,0.203338539977488,0.092734397825811,29749,13845,29503.1304927919,13901.3630794442
1479,1,107101.326473307,40077.2404220493,0.23643094463767,0.0884722918330773,32536,12266,32597.299839693,12234.2221298281
1480,1,102994.520321527,37033.9376650328,0.227364987287915,0.0817540655575217,31203,11639,31091.5426819614,11642.7378024865
1481,1,104384.528743168,40084.5685905651,0.230433492739758,0.0884884690912094,32931,13265,32965.8759372521,13155.6415686548
1482,1,110571.653257937,59203.5018200995,0.2440918454585,0.130694365066269,31492,17668,31559.4222217038,17506.3482002786
1483,1,96004.0010510345,35527.745047814,0.211933104891553,0.0784290783232684,28612,10573,28654.6654088379,10494.0551399194
1484,1,94564.6602020188,45316.7909265103,0.208755695910786,0.10003883275314,26936,13520,27098.0215637413,13293.0463214718
1485,1,95634.5332620879,45014.5051588329,0.211117488304623,0.0993715234680367,27284,13305,27251.5934685232,13248.5848616278
1486,1,109059.426314258,41911.7417142473,0.240753537180033,0.0925220350784282,34285,13189,34281.5174212553,13156.7101747759
1487,1,94600.8511115234,38631.305113655,0.208835588954161,0.0852803252897513,29528,11884,29424.3586491392,11977.840310976
1488,1,104039.560975286,44338.8239669676,0.229671961039677,0.0978799271664126,30815,12767,30977.5595343161,12660.3037324927
1489,1,115143.784909289,51000.0197526295,0.254185029557451,0.112584813313766,32168,14015,32085.5457641054,14067.6237949289
1490,1,82207.742079977,44547.1323570592,0.181477249222894,0.0983397772081167,23616,12552,23645.1955025554,12513.3824275769
1491,1,105481.298771253,54231.0014430228,0.232854661387515,0.119717349187233,30173,15498,30104.286956867,15566.9293533356
1492,1,101646.431198921,43571.234617867,0.224389020554272,0.096185439517402,30767,13811,30777.8309229524,13763.6898863595
1493,1,115869.102850151,42552.0600449746,0.255786201191525,0.0939355662902979,32462,12844,32417.1047537174,12772.0283776177
1494,1,98041.3881773354,41892.7900914041,0.216430727644937,0.0924801985275768,30343,12560,30356.8593629919,12527.0080194207
1495,1,102318.146666368,46468.4703954211,0.225871862342752,0.102581216435216,31485,14416,31591.9176315764,14454.0430883583
1496,1,96730.8967126294,52703.1331994265,0.213537759414359,0.116344512043097,28308,15473,28179.1880853279,15695.6874588716
1497,1,99105.1829799403,49280.1233967768,0.218779102014915,0.108788065565787,29547,15299,29775.8472082007,15028.3015790918
1498,1,91361.5245769971,40676.9507633623,0.201684631465891,0.089796179101093,29828,13554,30018.2004534676,13536.2243735549
1499,1,101328.646845639,43618.7891875784,0.223687497451697,0.0962904183464132,30191,13447,30351.5427569164,13298.9561433761
1500,1,94215.7769075714,44960.799959476,0.207985520511557,0.099252966850355,28712,13516,28626.6058019562,13563.5134145981
1501,1,96626.0470172309,47901.5492789225,0.213306299045526,0.105744801848427,28924,13962,28745.015996553,14121.1180374654
1502,1,100871.623953657,42046.3645969941,0.222678599078255,0.0928192210833614,28992,13196,29232.0496250898,12968.0679152351
1503,1,128224.032097855,45282.2088720806,0.283060257350803,0.0999624913289432,37973,13675,37844.4652876838,13744.6078734505
1504,1,107890.120974243,45507.9814237124,0.238172243603073,0.100460894284474,33827,14147,33733.0237229207,14196.5563177221
1505,1,104807.63521556,46236.3028770635,0.231367519107535,0.102068696306035,29979,13288,30083.3755292461,13341.8112544098
1506,1,108110.103946768,43363.4025101062,0.238657865805066,0.0957266408901399,32623,13340,32396.9403547181,13395.6772251777
1507,1,87845.6957785793,39464.2654493121,0.193923282924598,0.0871191223008621,29790,13191,29792.4236298225,13083.4197246467
1508,1,91182.9419040063,47583.1709025181,0.201290402267604,0.105041967413372,26564,13934,26522.9329243748,13973.9761971401
1509,1,106897.2537526,43168.2074518463,0.235980445024635,0.0952957391120512,31441,12630,31363.2705723082,12798.1921910406
1510,1,100896.841305249,47201.7373347302,0.222734267504169,0.104199935837123,30579,13949,30560.1021887952,13819.218651221
1511,1,90051.023694589,40400.9031297777,0.198791642445317,0.0891867916647043,28550,12490,28464.9230295489,12451.4444621343
1512,1,85234.662382259,42609.2210850552,0.188159310500536,0.0940617518301763,26003,13515,25997.970104611,13474.0352701321
1513,1,110730.601443558,50166.9574473299,0.244442730652104,0.110745791200131,32907,14798,32902.9012836803,14686.353070815
1514,1,98495.3672215613,49580.2416012382,0.217432906588993,0.109450589858625,30792,15329,30730.2500863356,15196.0424976413
1515,1,116292.962100477,43589.5419775261,0.256721889350092,0.0962258538286021,35432,13547,35386.6206081177,13608.1474459714
1516,1,95526.9433592015,44925.9479259661,0.21087997880581,0.0991760294353237,29924,13333,29857.0589571303,13309.0034106205
1517,1,109404.829754488,48031.0097371004,0.24151603064621,0.106030591571375,32118,14065,32154.1510279031,14101.5603766409
1518,1,110902.966198429,40823.8458432948,0.24482323351942,0.0901204565274768,32163,11801,32195.7382139177,11709.5824475491
1519,1,113778.870747867,39677.8890000072,0.25117192080184,0.0875907057961447,34496,12335,34305.2238862127,12320.2317199435
1520,1,94513.6525570417,34596.1948425179,0.20864309426445,0.0763726397872764,28469,10140,28497.3973722403,10261.3573453938
1521,1,95394.7164744659,38527.8148639558,0.210588082073118,0.0850518659578001,30103,11981,30126.2184770375,12030.990799999
1522,1,110321.961946707,41988.2284129006,0.243540640776675,0.0926908828696767,32889,12504,32989.6015706717,12408.3641037893
1523,1,102158.574256983,48207.9416000342,0.22551959914741,0.106421176532994,28822,13297,28588.7329441578,13491.4660763688
1524,1,92969.9373738796,41614.5808647976,0.205235274295969,0.0918660392783925,26608,11888,26476.0290245527,11910.2026622521
1525,1,106806.667990334,34739.6662052915,0.235780472922996,0.0766893592056625,32379,10246,32217.8064030226,10349.245491017
1526,1,103044.018707232,38812.9258998895,0.227474257177239,0.0856812612582331,30872,12145,30951.7139783688,12057.4920219416
1527,1,89253.1680531176,39110.4104285803,0.197030340608924,0.0863379715945984,27537,12053,27623.5345239313,11998.4995411771
1528,1,95008.7082814503,37784.1698416434,0.20973595180809,0.0834102364757951,30769,12563,30779.0805084295,12510.2624050694
1529,1,97175.084572797,47149.2457852992,0.214518323883859,0.104084058405666,28195,13572,28142.6066792801,13600.6860026403
1530,1,104175.510777381,42246.2301055172,0.229972076278127,0.0932604330882602,30309,12534,30414.2452268455,12441.6117953925
1531,1,109155.39745312,49080.0093255405,0.240965397740182,0.108346304847636,31810,14382,32061.4736435777,14354.7117646946
1532,1,99685.4337479596,36540.9079485117,0.220060031408854,0.0806656805164588,28739,10572,28716.0613551772,10546.0747302114
1533,1,99933.4974167746,51409.0344674319,0.220607642997613,0.113487731499523,27180,14446,27179.0274523927,14454.1796788378
1534,1,106191.574340689,37754.8758377107,0.234422626317218,0.0833455686584106,30661,11765,30669.9231034518,11823.8172590669
1535,1,96726.9306159659,44129.9215395877,0.213529004079467,0.0974187657609576,29734,13839,29661.5553684981,13673.7799714465
1536,1,91647.3997578192,47336.4222461912,0.202315713650173,0.104497258773204,26398,14556,26409.6861229313,14676.3890122175
1537,1,108109.50221069,43473.2888723806,0.238656537445894,0.0959692199252539,32933,13189,32881.2262690345,13271.9726464576
1538,1,100956.230625077,44975.5502144666,0.222865372070759,0.0992855286946935,29939,13050,30082.0145087652,13180.8889124458
1539,1,99836.6501728985,52728.3377791943,0.220393848396657,0.116400152274641,30060,15372,30040.2026194045,15308.2412290963
1540,1,93406.0472313221,44148.5640466667,0.206198006214949,0.0974599199250024,28375,13229,28498.5626437503,13160.9440943704
1541,1,101668.319535095,51552.8540652509,0.224437340030498,0.11380521966227,29106,14301,28974.5900928755,14423.8640937162
1542,1,97567.2070747531,55056.5725087039,0.215383951757985,0.121539834056018,28338,16119,28378.6825035115,16047.1819937348
1543,1,102186.794507794,45352.7175198455,0.225581896606992,0.100118142306808,30634,13470,30645.1697974639,13536.5740166179
1544,1,103672.791840262,51277.3984983584,0.228862301851384,0.113197139239453,29080,14787,29249.3651536558,14699.3210264591
1545,1,95281.9600626167,30041.7201106468,0.210339167275839,0.0663184341238847,30969,9936,30910.5341617905,9929.47827996093
1546,1,101599.65684943,45076.2377060276,0.224285764096122,0.0995078008133203,32578,14511,32515.4871000214,14447.2560774968
1547,1,100707.436446634,41945.4047944982,0.222316147849485,0.0925963478262269,30065,12909,30159.6543950064,12879.2118140584
1548,1,105931.47964518,41000.0923879483,0.233848455701601,0.0905095286184927,32270,12746,32219.4338249988,12720.2430772826
1549,1,99937.4700898256,43283.2817551479,0.220616412850173,0.0955497707578674,29575,13212,29681.7212802828,13104.4719549247
1550,1,107054.585121569,45500.0322098995,0.236327761023526,0.100443346041209,31973,13774,32151.2112298186,13745.7777282129
1551,1,104174.517651275,34748.4742091962,0.229969883908049,0.0767088032662745,31513,10279,31519.7535248006,10195.0501596616
1552,1,90285.4737740774,37997.3939000745,0.199309201429777,0.083880938074126,27828,12035,27842.5337988961,11908.8255341906
1553,1,95008.4454336233,53340.1258685656,0.209735371559814,0.117750701709005,27365,15671,27451.1875346001,15749.8528826556
1554,1,104718.770230338,41682.1162739495,0.2311713456978,0.0920151266996977,32246,13104,32144.1251444939,13218.0973239317
1555,1,97611.2733232404,39383.2220152945,0.215481229962649,0.0869402153135032,29402,12003,29308.9380927249,11994.1289074014
1556,1,107223.868155952,45673.2009745583,0.236701460855715,0.100825623795913,33270,14843,33252.2304009326,14752.3170325672
1557,1,115032.553473653,56444.7218319754,0.25393948121303,0.124604235465473,31252,15778,31186.079364746,15734.8691123463
1558,1,107419.689943395,44168.4877387359,0.237133746166367,0.097503902361931,30232,12869,30372.6454046612,12974.6038902609
1559,1,102926.015105166,53651.0749398,0.227213758974035,0.118437135622263,29411,15317,29282.2360725994,15225.8989818729
1560,1,121252.273118182,45699.7231804947,0.267669789131335,0.100884172745865,32958,12594,32804.7615186236,12578.3537198218
1561,1,93742.6940627385,35454.6449926612,0.206941169077464,0.0782677066982667,30011,11622,30099.9597571376,11433.8540951809
1562,1,81269.7522121257,40776.2342275447,0.17940659484522,0.0900153517667965,23652,11894,23685.769635696,11774.7762475199
1563,1,101462.653124253,36118.7890982304,0.223983322275565,0.0797338343684444,30938,10685,30866.0868423659,10813.5221652075
1564,1,98777.0361016078,42564.7557635531,0.218054703177115,0.0939635926540713,29779,12598,29668.2563140529,12580.3272724324
1565,1,92633.0981075802,45751.4274995559,0.204491686624886,0.100998312331246,26161,13197,26185.9306166079,13198.5260888889
1566,1,108046.203082195,45032.1377666354,0.238516801802671,0.0994104482344841,33546,13796,33266.3676525897,13860.4409010091
1567,1,103582.457724538,43221.258688775,0.228662885270684,0.0954128520785688,32302,13220,32246.4816562712,13328.1127689319
1568,1,102169.333109922,51051.3762322019,0.225543349794086,0.112698185027996,29966,15182,29945.5354723812,15164.6950663942
1569,1,97529.9514094641,38157.8580221843,0.21530170821883,0.0842351697649943,29377,11544,29492.1570801715,11527.8170361406
1570,1,95618.9807505212,41986.2548578012,0.211083155443189,0.0926865261589634,29164,13113,29402.3808913995,12973.9978750576
1571,1,111511.559355336,42367.962323645,0.24616672999818,0.0935291623773598,33777,12592,33922.6931122426,12418.8864723034
1572,1,105737.345498421,41037.3591460912,0.233419895932867,0.0905917966456167,34061,13017,34006.638964892,13100.6851616405
1573,1,98722.6300013761,43679.9989614505,0.217934599289559,0.0964255416463217,30564,13443,30508.9195566616,13562.1003748019
1574,1,95582.2009390615,41826.1683714391,0.21100196237254,0.0923331281158146,28443,12044,28395.7536808308,12123.7027141375
1575,1,98019.5816146298,38373.4849467319,0.216382588687283,0.0847111757972147,30525,11822,30309.0892037448,11967.0249002933
1576,1,93222.6653280739,32235.924313332,0.205793182502282,0.0711622375523895,28830,9581,28687.9244309187,9590.017602976
1577,1,110286.900161566,49996.5230677519,0.243463240325583,0.110369549722185,33644,15106,33727.5120878648,15073.6096342121
1578,1,94837.3258909281,41868.7357716159,0.209357617553794,0.0924270975461287,28935,13162,28998.3228151415,13146.5951643485
1579,1,108397.989935748,44502.5393909149,0.239293386937845,0.0982413362507834,31078,12873,30985.0330350235,12929.0636346436
1580,1,89291.0874351192,39759.8385625769,0.19711404933226,0.0877716131026086,29046,13180,29019.194449875,13068.2702816932
1581,1,100925.106652108,46624.4903303558,0.222796664515286,0.10292563738511,30489,14124,30445.6981101413,14142.3085549425
1582,1,92958.2056203913,38939.6432569445,0.205209375928033,0.0859609954633736,28618,12058,28570.2746001368,12183.1690888439
1583,1,101644.073758627,44279.8065837111,0.224383816399908,0.0977496436663585,30144,13313,30180.6496271783,13325.1468836862
1584,1,90667.1405100317,48770.5769763381,0.200151747735129,0.107663219165765,26938,15215,26973.174157109,15103.0190022705
1585,1,97586.8519237593,46829.5901271929,0.215427318636442,0.103378404314409,27502,13443,27597.1169053585,13299.761387376
1586,1,94532.6297132274,50314.0359148943,0.208684987181291,0.111070473462874,28722,15124,28898.4453401669,15134.9703877268
1587,1,98673.5237633505,40817.552618889,0.217826195083689,0.0901065639545267,28387,11394,28461.8263307116,11475.1813952079
1588,1,110096.730672682,50988.0921084257,0.243043432715549,0.112558482508357,32039,14656,32073.7951822637,14678.8836122069
1589,1,100750.580553284,40821.2306035835,0.222411390385005,0.0901146832694254,29593,12653,29513.5343923198,12665.817770321
1590,1,88848.1874786154,41382.6628359445,0.196136327967415,0.0913540699083968,26316,12275,26318.324062087,12282.2621654393
1591,1,110839.469655406,48700.2391564978,0.244683062074841,0.107507945298146,33297,15044,33512.2194213114,15146.3755252192
1592,1,104804.04765711,43394.4611740042,0.231359599412595,0.0957952042729323,31338,12884,31188.743849566,12993.559974766
1593,1,97546.7759360714,48903.5870946474,0.215338849110076,0.107956844921428,29919,15067,29678.1906743873,14984.5575821749
1594,1,117503.654689699,50509.1795245915,0.259394547121581,0.111501261665971,34961,14813,35109.8628447331,14768.0557674531
1595,1,86338.4680827122,38966.189726771,0.190596010708163,0.0860195979769422,27570,12122,27623.6267786247,12069.8253689444
1596,1,97564.1483568755,41651.5369549095,0.215377199502145,0.0919476214920119,28956,12142,29103.670540192,12106.2207189525
1597,1,108923.922888961,44068.5712943345,0.240454407338233,0.0972833323642239,31161,12398,31139.8429139061,12497.9577774545
1598,1,115525.206515052,42495.6263118752,0.255027034726997,0.0938109863129486,35259,13045,35020.3049727857,13008.0941695365
1599,1,98925.4304822919,40407.3830607145,0.218382290376633,0.0892010964006307,29585,11588,29599.3344430142,11767.0733368904
1600,1,101201.316112874,41140.0409200983,0.22340640919238,0.0908184712314971,30175,11661,30175.2892079899,11840.9106769192
1601,1,89355.0748620534,41357.9995800022,0.19725530442492,0.0912996246732884,26282,12341,26200.5188074254,12410.0311673784
1602,1,85671.9034592247,47045.1737313458,0.189124539636958,0.103854314714931,25777,15551,25951.5883396678,15441.8432392746
1603,1,82593.046694713,36628.2680456243,0.182327826307557,0.0808585318187172,24627,10737,24724.1706975654,10781.6451803055
1604,1,89877.9033337164,44579.1409502151,0.198409471544125,0.0984104376020218,27964,14271,28117.7759051771,14151.9699175347
1605,1,95219.4972482531,40790.8623625654,0.21020127783328,0.0900476440258667,30732,12986,30700.6945020502,12901.1587248701
1606,1,97069.0012148215,40372.6614726654,0.214284140149984,0.0891244469497594,30786,12525,30741.2777004804,12649.4888567019
1607,1,114052.736775797,53479.7225202347,0.251776492246655,0.118058867530187,33168,15113,33188.9733724341,15276.7408052567
1608,1,93733.9714029854,48342.9853427278,0.206921913417865,0.10671929160499,26838,13995,26704.5703119348,13922.0963357156
1609,1,105547.71604028,49398.5070500926,0.233001280464733,0.109049402749039,29926,14636,30101.2278322847,14597.2458109454
1610,1,93886.5474625362,42612.6358340879,0.207258731859583,0.0940692900406362,29953,14046,29820.9963417713,14168.0992063275
1611,1,81003.1261865739,29602.4360461936,0.178818006027863,0.0653486950016636,25156,9098,25048.7192078614,9207.00769978844
1612,1,93256.1295134476,42574.2203050855,0.205867056180788,0.093984486050715,29464,13401,29359.7916832551,13418.3545414961
1613,1,105535.713347068,52516.6397043303,0.232974783985299,0.115932819352947,31418,15937,31523.6860442998,15791.9121580866
1614,1,112162.295679074,45093.3836916443,0.247603259393266,0.0995456513396358,32747,13038,32622.2629895804,13041.6718647209
1615,1,118720.430867734,39910.7956115399,0.262080634686119,0.0881048575064016,36856,12135,36830.3299109191,12058.2370816793
1616,1,102462.94130311,41315.0690470865,0.226191502947314,0.0912048536112923,29412,12091,29603.6577349713,12048.337560938
1617,1,99198.5902811389,52355.2039758627,0.218985302789318,0.115576442797804,30003,16232,29995.4935924858,16221.1869424998
1618,1,107222.541917055,44540.0231753596,0.236698533124327,0.0983240833731272,32374,13891,32228.9079009737,13881.8648613292
1619,1,115859.181183092,54590.0472158746,0.255764298669937,0.120509958709811,32824,15454,32830.7789458139,15381.5255957651
1620,1,104155.788277574,40163.256125577,0.22992853798207,0.0886621753266658,31425,11715,31233.7216200299,11900.7042223242
1621,1,116759.486793693,51706.0809856962,0.257751763372627,0.114143474908379,33089,14408,33317.3992175763,14323.8519144128
1622,1,94770.1140982495,39680.6002464249,0.209209244530256,0.0875966909932734,29595,12588,29633.1915747852,12681.4846894855
1623,1,103269.481601608,53384.6340962308,0.227971976550598,0.117848955602375,31810,15748,31730.4726925797,15711.1690074828
1624,1,108589.093060273,47811.5383070954,0.239715255590105,0.105546098622261,32603,14279,32819.4588408064,14251.0420494752
1625,1,107280.495604998,52630.7081275561,0.236826468469636,0.11618463047373,32056,15534,31950.2527676353,15647.5179434829
1626,1,109508.460414005,44081.7971652876,0.241744799939083,0.0973125290629582,33491,13510,33582.1745299644,13578.5070883249
1627,1,88951.2291644166,46266.0532266952,0.196363797074599,0.10213437152686,27863,14584,27930.1401275587,14548.7869149803
1628,1,103211.499708717,42589.7006686861,0.227843978941608,0.094018659642303,31273,12709,31133.0945492953,12986.7905822259
1629,1,100012.468354845,43712.5091429443,0.220781974857935,0.0964973093188054,30049,13468,30032.7487257293,13436.8884324083
1630,1,95472.8986169718,37270.5600309913,0.210760672632126,0.0822764199610397,28944,10764,29019.9202189535,10810.2369377156
1631,1,109205.062592096,40022.8779003755,0.241075035744772,0.0883522841471273,32238,12087,32465.2134633363,11929.6457211051
1632,1,94085.0359658106,42166.0886988035,0.207696904064113,0.0930835173663189,29319,12916,29058.9838411734,12990.9388233727
1633,1,93267.5310364151,52278.611438171,0.205892225550154,0.115407361362168,28982,16429,29014.6454812594,16536.4137849943
1634,1,94923.6950448261,48693.7079036193,0.209548281304805,0.107493527266749,26860,14013,26888.3371843448,13978.3523946772
1635,1,121762.271506192,56216.8965604687,0.268795633269886,0.124101301039464,35477,16648,35373.3940886116,16589.6400578084
1636,1,108857.106114937,41611.7675920026,0.240306906335954,0.0918598288534953,31536,11976,31207.94439019,12126.3727755703
1637,1,107655.562207857,53216.3934101637,0.237654444687449,0.117477556800481,31654,15839,31730.1416069944,15791.4214900906
1638,1,101609.158590127,42947.9703068027,0.224306739611575,0.0948095558129121,31939,12452,31781.1289456871,12644.1256873991
1639,1,123635.822881011,47858.1309010581,0.272931581310511,0.105648953846995,36561,14126,36539.9908062471,14077.8958980475
1640,1,95754.7577316519,48772.6184780099,0.211382889171667,0.10766772587156,27929,14402,28010.7901206744,14416.521088606
1641,1,97381.405319173,49332.3751903532,0.214973786113602,0.108903413725525,30134,15557,30042.0440242203,15643.1362527854
1642,1,101654.953538701,47996.2767330097,0.224407833998617,0.105953916919084,31071,14697,30981.2567192212,14742.4934619651
1643,1,102497.390110113,41862.029234971,0.226267550221887,0.0924122925680167,30512,12925,30635.7591638011,13033.8564196393
1644,1,112207.051912808,49881.6497816159,0.247702060771068,0.110115961830708,32700,14402,32562.2687340262,14454.1418721687
1645,1,89281.8812535874,43305.3909316722,0.197093726276816,0.0955985777489939,26204,13135,26201.1240568247,13085.1401598085
1646,1,101218.100696382,49079.4519088975,0.223443461907454,0.10834507432559,29680,14370,29614.7518036079,14433.7286924639
1647,1,108772.994531403,43533.7212479156,0.240121226271995,0.0961026270837356,33816,13838,33779.3467298704,13921.5294780816
1648,1,109640.629773686,37419.8360220141,0.242036569682657,0.0826059533546157,32830,11853,32843.709904825,11804.6719226236
1649,1,105209.958918124,42742.5344723273,0.232255666585998,0.0943560470655714,32530,13513,32511.5325115236,13497.1448966298
1650,1,105915.29626624,38297.5965320211,0.233812730172365,0.0845436487443954,32138,11976,32124.5253221985,11907.1186600091
1651,1,91895.7212217509,35127.2368617216,0.202863894333125,0.0775449386782141,29502,11022,29532.66995874,10987.3697685143
1652,1,113601.132867476,53436.7693207201,0.250779556520813,0.117964046430666,31641,15240,31887.9352417331,15161.5381289383
1653,1,93887.1865513477,49637.3173753561,0.207260142676576,0.109576587170096,27934,14592,27863.4185788882,14477.8217496001
1654,1,99904.3028962776,49457.3969196122,0.22054319479434,0.109179404756844,30017,14780,29801.9001098674,14806.4067494754
1655,1,100982.572067057,41455.9724355954,0.222923521976232,0.0915159041122038,31067,12889,31209.7254343219,12806.7116043026
1656,1,103557.683765632,44303.9947152886,0.228608195653857,0.0978030400432869,32628,13641,32562.5759486723,13646.9516331572
1657,1,103571.636750145,42301.5746655033,0.228638997488135,0.0933826086674892,29421,12351,29510.4447285983,12340.925760379
1658,1,93650.5710826697,42065.389228499,0.206737803499112,0.0928612188040826,29437,13570,29497.1905349032,13606.6052935599
1659,1,95294.2350086223,53085.4585591741,0.210366264765431,0.117188512289785,31163,16638,31189.347747199,16618.6841670684
1660,1,116063.682250372,40702.4722591538,0.256215743877092,0.0898525189388637,34991,12056,34888.787678048,12196.8476676902
1661,1,77398.3220406496,41530.1777311023,0.170860240447181,0.0916797156044748,23987,12592,23970.8619948322,12614.9633696488
1662,1,116032.680830346,42647.1418903169,0.256147306862696,0.0941454636954226,33549,12830,33562.5081651419,12835.7988028468
1663,1,92128.2895201269,37171.8936766944,0.203377299202032,0.0820586095928724,27524,11759,27563.5229745824,11626.9229252377
1664,1,99095.0977185955,45502.7121303214,0.218756838351661,0.100449262084808,29067,13237,29101.0543538595,13301.6303486344
1665,1,98021.7110645354,42489.6691659465,0.216387289542719,0.0937978356481936,30611,12659,30503.4141148198,12750.269924364
1666,1,98011.3604798324,44829.2307339632,0.216364440166344,0.0989625219296658,28914,12947,28837.2821260657,12913.3231338582
1667,1,111640.89385165,49537.2778754316,0.24645224165471,0.109355745521845,33653,14137,33565.4230402872,14135.0352973244
1668,1,97148.4499279793,35211.2346437832,0.214459526720073,0.0777303675203607,28806,10816,28811.5141332135,10827.5184585238
1669,1,107660.203023767,55449.3468672018,0.237664689495105,0.122406900932471,29847,15574,29922.8130138371,15565.1683493743
1670,1,112384.223741927,42869.6710319798,0.248093175468721,0.0946367066791021,34043,13697,34242.1845847192,13597.5117266083
1671,1,94615.6506049679,47705.5050475124,0.208868259494578,0.105312025482817,30242,14881,30279.2612950254,14824.9762378224
1672,1,115494.389326117,52890.8026938913,0.254959004410932,0.116758800804189,33791,15825,33793.9580308529,15668.1188340265
1673,1,86051.2041843128,39359.967754353,0.189961862868026,0.086888880497565,25843,12292,26030.0929355284,12110.1896060788
1674,1,83506.1854055347,40293.3966118107,0.18434362065011,0.0889494662418115,25756,12867,25871.0536603946,12889.6811073134
1675,1,114017.866132039,55513.5253007451,0.251699513748674,0.122548577680721,34224,16172,34313.9368749697,16106.5783980486
1676,1,108871.17316316,42689.3380897149,0.240337959970948,0.0942386136834976,30963,12205,30848.1793704763,12178.2185081192
1677,1,94898.9352084816,37789.769953944,0.20949362286416,0.0834225989729267,29011,11571,29138.9154186681,11629.6894604873
1678,1,106198.546796086,43952.4392945244,0.23443801832281,0.0970269658062933,32814,13822,32696.8308233855,13862.8489330515
1679,1,102563.572315309,41785.215386992,0.226413650385236,0.0922427225800722,30064,12344,30201.4167393459,12310.0207527648
1680,1,107314.976246132,46264.1192947144,0.236902586019472,0.102130102285944,30060,12512,30127.6629332643,12599.1721874252
1681,1,89887.3999602373,46876.6320256007,0.198430435769809,0.103482251398702,26949,13947,27033.1003350821,13902.6785674683
1682,1,99016.1259575824,51439.6732965622,0.218582504674657,0.113555368078381,28508,15505,28419.2691018727,15625.2850821745
1683,1,102903.680683151,45950.4330826073,0.227164454743463,0.101437626012396,30562,13847,30736.2728589885,13818.5505451281
1684,1,111925.679496014,48912.0695261249,0.247080918638771,0.107975570266417,33222,14265,32997.0182968455,14403.8559759812
1685,1,128856.512274676,49180.2736593042,0.284456485489096,0.108567642826593,35374,12746,35387.6975165753,12903.4333029246
1686,1,94368.9586264068,45222.7398851233,0.208323675973101,0.0998312108936212,29685,13565,29623.6823807738,13550.3260645356
1687,1,99285.273305117,48081.2329875884,0.2191766594225,0.106141461631968,30652,13465,30564.8114479651,13471.8089336007
1688,1,87290.7062233957,47283.1779866315,0.192698118782221,0.104379719700638,23734,13151,23665.0538576672,13416.3225995626
1689,1,105429.779629604,40602.2452178011,0.232740930589512,0.0896312632845638,31120,12225,31123.2895814078,12197.6309245573
1690,1,95947.1357751177,38452.9376450854,0.211807572264229,0.0848865711648008,28884,11713,28693.9283192209,11769.7655611923
1691,1,100631.922324613,41055.9554425085,0.222149447064437,0.0906328487975693,29802,13131,29818.4096294365,13114.4697100116
1692,1,95960.4215681154,38300.1145431886,0.211836901243544,0.0845492073661093,28996,11280,28908.8014659832,11493.9065854765
1693,1,80288.923637046,38502.3307759387,0.177241372114841,0.084995608699356,23328,11213,23103.9508477166,11288.9310415641
1694,1,107708.91961599,55942.5492464692,0.237772233540526,0.12349566713423,30571,15517,30671.2174664353,15482.5343659675
1695,1,115836.867124419,36706.8238080066,0.25571503939235,0.0810319471602293,33758,10969,33739.1484204584,10971.4281881273
1696,1,89363.1689175899,40134.390129928,0.197273172412736,0.0885984523566155,27916,12867,27681.228798287,12883.6494537852
1697,1,94194.3530642467,49981.3676993617,0.207938226423969,0.110336093571987,29236,15012,29305.2803919288,14984.359333957
1698,1,104296.072855463,40435.7658028971,0.230238222431,0.0892637525671471,30984,12853,31249.7725717242,12695.747079742
1699,1,104854.708338692,41034.7998289779,0.231471435121795,0.0905861468391891,31958,12472,32054.2742197559,12510.3812116563
1700,1,94937.5854481772,40491.0463611232,0.209578944988382,0.0893857868596426,29607,11924,29337.8169772563,11983.3043427771
1701,1,102783.434660312,53363.6690622095,0.226899006296607,0.117802674356742,30222,15186,30262.8409977554,15180.3917596609
1702,1,96910.1544025939,38925.0320775419,0.213933478742658,0.0859287406345848,29645,11502,29549.6450107317,11671.2090056555
1703,1,109385.763861094,54421.1968820767,0.241473941838032,0.12013721408342,29948,14777,29948.8622395694,14760.4492477109
1704,1,111155.872365187,39006.4499762911,0.2453815351379,0.0861084742695039,32466,11626,32360.4926401374,11774.4536083527
1705,1,93772.6056954668,41939.22325168,0.207007200337902,0.0925827017953517,29239,12996,29138.8700686383,12986.0327232943
1706,1,97756.3303180839,45857.7321689537,0.215801449734397,0.101232984619935,27285,13240,27230.6216733459,13197.214379235
1707,1,93163.2010948768,49977.2595013353,0.205661912561098,0.110327024542012,26530,14615,26567.8882239081,14704.976243466
1708,1,97195.8552725097,44562.4642767378,0.214564176127856,0.0983736231031404,28322,13612,28319.8847527315,13371.4381903605
1709,1,107846.686534614,36917.7447044687,0.238076360144582,0.0814975644260135,33295,11897,33214.9233017839,11910.9530644769
1710,1,95083.7986137376,38329.8438506288,0.209901717058442,0.0846148361353596,28073,11927,28033.16451892,11909.7528455656
1711,1,84291.8470601024,43462.4335292283,0.186078003717731,0.0959452562721378,25127,12621,24855.1183885481,12787.0211431822
1712,1,112520.852251953,52179.550498872,0.248394788985133,0.115188679930047,31857,15189,31873.0987645069,15085.803861482
1713,1,95606.2037746212,44315.1330038852,0.211054949700262,0.0978276283110633,26998,12613,26944.7462921629,12740.0393269375
1714,1,106159.296240046,46793.8296586936,0.23435137097354,0.10329946148871,30916,14132,30920.5458712932,14160.631249749
1715,1,93032.922567846,44608.8795483372,0.205374316914749,0.0984760868808659,29937,14338,29902.0769445924,14320.0816523896
1716,1,89262.0653636557,42234.2345329962,0.197049981817903,0.093233952328068,28020,12461,27981.5690001161,12511.515238231
1717,1,97140.2480641227,36662.8395506218,0.214441420740593,0.0809348499545727,27874,10312,27615.7641842214,10480.3559009223
1718,1,102875.533509183,48227.4731372788,0.227102318604264,0.106464293270695,30885,14026,30692.6438639714,14038.4598590647
1719,1,107046.386589346,49062.6080370912,0.236309662398775,0.108307890728956,30258,13942,30396.4766400067,13891.6857751405
1720,1,108762.779438148,55040.0029058935,0.24009867599902,0.121503255920399,32450,15303,32421.3105647776,15149.6836683458
1721,1,90944.3473840994,41858.0961085,0.200763694246475,0.0924036100162916,27550,12192,27776.7571106349,12020.8753993757
1722,1,96709.4341386792,40596.0534831533,0.213490379827192,0.0896175947547712,30381,12310,30203.4578990529,12364.8389618977
1723,1,113193.501193122,42693.2421717038,0.249879691458396,0.0942472321182356,34432,13352,34417.9854788083,13249.451213364
1724,1,110559.335837843,49041.0854637923,0.244064654205468,0.108260378690556,32027,14594,31913.2705612258,14578.3531913285
1725,1,100925.461622427,38290.9911515016,0.222797448128062,0.084529067072932,31686,11583,31561.3755251973,11644.0251485831
1726,1,86959.5847604191,45817.6555117394,0.191967153416438,0.101144513615559,27811,14740,27688.4339371799,14619.8190159832
1727,1,92661.0493113648,43953.2907592754,0.204553390151183,0.0970288454526248,27832,12962,27760.0386592336,13089.5065757899
1728,1,100906.826313497,43124.2792315394,0.222756309854252,0.095198765610738,31645,13779,31656.940156867,13964.7127709421
1729,1,100920.315516652,47498.8726663076,0.222786087870541,0.10485587530532,28911,13259,28889.1297654964,13241.3021318112
1730,1,99644.0729306388,39893.9120676766,0.219968725563893,0.0880675863319365,30588,12603,30342.1971300295,12566.1921626173
1731,1,95493.8006813672,50284.5646711083,0.210806814869506,0.111005414380626,30027,15528,29894.4581024764,15572.9275978751
1732,1,84315.3294823505,46392.6508300746,0.186129842209908,0.102413841370432,24921,13468,25101.4636626269,13476.5441879059
1733,1,104894.189308786,37192.9889591742,0.231558591120343,0.0821051783677729,32620,12213,33022.9649955998,11852.106066807
1734,1,104417.457275382,56556.488078014,0.230506183940074,0.124850964427659,30012,15752,29865.3087168189,15829.7362613951
1735,1,90486.3690729645,44100.157174377,0.199752686742734,0.0973530596001188,27342,13390,27331.1399472192,13337.1979429916
1736,1,94113.3747737591,44316.5642330808,0.207759463243852,0.0978307878132082,26182,11674,26239.0441259032,11723.0245616034
1737,1,104258.91185014,35433.9532306743,0.230156187857932,0.0782220287128125,32920,11308,32794.9757732743,11349.4629070102
1738,1,98495.5400589512,45911.4944014329,0.217433288135224,0.101351667140773,29740,14209,29693.3725201445,14197.1156097798
1739,1,92620.1328081523,37064.9669753811,0.20446306514939,0.0818225641410469,26903,10470,26934.585220261,10488.720264392
1740,1,117911.517318411,47813.6020203727,0.26029492202602,0.105550654361165,33848,13790,33987.8544579775,13658.9829476685
1741,1,91809.0757744913,44641.9519510681,0.202672620652222,0.0985490956817518,28106,14536,28192.8921576048,14521.8860011631
1742,1,118615.622389022,41855.4532197922,0.261849265304954,0.0923977757218499,35307,12394,35475.6238588345,12310.9547825929
1743,1,110440.383390493,54129.5689384964,0.243802061384071,0.119493432419328,32363,15379,32250.3171248251,15611.8894984848
1744,1,108191.09025904,45581.7717595007,0.238836646693628,0.100623789734699,31347,13259,31144.9735658915,13458.4157279944
1745,1,106430.183210367,48881.0472827502,0.234949366016104,0.107907087283551,32001,15044,31999.4833448177,15076.086442161
1746,1,89038.177644928,40960.267821668,0.196555739714891,0.0904216141160727,29469,12699,29426.1094146215,12666.136453449
1747,1,100517.355648244,48200.4159945882,0.221896536027666,0.106404563424052,30808,14858,30729.6477547949,14973.5532958606
1748,1,98045.3910893242,49380.0956161123,0.216439564251298,0.109008758689143,29424,15340,29445.6579241644,15196.3472256658
1749,1,96632.3462962564,50005.2425075873,0.213320204984319,0.110388798273672,29280,15424,29308.4172109211,15350.3904805345
1750,1,128044.150824851,49119.0651326492,0.282663161435193,0.108432522279972,34957,13740,34952.0008713266,13601.0627743538
1751,1,94928.9102548209,43319.1971803725,0.209559794112966,0.0956290556574342,30226,13064,30299.6917990696,13126.6023546551
1752,1,99348.3632860484,42060.3700797385,0.219315933363168,0.0928501388098211,29424,13481,29393.5007731965,13404.949143566
1753,1,85443.9575904966,41894.11836391,0.188621338987215,0.0924831307482472,26755,13396,26886.175171045,13385.0439149324
1754,1,89316.1857137883,39606.3852588726,0.197169454899398,0.0874328581053806,27324,12454,27374.0388644333,12373.9497810032
1755,1,85950.5318940329,45639.5683095281,0.189739624306904,0.100751378191068,26572,14727,26569.0487063804,14611.1868866944
1756,1,104984.829774142,45229.1981137085,0.231758683981488,0.0998454677206408,30281,13563,30482.4554566765,13375.9542406758
1757,1,103270.750298701,41722.9164216453,0.227974777255891,0.09210519484151,30140,11983,30019.1032071716,11886.2344819913
1758,1,102930.268311123,48489.4324822983,0.22722314811547,0.10704258018309,29631,14379,29615.7292980068,14345.9239290356
1759,1,88618.0603939448,37774.0883981403,0.195628312186407,0.0833879812405964,29164,12126,29086.0289878323,12188.2785640644
1760,1,92654.6231159559,40130.0824214971,0.204539204038826,0.0885889428985437,28620,12877,28690.7123031834,12826.2282442686
1761,1,105305.00307556,46666.4475633022,0.232465480793391,0.103018259844108,30390,13725,30457.741634062,13638.7218099765
1762,1,98813.5419556888,42542.6589756751,0.218135291474659,0.0939148130114332,30595,13043,30550.1879755291,13233.7573543356
1763,1,89366.9818686805,41565.3153039044,0.19728158967196,0.0917572833602016,28978,13810,29094.0369033605,13694.1181305803
1764,1,102373.833211767,43018.5983051487,0.22599479287,0.0949654702624962,30777,12804,30641.9898013715,12950.0701539172
1765,1,106685.547773887,44889.8504696332,0.235513094654844,0.099096342693984,31104,13227,31029.21238006,13326.6013058511
1766,1,97414.9418782907,41121.6443822785,0.215047819560369,0.0907778600555385,28774,11765,28663.6128177239,11886.7682358186
1767,1,112667.702425225,47349.9246014941,0.248718967278065,0.104527065823445,32616,13520,32749.989867327,13446.1140790319
1768,1,107774.74154961,41004.7547436403,0.237917538388338,0.0905198209761768,32745,12089,32704.8446668059,12145.8264150113
1769,1,89856.6612463019,41700.1040799561,0.198362578690798,0.0920548355819883,26972,13007,27020.661368076,12997.7972344098
1770,1,106187.43806742,45249.2692516855,0.234413495309894,0.0998897756509728,31412,13379,31366.6106886006,13401.2074191635
1771,1,98624.6853947887,48577.1681338763,0.217718382211581,0.107236260538544,27271,13360,27333.8791493882,13272.003139858
1772,1,94379.809120528,48265.6351774655,0.208347628921765,0.106548537672775,28848,14238,28895.1339168368,14174.4994754704
1773,1,92370.8699552911,39351.8886275608,0.20391280630848,0.086871045465617,28801,12348,28869.6483802641,12210.8584383214
1774,1,98315.9907999995,44791.5062569258,0.21703692515541,0.0988792434677119,28971,13193,28862.7922644146,13242.6688858846
1775,1,93040.7165375668,51462.6636260978,0.205391522449771,0.113606120253995,27066,14510,27004.2384639602,14665.3859770144
1776,1,94340.7961739057,43252.9085780315,0.20826150610586,0.0954827206176523,29739,13821,29545.0020467653,14022.7186037992
1777,1,98691.8423125949,50474.3450748613,0.217866634096397,0.111424363067916,29072,15486,29162.7770624876,15322.6671641763
1778,1,105613.849291298,49701.7712628635,0.233147272559554,0.109718871995231,32463,14938,32374.3943682737,14863.6967913667
1779,1,107170.449047778,46953.4701166225,0.236583535797051,0.103651874904242,31953,14793,32081.8001617467,14734.325357613
1780,1,113936.984633278,49593.6291238141,0.251520964240599,0.109480143410511,34142,14610,33965.1969756038,14773.4963015293
1781,1,89279.5053901007,46067.0985226487,0.197088481452433,0.101695170163378,26573,13669,26497.1622817428,13876.3456006753
1782,1,108221.401952465,42664.5647154303,0.238903561105858,0.0941839253572475,33406,13171,33387.3329765898,13177.3446806618
1783,1,99527.0189650096,45130.0883718978,0.219710323725385,0.099626678554804,29663,13025,29591.460920782,13006.8196417828
1784,1,99892.0887005978,46636.0793673392,0.220516231413795,0.102951220700011,30348,13761,30332.6826817081,13792.3432785427
1785,1,98646.2510395537,38833.562544316,0.21776598933216,0.0857268175692197,29171,11946,29204.8165284457,11895.1729222502
1786,1,89067.666628866,48996.9600427666,0.196620837959315,0.10816296985988,28054,15469,28201.0340376645,15400.9891973639
1787,1,110177.869423304,47675.7696941683,0.243222550118554,0.105246383366965,30803,13930,30772.3636120489,13860.4106587738
1788,1,78909.5171838959,38279.8997371238,0.174196270980273,0.0845045822820797,23523,11506,23401.1618474583,11641.6711697053
1789,1,102046.068103299,40690.7116204782,0.225271236806167,0.0898265568055907,29672,11453,29780.0762317001,11532.3381985903
1790,1,109557.388761703,49430.5929755853,0.241852811444137,0.109120233857519,31882,15142,32028.1002122453,15072.751076645
1791,1,94605.6471831561,41995.6453331067,0.208846176495735,0.092707256051115,29558,13638,29563.0518953852,13527.2390885781
1792,1,86529.1604760023,49002.5112955172,0.191016972652944,0.10817522449738,26296,15486,26483.0775563752,15468.0815722496
1793,1,112882.269861128,44613.0845861635,0.249192634441951,0.0984853696890088,35083,13541,35253.410022356,13483.1060232219
1794,1,99680.0378681867,44006.8307429161,0.220048119764117,0.0971470373492603,29425,13726,29704.8486433921,13754.8174831892
1795,1,102742.730904179,53110.6429301151,0.226809150943458,0.117244107909444,32155,16828,31990.2974799787,17042.0017576754
1796,1,92110.4731777853,41766.4730251748,0.203337968833413,0.0922013479822488,27089,12056,27064.7387449334,12192.3939677233
1797,1,93315.929942562,44532.6683794299,0.205999068289422,0.0983078473337938,26932,12979,27145.0277159384,13001.9961900225
1798,1,92504.4159593316,43469.0906537163,0.204207615055744,0.0959599521707146,26270,12824,26248.9190273183,12841.0859260322
1799,1,92259.1458045075,40410.0233119093,0.203666170273443,0.0892069248726452,27997,12687,28020.9804875678,12527.3696030287
1800,1,110178.040344347,48878.0944779892,0.243222927434363,0.107900568835629,32357,14994,32538.3592195618,14706.9974780334
1801,1,97195.657156052,51974.4209314125,0.214563738776959,0.114735847280774,28105,15614,28120.001950201,15601.3139657305
1802,1,100205.066667982,54193.6060914919,0.221207144205597,0.119634797284482,29836,16120,29454.2623832007,16245.8828875034
1803,1,102917.739927421,41242.6452812374,0.227195491150883,0.0910449749250262,31662,12523,31658.1289887005,12645.7287864175
1804,1,96955.4751113694,40812.1714771068,0.214033526224237,0.0900946848445597,28364,11932,28263.6361078695,11993.1743858
1805,1,89349.4967465572,42959.6522323616,0.197242990486713,0.094835344183477,26621,12944,26574.7642714611,12961.0875949652
1806,1,104818.850470059,41467.0774540401,0.231392277280966,0.0915404189346393,32731,12651,32836.2829701887,12571.758779561
1807,1,115306.582081633,53106.397002815,0.254544411560542,0.117234734835968,35201,16585,35063.7312041455,16804.0989017001
1808,1,109001.112915918,42586.3869020783,0.240624807758013,0.09401134435504,31613,12524,31650.6155763887,12392.9347574073
1809,1,89962.2734682178,44048.7603393282,0.198595722370854,0.0972395987993788,28570,14320,28545.7232749472,14214.7636369644
1810,1,106787.662153834,49754.2918771655,0.235738516693084,0.109834813588685,33839,15400,33675.5860103436,15329.1969971011
1811,1,96710.0858973815,37473.3982439058,0.213491818613533,0.0827241943431799,27487,11564,27621.8277129724,11529.6553026578
1812,1,103175.399204686,48263.8006820611,0.227764285472339,0.106544487942527,30447,14256,30691.0913845886,14143.650105201
1813,1,90718.7266139092,43558.3488115032,0.200265626355232,0.0961569935263829,28215,13136,28187.7347827599,13218.469227823
1814,1,105198.8449749,47187.4598343959,0.232231132061715,0.104168417619728,31042,13359,30875.8435273161,13563.6606431085
1815,1,122559.904926244,44116.6345786596,0.270556444542606,0.0973894342033846,35485,12616,35488.678620544,12580.294924066
1816,1,114056.018902271,39578.6828134857,0.251783737686916,0.0873717037243167,30466,11541,30454.2593311912,11469.9874016536
1817,1,103269.185273239,45332.90187582,0.227971322392536,0.100074398390744,31500,14489,31454.1747574193,14415.3554502768
1818,1,104160.464800545,42445.5959569859,0.229938861614652,0.0937005420779746,32065,13408,32217.9700898335,13438.1423432142
1819,1,99495.5634199783,40775.4454730293,0.219640884209828,0.0900136105561009,31325,13034,31566.5264384774,12901.6666169504
1820,1,105697.51510327,50063.5211659281,0.233331968562956,0.110517451005598,30542,15306,30655.0310509701,15383.3356338548
1821,1,79494.7526638108,48927.8703036141,0.175488204347562,0.108010451185924,24788,15083,24855.760008026,15070.8377988164
1822,1,100311.846563265,51857.1310829578,0.221442865576577,0.114476924720432,30134,14701,30061.7981658992,14803.3981038488
1823,1,97464.4540513667,38322.3524734911,0.215157119885929,0.0845982985869311,29147,11447,29198.9875817693,11300.7427098437
1824,1,111828.195083384,41112.8526763674,0.246865717459434,0.0907584519734729,32427,12619,32445.1114801243,12648.412594963
1825,1,102055.588168228,42307.0131010867,0.225292252773178,0.0933946142560723,31882,12263,31906.6280744702,12152.1817535455
1826,1,93165.0603199298,46190.652509642,0.205666016883145,0.101967921088324,28906,14407,28971.9800018823,14441.3508023176
1827,1,96731.6822850921,40131.975209329,0.213539493600532,0.0885931213119194,27974,11684,28094.0120523153,11599.7123243387
1828,1,94867.4568854861,42197.0229887323,0.209424133065233,0.0931518061880394,28498,12825,28410.0745112305,12923.325318846
1829,1,110711.577636795,39839.5588472515,0.244400734752038,0.087947599178907,33209,11439,33079.5039449293,11500.3198783541
1830,1,98942.3990731025,40938.4158519903,0.218419749296019,0.0903733749205069,30387,12541,30315.3402091135,12640.9534741472
1831,1,101465.071902472,46496.1563310453,0.223988661836129,0.102642334370243,29772,13295,29778.4813482521,13282.252429072
1832,1,99551.2945256306,42562.9805905615,0.219763913105818,0.09395967388069,31479,13554,31495.9209421161,13517.6059292859
1833,1,103781.776028283,42850.767748203,0.229102889296683,0.0945949768388911,32074,13069,32164.3676431256,13104.8669906068
1834,1,85633.8886126691,47561.5909842382,0.18904062017137,0.104994328783374,25523,14614,25486.079509353,14484.5068600962
1835,1,101376.764899971,50526.6163384511,0.223793720198085,0.111539754208576,29498,13760,29452.0931055383,13874.921457805
1836,1,107542.888449348,42084.4078547489,0.237405712351096,0.0929032032679361,31943,13223,32028.3511225302,13230.3262513642
1837,1,110166.215990263,54271.0911148163,0.24319682464649,0.119805848921871,31512,15206,31468.8406116183,15295.1789036112
1838,1,92074.0253093066,45204.8146963317,0.203257508541666,0.0997916402416194,28361,14344,28321.2479979592,14424.4482096168
1839,1,106075.878593433,38048.7367586872,0.234167222806214,0.0839942797194811,31733,11582,31550.6589481558,11639.8375038278
1840,1,101196.223377819,51552.1053569806,0.223395166753097,0.113803566855442,29044,15381,28956.1029811422,15122.3623618148
1841,1,97751.7490465549,38216.9641385428,0.215791336373611,0.0843656491473201,29126,11425,29146.6848127536,11354.9951582745
1842,1,101910.46378633,45385.9233186207,0.22497188424151,0.100191445585398,28979,12443,28823.5365737212,12541.2288639809
1843,1,104212.693614267,40014.5154279047,0.230054159045341,0.0883338236169837,31117,12283,30939.074729773,12315.9389211434
1844,1,90446.5542444377,39165.6263756725,0.199664793736838,0.0864598632551403,26801,11772,26697.3037330339,11783.7530802683
1845,1,100871.277735314,46504.9525571463,0.222677834785854,0.10266175243083,30005,14053,29893.8130110502,14033.933055982
1846,1,91740.8871215556,43771.3462681079,0.202522091166192,0.0966271948910972,27393,12524,27370.2312825221,12644.3068986754
1847,1,104023.477731931,49356.1053455547,0.229636456564201,0.108955799099222,30473,14463,30432.3029205644,14437.621856038
1848,1,98495.8365475893,48070.164534278,0.217433942647087,0.106117027528694,28435,14115,28256.903590129,14211.052140525
1849,1,94405.4368562701,45660.2194865674,0.208404203288955,0.100796966583444,29695,14957,29757.5757567604,14919.4323983572
1850,1,113836.41238697,46994.5994807389,0.251298946530999,0.103742669805954,33298,13559,33546.1244026363,13433.5967304477
1851,1,121028.264497174,45346.6947041953,0.267175280131159,0.10010484667322,36395,13064,36391.6368451538,13257.6652479573
1852,1,118733.696010746,43843.0359843216,0.26210991807967,0.096785453130125,36687,13774,36643.9234882965,13692.1276663879
1853,1,97196.3032699922,43759.9578941288,0.214565165102236,0.0966020545487091,30622,14435,30694.5362913201,14458.9626828914
1854,1,103532.292175753,49888.6768467288,0.22855214258917,0.110131474389678,29572,14433,29649.9817313061,14407.4325680277
1855,1,95786.5069142897,45594.3179051869,0.211452976905309,0.100651485909656,29136,13761,29155.2380679311,13685.4533027403
1856,1,93137.6065536566,40433.8234633483,0.205605411472292,0.089259464766151,31277,13284,31295.4026687618,13242.687730161
1857,1,94886.8832584125,42495.2102576428,0.209467017648021,0.0938100678547145,30473,14329,30677.7261752814,14205.2581559277
1858,1,86782.8669022718,40936.5291542047,0.191577040879909,0.0903692099511795,27853,13194,27936.4153107352,13299.3435554312
1859,1,112039.670035422,42837.9464694696,0.247332557827559,0.0945666732954879,32845,12780,32893.1120041759,12721.7152217319
1860,1,103466.800353097,45970.3360430352,0.228407566476001,0.101481562683304,29980,12610,30057.9861720238,12582.9629833519
1861,1,96729.0685654639,41727.5661523348,0.213533723698131,0.092115459328939,30321,13482,30313.2987815575,13529.7094905643
1862,1,121716.715424498,46342.5261041393,0.268695066192114,0.102303188807174,33972,13133,34097.1039560348,13121.0349847357
1863,1,87769.7226381085,37863.6916545936,0.193755568835892,0.0835857844169292,26143,10975,26273.1124170773,10908.3435094819
1864,1,96388.850370924,47184.351452156,0.212782676892581,0.104161555727598,28915,14230,28839.2894362806,14114.7431005242
1865,1,93214.1725057634,45393.8982796204,0.205774434219066,0.100209050666724,27813,14038,27940.4585270174,13883.7222490143
1866,1,112002.103612197,42572.693592989,0.247249628276431,0.0939811157658171,34836,13608,34858.3754302464,13558.4964851115
1867,1,85553.6114600716,55254.5417065875,0.188863404784349,0.121976859870787,26186,16927,26242.3616285932,16919.0526866538
1868,1,112779.513316733,51732.3268875572,0.24896579479711,0.114201413904787,35743,16348,35865.2770572217,16323.0769754315
1869,1,100668.146450979,43185.8160862729,0.222229413435511,0.0953346109562042,28768,12524,28800.1601695335,12425.4007940928
1870,1,93792.2898547819,43482.94544354,0.207050653995616,0.0959905372358452,29295,14068,29373.7914792516,14128.0740470641
1871,1,104187.893135334,42691.6198786772,0.229999410884374,0.0942436508341807,31315,12984,31407.3489948081,12930.325008503
1872,1,96735.6013900766,47395.188811856,0.213548145199201,0.104626988582262,31463,14867,31438.8329478727,14780.771509464
1873,1,113402.119108796,53250.5568151356,0.250340224791598,0.117552974037368,31001,14691,30932.4225615193,14718.7258861262
1874,1,94813.1378535911,52109.178775359,0.209304221384906,0.115033331218562,28977,16504,28835.7710807264,16384.6785932074
1875,1,90323.8082306547,47870.9253667891,0.199393826448711,0.105677198199503,26886,13951,27001.232141789,13828.1876515701
1876,1,108523.432387841,41175.2508755178,0.239570306733542,0.0908961987750728,33608,12282,33537.5582608645,12320.8678048637
1877,1,106105.662290248,36863.9351473198,0.23423297164243,0.0813787774338616,31651,10889,31577.9096638719,10973.0873876608
1878,1,108016.291064943,35116.9798016498,0.238450769693379,0.0775222957616246,32075,11080,32158.4559256253,10886.75540115
1879,1,96171.787093792,37373.0445629908,0.212303500048107,0.0825026591264103,30521,12073,30719.5864103313,11924.8276484372
1880,1,92050.945002989,39199.3071761723,0.203206557738302,0.0865342151211773,26005,11183,25944.5685846522,11160.5643666852
1881,1,103580.89466485,41166.8837403574,0.228659434746861,0.0908777279518345,29934,12139,30027.9091517063,11961.7884349751
1882,1,108261.328397192,36999.2002091839,0.238991700509484,0.081677381077776,32354,11188,32472.9941266711,11114.6370356067
1883,1,84240.514711542,35972.804697994,0.185964685273784,0.0794115673080186,26140,11112,26321.2997517065,11052.8660179373
1884,1,103791.580865461,38986.063102441,0.229124533911108,0.0860634693381804,32360,11860,32126.0708239739,11911.4765697431
1885,1,100475.272087196,41077.1149893543,0.221803634693761,0.0906795594389178,31159,12451,31086.5069407127,12599.4049616335
1886,1,81091.465328988,43991.162700246,0.179013018616196,0.0971124494477738,24767,13887,24806.300490055,13786.4736912543
1887,1,101589.782792833,44743.0365587109,0.224263966676748,0.0987722444518025,29567,12944,29342.8262694747,13024.6428154151
1888,1,101900.784230986,44421.780658212,0.224950516192309,0.0980630577542473,31757,13474,31738.7060377052,13440.8099062322
1889,1,110862.663070964,43028.6117404289,0.244734262571886,0.0949875753665163,32609,12708,32719.1256260313,12580.0401394182
1890,1,111949.092232915,45214.5801402963,0.247132603297441,0.0998131978937736,30956,12904,30892.6599478279,12937.384579471
1891,1,84225.8974204788,36434.2764568864,0.185932416953233,0.0804302867531577,25795,11397,25869.7967564456,11369.8454519603
1892,1,98669.2409344361,48479.632342408,0.217816740548257,0.107020945938136,30440,14322,30327.4502502754,14452.9615124468
1893,1,101870.347885717,45828.0957218312,0.224883326605584,0.101167560843969,29159,12927,29197.5484516819,12879.0472490814
1894,1,98480.782016567,45490.7141906159,0.217400709099867,0.100422776098951,29837,13956,29853.6732083257,14203.6347762107
1895,1,98423.1626267482,35312.072736198,0.217273511732543,0.0779529720970746,28937,10486,29016.5981260435,10354.2613348969
1896,1,97086.7204818873,36856.0078972845,0.214323256220612,0.0813612776766134,28467,11318,28533.2453355251,11350.7690575319
1897,1,90893.6226625638,43562.3125594434,0.200651717166228,0.0961657436763639,26326,12803,26451.0693424142,12794.4917633974
1898,1,86192.3151152013,49975.4491538276,0.190273371527977,0.110323028119321,24227,14140,24236.8756042924,14245.5557789336
1899,1,110343.462784858,55473.8879173847,0.243588104833767,0.122461076392927,32492,16193,32332.4059913834,16128.6182694593
1900,1,102051.512379787,41674.3293972074,0.225283255288807,0.0919979368227417,30774,12641,30721.6052758311,12665.7704305152
1901,1,121979.11549865,58759.6875042561,0.269274326033683,0.12971462521249,36065,17035,35901.3798725104,17003.6938490089
1902,1,101510.17054309,49871.8888763203,0.224088219092368,0.110094414197867,31689,14715,31645.1803606882,14728.1702818395
1903,1,105834.207916389,47150.8688070671,0.233633724031304,0.104087641298449,33262,14157,32996.2334281673,14246.9340042183
1904,1,100588.073823789,41451.0448562481,0.222052649547428,0.0915050262614971,32173,13466,32196.7717217779,13368.9507956868
1905,1,112738.133973968,53138.8316382368,0.248874448056406,0.117306335737136,32536,15024,32487.8832909224,15207.458587695
1906,1,112945.741351409,51436.9149235629,0.249332750581487,0.113549278847227,32281,15132,32331.7885377606,15248.1684859398
1907,1,104907.934183843,45376.6976090047,0.231588933543734,0.100171079420839,30006,13084,30017.9486211946,13114.8660922347
1908,1,97061.7556021676,41282.9470940952,0.214268145137591,0.0911339429705053,30173,12833,30475.9112064433,12783.8173618656
1909,1,101002.918294024,50962.2705507331,0.22296843717775,0.112501480270585,30384,15605,30464.8210011757,15445.374273713
1910,1,106668.599132529,47341.4910062774,0.235475679774763,0.104508448286675,31882,14402,31940.3885156907,14471.5825278686
1911,1,97295.434688105,48457.0817123034,0.214784002119474,0.106971164418584,27568,14488,27793.4713550196,14244.8453299746
1912,1,82368.7124430366,42004.1815129111,0.181832598463188,0.0927261000479282,25720,12850,25833.5048734474,12802.3302336792
1913,1,98878.3010154649,46462.2165741925,0.218278249981158,0.102567410846533,29221,13264,29053.5156050846,13319.7846697651
1914,1,107672.281527592,48634.7900156486,0.237691353329842,0.107363463406967,32890,15048,32886.592212985,15143.9995648663
1915,1,115775.948428188,42968.6939854012,0.255580558659287,0.0948553042557069,34663,12928,34699.6125837004,13035.6605076877
1916,1,89014.6778102707,43517.0169161369,0.196503862784046,0.096065751527923,25779,12609,25689.9079723622,12794.5009546612
1917,1,105528.343182076,40064.5260523109,0.232958514018075,0.0884442242960382,33363,12979,33157.1734585023,13066.031997268
1918,1,122838.721513328,44684.6762181956,0.271171944567073,0.0986434114028407,36445,13113,36439.2302236905,13163.5056352517
1919,1,86504.5143478624,45048.3906877887,0.190962565228221,0.0994463272812515,28699,14538,28876.2349738717,14527.1175624601
1920,1,97848.0583966095,48357.312190418,0.216003943550017,0.10675091875887,30161,14773,30212.3139747635,14787.2577060167
1921,1,118050.137006428,44720.5559129672,0.260600931156461,0.0987226174258423,32940,13081,33206.4703108731,12838.1583408183
1922,1,88311.1538210915,51370.3199042697,0.194950802268233,0.113402267378386,27200,16373,27304.0852839654,16302.2533317499
1923,1,106765.474954709,46819.894926636,0.235689537463595,0.103357001727704,31825,14188,31937.7397118489,14251.2288681702
1924,1,108354.001651046,43594.1548420497,0.239196280841707,0.0962360369323293,31644,13753,31471.6624532954,13602.9510419236
1925,1,89932.0620160989,41035.9975066654,0.198529029245768,0.0905887907659857,27638,12098,27471.2784605101,12188.8410912692
1926,1,108381.639748475,39935.4415355501,0.23925729317179,0.0881592644804989,33258,12120,33215.2493643624,12155.0269212125
1927,1,101336.643802635,49933.6830732228,0.223705151090163,0.110230827637625,31045,15099,31032.888142971,14970.4538133419
1928,1,91839.7418748072,43258.0590063094,0.202740317433436,0.0954940904172907,26744,12203,26693.8632727096,12169.2719427294
1929,1,108497.320975644,45843.6360189111,0.239512664629053,0.10120186674138,32460,13684,32418.4332588449,13742.1698444912
1930,1,98096.4294353881,46489.0495004161,0.21655223367165,0.102626645725346,29408,14178,29493.4071692767,14044.8975751757
1931,1,122577.0220458,47936.7446371829,0.270594231345806,0.105822497168124,34447,13544,34521.5596814146,13478.7935637631
1932,1,94623.1939843961,34296.1569560075,0.208884911840377,0.0757102927998895,31118,10882,31042.6122950563,10940.4409692328
1933,1,89862.2778422645,49101.9280718403,0.198374977576347,0.108394691455567,25923,15101,26076.6479765951,15030.7835717713
1934,1,83411.4800713328,40374.1639656689,0.184134554410084,0.0891277637699316,25211,13115,25451.5762302831,12998.1063942674
1935,1,96595.8339258201,43618.5502560104,0.21323960230163,0.0962898908943434,28965,13323,29017.7422867414,13356.8114267723
1936,1,101043.981282061,48013.95679176,0.223059085551314,0.10599294643561,29940,14646,29923.7067853622,14489.7945566409
1937,1,92427.5766628445,43598.1033481066,0.204037988889085,0.0962447534351745,26721,12964,26708.2194056822,12850.2314264881
1938,1,95507.8152649472,45864.8730608064,0.210837752686465,0.101248748456499,27943,12889,27927.4668798065,12991.1508201962
1939,1,91762.1917808437,43150.3456302316,0.202569122149715,0.0952563083459125,26218,12544,26035.145790069,12505.3798518969
1940,1,110088.084667274,47813.1017946924,0.243024346273829,0.105549550090713,33225,14222,33268.2647426869,14184.4627164483
1941,1,105281.549419928,45851.4761404987,0.2324137058048,0.101219174158702,30944,13296,30953.2730371068,13401.4634585252
1942,1,104092.382770853,43968.3685544888,0.229788567504179,0.0970621303565821,31709,13256,31645.8110942452,13157.1787812656
1943,1,101947.968207068,42055.2806983028,0.225054676919389,0.0928389037738036,31877,12576,31784.2012958542,12542.1480158543
1944,1,110872.538862693,53394.8600853474,0.244756063821641,0.117871529928448,32703,15438,32606.6768653585,15478.473847005
1945,1,85369.7063437897,54523.0884121973,0.188457426055625,0.120362144170752,27322,16035,27369.3157863788,15954.8440156888
1946,1,100471.739408257,46107.3822906334,0.221795836147784,0.101784098373996,29672,13917,29545.5691960024,13946.1707450148
1947,1,108730.839362787,51407.8350287664,0.240028166861196,0.113485083685289,30023,14361,30056.6638028273,14354.188139176
1948,1,85223.2401039423,47239.999906766,0.188134095312814,0.104284402167734,26865,15344,26883.1852535363,15339.52755657
1949,1,88147.6827881781,39390.0654963793,0.194589932687946,0.086955322602561,26700,12589,26871.8329695578,12525.8122142417
1950,1,100274.519515221,43142.7590126355,0.221360464456815,0.0952395605499336,30927,13397,30907.0886197265,13415.932943951
1951,1,99262.3509002993,50680.0278757802,0.219126057193724,0.111878417004672,29517,14701,29414.7139357401,15000.9096346225
1952,1,99491.6934941587,42358.8195667069,0.219632341176353,0.0935089793345288,29539,12777,29526.6371078518,12787.95228178
1953,1,102541.14225943,46428.7913113253,0.226364135038655,0.102493623091192,31151,14272,31110.3285917549,14240.1805563764
1954,1,98724.8704440204,39858.9677433888,0.217939545166406,0.0879904451809057,32376,12719,32163.2097859459,12890.3286039674
1955,1,105824.176488632,41461.7728842186,0.233611579208091,0.0915287088606832,30403,12312,30501.2875641137,12116.4447565918
1956,1,94693.1075327035,42923.4374300631,0.209039249109705,0.094755398395696,30699,13683,30586.3427795387,13789.6526362018
1957,1,98449.3757247739,42177.5746423091,0.217331378313025,0.0931088730977789,30598,13289,30763.6807880227,13207.8172887551
1958,1,104613.369985668,48962.729975196,0.230938669966948,0.108087405462339,28934,13564,28930.596140975,13745.8923422714
1959,1,86280.628016655,53352.89815045,0.190468326188222,0.117778897089684,25275,17074,25284.7023768397,17030.5751066561
1960,1,112434.55370883,58048.7570756518,0.248204281110549,0.128145214652029,32540,17122,32804.7298083071,16858.539808183
1961,1,108716.214912676,38756.1370607827,0.239995882736729,0.0855558973685687,34012,12802,33871.5252862756,12724.488124577
1962,1,97415.2417088763,39697.0727246412,0.215048481449731,0.0876330547220287,27595,11578,27598.2101521012,11499.7179188793
1963,1,108195.318745029,38923.586465851,0.238845981264634,0.0859255493824415,32145,12238,32290.7021635382,12178.3891582534
1964,1,101665.292185001,37431.9304594207,0.224430657020434,0.082632652363443,31163,11436,31427.6022764012,11382.4695502627
1965,1,102746.382103866,42591.4611248112,0.22681721112926,0.0940225459275465,30385,12589,30407.3081576673,12710.3468609271
1966,1,91906.2815968988,36402.5203197223,0.202887206831244,0.0803601836670898,26908,10262,26825.0924147236,10175.8298906916
1967,1,99122.3578130585,42830.8357757278,0.218817016223374,0.0945509761225977,29600,13013,29574.9149298165,12993.9506648943
1968,1,95528.7406451252,43361.3934389968,0.210883946394473,0.0957222057762539,28535,12862,28560.5283893702,12837.2562991545
1969,1,103361.179670414,33995.0158828317,0.228174404118427,0.0750455104788422,32414,10635,32481.2879897899,10615.04499239
1970,1,118427.588338891,49945.6193888427,0.261434171771005,0.11025717758557,35775,14953,35727.4782468291,14969.194906583
1971,1,114703.72818913,62746.2682292839,0.253213584763373,0.138515179582165,29359,16867,29280.484883929,16716.1262992081
1972,1,109505.994281535,44308.8315868715,0.241739355841902,0.0978137176525667,33833,13453,33735.212646166,13600.7729162098
1973,1,115159.920432983,48020.4527744939,0.254220649444104,0.106007286606593,31645,13645,31774.1258411401,13609.6626723096
1974,1,109763.082279159,45916.7764762829,0.242306889038126,0.101363327556078,31707,13665,31727.2252567468,13613.7480204789
1975,1,94069.3448464954,42968.1054301803,0.207662265219905,0.0948540049938637,25903,12322,25748.4613092154,12498.4171098572
1976,1,119382.876807298,43842.2019770387,0.263543013579263,0.0967836120219314,34516,12795,34382.3241601457,12798.6423077824
1977,1,108309.232499934,38174.6636487141,0.239097450948216,0.084272268933478,34136,12220,34180.7202465581,12215.1401663573
1978,1,88482.1989359571,38756.6267053123,0.195328391971507,0.0855569782806589,27552,11888,27495.7868714378,12086.9549935329
1979,1,93172.6745957727,45488.3397611264,0.205682825735935,0.100417534440181,27750,13410,27577.389042234,13471.8012418739
1980,1,101907.973270813,42870.5710676148,0.224966386317668,0.0946386935478217,31058,13014,31255.023599703,12896.933217763
1981,1,130303.216517947,48366.9129988919,0.287650149490381,0.106772112970851,38294,13795,38330.0665345067,13960.5128564263
1982,1,86031.7821992024,37888.9583984168,0.189918987971537,0.0836415618783926,26405,12366,26435.3307013594,12330.6645139712
1983,1,102816.006445788,50486.159736883,0.226970909962621,0.11145044446013,30259,14994,30384.6648107917,14850.0236368735
1984,1,95917.5826741937,45705.694220998,0.211742332478705,0.100897354083512,27472,13009,27358.7738331251,13077.1223204492
1985,1,119854.235147284,42397.968641583,0.264583558092161,0.093595402659612,37362,12979,37403.1195196808,12841.2529402915
1986,1,97752.6612654777,44938.1716150112,0.215793350137481,0.099203013772895,28306,13650,28384.9483410993,13542.7866929686
1987,1,96704.8228569738,44908.5442150326,0.213480200217606,0.0991376099689015,30760,14300,30920.5897274925,14270.51813779
1988,1,98725.5038157655,56657.3664500527,0.217940943362721,0.125073657923435,30100,16592,30130.8506455356,16493.4770014024
1989,1,99676.3724024514,43461.2819309189,0.220040028085378,0.095942714067619,30726,12676,30663.8814980611,12717.442838684
1990,1,104290.759705919,49988.3039869152,0.230226493416924,0.110351405735455,32704,15770,32768.9447149745,15812.4196671802
1991,1,108830.433184353,51110.9470731681,0.240248024654637,0.112829690310575,31488,14934,31611.200644023,14916.2273412921
1992,1,80191.3856782889,47742.444591294,0.177026052730046,0.105393571169676,23070,14561,23029.4874704506,14462.7849291005
1993,1,93275.5559429204,41148.5457773421,0.205909940888405,0.0908372460823636,29654,13294,29745.9862222842,13203.5607823602
1994,1,95518.1088115278,47393.2513099749,0.210860476148647,0.104622711460633,27652,13760,27771.0854580077,13752.2673290887
1995,1,93330.7915575689,41053.3637612818,0.206031875965953,0.090627127545921,29898,13050,29822.3850641589,12987.8029331561
1996,1,103647.039593945,47989.1632045052,0.228805452621559,0.105938213488329,31600,14354,31661.6832247875,14312.4620343391
1997,1,101785.559801086,42793.8592442288,0.224696153135344,0.0944693487837066,31772,13365,31780.8059098189,13324.7634480306
1998,1,89226.4789693003,42397.4069915223,0.196971423268623,0.0935941627921073,27235,12299,27258.5813947655,12307.6879319622
1999,1,110673.921389213,42729.2091055769,0.244317606909642,0.0943266307254364,34554,12999,34508.9046046017,13028.3243806783
2000,1,94432.1648,43988.191027505,0.208463206414241,0.0971058893479464,28157,13901,28279.5745930928,13935.5926916971
1,2,102102.041646141,44842.0624235435,0.225394800893042,0.0989908484554771,32438,14617,32358.2340033951,14583.8932861875
2,2,84993.3804413784,37874.4345231743,0.187626669878008,0.0836094997774228,25320,11861,25335.4872860006,11850.0876877008
3,2,75246.3741079838,43087.031316046,0.166109719615322,0.0951165391796015,24661,13685,24711.3429262649,13827.1698368499
4,2,101757.574212184,53931.1033633782,0.22463437370237,0.119055310829724,29897,15760,30092.0076338758,15651.3122249015
5,2,87171.4226880958,42207.1705119138,0.19243479506944,0.0931742072970689,29203,13799,29138.6005663498,13938.6656979273
6,2,98402.9277483534,42842.4080641121,0.217228842337952,0.0945765224642203,29031,12483,28905.5902109417,12599.4032596193
7,2,99336.3885069128,48067.4341325758,0.2192894985053,0.106111000045422,30533,15197,30568.2022135277,15211.238753909
8,2,89600.307863158,40463.3427659997,0.197796667188732,0.0893246299404839,27087,12175,26979.8169736483,12345.532078856
9,2,104250.766958114,35614.8726601528,0.230138207646303,0.0786214164050421,31429,10878,31488.2987999655,10983.5099000511
10,2,102726.268954272,42398.2363473932,0.226772810456414,0.0935959936321021,30940,12660,30984.8542110029,12545.9971792912
11,2,102286.610345324,44259.3121929088,0.225802244510552,0.0977044013865781,28767,13145,28889.9112185238,13082.5483490656
12,2,96233.2432576936,47347.9633691987,0.212439167264971,0.10452273631587,28815,13996,28786.6413753786,14030.4307039858
13,2,78573.8869915707,48149.7031954857,0.173455352393797,0.106292612663106,23968,14259,24008.0582864324,14170.200893178
14,2,112017.735180797,38455.2091270516,0.247284135659783,0.0848915855623312,31874,11156,31969.6807322119,11180.4830419727
15,2,86315.4370485387,34627.5737322069,0.19054516867525,0.0764419100827539,25813,10151,25874.6653911573,10235.0417794244
16,2,113728.319823792,47138.2546839274,0.25106032738722,0.104059795060238,33825,14111,33938.4980091985,14017.1582706443
17,2,101626.68263616,48379.658075489,0.224345424723086,0.106800248294648,31720,14888,31804.7639380935,14961.064544398
18,2,89415.9380427279,43340.9480833072,0.19738966260492,0.095677071743667,26508,12628,26656.7590532625,12408.0736983222
19,2,98907.2589300726,44352.4764345611,0.218342175866401,0.0979100655962161,30006,13289,29910.2365116798,13372.1085012457
20,2,96403.0982920624,51811.2639385343,0.212814129812585,0.114375670957841,26998,14490,26941.9089865782,14629.4940912218
21,2,97359.1596603482,41835.0669687372,0.214924677831724,0.0923527721653743,30702,13532,30684.4973670314,13478.2276501134
22,2,112932.127870581,44623.271636242,0.249302698216704,0.0985078580554225,34215,14132,34267.3072996104,14226.9774459448
23,2,104648.269986957,46104.6688259973,0.231015713272986,0.101778108280052,31690,13654,31754.2650116313,13625.3422293722
24,2,95989.8134161903,51797.3187715793,0.211901785056227,0.114344886381171,27471,15073,27562.9356163786,15058.9541598592
25,2,99077.0577191447,42625.5423594511,0.218717014250019,0.0940977817697688,28665,12357,28574.0240315904,12487.3909118835
26,2,114441.710532093,48935.2491428,0.252635169124605,0.108026740301815,31864,13807,31814.8631283643,13889.3056779662
27,2,91074.9538081943,48783.3345994567,0.201052013740186,0.107691382186566,27281,14937,27210.0132324884,14969.1915138956
28,2,112880.127471615,38431.1464130761,0.249187905021755,0.0848384660503411,33051,11732,33123.5034502914,11712.2182259755
29,2,103935.57535876,43658.9377829896,0.229442408163412,0.0963790481575605,30010,12491,30194.2050407238,12551.2673803016
30,2,93668.7640586227,41522.8251000934,0.20677796530319,0.0916634843443006,27906,12424,28027.8044866859,12386.0119076538
31,2,94001.8326346369,44968.6587626283,0.207513229007658,0.0992703155080625,28526,13248,28447.3600622737,13262.2503779546
32,2,105694.902175676,34049.139408127,0.233326200409006,0.0751649905696501,32165,10121,32022.390291919,10117.694391297
33,2,112470.343255302,54118.2130928152,0.248283288127167,0.119468363884605,31391,15196,31465.0859091768,15203.0597981909
34,2,97459.4582465091,51250.3602041367,0.215146091424372,0.113137451001644,29620,15641,29669.349085157,15492.7162031234
35,2,115231.200318767,41186.5600088325,0.254378002964217,0.0909211641901677,33188,11620,33276.2476208901,11644.8893062275
36,2,96286.0692851116,49682.3344875024,0.212555783071471,0.109675964448605,28094,14984,28281.1632373778,14843.288490904
37,2,114324.221438927,54670.8348632474,0.252375806722694,0.120688301036768,34381,16148,34256.4821363129,16313.3159611924
38,2,113794.565400395,40984.9163956269,0.251206567445772,0.0904760269400495,34387,12699,33941.320455338,12948.7935564498
39,2,102248.40321451,41474.4603511177,0.225717900568907,0.0915567170085073,30441,12296,30404.3391128793,12459.1150344326
40,2,116575.973479833,40920.3842328108,0.257346649565186,0.0903335693186874,34677,12222,34573.1513418506,12207.7321637285
41,2,106415.641022599,54351.8830856421,0.23491726348942,0.119984200793043,30351,15181,30133.0854617223,15296.8361731366
42,2,100360.483933616,47701.835321417,0.22155023473619,0.105303924399144,31274,14561,31104.7568500191,14702.8751550868
43,2,86728.1711272969,48831.9776939144,0.191456297522466,0.107798763982398,25390,14193,25479.7425189452,14152.2704298087
44,2,100697.521929957,40183.4000579035,0.222294261112685,0.0887066439537641,30842,12304,30905.5598168763,12282.8708610667
45,2,77363.2514151588,43816.4796089022,0.170782820480624,0.0967268287495191,22662,13064,22456.6805508057,13056.2004411014
46,2,101836.304987845,45852.227989676,0.224808175393484,0.101220833899221,29869,13732,30071.8443327504,13665.2385214894
47,2,102701.071495214,54451.7784550647,0.226717185944154,0.120204724266797,30008,15800,29914.482310773,15802.542196205
48,2,89568.9074481587,44787.735575262,0.197727349375174,0.0988709195201285,27808,14049,27814.3008868253,13907.7660488213
49,2,87791.8887838197,43492.101488399,0.193804501589034,0.0960107496123531,28405,14240,28368.9410658431,14205.6377173822
50,2,85710.9879383667,40259.5180990852,0.189210820364083,0.0888746779172375,26911,12710,26870.5209413287,12679.4379463323
51,2,96660.0433274212,39515.4456548746,0.213381347413246,0.0872321048823701,29138,11969,29087.3311832101,12063.809157665
52,2,104429.670538911,45105.6693424662,0.230533145262856,0.0995727724605869,31874,13983,32049.5762727422,13995.0013648964
53,2,103825.134858186,41086.5296099015,0.22919860584334,0.0907003426327651,30629,12251,30570.34236669,12363.3207063264
54,2,87266.9000698689,39308.0936935274,0.192645565638839,0.0867743661996843,26916,12213,27020.1118591052,12327.3243844829
55,2,120029.084592047,44700.8298930168,0.264969546022992,0.0986790713589131,35168,13451,35368.8189053209,13355.4507309025
56,2,99402.3278668525,47669.1649050213,0.219435062576938,0.105231803000983,31554,15415,31731.1529295657,15287.8620196239
57,2,92604.2843294185,41325.5645925663,0.204428078927262,0.0912280229950337,27587,11807,27351.0339435117,11922.0300826645
58,2,93591.2332497994,43351.6089446127,0.206606812592274,0.0957006060694508,30569,14244,30480.9773625928,14229.031045101
59,2,93680.9935687561,39788.9715798706,0.206804962491073,0.087835925534823,27580,12326,27677.2873434449,12237.6950253566
60,2,100863.260988826,36061.1825957391,0.222660137461206,0.0796066654504695,31885,11394,31969.4194523279,11417.2106668044
61,2,103911.337124307,41210.0097218839,0.229388901182156,0.090972930475337,31027,12626,31127.1047001467,12564.7839456316
62,2,91229.0070163148,38089.797350833,0.201392093053111,0.0840849228040075,28162,11726,28182.227460213,11827.9180107172
63,2,108549.887636396,44355.2379212486,0.239628707872095,0.0979161617009761,32734,13174,32830.5388207467,13066.276674561
64,2,89075.9552875416,43359.2619922692,0.196639135542221,0.0957175005127446,27186,12693,27122.177128043,12823.7903579896
65,2,105183.346646396,49388.9156386875,0.232196918811801,0.109028229281505,33653,15359,33572.9089092795,15383.0435406347
66,2,116747.196396088,52736.8465457279,0.257724631772942,0.116418935755439,34833,15228,34808.4914165619,15237.1852861494
67,2,97559.6119830262,42138.8726333807,0.215367185254985,0.0930234366906715,30250,13022,30165.3847409074,13087.9350770121
68,2,117575.340752669,39890.3663754373,0.25955279729591,0.0880597590585204,36054,12451,35912.7596914734,12491.9115013361
69,2,97216.4706159312,35869.4249965584,0.214609685415926,0.0791833520162793,29082,11329,29198.8737777511,11165.5126837943
70,2,92456.3185507815,48337.2074580367,0.204101437885838,0.106706536667395,26613,14149,26436.5507640956,14237.404440598
71,2,96441.0011499124,40081.9254879483,0.212897802058121,0.0884826343245538,29779,12923,29949.8588652682,12760.3925113318
72,2,100589.378971621,46992.055181384,0.222055530719352,0.103737053151897,32004,14802,31757.2767795285,14855.6630375491
73,2,93877.8371478755,39332.5862904719,0.207239503452325,0.0868284346974602,29794,11846,29574.1748543449,11880.9112103678
74,2,114154.258526931,52076.7997155685,0.252000606030418,0.114961853003074,31552,15441,31611.8876427232,15211.6440931297
75,2,104288.798247324,41310.2406114133,0.230222163409781,0.0911941946246584,29668,12106,29755.436276562,11928.7998540514
76,2,104095.091428957,42832.6234818501,0.22979454698749,0.094554922563423,32369,13476,32269.5960717734,13558.5709436324
77,2,100385.040006085,54373.2153375769,0.22160444335901,0.120031292688562,30992,16171,30882.2533149022,16424.7529020477
78,2,95683.8961592895,37981.7616550687,0.211226459097047,0.0838464291975768,29458,11807,29688.7014599837,11563.14098428
79,2,99591.240725084,40577.8465908561,0.219852096118881,0.0895774022297439,30541,13061,30653.6783554129,12896.4671986593
80,2,102083.258849382,46851.8573111762,0.225353337033285,0.103427560114033,31024,14253,30891.818198822,14333.8315165314
81,2,86628.2807214772,37220.5958567774,0.191235785006087,0.082166121822852,27952,12238,28071.1541741388,12161.1471913958
82,2,103783.840172833,42645.8378015638,0.22910744598764,0.0941425848614629,30700,12762,30997.9828287144,12689.097374176
83,2,108374.862029519,46138.9101612395,0.239242331055556,0.101853697551479,31944,13436,31908.8133370131,13398.996288394
84,2,108330.411815771,49771.709668729,0.239144205230491,0.109873264138724,33724,15384,33783.0086701291,15445.4663411884
85,2,97651.2035932249,42978.6543789251,0.215569377810701,0.0948772922676892,29504,13133,29345.2716838678,13331.9465703258
86,2,106218.296933937,46144.396428648,0.234481617631077,0.101865808730945,31035,13507,30817.2010364694,13590.9301086879
87,2,112849.156684969,46875.1082549005,0.249119535631907,0.103478887607067,32171,13630,32315.9421904028,13532.2607645975
88,2,90171.3636363313,39343.5547646497,0.199057298222333,0.0868526480923497,25349,12896,25427.6274734136,12745.4335305319
89,2,114049.269323021,49898.1034356352,0.251768837690336,0.11015228400421,33082,14472,33070.827575747,14493.3693170303
90,2,106093.282659234,52099.2504804367,0.234205643056024,0.115011414065672,29476,14564,29507.1604063853,14552.7601518765
91,2,112879.7831766,56026.6797486223,0.249187144975188,0.123681388961885,32382,16277,32511.2822010515,16262.9655329602
92,2,99534.080316636,38604.2575763446,0.219725911973359,0.0852206166474123,29908,11874,29966.8747859368,11994.1268982251
93,2,94004.1159885469,43618.6492438508,0.207518269613033,0.0962901094144064,28706,13448,28744.5722739149,13434.8980885763
94,2,81106.9111202446,37554.6878085737,0.179047115887796,0.082903644674903,24403,11251,24495.0406159062,11373.1263725084
95,2,92735.005145851,49792.1322581235,0.204716650947149,0.109918347913702,27482,14879,27464.4889137256,14951.9304366687
96,2,95667.0814115089,42045.511497037,0.211189339792996,0.0928173378272398,27564,12052,27611.4508695964,11988.4010949974
97,2,89056.1035436189,43337.0421999616,0.196595311934027,0.0956684493323539,27351,13516,27372.8749843985,13442.7694184554
98,2,100582.581738822,47942.5607415827,0.222040525525444,0.105835336477427,30262,14660,30043.9315625547,14760.4577155166
99,2,105777.778359488,30734.7051431137,0.2335091532731,0.0678482294237288,34286,10020,34284.2684402692,10105.2567105297
100,2,86467.6600545238,41816.4777372438,0.190881207735509,0.0923117356095556,24312,12530,24417.4316055377,12521.3456874975
101,2,78625.1790641141,36965.8188777737,0.173568581926644,0.081603690303082,23661,11293,23558.2170225395,11362.8074628566
102,2,98020.2009977937,44696.0724397209,0.216383956003183,0.0986685690690363,29025,13349,29127.7677022425,13247.9168233347
103,2,82370.2680833568,44855.4497033986,0.181836032608428,0.0990204014715461,24658,14071,24873.2278894544,13948.4324510899
104,2,88887.5035463061,35628.510456023,0.196223119936569,0.0786515224463633,28432,12084,28487.2427550298,12028.7921233526
105,2,115786.477841079,48975.8953600414,0.255603802806847,0.108116468635299,34709,14254,34658.573671491,14197.5098580897
106,2,109037.116450244,49460.1008627259,0.240704287162343,0.109185373831604,29949,14094,29825.7655209398,14027.9141167321
107,2,98154.0502627871,39905.8127580225,0.216679434212496,0.0880938576355046,30132,12507,30351.3530744121,12474.716770474
108,2,94647.7012584547,41990.1361664273,0.208939012738536,0.0926950943204899,28850,12873,28822.756571856,12839.1960979301
109,2,97178.7404510282,48096.6367625662,0.214526394397756,0.106175466150763,29081,14566,29088.3130212211,14636.8338494443
110,2,105065.059394718,43410.2773876793,0.231935794439456,0.0958301192685065,30868,12524,30882.1846970975,12435.3212842788
111,2,103519.814505882,43581.1936203104,0.228524597577622,0.0962074244585124,31715,12834,31791.2445162327,12690.2744615425
112,2,96816.6546636362,43348.128886459,0.213727073907787,0.0956929236861998,28825,13161,28954.7311283444,13222.4326429952
113,2,105342.940513048,47912.0612185045,0.232549229375017,0.105768007422878,30873,13488,30863.7538823213,13585.158616684
114,2,117982.506025348,50771.3892334093,0.260451632755872,0.112080101267592,35443,15321,35443.7388976479,15420.8285700481
115,2,94723.762670526,44863.2060389754,0.209106921690727,0.0990375239275205,28918,13363,28888.558538729,13574.2044544349
116,2,108490.063404603,40366.9613294834,0.239496643217989,0.0891118636300054,34666,12752,34810.7605581007,12655.9506711283
117,2,124377.442599663,39197.8383717901,0.274568739844551,0.0865309726701358,37549,11842,37616.7722917993,11897.1223995886
118,2,86460.449288915,43504.1919404999,0.190865289649519,0.0960374398234403,25728,13558,25710.4934424259,13574.4248546148
119,2,111045.80341127,44715.0845862157,0.245138553023608,0.0987105392285421,34340,14231,34225.0275151563,14333.4503894531
120,2,96129.900233937,41458.8328768556,0.21221103294084,0.091522218663587,31714,13617,31693.7218784419,13501.1370887331
121,2,89679.9919728597,38539.0909388662,0.197972573407168,0.0850767583949964,29551,12014,29518.8118419498,12257.0243507625
122,2,114935.517343064,47787.3522257709,0.25372526963625,0.105492706771358,34500,15038,34506.1107578339,14996.5299204713
123,2,98832.9015410233,43470.5594795993,0.218178028620866,0.09596319466922,30047,13518,29820.5534517367,13551.0041124504
124,2,91795.1064463042,44889.3676019609,0.202641782738557,0.0990952767421077,28759,14299,28706.9450906884,14337.9257481535
125,2,93024.2045021236,42931.2673551872,0.205355071396677,0.0947726833038711,31125,14550,30969.6111437191,14639.7099864106
126,2,103821.779817884,39601.4317188707,0.229191199442561,0.0874219229453737,31231,11509,31107.0661774583,11468.276243479
127,2,102348.733405062,54092.8997267993,0.225939383929653,0.119412483502577,29908,15572,29697.6161021623,15670.0568825085
128,2,105413.006255338,43253.6722657871,0.232703902619336,0.09548440649236,31727,13122,31813.2483330416,13098.8712517389
129,2,105912.92969153,46787.4566542386,0.23380750585337,0.10328539279775,31957,14326,31849.3345658342,14445.1135854702
130,2,84845.1320879852,46110.5139907186,0.187299405040233,0.101791011741308,25415,13312,25472.6706837953,13379.4744654969
131,2,103037.132560509,44325.3927372261,0.227459055701886,0.0978502771290136,31610,14068,31643.9436266493,14024.0405754195
132,2,110927.723134452,46868.8380903433,0.244877885557476,0.103465045939759,31934,13858,31964.4197298463,13858.2821370569
133,2,104201.137323725,39488.7669819523,0.230028648019668,0.087173210524584,33442,12506,33470.7119182078,12496.6869819154
134,2,105009.174050604,41794.4795207594,0.231812425055198,0.0922631735676555,28542,11811,28623.2065510852,11708.2219693215
135,2,98487.1137279306,52763.1016302794,0.217414686634489,0.116476895023045,29799,15957,29703.2512919127,15929.0657573375
136,2,108517.28633427,53785.2465995904,0.239556739046761,0.118733325532439,33364,17372,33361.1703570192,17249.9238839432
137,2,93883.8186512524,39741.1229078374,0.207252707887231,0.0877302974618479,29612,12786,29707.3447713531,12680.1165790289
138,2,110828.697308231,39408.6537845311,0.244659281639037,0.0869963570759111,32019,12427,32168.5956670903,12367.8306361251
139,2,95859.7331655195,42208.0439018653,0.211614627113767,0.0931761353442562,30562,12922,30500.2328518744,12892.5237954464
140,2,111536.802941593,39751.888796129,0.246222456338287,0.0877540636393778,34140,11698,34000.36468249,11782.1106756592
141,2,113491.703184841,39461.2678886664,0.250537985626327,0.087112505052333,32762,11562,32766.469465295,11460.8146589576
142,2,91428.9187404691,36930.7838811625,0.201833407081072,0.0815263489888618,31574,12653,31509.66686896,12651.5466655711
143,2,102098.388862515,45146.8480884845,0.225386737210625,0.0996636763750454,28963,13226,28920.5511807775,13170.227474364
144,2,108436.00467422,52887.6881959848,0.239377306164833,0.116751925411453,30331,14966,30243.043678575,14939.4506342723
145,2,79757.2960308632,37266.1175041095,0.176067780514586,0.0822666128852375,25874,12538,25710.4826586398,12660.4184415981
146,2,99358.0113795878,41624.6645788957,0.219337231959036,0.0918882995260308,30904,12229,30783.7935633549,12224.5434749069
147,2,107155.573770764,40619.8556556375,0.236550697961032,0.0896701391098243,31596,12119,31425.3278641052,12147.0277448484
148,2,102957.716715721,42793.5663160706,0.227283741690187,0.0944687021317608,29162,12060,29276.3672890141,12177.6390059588
149,2,106319.19105659,45222.1156552043,0.234704345897035,0.0998298328782942,32749,14606,32970.8460078282,14463.9267341232
150,2,112991.087570136,49833.3670136375,0.24943285437742,0.110009375471614,35884,15571,35810.7090672848,15493.6505800827
151,2,102083.829365335,45686.4727249777,0.225354596472642,0.100854921775611,29352,13290,29535.3178044929,13228.7699242845
152,2,104686.983259828,45884.9646151621,0.23110117454575,0.101293101456896,31933,13610,31926.6192569881,13674.0001862463
153,2,89988.2307098313,40396.8067318416,0.198653024136919,0.0891777486839538,25362,11458,25309.9928701089,11465.481310281
154,2,90512.2046425124,45707.5343864243,0.199809719912299,0.100901416330585,25620,13173,25567.0442992829,13157.9753678503
155,2,102031.198326426,52124.0778660556,0.225238411111954,0.115066221624346,30689,15069,30505.6611773476,15142.0075673986
156,2,115811.728889823,45659.0175060425,0.255659545620725,0.100794313157942,34611,13747,34645.1785184905,13727.8645570354
157,2,112052.127156474,43471.6188455281,0.247360057476675,0.0959655332666539,32757,12783,32780.831213082,12815.4990914708
158,2,93812.4672859705,36021.9773515043,0.207095196572943,0.0795201181290272,27232,10578,27401.7147529805,10602.5498154621
159,2,105107.148134599,42802.0981684243,0.232028707205865,0.094487536575534,32509,13454,32533.5793143159,13193.3230803819
160,2,91267.9389658884,54972.3717949065,0.201478037064426,0.121353957233034,25831,15737,25633.863474093,15944.2313652186
161,2,101935.851049796,40753.2988767924,0.225027927755447,0.0899647209592938,29817,11365,29726.0221023212,11421.8945216207
162,2,111070.973203261,52943.168276714,0.245194116459587,0.116874400158753,32486,15781,32518.631077491,15875.3484787549
163,2,90431.5010464138,32636.5479793781,0.199631563132271,0.0720466321245808,27649,10496,27528.491573454,10607.1637535353
164,2,100079.116996447,41480.5656853812,0.220929104700408,0.0915701948056063,31473,13069,31425.5059531048,13023.9805485141
165,2,100535.710610993,56378.9472168648,0.221937055424805,0.124459035075376,29142,16309,28960.3785461654,16382.4054808391
166,2,103173.969223031,46839.9694150744,0.227761128724196,0.103401317054329,31160,13995,31085.7894674556,14139.6619559312
167,2,109297.949327189,42626.1125208441,0.241280087346331,0.0940990404264184,33246,13041,33349.8367103292,12939.4261275899
168,2,106451.131446236,43150.4546273258,0.234995610179067,0.0952565489618487,32451,13253,32283.8127247394,13312.9409025672
169,2,107289.690686245,42221.3554357295,0.236846767020708,0.0932055211476792,33387,13262,33487.4425205666,13097.1143095247
170,2,102654.90074057,40434.008012844,0.22661526194849,0.089259872167376,30511,11927,30528.3120730943,11841.0459966948
171,2,81561.1871511589,45528.6386000543,0.180049950443184,0.100506495920578,24626,14063,24760.2917441413,13978.8065781764
172,2,100925.771432017,37288.9686373247,0.222798132046519,0.0823170577787792,32554,12042,32531.5924245401,12052.8124415033
173,2,97514.1190384324,51033.0160401736,0.215266757555172,0.11265765408699,27762,15329,28114.0772211943,15135.9941930933
174,2,116205.178854071,46669.2290197967,0.256528103926936,0.103024400033106,34624,14319,34784.6276477671,14332.365410105
175,2,79868.865078008,35792.3060342681,0.176314074151438,0.0790131084749137,24993,11355,24877.0663649549,11506.5765062788
176,2,82815.172883942,47335.1888471505,0.182818179755806,0.10449453598993,25420,14383,25409.6979800882,14400.2107850697
177,2,98337.6768763201,41705.7850409735,0.217084798134007,0.0920673765562603,28902,12002,28793.0673198186,11964.177879552
178,2,95558.8922772053,47161.0467294285,0.210950507464161,0.104110109515021,29039,13801,28912.4741104071,13978.1734436423
179,2,111940.578380219,36929.7466853632,0.247113808588714,0.0815240593329754,32003,10435,32121.6064098894,10444.7576859085
180,2,93397.9846348896,36359.286999445,0.206180207674505,0.0802647441885176,27825,11110,27702.3390735012,11171.4175285781
181,2,98826.1148675638,45862.7302486979,0.218163046737169,0.101244018103406,29936,14260,30041.2763491057,14085.213998573
182,2,84424.2662604564,42450.0193361124,0.186370324995709,0.093710306884255,26535,13451,26266.4616288278,13630.8264831425
183,2,108220.521844976,43785.9250058877,0.238901618229408,0.0966593781035596,32126,13095,32213.1388582929,13087.5783003449
184,2,98589.5324824185,41300.3567370087,0.217640780593076,0.0911723755320374,29367,12840,29254.6011423583,12734.5548886154
185,2,98283.6233697072,45954.5335833728,0.216965472612556,0.101446678050325,29545,13778,29566.3826947066,13749.1901872987
186,2,98023.5220664632,40093.9249182756,0.216391287410072,0.0885091236010251,29100,11675,29107.8078101763,11607.9244234101
187,2,100108.849797017,43400.4377831597,0.220994741180898,0.0958083979036269,31890,13331,32022.2999129172,13182.107361121
188,2,86175.6617667481,45851.8456116803,0.190236608520124,0.101219989782778,25895,13104,26026.8626486604,12976.2591274576
189,2,88088.0140142659,40796.2333420566,0.19445821121403,0.090059500702124,27535,12510,27567.9830406296,12371.8797715009
190,2,89716.1188406073,45509.4334059433,0.198052325075514,0.100464099599868,26274,14549,26302.9824641837,14525.9350553667
191,2,94254.6957538292,38789.2184545061,0.20807143559672,0.0856289260174708,28727,12152,28616.0150377197,12305.7395675937
192,2,107921.381736968,45323.7387300165,0.238241253128021,0.100054170338585,31446,14336,31334.0068995864,14378.9468221844
193,2,107578.182122803,48371.2413234602,0.237483624705961,0.106781667939964,32326,14491,32474.4227770583,14378.7882514816
194,2,103860.967079067,40946.1739561486,0.229277707065615,0.0903905012807038,30580,11909,30477.34791056,11722.7409109841
195,2,89085.9276469148,42049.6102115062,0.196661149969348,0.09282638592184,28128,13499,27970.6917300394,13642.0061387101
196,2,106810.483604507,48564.9300647355,0.235788896061094,0.107209244456272,30086,13541,30029.4091080148,13667.764122184
197,2,98157.8168413061,43659.8320569984,0.216687749102205,0.0963810223072338,28624,12975,28671.866120062,13047.6478863824
198,2,90610.9457805065,44908.5600543639,0.200027695368807,0.0991376449349302,26877,13354,26973.273898309,13351.9571561179
199,2,96056.4551312597,45886.4510810402,0.212048899608072,0.101296382896475,28150,13241,28327.9976443278,13115.4957520086
200,2,108764.091360689,39755.5357275205,0.240101572126416,0.0877621144027279,34110,12718,33900.1032202924,12677.9772065035
201,2,98686.6743249966,45558.8478641149,0.217855225533777,0.100573184215427,29390,13620,29119.4960712422,13663.20055958
202,2,97293.9269519958,43345.515276905,0.214780673724913,0.095687154026793,31296,13406,31050.4821998436,13455.4887646832
203,2,104958.619886954,49332.9695989538,0.231700824489072,0.108904725908965,31298,14760,31217.6893141394,14701.0308501665
204,2,84801.2933634741,47595.8997753738,0.187202629104872,0.105070066966688,27349,15387,27446.3993212224,15167.979032944
205,2,111848.035551631,51626.0900798277,0.246909516176073,0.113966891423751,32611,15327,32622.7135680714,15320.0282566149
206,2,115884.534054305,46989.2605737378,0.255820266261447,0.103730883931146,33480,13708,33349.9379682228,13795.0629472666
207,2,108314.756890575,41432.0448570707,0.239109646286413,0.0914630829177352,34424,12670,34399.7322165595,12719.0459902271
208,2,83890.7202191252,34642.8745508657,0.185192498364486,0.0764756873208925,26195,11125,26351.2390674897,11129.7473650337
209,2,88735.9382341725,32366.7867308162,0.195888532764756,0.0714511221628996,29003,11241,28949.2165187579,11213.8411468508
210,2,87252.7026044152,38967.2828928544,0.192614224102005,0.0860220111897218,27609,12617,27567.6664127935,12681.8318309066
211,2,101377.390813922,45424.7106723347,0.223795101930988,0.100277070394918,29129,12897,28978.9014387933,12963.1779113248
212,2,91899.9323335789,40322.7866887505,0.202873190549897,0.089014346144635,29045,12423,29015.1145309411,12490.6316903199
213,2,87645.5350157737,43138.4948810938,0.19348141913273,0.095230147289784,26739,13209,26631.6458674439,13160.6773597265
214,2,100101.055843509,43907.3719584437,0.220977535681665,0.0969274776562141,30481,14325,30551.1801440752,14408.1857837573
215,2,98555.040395147,46520.2477060334,0.217564637775384,0.102695517152695,31517,14573,31539.5200212253,14459.3192186289
216,2,105461.482325182,62743.9890899528,0.2328109157009,0.13851014828066,30670,18572,30707.5394251054,18542.4071417582
217,2,92242.878839198,42919.7317249188,0.203630260223576,0.094747217886671,28585,13084,28852.3835854163,13076.4716414213
218,2,98706.8241969268,45317.9702693395,0.217899707272814,0.100041436204921,28910,14369,29007.9313793453,14347.8575507662
219,2,113515.59467479,52636.0617234979,0.250590727153659,0.116196448775029,33039,15548,33028.1843794963,15597.2541893894
220,2,92226.6291535417,43153.5991711861,0.203594388319312,0.0952634906823656,28649,12944,28668.961196784,13007.2035157952
221,2,95393.3917552952,43543.0075210359,0.210585157696593,0.0961231269449259,29884,13667,29785.6082102358,13925.8852731685
222,2,88077.4553758863,40496.9308965449,0.194434902549904,0.089398777233472,27597,12803,27378.1416836177,12933.3979217261
223,2,106487.881310341,41173.7080937606,0.235076737139599,0.0908927930156838,33636,13151,33764.9045530529,13150.1778525616
224,2,107040.631744289,39442.887585117,0.236296958322199,0.0870719297142489,29829,10916,29670.9767725473,10930.14185559
225,2,109243.761786155,44924.1833958507,0.24116046593793,0.099172134156565,32586,13084,32706.4633416651,13152.3372521797
226,2,95058.4616968744,33219.5071191704,0.209845784686869,0.0733335403697425,30929,10639,30857.7788980044,10662.4827494047
227,2,103860.728784214,42801.0574762535,0.229277181019122,0.0944852392012519,32662,13177,32553.0532706416,13133.8896803073
228,2,90792.7264958689,43117.183436626,0.200428984387956,0.0951831013276746,27679,13437,27709.6171615759,13341.2756286603
229,2,101804.980542003,32256.3897174386,0.224739025285221,0.0712074158427491,30822,9507,30810.369288369,9490.99977132707
230,2,117505.380023212,42212.1251657325,0.259398355872095,0.093185144915876,36557,13221,36713.0226530308,13181.6458813897
231,2,101237.162974637,42322.9272465945,0.223485542735053,0.0934297454405254,30491,13667,30636.5115408381,13442.385267952
232,2,96362.6551079576,45264.0591174038,0.212724849683786,0.0999224249377557,29316,13637,29297.9225699303,13648.5193737846
233,2,104691.068574095,39701.9774262523,0.231110193058806,0.0876438820691145,31177,12210,31043.8582474919,12439.6577820824
234,2,87376.4416732706,42487.4726331244,0.192887383603398,0.0937929867042341,26616,12136,26220.9581217255,12408.3655497825
235,2,100331.89550357,51063.112867351,0.221487124504562,0.112724094172416,30910,15565,30691.4976937371,15546.6843420818
236,2,98970.9228845563,45880.2008677598,0.21848271687923,0.101282585272499,29750,13498,29466.0364099342,13600.3879514301
237,2,94625.6578776885,57043.359331501,0.208890350994473,0.125925754387497,26814,16211,26973.7764218001,16186.9224296236
238,2,91720.8770515403,47584.8748558604,0.202477918046103,0.105045728966208,28106,14659,28097.9999398933,14504.0626953722
239,2,92298.0394929102,37450.0811452268,0.203752029821521,0.0826727208101398,28699,11653,28655.5764128674,11720.2330509768
240,2,99464.8626455147,43061.5031195667,0.219573110883889,0.0950601845497641,28197,11770,28048.5405940899,11924.0660251727
241,2,108576.561164141,38131.8151895648,0.239687590871674,0.084177679052974,32169,10974,32228.4010857055,10990.8638670201
242,2,95639.5557648226,45255.3391216315,0.211128575702932,0.0999031751590128,29206,14254,29302.7391767741,14299.6467228639
243,2,108950.444873611,42205.8739680486,0.240512955799686,0.0931713451187849,34605,13156,34369.1658649343,13173.0736999314
244,2,95326.7378942384,39372.9204949215,0.210438016331941,0.08691747424882,28590,11893,28589.0700017791,11865.6040210955
245,2,109811.182472509,39346.1314230494,0.242413072355603,0.0868583361804389,31186,11138,31234.8047438057,11149.4095681237
246,2,93668.0424044206,36601.3936216382,0.206776372219423,0.0807992053317458,29589,11644,29605.5091743837,11537.0537741466
247,2,97368.4017817934,42222.9576996828,0.214945080226126,0.0932090582166635,30803,14433,30953.8984457695,14345.4982839794
248,2,97128.3111118211,40777.9450315933,0.214415069387144,0.0900191284428716,27987,11708,27884.73392537,11697.352757673
249,2,88020.9801613398,39066.6685264274,0.194310231000415,0.0862414093989021,27631,12227,27754.8707345118,12163.9106817935
250,2,106022.870112343,48315.9928755367,0.234050204225115,0.106659704532391,33052,15494,33114.4493617334,15481.5406497229
251,2,93760.4218633453,38200.4362321735,0.206980303986263,0.0843291630584504,27729,11320,27843.553851503,11345.5030417043
252,2,86941.7950547813,40035.4589358606,0.191927881849528,0.0883800573428682,28421,12786,28333.2714741676,12771.6073587918
253,2,106194.721555046,36686.7163996047,0.234429573932975,0.08098755916132,32634,11350,32817.0576026442,11325.7984403665
254,2,103370.048519128,49355.2711181123,0.228193982496662,0.108953957505016,30544,14726,30602.3478274328,14673.0292554004
255,2,105149.589584708,42586.3161905508,0.232122398595799,0.0940111882561962,31832,12759,31713.7110432302,12874.884262389
256,2,84846.132988069,50047.3019628976,0.187301614571712,0.110481646393088,25898,15526,25821.5726556078,15464.0839233357
257,2,91939.2021610549,48583.2704646232,0.202959880441718,0.107249731705247,27473,14114,27480.2655941628,14039.9244275926
258,2,102420.367290825,45311.8811151834,0.226097518920478,0.100027994126129,29030,13228,28827.6139590146,13325.3810917482
259,2,117838.997948796,41830.6140900215,0.260134832290187,0.092342942237438,34826,12993,34883.5034656862,12887.1487043213
260,2,112796.971867086,56049.3229840248,0.249004335323993,0.123731374911753,32074,16146,32267.5742810053,15976.686155554
261,2,104948.645093982,44149.645153334,0.231678804689668,0.0974623065160843,33281,13782,33280.8525016396,13867.1028267882
262,2,110141.08870328,47657.0135046727,0.243141355042209,0.105204978243926,33898,14549,33773.7326474044,14600.9035436455
263,2,94331.3138285448,44363.2703397477,0.208240573406472,0.0979338936222885,27793,13241,27835.3629767995,13263.5933134814
264,2,98708.4643046172,50706.3006803097,0.217903327883533,0.111936415389918,31988,16273,31792.4486009259,16357.8100547295
265,2,94951.4068918018,53163.8898421779,0.209609456440294,0.117361652837529,29719,16235,29584.6720747017,16266.9318290754
266,2,98262.4151388799,47727.1718174685,0.216918654499152,0.105359855841755,29876,14224,29867.8183248726,14450.3190189915
267,2,110698.395713181,52174.0452682169,0.244371635069011,0.115176526888371,30709,15072,30774.3982490028,15133.1736017841
268,2,97457.3018045396,47334.6697298922,0.215141330982754,0.10449339001548,29788,13933,29924.6306385779,13917.4267205481
269,2,93447.3530732962,38039.6485048802,0.206289190699386,0.0839742169947377,27873,11920,27948.9789880898,11936.3345459333
270,2,102370.20436629,39346.0620707125,0.22598678203211,0.0868581830820687,32236,12075,32168.452874942,12014.4036715782
271,2,112909.704066111,46746.6288755764,0.249253196670385,0.10319526365935,35362,14356,35393.5251476196,14295.7435552189
272,2,103237.233970082,49312.9714866826,0.227900788468851,0.108860579186128,28735,13993,28824.7651176371,13993.8116821478
273,2,99132.1038506567,46090.0678272414,0.21883853103511,0.101745875925494,28255,13693,28271.7104594654,13601.7316419098
274,2,98534.5202812663,53723.5868419419,0.217519338710764,0.118597208873318,29713,15805,29705.0501009833,15694.2470477186
275,2,96919.2336451294,43177.5107159881,0.213953521574618,0.0953162764816775,28690,12637,28506.5366748012,12654.9542024588
276,2,98035.7080161917,43700.0416691094,0.216418188436422,0.0964697868154613,29641,13028,29707.9182002989,12980.0260536811
277,2,86406.8185982149,40989.965550313,0.190746897513013,0.0904871731737272,26146,11847,25978.0768553119,12080.4807342288
278,2,96780.6067688963,39949.2078230204,0.213647496575869,0.0881896541727457,29106,11726,29073.3545264574,11693.8426065006
279,2,105021.363931214,43607.6928627886,0.231839334759145,0.0962659227156078,29580,12358,29461.20886599,12427.7887153851
280,2,98604.3949712606,47748.7718390064,0.217673590198636,0.10540753885059,28735,14119,28818.3199722925,14019.3541818646
281,2,108067.365375443,45935.4882682457,0.238563518506824,0.101404634669587,31986,13254,31947.8952799223,13323.9395612272
282,2,105441.887973289,46180.5683296703,0.232767660297067,0.101945659812249,32432,14320,32322.7504639451,14309.5637508854
283,2,110228.755138907,48148.6680763764,0.24333488260037,0.106290327591605,32524,14280,32461.0211451974,14360.0455374652
284,2,98688.9811053733,34916.2222001353,0.217860317854119,0.0770791144217455,29928,11264,30079.3438399814,11124.3950870625
285,2,95479.1757367717,45333.6376914552,0.210774529653441,0.100076022736506,28041,13593,27998.2585184467,13424.6226235735
286,2,101922.765356512,45116.8998759378,0.224999040505156,0.0995975643630302,29445,12853,29429.1774704246,12938.815250217
287,2,104633.50332027,43546.5254540537,0.230983115199099,0.0961308929386253,30330,11999,30338.2891056426,12114.3243151722
288,2,106996.492170454,49285.729548628,0.236199518248566,0.108800441395495,31686,14506,31621.0540858005,14677.84997132
289,2,97050.9248054054,43408.3948009598,0.214244235671724,0.0958259633745404,29982,13097,29993.1167573076,12983.1432062405
290,2,100282.918230985,42412.0631169323,0.22137900499564,0.0936265168412076,30369,12241,30140.0943389717,12190.9230281762
291,2,90783.4274957395,41168.2624750421,0.200408456431327,0.0908807715700102,25621,11845,25636.3594707222,11849.2364500524
292,2,88826.871355199,37623.0365904106,0.196089271676319,0.0830545276526088,28531,12279,28502.4361344352,12315.3118181994
293,2,90814.3148137039,45103.8081125798,0.200476641560345,0.0995686637127804,27543,13919,27623.2281630058,13848.4416908559
294,2,86830.243372663,40998.6951050194,0.191681626546745,0.0905064440542424,26461,12017,26566.958209231,12086.3180766714
295,2,89176.5549955955,47243.8832220552,0.196861213874849,0.104292974759058,27571,14208,27527.6856623038,14252.5955257373
296,2,71999.5764857262,44194.2056913091,0.158942269368391,0.0975606758867907,23424,13883,23430.6640082578,13914.511080702
297,2,93847.6456305525,45212.9159848012,0.207172854334188,0.0998095241964565,27772,12974,27736.7184395345,12959.808799008
298,2,116248.405116364,46187.4228048297,0.256623527824695,0.101960791371216,33583,13355,33732.6267563869,13326.2770587188
299,2,105910.563769665,43993.2548568887,0.233802282975561,0.0971170679766723,32933,13466,32993.8164874501,13566.8476042133
300,2,104608.721622452,46724.7972871012,0.230928408498278,0.103147069456196,31162,13667,31270.2725037868,13443.7134658854
301,2,107759.836605792,50719.8211583034,0.237884635061529,0.111966262446806,31376,14824,31428.2143564758,14962.4808719179
302,2,113784.87295181,40420.0317925301,0.251185170934167,0.089229019039034,34885,13138,35125.5357940407,12889.7394765154
303,2,102527.901916307,40544.1273197082,0.22633490639196,0.0895029654380392,30620,12756,30721.1663175372,12748.1517403768
304,2,96345.2674347876,50832.9265519933,0.212686465621441,0.11221594763703,27421,15025,27501.6154724045,14948.2099654784
305,2,99376.0478701867,49058.2600805917,0.219377048314731,0.108298292421481,29803,14800,30045.9641540224,14723.7721459589
306,2,92915.8123313924,53399.9067304796,0.205115790855892,0.117882670622173,27586,15483,27506.1659876193,15462.3684326665
307,2,96959.1461032767,37420.5225879933,0.214041630102246,0.0826074689795699,31409,11984,31673.2345788798,11955.8072300041
308,2,99864.9568399917,49504.303891359,0.220456336624028,0.109282953984527,29631,14968,29746.9359702035,14876.4231776779
309,2,99980.3943712587,37948.6051260811,0.220711170111743,0.0837732346842353,29245,11486,29245.1422244152,11360.4528119636
310,2,96975.808984557,40463.2535855734,0.214078414154239,0.089324433070724,29017,12103,29052.8231113597,12056.3312039368
311,2,108489.73688736,40924.7470285228,0.239495922416644,0.0903432003843838,31163,12311,31031.7016761792,12414.9046459175
312,2,79641.5388955107,43105.1396384422,0.175812241486628,0.0951565141071855,23608,13238,23624.0899877251,13340.4653298287
313,2,101579.707828433,42231.7559950077,0.224241725744456,0.0932284808451534,30072,11970,30110.6539137346,11911.4926631192
314,2,93241.9187280728,44837.3634729109,0.205835685239635,0.0989804753128331,27223,13602,27327.1183418579,13477.5346177355
315,2,94776.4330630598,42022.2169317151,0.209223193926294,0.0927659140375881,28982,13097,28953.62698075,13254.1246102477
316,2,109771.491353159,47597.534114674,0.242325452443219,0.105073674843428,32090,14177,32107.6776489628,14142.8488150476
317,2,97523.6911684112,46174.9309383231,0.215287888458099,0.101933215019963,29441,14179,29552.6647706816,13932.4788459134
318,2,85147.6058305069,38253.6312632168,0.18796712928817,0.0844465934568752,27589,11403,27457.6618379335,11397.6964021758
319,2,94209.3020270081,40947.0826007824,0.207971226924555,0.0903925071541714,28901,12395,28916.0745039663,12355.927234953
320,2,104319.284515502,34020.1011228789,0.23028946320355,0.0751008872626424,32045,10522,32035.1208064703,10352.3498075623
321,2,98522.2503589141,36885.9837688471,0.217492252311109,0.081427450747137,30569,11085,30574.5643596461,11099.7164510084
322,2,108777.571229396,41473.5601932474,0.240131329536495,0.0915547298699479,32582,11566,32340.5280154658,11758.7212637395
323,2,99750.2989162369,41743.2218263497,0.220203224154592,0.0921500199260686,28638,11505,28545.6562917478,11512.8964578379
324,2,101260.864066789,37453.1945167478,0.223537863950775,0.0826795937163301,32298,12485,32468.7820697603,12372.938736014
325,2,92891.1475805214,44932.7310441566,0.205061342320662,0.0991910034706056,28683,14409,28689.6546427373,14335.6313362557
326,2,113086.351915155,49327.207171876,0.249643154658703,0.108892005094739,34243,14406,34215.0049430162,14384.2685026918
327,2,87699.4002837226,44159.9442179341,0.193600329108952,0.0974850421595395,25594,13289,25676.9403822717,13344.0288880866
328,2,98965.4272304938,41041.4228511272,0.218470584978308,0.0906007674553351,30276,13229,30286.1308562431,13328.5659884146
329,2,105127.790805595,39496.4056666562,0.232074276820772,0.0871900732610205,29821,11332,29864.0675465449,11135.4685745674
330,2,88344.6496246173,47332.434892865,0.195024745745217,0.104488456513283,25810,14144,25673.0818886594,14203.1191023419
331,2,99387.0252213213,46847.6753510055,0.219401281305898,0.103418328250842,30393,14492,30172.9170595001,14598.1290237056
332,2,94724.9960792405,44499.0543836028,0.209109644495356,0.0982336429420449,28807,13529,28891.6602730229,13406.867378305
333,2,98334.0556590154,37327.4845387375,0.217076804135648,0.0824020833452634,30860,11420,30724.0878881675,11516.9002364536
334,2,94803.8400474636,35997.3858796319,0.209283696064089,0.0794658313604475,27157,10610,27184.8249760417,10545.1412333625
335,2,104987.714515241,41845.7203878126,0.231765052175847,0.0923762900621039,30457,12212,30634.0319498537,12293.5155776677
336,2,88515.5674568515,44447.9618869008,0.195402054466418,0.0981208539817497,26877,14200,26957.2232998668,14146.1705745074
337,2,94437.239372175,37451.55115539,0.208474408758157,0.0826759659229963,28164,11317,28162.4239747176,11387.2678736116
338,2,114480.843769941,45839.3543104023,0.252721557488745,0.101192414679293,32170,13464,32078.9669733243,13419.980541027
339,2,100762.433246451,47308.0648399153,0.222437555732664,0.104434658536829,31492,15018,31539.8959434331,14900.7635580125
340,2,101047.263732904,36817.7604063781,0.223066331707633,0.0812768446382676,30910,10738,30786.5180122772,10749.9004040114
341,2,111211.32286522,43744.9807727389,0.245503944584496,0.0965689918866975,33413,12487,33481.2210915259,12303.719437947
342,2,104361.48714315,46308.0135224294,0.230382627382271,0.102227000747098,30706,14384,30572.4175656334,14392.6033426822
343,2,99021.2255754752,39106.1408104846,0.21859376230811,0.0863285462226366,29948,12052,29973.5969525791,12037.4229947858
344,2,117095.409457186,49110.3823303693,0.258493327602222,0.108413354607519,34661,14512,34549.4070649989,14659.1811166469
345,2,97787.1523733635,47576.7122342197,0.215869490793134,0.105027709615666,30307,14871,30254.8136495936,14798.3519562703
346,2,104472.829315579,37797.6236445077,0.230628420183091,0.0834399363443674,31394,11031,31370.6808453375,11212.1683667606
347,2,93952.594560258,44333.7831813407,0.20740453376717,0.0978687994078056,27836,13064,27741.575410361,13036.7181798546
348,2,96398.0267448444,43527.4678294449,0.212802934146396,0.0960888223841588,28475,13444,28476.7052943657,13313.6553600992
349,2,75126.7044821764,36987.9084642199,0.165845543590563,0.081652454048239,22493,11599,22574.2563365446,11646.6799854884
350,2,82961.7722048341,54196.9831228581,0.183141804280946,0.119642252231514,23714,15427,23687.1722493217,15345.571802023
351,2,106251.48382823,47344.7459255194,0.234554879177182,0.104515633665759,31725,14404,31816.9398142824,14321.1960163634
352,2,98678.4577581156,49819.9658153041,0.217837087096716,0.109979791729885,29055,15502,29104.1992286637,15576.7953456613
353,2,105971.073292047,55301.2364373343,0.233935860439141,0.122079940567017,30772,16315,30721.106660935,16264.3759289407
354,2,91540.9476916924,46280.4702951745,0.202080715976645,0.102166197847146,26835,13287,26872.9413659466,13269.4559086395
355,2,95058.7218673062,39669.6898506848,0.209846359024676,0.0875726058091197,28936,12753,29081.4156415777,12545.9766585338
356,2,100010.107810058,43537.3975800308,0.220776763850263,0.0961107427504919,30261,13496,30290.3206424036,13458.9599828212
357,2,99456.1703977298,42710.0841929519,0.219553922360063,0.0942844116296797,31112,13700,31139.4938164728,13694.2432951201
358,2,104638.649903144,47471.1115916763,0.230994476509838,0.10479459149759,33084,14767,33009.2111109517,14691.5211852029
359,2,90749.0076747365,54230.2353468614,0.200332473144639,0.119715657995862,28332,16894,28483.7750110089,16743.8227358915
360,2,103374.567449036,40862.3408755658,0.228203958235545,0.0902054360244017,29549,12282,29609.1089417042,12181.8044079843
361,2,91272.5996507617,44540.5445100815,0.201488325733703,0.0983252342427273,27096,13228,27044.0621895278,13303.6611448833
362,2,108851.18868113,49506.435173834,0.240293843337477,0.109287658885442,33623,14680,33514.091846396,14749.5357020195
363,2,100572.974979825,50802.6230300688,0.222019318177418,0.11214905126375,29009,15050,29115.8237028559,15103.6656071636
364,2,98564.1164931173,45504.1962818933,0.217584673665578,0.100452538415454,28845,13755,28810.5491561824,13650.7850154902
365,2,113145.958720562,39312.1247701605,0.249774739334386,0.0867832649807514,33286,11233,33327.2034865397,11109.5959860747
366,2,112957.507067011,53771.5476033924,0.249358723922302,0.11870308438867,32735,15564,32803.148126286,15693.9411569367
367,2,82460.573675883,41556.9754621929,0.182035386222898,0.0917388727884662,26150,12733,26100.6845081278,12736.6661336376
368,2,99357.4703062069,45634.5173315704,0.219336037515468,0.100740227932437,28936,13522,28815.1507696966,13560.182628223
369,2,105416.283961578,49813.8398961008,0.232711138301732,0.109966268490615,32481,15544,32142.780726784,15669.7404415831
370,2,101300.482388298,50011.5502437401,0.223625323158683,0.11040272288195,28879,14655,28915.5143734436,14535.935327478
371,2,130285.20344555,48892.6805630877,0.28761038483141,0.107932768267624,38412,14093,38259.2462083555,14073.0284678683
372,2,116274.664296276,53626.9040627013,0.25668149613299,0.118383777335364,32298,15830,32289.630778853,15709.4978257238
373,2,100713.96601355,48065.9495519184,0.222330562159044,0.106107722767551,30885,14506,31020.5213438296,14389.7175737628
374,2,89648.7746066635,39830.1909163275,0.197903659681989,0.087926919054481,26324,11976,26436.9998742453,11900.3427561171
375,2,86956.3417826421,42435.1413181802,0.19195999439867,0.0936774629975368,25307,12974,25313.7719754325,12775.0839530377
376,2,97251.8048574752,49044.8184569861,0.214687687326653,0.108268619439165,29214,14539,29119.8052983246,14467.8951184712
377,2,96653.1214294691,53770.3077417083,0.213366067015464,0.118700347338823,28712,15815,28748.6897629605,15883.365017117
378,2,104970.337648246,49558.3597522044,0.231726691968612,0.109402284703051,31173,14682,31288.1672613539,14685.5547490234
379,2,98353.5470626794,43348.2685434709,0.217119832276684,0.0956932319852688,30810,13859,30816.7246162863,13794.9703160873
380,2,91600.4082184138,41622.2736042561,0.20221197773562,0.0918830213431055,28000,12499,28124.0970784457,12449.5036508021
381,2,106872.375450693,43256.0459670573,0.23592552506599,0.0954896465435533,31720,13125,31890.4594663992,13106.0128802026
382,2,98433.625358987,30956.2066232887,0.217296608679595,0.0683372037989384,28178,8910,28222.8212268167,8966.13105906667
383,2,111028.203463958,46424.3996901411,0.245099700356647,0.102483928391983,32193,12982,31922.2441799911,13138.1660967751
384,2,88454.6679094615,37521.7382620264,0.195267616005275,0.0828309070845102,26110,10975,26090.1415963406,10958.7827746286
385,2,106584.173036276,40053.1741768352,0.235289305409977,0.0884191645257206,30913,11507,31046.5362517298,11366.0109800808
386,2,105658.821167064,45309.1992338007,0.233246549976741,0.100022073753622,32858,14337,33058.0257116281,14279.6042795288
387,2,88289.4371535171,40522.3140897933,0.194902861758082,0.0894548117622239,27679,12350,27425.4921762452,12505.6101931086
388,2,97931.2983155808,42727.0023803574,0.216187699375664,0.094321759281306,28742,13022,28850.5825783893,12923.5755716698
389,2,102614.80048391,42486.1620374498,0.226526738847288,0.0937900935059556,29084,12121,29111.4410742361,12112.9174236014
390,2,95832.5610163091,45633.246687673,0.211554643385113,0.100737422929484,29412,13696,29487.3829149451,13689.3990105529
391,2,113185.89299436,36849.2154119197,0.249862896021034,0.0813462829628773,33162,10988,33271.181996166,10987.590222261
392,2,107674.674701107,48137.6667035786,0.237696636366884,0.106266041571548,29690,13364,29628.5030317522,13499.815599162
393,2,99005.8506574638,40049.4531805996,0.218559821492353,0.0884109502609308,28472,11605,28433.2924072714,11634.4637165045
394,2,124926.749892462,35437.8957665134,0.27578136013983,0.0782307320361362,35482,10576,35655.1119021783,10469.7022988137
395,2,103513.63230906,50051.1707232547,0.228510950103005,0.110490186853752,29171,14470,29172.8922826484,14607.6571531185
396,2,101803.003428762,45580.188408391,0.224734660719753,0.100620294416659,30431,13254,30300.3656220149,13445.4007360127
397,2,115991.008732694,41774.5029585561,0.25605531385255,0.0922190744175529,35908,13314,35943.240885493,13296.5391999338
398,2,106568.602214323,36857.7312976229,0.23525493212755,0.0813650821595589,32355,11095,32226.5834168066,11174.674089287
399,2,105318.420465371,41935.5825300888,0.232495100278528,0.0925746647404121,30389,12516,30328.0396954147,12632.6698549374
400,2,103160.663560407,38058.3525596559,0.227731755881796,0.0840155070280621,30576,11206,30671.7333806801,11219.7026284793
401,2,100721.902040482,43815.7995679361,0.222348081291684,0.096725327528822,32557,13422,32559.8398199178,13483.8602638052
402,2,95335.6751843204,43590.2148260817,0.210457745797543,0.0962273391717331,28622,13119,28700.3172887162,13107.6591569165
403,2,102398.100783726,45633.6873228152,0.226048364615107,0.100738395651171,29437,13465,29321.3309112182,13596.2768074306
404,2,102216.322987373,49367.494848997,0.225647082039799,0.10898094193495,30105,14227,30000.1967415177,14349.0150456944
405,2,115618.804592021,46474.9608246538,0.255233656647404,0.102595544346597,33615,14211,33675.0229899162,14115.0783237024
406,2,102126.673207914,38944.8447870603,0.225449176161863,0.0859724780725936,32791,12537,32914.719694359,12508.3458023442
407,2,97896.560878856,42888.7155346518,0.216111014938136,0.0946787482663088,30098,13112,30044.5073363916,13188.844705422
408,2,105371.449729354,45355.4349220469,0.23261216473879,0.100124141093103,31180,13557,31233.2045185594,13623.9618733709
409,2,96864.6106103982,41020.1103219575,0.2138329387945,0.0905537190986981,31387,13166,31202.0860064733,13152.6903817359
410,2,107848.165637446,45225.5884048682,0.238079625329908,0.0998374991277289,32489,14124,32489.4141240772,14174.7660207235
411,2,113482.377981944,43774.7523778726,0.250517399825923,0.0966347140299885,34068,12961,34112.7995031308,13162.4124443575
412,2,90425.8330846664,45431.0115164256,0.199619050854466,0.100290979788662,25940,12329,25927.8635911816,12400.1003972317
413,2,90370.0633540187,41489.2161898062,0.19949593669208,0.0915892911791074,27954,12230,27810.8728249816,12371.028339393
414,2,101942.854194193,49094.1556313116,0.225043387508373,0.108377533447195,29713,13863,29810.6375306495,13892.909206264
415,2,115936.794511144,44443.4988948498,0.255935633545723,0.0981110017281758,34514,13154,34365.6680510659,13166.1920181359
416,2,113060.395785521,46150.9172738095,0.249585855347381,0.101880203786843,34305,13578,34248.1356034106,13580.5765163603
417,2,111130.459583954,48973.0418509919,0.245325435292353,0.108110169387079,34468,14830,34397.9819795631,14816.4231044856
418,2,102781.516046526,49905.8915899267,0.226894770871286,0.110169476701414,30638,14821,30723.5552514855,14831.4902385734
419,2,96465.6158912225,40615.6853062219,0.21295214019502,0.0896609328778916,28780,12390,28852.4177304113,12344.2614166743
420,2,104884.794687808,45820.2843737254,0.231537852076433,0.101150316945388,32800,14021,32826.4618964939,14005.8982383526
421,2,102749.792405692,50561.1693010669,0.226824739522314,0.111616031411298,31901,16374,32021.5325864903,16383.9799404958
422,2,113003.412507731,43880.2790164454,0.249460062225672,0.0968676687810059,34510,13367,34462.3579672083,13472.338782372
423,2,107175.023305174,51425.3230390749,0.236593633673826,0.113523689246333,30718,15310,30753.4663402694,15198.3407606454
424,2,101505.33671386,33072.9375504636,0.224077548199218,0.073009981523876,32173,10630,32050.5616151819,10746.9268852822
425,2,98629.6765140701,53031.4095896154,0.21772940032952,0.117069196784083,29382,14969,29200.3235598455,14931.9799024097
426,2,101063.795553828,46557.1166203034,0.223102826438055,0.102776906921763,27452,12981,27586.3178861483,12922.1996517865
427,2,89311.8453461736,33280.4723014349,0.197159873344725,0.0734681237227917,27375,10561,27621.8942319838,10581.6823890158
428,2,106477.30180486,50937.6782269646,0.235053382410418,0.112447191621407,28846,13610,28840.9126792829,13767.0199140983
429,2,84356.0500276933,41698.7925535925,0.186219734625983,0.0920519403291724,25598,12665,25643.3739316719,12438.1631811256
430,2,96237.2553133603,37848.7339469337,0.212448024056408,0.0835527646115907,28887,12271,28920.3457939079,12202.1346980873
431,2,88792.1764585662,42057.3545295024,0.196012681147937,0.0928434818484706,26617,12422,26729.8371524187,12332.5907730852
432,2,101754.969889013,52540.7427186801,0.224628624543066,0.115986027829807,31478,14773,31511.0773783282,14709.9004600528
433,2,110591.578938797,52714.8756666684,0.244135832285773,0.116370434062121,33669,16038,33509.0781357172,16174.1786942064
434,2,99440.2233433508,52357.316716984,0.219518718527812,0.115581106767855,28519,15528,28406.5537943556,15528.939842181
435,2,101213.208178012,44069.0613942438,0.223432661455417,0.0972844142815851,31349,13422,31328.2617250021,13536.7491943219
436,2,92954.6376203077,45426.3259946888,0.205201499409057,0.100280636290903,27526,13659,27429.1659246364,13702.9091199536
437,2,104166.687334883,45461.1401178633,0.229952598136132,0.100357490017182,29722,13337,29823.7722312154,13385.5902634175
438,2,98702.0732161634,35544.6763096678,0.217889219271341,0.0784664548373211,29909,10885,29572.6602825718,11037.2645752026
439,2,92868.4586628171,42743.4463288102,0.20501125552508,0.0943580600293386,29521,12998,29662.6837234426,13006.0743023221
440,2,104090.050063349,46712.8458240871,0.229783417948549,0.103120686069703,30843,14587,30875.4042605947,14638.7736295502
441,2,97966.7683639186,47301.8009895253,0.216266001085932,0.104420830808326,27908,13644,27774.1798369192,13727.7152943769
442,2,100845.003579857,42641.5054616651,0.222619833418376,0.0941330210283296,29817,12859,29912.2281026023,12914.0656297735
443,2,108566.533862896,44465.4062260015,0.23966545515792,0.0981593631366592,29991,12733,30126.9032400293,12542.2266821747
444,2,100778.475357409,41089.3821054139,0.222472969406543,0.0907066396435563,29381,11683,29280.5030752281,11738.8876863306
445,2,91191.3580621938,45556.6102186197,0.201308981311356,0.100568244513412,28320,13558,28225.4689610881,13808.420041908
446,2,113067.507371601,44350.0844233598,0.249601554490148,0.0979047851250349,34653,13774,34565.7170067559,13701.4788630265
447,2,104233.139964368,44196.349916779,0.230099295273135,0.0975654093599422,30996,13182,31288.2354554752,12984.3994464505
448,2,94589.593210639,46228.8018539176,0.208810736636936,0.102052137463614,29873,14855,29901.0571584667,14894.711455887
449,2,89849.632130017,35248.4390603977,0.198347061603775,0.0778124979257861,27033,10514,27042.6955170153,10601.0241458992
450,2,98204.1224873568,37967.3576570209,0.216789970876653,0.0838146317308493,30396,11586,30026.6292954681,11672.1057519499
451,2,101154.919214183,45721.5087524276,0.223303985973666,0.100932265365454,30277,13844,30187.4445184331,13742.5865155999
452,2,119655.226965287,43628.3808172497,0.264144238673722,0.0963115922957795,36969,13641,36764.0181354192,13709.5378279778
453,2,105908.928496276,42486.2633928112,0.233798673036777,0.0937903172524266,30906,12512,30938.0666623509,12466.715425579
454,2,93182.0446669852,49082.8924893978,0.205703510585143,0.108352669560164,27494,14140,27591.1057517361,14054.1086316934
455,2,103528.333996551,40892.3083151685,0.228543404732426,0.0902715904809986,30980,12055,30779.1756763065,12143.8298740862
456,2,88885.9072469595,41951.2680366227,0.196219596034719,0.0926092911941551,27801,13486,27722.276531428,13549.3180037364
457,2,90870.9124877505,42444.491116233,0.200601583444631,0.0936981030928426,26542,12436,26446.6319750704,12338.5043962645
458,2,89452.1420634835,46227.147764847,0.197469584591965,0.102048485988377,26073,13742,26264.0040345805,13641.9644527905
459,2,114571.875761901,46435.729976033,0.252922514662292,0.102508940502333,32901,13611,32843.5886771435,13575.9627678209
460,2,91945.0552247463,43041.2873212512,0.202972801340303,0.0950155572752967,27118,12043,26893.8702419287,12179.3188030457
461,2,108472.865313371,42390.1957323049,0.239458677666207,0.0935782436164544,32911,12585,33059.8332004878,12418.8422858296
462,2,91343.1896967478,35889.3071722145,0.201644156401764,0.0792272428038785,29437,10841,29498.3777018893,10882.9901574964
463,2,110894.419435629,50837.730047165,0.244804366160174,0.112226551566396,32008,14848,32013.3509914811,14808.9288156473
464,2,92508.1453703252,41977.5346355297,0.204215847896487,0.0926672758802136,27919,13605,27881.2253996528,13472.6909802413
465,2,114485.722469433,48643.2590461639,0.252732327434995,0.107382159168736,35088,15181,35318.636718106,15234.2090466023
466,2,111599.404192147,50010.2171032083,0.246360651384896,0.110399779914895,34075,15495,33898.9743244241,15618.3217759115
467,2,104925.001243658,40618.790783195,0.23162660983783,0.0896677883565162,32917,12761,32819.4092142212,12914.1123820608
468,2,104571.339476317,51032.360847865,0.230845885747027,0.11265620772081,31177,14571,31084.8687551259,14676.7825563043
469,2,109116.987057936,48861.7076860303,0.240880605083391,0.1078643942631,31028,13999,30863.1773735228,13983.0216959091
470,2,107805.522498256,49146.3423343058,0.237985488702351,0.108492737916576,32142,13885,32069.0319187742,13995.304279034
471,2,121613.997606502,38388.1488171768,0.268468312037524,0.0847435469438242,35558,10942,35477.3569517367,10964.1949144777
472,2,94949.4812236953,48405.8248398139,0.209605205442249,0.106858012591423,30606,15460,30705.4111890265,15432.5212625238
473,2,90720.9484070868,44387.5643140264,0.20027053106255,0.0979875236516901,27330,13490,27318.0610043589,13463.045756159
474,2,120911.84335521,40918.9443676436,0.266918275279057,0.0903303907522509,35672,11868,35512.8446358601,11983.0634070722
475,2,85337.4940294403,42554.7794099202,0.188386315938119,0.0939415694094381,25120,12366,24882.0509440297,12473.1821595085
476,2,101710.185781324,45659.8882980114,0.224529761632268,0.100796235469967,28590,13163,28690.96771051,13249.3185953752
477,2,93618.9747637813,38650.1824440357,0.206668053219,0.0853219978366852,29068,11438,28950.2845496378,11593.0827435362
478,2,106417.707334004,56170.6961085945,0.234921824963804,0.123999311485842,31831,15943,31707.2029776012,16022.1657273284
479,2,135587.806887568,42540.3347129768,0.299316117917244,0.0939096820980873,40499,13320,40581.9714383306,13135.0263888978
480,2,97654.9688203808,45910.9920501405,0.215577689717215,0.101350558177938,27151,13211,27377.8804383002,13136.1445785891
481,2,103611.721934805,43847.8917341979,0.228727487317226,0.0967961724140778,30736,13013,30691.5876112937,12954.2024328276
482,2,84676.3565941432,39925.0983364327,0.186926825626376,0.0881364314081325,25846,12865,25661.8400608467,12913.9345872374
483,2,91411.2498793804,44260.9648492964,0.201794402283882,0.0977080496991037,26939,13088,26809.4471767055,13140.0513639817
484,2,81673.3429286577,49662.9840069397,0.180297539313404,0.109633247401587,25712,15143,25644.3241468673,15273.6630574015
485,2,111985.01849119,42811.3040011194,0.247211912111451,0.0945078588609057,34399,12659,34359.2291272394,12768.5317647194
486,2,101129.95376744,47196.3231210729,0.223248873638916,0.10418798371952,30840,14275,30822.015630547,14446.6968947941
487,2,104203.279483833,44645.7219508131,0.23003337693344,0.0985574181239693,31547,13719,31504.7342482173,13886.7521624536
488,2,91959.4559770066,41478.2585759776,0.20300459164181,0.0915651017589219,26857,12595,26806.343564899,12633.3652550026
489,2,95608.6173495284,42195.3207826364,0.211060277774284,0.0931480484923275,28666,12598,28797.3431739208,12530.6934491129
490,2,78165.0090616929,36629.750187917,0.172552736166848,0.0808618037137896,24392,11603,24366.8929704522,11493.5667588641
491,2,92299.3574273414,36470.1711759736,0.203754939220431,0.0805095259430046,27510,10842,27504.3938739205,10905.8409181632
492,2,88013.2543095507,43664.5154302057,0.194293175838758,0.096391361062018,28027,13503,27977.1587673878,13400.0717665033
493,2,101471.084422527,41903.8189967015,0.224001934741732,0.0925045453268523,31496,13093,31266.244473341,13213.6940118663
494,2,97244.6228157454,49991.1017339739,0.214671832649904,0.110357581886598,29969,15090,30054.1799401388,15090.5652968441
495,2,99992.8306679328,43091.6917467322,0.220738623790117,0.0951268272877494,30370,13304,30317.6924066574,13319.4170521817
496,2,113310.23734262,42713.4921710987,0.25013739170365,0.0942919348931078,33725,12633,33930.6305458708,12618.5131936757
497,2,90971.1953258663,47543.413185079,0.200822962272769,0.104954200482744,26898,13379,26943.4021808596,13506.0495638672
498,2,95560.2142300463,50081.244608003,0.21095342573389,0.110556576292745,28491,15154,28347.3719538186,15183.0900798403
499,2,107219.322741274,43362.6274056113,0.236691426650523,0.095724929812472,31668,12899,31583.9038304267,13015.389816175
500,2,111067.250473074,48939.1607121683,0.245185898367022,0.108035375265277,32133,14130,32221.2753427156,14195.532348587
501,2,93655.0010455696,37770.4141689836,0.206747582839365,0.0833798702162149,30103,12025,30106.7029998812,12059.1949325494
502,2,104132.313900997,42393.7105965991,0.229876717251071,0.0935860028358096,30030,12197,29920.9573184817,12143.8237307866
503,2,107251.94949443,42133.8638732142,0.23676345166014,0.0930123796296936,34460,12902,34393.1006733017,13033.6436659782
504,2,95988.4789716555,45614.7694737742,0.211898839210528,0.100696633657491,27968,12851,27932.8086644264,12998.7964390572
505,2,86471.7398916365,54161.1822988024,0.190890214157505,0.119563220319128,23586,15200,23861.0381898178,15140.3978154585
506,2,93136.5434387362,39582.4540120899,0.205603064598793,0.0873800288130693,27862,11547,27981.3636613798,11516.6860266476
507,2,103890.020404138,44299.0609120097,0.229341843573701,0.0977921484529743,32498,13037,32723.7506419506,13025.3852911115
508,2,95927.2456096937,42266.4817076104,0.211763663838862,0.0933051394011603,27536,12243,27562.6074592772,12207.620128828
509,2,90760.4747452352,43103.0263798384,0.200357787213097,0.095151848994769,26941,12805,26919.4529223146,12758.0349062031
510,2,108526.191192642,44294.4971573936,0.239576396917919,0.0977820737615535,32149,13439,32270.5106986361,13359.149200059
511,2,101459.007777269,42474.7395990437,0.223975275009866,0.0937648779648287,31968,13597,32311.7891843621,13447.6625213465
512,2,102055.209326322,41991.427082498,0.225291416462812,0.0926979440751668,31356,13171,31506.8055947661,13072.07063251
513,2,119702.797790774,40039.1523229544,0.264249253388081,0.0883882106592487,35363,12252,35377.3549854361,12246.8305807313
514,2,100519.091257905,48170.9587864642,0.221900367463233,0.106339535326152,28172,13976,28329.1447168258,13932.5190076166
515,2,110309.76454382,47598.8439259881,0.243513714466967,0.105076566310196,33235,14466,33454.163463689,14277.4517073695
516,2,98171.2641427238,42517.4832682793,0.216717434618545,0.0938592365169347,30690,13821,30747.7403719235,13724.5200842563
517,2,98531.6175577854,35680.212672433,0.217512930819497,0.0787656573900488,29241,11093,29231.7948544401,11222.752234004
518,2,103962.863377388,41219.4188529863,0.229502647678961,0.0909937015509905,30985,12958,31042.5518696282,12898.785232816
519,2,91846.0451495712,42765.758843518,0.202754232192999,0.0944073158985544,29117,13399,29028.1918948431,13367.1952940097
520,2,98878.3809292412,38383.9414100502,0.218278426394376,0.0847342589053454,28840,11776,28858.1748460935,11671.5330257275
521,2,108694.321528466,49057.7224138312,0.23994755211674,0.108297105498179,31864,14435,31879.708836034,14295.5546249943
522,2,113718.316138272,42372.699642252,0.251038243806231,0.0935396202190148,32347,12346,32409.9239570819,12332.5648626652
523,2,102892.879294589,49668.7061042117,0.227140610197506,0.109645879185972,31048,14761,31077.0935712941,14592.9526300213
524,2,92414.3938131436,45352.4054656635,0.20400888716168,0.100117453433313,26085,13029,26045.3291613505,12898.0233783403
525,2,118086.361949189,55271.6212225241,0.260680899329765,0.122014563662325,33868,16069,33762.1964075867,16297.8585815512
526,2,113266.943810946,47609.7204914689,0.250041819305741,0.105100576812546,32922,13937,32784.8063639821,14127.7432825838
527,2,99891.5212498031,38659.8434418072,0.220514978740912,0.0853433249192198,30929,12128,30967.2135962719,12105.4250048891
528,2,91974.2538893743,39486.8534456254,0.203037258691929,0.0871689863079821,28479,12197,28194.1667427099,12270.4112892184
529,2,97932.946391064,41884.7115550139,0.216191337575639,0.0924623647989675,31423,13176,31283.3306073348,13386.9396162559
530,2,127048.888191265,43992.9756085325,0.280466074878288,0.0971164515234982,35964,12700,35907.6494149613,12763.9992782925
531,2,101130.051136185,42565.9207858006,0.223249088584753,0.0939661644925309,31747,13238,31737.1266348125,13255.4661357787
532,2,110364.085150182,49085.9265902372,0.243633629623,0.108359367472797,31121,13889,30930.5184374717,13986.6929299627
533,2,112548.066523996,48569.4177116488,0.248454865701814,0.107219151136552,32111,14274,32242.4442200121,14243.6127513879
534,2,79451.7980513105,47672.4873824898,0.175393380128811,0.105239137517859,23457,14522,23517.8507401816,14415.855458969
535,2,124821.772918239,47679.7119609142,0.275549618797327,0.105255086096254,36541,14149,36433.1337170147,14114.1874574555
536,2,104989.51571919,45719.6339363301,0.231769028413725,0.100928126625482,32034,14286,31733.7304275997,14356.5434880274
537,2,120968.152531732,51063.3686272755,0.267042580292218,0.112724658773832,37797,15276,37384.109152021,15472.3114645514
538,2,94015.6549249703,45723.0160865638,0.207543742328717,0.100935592872642,26871,13199,26837.3689130186,13281.3070763816
539,2,104814.963618964,50812.0953361133,0.231383696884192,0.1121699618009,31316,15400,31432.6082312446,15229.906300207
540,2,104921.877364462,51500.8536191562,0.231619713735479,0.113690426363283,30995,15346,31153.305040883,15330.1350789596
541,2,84942.6987408415,42334.413901854,0.187514787768529,0.0934551027432141,26193,14060,26080.6920469352,14265.7036216028
542,2,70083.660634803,43977.6303220058,0.154712799861373,0.0970825761205624,21504,14007,21487.6987468909,13909.578729001
543,2,98927.1094446631,36825.0725363048,0.218385996760789,0.0812929864905005,29835,11298,29751.9372868436,11342.1330438753
544,2,101281.802140076,38293.8378780654,0.223584085679386,0.0845353513485126,29739,11413,29750.5393520613,11481.7840542409
545,2,108720.476020816,49748.242030978,0.240005289322585,0.109821458283983,33160,15799,33126.4635217632,15769.3239321548
546,2,108415.186268697,42742.6290452449,0.239331348608137,0.0943562558394959,33382,13528,33332.4975592187,13503.5464381618
547,2,105377.992975776,47181.9888741893,0.232626609246469,0.104156340231592,32562,14385,32426.1690268695,14459.1992787064
548,2,84383.0926747598,44089.1616324099,0.186279432472891,0.0973287864518797,25471,13096,25631.1320448153,13007.8524316424
549,2,91574.1947253831,40873.1165277777,0.202154110283146,0.0902292237562202,27869,12704,28025.784145865,12599.8223770309
550,2,91621.0624446484,41141.9283730354,0.20225757285923,0.090822637867855,26895,12129,26894.8427793012,12237.848736377
551,2,104933.531783784,47642.1227008943,0.231645441384802,0.105172106131884,31111,14221,31168.5902062652,14268.4988621831
552,2,100307.450398472,45123.9785897376,0.221433160847149,0.0996131909387752,29367,13046,29349.5105968539,12906.5805232579
553,2,91014.5635651085,48900.8822782972,0.200918699590961,0.107950873918959,25499,13604,25565.8850925256,13581.7826789571
554,2,94382.3223305945,38113.2819032527,0.208353176944835,0.0841367659986329,30260,11932,30249.046719504,11976.2311333108
555,2,81788.5708561929,36902.4018064108,0.180551910091553,0.0814636942957288,27303,12447,27273.602032103,12310.727696986
556,2,91897.3680268247,42999.3960316549,0.202867529728615,0.0949230803891789,28015,12689,27991.4898980507,12830.091861201
557,2,106300.520856795,45098.8900762449,0.234663130600087,0.0995578069286984,32000,13621,31852.4582193414,13621.8450621789
558,2,109370.398365145,54701.4882765757,0.241440021821898,0.120755969810892,31930,15728,31700.4398897969,15796.8419526956
559,2,105071.605967305,48975.842805629,0.231950246289791,0.108116352619095,30741,14254,30956.3613220249,14085.5618065401
560,2,101959.895357235,44854.5940344874,0.225081006634191,0.0990185125443437,30481,13143,30377.2516574903,13214.1991423184
561,2,92365.5898969507,46646.6655649994,0.20390115034471,0.102974590202475,27910,13595,28034.5774014589,13574.0647079178
562,2,94508.8000266483,33691.74735028,0.208632382087649,0.0743760316965422,29449,11069,29473.8896257476,11120.7306138259
563,2,87658.2102884152,47829.6131450567,0.193509400361188,0.105585999631465,25692,14149,25617.2473508258,14026.9734991255
564,2,90226.770145982,42226.8499748713,0.199179610558204,0.0932176505873642,27763,13371,27864.3718386296,13286.4905430985
565,2,117505.904822817,58192.3402095584,0.259399514390579,0.128462180810165,34151,16468,33919.6791854078,16537.2922581058
566,2,101709.178623441,39773.3838498039,0.224527538286417,0.087801514926983,32356,12318,32334.9218007057,12297.2418857877
567,2,94339.9723689126,45088.4038485053,0.208259687519675,0.099534658114283,27938,13923,27874.3538195311,13814.0749308897
568,2,100544.114010236,50801.735584077,0.221955606302618,0.112147092187229,32939,16340,32737.8987143543,16318.7715429692
569,2,101576.911990075,45515.7347639149,0.224235553806856,0.100478010128026,29197,12840,29188.6377640688,12849.2193346378
570,2,105798.79984911,41522.1326115118,0.233555559146984,0.0916619556449381,30347,12141,30335.4759318032,12110.8107891334
571,2,105077.768746398,46097.953322114,0.231963850898907,0.101763283506362,31438,13494,31630.3063469656,13413.4305441022
572,2,112882.904818161,41362.6043345047,0.24919403613786,0.0913097898737829,31906,12513,31951.8499958835,12560.8231337766
573,2,113491.684424944,55694.843976386,0.25053794421302,0.122948846726622,33821,16737,33923.9724360617,16636.3417069416
574,2,104709.584546438,52058.5634488722,0.23115106789179,0.114921595632753,31001,14638,31025.5990860875,14610.7228879057
575,2,101496.456447892,50249.3320675321,0.224057944616884,0.110927636840236,31372,15574,31332.8068335809,15588.1537815037
576,2,93245.4562115268,49463.2122176944,0.205843494391792,0.109192242286165,28592,15369,28638.3403570952,15322.7839751282
577,2,108318.529968126,38047.2114437048,0.239117975523026,0.0839909125187746,30805,11296,30775.841586196,11319.064024468
578,2,112473.568329262,53907.7715494109,0.248290407621464,0.11900380481203,35323,16028,35414.979729016,16091.5707008828
579,2,112869.799942422,43057.1608698317,0.249165106541444,0.0950505988402262,34000,12649,34180.7876682593,12668.0622539396
580,2,108174.718693133,44668.497574207,0.238800505733288,0.09860769632622,32967,13530,32976.4596844937,13549.0133240133
581,2,108357.802215231,43874.631923758,0.239204670756285,0.0968552025725795,32322,13396,32364.8843069466,13419.4500309422
582,2,104414.540429555,46771.3833120617,0.230499744873099,0.103249910179565,29038,12911,29050.9327600775,12935.2469955413
583,2,89275.2334658059,43643.3822992116,0.197079050989434,0.0963447087348376,26541,13145,26624.4585354495,13169.1794738415
584,2,91238.5896462222,51040.1045468956,0.201413247135098,0.112673302281046,28342,15708,28383.6362501604,15617.297096716
585,2,111685.672379372,53165.0033988575,0.246551092247485,0.117364111063457,31691,15062,31732.8415956438,15154.1654149233
586,2,93355.7230425683,40882.2875148732,0.206086913328642,0.0902494691183801,27037,12167,26851.3012045937,12123.814580926
587,2,96753.6156746365,35190.2109069153,0.213587912534077,0.0776839566855824,32420,11696,32545.2302148158,11488.8575813109
588,2,98492.2804067201,41190.5171435494,0.217426092307856,0.090929899741164,30290,12328,30107.4093714391,12481.0882227602
589,2,98220.5966927907,42281.5820367339,0.216826338418318,0.0933384740497269,29217,12731,29236.5893432106,12691.2268842002
590,2,91108.1330531143,44016.0681224744,0.201125258399959,0.0971674292757364,27237,13452,27228.297765278,13384.8053050857
591,2,91759.01247592,36093.2597623339,0.202562103692604,0.0796774772232929,26842,11231,26847.4843131468,11188.2956123555
592,2,97142.9700528992,55856.7517405244,0.214447429651957,0.123306265321517,30108,16732,29715.8245143233,16761.061117022
593,2,90893.2480521562,44487.5711389164,0.200650890197081,0.0982082931683483,28582,14338,28490.2832243258,14491.3086385972
594,2,80314.8377583678,40190.8999358287,0.177298578690943,0.0887232002680592,25944,12302,25755.4569138641,12334.0581838645
595,2,80961.0633863909,41498.0380645874,0.178725150524493,0.0916087658602964,23269,11676,23287.0110928714,11641.0866738395
596,2,115018.556754074,49644.1095540741,0.253908582831648,0.109591581206896,33727,13858,33858.7650141919,13760.2569037945
597,2,106977.647212806,54294.4807463066,0.23615791716588,0.11985748257432,30866,15230,30796.8184564485,15195.7502201336
598,2,85729.3791738813,35739.1842954598,0.189251419834967,0.0788958398723592,26587,11419,26600.7940595059,11456.9251460841
599,2,89575.3510341795,38551.6602201477,0.197741573878081,0.0851045056428099,27849,12442,27735.3561204931,12409.6322094734
600,2,88180.099223182,46601.4092756674,0.194661493410881,0.102874684929684,26552,13698,26565.4340000209,13634.6439461917
601,2,97806.4015568906,39492.394566327,0.215911984222438,0.0871812185785335,30012,11530,30241.1762009301,11509.1355152059
602,2,90330.2583385209,50665.774956608,0.199408065348882,0.111846953051286,28011,15348,27741.4105912149,15362.0273604364
603,2,104525.585364978,47248.1720477773,0.230744881510001,0.10430244253271,30739,13698,30532.0175548686,13743.0908704825
604,2,91542.6890208873,51848.9817705635,0.202084560038339,0.114458934750644,26777,15564,26940.2597548234,15544.1150570672
605,2,107404.480842522,49417.3079987638,0.237100171399323,0.10909090667995,32025,14432,32115.2826377087,14370.7410251699
606,2,92602.282908351,46864.0114829013,0.204423660701185,0.103454390989027,27509,14822,27811.9644093896,14511.3163818955
607,2,80188.8626383332,43126.3572209958,0.177020483007058,0.095203352864942,24476,13005,24433.451456595,13052.1495479205
608,2,104777.230394486,53094.7793685031,0.231300399111873,0.117209088391193,32035,16108,31975.1935832686,16056.1813825364
609,2,98272.6549968062,39669.0438654004,0.21694125944124,0.0875711797678556,30043,12620,30126.9276006636,12635.3176703814
610,2,103339.187272479,36916.2575909147,0.228125854921232,0.0814942815566604,31743,11262,31853.7933642927,11216.680891069
611,2,95778.3837233733,49169.9204777964,0.211435044599846,0.108544787717656,30590,14915,30551.952729312,14873.4460075002
612,2,94136.8927945094,44438.4300534925,0.207811380321307,0.0980998120352954,26170,11971,26165.0308814403,12020.9974673612
613,2,101587.136533694,39977.8189093745,0.224258124941929,0.0882528144191829,30780,11904,30854.9075908336,11997.8744182062
614,2,83869.7565305333,36018.9905401785,0.185146220088949,0.0795135246101002,24662,10733,24586.2395760271,10824.5328578034
615,2,95181.4082353039,49822.2356818512,0.210117194642077,0.109984802561306,26529,14124,26671.0972679518,14171.2885064042
616,2,81128.7809156206,44463.8730684631,0.179095394434384,0.0981559786231614,25713,14722,25504.2710707397,14757.6551463305
617,2,99319.2756936065,48793.580384987,0.219251721208336,0.107714000214103,28967,13409,28721.6844519888,13709.8937159746
618,2,92259.0089881703,36387.329771261,0.20366586824529,0.0803266498553197,30179,11550,30250.4023608657,11502.2739448204
619,2,91829.9887102615,44795.9019379824,0.202718786888646,0.0988889471292703,27841,13500,27791.3332178258,13586.1903519378
620,2,95542.8432441091,38779.2807679751,0.210915078509354,0.0856069881321859,29890,12034,29593.7635541006,12129.5393534744
621,2,102483.30014505,46200.5091416582,0.22623644599695,0.10198968004216,29856,13673,29916.0497811146,13649.3912384326
622,2,100885.402530372,50183.4949343375,0.222709015899556,0.110782298438687,30158,14797,30137.5732206599,14799.017671123
623,2,102439.468614668,54868.6910154508,0.226139685942949,0.121125077298166,29982,15503,29761.687850405,15510.6846594648
624,2,98869.6297762203,50340.7465589427,0.21825910783462,0.111129438398344,29206,14345,29007.5168519427,14457.5127308447
625,2,76978.558035029,35524.2999621656,0.169933592723556,0.0784214731433792,25564,11621,25538.4733257673,11714.0889032968
626,2,93759.3758701762,53509.6716551442,0.206977994909791,0.118124981578359,28204,15968,27904.6141096021,16156.3155332408
627,2,83624.7260360324,42842.6912175317,0.184605304367477,0.0945771475379955,26180,13094,26048.5045784696,13079.9038784199
628,2,92196.3451734686,45276.5694975057,0.203527535085539,0.0999500421585938,26371,12494,26494.2440437127,12370.3734237321
629,2,90753.3066367523,42963.599285195,0.200341963294611,0.0948440574782668,28013,13093,27959.4576791773,13190.9102888162
630,2,104147.07915422,45527.7121337332,0.229909312204674,0.100504450704942,30179,13687,30377.0538223263,13610.333849687
631,2,103204.785753043,46146.233051537,0.22782915758566,0.101869863157709,30211,13429,30231.6122015902,13496.3132784146
632,2,121318.519549556,46611.2301093735,0.267816031076832,0.102896364857157,34267,13934,34378.0389140684,14020.180263052
633,2,89569.6273014998,44950.3669589884,0.197728938483461,0.0992299355374673,26963,12948,26959.8133710066,12998.5174180974
634,2,109485.847289017,51460.7784115934,0.241694880459295,0.113601958559077,34093,15964,34052.4796485281,15921.8249515935
635,2,99749.0198343663,48033.7353781092,0.220200400524438,0.106036608545204,29319,14027,29308.0546912493,14098.3921253662
636,2,109304.155022398,44315.067457653,0.241293786694684,0.0978274836148387,33019,13328,32843.5552880123,13320.8589449977
637,2,94949.6802480013,41894.614315958,0.209605644797262,0.092484225584465,31234,13831,31259.384345489,13741.2864211938
638,2,100564.644286327,35625.0087509406,0.222000927800771,0.0786437922765536,29357,10307,29525.8780992599,10296.094550375
639,2,94915.1238343547,38993.1573160511,0.209529359976235,0.0860791301304462,30896,13176,31080.6042948714,13024.1192872515
640,2,110128.801975505,41812.3204317594,0.243114231543834,0.0923025581726817,32925,12313,32849.0442015608,12399.9292632421
641,2,109269.631536921,44425.330494381,0.241217574564056,0.0980708941755727,32140,13168,32227.4332984835,13017.2415994623
642,2,99880.0976374984,47037.9452140832,0.220489760608352,0.103838357441375,30614,13849,30557.6455567703,13876.2359527129
643,2,99467.4910316225,40072.5114748528,0.219578913163196,0.0884618524716834,29695,12310,29704.6242776001,12314.3904518388
644,2,88076.4790185522,51965.3640261126,0.194432747197637,0.114715853759255,26092,15168,25950.9027822333,15574.8116335494
645,2,100017.738456768,46354.2471761439,0.22079360884247,0.10232906359526,29721,14077,29660.1527236777,14055.7074719634
646,2,114895.706207479,42115.2047981613,0.253637384782687,0.0929711888911092,34523,12991,34520.6634710147,13031.1702102578
647,2,95916.4338663357,52222.7641065687,0.211739796434232,0.11528407589222,28749,15403,28641.7718672833,15438.6663393655
648,2,93010.8968985921,46529.1510534364,0.205325694269638,0.102715171688322,29235,14645,29528.648061897,14432.0404999683
649,2,101353.081613624,40099.9526877674,0.223741438289472,0.0885224301704387,29366,11908,29455.7971258653,11753.8989920755
650,2,104771.333316731,45294.2508677039,0.231287381050286,0.0999890745701998,31693,13814,31551.2872335192,13847.22484851
651,2,93121.8800652036,40046.980065354,0.205570694549139,0.0884054907489624,28895,12872,28948.6034645483,12782.770733497
652,2,108550.877432067,57166.0419012481,0.239630892890089,0.126196581620091,31974,15937,31695.6881906633,16050.4441019416
653,2,87257.2779607445,40233.175496768,0.192624324404723,0.0888165254502684,26178,12348,26126.775942584,12343.1649227599
654,2,95989.8322004572,45444.565047752,0.211901826523332,0.100320899812253,27928,12220,27688.5525244903,12372.5893711585
655,2,115315.367927981,48184.0590359959,0.254563806707362,0.106368454710008,35216,14675,35013.0888815636,14862.8402146491
656,2,89787.9640661177,47211.2690632073,0.198210926608235,0.104220977551938,27773,14539,27775.9515072302,14354.5519277388
657,2,105527.018186212,49455.5429748993,0.232955589030738,0.109175312091382,29041,14261,29119.109245764,14286.9982355871
658,2,107904.891201844,47977.486124913,0.238204849537837,0.105912435815452,31916,13455,31808.3679973644,13489.7775764267
659,2,97087.1704181367,41192.3880876464,0.214324249474906,0.0909340299335229,27604,11922,27631.0148883699,11860.8309452146
660,2,110837.48449716,44287.4951346039,0.244678679749664,0.0977666164846265,32450,13190,32670.4283417165,13190.820991239
661,2,93844.547189155,48215.4277398296,0.20716601438691,0.106437702519757,29388,15571,29585.3953077202,15457.7112846102
662,2,95093.0270454725,46021.9792803084,0.209922089232199,0.10159556742792,28919,13940,28848.3070512224,13874.9486993802
663,2,103390.020257332,45831.2018061359,0.228238070997572,0.101174417663305,29888,13427,29911.5763623839,13286.3966987387
664,2,97191.5144539912,45480.6125939472,0.214554593577792,0.100400476374742,29786,14272,29708.898022373,14322.1889680221
665,2,102129.677065962,42058.2610635489,0.225455807312187,0.0928454830627228,31794,12910,31948.8736991181,12749.7202117228
666,2,98714.3318389522,44315.8579148452,0.217916280726706,0.097829228584269,27248,12697,27235.5051882325,12760.2918735978
667,2,91500.8114582413,47391.9780798384,0.201992113455075,0.104619900748442,27068,14238,27196.5404454496,14381.5793504623
668,2,98754.3095728731,49100.1594591868,0.21800453335351,0.108390787164424,28578,14054,28418.9685696363,14049.9127174409
669,2,94112.9556664661,41102.4502821618,0.207758538045851,0.0907354882253148,28857,13373,28854.6638014817,13329.0882354575
670,2,102706.8634605,42394.8380397932,0.226729971965288,0.0935884917168365,29736,11977,29753.6000101983,11920.3408363964
671,2,90709.2421771897,41530.4187800963,0.200244689039077,0.0916802477308568,28206,13006,28274.1414197223,13053.8682676361
672,2,110053.948901168,47076.7913753774,0.242948990050967,0.103924112071245,33615,13925,33514.3832782045,13879.9884588183
673,2,119311.075311619,40853.4315116041,0.263384508582092,0.0901857682069531,33975,11788,34130.9750500793,11681.9051378419
674,2,104694.743453233,43764.6939645752,0.231118305518051,0.0966125096349939,33817,13382,33811.3803603939,13533.7508712726
675,2,89304.4131299158,42695.20537709,0.197143466396572,0.0942515659814964,26459,12719,26487.0753273169,12696.6590900819
676,2,113966.834166991,41372.5221037616,0.251586858414697,0.091331683790799,32758,11874,32755.4523507788,11911.8853160058
677,2,98927.4670573039,45590.6010577613,0.218386786206608,0.100643280803549,28461,12858,28501.4758184621,12787.7647334857
678,2,82191.892593041,39101.1839990265,0.181442260775115,0.0863176038407444,25315,11660,25469.1394682995,11884.4060293856
679,2,93084.6648977203,40334.2398804895,0.205488540410692,0.0890396295751127,29341,12041,29245.7484539892,12119.0568229459
680,2,91722.2720727985,40344.6914015437,0.202480997617615,0.0890627017729755,28824,12575,28724.3044154813,12516.0981989488
681,2,109971.31425305,52067.5414526405,0.242766570387668,0.11494141497563,32586,15492,32716.695850463,15445.197749905
682,2,107356.135373805,38797.973319419,0.236993446625558,0.0856482527713934,32324,11823,32401.245768828,11910.371423102
683,2,89782.1998077461,42970.7276248344,0.198198201751347,0.094859793605261,27838,13675,27811.8958434778,13645.3555288197
684,2,95597.7629000635,42383.8941300831,0.211036316094023,0.0935643325491026,30510,13337,30468.5410899116,13275.2454316694
685,2,108963.35542769,45665.891995214,0.240541456422387,0.100809488898731,31009,13094,31157.269751572,13008.9697663661
686,2,86867.168331758,44311.4471724978,0.191763140037259,0.0978194916742411,26589,14199,26709.5505273065,14061.5792962156
687,2,107347.487317331,38774.92285264,0.236974355656018,0.0855973678401384,32433,11931,32365.5609570161,11899.5012299857
688,2,97435.3400774373,40883.2502009655,0.215092849492789,0.0902515942907722,29359,12865,29550.4084327474,12845.0400324444
689,2,112841.003221034,40474.5616345683,0.249101536497407,0.0893493960921347,33804,12652,33967.7269967487,12574.0788591036
690,2,99528.2041826434,42684.75834412,0.219712940146059,0.0942285036912793,29249,13157,29204.764158526,13327.6578703977
691,2,87322.7010773447,44874.0985127822,0.192768748846215,0.0990615695482088,27790,14236,27708.0340640551,14409.9226165293
692,2,88455.1885069446,39904.1151155168,0.195268765247388,0.0880901100141213,28579,13118,28653.7900781978,13160.1869872337
693,2,118655.488099537,46851.4408836107,0.261937270635104,0.10342664083165,35472,13575,35544.265307103,13520.0916922585
694,2,98750.6310992618,38169.3302603235,0.217996412959306,0.0842604952412482,29294,11373,29299.2965515977,11301.2574210975
695,2,97171.2285615586,38678.3880044645,0.214509811567442,0.0853842628665947,29900,12298,29854.8801239148,12361.5557223906
696,2,107508.832317886,43647.2974343944,0.237330531925258,0.0963533515699933,31551,12254,31540.8815254068,12266.4394627392
697,2,106010.829786311,47823.2730997331,0.234023624669555,0.105572003699255,30772,13781,30751.8554418308,13691.4625740312
698,2,92470.3139444447,39370.2370002366,0.204132333340202,0.0869115503148767,26751,11310,26817.4493694585,11234.6694109512
699,2,93506.6373306305,42234.4623107911,0.206420063335844,0.0932344551576873,27025,11732,27066.0118372725,11881.3023697391
700,2,109665.814075952,48783.6810684837,0.242092165150714,0.107692147032362,32743,14877,32602.0851773831,14910.1820193037
701,2,107651.731444683,43034.4100770244,0.237645988107259,0.0950003754526005,31708,12884,31605.2294776467,12649.2666612644
702,2,104192.001647382,48683.8468306267,0.230008480607565,0.10747175850926,31475,14044,31504.3994969636,14041.6300489112
703,2,93322.9493765653,45821.5773444737,0.206014564002378,0.101153171235858,27941,13567,27948.5515718817,13526.3489515518
704,2,99450.9792638907,36640.4769265431,0.219542462701087,0.0808854834666905,28005,11079,28149.0989688363,10959.7342928536
705,2,98986.6292891755,44783.9748787177,0.218517389466427,0.0988626176151404,30242,13817,29926.7856598457,13831.427844814
706,2,111162.908980919,41483.8630723682,0.245397068780285,0.0915774739341274,32386,12517,32571.7258748486,12569.8752590297
707,2,95292.8506012542,41649.5365502335,0.210363208624554,0.0919432055096636,28676,11752,28707.5115182345,11711.9164310569
708,2,111420.973175096,46649.5633484342,0.245966756973846,0.10298098718837,32252,13208,32176.120853087,13082.0293026551
709,2,122865.444355019,41358.5959007909,0.271230936429382,0.0913009410779681,37313,12280,37111.3792411201,12392.4853149395
710,2,92608.3175736619,50638.0541160947,0.204436982493426,0.111785758062162,30221,17175,30164.1436025334,16900.9769875081
711,2,98180.7516876873,46232.5082603413,0.216738378796286,0.102060319520745,29574,14618,29601.7849824126,14842.0036246659
712,2,97762.2855461392,44062.450989601,0.215814596165361,0.097269821519146,30400,13488,30297.7088608073,13519.4137696538
713,2,99092.7936708756,51465.1750492743,0.218751752063779,0.113611664332426,29906,15752,29725.9757256572,15719.152051672
714,2,95066.5195446607,38791.2931970466,0.209863572744465,0.0856335061039635,29170,11820,29361.6901347765,11758.835480459
715,2,94151.0914351544,46581.2768986166,0.207842724452428,0.102830241811371,28023,13842,27893.4820776613,13815.5772364013
716,2,97955.359999227,52452.6855997025,0.216240816613156,0.115791637820762,29743,16788,29900.6065682239,16723.0294451037
717,2,103890.034906422,47044.7164788757,0.229341875588139,0.103853305309753,30250,13853,30188.0982520688,13762.5338993568
718,2,92300.1527362944,41925.0722195545,0.203756694900339,0.0925514627621559,27548,12236,27370.5745450703,12254.650757281
719,2,91176.4254329763,37267.0170833722,0.201276016867795,0.0822685987464948,28156,11289,28101.1855886272,11284.5580265528
720,2,89683.5851574673,37523.5665515712,0.1979805055221,0.0828349431150467,26223,10900,26203.5053710927,10919.4712428212
721,2,109324.633486582,42588.398080467,0.241338993815744,0.0940157841208387,30572,11746,30725.0956593525,11678.5804587879
722,2,105557.334788234,44002.0686987978,0.233022514278915,0.0971365249249385,30224,12761,30183.1789632318,12849.1930190391
723,2,96877.6058236303,41660.7407168267,0.21386162630605,0.0919679392060494,30776,12855,30685.8706222762,12781.1198841764
724,2,93005.6448962095,51782.6842522823,0.205314100240643,0.114312580028527,26930,15130,27014.0003202421,15023.2479297198
725,2,117231.565662924,44860.8579992366,0.258793898485899,0.0990323405252998,35659,13674,35790.1764414112,13629.6176881232
726,2,105964.800886347,45853.0504103522,0.233922013824409,0.101222649429465,30962,13128,31146.2678112959,13109.7772012923
727,2,99349.6367406397,34287.6651093208,0.219318744570853,0.0756915466704066,28574,10171,28601.8164477237,10130.9786530083
728,2,113616.396461334,42775.2631166988,0.250813251583546,0.0944282970045802,33486,13193,33588.1190879387,12857.8155321511
729,2,88729.0369778946,43518.9481823173,0.195873297934389,0.0960700148839655,28711,13637,28639.8341007365,13741.8190215201
730,2,79330.0158826218,38202.4169988806,0.175124540571626,0.0843335356891084,25506,12129,25497.4262778394,12148.262019765
731,2,101924.891952259,41187.1526315812,0.225003735059911,0.0909224724312597,31447,12272,31550.487247104,12250.6567150848
732,2,112048.963366729,50736.635956038,0.247353073270012,0.112003381861132,31181,14055,31220.6219111176,14100.2348241433
733,2,99337.9331512543,39022.9562303975,0.219292908376427,0.0861449125600397,29413,11708,29560.307697082,11689.8598966189
734,2,91638.0222182054,40079.6563202551,0.202295012314137,0.0884776250358838,27308,11635,27314.4422356282,11571.5840696801
735,2,106066.668011655,43571.710738279,0.234146890037033,0.0961864905744008,32026,13217,32143.6252297451,13250.1598442588
736,2,101820.53756063,45482.370987152,0.224773368096192,0.100404358105998,30033,13509,30055.1574262572,13711.5776146622
737,2,99834.7521226254,39873.6847896462,0.220389658366208,0.0880229337154877,30239,12029,30165.1814371141,12148.9244092872
738,2,104542.149708475,48724.0140381637,0.230781448035452,0.107560429407503,30920,14354,30871.9696877701,14357.9170326099
739,2,105620.494523141,41493.6599010782,0.233161942204588,0.0915991008695037,30435,11727,30506.2378631833,11682.0390172474
740,2,73405.9190376326,38843.2589397394,0.16204683313973,0.0857482227936463,23572,12934,23603.7178169026,12929.118788561
741,2,122350.781792381,42509.1604764971,0.270094795917766,0.0938408635836771,33757,11874,33742.5245936076,11993.7498977146
742,2,99060.3461262477,49539.01757416,0.218680122664965,0.109359585984212,29047,14259,28824.3949018005,14426.9301831552
743,2,95955.3110856108,42728.4671791761,0.211825619625977,0.0943249928898878,28319,12764,28474.9077662254,12577.7321826012
744,2,98516.9353612474,45913.8236744838,0.217480519217221,0.101356809114695,30221,14009,30093.0869784443,14127.7091388907
745,2,88592.0590668647,38910.4372835894,0.195570913099712,0.0858965219774067,28778,12421,28610.247628636,12470.074420987
746,2,95096.6178341712,37380.3527163027,0.209930016058057,0.0825187922000889,28669,11455,28855.2574053421,11386.2115889544
747,2,99609.8579090442,38176.8480111138,0.219893194381014,0.0842770910106886,28124,11021,28052.8753593597,11074.2364186979
748,2,91685.9752683696,32782.198740068,0.202400870806481,0.0723681626608594,28300,10323,28360.591315971,10291.8920107099
749,2,92690.5216120753,42980.1900946177,0.20461845156664,0.0948806824284264,28313,13041,28099.8055553101,13063.3416948755
750,2,113709.073100226,48920.764443457,0.251017839388391,0.107994764683387,32107,14011,32190.0093183733,14011.765153795
751,2,100143.539742402,44466.5334859558,0.221071320779178,0.0981618516131759,30479,13768,30322.7008852549,13821.8722017899
752,2,100787.186800502,45399.2583049334,0.222492200304867,0.100220883161145,30222,13466,30551.3479103016,13421.1787438064
753,2,112269.857229732,44113.0744231339,0.247840706303273,0.0973815750016202,33850,12910,33971.625992607,12818.8359415594
754,2,106274.033098993,37369.8172200943,0.234604657695927,0.0824955346233362,32908,11334,33012.6007997197,11311.9694613263
755,2,97973.9928108012,53443.34860015,0.216281949373943,0.117978570482812,29413,16480,29329.8052182123,16473.0928967307
756,2,93215.4330779475,44476.4999791945,0.205777216988264,0.0981838530905502,29359,14215,29312.8338988234,14149.8661532773
757,2,98843.9075573005,45894.6538027793,0.218202324891611,0.101314490769769,31005,13671,31056.0317893932,13807.2394083826
758,2,109840.573678451,41381.4200077798,0.242477954750748,0.0913513263099122,33689,13041,33828.4576529533,12908.0426954364
759,2,113753.775751059,47536.8310804618,0.251116522479556,0.104939670193871,33586,14093,33588.3785010692,14158.9967676454
760,2,83927.2274709121,35874.1529355505,0.185273089747528,0.079193789152017,25283,11254,25348.3926815452,11337.0820917717
761,2,85790.318442039,44771.2663787815,0.189385945981472,0.098834563035951,27021,14297,26908.0665507906,14350.5300316292
762,2,99344.7258905992,38149.5359706688,0.219307903650835,0.0842167984659083,31426,12182,31422.2662281975,12167.3422511827
763,2,122170.387176679,49471.0406114464,0.269696566775306,0.109209523813768,35321,14631,35407.455590203,14529.8155798414
764,2,120737.533015825,46931.8647129744,0.266533477447339,0.10360418001416,36053,14427,36154.8299257653,14256.9409743864
765,2,100748.544937588,45650.3859818146,0.222406896672762,0.100775258684071,29613,13274,29700.9086114057,13351.5716419183
766,2,104656.892394728,50567.9922665451,0.231034747621875,0.111631093411241,30430,14168,30380.7416076427,14292.6720022264
767,2,114195.802579308,50633.4771756457,0.25209231637492,0.111775654262428,33666,14564,33363.6685391485,14693.8840138034
768,2,106389.274167606,44909.3542690597,0.234859057483589,0.099139398199217,29502,13007,29732.7356901022,12851.8465577708
769,2,100487.070808887,44661.6679565864,0.221829680896986,0.0985926196413764,29443,13077,29313.8542796624,13144.0495545422
770,2,92063.4399517603,41804.7126936958,0.203234140893791,0.0922857637523308,28478,12494,28474.0982174605,12465.1774284375
771,2,94770.4725422905,40252.1357756782,0.209210035811428,0.0888583811097727,29086,12260,29160.4912074946,12200.6735681887
772,2,108967.077270096,45640.0334890017,0.240549672555137,0.100752405095458,32278,13087,32266.0918780664,13164.3022764726
773,2,77473.977543153,45154.0227548239,0.171027253335938,0.0996795147702915,23253,13221,23463.586915695,13215.5131936988
774,2,96700.8062422174,37073.7853533948,0.213471333361775,0.0818420311029662,29423,11599,29546.6184210679,11559.7712188312
775,2,109758.586925869,52615.388868748,0.242296965345677,0.116150812528142,31785,15385,31587.9062230321,15519.6133618592
776,2,97724.1721373347,44420.8247957012,0.215730459119222,0.098060947645215,29145,13103,29120.9515249689,13112.2093038081
777,2,105689.952596495,48503.0679797836,0.233315273992686,0.107072681150624,30528,14132,30543.2332266358,14112.0401277173
778,2,95995.8941781527,43288.0917077497,0.211915208608878,0.0955603889422986,28387,13095,28303.328821006,13153.2261155703
779,2,102911.546123283,50488.5590459276,0.2271818180526,0.111455741041625,30295,15391,30280.8485154767,15355.0260571059
780,2,107855.490249545,43460.6758283612,0.238095794737093,0.095941376069249,30569,12684,30680.6091913313,12663.3101403299
781,2,114390.773107093,37787.7507123325,0.252522722491994,0.0834181414072048,34718,11350,34731.8473430603,11389.4978649193
782,2,95929.974794282,49861.9823229308,0.211769688635301,0.110072545040378,26737,14812,26663.7116839801,14858.3094603521
783,2,89212.0297073231,42750.7305344857,0.196939525879757,0.0943741402375443,28519,13225,28389.1960853515,13273.5954507422
784,2,84311.8995598916,43335.056233533,0.186122270503434,0.095664065223079,27140,14358,27047.233576431,14585.161041779
785,2,111753.725406737,53447.0504079045,0.24670132233403,0.117986742388176,32309,16071,32335.4203143698,16011.1477224636
786,2,95503.1788262735,50888.3945779267,0.210827517541752,0.112338395772832,28308,15384,28437.5496846808,15254.6436256096
787,2,96283.6023550488,44421.011600035,0.212550337213568,0.0980613600240954,27665,12689,27699.1331172652,12469.1743790625
788,2,96384.4839924628,37259.835473335,0.212773037917806,0.0822527450227268,29201,11192,29122.0934811748,10914.5026056347
789,2,109533.890915103,49133.5162187856,0.241800938902018,0.108464423695751,31718,14527,31926.9799290197,14566.6535343514
790,2,102050.932494891,52416.9852247137,0.225281975167091,0.115712827654161,30981,16309,31166.4547018331,16263.5780018993
791,2,111720.339812545,46500.4854867321,0.246627622149055,0.102651891174087,30258,12939,30343.755529367,12927.4255530097
792,2,97838.2553474586,32815.964811003,0.215982302882741,0.0724427027651769,32704,10825,32688.835566885,10827.2164649362
793,2,95152.5000302033,46858.0629322671,0.210053378492784,0.103441259298767,28757,13453,29001.670908993,13375.1426285533
794,2,83702.64802781,40387.6647375239,0.184777320632174,0.0891575673246413,26039,12060,26092.848232313,12208.5568236551
795,2,100826.226386292,41403.4976679343,0.22257838192792,0.0914000637272498,29794,12157,29705.0743288795,12234.740359178
796,2,106827.534018101,43723.6698192091,0.235826535607916,0.0965219470083558,30816,13157,30824.3962011583,13132.7849865823
797,2,90373.7251920321,44120.7242241432,0.199504020362461,0.0973984622777957,26453,12923,26529.131996529,12763.7090969425
798,2,87845.3388821734,39851.5243653759,0.193922495059898,0.0879740135926813,27430,13182,27694.1130812367,13076.7290369016
799,2,104491.506976193,49220.9098284357,0.230669651950128,0.108657348978427,31972,15068,32108.9395140634,15043.4008583591
800,2,113535.097221159,42297.4533174262,0.250633779892712,0.0933735106081923,32015,11712,31936.5092768957,11661.834221916
801,2,107305.809004503,46756.415785524,0.236882348925595,0.103216868698617,31293,14351,31519.7421389625,14213.3397813247
802,2,100646.441512334,52912.6295227874,0.222181498817494,0.116806984500361,28598,15165,28767.4248389583,15140.0277383809
803,2,101784.985116886,46225.6706730588,0.224694884494396,0.102045225242518,31683,14748,31572.8300632232,14693.3164387278
804,2,96090.6791715333,42293.1044672726,0.212124450700086,0.0933639103279365,31248,13258,31215.543851206,13239.9072162249
805,2,100085.476857891,53649.6775419452,0.220943144377585,0.118434050804308,28299,15082,28700.2892652076,14969.5683774294
806,2,98901.8562816404,49701.8446618618,0.218330249279547,0.109719034026786,30871,15590,30803.5381961344,15500.1092966477
807,2,92693.7513444736,34451.2013347541,0.204625581344645,0.0760525601660825,29053,11137,29003.6690684154,11155.7473554604
808,2,95307.9123744224,35133.9417634424,0.210396458159134,0.0775597400471584,29868,10881,29791.2415539672,10892.4606425221
809,2,105211.680557161,46364.5890204674,0.23225946718079,0.102351893676858,30881,13177,30885.7255880458,13156.8220759262
810,2,119124.823596611,44541.3210994495,0.262973349632247,0.0983269485983186,34305,12787,34357.0226119973,12809.8372104207
811,2,93550.813879133,41466.0492531852,0.2065175850327,0.0915381491354929,29020,12584,29076.4189642895,12730.2471916528
812,2,102107.354454809,41603.8348404555,0.225406529154618,0.0918423169514152,31605,12609,31617.77566154,12664.6035828354
813,2,114545.604009493,50374.9110966008,0.25286451859965,0.111204858135686,36463,15945,36300.6945340964,16001.6704371927
814,2,103142.610655962,39316.5174667147,0.227691903291807,0.0867929620538878,30842,11475,30654.3895125282,11607.0146491388
815,2,88131.7548436796,45794.4779951414,0.194554771041607,0.101093348216175,27520,14022,27570.4068577205,13824.9368123602
816,2,93742.0511394006,36539.0430133451,0.206939749795583,0.0806615635890813,27941,11200,27952.7256067578,11156.2534389909
817,2,103261.580491814,45060.5496474594,0.227954534499096,0.099473168725848,30992,14141,30872.4123126074,14165.9864990353
818,2,93130.5401571732,35906.5243578282,0.205589812087571,0.079265250507356,29716,11386,29515.4073036872,11509.7456071185
819,2,97466.5725503553,38875.3101472063,0.215161796566728,0.0858189772605396,30633,12337,30541.3246124841,12355.986933365
820,2,103705.145097654,39143.7283096431,0.22893372310693,0.0864115222998267,31211,12793,31495.5316828137,12581.26692319
821,2,88236.570038006,42997.5029277134,0.194786155247788,0.094918901277977,25592,12417,25642.3017854478,12487.031664985
822,2,94095.2814753625,41379.1522796498,0.207719521482416,0.0913463201991423,27748,12484,27822.8713639209,12365.8415541603
823,2,101335.178802087,41302.0457322625,0.223701917036254,0.0911761040642275,32127,13135,32305.0001603003,13075.7718867989
824,2,95024.8501650841,38371.5653678266,0.209771585734591,0.0847069382413521,30405,12176,30195.0764231336,12231.3783926991
825,2,120623.079817918,51590.4020711017,0.266280816919323,0.113888108556226,34637,15300,34545.5845985176,15199.693084247
826,2,114978.895370564,48721.3859410722,0.253821028562455,0.107554627766213,33455,14439,33555.6661835617,14536.1622698245
827,2,112789.58659564,51521.5951197893,0.2489880320086,0.113736214149012,32906,14248,32914.3530205867,14260.1259787836
828,2,113109.379220897,54266.3204737438,0.249693988460938,0.119795317519391,33255,15827,33131.828146298,15843.6585796467
829,2,110946.946960949,58386.0613114511,0.244920323010008,0.128889828763976,32327,17145,32408.7817261462,17245.4649560782
830,2,97540.0299997032,34730.673190893,0.215323957155321,0.0766695067261518,29786,11334,29828.8289524423,11308.7230028074
831,2,117469.405921187,46158.0970395507,0.259318941440881,0.101896053439246,35232,13743,35096.5584751075,13865.8865288448
832,2,106877.483262869,49329.8465272511,0.235936800788687,0.108897831589192,30746,14014,30778.6215732098,14080.8457474536
833,2,89922.5058065947,36883.6317067825,0.198507933487997,0.081422258465453,27537,11252,27610.9181740092,11262.2105354982
834,2,106351.536026082,50387.6134249481,0.234775748856672,0.111232899090819,31707,14765,31631.0357626334,14633.4362317659
835,2,118178.512496824,40176.4152671447,0.260884325764747,0.0886912247173123,36529,12867,36622.7357141195,12634.0668730082
836,2,95776.2257609072,44999.1761197864,0.211430280801664,0.0993376839321366,27316,13340,27536.8893343252,13256.147510164
837,2,99207.6029988891,47353.2410104467,0.219005198764855,0.104534386943802,29189,13772,29092.5071431331,13832.8554921561
838,2,109028.243403779,48710.4476978077,0.240684699517385,0.10753048110741,31859,14116,31822.4635263487,14139.9741019951
839,2,96427.6023029451,37784.3781499935,0.212868223507137,0.0834106963257486,27990,11180,27840.6063800839,11330.9587452951
840,2,95281.783497334,53390.4359980391,0.210338777500119,0.117861763558825,28665,15700,28561.8452108333,15900.292465892
841,2,104417.04519812,43212.1954469443,0.230505274261179,0.0953928445688761,30803,12779,30991.8543964785,12745.6022786052
842,2,96297.8173658661,42289.8659783231,0.212581717482574,0.0933567612194544,30717,12940,30313.6003224974,13082.7000254194
843,2,103242.929461059,48829.3318604905,0.227913361518655,0.107792923187364,33525,15506,33621.7765797091,15425.9333338711
844,2,94094.7209306804,46261.0012202444,0.207718284055084,0.102123218997785,26856,13764,26979.6415990053,13671.0214271314
845,2,100214.420095626,36532.305671589,0.221227792313388,0.0806466906073152,31187,11457,31106.457443197,11394.0560110891
846,2,94848.7582494245,42206.1485253276,0.209382854993961,0.0931719512161972,27726,11772,27594.2587103651,11921.9593643214
847,2,97376.5080391104,41552.3971190391,0.214962975149915,0.0917287658921991,29190,12433,29275.9835352834,12430.608458096
848,2,97111.9165140698,53387.1669861988,0.214378877582981,0.117854547069703,29699,16107,29625.666309417,16112.1568608478
849,2,86093.862833737,39777.5022959975,0.190056033735115,0.0878106065802432,26092,11864,25985.6075601074,11930.4144999639
850,2,94735.9824984658,46238.905613634,0.209133897504737,0.102074441962847,27705,13575,27766.0219433249,13401.8404917644
851,2,110251.116432654,51323.614147327,0.243384246151487,0.113299162341337,32054,15046,32184.6040906775,14858.6329310151
852,2,108330.530751759,44468.6303229099,0.239144467786979,0.09816648047407,32488,13251,32155.8922281695,13330.3169252813
853,2,96927.4772030109,53170.6342487075,0.213971719595514,0.117376541415097,28400,15851,28589.862061982,15737.3651258254
854,2,116513.419422744,51860.5341553853,0.25720855870025,0.114484437154266,34619,14779,34376.1191633017,14838.916464736
855,2,106050.031444616,46917.1617354136,0.234110164074897,0.103571722536852,31423,13308,31369.2739990033,13460.9053926664
856,2,73606.3207578395,34792.2372656138,0.162489228855784,0.0768054121609516,23866,11277,23997.5865022564,11142.260986021
857,2,101466.344292515,50224.0031437387,0.223991470693777,0.110871722113721,29731,15099,29606.1723298624,15087.6311991829
858,2,99712.5870794228,40891.3823622595,0.220119973596493,0.0902695463987432,31386,13759,31599.1600574465,13603.9699061217
859,2,97388.6265818221,37624.1997025166,0.214989727372276,0.0830570952743462,31619,12330,31648.0381713835,12180.4192425321
860,2,95302.1706311548,47017.1047146962,0.21038378300534,0.10379235111149,27724,13547,27755.3166506999,13629.257008276
861,2,112620.444102517,41415.4446645194,0.248614642427497,0.0914264372539017,34397,12763,34540.9547172088,12564.1168117808
862,2,90305.5833630227,35944.8881513408,0.199353594242333,0.0793499402888811,26958,10633,26885.8297841517,10785.738469271
863,2,93985.2257828201,56104.2965242792,0.207476568643199,0.123852731448412,27971,15807,27718.9394512841,15955.9564103424
864,2,93355.3255704842,45254.1087010392,0.206086035891327,0.0999004589507966,27075,13031,27177.9623171429,13038.2713786366
865,2,83441.2692467725,41424.0075714772,0.184200315340607,0.0914453402520955,26808,13380,26843.5177717155,13329.7170950843
866,2,94249.7756386376,50651.6792220457,0.208060574223469,0.111815836089922,29049,15619,28965.101001094,15619.6245850786
867,2,99048.440474115,51619.1209340146,0.218653840408032,0.113951506724213,28536,15568,28666.1576243796,15431.5209335117
868,2,102368.623692471,40415.6627301736,0.22598329262431,0.089219374139441,29403,12055,29538.9889640799,11926.7674395632
869,2,100600.069844914,52180.8577446042,0.222079131297935,0.115191565733179,28600,15604,28548.3072110693,15573.1689024357
870,2,88623.7707141905,37707.0172506629,0.195640917972482,0.0832399186975992,25029,11007,25144.2512400566,10834.5536241075
871,2,105815.746009659,45794.9019432071,0.233592968550568,0.101094284100397,31441,13299,31420.3550413293,13360.0628790189
872,2,107967.13917034,53091.3675884574,0.238342264698581,0.117201556734903,32450,15931,32491.2460456519,15749.2751090902
873,2,96613.7126889896,43062.4645780539,0.213279070467005,0.0950623070121633,28788,12680,28730.3540468279,12730.0144542415
874,2,106826.075400541,50271.2761253082,0.235823315644737,0.110976079324377,32473,14433,32604.6944110007,14399.1930243143
875,2,109725.783245162,46483.1245743305,0.242224549760619,0.102613566187329,29511,12739,29510.1478670719,12752.8957977602
876,2,104789.012171958,41854.1158224947,0.231326407909981,0.092394823357796,31944,12989,31837.2349204092,12829.6523666332
877,2,108725.581122039,46924.3148753639,0.240016559060733,0.103587513411636,31070,13787,31006.149806209,13934.1519693494
878,2,94209.4384257251,41755.6419916214,0.207971528030793,0.0921774379936543,31176,13443,31114.3920890155,13624.5277747678
879,2,101581.628674609,46313.80956083,0.224245966097876,0.102239795759815,29148,13357,29127.8538951682,13376.1137267686
880,2,100113.546378453,44876.8683344933,0.221005109093433,0.0990676840529044,30075,13255,29965.384536693,13343.8881993562
881,2,107514.527499965,42700.4804703159,0.237343104293155,0.0942632109845559,30286,11916,30538.8391020847,11832.826978167
882,2,131693.097934641,43499.4631536463,0.290718374573151,0.0960270008160107,39624,13026,39626.1780743219,12901.6979639333
883,2,93487.1189308883,43811.2304140651,0.206376975599764,0.0967152409183057,28223,13193,28270.1825873571,13200.9011472441
884,2,106694.831530573,45451.412619346,0.235533588960894,0.100336016131291,32309,13792,32412.658664128,13768.5061813252
885,2,105291.322258329,51777.6727757362,0.232435279780502,0.11430151697102,33024,16091,33050.7454365685,15992.3331173593
886,2,77610.7531783838,42709.469071011,0.171329191637786,0.0942830537206197,24200,13519,24090.5123443777,13516.1103105211
887,2,69441.759446733,28203.6274273029,0.153295774421475,0.0622607627227476,23094,9445,23193.5887500683,9425.69527495888
888,2,101463.745207372,38812.7130430335,0.223985733097652,0.0856807913672504,31563,12417,31566.7489285566,12455.6835031022
889,2,102594.474794555,48639.3215590242,0.226481868983459,0.10737346699064,30563,14986,30307.9843928076,15023.2630815012
890,2,89061.8321613176,42764.0013392252,0.196607958112544,0.0944034361296119,27517,12732,27542.7660844503,12627.5662423851
891,2,98990.8439999094,49319.7541177197,0.218526693627944,0.108875552145998,29363,14333,29250.4380809314,14386.4082340991
892,2,89513.7063749728,41241.9128145288,0.197605490549442,0.0910433579721691,28320,12894,28234.2541956838,12816.0507819739
893,2,99617.8666805583,43348.9540375029,0.219910874100554,0.0956947452438519,29403,12961,29619.6443810072,12901.026905214
894,2,100574.087552098,36864.5276860329,0.222021774230225,0.0813800854894411,30779,11632,30763.2628066402,11582.1615548229
895,2,110380.820496034,42661.7438769704,0.24367057364376,0.0941776982308084,34778,13711,34755.9373781551,13702.4585858772
896,2,97631.9018958158,44835.2537194387,0.215526768454665,0.0989758179381505,27305,12491,27277.2482584652,12382.8604918531
897,2,112372.230414631,42479.6435276493,0.248066699664964,0.0937757036054706,30861,12132,30991.0342642255,12070.6158655587
898,2,91400.6323936385,43692.5007305854,0.201770963711585,0.0964531398580667,29540,14014,29645.1245427579,13935.0725263858
899,2,107591.693388412,44521.8337094532,0.2375134514261,0.098283929317633,31102,12936,31238.6524331195,12925.3174349333
900,2,106208.331229062,42497.1485662872,0.234459617894051,0.0938143467573095,30015,12161,29945.7889322726,12304.5397308821
901,2,90239.136693634,42376.9854262308,0.199206910262508,0.0935490812778831,27422,13260,27245.5210912525,13404.3524378657
902,2,93750.8413868682,41336.696463984,0.20695915465807,0.0912525970966021,29577,12624,29420.0267813134,12796.0625024704
903,2,91359.2919978673,42653.0670814357,0.201679702948104,0.0941585438185127,28098,12960,28061.4689483546,13107.1668518397
904,2,86131.3524745263,42947.7622675548,0.190138793785599,0.0948090965570138,25948,12831,25967.9804406098,12838.1430048374
905,2,110732.407132133,43785.8927877451,0.244446716789993,0.096659306980576,32781,12666,32789.8505131061,12633.2610661541
906,2,104627.611879862,46196.3045557574,0.230970109582204,0.101980398231663,30657,13506,30539.4251911248,13534.7092212109
907,2,96340.1479823898,47849.8527526496,0.212675164202436,0.105630679465972,29468,14732,29389.406380591,14636.2430566653
908,2,100375.990230644,39446.8815456223,0.221584465576973,0.0870807465598118,31707,12322,31824.3619864729,12243.6502544054
909,2,93969.9914979477,48449.5878900497,0.207442938281355,0.106954621472454,28960,14901,28771.1284802868,14869.7710131968
910,2,98935.5605544223,39380.9436378604,0.218404652961691,0.0869351856939204,30697,12829,30699.3660792611,12752.9586048201
911,2,92335.2742001916,48162.7508836621,0.203834227094941,0.106321416015431,29305,14451,29169.0995016312,14525.6582796621
912,2,108966.831629119,51532.5386038938,0.240549130291747,0.113760372377203,31650,14554,31874.1112058214,14518.9776082101
913,2,101739.854523019,51402.3777983042,0.224595256699939,0.113473036606175,27993,14656,28148.3942760779,14610.8981202662
914,2,96304.5920854468,39245.1759324024,0.212596672977551,0.0866354724419028,28627,11267,28441.3000430534,11451.564981327
915,2,102400.24573266,41599.0701199166,0.226053099685337,0.091831798618776,29648,12526,29732.7669090764,12436.3604817375
916,2,109690.129212584,42855.8809071413,0.242145841896951,0.094606264364804,32279,12609,32392.8227593336,12652.1504522544
917,2,90448.9096351749,43115.691685302,0.199669993366715,0.0951798082202378,28289,13519,28191.4843326219,13494.453841728
918,2,107844.074052126,54718.1145580242,0.238070592973222,0.120792673067127,31186,16386,31164.7098548286,16378.856940551
919,2,86190.9325817795,37553.5444933355,0.19027031952392,0.0829011207556325,26653,11411,26748.4268043913,11427.1542018689
920,2,117659.365490983,50957.543971585,0.259738285645184,0.112491046136764,34701,15039,34727.9712066091,14976.8170544595
921,2,100101.056122357,44897.5176142394,0.220977536297236,0.0991132682569215,30821,14140,30800.4868917966,14167.2512883553
922,2,106030.214194384,45975.6511605866,0.234066416613062,0.101493296041843,29377,13314,29347.9015185069,13350.0246218829
923,2,94310.0824070682,47759.7127422931,0.208193704098678,0.10543169138151,28580,14699,28578.1477871214,14696.4688643578
924,2,72994.9106502667,38376.0235827994,0.161139513833063,0.0847167799493135,22901,11580,22711.0693402355,11611.062693782
925,2,109954.378660006,52611.6762534957,0.24272918431232,0.116142616764746,30889,14843,31071.5883771472,14768.531639769
926,2,106839.027403742,44413.8771218704,0.23585190776822,0.0980456103460334,30926,12800,30795.7713118639,12883.755536256
927,2,95988.7163979192,41860.7715456742,0.211899363339572,0.0924095161629216,26587,11618,26461.4153062631,11576.2850728968
928,2,99688.9102254346,42506.6242335925,0.220067705887598,0.0938352647145921,31088,13658,31058.7720829723,13558.2317583998
929,2,98074.4663514361,44502.7143909742,0.216503749186379,0.0982417225712026,29866,13692,29658.2634590079,13650.1888708753
930,2,107546.45890879,43999.9116800045,0.237413594299216,0.0971317632099562,31918,13313,32005.2404954874,13084.2077708628
931,2,87800.6268192418,46414.3072747542,0.193823791191107,0.102461648935862,27915,14149,27803.9733085238,14246.6738792317
932,2,103514.06860403,38715.3780178923,0.228511913243568,0.0854659199674437,29905,11087,29917.5631384598,11150.3637231078
933,2,87895.42445176,38940.056715207,0.194033061183774,0.0859619081908885,25412,11135,25477.7235059207,11279.877206374
934,2,115019.730543323,46443.3466805566,0.253911174023653,0.102525754716544,33937,14335,33975.5468168698,14242.0551094782
935,2,106330.925983679,57724.4387723956,0.234730251270837,0.127429267564097,30966,17041,31073.4245070714,16889.0201513078
936,2,98842.5906326335,55109.50310377,0.2181994177218,0.121656680700255,30540,16618,30605.6522494736,16475.354271004
937,2,104223.141901193,48237.2539938913,0.230077224103721,0.106485884946956,30818,14415,30948.2835619798,14257.8946442917
938,2,91068.7525419508,44192.8503878039,0.201038324168972,0.0975576839939865,26113,13243,26071.4940864498,13191.2562930708
939,2,103749.261666585,45626.3305482832,0.229031112396211,0.100722155243985,31605,13922,31654.0288789218,13997.5373341397
940,2,100481.261718281,47835.9944724623,0.221816857070945,0.105600086695708,29277,13770,29237.6045331057,13631.7559592621
941,2,89829.2891181348,36532.6584078545,0.198302153499697,0.0806474692883197,27756,11261,27723.6463287324,11385.4902354179
942,2,102192.871497418,39101.0264951055,0.225595311832036,0.0863172561438293,29432,11457,29238.6729721408,11450.6538844396
943,2,122088.119176737,51694.9142343651,0.269514956504171,0.114118823807849,34794,14564,34970.413519793,14571.0050387835
944,2,93229.1047641727,54472.5008837936,0.205807397844052,0.120250469950449,26403,15375,26557.0008430252,15314.751272738
945,2,102974.020396331,37133.8839183946,0.227319732790715,0.0819747013598354,30493,10889,30346.1628390849,10829.0439651272
946,2,102661.849032242,44046.5992418441,0.226630600611583,0.097234828080505,30218,13409,30200.4847171388,13343.2676881036
947,2,109984.917052177,41790.8755253903,0.242796599172119,0.0922552175874857,34877,13257,35075.615392077,13195.9813931962
948,2,116794.009346077,45957.6703437259,0.257827973443409,0.101453602588403,36719,14209,36902.9519622266,14175.965534457
949,2,85076.1271538925,51759.7745865133,0.18780933692845,0.114262005921767,27270,15634,27216.4630236077,15566.986236138
950,2,78443.333830365,43414.688981802,0.173167150480284,0.0958398580588663,25382,13678,25420.3437654529,13731.1914526321
951,2,103005.661301134,47254.7294146625,0.227389581496217,0.104316918211939,27948,13779,27886.352254294,13703.5363008289
952,2,118135.821333714,44569.717878926,0.26079008312225,0.0983896357527858,35571,13725,35731.4414332719,13581.2220250374
953,2,103278.469937048,57471.0971918254,0.227991818701099,0.12687000475025,30642,16442,30649.9497069685,16503.7374090448
954,2,123328.03351805,53986.3662508752,0.272252122593888,0.119177306113298,35683,15649,35774.5479429214,15561.5913023513
955,2,96392.3773298199,46853.5131837234,0.212790462811308,0.103431215526374,31842,14907,31609.3760260667,14955.9508638927
956,2,117063.359205404,50604.0439565106,0.258422575245046,0.111710679121288,33077,14430,32965.9579796097,14468.5902999646
957,2,107671.079460904,49589.7938763503,0.237688699714133,0.10947167693105,34091,15570,33934.5708781593,15608.4661748496
958,2,96116.0047202549,48580.4296943594,0.21218035797598,0.107243460578464,28105,14366,27919.0590641681,14339.1768795645
959,2,93690.3126245787,42428.293561357,0.206825534721538,0.0936623462695964,29822,13671,29908.5997952095,13732.9963402292
960,2,92741.706414484,44547.0266915424,0.204731444295891,0.0983395439467858,28093,13547,28057.3292544233,13625.7201690507
961,2,100042.223716003,40496.7944640616,0.220847661141925,0.0893984760526931,29995,12457,30023.9553027207,12500.5979387435
962,2,105784.361469934,43531.6415173944,0.233523685782386,0.0960980359860535,32049,13230,32216.8742934667,13134.6472025789
963,2,102710.203142015,46476.2686367593,0.226737344460862,0.102598431400023,30619,13404,30628.8240069588,13336.7197241131
964,2,96208.8532521577,44144.3664385279,0.212385325242295,0.0974506535182253,30830,13705,30785.7398951694,13577.5657762738
965,2,87420.1308086195,38825.3088746797,0.192983829314027,0.0857085972261755,28404,12140,28126.3845940216,12190.3221766252
966,2,106433.70677502,43227.2609310275,0.234957144441889,0.0954261022954654,31695,13961,31645.8133720765,13943.7759356437
967,2,110569.175932673,44993.7587405994,0.244086376652729,0.0993257248264856,33006,13257,33014.9430748714,13303.8621075251
968,2,100515.019467582,40979.2860392501,0.221891378804884,0.0904635976777738,29869,12670,29804.1956773105,12718.704836273
969,2,116054.796949965,42104.3274608257,0.256196129181012,0.0929471766848548,33035,12255,32900.3373060987,12409.9129081757
970,2,102640.65623961,47697.8282772097,0.22658381657868,0.105295078670726,29421,14135,29572.9829988389,13905.9372907254
971,2,98730.2943858725,40826.8655959434,0.217951518759432,0.0901271227658399,30264,12639,30222.6484751043,12537.1684815019
972,2,95108.7028270332,45677.5846317169,0.209956694217631,0.100835300914181,27532,13359,27506.090998318,13220.8046154834
973,2,104603.908618056,51918.5425750994,0.230917783576876,0.114612493322397,30792,14909,30748.3860111716,14998.254094348
974,2,94509.8542919518,45464.4504635502,0.208634709425226,0.10036479775261,28324,13965,28312.5844954328,13962.3326673846
975,2,90722.074510355,43709.8237371705,0.200273016985631,0.0964913811660481,28236,13105,28163.3789812792,13087.666344588
976,2,86365.4389909995,41016.2164829871,0.190655550188523,0.0905451232758793,24572,11984,24570.6050642119,11871.4744217652
977,2,104507.636144165,44296.6002065556,0.230705257806241,0.0977867163361728,32090,13536,32188.8554253922,13637.0518518418
978,2,108073.256363848,45982.228085117,0.238576523125901,0.101507814895444,34952,14130,34741.3407846874,14081.469367874
979,2,104862.124517803,41941.868749452,0.231487806667232,0.0925885418494189,31769,12841,31882.6577315993,12758.1955422488
980,2,90505.9229100644,37616.6293876303,0.199795852708358,0.0830403834673245,28012,11358,27963.7247845153,11291.1952222632
981,2,88502.3611442591,45412.7128466067,0.195372900943635,0.100250584660671,27184,14024,27026.5819752709,14124.0950149608
982,2,89394.1093055405,47890.7848565458,0.19734147469611,0.105721038906969,26060,13728,26010.6435949606,13692.9992773892
983,2,107960.310239043,45669.511776115,0.238327189528828,0.100817479726165,31291,12848,31575.6085351543,12758.0470897483
984,2,103897.921906603,46868.2571841901,0.229359286492043,0.103463763563573,31963,14318,32113.8588597691,14205.9286786845
985,2,89091.4642342823,40785.6728532871,0.196673372232362,0.0900361879531805,28959,12958,28831.0808530317,12999.2274693072
986,2,117664.932161663,45233.7622154413,0.259750574318449,0.0998555431783371,35516,13689,35437.4292597381,13628.6410539084
987,2,92819.2190778111,45094.7726657805,0.204902556949816,0.0995487175618565,27711,14038,27764.6897623994,13915.5127664292
988,2,75884.6961589588,37316.0771204745,0.167518843950796,0.0823769009617708,22868,11505,22822.3305979044,11609.8230041368
989,2,93216.6839600407,44686.3311880896,0.205779978366154,0.0986470648225347,27773,13272,27920.0670970606,13220.2417330866
990,2,101145.791807029,45963.9998128458,0.223283836816167,0.101467575173173,28242,13058,28357.3174182037,13039.1560330806
991,2,112041.473232965,49688.563302033,0.247336538466386,0.109689714833889,33697,14874,33724.7401007392,14840.4588957499
992,2,103152.852339622,50894.9550563292,0.227714512264283,0.112352878320874,31502,15343,31445.3795599574,15432.1688520659
993,2,90066.5480452273,46305.3767166292,0.198825913140248,0.102221179880945,26782,13596,26791.8772536304,13615.2871099798
994,2,114519.597118276,36240.0418307368,0.252807107229875,0.0800015051716958,34362,10826,34488.0265836964,10724.093504493
995,2,78858.4617818596,50590.8765791642,0.174083563908103,0.111681611549794,22707,14814,22844.846466476,14868.8191108465
996,2,83260.7064714029,39783.3542844407,0.183801714978196,0.087823525105169,25414,12036,25244.7232727528,12032.1507787055
997,2,108911.40675041,53192.9329455129,0.240426777405363,0.117425766780678,30722,14226,30799.3667394586,14250.1417622898
998,2,90357.7707360181,47849.9157833858,0.199468800190772,0.105630818609127,27401,14636,27417.5308403375,14644.7488302589
999,2,120766.929361253,46584.8638771154,0.266598371188128,0.102838160226042,35695,13964,35590.8973291059,14155.9897641539
1000,2,96007.206253888,48217.7644303889,0.211940180519497,0.106442860868159,27453,13662,27630.7496981493,13596.2765355715
1001,2,106331.431045586,46188.9912170155,0.234731366217473,0.101964253710917,32405,14489,32380.7348396006,14444.5455094494
1002,2,88448.4643546285,42957.2799096344,0.195253921381897,0.0948301071754786,26375,12742,26300.0505085871,12926.3878935832
1003,2,110733.514411249,51865.779536863,0.24444916115792,0.114496016567319,32992,15669,32892.1161085715,15702.6111680907
1004,2,104406.089629631,48432.7321564328,0.230481089356172,0.106917411690345,30720,14507,30609.6746719747,14678.7168568924
1005,2,103693.356808075,48349.6261320716,0.228907699933055,0.106733951443009,34189,15296,34077.0559359844,15400.9874738178
1006,2,98065.0878878855,47406.8078907329,0.216483045810711,0.104652638215979,28806,14313,28833.170149562,14370.1477177345
1007,2,105756.033534421,45700.32644045,0.233461150604031,0.100885504469063,30268,12668,29923.9502499976,12770.4759854729
1008,2,105266.958363101,38809.223389594,0.232381495397494,0.0856730878019788,32963,12376,33006.8144983432,12258.6003054042
1009,2,116116.195201744,54510.5613733537,0.256331668554288,0.120334490175,32191,14588,32138.0708482764,14759.8321805069
1010,2,111977.062468254,48872.5208978645,0.247194348836744,0.107888264909456,33853,14529,33927.319892111,14553.7759883702
1011,2,84917.3975163927,43926.5650927815,0.18745893418955,0.0969698473544379,25831,13505,26012.8932060744,13541.7857631614
1012,2,112280.445341467,53758.0302553707,0.247864080031141,0.118673244241335,34887,16349,34704.8406817184,16293.109275983
1013,2,115253.812296821,43999.2444131802,0.254427919912098,0.0971302901887454,33231,12962,33344.7754313845,12979.1014044629
1014,2,98502.4855239588,45577.2032771282,0.21744862055833,0.100613704606545,28815,12944,28839.4366989457,12771.9537190215
1015,2,79731.8141045299,35078.1304990014,0.176011528028155,0.0774365341970749,27018,12077,26953.7214220929,12138.2878342376
1016,2,113973.732764753,49021.5573427483,0.251602087376273,0.10821726949427,33247,14404,33287.8466495677,14421.1104622239
1017,2,77927.009809745,45512.1415967478,0.172027342226231,0.100470078051594,24380,14328,24336.9009641599,14259.0339689681
1018,2,87438.4623163697,40991.4928447361,0.193024296933212,0.0904905447441369,25962,12678,25971.7240171803,12650.1441797058
1019,2,93538.9636404461,40569.1091542509,0.206491425103415,0.0895581139495861,28886,13033,29097.8993551856,12973.4733906523
1020,2,87557.4836864455,33626.7465614204,0.193287041904593,0.074232539562333,28107,10890,28043.5117984533,10920.7451426134
1021,2,94546.1570235341,47038.5114064241,0.208714849320814,0.103839607336165,28759,14316,28869.7587997808,14221.2869068924
1022,2,113341.27257868,46521.8948436298,0.250205903368448,0.102699153282243,34379,14119,34277.0036740151,14111.3544240277
1023,2,107406.45775762,42477.141409452,0.237104535527382,0.0937701800681954,33022,13165,33196.8135954204,13104.9811794619
1024,2,99355.5386511905,45460.4884202276,0.219331773301053,0.100356051365648,30036,13362,29882.8919174965,13511.9640407588
1025,2,96497.6050014071,36400.2069724379,0.213022757579399,0.080355076850006,30941,11418,30843.0394345534,11513.4839107224
1026,2,109518.01577323,46224.6662619186,0.241765893819825,0.102043007960226,31409,12850,31572.1127565957,12706.1369903975
1027,2,91611.4449049198,46659.1680629621,0.202236341712259,0.10300219002314,25893,13215,25898.7806642754,13181.7826886042
1028,2,116449.431347647,47278.1269435859,0.257067302176744,0.104368569298323,33527,13795,33703.8869706403,13772.4245615528
1029,2,97420.5129894235,31314.2346879056,0.215060118036132,0.0691275666852961,30866,9735,30754.7694415225,9747.89402575648
1030,2,88607.9148319186,34791.3708323602,0.195605915406715,0.0768034994709844,27045,11079,27009.326192721,11074.4491303031
1031,2,112537.065763655,45909.0153262451,0.248430581033782,0.101346194471967,32198,13231,32299.7448873129,13055.2844178133
1032,2,89520.4743510878,38666.6344544792,0.197620431157918,0.0853583163819212,28270,12420,28153.4926120573,12544.0510574596
1033,2,93711.3238686983,41228.5204124612,0.206871917978018,0.091013793648588,29809,12752,29630.2607454588,12922.5091273427
1034,2,100838.278070617,44616.3487151823,0.222604986557417,0.098492575399085,29691,13514,29745.4253822748,13502.7872871889
1035,2,96324.0295489436,42314.4492361616,0.212639582043267,0.0934110298551886,29632,13006,29768.0300150843,12915.280389885
1036,2,95225.5622809905,42006.5877146133,0.210214666662967,0.0927314118452716,29399,13531,29343.1003226609,13568.6020536473
1037,2,97756.1686469744,46296.851131706,0.215801092838228,0.102202359272804,28596,14102,28862.8019158655,13849.7739755631
1038,2,88818.2350711666,34814.5158524379,0.196070206694967,0.0768545931328541,27824,10887,27864.1304673892,10727.460964722
1039,2,100453.203599646,38190.868259883,0.221754917525355,0.0843080413338049,29055,10969,29021.0945214628,11029.6004393679
1040,2,83613.6253553592,44601.8014987228,0.184580799120866,0.0984604617713399,25853,12652,25826.7956273303,12861.7880476015
1041,2,101856.77680502,37575.2176744406,0.224853367840977,0.0829489652674675,32344,12179,32295.1173604817,12097.2157136763
1042,2,86009.8461639938,44957.9742721786,0.18987056319757,0.0992467290198914,25517,13363,25526.376999745,13339.4001355833
1043,2,99868.4118621747,41875.2349093536,0.22046396373926,0.0924414446819228,29811,11971,29696.3502955498,12131.2977658223
1044,2,96599.0538499942,43082.8868687558,0.213246710427544,0.0951073901277634,28346,12690,28481.2724427347,12701.0332940166
1045,2,104638.460701996,47083.1611082214,0.230994058839882,0.103938173539977,33317,13582,33365.2318968817,13649.2362531263
1046,2,102159.295844483,41344.8128882294,0.225521192083928,0.0912705144643381,31267,12823,31500.8488546639,12679.6750752228
1047,2,94772.7934241192,47282.1016681678,0.209215159261354,0.104377343679729,29394,14653,29257.4667516116,14605.7532042224
1048,2,93185.4346214946,36572.9519463586,0.20571099406059,0.080736419067795,28430,11101,28493.0303378253,11372.7296812502
1049,2,92815.3667124558,42874.00218317,0.204894052681848,0.0946462678881083,26593,12751,26756.9777221418,12700.153870652
1050,2,93574.5702666391,38505.1168288016,0.206570028315377,0.0850017590350417,29333,11681,29305.3358467328,11779.5752204208
1051,2,94513.2524157386,43956.5352085621,0.208642210934715,0.0970360077188165,28339,13446,28100.6321667059,13469.322593871
1052,2,83821.8277989378,38313.5431407526,0.185040415280927,0.0845788515928595,25341,11758,25295.7926155696,11733.589273712
1053,2,114029.008380624,46056.4404258861,0.2517241107583,0.101671641940445,32289,13493,32562.2066042914,13383.0560138208
1054,2,87384.1139425402,33707.7083171994,0.192904320479258,0.074411266241345,26171,10315,26180.0831171613,10312.074597442
1055,2,94912.195163116,40491.8442598348,0.209522894804138,0.0893875482565581,28995,12585,28821.8592098447,12644.5403154263
1056,2,90515.4545896949,43078.1299182288,0.199816894315341,0.0950968889477712,30030,12878,30080.7464937077,12928.041423261
1057,2,87263.732696713,35853.1107721507,0.192638573521636,0.0791473376398495,26227,11063,26361.5420421241,10988.5350868356
1058,2,96423.0356531122,44426.4171901317,0.212858142424396,0.0980732931048047,29281,13283,29224.126890244,13358.6904824492
1059,2,94190.954606619,43362.2522365207,0.207930724177511,0.0957241016100078,28015,12950,27935.2684786272,13033.6849410763
1060,2,87998.801830251,48595.8599704468,0.19426127134751,0.107277523599637,25781,13958,25658.5632783552,14136.3849127754
1061,2,91807.4085593797,48232.3588043009,0.202668940200665,0.106475078598079,28454,14364,28401.5389873577,14374.8560783068
1062,2,91333.6033870812,38208.8722033639,0.201622994196545,0.0843477858402883,28837,12079,28965.3741502116,11913.05360872
1063,2,88122.9120165061,39020.5254057548,0.194535250107079,0.0861395464064592,28873,12457,28937.111664703,12389.509380366
1064,2,105354.590372402,44082.2202327036,0.232574946958009,0.0973134630031073,30717,13008,30580.8155303986,13009.9677594335
1065,2,106107.305115293,41697.5384853468,0.23423659825183,0.0920491719177088,31847,12126,31798.1255745807,12193.0720864352
1066,2,104663.39296274,42851.6542627226,0.231049097915062,0.0945969338591468,32511,12852,32736.8154928092,12610.8351410246
1067,2,104579.509945175,45495.9387050601,0.23086392242065,0.100434309447099,30709,13597,30667.3432837855,13510.4095020443
1068,2,103323.730596724,58202.3061066668,0.228091733621617,0.128484180971555,29917,16731,29975.7762800249,16877.0175729231
1069,2,96129.6542682222,40992.2700737655,0.212210489960578,0.0904922605118094,27217,11604,27235.9273706531,11522.564632132
1070,2,92886.0525386251,46476.3314928763,0.205050094788926,0.102598570157699,27660,12804,27438.4462251771,12899.6941100434
1071,2,102863.577545904,55545.8983277772,0.227075925283238,0.122620042578626,29177,16111,29356.6979087033,15974.2296485838
1072,2,85891.87373849,49522.9482141816,0.189610133818015,0.109324112156907,25769,15381,25759.028093406,15451.6482630702
1073,2,90493.5327239178,41022.8549016157,0.199768500821025,0.0905597778804388,28367,12489,28273.9152307872,12590.5261152478
1074,2,101941.949137993,49761.7780535749,0.225041389556533,0.109851339656274,29413,14748,29546.4334111669,14664.7272202676
1075,2,110942.473738788,41519.5422893069,0.244910448173009,0.0916562373933909,31265,12057,31175.8369010468,12111.1071677775
1076,2,97961.8264783124,49424.0679623463,0.216255091653522,0.109105829600404,28064,14381,27828.3537573231,14464.658611321
1077,2,85439.9522980841,35838.7506593986,0.188612497125963,0.0791156370518653,26041,10741,25874.40455144,10737.0484880941
1078,2,90042.7186057168,47809.2710840032,0.198773308592021,0.105541093626385,26495,14678,26502.0041292314,14774.2256046232
1079,2,90184.9716318175,48781.0893678854,0.199087338477981,0.10768642573795,26033,13607,25881.1434294894,13661.714680478
1080,2,96541.90683888,38856.4252155542,0.213120555857234,0.0857772879334606,29940,12022,29742.7195594712,12116.3523467228
1081,2,90394.4458384112,40070.3720352727,0.199549762111497,0.0884571295635966,26905,12306,26865.9355205402,12352.2130130026
1082,2,122817.594642828,42504.1165802694,0.271125306060212,0.0938297289582805,35927,12226,35812.634609683,12270.100108451
1083,2,112428.45023758,47461.2773740255,0.248190807426136,0.104772882024463,33661,14491,33622.6567934905,14466.7849170566
1084,2,97555.7529378988,38973.0712640456,0.215358666241123,0.0860347892767325,30308,12236,30207.8913290943,12236.5092641844
1085,2,108806.057128085,43761.5049746555,0.24019421342559,0.0966054697978232,32185,13124,32336.982482555,13029.7197753583
1086,2,95364.2581201221,40458.2881921168,0.210520843900383,0.0893134717436881,28020,12436,28172.6393449704,12283.3273996022
1087,2,105407.811268182,58763.606846508,0.232692434453991,0.129723277334937,30665,17109,30825.181179128,17055.0145631272
1088,2,93416.3964026158,43546.7888257933,0.20622085247116,0.0961314743434614,29226,13692,29285.7824349984,13792.0731209696
1089,2,112564.861126614,41127.3706758159,0.248491940534522,0.0907905011033658,35563,13082,35564.4303864356,13095.3786675093
1090,2,96081.2187749485,38178.3109166265,0.212103566453598,0.0842803204397131,30264,12072,30292.2992827148,11986.2501233044
1091,2,96849.0731019568,36536.8934599082,0.213798639053133,0.0806568183542054,31305,11811,31458.7198105548,11763.8742618414
1092,2,110730.620913072,31779.2082480671,0.244442773631924,0.070154016512581,37868,9837,37919.9192957885,9886.90069460647
1093,2,107606.28401657,49182.2425483762,0.237545660887101,0.108571989236843,30827,14472,30753.3354737944,14552.3112191562
1094,2,96589.9316865753,52180.1231979196,0.213226572845824,0.115189944188682,28376,15573,28250.4165094719,15752.3835954998
1095,2,106568.108772425,48074.978888843,0.2352538428326,0.106127655430654,32100,13770,32022.615754286,13958.2588632772
1096,2,103534.936359939,52436.9756026901,0.228557979743436,0.115756957303198,30671,15865,30698.4960207345,15915.7016420822
1097,2,98851.9944884947,40804.2400936769,0.218220177152123,0.0900771759626591,30546,13115,30592.9509597479,13031.2428785615
1098,2,109311.923690299,57834.1508110152,0.241310936374812,0.127671461771985,30438,16238,30427.9410838451,16377.0606551854
1099,2,117124.255880829,47284.6322094503,0.258557007366199,0.10438292996223,34795,13751,34731.0999929867,13674.8437138899
1100,2,88093.8784583803,44159.6191475694,0.194471157235404,0.0974843245522424,27318,14419,27421.7742878795,14368.2355134595
1101,2,87341.6021280424,49371.3865653021,0.192810473756804,0.108989533071891,26532,14812,26619.8778999208,14781.1191981775
1102,2,101212.457489804,51083.8058815333,0.223431004277789,0.112769774922147,31117,15789,31015.7829976513,15609.9576576345
1103,2,105916.656755801,44347.0780107164,0.233815733513618,0.0978981483353268,31101,12788,31059.4074256096,12827.1324449998
1104,2,102479.481300553,44843.7775322305,0.226228015727767,0.0989946346342331,32032,14313,31935.2273020821,14228.930265906
1105,2,99048.9671769653,43780.174118521,0.218655003128014,0.0966466827637595,30364,13132,30376.3238478386,13074.0076759038
1106,2,116021.048833722,45335.5272519963,0.256121628712476,0.100080194025493,33056,13061,32911.0396389537,13175.4756323355
1107,2,100635.51553849,46444.8424838857,0.222157379243983,0.102529056768962,31165,14269,31157.486195728,14297.2803022816
1108,2,105596.954789629,47476.2315535241,0.233109977195246,0.104805894041228,30061,13588,30038.1701697794,13688.7851797725
1109,2,86715.9812064215,44419.5784693859,0.191429387729632,0.0980581963244072,25819,12711,26029.6157183314,12690.7303771558
1110,2,102763.062225959,53825.8683599118,0.226854033241114,0.118822999876183,31306,15298,31407.5018871934,15249.087323587
1111,2,96295.8588165566,44765.6522898319,0.21257739389781,0.0988221696847449,28452,12390,28528.6103173478,12572.910603548
1112,2,98471.4043242511,54172.2659280949,0.217380007426734,0.119587687924058,30544,16979,30434.6196089363,17155.7895288175
1113,2,108919.737166423,54114.9664948014,0.24044516716945,0.119461196875003,32148,15960,32259.4528643229,15926.0634461051
1114,2,109197.224086602,53369.2520171187,0.241057731895049,0.117814998978169,31125,14922,30925.51004587,15152.8478788293
1115,2,95938.0833062686,43471.3110085149,0.211787588536373,0.0959648537027472,29778,13131,29828.9055844018,13255.6554721798
1116,2,96972.39872127,38116.5620304379,0.214070885846262,0.0841440070253733,26987,10761,26962.1575546761,10680.3585985997
1117,2,101633.184029402,39396.6780399163,0.224359776838006,0.0869699200867041,28426,11472,28506.5515675055,11410.6629111948
1118,2,75185.1806941667,35086.3863586672,0.165974632430963,0.0774547593747068,23264,11366,23204.6047826531,11370.8951553671
1119,2,94784.0868850568,41087.7628707811,0.209240090078979,0.090703065111042,28283,12312,28180.9401809935,12483.3415103535
1120,2,105648.43485904,45705.8426500961,0.233223621739546,0.100897681747351,31467,13100,31414.6181642457,13211.885946483
1121,2,111946.995790974,52882.3186049811,0.247127975308558,0.116740071800343,31409,15186,31525.1179838605,15291.8159164994
1122,2,105500.046228966,40665.1771159788,0.232896047234755,0.0897701882505183,31856,12513,31818.1195365892,12438.8741625433
1123,2,105980.573119842,43345.951077779,0.233956831731778,0.0956881160766172,30762,12554,30781.0285755712,12547.031176649
1124,2,112251.511158768,59084.3755760484,0.247800206535145,0.130431388580921,31871,16505,31764.6584698054,16700.0567534256
1125,2,96661.8610805698,50894.7238814599,0.213385360184219,0.112352367992061,29597,14963,29533.1440882494,14901.0395035957
1126,2,95275.9517531306,38988.4827904608,0.210325903665254,0.0860688109071702,28646,11930,28793.0672297284,11726.3686986881
1127,2,96337.7712477084,43400.5067379604,0.212669917454852,0.095808550124418,27978,12615,28175.8741639744,12493.9127265339
1128,2,94601.1213064323,49331.416548205,0.208836185421447,0.10890129748032,27470,15003,27552.1984215426,14860.8405824415
1129,2,104458.73005849,46346.3963804867,0.230597295445593,0.102311732614454,31207,13804,31256.3909487367,13763.656334155
1130,2,89992.0842602029,41218.7480497012,0.198661531020863,0.0909922207228852,29247,12945,29352.8443239599,13043.7067273205
1131,2,98384.3437126029,49826.8286121781,0.217187817251967,0.109994941659407,28796,15619,28964.1388613747,15347.9899078707
1132,2,92521.8548343142,47036.9927934785,0.20424611214837,0.103836254930503,28205,13895,28130.9409796298,13933.507224456
1133,2,106807.440694749,41979.3219212973,0.235782178702382,0.0926712213930871,33101,12669,32868.9946134078,12711.9484200779
1134,2,107054.372557386,44715.1655186405,0.236327291778632,0.0987107178904716,33008,13408,33013.1134360758,13544.2593131499
1135,2,103370.956489156,39083.9461900167,0.228195986880908,0.0862795506102021,30817,11021,30644.5251043294,11125.8323473988
1136,2,106377.521666764,46625.3035967519,0.234833113314946,0.102927432706873,30911,13295,30775.1558827881,13332.0099897373
1137,2,98725.2926438582,41627.1048461618,0.217940477191337,0.0918936865246225,30868,13250,30739.3000899227,13269.8618682226
1138,2,103719.205284229,41332.9812483588,0.228964761594528,0.0912443955927672,29667,12570,29817.5153476058,12429.6229779257
1139,2,111043.722758294,47376.2395724056,0.245133959889565,0.104585157292856,32597,14003,32627.6389304855,13993.4681103994
1140,2,109524.886337187,44405.8500203924,0.241781060895529,0.0980278901622819,32425,13626,32361.3983343787,13682.1634392947
1141,2,95226.2141391836,40641.1724504726,0.210216105668938,0.0897171968831075,27949,13008,28094.7543136777,13087.4267535864
1142,2,101197.495251461,42615.4490193332,0.223397974470766,0.0940755002722635,31160,12808,30976.4737039134,12972.0203459215
1143,2,129933.114103339,50163.929010301,0.286833131939061,0.110739105790612,37939,14252,37997.3157870573,14191.666802105
1144,2,95565.6232402717,36241.8674423126,0.210965366364686,0.0800055352904964,30255,11825,30081.6720081194,11829.2629659208
1145,2,83772.1360899488,43172.1706807457,0.184930718621849,0.0953044881162267,24807,12707,24804.9177670775,12753.7997242514
1146,2,102264.648979168,38495.6092240685,0.225753763817391,0.084980770574466,30179,11231,30155.7901815625,11341.1806686725
1147,2,113460.409569833,45843.1470585788,0.250468903578503,0.101200787339685,34796,14597,34749.5885115628,14576.0277057857
1148,2,96257.8403620801,40901.2874248485,0.212493466467576,0.0902914122652243,27334,11927,27364.2269051018,11983.8247038671
1149,2,99384.7268208404,51594.165954508,0.219396207484548,0.113896417496353,29343,15220,29245.9768462204,15119.7446218699
1150,2,91752.9650583411,44284.3832516155,0.202548753749164,0.0977597468644381,28874,14231,28972.6521098212,14307.5170127389
1151,2,101549.786869874,39730.8391620737,0.224175673896832,0.0877075956354058,30858,12298,30917.4848384179,12215.0740768135
1152,2,96185.1853883476,42781.0964997954,0.212333077379617,0.0944411744573753,29760,13500,29848.9209828766,13447.6829158823
1153,2,87467.7196869139,46947.5783034643,0.193088883880762,0.103638868464486,26858,13688,26811.8749043578,13643.5596112493
1154,2,108001.440128605,45861.478223849,0.238417985590485,0.101241254202831,32440,14311,32348.8810685445,14272.0314991698
1155,2,93675.0148008132,42900.537455653,0.206791764094759,0.094704845683043,29628,14502,29722.6657249593,14469.5927024858
1156,2,101113.848887132,37979.5408903862,0.223213321398903,0.083841526760707,31998,11663,31709.0615130135,11868.2438866461
1157,2,82613.7999353528,39733.5083553546,0.182373640009874,0.0877134879983634,26371,12549,26364.7792431324,12633.1891384221
1158,2,103960.673034367,41705.5303398639,0.229497812399263,0.0920668142922257,32689,12389,32656.7895743673,12457.9620436057
1159,2,116019.123965915,41197.5383912116,0.256117379481128,0.0909453994578527,34365,12517,34356.6317140709,12592.7828613592
1160,2,102709.815082483,36559.8242172775,0.226736487802176,0.0807074390216107,30234,11280,30249.911905723,11137.4659067732
1161,2,104608.635794902,44342.2430663676,0.230928219030142,0.0978874749805021,30952,13208,31136.9716953553,13204.5441253929
1162,2,97850.1630968132,45298.6002784909,0.216008589769385,0.0999986760880785,28129,12805,28034.1431874528,12902.4895058936
1163,2,98881.5692316412,43548.4537804149,0.218285464713817,0.096135149804886,28485,12415,28414.4968758474,12352.1738636468
1164,2,96362.4865419244,50702.617790707,0.212724477566766,0.111928285247216,29495,15739,29667.6564432046,15623.1782211865
1165,2,91986.9091231505,48966.2156272808,0.2030651956837,0.108095100194442,26247,14347,26205.4463609689,14277.492325319
1166,2,108236.501899454,36531.6584286877,0.238936894910846,0.0806452617898059,32143,11169,32165.4311516258,11057.9937125401
1167,2,92729.0207957485,47965.11915997,0.20470344022797,0.105885135189959,27620,14365,27636.4163324349,14533.2123012221
1168,2,83665.8416676948,36625.2773722383,0.184696068954186,0.0808519297741202,23834,10661,23879.4515850978,10587.1794774254
1169,2,99126.807553653,49511.0635930818,0.218826839223768,0.109297876326915,27197,13975,27361.8733001143,14000.2102658072
1170,2,97819.1740521358,37796.6954510469,0.21594018007412,0.0834378873159942,28966,11399,28955.8885643314,11409.1789236456
1171,2,105903.593900435,50467.186967229,0.233786896679048,0.111408561226752,31813,15049,31815.9007610188,14920.4010757863
1172,2,86621.8855022997,55653.6860452357,0.191221667275139,0.122857988761911,27575,16534,27519.2919838364,16557.0100506777
1173,2,111353.75518071,44153.3354418423,0.245818370259762,0.0974704529921991,34055,13579,34119.022598745,13460.5297764676
1174,2,108967.042435341,52331.4491169498,0.240549595655864,0.115524002889565,31394,15208,31275.0448203634,15353.7732613657
1175,2,101819.932323168,44711.3389973853,0.224772032007558,0.0987022706745049,31582,13542,31281.9678846521,13740.3671927275
1176,2,95089.6325572493,41917.2494677207,0.209914595748378,0.0925341936893383,30143,13538,30172.0723412886,13447.1616106523
1177,2,92869.7854469055,39366.3960790927,0.205014184460003,0.0869030713105147,29626,12614,29479.2310827313,12729.8091056511
1178,2,83223.0768377799,44643.5396798521,0.1837186458873,0.0985526006637028,24545,13396,24494.4799689197,13112.8854590489
1179,2,119621.095834884,48574.2676502255,0.264068892684383,0.107229857591802,32330,13103,32525.2979547332,13142.4647355577
1180,2,109057.277778062,42877.0509485002,0.240748794190763,0.0946529981732573,33706,13092,33777.8671178424,13203.0950306708
1181,2,100058.546513205,47579.9139405831,0.22088369444318,0.105034777524952,28390,13633,28411.8234370603,13483.0835142831
1182,2,97484.9908899095,47860.1705507049,0.215202455870986,0.105653456464363,29551,14801,29620.8566530357,14749.4238245593
1183,2,87592.459086633,48895.0956795706,0.193364251657056,0.107938099744743,25825,14905,25867.8664562527,14908.6504701689
1184,2,99811.8771816614,46762.0448958073,0.220339160916002,0.103229295210086,30509,14193,30321.37868151,14369.8471182899
1185,2,108645.871534601,43371.4725823623,0.239840596599058,0.0957444559337964,33161,13730,33126.3684865291,13682.0530362974
1186,2,101665.212169492,52653.1360706927,0.224430480382639,0.11623414115634,33077,16436,33017.4784771843,16552.367617431
1187,2,116668.080090916,44024.0144305314,0.257549979008274,0.0971849711044156,34048,13024,34149.0031615345,13146.9883927633
1188,2,104415.816872355,49517.950923781,0.230502562677386,0.109313080415948,29613,14382,29766.1314499252,14326.2468242125
1189,2,102128.689218589,40895.7057708919,0.225453626595148,0.0902790905157087,31612,12857,31470.3199887629,12834.1753242267
1190,2,102673.523118917,38620.2859517402,0.226656371677462,0.0852559999994265,29491,11490,29621.3681161898,11265.9101378596
1191,2,108702.791535728,42879.621728296,0.239966250034721,0.0946586732840667,32169,12567,31889.3436354835,12601.0569066482
1192,2,92146.3199663525,33672.9771069429,0.203417102214504,0.0743345955490227,27708,10543,27753.3113276734,10530.0642411826
1193,2,116795.509936717,42292.9989499378,0.257831286064031,0.093363677393724,32961,12483,33010.8860677021,12325.5340709685
1194,2,108853.423345577,46056.539461681,0.240298776458694,0.10167186056637,31301,14060,31307.369998505,14071.8531550668
1195,2,86724.3753186934,43889.1298951617,0.191447918106045,0.0968872074896723,27022,13077,26911.7501578164,13153.2895309467
1196,2,91933.7297511896,43875.2455697559,0.202947799853396,0.0968565572234298,28018,12940,28060.38844672,12925.5467263713
1197,2,100375.173824164,42479.9293296707,0.221582663323334,0.093776334526152,29890,12291,29933.230753072,12169.5935193748
1198,2,93718.5189622902,38759.2171450825,0.206887801467333,0.0855626967917368,31004,13017,31090.7016597972,12855.0475064533
1199,2,104769.195959887,43950.0957987028,0.231282662739932,0.0970217924349719,32104,14364,32000.7891966734,14254.3641796241
1200,2,104749.850984899,44720.2200796116,0.231239957846714,0.0987218760587639,32179,13692,32155.7881789063,13702.7539367573
1201,2,87258.4665681505,46106.1350942123,0.19262694830847,0.101781345132392,27951,14916,27789.0008518839,15028.1932760388
1202,2,96294.1090204337,40761.4766517023,0.212573531144995,0.0899827737613517,26999,12046,27147.1699386513,11965.3608247374
1203,2,108241.037016665,51121.4009348004,0.23894690638392,0.112852767675368,31818,15175,31915.0162884655,14962.3660026216
1204,2,90627.4953334684,35421.3650102751,0.200064229243493,0.0781942396560537,29926,11479,30031.4903770583,11375.3880715067
1205,2,90028.7207645194,43595.6987727732,0.198742407734617,0.0962394452281126,28651,14070,28629.0360465774,14005.587745893
1206,2,104728.450142918,46610.0708119789,0.231192714535617,0.102893805656566,30002,13545,29994.4473313237,13383.6050935035
1207,2,115862.849871756,52915.7013766463,0.255772397463435,0.116813765754464,33685,15487,33985.432881107,15201.9536763704
1208,2,104522.495457161,38956.5848179505,0.230738060400981,0.0859983947132632,30831,10972,30834.1133254304,10987.5233720669
1209,2,107159.644904598,46726.9468727593,0.236559685170152,0.103151814762202,31979,13416,31891.3584359025,13457.8565753972
1210,2,102709.685525941,47682.7245242111,0.226736201800342,0.105261736463803,31466,14656,31452.0282099349,14661.5133991921
1211,2,92212.5011243819,45042.3617747807,0.203563200066186,0.0994330181874751,29574,14113,29302.5604232798,14275.0300026197
1212,2,93674.98538187,42458.3913326649,0.206791699151133,0.0937287884392327,27815,12652,27681.975232708,12802.5034835679
1213,2,111689.634481366,53059.8857044886,0.246559838763964,0.11713205907497,34098,16324,34239.7568618776,16273.2889069386
1214,2,99667.6431579409,48240.2683373367,0.220020757889634,0.106492539244262,29238,14200,29063.4709419052,14260.3195467414
1215,2,89429.5633146637,43409.7829012312,0.197419740999099,0.0958290276676657,26306,12512,26342.0471643852,12388.0278435498
1216,2,96173.7063266678,39842.7150324798,0.212307736840094,0.0879545665982617,29491,12231,29546.6747520139,12321.2373498064
1217,2,86357.058299568,51173.3381118839,0.190637049439213,0.112967421305197,25635,15527,25883.875559101,15478.6762708763
1218,2,96811.602461138,42551.2249338279,0.213715920945928,0.0939337227452755,30352,12949,30372.0871869464,12902.2788430721
1219,2,93453.543419538,37902.5544072096,0.20630285616421,0.0836715756728808,27096,11304,27165.3013049336,11269.9754752997
1220,2,94247.6994710292,52558.2144722136,0.208055990991075,0.116024597503297,28496,15462,28412.3703511904,15467.7544850148
1221,2,100590.75147884,44397.8239093173,0.222058560590121,0.0980101721648887,30574,13501,30663.0161484863,13489.3451560596
1222,2,101187.703986144,51451.6642146473,0.223376359816827,0.113581838563699,30063,15731,30162.7793375355,15524.7777738358
1223,2,105256.151213665,46166.1227069585,0.232357638134151,0.101913770457223,31276,14694,31429.446129434,14515.5355854671
1224,2,93429.9889025746,41130.1262083038,0.206250858519741,0.0907965840639653,27275,12125,27414.080138632,12060.8639952182
1225,2,109405.424240016,36084.6973675093,0.241517342999469,0.0796585753556559,32669,10940,32635.0211484925,11067.4687796369
1226,2,113612.475113341,45474.0863857429,0.250804595033337,0.100386069479688,32831,13223,32923.5549192157,13138.8597772183
1227,2,90181.1850152724,43981.2426645885,0.199078979353438,0.0970905505275777,28843,14095,28813.5493745224,14084.8740402222
1228,2,104000.746863506,42461.9237346545,0.229586277160536,0.0937365863738312,28617,11824,28636.9107710041,11697.7665580725
1229,2,108346.459524945,42814.4362295137,0.239179631262682,0.0945147733944831,32805,13013,32779.6949518415,13118.5084630623
1230,2,93741.1429171947,42757.106647678,0.206937744854643,0.0943882157911795,29446,13107,29484.6245728547,13056.9660630276
1231,2,102919.562531108,35924.3156395002,0.227199514629636,0.0793045255534318,31351,11107,31393.8528222628,11033.8954772783
1232,2,104821.775419967,43040.5671377935,0.231398734238058,0.0950139674382627,33310,12859,33189.2014887769,12981.6586610322
1233,2,80469.9994773806,44901.7662267776,0.177641105090996,0.0991226472581803,23314,13856,23406.4363033866,13725.0343044605
1234,2,97566.8037096183,41574.1406371803,0.215383061311498,0.0917767656761716,29934,12382,29898.2396861146,12370.7524122487
1235,2,94054.8326768669,37659.9593897482,0.207630228959599,0.0831360363753624,28921,11100,29056.1738999003,11099.4249285213
1236,2,88218.6759796488,39957.4482173,0.194746653317606,0.0882078452098492,28363,12560,28475.7312424594,12529.964559905
1237,2,99454.1488650465,50706.2763927437,0.219549459736698,0.111936361774035,30498,15068,30396.117838889,15233.359459682
1238,2,109487.211919005,44755.2808412399,0.241697892940726,0.0987992742504059,31379,13152,31473.3874473416,13195.5590421594
1239,2,100800.62734764,46868.7210917744,0.222521870910833,0.103464787660211,27380,12575,27312.2990683628,12570.3321812912
1240,2,104703.837768627,40891.3330171094,0.231138381624018,0.0902694374671283,31910,13247,32028.723036525,13199.4743653761
1241,2,97034.6158390953,48853.1018549018,0.214208232902778,0.107845396507889,28713,15035,28878.0705644574,15016.5878842036
1242,2,113932.913656481,51568.9886206676,0.251511977378145,0.113840837411406,34516,15395,34495.3583533953,15415.3608654376
1243,2,79572.6707241749,41493.5502604244,0.175660211933489,0.091598858832881,23965,12872,23961.6831915651,12806.312949768
1244,2,103066.995582191,52526.8949780068,0.227524979651277,0.11595545832599,28921,14665,28873.3958283835,14748.1696413533
1245,2,96890.2042965683,44932.8657887736,0.213889437995745,0.0991913009253444,29072,14617,29115.4008540921,14477.8668868941
1246,2,121380.657521548,41224.8530541972,0.267953203415398,0.0910056977920077,34749,11754,34819.057434564,11774.0941105921
1247,2,102201.743160529,49368.6550177856,0.22561489642318,0.108983503059183,30211,13657,30385.0014559592,13665.9474279565
1248,2,98825.8478261079,39813.9279276846,0.218162457231271,0.0878910177832823,27544,11172,27618.879017599,11068.7593544674
1249,2,106687.1568602,37782.9503636679,0.23551664678449,0.0834075444238924,31861,11461,31762.3806583827,11368.2256458184
1250,2,94460.8503966808,38317.5624956988,0.208526531145541,0.0845877244977809,28556,11527,28763.4262777779,11419.9934806024
1251,2,84890.4873722192,40532.6653939018,0.187399528848675,0.0894776627267188,26057,12618,26206.6896814599,12555.8202002088
1252,2,105812.946332808,52903.6730425191,0.233586788139322,0.116787212671568,31410,15917,31449.1129888061,15934.1254648587
1253,2,110624.166542011,41573.3130133629,0.244207770870149,0.0917749386597619,31493,12048,31404.0618579339,12078.4535195862
1254,2,85793.4117773281,43239.9510432875,0.189392774656789,0.0954541162830415,24487,12379,24537.5967596774,12449.5380641758
1255,2,102826.967690936,42031.1550085786,0.226995107399105,0.0927856452400452,30869,12920,30794.3539097657,12869.5572451611
1256,2,92774.3450240497,40393.7212993617,0.204803495479059,0.08917093745444,26912,11613,26805.0091574547,11693.2792048501
1257,2,98766.7553331871,51915.8015837366,0.21803200792329,0.114606442461979,30504,15818,30488.3414033214,15816.7144674652
1258,2,98640.7841392796,46338.2113556409,0.217753920906505,0.10229366380784,29546,13819,29564.9783542941,13691.7576436272
1259,2,112382.639269233,43460.4421260585,0.248089677674735,0.095940860161015,32423,13413,32419.1921980397,13290.1372030298
1260,2,116655.58503615,40811.25290958,0.257522395618796,0.0900926570658643,34019,11993,34169.138003466,11800.5003306458
1261,2,108041.941359684,41387.1041648627,0.238507393860563,0.091363874339641,31866,12032,31856.905690423,11923.2939593893
1262,2,103473.82530565,39463.3795305867,0.228423074371402,0.0871171665958488,30607,12236,30904.9455053458,11951.4980911115
1263,2,97863.3660732805,47683.4603955345,0.216037735927523,0.105263360932499,29031,14397,29096.6099280917,14374.2794693902
1264,2,111248.91941432,48578.408465788,0.245586940639834,0.107238998626439,32508,14066,32495.3201310936,14139.0053985244
1265,2,106029.000279094,42837.295058917,0.234063736841036,0.0945652352777024,32420,13437,32255.8879586043,13468.7894516462
1266,2,98444.4821202067,50036.5448053072,0.217320575463158,0.110457899488969,26961,13811,27021.8426555503,13843.642280634
1267,2,97478.1287893269,42124.6222306187,0.215187307478558,0.0929919782923731,29819,12576,29785.022927257,12594.9514872965
1268,2,111799.853066546,46480.7861527538,0.246803151195929,0.102608404017629,32983,13348,32865.842068376,13388.9375015665
1269,2,100083.616040906,35629.3821779879,0.220939036541277,0.078653446811396,29807,10849,29749.3131327443,10807.3874229945
1270,2,105053.839671581,47504.4264491046,0.231911026401307,0.104868135528011,32453,14159,32439.19196899,14270.4096408905
1271,2,95772.1118767854,41711.2646891891,0.21142119921938,0.0920794731235631,29188,12885,29082.8283583905,12892.2047359199
1272,2,103618.191592837,52927.6606248476,0.228741769375259,0.116840166327104,32222,16802,32401.9271022915,16587.5881849939
1273,2,87662.3806129877,37989.695758319,0.193518606538278,0.083863944083602,29286,12873,29280.6360233028,12901.2638486007
1274,2,104116.717619002,40589.1349420843,0.229842287764468,0.089602321767458,30429,11964,30439.342002184,11950.9473191927
1275,2,102662.564960086,46731.5294412707,0.226632181054161,0.103161930986134,32135,14203,32183.9588198854,14203.7061098622
1276,2,83807.2378294526,44892.6943926981,0.185008207273975,0.099102620780716,25840,14388,25740.0601285475,14418.4703190594
1277,2,98676.1416956244,52250.8976461371,0.217831974285693,0.115346181932875,27969,15188,28046.0525886009,15292.7283294704
1278,2,90212.3194926636,46960.2752682092,0.19914771009789,0.103666897579227,27894,13990,27700.3514564503,14218.4710413983
1279,2,110239.961573897,49430.3453285241,0.243359621304343,0.10911968716561,32769,14697,32867.1150174121,14747.1902443139
1280,2,99207.9657817305,46195.1674881902,0.219005999624122,0.101977888104404,29150,14042,29091.6445640187,14120.7531370367
1281,2,93016.1183139124,48641.9117529925,0.205337220776332,0.1073791849591,26989,14242,26942.9418824029,14395.2889934281
1282,2,98364.5013609198,48126.7674053178,0.21714401437756,0.106241980885574,30735,15295,30632.5936197686,15210.5264536434
1283,2,125488.73328393,49722.7261489099,0.277021963487059,0.109765130838756,36468,14580,36591.8522531301,14410.155107009
1284,2,110504.932444239,45738.1274569238,0.243944556292913,0.100968951895229,32171,13349,32200.9697647082,13373.6575784924
1285,2,90720.3450686846,46713.4809090802,0.200269199166176,0.10312208804809,24409,12951,24516.4316467722,12959.3095019558
1286,2,102619.3848232,45331.1800812026,0.226536858980291,0.100070597452499,32286,14108,32169.1836441961,13987.8441835313
1287,2,89283.4957371868,44064.9909388798,0.197097290321213,0.0972754285702172,27988,13782,27837.3961007484,13799.6596548691
1288,2,97761.0465356469,39793.1448225206,0.215811860994558,0.0878451381536994,29806,11954,29915.717188709,12039.6193023706
1289,2,108833.644306543,49080.2406233933,0.240255113349779,0.10834681544794,31266,14056,31306.9991170797,13990.0097523032
1290,2,86543.1817811565,32284.3195938654,0.191047925308077,0.0712690722879552,28081,10567,28060.2215752306,10456.7384717434
1291,2,95050.9694015686,37409.7064662379,0.209829245111544,0.0825835919094331,27407,10890,27415.5501214487,10777.2593470794
1292,2,103145.330720993,39120.8553351083,0.227697907956417,0.0863610291906,30135,11226,30188.4295786908,11240.1494572794
1293,2,96918.7647006876,36323.0001929198,0.213952486358893,0.0801846394482018,28719,11201,28541.5397511568,11234.914043414
1294,2,95449.4618795096,44350.345110169,0.210708934991147,0.0979053606027679,28771,12885,28954.3541706401,12891.4989999709
1295,2,103132.108338342,46092.445198018,0.227668718958265,0.101751124077286,30504,13930,30646.58761073,13824.8273406701
1296,2,99697.8235356811,50676.2467963067,0.220087382416646,0.11187007010346,30406,15945,30247.1283593626,16004.3496167414
1297,2,108451.619194642,41622.6510565554,0.239411775913575,0.0918838545858544,33294,13340,33283.6717217193,13262.7957171639
1298,2,108997.020577272,47105.6922666325,0.240615773738327,0.103987912074899,31376,13930,31120.4246665829,14030.1763082278
1299,2,88347.4919063104,49500.4070511163,0.195031020208548,0.109274351536266,26969,14192,26889.1374927886,14402.314706455
1300,2,114945.227879176,47529.3620947062,0.253746706076876,0.104923182075415,36133,14977,36128.7225828157,15065.6606505356
1301,2,107296.962434243,48571.2746764231,0.236862819728038,0.107223250468933,32041,14765,32148.9494966447,14631.1869576143
1302,2,119649.675007058,48757.2985339507,0.264131982478848,0.107633906413249,33727,14022,33741.4244208565,14016.1931315807
1303,2,106182.149587974,44683.2877092385,0.234401820756158,0.0986403462075236,30541,13711,30465.3205326564,13557.8912500742
1304,2,99087.2272791202,40963.2630277946,0.218739464006252,0.0904282261668961,30100,12544,30000.8795293765,12452.9321389453
1305,2,106199.651925353,51536.9131975506,0.234440457944848,0.113770029487387,32452,15679,32341.7292794784,15755.0094815827
1306,2,79139.2860090183,45835.23807549,0.174703495887385,0.101183327907535,25469,14287,25333.137741702,14388.5065363906
1307,2,117622.842245039,49124.1705987543,0.259657658954327,0.108443792823613,34977,14876,35288.9127835241,14824.9058283303
1308,2,108910.730357418,34149.7709275379,0.24042528423773,0.0753871391272647,28845,9416,28696.0559267031,9459.52627080599
1309,2,101856.497402668,43047.8024291019,0.22485275104785,0.095029939665826,28431,12146,28348.2597937525,12124.3903399447
1310,2,96934.0576722651,46961.5955656087,0.21398624627425,0.103669812194495,28188,14040,28340.7093301011,13912.7051169131
1311,2,92056.2481005596,38738.9404671473,0.203218264562199,0.0855179351227998,27839,11400,27973.4031054817,11396.8804464558
1312,2,105469.185392716,48371.7920828783,0.2328279205653,0.106782883765891,31932,15066,32073.3317904895,15007.5191301317
1313,2,105540.089258182,39060.1711060396,0.232984444003828,0.0862270660542342,31383,11959,31350.7471281854,12062.1377684502
1314,2,101168.22467044,45492.931736276,0.2233333583605,0.100427671429685,31904,14085,31995.9878304302,14017.7054005273
1315,2,103927.935254667,52859.853067962,0.229425542293609,0.116690478127565,31054,15970,31239.3851997838,15905.7775176467
1316,2,105534.89379128,47896.9651813245,0.232972974779421,0.105734682248968,31516,14942,31528.8978300996,15012.9892192883
1317,2,114022.886091046,53921.8380573711,0.25171059553159,0.119034857254369,32927,15325,32859.0595104216,15211.3586504265
1318,2,99862.9452661672,48381.280830869,0.220451895985287,0.106803830599368,29771,14130,29793.8270728653,14203.9547191695
1319,2,132372.691560631,49161.2688445274,0.292218607747226,0.108525688852182,37875,14694,38145.3373231182,14592.0575841646
1320,2,98834.4158576826,44239.2338403569,0.218181371542285,0.0976600775297507,31579,13522,31611.3591667527,13555.9556598419
1321,2,102619.708249578,41354.1801106148,0.226537572958414,0.0912911930246335,30389,12552,30571.260663312,12528.2433254826
1322,2,90173.8285611563,43285.8187388918,0.199062739653584,0.0955553712623883,25487,12546,25430.7004022374,12548.9904043471
1323,2,106772.800924068,57754.5996321298,0.23570570986699,0.127495849004242,31558,16528,31447.1861562,16534.9692510847
1324,2,84334.1373533861,42975.6417931897,0.186171361422246,0.0948706418506059,27758,13970,27657.2474415166,13994.5396123965
1325,2,91162.8848477587,42738.9201321615,0.201246125423316,0.0943480682488025,27775,12882,27894.8062972906,12922.5900492328
1326,2,106842.873020445,50939.852660883,0.235860397138239,0.112451991781054,31343,15405,31157.3749720986,15477.1260196958
1327,2,109252.215076214,44591.1549283658,0.241179126951941,0.0984369589934608,31917,13096,31829.366722896,13199.5128436091
1328,2,88191.2137292644,48041.8803165652,0.194686029177699,0.106054588859329,28092,14846,28128.5295187991,14928.5326452051
1329,2,100817.203972977,42940.1813013212,0.222558464548991,0.0947923612366691,28232,12037,28363.0685679643,11955.2595218915
1330,2,104586.025442966,47734.1774602513,0.23087830567199,0.105375321109978,30805,14167,30745.9624324581,14157.4552090458
1331,2,86759.4486010594,39628.263892047,0.191525343937772,0.087481156161802,26595,12108,26680.6768879029,12166.6271055986
1332,2,107860.076604384,50897.9637304058,0.238105919319512,0.112359520102796,31839,15339,31927.2001166219,15096.4525175407
1333,2,113629.202067427,49194.1484428022,0.2508415205289,0.10859827202865,30721,14160,30781.9331227349,14143.6978365091
1334,2,113282.0308219,45876.9418993249,0.250075124553855,0.101275390954641,33245,13478,33283.4307467793,13546.954247114
1335,2,111079.822055126,47534.2293833608,0.24521365069389,0.104933926831734,35862,15424,36062.6999606743,15440.2041531769
1336,2,114924.543702612,44095.8219295384,0.25370104483658,0.0973434893542013,37414,14206,37362.7225509549,14152.4129817016
1337,2,115233.614385647,46348.1193136354,0.254383332124291,0.102315536066057,34392,13659,34219.2799751038,13693.7307607744
1338,2,100862.917964719,49115.6643607658,0.222659380220222,0.108425014924691,29778,14160,29560.7939843717,14189.0086042398
1339,2,83863.9119377821,40662.80473191,0.185133317890343,0.0897649511071056,27389,12581,27331.1836996993,12536.1535505
1340,2,101426.245120044,47453.2943047843,0.223902949985969,0.104755259043834,29538,14526,29441.8621130272,14569.3980049664
1341,2,105873.098614144,46656.2546292041,0.233719576977396,0.102995758488459,31015,13874,31068.3666122712,13866.6783738199
1342,2,96308.7307417556,41783.9591353578,0.21260580924554,0.0922399493486811,30522,12923,30515.9284152219,12923.5477266235
1343,2,100655.310327715,43421.9530313931,0.222201077122146,0.0958558937716188,30042,12859,29778.9887067305,12980.0110296384
1344,2,111799.017891394,43936.5127459488,0.246801307509612,0.0969918072415159,33469,13286,33529.677571581,13164.7162247603
1345,2,107344.357277251,46095.2063178743,0.236967445953243,0.10175721937225,31065,13361,31068.5176783452,13282.8517120369
1346,2,111717.786686804,41134.2088100704,0.246621986010358,0.0908055965890577,32110,12119,32012.9253288584,12267.6880692872
1347,2,88593.4480633656,35571.7118494293,0.195573979371304,0.078526136994537,27208,10894,27142.6594146337,10958.5118682651
1348,2,110639.951137218,47063.2426166463,0.24424261606655,0.103894202583371,32603,14384,32849.3752662367,14234.2633865802
1349,2,95442.6244507185,43974.58146069,0.210693841062797,0.0970758456235209,30262,13794,30185.3551520542,13752.8362891882
1350,2,97250.7519357696,44946.8641141637,0.214685362955129,0.0992222028516258,29453,13749,29546.0510583945,13735.6915937368
1351,2,100441.014065968,45028.4095314258,0.221728008587277,0.0994022179893371,29617,13501,29678.8833765131,13494.2901316299
1352,2,113891.356179178,51692.0668168727,0.251420237397522,0.114112538007013,34309,15309,34168.1030024549,15358.8237336222
1353,2,97360.4341088493,41147.955982587,0.214927491233508,0.0908359440841936,27903,11836,27718.9059859553,11914.447369997
1354,2,98222.3302791784,41629.7523086683,0.216830165387421,0.0918995309159286,30779,12819,30671.5493168878,12909.378285074
1355,2,101313.04696365,44923.011313371,0.223653060017947,0.0991695467323286,31629,13675,31788.4947215175,13664.6040667487
1356,2,115404.801207586,49512.8151008191,0.254761234652237,0.109301742858194,34332,15250,34388.0194375058,15318.7581197812
1357,2,93093.1318859942,42157.8456531537,0.205507231664123,0.0930653204761975,28172,12212,28113.6578462492,12209.2963447984
1358,2,106621.10208784,50858.9730357717,0.235370827934798,0.112273446409146,31307,15574,31169.1045397188,15560.3071485416
1359,2,83532.8970522178,46659.0913855121,0.184402587798941,0.103002020754256,25698,14620,25730.7677954864,14513.4728410348
1360,2,107473.622082417,49478.2366415199,0.23725280376346,0.109225409370408,34181,15427,34097.9408799375,15326.9313102976
1361,2,103836.808272631,41853.5918277625,0.229224375425241,0.0923936666161047,28683,11596,28700.1155448219,11612.2902674103
1362,2,85666.3013013265,36997.3108271371,0.189112172624078,0.0816732101828224,27917,11460,27761.2632439545,11534.8284387942
1363,2,94291.6368072563,40868.7635936872,0.208152984616188,0.090219614460492,29177,12781,29204.2858622854,12807.528876084
1364,2,104962.481443477,52882.1525497026,0.231709349046952,0.116739705225926,32276,16415,32362.6698155486,16349.4443875829
1365,2,92301.8405817228,50206.6410616501,0.203760420894238,0.110833394544827,27233,14520,27258.6591514358,14519.3262656537
1366,2,108757.580674047,50918.4903657881,0.2400871994959,0.112404833563922,34155,15901,34226.0117827914,16078.9110359399
1367,2,107218.810675743,47856.79528371,0.236690296243074,0.105646005412259,30928,13429,31145.4664567049,13468.2116684492
1368,2,110569.734353403,39640.4521092338,0.244087609391342,0.0875080621936674,31570,11317,31616.7133823504,11281.8249487928
1369,2,106883.780703315,47399.1385266442,0.235950702668734,0.104635707753435,32901,13574,32947.3394938544,13727.1215250313
1370,2,110804.17879047,43690.8772980161,0.244605155919906,0.0964495560584207,33310,13173,33163.7968941291,13236.4613075996
1371,2,114421.525883622,49484.4439090733,0.252590610614805,0.109239112189781,35486,15137,35357.4800261827,15176.1157341427
1372,2,83325.116407919,49504.6173517791,0.183943902779561,0.109283645962355,25230,14981,25190.8291892058,14975.5358130171
1373,2,108718.111907371,58954.1551456935,0.240000070436942,0.130143921185569,33019,17891,33145.475201166,17778.3862558906
1374,2,103275.415822669,39736.5865583506,0.227985076607685,0.0877202832684697,31190,11533,31288.7317477065,11589.6873211627
1375,2,92963.7287052759,43638.134831446,0.205221568383715,0.0963331247162113,29235,13279,29122.9128791887,13301.5014744182
1376,2,108437.440836302,46939.8246004225,0.239380476556544,0.103621751819949,31956,13948,32063.566764085,13964.8810670169
1377,2,99816.3919343716,51353.3182241921,0.220349127433534,0.11336473541297,29732,14982,29678.4296476726,15042.2101937624
1378,2,77811.9495026698,33951.5937715772,0.171773341477708,0.0749496542357861,22471,9871,22400.1214682832,9971.97680509183
1379,2,112355.66510016,47161.0817357673,0.248030130996044,0.104110186793072,32646,13428,32572.2605168551,13530.0816600076
1380,2,114945.047042808,46012.3235727163,0.253746306872546,0.101574252023692,33063,13479,32999.8900084561,13505.0302989243
1381,2,105067.681684515,54516.9938498459,0.231941583260886,0.120348690153128,32138,16132,32146.5748015629,16089.9816085095
1382,2,112765.913202412,46565.2982196224,0.248935771939487,0.102794968166375,32845,13272,32687.1495172819,13448.9626516181
1383,2,88070.2647720269,42889.6466762322,0.194419028971873,0.0946808038027872,27074,12793,27224.2319013167,12863.2816460596
1384,2,112147.523272067,47942.7060547707,0.247570648647365,0.105835657262757,31919,13606,31833.0990726485,13583.9172121742
1385,2,82570.4374880548,39133.7467943772,0.182277915477657,0.0863894876606588,26566,12756,26612.9012969864,12749.6430937762
1386,2,106955.989221881,56207.5093399906,0.236110106187044,0.124080578332488,30488,15735,30554.4176439623,15636.6255116844
1387,2,118775.890838568,46878.0914626795,0.262203065039929,0.103485473171004,35648,13471,35553.9410791206,13391.2888767897
1388,2,107989.173267923,53776.4607259068,0.238390905949604,0.118713930325275,29902,15022,29884.9266257694,15082.2105628208
1389,2,107000.683097138,42981.6741402381,0.236208769905733,0.0948839585251794,30318,12233,30362.540934208,12179.5507500141
1390,2,93658.8041703439,40808.6376051441,0.206755978406559,0.0900868836649303,28263,12532,28085.5986889333,12635.0358119467
1391,2,107024.364500783,50734.7868283097,0.2362610476582,0.111999299829378,31324,14343,31341.3660009562,14376.3127523698
1392,2,89145.1293690066,44218.0726288685,0.196791840405585,0.0976133632136295,27716,13956,27934.6946443892,13894.9015625877
1393,2,104913.128677384,40227.9496872837,0.231600400619403,0.0888049892432618,32721,12686,32672.9643206527,12686.5853945504
1394,2,91876.9210920833,32296.4308734715,0.202822392210201,0.0712958084766872,28987,10470,28890.1556139017,10552.6184962784
1395,2,89958.1791690588,43945.5840079301,0.198586684023247,0.0970118324560481,27103,12983,27234.2536207363,12892.600138057
1396,2,89430.7201211353,41839.7158862003,0.197422294700867,0.09236303485757,24596,11877,24739.666964481,11871.6752673844
1397,2,107548.522559331,48766.0200381425,0.237418149899626,0.107653159521896,33196,15474,33198.027178303,15374.1374486649
1398,2,104681.820322039,44322.432341224,0.231089777130808,0.0978437419230892,30912,13328,30878.4615036583,13375.7731953976
1399,2,107181.339943154,54350.777090077,0.236607577933284,0.119981759258612,30854,15679,31034.0391381153,15572.1294899227
1400,2,103624.296681601,38805.0342596359,0.228755246630407,0.0856638401111628,31198,11164,31044.3886053528,11316.1531035139
1401,2,87305.9266989983,43016.7369379323,0.192731718659487,0.0949613612115276,24950,12373,25029.1099709548,12323.2947622547
1402,2,104993.786522319,46513.185381517,0.2317784564017,0.102679926757022,31594,13741,31557.293197388,13764.6816167242
1403,2,97872.609775742,36681.5074696918,0.216058141812089,0.0809760602167187,29682,11499,29799.6001977755,11478.5460508495
1404,2,102829.146095082,40908.3105092418,0.226999916323207,0.0903069160365786,33431,13763,33492.6751176358,13649.3479360921
1405,2,120221.594174344,44597.0986767753,0.265394519493377,0.098450080082596,32731,12523,32725.0172135839,12566.9783801976
1406,2,92125.1333635419,48254.9138102806,0.203370331845909,0.106524869777569,26989,13876,27196.454512028,13753.4106248495
1407,2,103768.016089535,43433.9976636287,0.229072513619524,0.0958824828333142,30422,12850,30608.9529955315,12862.9218374086
1408,2,95279.1458590597,45740.3331998029,0.210332954796243,0.1009738211708,32050,15056,32077.1551568218,15055.9771139807
1409,2,101368.214910774,50337.8564641667,0.223774845716423,0.111123058385505,30018,15525,30024.0667805509,15473.8315730575
1410,2,98438.5169887676,48390.4825752877,0.217307407170033,0.106824143859688,28695,13844,28700.1790447118,13912.0228491443
1411,2,81345.6713869143,37408.903447784,0.17957418980228,0.0825818192104584,25324,11293,25346.9763377435,11241.2792713023
1412,2,102172.986822759,45641.299478834,0.225551415527778,0.100755199824354,30309,13992,30202.9946040272,14067.0808908647
1413,2,101188.638507139,40180.256379308,0.223378422813513,0.0886997041433579,30881,12671,31083.054014738,12639.5194277301
1414,2,119896.823651482,47753.3806191488,0.26467757411054,0.105417712937864,33932,13919,33889.4920665513,13928.9234027599
1415,2,90083.4573912962,46345.4263585187,0.19886324127423,0.10230959124779,25672,13491,25718.6215669706,13501.343072044
1416,2,93161.8114939072,38074.4223024817,0.205658844955114,0.0840509817005194,28805,11203,28779.5096682532,11157.0775251356
1417,2,91316.7963209803,35346.2228304693,0.201585891850144,0.0780283599499977,28120,11155,28169.2181695048,11133.2819540131
1418,2,99866.0930174204,42610.3316346323,0.220458844786266,0.0940642034177917,32572,13951,32537.714889629,13927.2739662938
1419,2,92755.5087879479,40468.9969830166,0.204761913649574,0.0893371118761845,29712,12396,29770.0258395237,12313.3973898017
1420,2,90017.3112209132,44518.4487338323,0.198717220659334,0.0982764568333045,26682,13202,26881.3910951716,12897.7138892211
1421,2,98426.1628383138,41124.4570217556,0.217280134833096,0.0907840690823582,29143,12621,29221.6323922136,12603.5333794876
1422,2,80932.1810174874,31125.2375275741,0.178661391409754,0.0687103470427162,25373,9769,25257.362913649,9698.25976827737
1423,2,93553.8630541238,43511.6796119572,0.206524316222193,0.0960539691914145,26462,12325,26455.3256668277,12323.8021870208
1424,2,97037.4181007574,39330.1351572122,0.214214419020109,0.086823023711704,29213,11959,29225.4658277572,11879.479398557
1425,2,90260.8204194106,41296.9411631512,0.199254778052175,0.09116483550074,26885,11975,26907.8462358704,11874.830354365
1426,2,95112.1722464417,47441.4245258812,0.209964353115379,0.104729055978651,27606,13286,27538.0525163239,13424.8088598812
1427,2,93194.8610367064,35250.1225276877,0.205731803291684,0.0778162142547501,28899,11352,28814.8059068238,11371.1802403655
1428,2,99173.9604044582,47539.3220839002,0.218930931240415,0.104945169194821,30637,13704,30500.83312389,13974.3375775789
1429,2,112222.011093824,47587.2086576153,0.247735083828906,0.105050880937446,33641,14192,33800.0005534966,14080.2765713725
1430,2,102440.200890588,46734.0925463086,0.226141302474632,0.103167589154574,31239,13526,31275.8307939439,13565.9040980044
1431,2,109101.358736985,46816.5514234345,0.240846104869368,0.103349620795587,31475,13249,31588.0792381369,13280.0999219649
1432,2,98180.2867768267,50752.8866138586,0.216737352484871,0.112039255911492,30568,15187,30419.8551875205,15151.4839080874
1433,2,115131.391119407,44614.8020693538,0.254157669714713,0.0984891611095865,35013,13430,35093.6960890473,13429.7384854506
1434,2,86719.383894062,35399.7048364111,0.191436899314032,0.0781464238582824,26655,11355,26734.5774284944,11317.6329622422
1435,2,110890.16976424,48306.5564973847,0.244794984821454,0.106638873307663,32104,14633,32253.6396592787,14527.5233316806
1436,2,105911.893010647,45622.5704420375,0.233805217334184,0.100713854642107,32838,14002,32801.6752039147,13886.1162082348
1437,2,99411.605371872,46707.1786610458,0.219455543082156,0.103108175555078,31047,13982,31066.6221983688,14045.9777702522
1438,2,101482.341040294,44606.1513959358,0.224026784226419,0.0984700643630258,29173,13176,29130.7205095364,13287.3410705715
1439,2,110190.831639349,46800.1660116556,0.243251164787345,0.103313449269867,33317,12944,33074.2200900847,12991.9054459294
1440,2,111774.73049964,47830.4933307895,0.246747692011426,0.105587942680642,33466,14652,33351.452830557,14698.875277805
1441,2,96760.6322800069,41530.4601247498,0.2136034020027,0.0916803390010194,27981,12499,28098.6212920353,12455.3547397595
1442,2,92716.1581309123,44736.4028220894,0.204675045322903,0.0987576001829821,26636,13323,26589.7802363092,13371.8228700011
1443,2,97356.2529825954,42215.9429818882,0.214918261211225,0.0931935729149483,29336,13033,29516.9689133361,13001.4110880859
1444,2,90467.1681168082,47781.8267904516,0.199710299777498,0.105480509126986,28039,15321,28158.0294278651,15229.8417288868
1445,2,108221.176336449,40284.9237969308,0.238903063048462,0.0889307621258892,33342,11789,33298.9566345776,11861.6659090007
1446,2,100764.968775596,41832.7264424319,0.222443153026092,0.0923476053493923,28669,11878,28712.9619657446,11926.1344591668
1447,2,98966.9227036983,36901.6101158676,0.218473886301962,0.0814619466036212,31658,12259,31647.833170987,12156.4572944238
1448,2,93385.772637368,39345.5837906462,0.206153249146493,0.086857127257537,28970,12684,29010.9331940032,12532.4308868937
1449,2,101273.256938291,45030.7390310027,0.223565221766147,0.0994073604633254,29445,13029,29392.5557106189,12950.0153208919
1450,2,114094.222418459,40759.438089891,0.251868073649113,0.0899782735454291,36411,13355,36588.050405311,13225.2824603954
1451,2,122424.317928278,50873.9645864984,0.270257130210418,0.11230654092456,36791,14519,36650.1802286273,14641.7432489727
1452,2,112175.654106822,52272.1959557444,0.247632748717024,0.115393198899196,33114,15376,33132.3781574214,15321.9552492183
1453,2,107280.894005788,41807.7639991087,0.236827347957112,0.0922924996448252,29518,11662,29527.5820469687,11465.4965806969
1454,2,103079.466111617,48070.624042659,0.227552508899973,0.106118041913895,30609,14366,30831.0217126596,14399.434588826
1455,2,98234.2974111668,45977.658515891,0.216856583363871,0.101497727368013,28620,13385,28521.6880416253,13477.5658857434
1456,2,90357.4265053195,45262.7073992385,0.199468040286185,0.0999194409597487,29166,15259,29137.0204151299,15155.4313167846
1457,2,102772.146143119,46310.7914612075,0.226874086392516,0.10223313317058,30742,13997,30900.1414157641,13905.4968932865
1458,2,99452.6055828015,45493.1114301479,0.21954605287246,0.100428068111905,31556,14172,31644.5766835393,14146.0647215803
1459,2,100823.630543181,46584.7778300767,0.222572651488727,0.102837970273375,30449,13756,30335.9587982517,13863.562572909
1460,2,116645.640656062,45921.8631939953,0.257500442957187,0.101374556711808,34851,13427,34690.2416541568,13452.8304225471
1461,2,89090.3437549051,39135.9219915775,0.196670898724271,0.0863942895052838,27957,12818,28149.8374404393,12804.8487324997
1462,2,105689.74127975,37642.0353784448,0.233314807501568,0.0830964683227182,31455,11709,31281.1692924078,11729.977761036
1463,2,89306.917138727,37864.3086696405,0.197148994107461,0.083587146505105,27345,11852,27236.7469400195,11815.0131433687
1464,2,97840.7774762677,42639.0256976472,0.215987870594332,0.0941275468389004,28887,12266,28866.3418443995,12311.4418271874
1465,2,96765.5758310648,40396.4456679515,0.213614315111668,0.0891769516193475,30599,13433,30370.2807725406,13452.6151974467
1466,2,80896.7875275155,40763.6231686449,0.178583258705486,0.0899875122930315,25685,12988,25736.9725553994,12884.945655303
1467,2,97505.4560163795,44421.1601187925,0.21524763354845,0.0980616878858622,27548,12624,27523.4353029909,12718.6048890554
1468,2,110005.429883484,50189.4858875429,0.242841882160134,0.110795523734509,33582,15726,33481.0118591092,15683.3049883491
1469,2,88936.7598372845,43720.9133456247,0.19633185539101,0.0965158619702439,29011,14207,28966.3685233227,14232.3824696205
1470,2,97697.9836103129,43727.3837006713,0.215672646780325,0.0965301455669665,30232,14250,30205.6067970911,14125.5867806461
1471,2,107757.468176043,39967.3096591049,0.237879406647453,0.0882296147815081,32365,12385,32184.4331706855,12496.962735508
1472,2,90141.8250287405,44476.9369004872,0.198992090431488,0.0981848176137485,27933,13550,27983.2270535164,13436.8880544756
1473,2,96296.4908135905,43150.6946233016,0.212578789059388,0.0952570787636462,27058,12507,26801.6142057858,12545.4557313057
1474,2,114679.553550879,49480.3867232482,0.253160218173563,0.109230155771511,35196,15081,35035.8759783659,15154.4028581107
1475,2,90546.0687160839,44584.1619085279,0.199884476361799,0.0984215215909507,29085,14621,29141.2187557012,14557.2461611524
1476,2,92592.4877752702,46698.5445150467,0.204402037508985,0.10308911529353,29463,14879,29521.0032567003,14872.7367582861
1477,2,106366.386788939,42379.4128620223,0.234808532576599,0.0935544399504237,31729,12860,31687.7270012782,12786.5974465492
1478,2,110003.265273972,44874.7229214965,0.242837103688303,0.0990629479582343,31901,12603,31776.4416589284,12709.976984102
1479,2,107260.665521971,42787.4708401036,0.236782692678835,0.09445524609729,30862,12358,31123.8948177808,12226.1106584648
1480,2,123429.45104178,53170.9958755907,0.272476006291015,0.117377339722535,36452,15588,36354.0511407237,15509.1867504983
1481,2,101725.745161288,47911.9221092567,0.224564109655994,0.105767700333023,30430,14404,30348.2383563323,14301.9172363558
1482,2,109164.239563041,45105.7301493652,0.240984917091341,0.0995729066945227,32115,13852,32128.1749109955,13899.1130379219
1483,2,96080.6036686331,46904.0933634253,0.212102208579033,0.103542873524092,26876,13336,26922.8633221352,13488.9450191269
1484,2,104138.461939147,42860.4681062418,0.2298902893189,0.0946163908109676,31470,12911,31568.0794021322,12978.6242890227
1485,2,96386.2678424233,45262.1997071155,0.212776975845982,0.0999183202067928,29139,13897,29179.7955030553,13978.2475827263
1486,2,114960.435197093,35725.4846308275,0.253780276907966,0.0788655972529923,31994,10500,31966.2384943108,10400.7945010184
1487,2,95128.2519301864,44385.3244602871,0.209999849732857,0.0979825790748779,27986,13013,27931.182703414,12837.0410046988
1488,2,97429.6425581129,43475.8962669362,0.215080271965317,0.0959749758647752,29606,13613,29447.8761799766,13622.7241802617
1489,2,86508.1421403141,40274.2394317396,0.19097057374151,0.0889071759142315,26000,12380,26144.0343184217,12171.4931026926
1490,2,114908.359836137,45417.9952834697,0.253665318231087,0.100262245875136,35365,13750,35401.3607644712,13767.7839686887
1491,2,96283.5943952994,47520.8266052206,0.212550319642067,0.104904339602511,30329,14742,30352.6822916697,14773.8725348641
1492,2,93131.0522303423,39261.9875481357,0.205590942511882,0.0866725848318198,27960,12098,28125.9745760449,12137.1793134507
1493,2,91182.7595391249,44189.040297482,0.201289999689012,0.0975492730500361,27308,13702,27269.8581062474,13573.4009981672
1494,2,96853.8908018854,49088.0802895545,0.213809274340133,0.108364121859888,27680,14742,27806.7426628817,14681.7588016183
1495,2,89325.2900232777,47783.6092654379,0.197189553067775,0.105484444019846,26180,13528,26209.8522092138,13633.7602576086
1496,2,97930.7937163452,38934.4600447694,0.216186585450395,0.0859495532918228,31098,12373,30987.5903048586,12355.2735567107
1497,2,97619.3613554106,46760.09101246,0.215499084653616,0.103224981925641,30483,14744,30433.315574583,14676.2249562817
1498,2,81610.2137787178,44649.4869361236,0.180158178905406,0.0985657294965996,22736,12709,22844.371013139,12718.6744627434
1499,2,105882.456684389,44001.4180923819,0.233740235333932,0.0971350886823209,32219,14008,32306.213359739,14106.3435891524
1500,2,94664.8221028891,41419.617804514,0.208976807764572,0.0914356496461615,27843,12846,28146.5914623481,12749.989976724
1501,2,94567.7407576487,40868.2752287,0.208762496374436,0.0902185363730486,29358,12767,29455.471449273,12773.7454986276
1502,2,76750.776515266,41059.8346629212,0.169430754881468,0.0906414123492716,23004,11821,22973.7628640961,11735.095297815
1503,2,85159.646754399,35328.6342751659,0.187993710163533,0.0779895324314026,27835,11795,27865.3770164125,11746.7738172818
1504,2,103898.145660494,47235.4994927582,0.229359780438714,0.104274467303525,28516,12860,28442.54841145,12944.2581028919
1505,2,106889.934108624,48108.909326774,0.235964286584805,0.106202558382431,30179,13637,29972.872913639,13844.6108381337
1506,2,111507.483711809,46509.4689681058,0.246157732833713,0.102671722609021,33581,14250,33609.5007059667,14210.1741769324
1507,2,94112.4434926721,41431.6231145133,0.207757407399407,0.0914621519022704,28966,13040,28822.8287742863,13060.6301117635
1508,2,98844.2050162816,47156.1802846962,0.21820298154555,0.104099366621698,29693,14399,29609.5913240541,14425.0670423789
1509,2,89927.225622745,40483.9298360863,0.1985183526922,0.089370076813909,27787,12986,27868.2061398442,12815.325894626
1510,2,87895.5345716925,41370.1154413302,0.194033304278426,0.0913263709763753,27732,12359,27548.5505575203,12383.1371795281
1511,2,101086.978166059,41301.0108094528,0.223154003086278,0.0911738194260667,31121,12497,31086.1772465071,12707.1315301248
1512,2,105777.307045873,36186.4913825256,0.233508112827319,0.0798832901740552,30765,10749,30589.1702706064,10898.2422770918
1513,2,110941.862807166,46404.0703491003,0.244909099514265,0.102439050466896,33280,13668,33153.9983595495,13772.0470935385
1514,2,110435.358886661,49707.9001941272,0.243790969568251,0.109732401883758,31948,14434,31984.7826788918,14459.7036736097
1515,2,85037.9548433392,40675.6742393545,0.18772506985408,0.0897933611175353,25009,12457,25122.3632502664,12327.3263515139
1516,2,100185.926411003,41285.5191645258,0.221164891236497,0.0911396209304486,31417,12930,31423.5766102268,13061.1785373699
1517,2,110919.119464181,49348.3476708354,0.244858892572453,0.108938673687031,33609,14950,33745.3689570844,14853.8675554725
1518,2,112529.854983859,49008.5203716031,0.248414662916472,0.108188489800268,32587,13979,32472.2172729795,13990.5464410407
1519,2,92188.2961159134,36208.4234940791,0.20350976643277,0.0799317062863783,30176,11847,30040.3248879092,11888.4070095648
1520,2,101773.781799159,42979.2056777523,0.224670152671922,0.0948785092843854,30821,13310,30829.7685154501,13224.6396659553
1521,2,102128.733385639,48317.7228945638,0.225453724095876,0.106663523626386,30946,14424,30866.9583557826,14435.8139192339
1522,2,103734.641295364,40028.7908932317,0.228998837276076,0.0883653373420098,31795,12868,32002.2033322552,12648.5613894653
1523,2,105719.384957832,45458.9666895205,0.233380247240198,0.100352692077389,32663,14229,32856.9279981438,14098.1450393682
1524,2,116970.767449777,42158.7491305611,0.258218174823788,0.0930673149427829,34877,12321,34937.4495175227,12412.2255465092
1525,2,83022.9956864006,45190.0553882427,0.183276957841199,0.0997590584121634,25389,13960,25618.4717679774,13799.9323664181
1526,2,77930.6960535725,45545.9845124769,0.172035479773534,0.100544787794215,22296,13225,22323.4138873434,13334.126522038
1527,2,94047.9894488004,41448.1946513242,0.207615122229091,0.0914987343072818,29268,12617,29445.4982210781,12538.3968841083
1528,2,83353.7016865885,34114.8634089237,0.184007006054386,0.0753100792263962,26647,11023,26796.8048951551,11096.1722302503
1529,2,95902.1801441599,38324.2731392931,0.21170833070818,0.0846025385421665,31053,12319,31023.5679641248,12513.9427044883
1530,2,101241.22383315,48790.0619282407,0.223494507260944,0.10770623306425,28668,14223,28745.61742108,14253.9853656968
1531,2,86210.729973254,51253.1443115987,0.190314023146665,0.113143597042771,24924,15393,24963.9984997784,15390.2121367684
1532,2,95638.9781045185,41322.2549980847,0.211127300492102,0.0912207169179251,29435,12388,29307.3113469804,12332.0882644389
1533,2,96790.0314381495,43028.6936936795,0.213668301952682,0.0949877562819642,30549,12784,30417.8875399558,12911.1061514896
1534,2,85461.1151156201,37350.6419551733,0.188659214987505,0.0824532043726452,26785,11826,26901.859078459,11785.5833150563
1535,2,124393.540586992,49011.5590052599,0.274604276868007,0.108195197719297,35765,14511,35813.2375422325,14253.022586384
1536,2,111744.654053963,41470.9192215778,0.24668129691907,0.0915488998074531,34009,12889,33932.6454216185,12750.3387399516
1537,2,112943.812720324,36837.4065483536,0.249328493042534,0.0813202143710122,32535,11052,32557.5963499465,10926.4926841874
1538,2,107991.470070914,41395.8352053702,0.238395976244424,0.0913831485001284,32632,12189,32697.6219247677,12268.8608991004
1539,2,111095.587403677,46423.8110076936,0.245248453402438,0.102482628849281,33113,13999,33114.86377506,14090.0896175206
1540,2,105664.68923927,52827.4761854029,0.233259504007289,0.116619004718412,31055,15419,30960.392461672,15519.1990219972
1541,2,96504.3261846445,42590.7491648168,0.213037594890516,0.0940209742441739,27031,11923,26985.6599096079,11825.1097698411
1542,2,104066.381207951,52725.3360175761,0.229731167896896,0.116393525752278,29808,15346,29715.1281874537,15430.8178066378
1543,2,110655.899529262,49631.7882382555,0.244277822851753,0.109564381353877,30354,14505,30332.8560012057,14493.0621737668
1544,2,91943.3552370254,50387.4102235221,0.202969048541752,0.111232450514627,26894,14826,26687.4824023596,14877.7709066345
1545,2,99426.8459521779,47342.6256840458,0.219489187341449,0.104510953138346,29042,13871,28899.4303376736,13879.0127325664
1546,2,113986.11754665,43990.5674826429,0.251629427333484,0.0971111354784254,33828,13680,33861.7306086155,13669.5488662444
1547,2,86579.500210269,35985.3455584257,0.191128099856662,0.0794392518155413,28532,11093,28462.3309577893,11153.7538681089
1548,2,97361.657326055,36686.6322904681,0.214930191539928,0.0809873734866578,28349,11807,28505.7106016024,11806.7565961723
1549,2,89386.8462214389,38395.3237950741,0.197325441114719,0.0847593860268484,29517,12518,29524.6080323283,12685.3264231575
1550,2,104626.922959274,44096.4179167245,0.230968588759347,0.0973448050224385,31184,12633,31181.5766986461,12710.6316542214
1551,2,100656.237545073,45157.4871564908,0.222203123995728,0.0996871625911512,30397,13618,30381.959636463,13592.7618376562
1552,2,102230.495326032,40341.0294660724,0.225678368108118,0.0890546178874514,31745,12545,31916.5419898379,12654.8177895903
1553,2,73559.1467362503,32020.5365268264,0.162385090103689,0.0706867594280393,24627,10682,24574.4110518869,10776.673343309
1554,2,119596.344698019,46348.2749847684,0.264014253448226,0.102315879717011,36174,13814,36030.5858324713,13753.0159364688
1555,2,78861.6169068953,51319.16325729,0.174090528987036,0.113289336803498,23925,15433,23992.8012436814,15259.0340188699
1556,2,98244.2604180987,35243.4233857234,0.216878577145068,0.0778014256007246,30765,10629,30992.1543928351,10642.125988253
1557,2,92435.743551937,45819.6678925222,0.204056017660217,0.101148956035696,28355,14543,28429.9948472443,14530.9476706074
1558,2,122433.709515536,42558.8021718562,0.270277862557254,0.0939504498354412,36638,13093,36754.4392283059,13068.3432903328
1559,2,100759.737121321,39885.0671724615,0.222431603916452,0.0880480608321152,29846,11898,29850.1083127153,11811.5995791623
1560,2,106157.913275607,45029.6986508328,0.234348318017993,0.0994050637777991,33752,14935,33861.809651033,14930.5277767267
1561,2,102899.465552337,42420.5934330503,0.227155149654601,0.0936453478936721,30083,12170,29930.2163407288,12244.6733848047
1562,2,116379.925309019,44111.6359241682,0.256913864503167,0.0973783994511342,35084,13466,35175.2949536476,13378.7560457634
1563,2,100705.866425874,51552.8301483086,0.222312681958785,0.113805166864555,29998,15185,29809.9192934549,15246.1935821193
1564,2,86968.7360348244,32191.9273232421,0.191987355261957,0.0710651122387196,26158,9400,26121.0438668022,9485.43232908372
1565,2,108571.266676624,44756.7022317186,0.239675903054853,0.0988024120331455,32540,12975,32351.0761993477,13206.0968241335
1566,2,104281.20656586,50950.3264921894,0.230205404435089,0.112475113229791,29421,14181,29327.5029246818,14259.3840717706
1567,2,93936.1367769807,43117.518341294,0.207368202478147,0.0951838406446339,29542,13446,29378.2218039387,13489.2886890819
1568,2,95775.5855434005,38754.5926380918,0.211428867493025,0.0855524879867454,30680,12852,30739.305822126,12906.8066940747
1569,2,90063.5496676976,38586.3652601226,0.198819294088411,0.0851811185630709,27702,11893,27841.8034297305,11805.8915305603
1570,2,105386.623696423,41856.5002956445,0.2326456619464,0.092400087188393,31188,11711,31098.1433172599,11643.4678246991
1571,2,100694.287312497,48118.2851238637,0.222287120550688,0.106223255871768,28938,13244,28880.4681424202,13235.844143772
1572,2,106787.143278907,45082.818329417,0.235737371253591,0.0995223278323171,31154,12855,31062.3391298123,12953.6106408665
1573,2,97848.8052193152,42207.3078923227,0.216005592194377,0.0931745105704355,28712,11667,28503.6625470983,11705.6780492979
1574,2,97718.0850183203,39404.8939274749,0.215717021533096,0.0869880570241305,29559,12281,29651.6148249832,12363.9732953272
1575,2,119587.28230625,45122.4469602937,0.263994247815084,0.0996098097986138,35239,12784,35056.8926352651,12968.5792547709
1576,2,108022.592160012,45091.5298590942,0.238464679641168,0.0995415589217783,32105,13100,32194.11325048,13085.295702215
1577,2,94360.4600419792,46156.4797554878,0.208304914969755,0.101892483212701,27752,14416,27894.2945689506,14204.8481272553
1578,2,110406.18282489,41751.0694913952,0.243726562113438,0.0921673439959098,33060,12552,33018.1346927319,12521.3261698508
1579,2,83507.4094745598,39334.3736866018,0.184346322836959,0.0868323804539633,26639,11615,26587.448544538,11729.3146938459
1580,2,98390.152336941,49023.5774992046,0.217200640048701,0.108221729079552,28254,14149,28112.9352945166,14206.7687260985
1581,2,99122.3522778144,44497.4215804918,0.218817004004076,0.098230038456511,30660,12640,30520.7824502296,12879.5220955391
1582,2,114079.655198079,48468.0131327447,0.251835915861823,0.106995296015702,32636,14289,32852.9515049067,14135.7598168651
1583,2,85784.0590873205,49682.9476762172,0.189372128177364,0.109677318089982,26869,15996,26734.8145476626,16102.4171857906
1584,2,106482.231552846,40231.2594537415,0.235064265048491,0.0888122957000156,32935,12279,32938.1140922089,12320.6793859772
1585,2,95642.3784533919,50133.2613878072,0.21113480691357,0.110671405649122,28479,14534,28580.4220178011,14543.8586129663
1586,2,91149.2661179442,39374.6407383049,0.201216061471161,0.0869212717626468,27960,12157,27935.8981683184,12255.6622898334
1587,2,103400.74895944,39474.2044675351,0.228261755084945,0.0871410631259164,31337,12165,31326.2623396119,12058.6374811718
1588,2,97163.9277135078,43014.099404727,0.214493694620452,0.094955538739596,28821,12974,28862.1259375437,13128.0939918496
1589,2,92075.4444545474,55285.0355430665,0.203260641367943,0.122044176371915,29044,16070,29088.271263275,16119.9556279658
1590,2,94376.0937173754,46799.9846948153,0.208339427003955,0.103313049004873,30156,15801,30172.978066223,15727.0231359189
1591,2,103133.025032817,42482.6522643499,0.227670742602114,0.0937823455256382,31406,12536,31498.4384802103,12514.9357305998
1592,2,91754.9764440659,33788.0204174098,0.202553193972666,0.074588558776777,29286,10787,29101.2229558372,10743.1989523556
1593,2,94402.8014588473,40173.0081795658,0.208398385531858,0.0886837034198524,26213,11371,26247.1653247796,11288.8010253182
1594,2,102940.755745884,46061.6638320187,0.22724629959444,0.101683172841946,31624,14077,31685.6953077847,14028.9309334928
1595,2,96189.8647403052,38650.5198627469,0.212343407257314,0.0853227427035068,29178,12015,29235.8145610149,11891.218503664
1596,2,108702.612450361,54601.6878302938,0.239965854695802,0.120535655884196,30588,14980,30539.9714330394,14985.5132894591
1597,2,93484.7661854942,46364.946484617,0.2063717818096,0.102352682794877,27353,13197,27155.8710775927,13243.5965349416
1598,2,103596.660732195,42736.7506442256,0.22869423904218,0.0943432790076327,34047,13852,34053.7646365241,13701.3958913795
1599,2,84247.1437486849,47314.8143470451,0.185979319168296,0.104449558374199,23991,12982,24019.869375187,12943.9250910704
1600,2,84150.5871961177,50747.3046237205,0.185766166281342,0.112026933419841,24628,14635,24724.6839869918,14711.7232120118
1601,2,90899.7726753825,51683.2385406714,0.200665293593226,0.114093049194404,27518,15759,27761.9496380377,15714.3877207233
1602,2,89094.3258837288,33917.9691629527,0.196679689450871,0.0748754264158145,29725,10890,29606.1976974086,10907.0502147513
1603,2,98638.8764438937,54037.3400825125,0.217749709584041,0.119289833115182,29483,15746,29588.2654844467,15479.2941460295
1604,2,102774.756331225,44932.9313306157,0.226879848498924,0.0991914456118778,29092,12743,29165.1131516036,12657.6967431419
1605,2,107208.49531911,46338.0368541847,0.236667524634232,0.102293278588109,31121,13318,30847.2359420576,13341.0779095315
1606,2,111174.415986145,47805.2199459792,0.245422471006432,0.105532150558904,32825,14628,32870.5580210083,14519.6247477537
1607,2,107555.204573897,44584.0062960129,0.237432900744157,0.0984211780693983,32753,13540,32545.7856179909,13663.8049853436
1608,2,82157.6451443399,40742.3354182698,0.181366658007956,0.0899405186366862,27270,13312,27446.6671855829,13136.047792349
1609,2,94737.9098592589,40310.4347339101,0.209138152239463,0.0889870786546122,28527,12571,28544.848141746,12511.3195029767
1610,2,94256.3713452316,46183.6521466023,0.208075134539311,0.101952467475369,30006,14363,29744.1434555936,14434.5982918579
1611,2,104861.743710897,45657.4666537986,0.23148696601904,0.100790889582594,30314,13041,30185.701759234,13199.7362895442
1612,2,107501.291830249,50169.6413191935,0.237313885963216,0.110751715966714,31941,14569,31980.9515643175,14708.6680464926
1613,2,99644.9547651019,43410.933812569,0.219970672252715,0.0958315683556642,29421,13484,29546.5454451421,13299.877123944
1614,2,106454.012685161,44377.7209750382,0.23500197064222,0.0979657940428047,30623,12729,30426.0177537399,12800.1515161259
1615,2,105254.26316464,49141.7159482652,0.232353470181901,0.108482524963499,31066,14507,31065.5294792454,14408.9049441536
1616,2,103859.76169986,44628.9999311433,0.229275046137371,0.0985205035213499,31264,13601,31368.552121195,13476.6534504458
1617,2,105626.455790953,42158.8217810126,0.233175101968584,0.0930674753218879,31655,12555,31734.4723861438,12562.6195874403
1618,2,112139.513518649,44453.5854527934,0.247552966760228,0.0981332682537293,31556,12542,31478.1354218868,12524.4893355133
1619,2,110836.761349616,44166.9546341378,0.244677083369279,0.0975005179653013,32571,12727,32675.1669698685,12731.0489673155
1620,2,112186.45140521,41455.1672048259,0.247656584233738,0.091514126529444,33479,12293,33502.0801747778,12541.3436469536
1621,2,126070.63895171,57088.3806019545,0.278306546145869,0.126025140845654,35800,16245,35762.911397308,16199.0915977018
1622,2,101455.036707281,50609.5327896276,0.223966508696138,0.11172279596467,27975,14002,27860.7209091317,14186.4164003794
1623,2,105760.881889962,45591.5113911552,0.23347185356466,0.10064529040503,30847,13718,30892.4364987875,13738.6197807983
1624,2,113132.094246889,51490.9340401683,0.249744132891728,0.113668528451205,33719,15131,33865.1486299257,14966.3016412374
1625,2,119416.340179764,43000.6689548221,0.263616885463239,0.0949258904237208,33870,12043,33826.0543163193,12135.3082300799
1626,2,97373.4162716843,42544.6147359155,0.214956149935726,0.0939191304392032,30303,13371,30427.0669974437,13370.1777293337
1627,2,106806.144754431,46014.8454671169,0.235779317856454,0.101579819217816,32656,13804,32651.6959106283,13815.8272585833
1628,2,98346.9568858288,53928.5910063375,0.217105284167996,0.119049764689746,28916,15975,29048.4134583715,15824.7333638301
1629,2,107334.204534488,49494.0681736551,0.236945033321754,0.109260358182165,32314,15141,32587.5992596416,15033.4545552889
1630,2,118545.859641804,50240.5667054119,0.261695260935743,0.110908286913261,34496,14291,34714.5909125712,14154.0031911756
1631,2,100095.290945543,40374.6039623297,0.220964809412845,0.089128735082142,30368,12433,30440.4966085882,12378.3455814534
1632,2,102873.557704156,47353.0028143388,0.227097956926737,0.104533861115293,31035,14518,31035.8514878262,14657.0540695068
1633,2,92451.690015358,43613.4839897495,0.204091220187902,0.0962787068861028,27643,13075,27413.6521297216,13200.094421603
1634,2,106058.981041623,43278.2555790527,0.234129920708585,0.0955386752504519,31306,12761,31170.2724698774,12867.0357710623
1635,2,100500.345972091,51375.2383528135,0.221858986410557,0.113413125072437,30201,15597,30271.5644119031,15538.941844
1636,2,108174.474165488,55035.5063171956,0.238799965927628,0.121493329500732,30741,15812,30755.3516008915,15730.6328951803
1637,2,110142.486295927,49899.2793973003,0.243144440290175,0.110154879991921,31765,14256,31792.9678282197,14338.6298045062
1638,2,119347.77358272,50195.2406611827,0.263465521648771,0.11080822765343,35963,15067,35924.1003135987,15109.6917953399
1639,2,81760.647717634,42995.4311887033,0.18049026852049,0.0949143278219114,25838,13859,26011.6633068272,13773.2205810784
1640,2,110449.400569809,45601.2492886497,0.243821967208713,0.100666787247125,33319,13288,33258.7497306311,13414.4295734146
1641,2,108419.253477393,44882.6117559429,0.239340327152341,0.0990803629113603,33911,13680,33945.6200442398,13723.0124131945
1642,2,92554.4595689953,44797.371822528,0.204318088551222,0.0988921919648207,28326,14118,28453.3147777477,14011.9426054828
1643,2,118942.646775595,40738.3739720894,0.262571186192239,0.0899317735679425,35112,12216,35305.9496069005,12124.6442912345
1644,2,111667.050168883,46309.38511008,0.246509982889064,0.102230028587878,31800,13830,31968.843508532,13647.6978814479
1645,2,111299.364208556,44455.1496915853,0.24569829976811,0.0981367213804776,32246,12398,32257.9404395212,12411.4327697917
1646,2,106689.227682803,41845.6813987718,0.235521218217547,0.0923762039920613,31472,12468,31547.3707996855,12442.516800977
1647,2,112765.454644257,39270.0922493382,0.248934759651951,0.0866904763204166,35822,13509,35963.7462928459,13467.2052157361
1648,2,105649.01583289,48025.6580670643,0.233224904265174,0.106018777521599,31598,13761,31339.6902305133,13889.0042837326
1649,2,109953.055834996,47602.045299298,0.242726264117239,0.105083633484251,32488,13938,32296.981416823,14063.1259302363
1650,2,116325.188963026,44175.971599549,0.256793031583398,0.0975204233177386,34887,12812,34600.2766671497,12925.6451523659
1651,2,110767.472107573,44771.4209123754,0.244524124283813,0.0988349041757369,32243,13540,32168.6907227345,13658.5203574366
1652,2,93362.264932918,39050.0541553601,0.20610135484273,0.0862047324353633,26800,11539,26742.6084125631,11552.4355451703
1653,2,117867.348600402,43676.8592867232,0.260197417615326,0.0964186106746326,35100,12968,35128.296299909,13038.1850883562
1654,2,119561.149886555,44889.2850170015,0.263936559335607,0.0990950944321346,34161,12761,34049.599374881,12766.6629084821
1655,2,85722.2629188358,45531.0734594923,0.189235710385251,0.100511870981148,24642,13098,24728.7156509173,13060.2389986372
1656,2,108208.898959061,54262.7530291405,0.238875960191484,0.119787442226663,32180,16378,32169.1805489844,16463.0684403704
1657,2,97609.4021608511,43038.6146930188,0.2154770992884,0.0950096573295309,30110,13402,30186.0238725147,13550.5010131312
1658,2,99265.229640676,49880.6173968448,0.219132412141221,0.11011368279538,30672,15579,30637.9355496035,15593.2380958163
1659,2,103221.418380306,45542.0364409299,0.227865874850563,0.100536072250569,31064,13507,31026.7665668068,13466.7164708135
1660,2,94767.8892114743,31382.3287624956,0.209204332993683,0.0692778873854187,28885,9928,28856.2591513897,9992.61364144572
1661,2,101172.825824955,43679.0440614141,0.223343515613863,0.0964234336619942,29644,12854,29696.2292335028,12828.3776696001
1662,2,103762.612392161,44139.3464955327,0.229060584717084,0.0974395717706553,31015,13097,31022.5191185102,13246.2948616348
1663,2,85375.0603604099,45663.0977025938,0.18846924528559,0.100803320373415,26056,13205,26136.3513583403,13268.83413367
1664,2,100833.779101596,43273.5125548766,0.22259505488308,0.095528204813499,28296,12042,28362.2331871563,11971.505713969
1665,2,101887.332824868,44387.4464724933,0.22492082161466,0.0979872635112614,31619,13479,31591.4317841668,13403.9632599729
1666,2,119744.247657047,45176.45617986,0.264340755812568,0.0997290375544381,36228,13366,36187.0558571554,13321.0957311712
1667,2,96050.3251551866,44765.2370060153,0.212035367413081,0.0988212529272377,30498,13867,30382.0874341885,13918.4647619774
1668,2,102845.699702543,51268.2558523691,0.227036459148381,0.113176956441547,30234,16152,30156.2120114628,16237.0510522912
1669,2,79541.3442966951,37639.7930350951,0.175591057450673,0.0830915182499803,24976,12026,24983.2711122159,12012.3830919237
1670,2,101596.172699111,37785.4864783144,0.224278072679232,0.0834131430098421,31596,11501,31650.3504065367,11522.2225941008
1671,2,102082.207696857,37565.935697902,0.225351016567305,0.0829284748911724,32353,11855,32074.4852593102,11953.4423835744
1672,2,111519.404730251,54495.4745272833,0.246184049012456,0.120301185290873,31784,15646,31685.8574090166,15733.1512181437
1673,2,103805.652646609,37848.1253022504,0.229155597994245,0.0835514210013651,31848,11774,31877.4972630751,11898.840238575
1674,2,100963.760096001,44948.0560637262,0.222881993712916,0.0992248341333317,30756,13835,30567.3691124405,13952.520800826
1675,2,104496.953865255,56839.451846777,0.230681676200144,0.12547561954025,30098,15922,30174.5899677639,15839.0678622749
1676,2,101483.641113535,49931.2173350681,0.224029654195958,0.110225384410912,30552,15504,30536.1404020077,15482.7498952267
1677,2,84773.3840621328,34653.5059847149,0.187141018080083,0.0764991566842569,27073,11463,26943.1607707161,11545.17603392
1678,2,100117.481825392,43157.9958576463,0.221013796767696,0.0952731965633968,31610,13534,31514.6378223567,13527.5326812004
1679,2,103869.641580422,42675.962678799,0.229296856413406,0.0942090868686402,31320,12290,31364.5408217729,12506.2183233109
1680,2,114929.243694856,46842.9664952236,0.253711420278627,0.10340793324214,33554,13674,33554.8204737942,13654.5295278303
1681,2,96757.3814878197,43479.7257062044,0.213596225734273,0.0959834295223854,29373,12847,29411.7213045957,12907.8056892104
1682,2,110251.415394128,48263.9916671988,0.243384906122245,0.106544909550718,32529,14167,32462.3975197499,14150.524839881
1683,2,103644.706882093,49687.2777742685,0.228800303056329,0.109686876974138,30317,14368,30218.3565303726,14433.7069775908
1684,2,102520.52383102,52017.7029864319,0.226318618940334,0.114831394343458,31845,15535,31547.7142476444,15661.1233575551
1685,2,87957.0870403576,40913.4063704832,0.194169184092341,0.0903181653770557,28578,13429,28579.4726632293,13220.5906769592
1686,2,98819.7073000734,46784.6375142644,0.218148901746771,0.103279169420794,28827,13572,28665.3019703403,13587.0296001993
1687,2,91549.1339116347,42291.4727778964,0.202098787421488,0.0933603083010217,27379,13425,27329.8149197339,13340.714723383
1688,2,105440.945954098,42815.4446548463,0.23276558074778,0.0945169995382839,30445,12187,30463.2548542016,12184.1576498978
1689,2,85734.6647160615,43846.7289507497,0.189263087904558,0.0967936055178673,25682,13037,25795.2853170891,13048.1556399333
1690,2,90532.1248263401,44688.4006699768,0.199853694604629,0.098651633295901,27343,13226,27417.4261799648,13212.4554015072
1691,2,103687.416868686,46546.0022649326,0.228894587252502,0.102752371487648,32649,14124,32628.9460134835,14199.8936539769
1692,2,102916.122926329,48648.6156151747,0.227191921549009,0.107393984033216,30023,14433,29997.1705307788,14441.9174858388
1693,2,112033.008526608,50349.8874524612,0.247317852250388,0.111149617327593,32714,15435,32780.9275787439,15432.7957374194
1694,2,91347.1786950736,42895.3575159397,0.201652962293095,0.0946934107355973,26819,12927,26785.8005565016,12950.5129975451
1695,2,84335.685615819,49379.9643694692,0.186174779280471,0.109008468956337,26285,15653,26247.8506464824,15774.380671144
1696,2,106100.616097916,46119.2504912556,0.234221831948282,0.101810297955054,31309,14061,31300.5290630928,14214.2783384716
1697,2,109267.50264744,36950.7776477486,0.241212874945783,0.0815704861184051,33126,11102,33055.0606918912,11110.9984574117
1698,2,94468.5425577445,43321.3593905794,0.208543511933421,0.0956338288326933,28609,12599,28528.7261245644,12514.2226432614
1699,2,98444.620683185,44549.7572341469,0.217320881347099,0.0983455717411055,27988,13267,28059.6347460102,13310.2824815498
1700,2,98108.9108335686,44641.7678327345,0.216579786913607,0.0985486892323363,29534,12906,29789.1241536057,12822.5766482743
1701,2,89813.617598676,45594.0570432253,0.198267557923045,0.100650910045266,27777,14095,27570.7643810797,14238.4571394551
1702,2,97867.4135600151,46704.5493427082,0.216046670934619,0.103102371217832,28406,14152,28453.6989362825,14063.3463270305
1703,2,111832.255691339,33739.8762376848,0.246874681432209,0.0744822783574209,36030,10426,35955.3697488469,10668.0955842938
1704,2,86002.1941765394,45678.8295401271,0.18985367109472,0.100838049104901,26622,13142,26526.6093745376,13127.8819610108
1705,2,105896.813245164,49398.109373396,0.233771928080771,0.109048524860033,29705,13845,29717.382760322,13851.5812969746
1706,2,107624.952526289,40531.6579335889,0.237586872453132,0.089475438713242,31809,12494,31729.758651134,12440.4688947736
1707,2,106881.119897148,44732.4252913955,0.235944828820704,0.0987488196069588,34519,14669,34550.8056667543,14660.4613417617
1708,2,99377.0234282864,42898.8930590282,0.219379201902653,0.0947012156043113,27145,12064,27069.678391023,12070.7256998834
1709,2,98223.088701856,37642.5478689343,0.216831839639234,0.0830975996682819,31527,11996,31387.5683822453,12152.1560297177
1710,2,101730.588449146,44267.0957533828,0.224574801429486,0.0977215839427248,28696,12672,28722.8548131429,12644.8138862445
1711,2,105770.780484036,40486.9720903897,0.233493705151605,0.0893767927256767,31480,12089,31606.0348501539,12095.7295661312
1712,2,99723.8218830226,42682.9400082926,0.220144774925435,0.094224489634017,29520,12757,29533.7740115371,12779.7068189637
1713,2,98536.0386101188,48067.407039824,0.217522690489277,0.106110940236967,30055,14621,29976.555453181,14675.6599524319
1714,2,95787.2899880144,53998.7796839179,0.211454705575406,0.119204709319189,26971,15485,27006.1280232611,15308.3683911532
1715,2,105799.125727887,43536.0748439061,0.233556278538885,0.0961078227516294,32811,13816,32856.0644712109,13773.1251013726
1716,2,99178.7454083556,35476.9942065367,0.218941494349471,0.0783170435825284,30093,10786,30045.1197687974,10783.3234214562
1717,2,107911.304122403,49468.7533602661,0.238219006345372,0.109204474604995,29483,12960,29562.962141596,12992.4708218464
1718,2,96042.3030116276,41911.3537151089,0.212017658174157,0.0925211785530624,26890,12142,26889.5206023344,12100.6405087037
1719,2,88806.8351218387,49571.5566090974,0.196045040799482,0.109431417351956,27286,14553,27178.0633026426,14630.214438596
1720,2,102904.630938081,34631.4561893732,0.227166552473511,0.076450480779734,31798,10758,31981.9073237012,10637.7221137813
1721,2,104392.171250945,43591.4170339162,0.230450363915797,0.096229993099031,31083,12725,30943.4042700378,12667.5243674199
1722,2,103962.644174772,41478.417713899,0.229502163779431,0.0915654530629658,31032,12432,30953.9768809582,12398.2190358345
1723,2,92006.607336967,39058.308573804,0.203108680367351,0.0862229544314336,28772,12340,28849.2495265074,12394.191175808
1724,2,114990.00128563,49436.3612578065,0.253845545364223,0.109132967597235,35138,15646,35016.8355278661,15669.3299819893
1725,2,109676.135676325,47428.9739014459,0.24211495054289,0.104701570671107,32967,14161,32899.5115403611,14155.4087716571
1726,2,104357.352702757,33638.3143836283,0.230373500421105,0.0742580760446725,31140,10313,31131.673010116,10360.0190015844
1727,2,125125.03316274,48271.8878314527,0.276219079283386,0.10656234068472,37095,14091,37070.9544442774,14082.1640547209
1728,2,98756.7085416055,44931.5460311609,0.21800982918375,0.0991883875016798,31331,14292,31281.5216814216,14363.3238456543
1729,2,87728.8749410435,37870.1207191367,0.193665395726731,0.0835999768630278,25400,11253,25432.5819587865,11299.6011852314
1730,2,109277.70984846,40063.370284532,0.241235407796297,0.0884416728872299,33503,12627,33424.903130303,12699.6855970503
1731,2,88738.6665706769,41878.3300528081,0.195894555689012,0.0924482773488452,26401,12521,26197.0627549873,12584.3129321821
1732,2,114194.39353152,46780.6767781426,0.25208920583922,0.103270425919536,32720,13580,32578.0629917955,13533.1948882731
1733,2,106138.668103965,46109.2841529699,0.234305833445105,0.101788296819745,31401,13829,31608.1861145269,13711.7231897498
1734,2,110890.631795777,42505.4411217243,0.244796004776633,0.0938326529424898,33286,13092,33350.9752055486,13039.3964725759
1735,2,98688.9490241259,47548.4051970994,0.217860247033338,0.104965220571444,29763,14102,29690.802387645,14169.2368831275
1736,2,109916.788127307,37475.4457264616,0.242646201538454,0.0827287142520432,31413,10645,31330.7616455147,10732.7801345109
1737,2,94692.0921119563,45155.0478982991,0.209037007523215,0.0996817778201362,29044,13701,28784.0013655158,13684.0350359488
1738,2,110057.55141794,46159.503546665,0.242956942767069,0.101899158366296,34493,14874,34506.7534237047,14791.4458048147
1739,2,118558.757033169,44716.4688653778,0.261723732501167,0.0987135950863984,35195,12830,35181.5470816308,12836.7884559875
1740,2,91774.4335450978,39130.3702545565,0.202596146389115,0.0863820337987348,27154,11919,27239.7621458672,11908.3549031892
1741,2,115594.841729527,50567.8347908251,0.255180757562003,0.111630745776581,33912,14613,34018.0358600076,14504.4901862756
1742,2,103908.611284269,45368.713447147,0.229382883768961,0.10015345402821,29291,13279,29358.7368505139,13188.3330503262
1743,2,89196.8200871622,40283.6833484039,0.196905949966362,0.088928023780561,26862,12389,26746.7763577255,12332.1959050127
1744,2,106947.181836736,39808.6252867519,0.236090663492371,0.0878793119674341,30462,11262,30502.7623590269,11222.561087173
1745,2,94359.7058630256,35198.1176162805,0.208303250086151,0.0777014110983871,27801,10692,27835.9077795827,10679.6257754198
1746,2,111628.47227881,46328.7885411898,0.246424820479855,0.102272862525585,32455,13317,32443.8669368528,13324.1926112396
1747,2,103382.531219885,45326.3647492827,0.228221538614114,0.100059967392984,31456,13049,31327.4077607325,13119.3412199097
1748,2,96364.3650895278,42690.0191854839,0.212728624544203,0.094240117232719,25575,11639,25641.1849685896,11620.3552654978
1749,2,100024.076449845,54072.0918114756,0.220807600244255,0.119366549103462,29020,16077,28740.8517309735,16187.2029575161
1750,2,106271.449484823,44497.6840567283,0.234598954252663,0.0982306178844843,31963,13844,32065.2683790885,13938.3604235195
1751,2,102686.589424745,38905.1529390231,0.226685216129082,0.0858848565516016,31781,12398,31717.6161529515,12405.9985836025
1752,2,100225.481558955,41787.3240833118,0.221252210985966,0.0922473776210436,30546,13231,30655.8334167614,13103.0236382226
1753,2,90175.9497655388,45229.9675438203,0.199067422306661,0.0998471662718554,27743,14384,27886.1069675676,14325.9031822682
1754,2,95794.1496782746,42033.3230669116,0.21146984864694,0.0927904313253029,29985,13719,30102.0464574829,13536.8878239825
1755,2,89711.7097366447,40188.4267317214,0.198042591782293,0.0887177405599247,27954,12233,27965.2639275483,12164.9928058023
1756,2,99055.3361359002,47148.3880694632,0.218669062888307,0.104082164959786,30928,14603,31094.8112605149,14537.9843762222
1757,2,86966.8796899473,50030.7734638772,0.191983257298026,0.110445158995914,25807,14885,25801.3389879217,14759.6527749041
1758,2,117364.430046373,46464.1959805335,0.259087202525372,0.102571780474122,34563,13731,34482.3887424593,13867.8508135236
1759,2,104432.546439682,48088.9583479649,0.230539493941796,0.106158515708809,32420,14921,32425.9479039301,15064.0306602995
1760,2,101554.988654807,39077.712946214,0.224187157068573,0.0862657904471029,30557,11876,30668.8358753669,11774.3159725646
1761,2,107980.266184502,40879.8909545841,0.23837124316655,0.090244178604885,33261,12804,33392.5255859459,12758.6326651639
1762,2,102319.265424873,45705.1756296415,0.225874332051942,0.100896209270013,31066,14263,30948.6365543521,14182.6338673072
1763,2,102552.989192373,44820.0713811419,0.226390287670364,0.0989423022506842,29648,12859,29747.8929676696,12806.1086188646
1764,2,102486.001873696,43987.6016309549,0.226242410183173,0.0971045882288317,29986,12710,30006.091108487,12601.9898437834
1765,2,107556.500319242,37696.7786700415,0.237435761159673,0.0832173165752187,31928,11126,31865.9722950822,11063.1550341117
1766,2,84122.7783611145,40421.389179926,0.185704777040465,0.0892320155321197,24776,12315,24723.0556802307,12237.7856742688
1767,2,100698.004908435,55593.8673646361,0.222295327309168,0.122725936362311,31153,17063,31094.5590505291,17015.2857472639
1768,2,106417.841005833,41266.330484663,0.234922120050316,0.0910972610656766,33903,13390,33888.7842880556,13470.9793639747
1769,2,95611.4029022516,39657.5898741877,0.211066427005889,0.087545894572504,31263,12760,31182.1524156646,12649.2148609487
1770,2,112281.261120753,41278.5531923434,0.24786588090022,0.0911242432368417,35542,12492,35435.0336643336,12512.7152101884
1771,2,93199.0391787674,41405.3058480588,0.205741026726228,0.0914040553653459,27022,12233,27224.2966602641,12076.6812443768
1772,2,100036.798701943,39553.1374213596,0.220835685181953,0.0873153111343237,27781,11611,27754.56377198,11718.1956109167
1773,2,98913.201959375,42281.758463522,0.218355295368075,0.0933388635197134,28974,12794,28875.9706585695,12801.8350030496
1774,2,105693.16448745,44743.635556729,0.233322364384911,0.0987735667665854,33141,12985,33003.5199031447,13131.6757024318
1775,2,102490.852261589,49493.7055492723,0.226253117630308,0.109259557672701,32180,15199,32142.6328810097,15143.6327900002
1776,2,120574.972549374,47144.0749076455,0.266174617983041,0.10407264346312,34679,13102,34642.2218391882,13096.8651692233
1777,2,84429.8493490027,37195.898572707,0.186382649912146,0.0821116014691362,27514,11625,27588.0329334343,11422.0568193622
1778,2,100516.494492622,47421.1493397038,0.221894634988305,0.104684297602836,28982,13357,28917.7638764249,13519.3994374021
1779,2,84838.5645246616,44801.897210914,0.187284906851913,0.098902181961081,26001,14199,26176.058884383,14180.182911883
1780,2,90134.6280257878,37747.6408862955,0.198976202727174,0.0833295971811764,25835,11087,25972.4526648879,11097.6989267558
1781,2,101341.084911155,46439.0036556836,0.223714955034869,0.102516167295854,31275,14505,31190.4593950649,14477.7410859003
1782,2,100510.539754814,48948.8246490232,0.221881489639583,0.108056708835969,28843,14172,28942.6695892564,14091.4480135996
1783,2,97844.8804703012,47017.7141729725,0.215996928136261,0.103793696517759,30424,14799,30323.323002265,14700.1680290117
1784,2,96502.5059412266,45147.2709364278,0.213033576622162,0.0996646098306986,30546,13633,30646.6802968956,13539.6507004889
1785,2,106891.242776886,57020.8247954536,0.235967175528234,0.125876008396293,29122,16019,29086.380947533,16043.6409399789
1786,2,95559.0303984212,43805.4695149385,0.210950812372892,0.0967025234771001,30302,14081,30492.8776417242,13984.9023688923
1787,2,101975.759627967,45558.4058430235,0.225116027717856,0.100572208434196,31076,13450,31080.6193874922,13569.6078425449
1788,2,110413.630302826,43328.9597986637,0.243743002752423,0.0956506070717886,33644,12936,33422.8748475554,13018.0463639561
1789,2,100963.336854951,45685.1297003323,0.222881059389461,0.100851956988937,29183,13117,29203.090836174,13151.9149512912
1790,2,114221.692950273,42118.502350571,0.252149470521054,0.0929784683848082,33374,12645,33570.0481477943,12471.9472223667
1791,2,103164.394125313,38603.1414970191,0.227739991269853,0.0852181528526312,30386,11385,30424.5140511283,11409.6753441431
1792,2,99386.9801003489,50742.9614900617,0.219401181699343,0.112017345759002,29018,15052,28955.4134220201,15132.237573402
1793,2,77687.7023830034,40119.5460424807,0.171499060431538,0.088565683372953,23762,12777,24036.1306935753,12684.8596636364
1794,2,77016.9278750225,45936.1871974634,0.170018295852957,0.101406177586941,23255,13891,23244.3845938125,13951.4706827954
1795,2,95636.5047072044,37363.6534140282,0.211121840357455,0.0824819277471307,29533,11640,29482.697124147,11639.0393650366
1796,2,102785.660160258,40749.6932395619,0.226903919186781,0.0899567613546419,30784,12359,30851.8074985472,12489.8042304319
1797,2,104418.585175802,43509.3475364175,0.230508673830446,0.0960488210308736,32028,13760,31950.0323186464,13844.5922236348
1798,2,109860.611079958,51062.2099562663,0.242522188206321,0.112722100956013,32449,14893,32386.3319192765,14972.1533544718
1799,2,107429.582680256,42915.5757008109,0.237155584823255,0.0947380432784926,32812,13219,32878.965190694,13295.1440116481
1800,2,94157.4304151441,40460.1136723222,0.207856718032866,0.0893175015724829,28676,12289,28616.0595649051,12413.4327046606
1801,2,98237.5891563006,36548.6633468103,0.21686385003775,0.0806828009033498,29936,10999,29967.1828024094,10916.3824879124
1802,2,87155.7872518175,30132.0077539567,0.192400279148015,0.0665177481146614,27857,9424,27733.1758670418,9570.06769659943
1803,2,99982.6497102369,49816.8855689648,0.220716148872909,0.109972991949008,29233,14344,29159.7450755027,14526.025753937
1804,2,103185.790775684,48875.0184108027,0.227787225327785,0.107893778280417,30604,14285,30439.0619213402,14445.9816484902
1805,2,90827.1983533209,45920.0215506192,0.20050508254742,0.101370491202095,27115,13317,27214.5535938418,13406.5853961496
1806,2,92765.1819602884,38473.5058650414,0.204783267608012,0.0849319764257235,26624,11527,26646.17212563,11540.1701276133
1807,2,93486.9279735985,42468.1171349022,0.206376554053048,0.0937502585805095,29085,12617,29177.9580674985,12646.0038280289
1808,2,105735.439532466,48088.03400479,0.233415688428198,0.106156475180113,32118,14678,32195.1891302717,14702.4971206139
1809,2,86783.8299005388,38421.2806430241,0.191579166741441,0.0848166869238842,27017,12056,27047.3091415054,11956.9515708966
1810,2,99083.2325471633,39183.2844789286,0.218730645457675,0.086498844303936,30067,11937,30026.6389804695,11992.5712263141
1811,2,89417.3150435131,39520.5458723878,0.197392702395435,0.0872433638395112,25947,11568,26059.7998,11619.6057860757
1812,2,116999.889917206,43004.8200342368,0.258282463966705,0.0949350541162687,34032,12224,33868.9186343344,12329.2048599005
1813,2,79359.5547492734,40347.3945177012,0.17518974893436,0.0890686690221928,23928,12183,23901.7872163992,12194.0858968581
1814,2,124430.870557118,58747.9910854073,0.274686684438396,0.129688804847342,36481,16984,36455.1816840396,17004.4028292751
1815,2,108505.157741256,45007.8004077147,0.23952996463791,0.0993567224315543,30772,13134,30891.4407414585,13153.8641110164
1816,2,85642.096376766,41883.8931200084,0.189058739175893,0.0924605580672692,27288,12929,27116.5591865374,12993.0109546463
1817,2,88933.4013465948,49374.6503131822,0.196324441373346,0.108996737940587,26859,14582,27135.5826243366,14313.3647593375
1818,2,111204.727931468,45128.4535373577,0.245489385974736,0.0996230695847999,31817,13058,31838.46411349,13050.5633086705
1819,2,104495.411496829,45454.6362251219,0.230678271353201,0.100343132384506,30927,14634,31138.7511114173,14503.7579612857
1820,2,101075.904235639,45996.3399649597,0.223129556892039,0.101538967498233,29003,13114,29054.9916412779,13177.6990807096
1821,2,93978.4493025622,46835.6215088754,0.207461609261449,0.103391718857895,28030,14538,28107.3503514668,14307.844306095
1822,2,105782.182041902,43606.8669821009,0.233518874598011,0.0962640995472347,32292,13469,32294.6242790943,13472.3686701157
1823,2,94098.0472005872,43255.121270603,0.207725626943936,0.0954876052349777,28391,13026,28401.5034804506,13021.0936311403
1824,2,107418.325932738,40108.1821042481,0.237130735052138,0.0885405969735627,32227,12421,32324.6954914236,12332.2687619395
1825,2,110448.368297552,57755.7091485175,0.243819688421765,0.127498298311046,33401,17135,33431.4601062398,17143.7293929059
1826,2,95948.2904624453,39896.5096416243,0.211810121287893,0.0880733205920288,28827,12237,28768.7371518568,12290.7991221985
1827,2,122868.591172511,47702.2383054635,0.271237883169043,0.105304814004361,34903,13325,35095.5367223804,13260.4108866911
1828,2,94102.2728848578,44801.5902931871,0.207734955330023,0.0989015044265398,29666,14046,29558.7182786331,14010.8422886291
1829,2,94993.2469762522,42604.0999416132,0.209701820288774,0.0940504466781161,26479,12287,26429.2340053241,12231.8061972991
1830,2,105040.154137744,52264.4146464039,0.231880814976301,0.115376021312526,29883,14985,29940.9766157978,15067.0809835415
1831,2,105658.443302623,38820.7472374574,0.233245715824172,0.0856985272089957,32168,11331,32338.5816583398,11328.0218066785
1832,2,85652.6381203628,41615.9767069201,0.189082010544033,0.0918691206619986,26342,13191,26319.2044109024,13225.5404047249
1833,2,101036.139318049,46256.2298924504,0.223041774066757,0.102112686079336,28951,13432,28818.8237612266,13408.6738355815
1834,2,96194.6070665036,39130.6088986582,0.21235387615345,0.08638256061621,29435,11937,29741.3528172911,11860.1169298376
1835,2,85088.2440562913,40575.9885063009,0.187836085529747,0.0895733004253959,26044,12560,25815.12511786,12489.1895236917
1836,2,97221.1883714476,46305.9987043991,0.214620100071188,0.102222552946628,28614,14128,28565.0770396497,14121.2272275544
1837,2,109062.885800402,53400.2408254287,0.240761174149659,0.117883408151642,30561,15180,30706.1437198997,15176.9956019309
1838,2,101338.639620594,47667.0351852244,0.22370955694713,0.10522710154975,29106,13732,29015.6294901204,13621.9816839831
1839,2,98219.7162259286,47486.4871852954,0.216824394748535,0.104828533804781,28731,14028,28649.2723493314,14001.5081183802
1840,2,97035.9726355435,35317.6826080059,0.214211228091321,0.0779653561387527,31489,11603,31523.235890773,11470.914660446
1841,2,101975.778007277,35914.693680161,0.225116068291001,0.079283284649974,29590,10723,29651.2053284336,10735.3797498605
1842,2,107159.206202046,45185.7332219315,0.236558716714746,0.0997495170376772,31300,13427,31614.291488516,13332.7547538415
1843,2,88405.8445823433,42551.3358061071,0.195159836337823,0.0939339675007663,26701,13551,26721.0514223439,13670.6851213618
1844,2,115672.220599234,41855.9144619198,0.255351574860558,0.0923987939343737,35168,12896,35124.0361313346,13010.0829911019
1845,2,97198.054629919,40612.8269999124,0.214569031307217,0.0896546230395072,29919,13089,29958.6852997966,13051.5159406425
1846,2,95845.8957828516,44487.4656401409,0.211584080475707,0.0982080602751062,29069,13409,29093.3300400175,13331.3982599206
1847,2,103215.43996789,54133.13418915,0.227852677239091,0.119501302868814,30451,16034,30585.1154840948,16022.8037841347
1848,2,100326.262811577,42407.7531732181,0.221474690086308,0.0936170024486483,29070,12478,29248.1894427507,12328.6084480536
1849,2,72294.1619348979,39472.4912942808,0.159592579857697,0.0871372812197143,21762,12099,21783.8299428336,12166.1299552523
1850,2,100637.691245714,48024.3103757527,0.222162182214506,0.106015802433051,29758,13986,29537.8560205776,14175.9075535006
1851,2,97655.5009339554,40691.2552555464,0.215578864381613,0.089827756904198,29955,12520,29887.3229870314,12589.6459604217
1852,2,106642.919224545,40006.6148978196,0.235418990235026,0.0883163828452149,30067,11462,30114.1232238401,11552.9167979841
1853,2,92890.0627405987,54189.4906289935,0.205058947488253,0.119625712217862,29300,16380,29349.9647912171,16432.7610037425
1854,2,94960.5963753661,44220.2956891413,0.209629742634232,0.097618270718117,28479,13156,28582.7382835939,13057.7747769212
1855,2,89096.8493250692,37540.1079470388,0.196685260059933,0.0828714589817013,27326,10928,27206.8992444999,10925.6638491052
1856,2,87063.3528783554,43467.3874080192,0.192196226154889,0.0959561921800367,27494,13559,27524.9786590835,13628.9943305322
1857,2,82768.452602859,39911.4237120944,0.182715042656071,0.0881062440663288,25730,12648,25552.3225784743,12830.5647939674
1858,2,105317.955355911,48766.7097674592,0.232494073528697,0.107654682130058,31865,14500,31790.4857106125,14546.2308573371
1859,2,80487.2080030948,39570.6832989413,0.17767909367736,0.0873540444399489,25626,12676,25736.2502919502,12723.1283131172
1860,2,85563.3738989387,38874.264801041,0.188884955802616,0.0858166696123575,26340,11524,26380.5574967995,11530.3252204064
1861,2,85859.3448966822,42061.8723507079,0.189538324952057,0.0928534551398433,27199,13423,27257.276645687,13358.324433428
1862,2,105419.310296699,48191.331725417,0.232717819071196,0.10638450949557,31579,13706,31578.2255215805,13887.1296872021
1863,2,85425.7708960253,43194.4076082737,0.188581191049787,0.095353577123379,24865,13264,25144.5108372741,13132.6683054604
1864,2,84286.1648233377,36058.9655523901,0.18606545992719,0.079601771228609,28748,12141,28793.0383922268,12242.8028634785
1865,2,93608.0800571487,42425.0394519123,0.20664400266925,0.0936551626781759,27089,12193,26986.6738220084,12110.1357201875
1866,2,88972.8915572125,48743.9010067896,0.196411617770761,0.107604330775797,24956,13767,24889.2141478512,13732.3954857762
1867,2,116378.478833335,42899.4013658486,0.256910671343721,0.094702337714239,33333,12155,33472.0021336618,12232.7978160142
1868,2,89877.2450817777,34573.1925584675,0.198408018423676,0.0763218612215392,27132,10730,27357.3171657523,10613.4191716352
1869,2,90424.8015660768,38856.0291168241,0.199616773731273,0.0857764135278859,28484,11561,28628.0626319159,11493.4366867114
1870,2,86396.324017577,42646.200659065,0.190723730259203,0.0941433858855454,27349,12611,27242.7508966066,12742.3415677778
1871,2,108671.301470164,49294.1081208973,0.23989673431355,0.10881893746666,30805,14049,30869.5179960226,14070.4589171398
1872,2,88114.6693538422,40989.9200789839,0.194517054062417,0.0904870727937444,28576,12956,28605.9003293525,12913.702962631
1873,2,94852.0359186808,45239.8894173733,0.209390090594714,0.0998690692492876,30049,13666,29834.9883682641,13770.2004181537
1874,2,82558.3542755437,42668.3774925452,0.182251241248286,0.0941923422324129,26019,13624,26016.5111973738,13547.9623250144
1875,2,98010.8369255419,49484.744004991,0.216363284396947,0.109239774664875,27858,14329,27874.0421724209,14476.9765175486
1876,2,79941.2184361334,38216.0969298375,0.17647379740952,0.0843637347455088,25396,12475,25313.578162341,12404.2245119421
1877,2,86820.506322046,49710.069861262,0.191660131574169,0.109737191520517,26065,14311,26227.6158582218,14231.1608193784
1878,2,102742.937392364,47117.2580936125,0.226809606775315,0.104013444152684,32223,14383,32237.9736985263,14449.2926896402
1879,2,101950.574201849,48923.7587105844,0.225060429768846,0.108001374661328,30116,14030,30122.3852713909,14092.3791775055
1880,2,96262.4657147953,44862.7643110966,0.212503677139542,0.0990365487935694,29051,14249,29059.6801303864,14297.329461637
1881,2,86799.7815307517,45115.5929093299,0.191614380675049,0.0995946791760779,27245,14073,27179.884156648,14225.2570245887
1882,2,89563.6183124742,36810.2777929138,0.197715673372762,0.0812603264360382,27576,11242,27566.3920943015,11439.9085117662
1883,2,93713.1598657203,39956.227383146,0.206875971023153,0.0882051501641222,27270,12165,27230.9775847517,12053.4210120399
1884,2,96539.1425319901,47550.7463995054,0.213114453526751,0.104970388879948,29755,14121,29607.0799679929,14293.9921216614
1885,2,110432.024480088,47594.7352956714,0.243783608717346,0.105067496325921,30351,12738,30386.4511568382,12715.109172557
1886,2,96032.0338109183,45674.4627069872,0.211994988456569,0.100828409126402,31061,14361,31176.8010402772,14364.6594384993
1887,2,84828.3408413475,41400.5019700671,0.187262337616001,0.0913934505908871,25643,12214,25581.7072706476,12189.237204095
1888,2,109073.583359009,43297.6600874293,0.240784789486368,0.0955815115662733,31349,12434,31339.9131877283,12411.7633890245
1889,2,104484.873720426,35793.2857413695,0.230655008742816,0.0790152712219411,32178,11159,32263.1750889573,11082.6245118921
1890,2,87067.9685817181,42975.2816731973,0.19220641552548,0.094869846869696,24442,12485,24353.8041912073,12588.7821068043
1891,2,113691.893994261,44755.0834459327,0.250979915747433,0.0987988384914803,35591,13570,35699.0507356006,13529.5293897765
1892,2,111200.490272887,47093.3732590837,0.245480031154826,0.103960717317488,34072,13814,33994.4382747566,14009.8805216693
1893,2,93458.6642377155,42891.7493444351,0.206314160598235,0.0946854455364225,28340,12788,28365.4848280141,12887.1139265105
1894,2,90419.6104267225,43359.9905007933,0.199605314060121,0.0957191087277331,26702,12985,26790.2053179897,12906.2282637936
1895,2,80361.8231413599,35626.4926869929,0.177402301014941,0.0786470681314303,25367,11586,25339.9406240693,11579.3159303625
1896,2,126237.316265683,44131.9450817466,0.278674493734288,0.0974232328203293,36129,12962,36228.0118084316,12739.6864712851
1897,2,89423.2167086094,43064.963602492,0.197405730583784,0.0950678237198274,26452,12994,26528.7988953869,12910.9882365056
1898,2,105984.990141039,34804.5491245856,0.233966582502647,0.0768325911375601,33046,10990,32812.7129376725,11086.9185611601
1899,2,89927.6522792481,45535.5022206016,0.198519294555418,0.100521647668395,25545,12718,25725.7485038968,12659.3045239869
1900,2,107698.069272328,43394.5954944508,0.237748280924007,0.0957955007912961,30716,13384,30798.6537160321,13207.2042323537
1901,2,105779.893858459,47507.9738785944,0.233513823331226,0.104875966636485,30071,13413,30060.5573966701,13369.1321845854
1902,2,101717.909968752,46769.9249866701,0.224546813119774,0.103246690861362,29831,14035,29653.7725196038,14108.0946660224
1903,2,100680.031894186,32421.0696389477,0.222255651080341,0.0715709540984118,30764,10524,31037.5383764504,10297.1446998477
1904,2,109253.536063939,49121.9815664661,0.241182043091135,0.108438960437416,31298,15156,31391.6804864371,15047.3121837946
1905,2,100858.046111339,45969.7846933211,0.222648625387069,0.101480345554273,31918,14407,31926.6654149164,14243.3563541431
1906,2,96844.0865842742,47263.6707725367,0.213787631093428,0.104336656657373,27497,14026,27510.9827025128,13972.5302960675
1907,2,98340.533734763,35368.5384320369,0.217091104776162,0.0780776226335937,30401,10780,30386.0041367349,10792.4923176325
1908,2,79754.6209155398,42981.7926475528,0.176061875078456,0.0948842201353507,24545,12809,24543.3899118305,12893.8394181424
1909,2,104948.409999748,47214.6985590456,0.231678285708683,0.104228548316627,32199,13789,32040.5624832659,13916.2595518613
1910,2,99612.2799867177,43060.6882808235,0.21989854122527,0.0950583857569748,29692,12763,29503.8426339103,12980.2588963443
1911,2,87753.0836525687,49583.2944141357,0.19371883753481,0.109457329078959,27743,15558,27626.7476443992,15542.882323848
1912,2,98903.867116811,41973.836621743,0.218334688287676,0.0926591123502027,29236,12613,29339.4483320257,12588.1896118227
1913,2,101563.86695911,45152.1480750942,0.224206756320443,0.0996753763313572,28350,12824,28373.8638009219,12795.5465572695
1914,2,96029.4615290512,47777.4299382462,0.211989310029871,0.105470802880065,30877,15340,31141.1081396035,15173.6143973848
1915,2,93932.9254571637,45376.5801938904,0.207361113346734,0.100170820221749,28868,13464,28712.101997893,13523.0823380708
1916,2,93194.6629076391,47852.0317556006,0.20573136591295,0.105635489711961,27534,14192,27345.3997751641,14241.9928684242
1917,2,89538.5196623876,48386.064340669,0.197660266985703,0.106814390410138,26499,14283,26565.5216812457,14352.3192226039
1918,2,115031.794405088,43702.8269900669,0.253937805535392,0.096475935535433,35209,13942,35241.614388088,14020.6062053671
1919,2,101680.71641956,48497.1588270224,0.224464706704667,0.107059636432922,31477,15694,31473.3792572654,15651.8018481997
1920,2,87341.8649358212,38172.9081076869,0.192811053916672,0.0842683934985317,28060,12002,28097.0222167762,12048.4960500352
1921,2,115550.321281719,43863.0763234586,0.255082476692126,0.0968296930706471,34170,13627,34059.3590492126,13560.2860255754
1922,2,90369.6551892758,48175.5273030865,0.199495035650245,0.106349620529913,26690,14554,26829.6948131513,14562.2446712271
1923,2,98603.6511561465,38434.5781809499,0.217671948193669,0.0848460418306502,29163,11592,29313.6389675624,11498.8185448269
1924,2,99635.8224140364,38872.027383684,0.219950512181311,0.0858117304139676,32482,13173,32545.9386633851,13178.0577608782
1925,2,96282.2129154932,45872.6401092798,0.212547269963914,0.10126589456167,27359,12762,27313.815872349,12750.4352985329
1926,2,92620.907463562,41634.5612844788,0.204464775235682,0.0919101469440493,28018,12285,27957.6210190378,12265.6084303827
1927,2,106771.403916305,50104.3301361169,0.235702625910181,0.110607538623457,30859,14281,30751.8363467872,14208.1621945752
1928,2,104010.163982889,59541.6895471339,0.229607065870675,0.131440929524437,30970,17352,30914.1682371822,17353.4548554905
1929,2,91085.9285902896,46474.6016343514,0.201076241060084,0.102594751418019,27089,13897,27009.4835704752,13764.9482992022
1930,2,103160.492016739,40137.3741593033,0.227731377191516,0.0886050397342632,30368,11821,30254.7392186545,11874.2157951746
1931,2,89640.5543213689,53529.8949479623,0.197885513036365,0.118169625397275,26671,15930,26480.9544634359,15841.0751499486
1932,2,85323.2486048188,37757.5076619661,0.188354868529287,0.0833513785275813,27037,11465,27192.624412247,11420.0463427102
1933,2,92428.7856901121,48153.5709002748,0.204040657870585,0.106301150793557,26440,14212,26515.2743097055,14023.2912427918
1934,2,89058.8742196652,47994.0298900678,0.196601428324706,0.105948956913296,25781,14216,25519.6923823779,14231.7406309329
1935,2,99580.0585365914,42234.0501071426,0.21982741094013,0.0932335451997884,29941,13204,29987.5911171008,13066.9696740701
1936,2,98039.9269317511,34693.9965876805,0.216427501880278,0.0765885414923012,32210,11252,32203.0875641598,11022.0113863007
1937,2,116689.412798395,38768.0178354578,0.257597071909426,0.0855821247074073,33385,11071,33197.0870997728,11176.6303361278
1938,2,92304.4224386732,45512.2053330618,0.20376612045836,0.100470218752344,28707,14071,28804.7314786919,14180.6045136413
1939,2,82255.596366027,45615.7340196405,0.181582889689061,0.100698762935417,25393,13764,25275.340249696,13795.842647417
1940,2,99209.6870010936,47723.4373365271,0.219009799292468,0.105351611808878,31454,14617,31478.5007651726,14693.7573373634
1941,2,102392.309961625,47008.6068419578,0.226035581117601,0.10377359167923,32732,14560,32494.1778095515,14847.9089338201
1942,2,85539.2510433124,45364.9146955236,0.188831703525255,0.100145068114941,26846,14341,26979.4707856948,14229.4173122898
1943,2,107429.637295462,51137.1177868265,0.237155705388752,0.11288746332568,29789,14602,29777.8192283601,14702.3871488071
1944,2,88516.6607487322,33309.4746959338,0.1954044679569,0.0735321477993735,26548,10462,26530.2734444716,10550.2112547196
1945,2,99954.5507106963,44033.7491233883,0.220654119080903,0.0972064608721309,30002,13716,29855.5183533305,13697.6996507478
1946,2,113423.222746342,44315.3996370333,0.25038681201068,0.0978282169156041,34478,13681,34270.8032953832,13681.5338458413
1947,2,95473.0900125963,46173.1768726104,0.210761095146485,0.101929342841839,28583,14545,28572.6504871994,14442.4978967029
1948,2,104608.638943572,49652.0579014753,0.23092822598097,0.109609127537518,31330,14461,31053.3205613809,14593.7911986067
1949,2,83679.1704104886,47839.3622503476,0.184725492747087,0.10560752121527,24103,13377,24149.4558733704,13372.536140269
1950,2,103614.639973268,43031.9950802754,0.228733929016998,0.0949950442397998,33033,14379,33182.1377375747,14150.8750991824
1951,2,100893.251789649,45637.1452914317,0.222726343488734,0.100746029270786,31275,14144,31185.3159742235,14225.0171013222
1952,2,92593.068103318,41999.3200026105,0.204403318608978,0.0927153680475825,27360,12783,27276.7835212325,12736.0345939443
1953,2,100324.355303585,44887.6791404531,0.221470479177525,0.099091549388186,28122,12948,28013.7420714942,12969.4968047959
1954,2,91034.806225543,43135.8587668622,0.200963386164751,0.0952243279502997,27802,13415,27816.0694024036,13419.0055747589
1955,2,104759.015614262,42955.4988857208,0.231260189173897,0.0948261754859264,31986,12905,31895.7235947466,13011.4131709561
1956,2,109298.17758077,55793.6312115105,0.241280591226269,0.123166923944596,30983,16158,31017.0010625449,16182.4883984146
1957,2,115798.24776255,49612.6956661568,0.255629785432303,0.109522233651272,33182,14472,33235.1029257728,14494.8669831719
1958,2,79428.5283413958,43923.0276773631,0.175342011208577,0.0969620383524722,23376,13055,23426.2420872544,13054.0565691186
1959,2,94198.3803149803,38052.763781028,0.207947116759193,0.0840031695505176,29496,11914,29441.5907044466,11873.802645304
1960,2,88800.277432704,40828.6220688508,0.196030564408873,0.0901310002579534,28112,12961,27857.8565448926,13072.2696621138
1961,2,82655.4848638726,41110.026350818,0.182465661344731,0.0907522127340395,25861,13089,25978.823547827,12945.349331254
1962,2,97021.8228675926,45002.7155952812,0.214179991848846,0.0993454974818124,28045,13278,28141.2932187213,13212.613233674
1963,2,119460.542070202,50194.7486818424,0.263714463103547,0.110807141587141,34859,15219,34857.6531880425,15242.7009262031
1964,2,94223.5121849972,37408.6437920467,0.208002596480726,0.0825812460088627,31155,12377,31050.9656636358,12424.4927014299
1965,2,95293.2884529546,45909.060541868,0.210364175201669,0.101346294287466,30098,14116,29910.4643586185,14233.0503399741
1966,2,96194.8229805571,34739.8110873478,0.212354352793332,0.0766896790392498,29528,10441,29505.4658635521,10479.1854507573
1967,2,81120.4348009853,40910.4612775106,0.179076970014891,0.0903116639532499,24496,12536,24571.2162932111,12479.421491308
1968,2,87495.9127405748,38566.4740161384,0.193151121301424,0.0851372077567339,25672,11075,25759.5947578345,11034.5995251003
1969,2,93638.4331046407,37696.969517029,0.206711008372423,0.0832177378784372,30459,11597,30409.1574001858,11509.3072392293
1970,2,100757.211056076,46452.3094495216,0.222426027515003,0.102545540427914,31305,14908,31456.6539639518,14851.1719586369
1971,2,119890.283056421,48976.7970233374,0.26466313545586,0.108118459097153,34697,14355,34720.4760811389,14292.9936984766
1972,2,95916.9210104077,44867.6457926796,0.211740871826451,0.0990473248814099,30398,13824,30312.7717800572,13869.5738486404
1973,2,96965.0859633168,42148.4547304272,0.214054742607633,0.0930445895963444,28470,12451,28507.8708044743,12512.2353111389
1974,2,104807.542413023,40215.3646354326,0.231367314241804,0.0887772071812142,31456,11587,31249.6122598915,11736.7375919347
1975,2,112895.678347527,40680.008173739,0.24922223427241,0.0898029284705668,33754,12803,33918.6199120387,12795.632608499
1976,2,88476.9028012478,40433.4433451895,0.195316700518437,0.0892586256383988,27437,12017,27421.5149402975,12095.5775350619
1977,2,94851.5946764044,54700.8942808489,0.209389116532752,0.12075465853889,28603,15757,28454.6524831584,15879.6948717137
1978,2,92722.7114963623,42161.0754206736,0.204689512168785,0.0930724503317357,28122,12314,27950.8262512191,12420.5703072249
1979,2,101375.388607891,43778.2046951694,0.223790681972068,0.0966423351740636,31491,13919,31432.1163532636,13905.7864174884
1980,2,108983.087760438,40354.1460190655,0.240585016425098,0.089083573261924,35703,13327,35763.15257865,13332.7112807482
1981,2,101758.945278138,40783.6417753126,0.224637400391481,0.0900317042581605,31661,12803,31840.1643114052,12650.2412160402
1982,2,108905.529326638,49047.0494087246,0.240413802730815,0.108273544364414,30706,14112,30882.7765034827,14110.6894471369
1983,2,103189.225766877,44109.3586565117,0.227794808223715,0.0973733722814348,32785,13646,32603.2931923242,13693.2005992479
1984,2,116232.523683747,52277.6291703114,0.256588468855404,0.115405192962153,34496,14882,34169.4259049297,15048.5300379929
1985,2,102340.441523121,41694.6026952299,0.225921079231247,0.0920426910303713,33079,13410,33092.1651830459,13468.9416089152
1986,2,100061.254653557,43804.3484816002,0.22088967278353,0.0967000487461152,31184,13095,31103.209027178,13240.5377718898
1987,2,101249.157988949,36795.065779379,0.223512022262975,0.0812267452391631,32187,11499,32034.2555293192,11506.8673403064
1988,2,108099.518610515,44352.7108989378,0.238634498204195,0.0979105831867623,31696,12416,31803.5321316911,12371.3481003907
1989,2,107544.433445262,44049.4665795155,0.237409122998335,0.0972411578560228,32620,12964,32727.5578252041,12808.3760293577
1990,2,105229.809756483,36203.1048492358,0.232299488195119,0.0799199651411852,31299,11583,31392.0859207022,11570.6060152082
1991,2,98897.5791992651,45864.0893138983,0.218320807429855,0.10124701830032,27055,13040,27149.9719028577,13098.0604910404
1992,2,108450.322517695,40608.8841836776,0.239408913441506,0.0896459190971973,32257,12202,32385.5635944724,12060.3936121013
1993,2,107793.908487913,45051.2823158673,0.237959850257649,0.0994527106789243,32594,14099,32524.7650657786,14146.4194912772
1994,2,112591.236926028,42201.5869575195,0.248550166285559,0.0931618813522523,33218,12617,33218.4763175003,12541.7730498946
1995,2,111139.387089443,45172.7081957959,0.245345143158031,0.0997207637128159,34016,13895,34091.6090840647,13854.2284069123
1996,2,121404.112557516,48186.4091126322,0.268004981451143,0.106373642608771,36186,14618,36239.3205552124,14433.4411318723
1997,2,96584.5080428547,33470.467804025,0.213214599910936,0.0738875472503377,29032,10059,29071.6285656,10054.1351578264
1998,2,87831.3511992488,48525.1454767912,0.193891616627333,0.107121418207808,27428,15304,27367.5118289795,15214.7499046686
1999,2,107415.206582577,46938.645521186,0.237123848947834,0.103619148950061,30249,13645,30427.0961700987,13604.1938445198
2000,2,105528.516294163,49856.8697784898,0.232958896170712,0.110061258870995,31944,15060,31909.7003163678,15135.5830826461
1,3,93882.5053076432,40760.8004012561,0.207249808622764,0.089981280908396,27998,11981,27838.8917083279,12094.5848283826
2,3,93619.8428835073,39576.0573963562,0.20666996963193,0.0873659079991615,30586,12699,30762.3851102991,12658.550607867
3,3,94351.2505964819,42109.8989583537,0.208284584708962,0.0929594760136023,28490,12937,28337.6022081071,13002.4832030021
4,3,114750.978413222,49169.6194194568,0.253317891735886,0.108544123117973,32722,14321,32699.6372579413,14489.1960436328
5,3,109117.118187509,50694.0574140422,0.240880894557761,0.111909387834757,33605,15551,33464.8154586959,15684.4777765198
6,3,93051.7805779043,43899.8136373703,0.205415946811211,0.0969107923260683,28360,14041,28408.3520619739,13944.4830700442
7,3,87461.6465072109,40165.2764976225,0.193075477066286,0.088666635387871,27801,12546,27788.7052523063,12557.4359430041
8,3,96260.3242457992,47461.2016372359,0.212498949751429,0.104772714832129,28075,13657,28201.1590626401,13717.5575572928
9,3,84245.2167889262,34987.3964079415,0.185975065318872,0.0772362346530215,27484,11901,27568.148008813,11990.4637556708
10,3,98246.3770025228,40659.9981279527,0.216883249599381,0.0897587554039646,30554,12759,30423.7146833888,12863.8741516457
11,3,100813.25260917,39340.6485755792,0.222549741737535,0.0868462325506393,30264,11574,30191.219628814,11559.8656281422
12,3,101056.04526106,46046.5237064546,0.223085717321852,0.101649750340965,31017,14111,30959.36174061,14101.3210478372
13,3,98889.540059557,40598.6158289911,0.218303060671175,0.0896232512472431,28752,11861,28841.7881872468,11818.2965071214
14,3,105156.695335552,42168.0063568034,0.232138084857022,0.0930877506816972,32590,13190,32537.6033203074,13130.1444329807
15,3,89529.1048055135,47077.5535021361,0.197639483270154,0.103925794499983,25693,13467,25602.094547784,13496.960689993
16,3,100273.489934125,48885.2478446503,0.221358191610723,0.107916360210887,30063,15125,29952.5350988882,15230.8820052444
17,3,96474.2171531312,32390.6260744263,0.212971127863475,0.0715037485748673,30439,10175,30334.5354628094,10188.9773491209
18,3,102202.006263718,46148.7288814306,0.225615477235178,0.101875372813274,29497,12704,29484.0173721553,12706.114889025
19,3,93488.4056352902,47059.0305343007,0.206379816056995,0.103884904224138,26887,13711,27004.3060220444,13864.2091702911
20,3,106056.267484487,46346.8768593013,0.234123930410441,0.10231279329282,34391,14841,34216.3007087814,14868.6562981054
21,3,92172.7095843475,40925.7842503821,0.203475358470674,0.0903454900977989,28859,12775,28955.3653718089,12615.0331377361
22,3,88922.1236863002,40241.1237224226,0.196299545436344,0.0888340715121297,27768,12110,27704.9566831085,12093.4117346635
23,3,103504.809840791,45951.9516789267,0.228491474111663,0.101440978381355,30682,14086,30653.9211553045,14014.795046279
24,3,97642.2077233912,46322.0753331848,0.21554951902769,0.102258042820149,27940,13404,27906.8677540456,13354.5193514954
25,3,99883.6629693527,55991.8020296486,0.220497631237092,0.123604394845049,29977,16470,29904.0325981566,16566.7556412487
26,3,124704.288996877,45383.1679577957,0.275290267812404,0.100185363003752,36310,13054,36306.529402883,12991.7074562688
27,3,91848.9867706618,39696.1026930371,0.202760725952471,0.0876309133340922,28201,12190,28050.9350070892,12305.0616414148
28,3,89354.237470071,43772.4571902493,0.197253455844852,0.096629647301165,27361,13166,27469.3374431558,13251.8277729578
29,3,111981.815834119,48784.5393752678,0.247204842103434,0.107694041782786,35920,15070,35871.4136094686,15086.1592056559
30,3,109546.430263043,47073.6718654285,0.241828620070647,0.103917225614202,31605,13675,31699.3069959896,13540.2235738656
31,3,102664.819832195,44940.8696200318,0.226637158784692,0.0992089697390502,31330,14260,31500.8497383048,14258.0709517927
32,3,104733.467720111,57056.9122123446,0.231203791060573,0.125955672975118,30934,16942,31206.6634103377,16816.1411692297
33,3,88663.9653313032,36401.2860810767,0.195729649378583,0.0803574590303509,27531,11321,27566.5056481337,11434.3599561264
34,3,100758.978773476,49151.1503424016,0.222429929829834,0.108503351808424,31601,15542,31481.5528520554,15542.0802282986
35,3,98236.059100561,46612.2956901725,0.216860472371611,0.102898717174194,29561,14126,29424.6458190716,14054.3358962204
36,3,90513.4839524665,38974.8206257375,0.199812544045958,0.0860386510705212,27264,11875,27189.4855987563,12003.4095172035
37,3,105673.654288133,42248.9559214443,0.233279294751635,0.0932664504482293,31490,12456,31531.0132327669,12361.9029825588
38,3,116794.926002735,44798.9824474892,0.257829997003777,0.0988957474911019,36075,13563,35823.7280648667,13720.7747443805
39,3,101480.682051841,43242.9615307671,0.224023121935577,0.0954607620681316,30696,12524,30856.8541576959,12543.1968921938
40,3,109594.327090208,39444.3747359328,0.24193435444822,0.0870752126658591,34844,12407,35106.4346233738,12367.7577660419
41,3,102621.908490597,45609.8533395374,0.226542430088383,0.100685781072375,29329,12918,29302.6375564961,12941.8231324631
42,3,101645.635272097,36319.773041167,0.224387263510386,0.0801775153670859,29549,10769,29644.7753785,10747.292656913
43,3,108479.614578894,42443.6472319713,0.23947357697022,0.0936962401807787,32799,13146,32695.1626852972,13083.0158042256
44,3,98715.5719099051,44556.6144963397,0.217919018238523,0.0983607094525724,30798,13334,30882.4664177173,13333.2483642886
45,3,74324.5931341403,32531.2173554471,0.164074847092532,0.0718141100846088,25216,10743,25303.8717493273,10782.4880308211
46,3,96043.4688305676,51313.394287493,0.212020231771351,0.113276601545928,29149,16239,28957.376604975,16203.6421959555
47,3,107952.338393339,44768.022093868,0.238309591324656,0.0988274011326204,31987,13180,31731.2158536846,13305.9434025142
48,3,105045.426756255,42463.2985955811,0.231892454516317,0.0937396214405136,32411,12799,32450.5378231517,12774.3553526126
49,3,91960.7840532955,51209.8939854826,0.203007523429322,0.113048120023052,27347,15642,27390.7799758666,15582.5145734488
50,3,109874.370563947,43004.2838601311,0.242552562879581,0.0949338704880685,32085,12168,32063.2678900968,12059.9418225902
51,3,95707.8436890232,46352.018574253,0.211279324334697,0.102324143857404,27519,13775,27818.3471534586,13657.3395147011
52,3,99647.2714368917,45169.3978178964,0.219975786408792,0.0997134559062773,28388,13004,28199.7703619276,13285.5789243258
53,3,110904.888270114,38836.5591862327,0.244827476578204,0.0857334327896137,31484,10772,31260.0962394576,10846.1964813436
54,3,96149.7546420877,42250.4313098278,0.212254862430435,0.0932697074337468,29553,13384,29496.2184574639,13446.0323787327
55,3,104077.279979378,41679.6518649649,0.229755227419862,0.0920096864071879,32570,13455,32631.8671511415,13324.087425382
56,3,110720.58805986,42591.6195593034,0.244420625661955,0.0940228956787392,35049,13652,34897.4551266773,13605.352886537
57,3,112961.446122367,45496.2269455831,0.249367419562304,0.100434945750881,32984,13407,32836.1396964152,13515.4783500724
58,3,92689.4964771641,42225.9444366398,0.204616188535701,0.093215651571418,29171,13716,29187.1524261447,13764.4108907062
59,3,101191.407553792,38871.9242894986,0.223384535607233,0.0858115028289651,32766,12742,32707.96098166,12870.8151940531
60,3,96153.9032517405,43606.8229737237,0.212264020670874,0.0962640023967834,32530,14097,32665.0905647607,14247.3551137826
61,3,98726.3185317658,55753.5007323475,0.21794274188455,0.123078334125873,29383,16746,29297.8244720393,16632.1547729808
62,3,106371.880288475,44875.9295182128,0.23482065972131,0.0990656115741842,32386,13308,32263.5888759493,13458.3083810002
63,3,106163.654128842,36866.1011914637,0.234360991207002,0.0813835590727071,32009,11207,31962.3391973722,11349.2775714827
64,3,101603.1602735,37598.0225463774,0.224293498060672,0.0829993080371782,28929,11493,29020.7705306334,11508.4477329869
65,3,114116.426381445,48276.4870617846,0.251917089885572,0.106572493690362,34174,14372,33884.0483435621,14517.1716608515
66,3,95245.7170351924,46239.9983874461,0.210259159179836,0.10207685430967,29665,14469,29604.7358520399,14377.2260479381
67,3,112409.233688867,48195.9422001918,0.248148386039637,0.10639468732382,35432,14957,35290.9113851896,14914.7504249445
68,3,93005.1804023148,44128.7970645777,0.205313074849699,0.0974162834323294,27327,13547,27506.6298690348,13500.8739075737
69,3,107088.582063115,45459.6891198113,0.236402810784992,0.100354286874407,32064,13132,32036.4700469231,13161.6552439899
70,3,110479.310220787,46380.7546257202,0.243887994094348,0.102387579969889,32301,14080,32426.867635975,13954.4624070774
71,3,92575.4584618063,42020.7179561203,0.204364444541639,0.0927626049822519,26837,12732,26908.5921927503,12614.5130004772
72,3,104819.143345896,49570.1389011945,0.231392923817409,0.109428287698667,29711,14616,29751.2831282464,14514.6257808606
73,3,100003.458065051,44204.1055996422,0.220762084242219,0.0975825303750225,30256,13510,30388.640228221,13449.5875723353
74,3,104104.32461478,36755.1607044868,0.229814929656109,0.0811386530103992,33576,11573,33500.597571115,11632.7971118886
75,3,113395.201045599,47932.0434636546,0.25032495285921,0.105812119118339,33685,14142,33603.271859207,14174.4406547098
76,3,79151.9870524765,43540.1903007299,0.174731534006068,0.0961169078057227,25832,14327,25601.3784343554,14355.404312145
77,3,112177.387001078,49005.7303359247,0.247636574158214,0.10818233067234,33454,15299,33436.4318319377,15113.2485015887
78,3,99822.2571172271,50844.6162623151,0.220362075085713,0.112241753192805,28904,14425,28858.2740736227,14446.5474824605
79,3,102863.411167694,52868.9495126641,0.227075557995934,0.116710558934074,31172,16349,31059.2341285725,16212.179148555
80,3,103284.597737569,36818.847876031,0.22800534609346,0.0812792452759231,28461,10999,28405.2261183308,11044.4607335372
81,3,84706.2336177358,51515.7412473466,0.186992780485606,0.113723291465074,25264,14843,25277.0073973685,14891.5692496978
82,3,97151.4202229443,44903.2433934687,0.214466083778399,0.0991259081693909,30540,14535,30423.7586161692,14439.2848040022
83,3,105610.684110791,39888.174436559,0.233140285282723,0.0880549202558964,32267,12265,32252.3435403039,12229.7532460993
84,3,96356.5046020336,42428.8906560174,0.212711272168236,0.0936636643826323,27415,12213,27398.616867046,12068.2338979029
85,3,104749.891544894,39148.6507857666,0.231240047384709,0.0864223888849396,32835,12536,32759.1133129364,12642.4367166403
86,3,96269.9102903514,40498.7870797954,0.212520111371396,0.0894028748406051,28599,12269,28549.3752468487,12118.9812355799
87,3,101837.954842177,47261.6182451882,0.224811817520348,0.104332125611905,28851,14136,29060.8687747984,14091.3792131302
88,3,108754.181550881,54469.1250921753,0.240079695780237,0.120243017740215,31489,16112,31531.3028627268,16193.4425970171
89,3,95714.9413699515,41032.3306496557,0.211294992781222,0.0905806960159466,29023,13014,29134.2539192178,13141.0457848716
90,3,113613.713275016,43429.7137201072,0.250807328330337,0.0958730258373376,34434,13619,34424.0141230447,13775.6259999119
91,3,99252.2959418283,38309.3671612678,0.219103860425412,0.0845696329322986,29397,11687,29345.295537158,11855.1544516362
92,3,86265.2478709344,37931.9741620925,0.190434373832064,0.0837365210910844,25962,11336,25815.4606770482,11227.7143978109
93,3,94416.3520892345,45964.6900105543,0.208428299151496,0.101469098815331,29930,14639,29921.0961579568,14732.4188966947
94,3,113944.95772659,44726.2035560263,0.251538565198921,0.0987350848492385,36790,13783,36564.3678939887,13897.1714539437
95,3,109031.773673937,44021.2471581846,0.24069249274587,0.097178862227555,32034,12873,31912.5180289625,12962.0621880452
96,3,103655.184012809,40126.7346574124,0.22882343178866,0.0885815525603376,30348,11977,30387.2536442959,11893.3714879087
97,3,96216.7391483534,49757.1545222559,0.212402733709102,0.109841133005121,27541,14302,27679.8591551416,14244.2746069612
98,3,100192.907610786,42584.1323148487,0.22118030254571,0.0940063672533924,30693,13183,30645.5721940454,13105.3100658344
99,3,101633.110202002,36916.2115687814,0.224359613860736,0.0814941799607529,28383,11165,28361.7858862172,11026.6755181702
100,3,87396.1305905633,46545.5974990868,0.192930847764559,0.10275147794903,27912,15058,27844.0796687173,15191.622118419
101,3,106042.402092721,42578.1634001655,0.234093321941051,0.0939931906085879,32288,13506,32444.4294704234,13346.949831046
102,3,92109.0048915268,51357.0839507094,0.203334727526152,0.113373048421847,24536,13974,24716.308601776,13798.3496913805
103,3,95687.1123175455,54135.4802645038,0.211233558909529,0.119506481934568,28856,16179,28955.0310316814,16347.8150592537
104,3,114175.761248864,48158.3241982435,0.252048074246044,0.106311643910364,35176,14725,35172.1579686053,14445.8062119577
105,3,103001.697762054,41105.607693164,0.227380831807304,0.0907424583506198,29689,11821,29650.0836293585,11809.3803967749
106,3,102929.979313997,51712.9998125773,0.227222510141453,0.114158748526635,31897,16353,31962.0137519199,16323.3604045195
107,3,98079.8206943234,50319.8877344298,0.216515569136593,0.111083391614929,30742,15860,30885.8460556706,16014.1019427622
108,3,111222.979160518,51271.4368112011,0.24552967637512,0.113183978549734,31113,14435,31248.5844206416,14308.5352219604
109,3,110663.456116551,41637.5841876549,0.244294504354494,0.0919168201373422,32223,11533,32381.3259401309,11403.0279712662
110,3,108579.885136738,45567.8384597304,0.239694928689112,0.100593031355367,32441,13792,32382.6050648737,13835.3854495234
111,3,94583.552251975,43898.3149876219,0.208797400951838,0.0969074839900526,28594,13444,28425.2084675647,13423.3085986643
112,3,102686.88886518,45406.760513691,0.226685877157168,0.100237444620857,30604,13613,30526.6584073775,13353.9906314149
113,3,93480.6648460107,44002.9088886404,0.206362727920164,0.0971383796814081,28235,13015,28368.1190571348,13052.6862365525
114,3,103596.603377718,46153.4244062862,0.228694112429619,0.101885738393363,29088,12714,29224.5273850277,12670.3724525709
115,3,118505.984095339,49053.5511384727,0.261607233892296,0.108287897222186,33755,14124,33980.7822489863,13949.2461021578
116,3,100284.500444377,43746.579161489,0.221382497802117,0.0965725204009983,30195,13413,30351.5472435944,13083.4809869215
117,3,88730.331679457,35815.0969909393,0.195876156045707,0.0790634205260563,27665,10955,27523.6248366209,11151.4759999694
118,3,99090.3784878323,50166.2033153633,0.218746420439726,0.110744126420253,28762,14873,28736.1732494705,14822.30521452
119,3,91817.5191562345,41857.6730362558,0.202691259793185,0.0924026760654842,27900,12162,27952.5559665136,12332.0147850762
120,3,103422.450541681,41620.7962142786,0.228309662293552,0.0918797599389805,28762,12110,28720.7475225172,12057.8931165223
121,3,99011.241673741,44935.0537126287,0.218571722400707,0.099196130864626,30895,13718,30953.0483101106,13641.3850449524
122,3,106360.787267035,45146.5741073916,0.234796171382794,0.0996630715495893,29549,12344,29485.8394767003,12408.6252478979
123,3,105514.565823346,39517.3445529194,0.232928099885529,0.0872362967843128,32708,11806,32611.906740838,11966.8895766344
124,3,99598.0004915336,42175.0299213154,0.219867018604156,0.093103255512935,31476,13466,31345.0805473229,13546.9392588272
125,3,103823.293435593,44446.4349599886,0.229194540821013,0.0981174832226367,31322,13976,31475.3277953592,13864.4173004609
126,3,90908.8978354307,44418.1724717233,0.200685437790139,0.0980550925219944,26138,13252,26002.8932962424,13192.0734811691
127,3,103574.805114195,43043.5846334702,0.22864599179278,0.0950206286942599,31572,13475,31715.3947934897,13329.8906178924
128,3,94227.0162660775,46062.2857181259,0.208010331895657,0.101684545683204,28949,14296,29007.533764977,14330.7358382101
129,3,107050.580694841,44872.2154832737,0.23631892107331,0.0990574126767663,32779,13673,32790.3918866994,13614.8853874225
130,3,113397.424287964,49288.7581831465,0.250329860765673,0.108807127240981,33290,14945,33465.6126479522,14855.017035509
131,3,94423.8118493425,38881.7981124066,0.208444766903924,0.0858332997324603,29553,11770,29445.3366994746,11746.769007433
132,3,96700.9334594799,44050.8030549913,0.213471614199544,0.0972441081851143,28316,12603,28285.6068522979,12676.92167982
133,3,105352.711588781,43900.1648656639,0.23257079945955,0.0969115676781575,33007,13789,33028.1940471466,13756.0089904131
134,3,96271.3643961161,40599.1468959908,0.212523321374585,0.0896244236012796,29865,12401,29796.6609820308,12534.9547173921
135,3,101099.021433433,39365.6563083468,0.223180589134981,0.0869014382336703,33419,12568,33291.8710951748,12779.3835972231
136,3,99184.6926497534,51755.2154980746,0.218954623149533,0.114251941531141,29168,15559,29192.6244398444,15463.1241993371
137,3,92667.6245207848,42186.1654893171,0.204567905218602,0.0931278377748771,28937,13002,29101.1306809057,12843.6191161452
138,3,90143.9018493584,50070.5442795226,0.198996675105429,0.110532954841416,26216,14598,26393.6717588024,14559.8644174187
139,3,88291.754182109,34586.25851915,0.194907976701816,0.0763507049112346,29766,12023,29910.4332704591,12059.3590025946
140,3,109498.8150999,50476.2508830801,0.241723507478939,0.111428570224375,33251,14643,33251.6210404828,14539.6807922052
141,3,104547.892705862,41033.7618799094,0.230794125957769,0.0905838555204274,30603,12096,30645.3399140784,12114.6077707847
142,3,92992.6590148648,41832.143059438,0.20528543332965,0.0923463175054704,28084,12476,28040.5460496114,12431.7350164556
143,3,108606.05205582,50121.7836520246,0.23975269332752,0.110646068036576,32673,14706,32811.9382567542,14548.8872682057
144,3,111092.836571803,49437.7545920502,0.245242380818653,0.109136043444587,32345,14418,32571.9870113683,14408.4300307431
145,3,98690.6831079844,42622.1185111207,0.21786407510063,0.0940902234722041,28716,11940,28824.3541965931,12090.7196022765
146,3,90165.7746538813,46354.7548337773,0.199044960294842,0.102330184272078,27159,13898,27029.0706465835,13883.7928283925
147,3,87523.8777084997,40078.1964052334,0.193212855212674,0.0884744022085013,25755,11647,25708.8019941285,11666.0115566073
148,3,86971.5887505494,43765.976004422,0.191993652758878,0.0966153397950118,26591,13416,26595.1431322715,13599.7458915003
149,3,95929.1230271501,44743.3657172646,0.21176780832145,0.0987729710839586,27946,13334,27960.6894553915,13121.9938149934
150,3,104813.658357032,53620.4535814302,0.231380815460388,0.118369537610885,30755,16215,30831.8284003761,16135.8936820685
151,3,98402.8670706193,36632.5951483354,0.217228708389153,0.0808680840905257,30808,10808,30663.9326401909,10753.1006302866
152,3,89559.6223714322,43164.4055916609,0.197706852155076,0.0952873463364935,25461,12595,25389.3162870496,12607.6185217434
153,3,106315.974868299,42431.9629159914,0.234697246018249,0.0936704465332532,31062,12557,31157.8164305404,12532.2250419931
154,3,110568.357746808,54438.9078662975,0.244084570471018,0.120176311869299,32859,15721,32845.3800261751,15696.7975912552
155,3,100194.92525985,46040.8202992503,0.221184756595811,0.101637159815737,29479,13703,29512.7976785729,13677.223715201
156,3,95881.3148772987,45969.9341823362,0.211662269702994,0.101480675557926,30458,14663,30506.0018712128,14583.5541547608
157,3,75452.6350243764,38444.7975360272,0.166565049767714,0.0848686015117865,22737,11746,22855.1522372992,11552.9626608725
158,3,100556.932810388,45459.5258045701,0.221983904374443,0.100353926348744,28967,13422,29004.3838328858,13320.0683113612
159,3,96988.4589142182,35842.9056939032,0.21410633943694,0.0791248094754504,31638,11394,31683.0087149101,11378.0543179433
160,3,98528.817842002,38925.4349272869,0.217506750322306,0.0859296299433255,29083,12028,29188.1972788383,11989.274092032
161,3,89049.5936378192,44217.9501644555,0.196580941027257,0.0976130928679877,27548,13578,27481.6603287978,13708.4753732599
162,3,105316.026850601,52100.4538433698,0.232489816267398,0.115014070542901,30776,15268,30651.9777669593,15283.3363415924
163,3,110094.04376928,38602.0931662306,0.243037501256712,0.0852158386157605,33214,11525,33265.403975241,11627.9796331016
164,3,89258.5335756747,35155.0309407861,0.197042185238756,0.0776062953446996,28266,11607,28261.3098143817,11718.3572299704
165,3,92753.7344296327,48863.6849096574,0.204757996674627,0.107868759072252,28547,14495,28339.6885528385,14594.3527174084
166,3,92486.4767695683,44445.5135029333,0.204168013495974,0.0981154490651784,29434,14172,29363.0367170848,14219.6611894951
167,3,74241.5477000814,36173.634402348,0.163891520600985,0.0798549078181248,23210,10940,23090.6205644367,11044.7160515673
168,3,112131.340473344,49064.8984860421,0.247534924398983,0.108312946996949,31758,14215,31605.1086794619,14172.763897201
169,3,107649.436080521,46303.3787416493,0.237640920988717,0.102216769262259,34615,14989,34655.506297298,14903.6070575879
170,3,88555.5144881658,37858.7918862755,0.195490239315851,0.0835749679603073,29065,13012,29114.8180555696,13015.5480618821
171,3,105167.892914955,51630.9490474089,0.232162804011893,0.11397761781093,32479,16185,32611.4764687675,16087.0115544737
172,3,114565.596478846,48382.1739997384,0.252908652865494,0.106805802309397,32799,13867,32758.7662409561,13889.4523195583
173,3,98154.4135799639,43389.7924935867,0.216680236251333,0.0957848979531353,29485,12950,29502.9173479739,12885.3893667152
174,3,92930.7775339914,43917.364552782,0.205148827206642,0.0969495367529272,28677,13655,28741.0488125724,13648.0429613705
175,3,93176.1272322978,44769.6764803207,0.205690447584721,0.0988310532643418,29166,13917,29370.8586645842,13888.7473983542
176,3,112618.108461085,37879.9574219415,0.24860948639509,0.083621691822243,33929,11497,33897.8721959441,11440.5002801806
177,3,106388.098985275,39461.0195816207,0.234856463216293,0.0871119569034789,31732,12022,31632.0399257787,12085.0368909922
178,3,85045.9886019687,41799.2444245831,0.187742804733789,0.092273692304904,25021,13038,25128.2894367222,13099.111663084
179,3,106219.84719814,44326.5150116788,0.2344850399083,0.0978527545998136,30762,12719,30602.1561523845,12616.5412048604
180,3,91658.964308582,41175.0485942209,0.202341242910652,0.0908957522301077,27859,11876,27834.7046758692,11853.6427129293
181,3,89124.0986351383,45638.5324131207,0.196745414124617,0.100749091403647,25587,12851,25497.1217642516,12756.4026611266
182,3,109748.321038687,43819.7901677065,0.242274302942848,0.0967341369554131,33796,12829,33748.3043578076,12888.3320740238
183,3,99224.3945668483,42399.6179775863,0.219042266898418,0.0935990436422416,28418,12930,28474.1158075998,12756.7934324896
184,3,111341.704537692,49810.5947539025,0.245791767928997,0.10995910469479,32166,14535,32204.0778614868,14414.0139148718
185,3,93016.1790197864,40906.9075493752,0.205337354787251,0.0903038189402356,29254,12646,29303.7077994489,12485.3732975383
186,3,83880.0372250879,41275.9468202335,0.185168915179712,0.0911184895544149,27235,13376,27038.1694392214,13437.4566853252
187,3,94192.8857269722,48573.2020606169,0.207934987211633,0.107227505255318,28328,13941,28317.6738016504,13921.672998479
188,3,107459.797880018,48308.4930693402,0.237222286221429,0.10664314837644,33642,14333,33562.5810888377,14390.0402664992
189,3,86448.6443541998,40200.9454825775,0.190839229730767,0.0887453762595753,27191,12261,27099.3745292872,12209.666413977
190,3,94769.1539545576,37534.478273558,0.209207124970325,0.0828590312269489,29355,11578,29540.4670173432,11456.3607874055
191,3,98694.4106968647,48018.0857698741,0.217872303918976,0.106002061338554,28389,14375,28392.0959790536,14431.018952169
192,3,103909.013264674,51363.9139689574,0.229383771158594,0.113388125991094,31176,15642,31161.0603888281,15744.4946164015
193,3,106245.816356628,56337.0165600884,0.234542367981394,0.124366471284456,30069,16586,30131.8156484075,16621.436987033
194,3,104743.861646937,46907.7987110108,0.231226736116613,0.10355105324379,30976,14269,30955.8975480276,14208.3986516905
195,3,90474.6374986761,46480.4748012346,0.199726788770389,0.102607716695294,27748,13712,27769.3429689931,13648.0290206681
196,3,100913.060137668,35264.1263368745,0.222770071298538,0.0778471282867568,30940,10537,30911.7070123005,10567.8362935121
197,3,102246.312425453,41909.1356814524,0.225713285059015,0.0925162821450542,30782,13147,30925.4009223657,13012.4372193787
198,3,87635.603117525,42159.6606327754,0.193459494025336,0.0930693271244864,25532,12393,25469.8615116006,12327.4300278549
199,3,115803.010278808,47168.539997156,0.255640298898895,0.104126651237011,34650,14431,34924.8569828435,14212.7271209488
200,3,96019.947517072,49682.7998072068,0.211968307425014,0.109676991662561,25731,14073,25843.3976977041,14006.7537776427
201,3,103392.529725714,47681.8808072657,0.228243610760706,0.105259873921097,28764,13320,28414.1481159162,13544.0646682663
202,3,116001.865731569,48696.0601468783,0.256079281160747,0.107498719948428,34800,14387,34844.9708735911,14247.8814570117
203,3,94149.7819272468,41868.3515798546,0.207839833655444,0.0924262494257174,28117,12602,28319.4759078982,12524.7388251895
204,3,95774.9319040662,46274.646566092,0.211427424555105,0.102153341706017,28157,13728,28126.2908657368,13648.5289525822
205,3,104627.10103976,48491.0424540951,0.230968981879945,0.107046134267482,29570,13486,29466.4585589745,13471.4036453222
206,3,94028.6165002098,39202.4812256013,0.207572355582902,0.0865412219765498,29860,12194,29962.2444932708,12262.8994090885
207,3,99361.1302321836,41432.2465199417,0.219344116964943,0.0914635280974978,30508,13645,30563.9512865507,13543.5310791964
208,3,94461.6748467588,40366.270316955,0.208528351155779,0.089110338189096,28454,12242,28545.9308685852,12207.1893389346
209,3,101434.057622182,39178.4870566563,0.223920196432126,0.0864882537807649,30253,12420,30648.6235496686,12252.1645339238
210,3,117419.614108907,45642.1420418684,0.259209023799332,0.10075705981975,34362,13496,34208.2487942211,13673.0184142096
211,3,88428.4336613257,41559.8763832375,0.195209702734984,0.0917452767007751,28098,13163,28065.4546616139,13083.3448795099
212,3,101311.258530511,41676.5939348773,0.2236491119722,0.0920029358904293,31432,13163,31598.2276102065,13060.8596246554
213,3,109178.254396107,47461.3228842274,0.241015855459052,0.104772982490259,32810,14771,32649.288946495,14992.8648745412
214,3,129914.379973235,54097.0219619639,0.286791775513111,0.119421583520159,35742,15107,35673.9103327045,15262.337101685
215,3,125970.356437511,48395.0127236562,0.278085168032792,0.106834144363821,36769,14290,36791.5199262577,14273.6283741177
216,3,99531.0270052816,42834.2150019983,0.21971917165266,0.0945584359149792,30561,13387,30508.3225981825,13226.7123186142
217,3,98900.2174386811,39009.8339955128,0.218326631460779,0.0861159446425384,31820,12511,31677.8580412785,12565.7788217676
218,3,91664.8291189754,37291.0505172917,0.202354189740603,0.0823216536214585,27404,11186,27486.286924734,11081.2137489332
219,3,100680.291594641,36859.6549107711,0.222256224380654,0.0813693286211923,31068,11361,30965.6398835203,11336.9159325888
220,3,89475.5429179366,48951.6563733824,0.197521243019604,0.108062959993515,26809,14660,26648.2352362258,14729.4559480726
221,3,110151.108235635,47511.4515337119,0.243163473605792,0.104883643714926,31305,12967,31155.0711472877,13034.0567877908
222,3,110825.201150632,42452.0313511838,0.244651563715545,0.0937147484970679,31682,12133,31669.5930056948,12272.0857901909
223,3,88571.6956209623,46394.714178866,0.195525959886626,0.102418396304716,26195,13573,26372.3087051077,13399.5722310166
224,3,99326.3969791178,43291.5826007423,0.219267441763028,0.0955680952439387,29847,13392,29754.6145056533,13317.3884365289
225,3,108122.094417987,46296.0730469943,0.238684335303905,0.102200641616175,32774,13853,32457.4309837198,14015.0937644279
226,3,88207.001743532,47751.6334006979,0.194720881921827,0.105413855875375,27104,14442,27101.2305137119,14705.8476583372
227,3,107640.889336356,52498.6803971308,0.237622053670609,0.115893173383042,32428,15985,32355.2265226021,16178.697832024
228,3,85430.3033059508,42659.05538801,0.188591196546409,0.0941717632717796,27037,13577,27005.4733504779,13601.5880564202
229,3,97222.1267520489,45806.398516399,0.214622171588127,0.101119663297363,28919,13661,29100.2688545136,13576.3803249317
230,3,114337.965805465,43841.5711062943,0.252406148023507,0.0967822193466867,33174,12347,33231.9474495483,12417.3646382653
231,3,89714.5871355763,44838.3551467994,0.198048943768491,0.0989826644770756,27742,13639,27607.2826675637,13584.2082034441
232,3,92413.9321139766,41027.9892932401,0.204007867940221,0.090571112278451,29590,13400,29897.8616623792,13329.6848412074
233,3,100881.034647391,52167.0399628381,0.222699373603487,0.115161062364982,28134,15082,28058.736529113,15204.7465384048
234,3,97083.7943233664,49730.1841344687,0.214316796595451,0.109781594673788,29761,15557,29780.9919864834,15642.1472484698
235,3,104433.823078355,39221.7152992594,0.230542312178483,0.0865836820501452,30915,12371,30928.1200942072,12391.6591405269
236,3,89926.2736252329,40510.9792524272,0.198516251115324,0.0894297896042915,28391,12813,28341.3297195054,12849.4438690552
237,3,109122.506105956,42406.4174822794,0.240892788627518,0.0936140538514573,32478,12934,32729.5625343609,12893.4125957528
238,3,97536.7970644004,42722.7545452604,0.215316820306761,0.0943123819962833,31302,13854,31121.4202367385,13796.2695201252
239,3,104929.22162893,48528.4090035853,0.231635926526142,0.107128622588446,30545,13686,30431.724019422,13772.3492429582
240,3,108124.205766747,39908.3329332654,0.238688996200257,0.0880994210345115,33116,12148,33179.582342647,12202.2225701581
241,3,99328.9015987094,51647.6066097184,0.219272970822243,0.114014390121058,28607,15108,28349.3949116221,15096.4699934532
242,3,102970.200687683,42567.2156343117,0.227311300613882,0.0939690229282454,29317,12587,29378.6647106146,12661.4015665595
243,3,96062.1609861482,37325.0762512349,0.212061495536672,0.0823967669434227,29849,11721,29827.4986552807,11754.4442962668
244,3,94764.0736789503,45638.7159866895,0.209195910035829,0.10074949665047,27848,13437,28026.7521520179,13332.8658162329
245,3,91476.8150402826,35176.5227520604,0.201939140294492,0.0776537394745611,27452,10160,27607.5762616054,10144.2860476657
246,3,115248.7703196,47300.8480657412,0.254416789522994,0.104418727186664,34374,14199,34307.0846549513,14153.9406200929
247,3,99592.8783430994,47151.8343904491,0.21985571123353,0.104089772866737,31867,15493,31830.2118844752,15347.8165630453
248,3,105050.539250338,50251.8896010099,0.231903740574531,0.110933282709209,30925,14644,30948.3746320856,14642.7029654211
249,3,98942.3062822648,37480.8858371095,0.218419544456116,0.0827407235384057,30090,11696,30201.8104065283,11741.7855294112
250,3,90810.5572837818,37758.6195586897,0.200468346645817,0.0833538330890825,30336,12044,30305.3279382321,12268.6228483897
251,3,91883.6398306089,44248.7693251698,0.202837224124507,0.0976811275368434,26534,13187,26553.0565265742,13033.7829908141
252,3,101899.736825969,47511.4866212159,0.22494820399912,0.104883721172153,31699,14557,31814.8019241371,14679.416709645
253,3,103648.548469032,51956.465110199,0.228808783530463,0.114696209006338,31060,15977,30905.8683534687,16115.6614341777
254,3,89774.1569907495,43657.2995051301,0.198180446874889,0.0963754315862756,27542,13389,27524.9239833355,13512.6445700274
255,3,116136.780361453,47355.3889686639,0.256377111210469,0.104539128657159,33215,14026,33515.6390886503,13842.1795983648
256,3,119994.900290324,46286.5335677661,0.264894082655597,0.102179582791233,34191,14058,34216.8660734013,14083.068224936
257,3,99160.9679382758,45967.2464701056,0.2189022497931,0.101474742313563,28550,13561,28530.7284945628,13505.4196853181
258,3,94427.854392376,42602.7313309529,0.20845369099758,0.0940474254091748,31802,14360,31972.9930999856,14253.500844352
259,3,105188.987384063,43460.1855649624,0.232209370991239,0.0959402937909774,30838,13356,31164.8864383018,13350.3935761917
260,3,100919.805664639,39924.4401821452,0.222784962349532,0.0881349785032522,30301,11598,30141.4663980536,11756.4289885825
261,3,101944.518700531,52393.4293012275,0.225047061980191,0.11566082690473,30377,15912,30408.8911849195,16032.2280258113
262,3,93141.5761129468,42871.2347972663,0.205614174451087,0.094640158760566,28373,13221,28404.8404463682,13370.8437795423
263,3,98941.566352751,41364.491567115,0.218417911028784,0.0913139560237598,32199,12892,32255.2283641033,12879.703311863
264,3,77541.4441104486,37330.1682092817,0.171176188785781,0.0824080076674238,22990,10785,22755.9680387652,10765.9121756896
265,3,99391.4012641169,39352.8066562073,0.219410941615121,0.0868730720547101,28294,11546,28329.0759977326,11560.7847722036
266,3,90146.9507626391,41969.9044948739,0.199003405717185,0.0926504320051433,27206,12111,26917.3914414959,12285.8816368791
267,3,115051.139629487,51509.7075339346,0.253980510979194,0.113709971774192,35542,15930,35599.8009246141,15969.7289610497
268,3,101107.022143575,47096.7874042845,0.223198251058683,0.103968254194963,29390,13739,29252.3906797205,13923.7809678647
269,3,94811.7050235819,47038.035630429,0.209301058348893,0.103838557039482,28275,13711,28433.9887040099,13638.6940303277
270,3,102244.984593887,46805.2840740936,0.225710353811738,0.103324747620474,32145,14463,32054.5469247749,14640.8308305162
271,3,95505.3009397274,39682.4461587143,0.210832202201645,0.087600765926803,30325,11889,30458.2081189525,11830.5046785754
272,3,89127.1996227128,46669.0170818645,0.196752259692694,0.103023932170688,27068,14115,26961.7924846587,14287.9894771103
273,3,115171.165427189,49132.0369831087,0.254245473269261,0.108461158217162,34335,14460,34256.760991602,14746.4456565073
274,3,99924.8511077754,43836.0043709372,0.220588555885701,0.0967699305306435,29076,12959,29049.2208708813,13026.1464287506
275,3,115518.075019938,37758.4876088819,0.255011291634152,0.0833535418040096,34974,11324,34826.226857917,11369.5754424968
276,3,96006.2361103507,43277.5752097358,0.211938038884463,0.0955371733049057,29253,12456,29172.7569057448,12589.3394243305
277,3,84198.4589462074,34776.2769402653,0.185871845300154,0.076770179032445,25813,10648,25813.621755316,10621.1211371691
278,3,96158.880456757,49104.2465332704,0.212275008072454,0.108399809562355,30372,14395,30252.8935180598,14505.2456210778
279,3,110276.745655944,58814.2757147849,0.243440823802504,0.129835131116631,31695,16262,31598.7888908079,16312.9960413392
280,3,99532.2430168906,32678.244886306,0.219721856052404,0.0721386799023074,30122,9991,30123.758505896,9974.68894834057
281,3,94817.1790813192,38242.632793189,0.209313142574966,0.0844223138448119,31079,12080,31085.6555321138,12100.2428731157
282,3,109185.646592253,47504.4526226162,0.241032174061028,0.104868193307202,33921,14536,33872.9862089825,14653.6459181401
283,3,101133.99619536,46932.1889044308,0.223257797478454,0.103604895681228,29061,12568,29027.9449928142,12578.1386813727
284,3,81078.3181071938,46621.0966551841,0.17898399553898,0.102918145696136,25715,14086,25583.520111875,14115.4574175802
285,3,104944.002627438,46263.6013644848,0.231668556238163,0.102128958931912,30233,14024,30231.7168602606,13889.1250625922
286,3,98854.3451197451,48275.9375303533,0.218225366275221,0.106571280575271,30653,14859,30653.1203302712,14977.0801855094
287,3,128878.166185896,50289.1336918635,0.284504287461801,0.111015500697283,39467,15189,39337.3275290847,15292.5884201932
288,3,115254.626100772,44969.3294356321,0.254429716420538,0.0992717960485662,32995,13225,32840.3301845725,13322.7910028052
289,3,102111.098246298,46971.3579437303,0.225414793740944,0.103691363078664,30411,14058,30566.0032689313,13989.427553596
290,3,104837.015833156,42382.9489458655,0.231432378128434,0.0935622460128776,31211,12739,31119.3434441937,12786.5376815671
291,3,102695.406351679,39423.5392551979,0.226704679887678,0.0870292174148725,31321,11836,31353.2919205768,11843.0520389381
292,3,81027.0338794065,34829.4399491695,0.178870783323782,0.0768875387405727,24817,10791,24864.8011368882,10790.845838318
293,3,111019.097157667,46889.2179039012,0.245079597780242,0.103510035285173,31943,13844,32100.3444650063,13629.0893745688
294,3,94787.062155451,48971.9405022629,0.209246658120786,0.108107738110746,27660,13940,27703.6330094725,14024.6223294727
295,3,71437.3985349053,39532.4102956771,0.157701236522732,0.0872695550819376,21435,11857,21367.4147303874,11849.0933077587
296,3,101508.695474347,44230.0581054767,0.224084962812472,0.0976398216866449,32383,14425,32407.944682545,14370.8104287088
297,3,108672.610865593,47955.328421644,0.239899624862234,0.105863521699377,32392,14488,32502.0986043879,14273.8565674203
298,3,101901.621666116,39221.3071394718,0.224952364867626,0.0865827810192494,31114,12281,31220.7599114996,12318.5966087202
299,3,100438.063232863,39770.1892796541,0.221721494491874,0.0877944627712058,28746,12040,28617.848799932,12042.9355808773
300,3,99371.3773040834,44986.3582174868,0.219366737832199,0.0993093878423611,28597,13212,28528.9855156608,13173.0042552233
301,3,77077.8743034702,45281.2121117166,0.170152837806121,0.0999602909360797,24958,14079,25040.1038019306,14043.4925602291
302,3,93535.3986328694,39113.9731760814,0.206483555190532,0.086345836518264,28940,11873,29034.2726132812,11874.0222926201
303,3,93523.7072202999,45086.76294329,0.206457745876969,0.0995310357429932,27541,12644,27466.9612248062,12596.5273045913
304,3,105346.727760476,40234.0770807153,0.232557589892262,0.0888185157369563,32432,12559,32265.8965879055,12688.3066210708
305,3,102332.049701887,41054.5162692383,0.225902553912402,0.0906296717585262,29688,11866,29745.3342425706,11926.1784012492
306,3,92351.1848246083,51405.8301648714,0.203869350506429,0.113480657859016,28393,16524,28398.8713256778,16537.7042580301
307,3,96135.2372865959,33542.2987162523,0.212222814722105,0.0740461171858494,30715,10996,30791.6616445703,11117.7347088673
308,3,94852.3120190654,51464.8935128181,0.209390700098601,0.113611042828169,26851,15287,26814.7305777864,15244.4599491602
309,3,94098.3181526871,45917.0499356277,0.207726225082754,0.101363931229752,29315,14723,29339.4711220611,14784.1260691456
310,3,101896.750266561,46688.8036147367,0.224941611036312,0.103067611822586,28920,13758,29011.1473391916,13606.3143464999
311,3,96320.9379662464,37991.4557122498,0.212632757236875,0.0838678292602293,27778,11955,27980.3355158101,11810.6446766669
312,3,104770.753080896,47051.052047965,0.231286100153858,0.103867291360476,31996,14152,31850.5829683042,14194.194166236
313,3,100850.491018207,43997.9756961888,0.222631947182747,0.0971274894395239,30950,13355,30749.6909781157,13599.8027873349
314,3,95107.391713034,44137.4357528507,0.209953799875128,0.0974353537211488,29216,13439,29085.7560219191,13539.8798475859
315,3,103005.290480872,41485.6152107273,0.227388762893986,0.0915813418575324,30576,12838,30608.0561624672,12858.0697203741
316,3,94312.4624968235,49455.0371789364,0.208198958252736,0.109174195524284,28944,15154,28737.2371809098,15206.6987293057
317,3,99858.161168663,40502.629342396,0.220441334877135,0.0894113568062924,28089,11142,28021.3015138556,11183.3907169788
318,3,96456.3300350349,43790.2423929878,0.212931641254227,0.0966689089277245,29479,14234,29443.7444613191,14283.1383513395
319,3,124229.099441445,46021.4594132084,0.274241265720907,0.101594419798161,37243,13819,37199.46188109,13843.9020857911
320,3,104827.495194073,47215.9863091629,0.231411360893951,0.104231391082321,31977,14026,31870.79812367,14072.4951599617
321,3,96326.2730894632,42175.4287541742,0.212644534758811,0.0931041359542203,31126,13741,31013.7770613615,13841.6824417506
322,3,102219.727239953,52269.8210398858,0.225654597078874,0.115387956166744,30436,15414,30360.9931593333,15458.5476248573
323,3,102437.463237571,47245.3509722525,0.226135258983759,0.104296214882939,30924,14424,30829.251259871,14399.4139635663
324,3,94368.7720500514,51865.5504275792,0.208323264097493,0.114495510798379,29755,15702,29574.3199782523,15762.9768611541
325,3,105438.171241369,43591.0543253077,0.232759455445944,0.0962291924036356,29449,12017,29273.5432312256,12046.4640172017
326,3,103510.465139673,45218.9757926043,0.228503958435631,0.0998229014918681,31686,13713,31467.9311695879,13801.5360010308
327,3,106253.675234781,46872.8739785554,0.23455971680467,0.103473955342601,32569,14489,32528.2653053546,14447.2275710515
328,3,113407.690833737,49112.0718989202,0.25035252462237,0.108417084405288,32876,14601,32833.9134338891,14564.2600239442
329,3,101255.053817454,45113.9809505007,0.223525037566787,0.0995911207052238,29778,12943,29751.9268439344,12925.1327513729
330,3,110068.063722737,44513.5467556537,0.242980149147748,0.0982656354983172,32590,12720,32468.1617540356,12903.0374269145
331,3,115535.58432345,48460.3610901963,0.255049944200891,0.106978403791229,33113,14733,33125.3463868485,14747.0907285124
332,3,112718.510123325,50339.2351015059,0.248831127532771,0.111126101788786,36226,15864,36214.7334383327,15826.1502002644
333,3,96770.9782577797,45856.2144258785,0.213626241209071,0.101229634134551,28748,13327,28880.6994363463,13235.8889748754
334,3,106652.120525634,46735.8181104823,0.235439302516675,0.103171398414282,32053,13526,32148.7323594077,13547.3509478814
335,3,108013.716951155,40690.5664348036,0.238445087222632,0.0898262363017527,32973,12517,32967.8185090272,12498.3265674263
336,3,84678.9488872421,44180.4271555289,0.186932548228759,0.0975302591558546,27260,14139,27239.450840907,14222.0606317819
337,3,108193.107767344,49873.6166926076,0.238841100432996,0.110098228429216,31436,14807,31546.9106960773,14837.0603043084
338,3,80261.0562240217,39442.3586095143,0.177179853560376,0.0870707619770643,27377,13693,27562.6891532274,13471.2288188307
339,3,97731.6489648086,43882.8993474861,0.21574696454862,0.0968734532783937,30123,13256,30256.1366416502,13194.7501450202
340,3,90747.9552067453,45745.9360271093,0.20033014977471,0.100986189661427,26916,13318,26893.0845841936,13324.54853965
341,3,96592.365521078,36848.7873375493,0.213231945643804,0.0813453379696535,29023,11084,29060.8474079666,11000.4194770182
342,3,92593.5096587221,41732.543525797,0.204404293362183,0.0921264471023706,27719,12346,27618.001614158,12221.1134041604
343,3,90336.7118615734,44618.2842398395,0.199422311788229,0.0984968481559045,27945,13603,28009.993427071,13669.2388885391
344,3,88871.7055855168,50361.5525027377,0.196188245235052,0.111175368445221,26482,14072,26502.406372443,14075.7693385934
345,3,97971.1648309913,47101.2519752498,0.216275706482656,0.10397810993406,28239,13651,28036.3311778742,13862.2530132658
346,3,102983.731046654,51311.0977413884,0.227341169483466,0.113271531818196,29286,14368,29250.7402523072,14377.3593770529
347,3,91297.1202792906,50262.4111180265,0.201542456112449,0.110956509426274,28470,15934,28678.3507543924,15762.4136076574
348,3,98677.8274546132,44265.396986342,0.217835695673683,0.0977178338388803,30307,13635,30239.5231154863,13645.893123172
349,3,92447.3467541249,33920.5169849441,0.204081632245437,0.0748810508462492,29058,10866,29140.5181818951,10771.8390332213
350,3,116164.345628094,46695.1835218511,0.256437962763348,0.103081695751473,35795,14288,35922.3371328417,14280.5416877516
351,3,93790.7974695429,38242.76726344,0.207047359488783,0.0844226106938753,28103,11836,28104.877186503,11837.4550391548
352,3,105856.235504735,45426.8185541201,0.233682350912896,0.100281723637769,31478,13534,31728.8352108886,13406.7338125159
353,3,98450.3837363845,46315.1184504746,0.217333603543516,0.102242685191956,28574,13543,28462.782776271,13576.4068100014
354,3,79300.8285228715,38351.7465930511,0.17506010817602,0.0846631874140186,24672,11462,24628.4927897392,11562.9823754808
355,3,98813.191938379,55250.208032503,0.21813451879587,0.121967293092379,29333,16365,29307.3546665783,16222.9839508844
356,3,113210.339953329,45000.0693031138,0.249916863770947,0.0993396556740821,32719,13194,32911.0632917565,13185.3574068132
357,3,91036.9726293359,40873.8052716271,0.200968168597538,0.0902307441889196,28591,12651,28670.1775546782,12611.0176487957
358,3,92609.0521466833,47693.3712404723,0.204438604096062,0.105285239563772,28365,14214,28154.0466952982,14308.1894994868
359,3,109881.394473407,34338.6594748107,0.242568068472306,0.0758041190016836,34018,10575,34152.2613685981,10607.5466481684
360,3,102938.628590732,43721.2727625456,0.227241603804773,0.0965166553990922,32379,12843,32331.2104996412,12840.6724920167
361,3,89173.3433017515,44441.8720962801,0.196854123917755,0.0981074104979339,26310,12773,26147.5976441609,12953.4070774398
362,3,99240.9570793248,41465.4716694711,0.21907882938181,0.0915368740937393,28797,12082,28793.675009618,12032.7109524904
363,3,85550.0309242182,43885.3719844816,0.188855500592104,0.0968789117346038,25773,13247,25673.6836067986,13200.4627648115
364,3,111399.539245143,49255.5468127336,0.245919440619576,0.108733811662753,33083,14898,32984.8151725456,14688.6933869077
365,3,112196.06430809,43920.5490983817,0.247677805144661,0.096956566779064,33889,13300,33912.4990171044,13367.776990823
366,3,111672.239939452,45794.1136141189,0.246521439538561,0.101092543828851,33839,13782,33791.4770289238,13899.4333293605
367,3,110874.775517724,44627.5585285265,0.244761001337163,0.0985173215609249,33391,12819,33335.0110998873,12781.048478078
368,3,103219.098703178,50315.6682382926,0.227860754060067,0.111074076889421,29566,15252,29628.1814649818,15159.3176174795
369,3,108277.826076032,43482.6348877546,0.239028119869738,0.0959898516701279,32737,12719,32649.3692908148,12871.6930823274
370,3,108661.15669146,43634.4146512486,0.239874339263078,0.0963249122528624,32211,12780,32068.0879060497,12803.8254120577
371,3,82290.2525676625,40748.906697695,0.181659394796514,0.0899550250284664,25670,12953,25803.8876879928,12842.0090768967
372,3,77812.0082701808,34478.1575617172,0.171773471209604,0.0761120672367663,24597,11022,24784.4900656606,10952.2360331955
373,3,114815.628165274,41217.2430102641,0.253460608940718,0.0909888982813475,33116,12010,33101.3212845906,12102.1631894402
374,3,90567.8403172162,35758.7349288118,0.199932538140224,0.0789389987655671,27224,11001,27194.7804726173,10894.0204325561
375,3,78938.2253250309,35822.5742253565,0.174259645479459,0.0790799268537999,25722,11535,25736.2690720487,11415.9758833506
376,3,90684.1864548622,43077.4377003757,0.200189377416957,0.0950953608460539,29440,13530,29405.5226616943,13589.8536128529
377,3,85395.3047765492,35107.0839042741,0.188513935735177,0.0775004501277597,26243,10803,26201.3178102871,10768.6468249446
378,3,90441.5752188133,36909.2899386788,0.199653802316185,0.0814789001542605,27658,11140,27718.6041526934,11126.2896192664
379,3,112380.72835191,54178.0155259518,0.248085459239699,0.119600380417208,33694,15922,33554.7509104343,15952.6656078948
380,3,95484.3799755573,48205.2531978875,0.21078601824217,0.106415241765611,27910,14641,27923.1590550137,14480.7357195358
381,3,97896.5990553148,41742.155557822,0.216111099214368,0.0921476660908404,29393,12822,29495.7835773989,12745.6882111372
382,3,100669.227550057,42900.9357017105,0.22223180000984,0.0947057248289385,30975,13141,30899.6469738649,13116.7280119841
383,3,105406.564326448,57309.8868309231,0.232689681774619,0.126514125704037,31105,16644,31129.4303004487,16518.3844830283
384,3,105519.112565629,40767.8003592006,0.232938137021469,0.0899967336270853,30760,11782,30871.472626228,11867.4331177155
385,3,116184.379728797,46048.6127058316,0.256482188932249,0.101654361900059,33631,13392,33545.9534526991,13366.7388756184
386,3,102946.398301128,41428.6870201141,0.227258755786257,0.091455670343216,31893,12876,31946.4394149962,12763.1909924294
387,3,94990.1377429287,40041.3960511265,0.209694956517839,0.0883931637890438,29918,12460,30150.5607941964,12367.2085003561
388,3,88206.6669354405,38172.7009911362,0.194720142818064,0.0842679362795285,26762,11723,26686.8550762911,11785.0804861868
389,3,105541.246253443,45875.5686914511,0.232986998122358,0.101272359537147,32312,13725,32329.8669107751,13642.1888625851
390,3,84916.3075184123,42169.1718684897,0.187456527970499,0.0930903236006147,25838,13072,25752.239063214,13135.8548552735
391,3,84027.4264605391,48148.6551672895,0.185494283476395,0.106290299094221,23938,13718,23990.662532655,13835.3718988831
392,3,64068.4696435678,36233.8129898362,0.141433998047577,0.0799877547281986,17950,10352,18102.0157443042,10413.1380102131
393,3,93284.8723054982,40476.5754549174,0.205930507173412,0.0893538416901786,30226,13104,30261.5732291387,13126.9653314045
394,3,105399.418630088,48467.8904938124,0.232673907331891,0.106995025284801,31576,14836,31461.524665357,14675.7932644753
395,3,101661.221126031,48343.9920508284,0.22442166997658,0.106721513957925,30228,14229,30043.6413279253,14218.4102389389
396,3,111607.171692241,51139.8200204882,0.246377798487039,0.112893428626749,31435,14956,31439.2825279797,14900.753401314
397,3,87286.7096610841,34878.1861218443,0.192689296193054,0.0769951480861567,27084,10970,27228.6061722528,10961.7542339758
398,3,104909.79648664,43699.5742171884,0.231593044660039,0.096468754894542,31453,13080,31320.518988574,13021.7600584794
399,3,80523.7984361286,46656.0830980814,0.177759868686707,0.102995379825872,24822,14351,24736.5503082141,14303.0979268906
400,3,95737.4245532136,39670.0446055198,0.211344625408867,0.0875733889462062,29267,12743,29051.1107810868,12754.0283175033
401,3,89370.3154724524,44109.9078698017,0.197288948750645,0.0973745846942147,28974,13685,28792.5221280118,13874.6050853367
402,3,94032.0195683993,37202.2123568403,0.20757986800738,0.0821255394285998,28794,11089,28822.1459481256,11170.2298524996
403,3,109906.508734825,49788.3764847976,0.242623509322074,0.109910056876937,31486,14295,31274.80587705,14403.3659659567
404,3,82533.4420478713,39405.4935650963,0.182196246397003,0.086989380750866,24736,11875,24706.4990634737,11947.8295140268
405,3,107124.661673997,39374.0084127137,0.236482458131704,0.0869198758757632,32186,11661,32163.3715515469,11649.0067172338
406,3,103490.814733262,41806.8701829204,0.228460579288954,0.0922905265058111,31404,12302,31254.2899118181,12443.0526611688
407,3,103741.219604775,38062.6593995792,0.229013359186862,0.0840250145688647,32313,12310,32390.6979241818,12309.3576666587
408,3,106800.716887045,40672.0256377818,0.235767335597638,0.0897853066671858,30657,11938,30930.4706295652,11762.192583488
409,3,116816.473490186,45857.3779501925,0.257877564041277,0.101232202666256,34172,13189,34163.1076099561,13118.3976640383
410,3,100231.164533422,43648.5148480669,0.221264756405018,0.0963560390648553,32063,13341,32038.271185883,13449.7601403732
411,3,114397.18331794,47998.8838582318,0.252536873317718,0.10595967226404,31692,13544,31860.440886685,13467.8004052632
412,3,90731.750364038,55802.742072671,0.200294376863252,0.123187036576079,25498,14846,25359.6376166679,15059.7280723246
413,3,98142.9578605818,40008.3351833058,0.216654947240971,0.0883201804519855,30163,12672,30142.3713506812,12660.0308698517
414,3,70541.1976146333,45989.2647076261,0.155722833106618,0.101523348552792,23403,15329,23571.8645234105,15272.1739903824
415,3,97890.2733604897,42368.0839349286,0.216097134961522,0.0935294308396805,31627,13132,31519.5947768862,13231.9384365965
416,3,102641.239187729,49411.4665739164,0.226585103462598,0.109078011474632,29696,14607,29463.8619983089,14723.0330897485
417,3,96941.5724497353,46431.2664545358,0.214002835479954,0.102499087079983,29903,14259,29859.4849127982,14248.0104711647
418,3,91149.6448351379,48543.0819696407,0.201216897506221,0.10716101381402,27085,13997,27165.7101380936,14071.048816209
419,3,105895.91658891,44885.0054320761,0.233769948672185,0.0990856470579527,31586,13228,31469.0963606453,13425.4978896928
420,3,91975.0357736615,38670.1869808839,0.20303898473629,0.0853661587420614,28606,12301,28624.319665916,12207.7810867922
421,3,88401.0569836343,43138.5893759598,0.195149267500606,0.095230355891406,25928,13019,26031.6822056613,12928.1464617428
422,3,104561.640716426,41284.3787301143,0.230824475302932,0.0911371033707313,30820,12497,30802.5267266514,12416.675868796
423,3,111216.345689096,48472.3227014402,0.245515032691739,0.10700480958039,33798,14262,33666.5977183668,14319.8700665802
424,3,105593.515493915,38146.5895807774,0.233102384796896,0.0842102941790967,31597,11375,31508.6116919105,11316.547986727
425,3,86719.9171883963,42597.6706357113,0.191438076585009,0.0940362536992073,25512,13210,25645.8570253029,12995.2679090414
426,3,108380.928383905,43737.4399079446,0.239255722802841,0.0965523450920647,30935,12225,30942.3669520397,12327.22269365
427,3,99526.0600776741,49808.3357856527,0.219708206938917,0.109954117921846,30984,14961,30901.9086065588,14967.7085679277
428,3,102349.849162395,40813.7333061162,0.225941847013622,0.0900981326516059,31321,12752,31409.3830685296,12832.8441275101
429,3,100108.264074946,35692.9982672265,0.22099344817336,0.0787938821595669,30593,11189,30510.2193812879,11179.6542957439
430,3,90884.2466903704,38981.5881732449,0.200631019290341,0.0860535907328273,27663,11379,27800.9095304267,11423.8167625506
431,3,100441.706871454,45607.9606312508,0.22172953798622,0.100681602834599,31075,13695,30946.5813098196,13785.5320970435
432,3,91070.8734489214,47090.0527571282,0.201043006165498,0.103953387161646,25944,13480,26013.5604991444,13623.2779367987
433,3,95410.2526692565,42364.6332183734,0.210622378914543,0.0935218132293141,29992,13374,29813.9656355341,13461.8520768556
434,3,109748.948249952,44543.1246529938,0.24227568753963,0.0983309300230331,33053,12899,32940.572624701,12934.0594275401
435,3,100136.251400322,44915.6314261063,0.221055231439677,0.0991532553027566,28059,12224,28007.8775015819,12296.2878869005
436,3,100665.693427352,45938.7660023767,0.222223998276684,0.101411870413554,29984,14430,30197.7705526013,14294.1928296834
437,3,110277.46735739,53004.4022427451,0.243442416990565,0.117009576863929,30708,15015,30676.4734857397,15002.122616978
438,3,114374.616289678,44645.5546554999,0.252487055598506,0.0985570488121202,33979,12674,34030.9013833587,12778.6518554944
439,3,98792.657671968,36305.4818467218,0.218089188488909,0.0801459669193314,30804,10898,30881.7027677686,10956.192131487
440,3,117554.074040118,56039.8797903794,0.259505850081499,0.12371052864152,35730,17315,35610.6960105647,17342.286487643
441,3,104724.761051848,36976.9685333779,0.2311845707029,0.0816283036640336,32533,11489,32455.3765374453,11471.1580819546
442,3,115101.089589593,42613.0333493143,0.254090777739105,0.0940701675731896,33545,12432,33701.241137408,12359.202311317
443,3,85407.3095236774,36159.5175206241,0.188540436748723,0.0798237441734603,24473,10666,24443.284935815,10627.7047679488
444,3,92155.1530867455,51520.1815652656,0.203436601720881,0.113733093664492,25650,15371,25589.5295601468,15377.4178016048
445,3,96916.8344149107,41583.9574891876,0.213948225167135,0.0917984368138678,30469,13218,30567.7724924161,12999.5259056776
446,3,115779.322629945,45048.7777849853,0.255588007359833,0.0994471818155404,34278,13557,34054.7138386418,13487.9444911121
447,3,95747.5920388776,46785.0485297855,0.211367070585965,0.103280076755849,27507,13405,27512.0432857494,13469.8653115227
448,3,102906.46643198,43171.7748603632,0.22717060440798,0.0953036143251167,30121,13182,30295.3081333571,13107.8536521767
449,3,89324.7944364808,36561.4424538226,0.197188459037866,0.0807110113508022,26407,11144,26559.6727767033,11014.0019118419
450,3,84300.899822494,45533.6586584878,0.186097988093596,0.100517577922983,24226,13460,24230.3980522142,13545.8942376989
451,3,102629.93648391,50978.5316936518,0.226560152240902,0.112537377467266,29483,14766,29276.394429899,14678.1204955665
452,3,103832.552462653,43781.0182885008,0.229214980535315,0.0966485463065591,31982,13876,32162.6636905069,13923.6297704866
453,3,105921.941289039,51614.6244590843,0.233827399355925,0.113941580555693,30579,14840,30414.6701668424,15005.123129188
454,3,104789.200644434,45362.1353760278,0.231326823971359,0.100138932643463,32540,14431,32489.4000731841,14350.0028201878
455,3,106695.666384104,39961.0674760291,0.235535431937218,0.0882158348845655,31852,12217,31882.1950944362,12183.1637252671
456,3,110715.493586611,44865.8988102009,0.244409379385532,0.0990434683398403,33851,14010,33850.623943082,14062.5781710972
457,3,101980.577957117,41604.541150828,0.22512666439389,0.0918438761629963,30291,12209,30304.5348961594,12093.8419831798
458,3,110463.122134164,40850.4407295081,0.243852258172692,0.0901791659223741,33446,13252,33509.7015167459,13173.8827132622
459,3,114202.690333235,48416.7905403721,0.252107521398248,0.106882219863424,35401,14319,35370.993016659,14289.7741820667
460,3,122504.41338279,45203.368060521,0.270433944490829,0.0997884467286863,35052,13164,34854.2261580994,13312.7938572398
461,3,111793.355417935,43758.0917918625,0.246788807347447,0.0965979350449069,30835,12394,30870.3046151278,12326.1775481183
462,3,99848.9168364415,37212.7531814207,0.220420927602345,0.082148808767971,31864,11803,31904.7529907366,11830.2225767757
463,3,95677.6888025444,46040.0346266983,0.211212756080779,0.101635425408613,28992,14028,28945.2397479298,13973.4774582032
464,3,103745.765068338,45158.3422122877,0.229023393499968,0.0996890501648765,30302,13578,30507.9292800683,13587.1592540218
465,3,106874.876296114,40311.5933547603,0.235931045793554,0.0889896363617024,31286,12350,31262.9637535496,12278.5895583078
466,3,100529.303617499,54179.0518572694,0.22192291170153,0.119602668164712,30183,16035,30146.3673917172,16094.752094609
467,3,100629.159344953,42979.5053472057,0.222143347663873,0.0948791708180403,31752,12829,31791.8606389222,12822.1087396738
468,3,94741.4994900089,48217.3179267939,0.209146076509097,0.106441875191601,28052,14691,28076.0740545523,14687.9968705059
469,3,107139.32485931,45136.8483124667,0.236514827765854,0.099641601424455,32183,13213,32468.0449970588,13099.8759533983
470,3,105165.33681507,57688.3856302051,0.23215716130764,0.127349678648199,29457,16500,29337.2467929582,16459.4042369485
471,3,90592.8507416598,43902.0190818809,0.199987749765249,0.0969156609429766,28516,13244,28517.5744859816,13224.4149464996
472,3,118122.966310139,47751.3642203778,0.260761705085607,0.105413261647839,34633,13842,34613.0821215873,13799.0401984645
473,3,96589.7306315774,45990.7793481994,0.213226129007968,0.101526692189265,27788,13478,27687.0565632172,13621.0550238268
474,3,110115.197978886,47643.7036263109,0.243084200115865,0.105175596095099,31824,14609,31946.1732450783,14553.7942587089
475,3,98292.2063768747,44999.4861744684,0.216984419982858,0.0993383683916457,30070,13568,30023.6587990372,13623.661336304
476,3,95086.8575809567,43171.7174308194,0.209908469864714,0.0953034875468428,28664,12718,28678.5013088913,12618.9257972086
477,3,99852.254470664,43356.7028597898,0.22042829557843,0.0957118511139044,30851,13019,30915.0472606602,13030.0022715388
478,3,100123.049660409,56148.2420416986,0.221026088011288,0.123949743133871,29303,15777,29066.9808620818,15900.0835226054
479,3,99400.0391050112,45434.8834378453,0.219430010033315,0.100299527227512,29201,13052,29332.6475263901,13004.7043014722
480,3,108658.974488337,47654.2113290073,0.239869521952567,0.105198792316437,32103,13934,32085.6841352251,13953.4285719029
481,3,100143.632277477,45644.8557925772,0.221071525054474,0.100763050545213,28923,13658,28980.2140371978,13531.7462752486
482,3,86615.476112227,42652.6390319042,0.191207518261309,0.0941575988801218,25095,12703,25074.857718807,12720.5832473346
483,3,83182.8329904909,40608.974754723,0.183629805803394,0.0896461190368108,25859,12157,25824.0878873663,12217.0643591823
484,3,99636.4581064622,34379.9022876202,0.219951915500632,0.0758951643464349,32583,10926,32456.3849317725,10960.8853264412
485,3,97729.5290708277,36598.3933897113,0.215742284788314,0.0807925821862445,30965,11575,30928.6790310917,11573.786466159
486,3,114190.263080843,40798.5147803864,0.252080087685529,0.0900645370787705,32741,12600,32709.2245841245,12495.0198582612
487,3,87327.7822924165,43385.3046055399,0.192779965854621,0.0957749907405426,27749,13392,27740.3055430121,13369.4622644667
488,3,98840.0607511219,45397.142884728,0.218193832895773,0.100216213276897,28858,13388,28784.2100995774,13368.8541304476
489,3,105814.145921548,36706.8401131533,0.233589436284853,0.0810319831545664,30025,10097,29824.0647838762,10213.0027355053
490,3,101333.910284751,45556.8660008236,0.22369911672778,0.100568809164011,29741,13876,30097.8477696026,13720.4548325574
491,3,88374.8962383029,42075.9287026393,0.195091516491026,0.0928844851622971,26195,12159,26108.8860378297,12243.7232458377
492,3,109330.467095495,47735.8617076093,0.241351871767041,0.105379039160977,32156,14216,32161.0639919524,14135.5558713059
493,3,110252.135516214,41228.6134973727,0.243386495823797,0.0910139991376729,32987,12418,32827.5420981193,12410.2101417754
494,3,94550.8104358548,41356.5066047078,0.208725121935608,0.0912963288638824,30100,13128,29896.96359872,13115.2398602952
495,3,98614.2848550337,49558.0377958228,0.217695422557206,0.10940157397001,28752,14939,28784.7807566448,15015.4579778236
496,3,116335.246931175,46567.5000045497,0.256815234995707,0.10279982870459,33999,13280,33937.4631424919,13461.3445109055
497,3,106369.202347508,43290.3573361008,0.234814748047445,0.0955653904177134,30644,12847,30560.702074604,12873.8119899392
498,3,103363.381667308,41970.651272113,0.228179265124568,0.0926520805491334,30676,13024,30822.3143802533,12868.2568877627
499,3,111865.183327921,48096.0198956404,0.246947370655377,0.106174104389571,32178,13713,32227.1629249682,13610.9761731463
500,3,111644.74107193,51114.5419020117,0.246460734564694,0.112837626055232,34269,15806,34316.9201521509,15851.8557084922
501,3,111697.435454286,45133.312321451,0.246577059758861,0.0996337955669216,32319,12967,32458.9273220387,12914.194860295
502,3,98334.6921947656,43198.1382214195,0.217078209316645,0.0953618126179259,29030,12710,29154.749670669,12701.4769265456
503,3,105371.685902969,37828.7045321511,0.232612686102556,0.0835085487870671,30812,10651,30706.2233513492,10697.7282422785
504,3,107863.216582849,44149.7246898095,0.238112850961714,0.0974624820963936,32651,13355,32761.5405762085,13394.373318761
505,3,104463.674684803,46605.7555573112,0.230608210928236,0.10288427953984,29851,13694,30218.5084090251,13498.0673347514
506,3,104800.738519258,51753.6480958994,0.231352294343516,0.114248481421083,31731,15581,31468.8157446244,15717.3235145551
507,3,92896.4104909374,40423.4215730283,0.205072960429626,0.0892365021303429,26958,12391,27159.8007621858,12285.6637563179
508,3,104876.140443168,47990.2138857596,0.231518747446242,0.105940532913958,32327,14619,32275.696681685,14633.1228991766
509,3,112893.867415626,51539.0772333788,0.249218236559643,0.113774806692787,33028,14752,33068.5917227754,14622.1870647568
510,3,95379.9392087728,37590.8050430082,0.210555460601452,0.0829833750772822,27235,11136,27317.9111519454,11106.3314814078
511,3,98526.7393898051,48526.2065150729,0.217502162046582,0.107123760497035,32933,14497,32895.2066664494,14550.0382054839
512,3,102373.361548844,49145.1677681518,0.225993751653107,0.108490145009519,30785,14335,30771.9600059122,14275.963218571
513,3,92293.3998464648,37634.877611172,0.203741787595509,0.0830806672329136,27777,11420,27750.3125288088,11371.9787166637
514,3,100578.249437794,47339.9517432316,0.22203096177812,0.104505050294998,30157,14305,29998.7439893328,14362.1216171446
515,3,103224.152216056,51481.4895741037,0.227871909914647,0.11364767937205,29645,15249,29549.1717966431,15259.9674760305
516,3,114458.139998098,45904.4482584182,0.252671437901988,0.101336112466486,33834,14148,33736.2953741059,14236.848662355
517,3,109116.40130602,55648.0545992434,0.240879312009968,0.122845557094261,32395,16316,32328.1621287828,16324.530409537
518,3,71174.0708326671,39412.4815292092,0.157119928900879,0.0870048069926383,23326,13572,23363.3120930552,13709.250240106
519,3,94438.8213211272,38665.5132584414,0.208477900980872,0.0853558412917698,26819,11585,26527.399756362,11650.7487613187
520,3,96482.1279010914,48144.0142351702,0.212988591191658,0.106280054030028,28102,14771,28320.9492478696,14813.380545525
521,3,104434.810261912,46627.5347596708,0.230544491430118,0.102932358098312,28479,12903,28702.6320912484,12857.0844192891
522,3,115309.454693547,48348.8123718965,0.254550752979185,0.106732155031207,34415,14833,34403.6003626179,14732.3636405979
523,3,108410.822305826,43766.6780156978,0.239321714965885,0.0966168895161455,31565,12614,31641.8988859006,12623.9473884427
524,3,91642.1976064055,36587.1485399927,0.20230422966941,0.0807677586800489,29125,11633,29059.6873067402,11809.8120875485
525,3,105888.486211516,52922.1532180588,0.233753545783404,0.116828008481516,31178,15685,31191.613674842,15690.5559483293
526,3,85766.7004047327,42334.0986506855,0.189333808113019,0.0934544068122295,28561,14089,28363.6625738899,14159.1958365302
527,3,91115.2459044042,39417.2430089792,0.201140960335733,0.087015318171136,27459,12217,27304.5064659094,12237.0393966929
528,3,100780.464098027,50981.2050355984,0.222477359639965,0.112543278988588,29354,15256,29203.1195783027,15440.6589681693
529,3,109585.080802407,49353.0347136142,0.241913942856401,0.108949020542557,31592,14104,31792.1875603175,14034.6469481195
530,3,87730.4791637233,47832.7996734399,0.193668937119691,0.105593034034685,27035,14075,27019.7285733491,14129.035608251
531,3,95219.7192976479,45216.6786475452,0.210201768017201,0.0998178304419177,27352,13527,27467.6729002883,13313.6534749216
532,3,118366.754174083,47975.6230193163,0.261299877644822,0.105908322926931,36305,14503,36155.1454594332,14505.619104844
533,3,121693.081931799,47033.1504768939,0.268642894205194,0.103827772845644,35459,14361,35544.5404431129,14294.7193438219
534,3,94879.1236621102,39691.7108878643,0.20944988799385,0.0876212182287199,27922,11723,27805.3483661044,11823.2363803246
535,3,125597.44643726,46136.2163854104,0.277261952611215,0.101847750921452,36217,13619,36209.881242888,13579.8456481922
536,3,83275.8902703065,36545.1692208568,0.183835233890017,0.0806750874648048,24676,10756,24601.6726564363,10701.2555322964
537,3,101150.811928496,49403.3636836836,0.223294918957722,0.109060123983831,29252,14234,29125.8166583782,14282.6602892689
538,3,93816.6302467089,40838.1557932822,0.207104386494042,0.0901520463789254,28636,12587,28638.1256552208,12416.6103324298
539,3,84880.488412623,43300.0591435118,0.187377455700372,0.0955868075893432,26402,13523,26432.447435478,13464.5472977537
540,3,95948.6952871121,42358.5797295793,0.211811014956361,0.0935084498833959,29973,13275,30145.0090243485,13223.3389100002
541,3,99308.4751540302,46920.7789538935,0.219227878536553,0.103579707707627,29822,14634,30027.6258985131,14632.8166913113
542,3,105735.14972971,46045.2823426269,0.233415048675716,0.10164700997507,31320,13229,31180.2283593798,13219.0359166169
543,3,96017.7760039378,40359.0687716061,0.211963513713129,0.08909444045724,29375,12660,29510.2558749973,12591.5022380489
544,3,90923.7020496944,39065.010925422,0.200718118751975,0.0862377501709126,27649,11984,27435.2942525399,11941.4567338401
545,3,97891.5420256193,36468.0275905657,0.216099935596256,0.0805047938828185,29369,10624,29567.1087176446,10720.9273196244
546,3,93355.9752999887,38315.9373356642,0.206087470198124,0.0845841368846783,28820,11468,28721.8749822088,11435.4456802899
547,3,110079.69146815,41539.2348387397,0.24300581791323,0.0916997095726628,32652,12500,32618.6051615452,12524.4152993168
548,3,83139.1843300113,42729.4096646535,0.183533449442841,0.0943270734685238,27333,14323,27270.2493754683,14332.5768504598
549,3,117982.196102945,53542.2707021733,0.260450948588375,0.118196945425467,35206,16161,35128.8357782924,16292.5602341867
550,3,99750.9108024482,38483.6524217071,0.220204574920635,0.0849543754011264,32398,12074,32376.3300744887,12043.062601931
551,3,93424.9487674353,41616.3799424107,0.206239732197115,0.0918700108222898,29738,13433,29793.6178927446,13464.9977207676
552,3,107028.787542192,47886.1264895153,0.236270811718952,0.105710755354433,31071,13701,31063.7094933912,13713.6931498023
553,3,113003.495650468,50808.4186831718,0.249460245766963,0.112161845425906,31608,14580,31623.04678712,14590.760636006
554,3,100961.008481937,42922.4948048391,0.22287591940241,0.0947533175085633,31303,13614,31222.5217933819,13640.4040591467
555,3,86900.959544396,44518.2504391566,0.191837735643005,0.0982760190889831,25743,14006,25914.9867129285,13865.9381126865
556,3,119938.637871703,43143.130497974,0.264769880862582,0.095240380620351,35878,12773,35807.1458879949,12668.5271840466
557,3,102482.798747166,51815.4075293881,0.226235339138806,0.114384818119058,29809,14929,29884.084399722,14869.6885355743
558,3,105118.714620648,42923.3384694568,0.232054240738574,0.0947551799357534,30668,12284,30839.5096104763,12096.4788473235
559,3,102563.930056146,35412.1005576777,0.226414440114054,0.0781737879646388,31532,10782,31654.4217301937,10764.1712979896
560,3,99949.1445146485,53200.6686043442,0.220642184662529,0.117442843591817,29008,15190,28971.4668883848,15319.5654248888
561,3,100976.137357423,39508.4189719119,0.222909317068344,0.0872165931670137,32260,11847,32182.3781034888,11882.7330323837
562,3,99437.9104200501,50985.2293270209,0.219513612646692,0.112552162791001,32228,16328,32203.378890563,16358.3394285851
563,3,90063.1159787819,37479.645849683,0.198818336700829,0.0827379862109771,27908,11636,27918.9296998816,11574.7680511381
564,3,105657.400125079,43538.8648902899,0.233243412963318,0.0961139819031901,29730,12267,29772.9422576637,12259.8632662413
565,3,94075.3311611455,46451.0555028597,0.207675480275911,0.102542772284852,30133,13850,30097.7564276051,14015.2726831902
566,3,92202.9446942272,45391.9271575,0.20354210382132,0.10020469932692,25376,12904,25360.7355849714,12887.4979859911
567,3,102035.286942417,41567.3843598582,0.225247436913714,0.091761850893301,31640,12816,31577.3876385059,12854.9167364065
568,3,89303.2794010233,46205.8264880923,0.197140963639586,0.102001418321057,27124,13781,27149.4826522734,13687.6170020917
569,3,105684.038193123,44445.3960405622,0.233302217684028,0.0981151897617667,33171,13337,33005.7407296299,13305.9210537875
570,3,94310.3562363987,48385.4387591475,0.208194308589111,0.106813009411088,28238,14281,28103.9991503869,14433.8226060283
571,3,80140.6680403232,31396.9303506519,0.176914091287094,0.0693101210411044,25917,9885,25755.986795276,9951.97096605031
572,3,90114.1241584822,44720.6620237511,0.19893093952759,0.0987228516701202,25967,12985,25939.5142971571,12911.2668121864
573,3,90653.9747198205,40357.5932303817,0.200122683667306,0.0890911831343197,28570,12877,28629.3749559061,12866.8733766867
574,3,85286.5660937904,37022.3029478494,0.18827389025367,0.0817283814015466,22982,10489,23059.0951447934,10426.9604401375
575,3,100355.138795285,42427.0289080537,0.221538435105444,0.093659554491147,31457,13620,31275.4047863636,13664.6442660303
576,3,95874.9389502603,47819.4868437735,0.211648194560302,0.105563645370721,29101,14923,29353.7057750681,14713.0616668677
577,3,90462.4458607484,37584.0584440149,0.199699875187086,0.0829684816597532,28826,11775,28777.6186868771,11867.0204365497
578,3,92128.4903047966,41324.4443322976,0.203377742443126,0.0912255499706343,27486,12479,27483.0797938327,12499.9729638308
579,3,88312.4423512427,40158.1723969561,0.194953646755887,0.0886509527694884,28298,12893,28131.7319600966,13125.2691668857
580,3,117176.754800944,34237.2127040648,0.25867290106877,0.0755801707404651,36177,11046,36246.4303676595,11063.1371608148
581,3,96816.8241226851,49255.6738731829,0.213727447996179,0.108734092154349,28728,14618,28568.5755998094,14693.8358671565
582,3,98742.1843056125,43005.602174511,0.217977766286408,0.0949367807257324,27789,12094,27786.2671574028,12187.159307723
583,3,92663.2344396346,33471.7262307293,0.204558213919086,0.0738903252832925,30628,11101,30644.2644123327,10959.9564913097
584,3,101847.048555412,43733.8039247897,0.224831892297021,0.0965443184974341,31693,13692,31988.5934320267,13667.6793568734
585,3,103964.087982752,48165.6990060973,0.229505351049803,0.10632792412691,31490,14433,31466.7833478955,14401.1305053195
586,3,102325.212527795,38799.4725125473,0.225887460546311,0.0856515623069443,32527,12551,32746.3287497662,12397.8619846698
587,3,97687.6608237702,51171.7884853765,0.215649858769626,0.112964000435717,27616,14623,27710.5423662483,14511.241098168
588,3,112825.813663454,44418.0246423872,0.249068004873053,0.0980547661821559,34221,12733,34292.7292845464,12645.3298025395
589,3,90722.9120532859,41423.3083448049,0.200274865898925,0.0914437966780978,29421,13439,29434.1625030557,13558.0717985699
590,3,106530.527826092,40494.9285513196,0.235170881221063,0.0893943569672744,30366,11115,30300.7138859821,11136.0740995899
591,3,104953.21655192,43337.5612450442,0.231688896386514,0.0956695951474733,32425,13664,32533.5979464591,13642.7332038269
592,3,102355.721716332,39920.3675619769,0.225954810937792,0.0881259880129823,32922,12804,32884.6751084394,12736.6632094708
593,3,97091.468914928,47642.5411008979,0.214333738597874,0.105173029768512,29587,15002,29696.9491185789,14845.6772383143
594,3,113232.630931556,44322.5736928951,0.249966072097423,0.0978440539631938,34549,13543,34567.8416215135,13718.6458342729
595,3,97961.8880629454,39425.7091675247,0.216255227604341,0.0870340075929039,30393,12288,30335.4568874908,12245.369823846
596,3,111885.628623144,50401.951477911,0.246992504554483,0.111264550980836,32914,15209,33050.9149453526,15194.7525611775
597,3,94763.4220474148,46966.831153495,0.209194471530214,0.103681369987759,27579,13331,27687.8961183323,13342.3087604884
598,3,92616.0083455871,42826.2854042686,0.204453960214721,0.0945409309750914,26455,12686,26553.6701404564,12573.0789640533
599,3,86710.0195781636,39645.7103677072,0.191416227169936,0.0875196700332615,25133,11413,25144.3306783994,11361.729266828
600,3,84632.1947846446,35708.2027984313,0.186829336466526,0.0788274468388653,26516,11137,26497.4077800681,11247.6735349572
601,3,105883.257686774,41460.0568303217,0.233742003582345,0.0915249205953345,32212,12393,32193.3869895864,12325.0872556549
602,3,100935.485267859,48751.7109273749,0.222819575771447,0.107621571523062,31869,15632,31848.2420632195,15719.0997913736
603,3,97286.2588242672,48792.153985301,0.214763745991689,0.107710851373316,28843,14507,28939.3631285079,14565.1543682288
604,3,106967.769284663,45680.7521300496,0.236136111199895,0.100842293307718,31815,13211,31920.023774756,13240.1141114452
605,3,101995.522231209,44621.1944510407,0.225159654544029,0.0985032725766475,30465,12676,30436.7794861815,12627.2239531568
606,3,91186.1251809186,37501.7147460874,0.201297429493056,0.0827867042819463,28036,11342,28047.5206133885,11384.4386981527
607,3,103387.452371784,42554.3031983826,0.228232402275944,0.0939405181512756,30088,12514,29945.0979463228,12464.9658511311
608,3,102541.811051068,42137.8667917929,0.226365611425958,0.0930212162506024,31462,12436,31160.6208731046,12521.8280423182
609,3,106593.189763917,44070.0128669558,0.235309210237524,0.0972865146999413,28522,12105,28355.8185478937,12217.3965469536
610,3,96500.8658717209,48671.2824587209,0.213029956095739,0.107444022099112,26499,13592,26702.6320527016,13515.5781260579
611,3,102441.938717927,42598.5916958316,0.226145138805822,0.0940382869804137,30812,13433,30741.3085700718,13256.2426334679
612,3,97188.024743148,49415.411350429,0.214546889885799,0.109086719744342,29237,14528,29213.091543273,14545.6297023989
613,3,103600.152123466,49301.0458410087,0.228701946443792,0.108834252792563,30605,15045,30536.3525266225,15176.521124209
614,3,109134.638573602,41850.0630876377,0.24091957158979,0.0923858767652358,32065,12610,32085.4002327239,12639.5077318027
615,3,101104.92693755,37858.6070189616,0.223193625798138,0.0835745598574845,31466,11718,31458.631382081,11668.7213027139
616,3,109336.962310908,35753.5954299287,0.241366210244128,0.0789276530930541,33505,10969,33344.8097056283,11041.7532722455
617,3,116417.436597587,46042.0142815047,0.256996672342088,0.101639795584701,31605,12714,31660.3289601665,12655.9184459009
618,3,87241.7591370043,45689.1519077855,0.192590065910666,0.100860836190894,26356,14099,26422.334078034,14107.3172034283
619,3,95714.8561359619,53176.5391987045,0.211294804623397,0.11738957685501,29487,16551,29443.5588749366,16557.7386176077
620,3,109136.540478332,47723.1410807404,0.240923770129123,0.105350957811044,32032,14474,32099.1695436453,14331.5647302452
621,3,101269.842868473,48499.6726517694,0.223557685055086,0.107065185812927,31795,15554,31809.7651662837,15610.338752011
622,3,103093.130732434,38139.4245871515,0.227582674158558,0.084194477136796,30203,11526,30460.9268465792,11235.5647745822
623,3,102831.233798387,40667.0056667381,0.227004525021163,0.0897742248576975,32478,12593,32397.4280103917,12504.4784063329
624,3,100735.220469096,40225.5788628292,0.222377482315573,0.0887997555427672,30703,12370,30758.8853767897,12459.025404976
625,3,103745.179858633,44467.4524224887,0.229022101623501,0.0981638802064689,31616,13483,31657.4025180809,13346.7923268391
626,3,80384.2633078619,43003.6204573535,0.177451838681173,0.0949324059969127,25988,13527,25843.063159606,13666.2762742114
627,3,99470.9929401855,38685.3772773852,0.219586643782198,0.0853996919976184,30919,12083,30939.1634316573,11978.036549883
628,3,85758.1476528415,38367.505331961,0.189314927532587,0.0846979755314906,27304,11770,27253.4140291526,11765.7470540048
629,3,106336.202556119,40009.6109012105,0.234741899539327,0.0883229966560348,32787,12536,32799.5618010891,12537.8797396689
630,3,95259.5429108037,39961.2107904,0.210289680415556,0.0882161512574173,29633,12792,29700.337145022,12602.6491584814
631,3,119504.633284603,46137.8263930819,0.263811796421576,0.101851305085039,32376,12939,32397.2765832604,12811.0026252216
632,3,90637.6958163885,43583.3879001043,0.200086747263503,0.0962122684288119,28892,13547,29071.5946557024,13494.7072906729
633,3,111678.215983153,42663.8128306272,0.246534631920989,0.0941822655380827,31534,11711,31522.2524517392,11702.4434736623
634,3,109921.237333766,47883.0184879618,0.24265602335972,0.105703894302685,34444,14547,34384.6355695008,14532.5126645533
635,3,89451.7332701308,41372.1610390982,0.197468682162446,0.0913308867244856,25902,11917,25607.4374874532,11902.2626938762
636,3,89650.8105079602,50865.8205336423,0.197908154024707,0.112288562565437,27833,15990,27786.2054997318,16072.3179232658
637,3,95735.9466633861,49974.2917511156,0.211341362901301,0.110320473101325,29458,16285,29630.8181353404,16005.3600461053
638,3,90824.665234469,35803.7465234131,0.20049949057482,0.0790383638638499,29667,11720,29543.2678384057,11799.5482958326
639,3,98304.3710750419,38708.4396849445,0.217011274095441,0.0854506032886774,30032,12192,30019.595280703,12164.2958256519
640,3,107196.684031386,41606.8553784526,0.23664145069093,0.0918489849234702,33408,13158,33316.7355924929,13185.1197578748
641,3,93734.5582833955,39876.5595848285,0.206923208982489,0.0880292799537927,27536,11925,27671.5483677057,11788.5689352741
642,3,98328.4098870271,34870.2068575461,0.217064340842724,0.0769775335051085,29705,11124,29758.2507727689,11034.3297439908
643,3,94157.5940312123,42057.8777072223,0.207857079222618,0.0928446367865708,28796,12543,28729.7848137771,12638.0021931022
644,3,88317.585240416,35649.6638760336,0.194964999912617,0.0786982195624506,27550,11149,27535.7298421565,11134.461973155
645,3,88860.6394761915,51816.9574085908,0.196163816306229,0.114388239546374,26017,15636,26154.7806536622,15431.4510220755
646,3,108508.079726957,43707.5548802723,0.239536415051385,0.0964863725634719,31753,13460,32009.8320907849,13280.4160380911
647,3,99632.7053188127,48044.6265695929,0.219943631054881,0.106060651335107,29377,14714,29419.6160022219,14817.1104347604
648,3,104520.512516286,45507.330683233,0.23073368297075,0.100459457745905,31418,13298,31108.4865171148,13532.7599009341
649,3,99198.0007419519,48171.584846949,0.218984001355326,0.106340917382534,29617,14952,29710.4364078858,14984.8243248458
650,3,102480.95547735,45417.9470854767,0.226231270038654,0.100262139475922,31040,13782,31001.9487154449,13826.1966182473
651,3,111780.982945519,45079.6327539515,0.246761494563963,0.0995152955327059,34232,13509,34198.1061391866,13520.3808108988
652,3,111502.558002939,47478.3101959506,0.246146859112169,0.104810482736893,31458,13384,31518.1320268105,13406.038386774
653,3,103583.475517186,34007.9601962306,0.228665132093252,0.0750740856267452,28789,9580,28728.4499636262,9593.83160309807
654,3,95610.8006434243,42220.4144746892,0.211065097492725,0.0932034439343062,29591,13146,29673.157550458,13065.6665789739
655,3,104467.622719234,46090.4060193977,0.230616926389946,0.10174662249973,31600,13336,31463.8515286056,13431.0388272498
656,3,102371.64031178,42755.5047351414,0.225989951945685,0.0943846794979634,30172,12544,30188.1419982533,12543.205003551
657,3,109854.277659473,47368.5248189903,0.242508206898737,0.104568126631354,33023,13734,33211.2660989055,13861.6835003721
658,3,111055.640488828,39922.6572180669,0.245160268810107,0.0881310425307,32624,12425,32757.7191285961,12303.5529385038
659,3,86667.548044599,36378.0390089048,0.191322469369435,0.0803061400839413,27566,11204,27600.6917366893,11275.0826765766
660,3,99657.5273921273,52533.0760875474,0.219998426886407,0.115969103400386,30527,16209,30195.9639267944,16546.500454687
661,3,98085.8784869611,45355.6448554004,0.216528941983437,0.100124604530324,29541,13687,29455.4728590538,13737.4468666948
662,3,105260.771104366,54724.7213834882,0.232367836748478,0.12080725792837,29315,15918,29303.6492112169,15747.0852241414
663,3,98517.1634593147,39963.0842898628,0.217481022753856,0.0882202870908599,30279,12627,30128.2305988759,12623.3294131687
664,3,98585.6391706048,49807.9995717302,0.217632185933979,0.109953375714649,28372,14805,28479.2347038042,14712.3247954501
665,3,105166.834373925,44471.9741230526,0.23216046723546,0.0981738620616978,30321,12762,30304.4077160033,12813.1510291491
666,3,105805.349155858,45383.0070487474,0.2335700170331,0.100185007789867,29437,12528,29274.899948671,12585.6962605754
667,3,117720.76445684,45944.0841651719,0.259873826594819,0.101423610494604,35169,13548,34987.6189980418,13570.0346942442
668,3,110517.392907167,52311.6466797175,0.243972063319367,0.115480288128085,32645,15707,32621.0416663671,15812.1040519572
669,3,103334.284455382,39059.1076496157,0.228115031734296,0.0862247184268502,31982,11928,32082.6642706092,12001.7881258721
670,3,93505.8096739623,45342.9013764387,0.206418236246915,0.100096472733379,26688,13451,26592.8248432691,13579.7136348511
671,3,112397.938746308,43560.68335627,0.248123451951266,0.0961621471378523,34118,13374,34075.0527746582,13452.2264417429
672,3,99010.6698455225,53744.9036123917,0.218570460064466,0.118644266592769,28876,15512,28918.129135403,15580.9351236497
673,3,98832.1290911875,44804.2825632677,0.218176323403476,0.0989074477325597,29784,12834,29859.1225338016,12599.4330470951
674,3,106414.218491309,45957.9155304545,0.234914123188289,0.101454143849018,33272,15110,33366.5731002546,15115.2298106542
675,3,87515.8279870864,38944.6186084442,0.193195085094409,0.0859719787732326,27759,12287,27572.9652360738,12485.2332838573
676,3,110828.975206791,45760.7981338698,0.244659895112477,0.101018998423526,32511,13373,32428.982783552,13568.4878657164
677,3,112844.465553619,51266.0001907775,0.249109179750677,0.113171976968197,33710,14898,33721.0587315965,14871.6248287744
678,3,102957.784314023,40339.869946304,0.227283890916447,0.0890520581959594,31342,12315,31436.8133017769,12404.4052169936
679,3,113302.981677445,52119.4099502501,0.25012137449987,0.115055916992464,34411,15393,34311.9639257897,15505.8123663922
680,3,101177.827629635,43982.7534288757,0.223354557320295,0.097093885606977,30676,14057,30782.6764820286,13994.1763037922
681,3,105242.194021793,43102.0981218673,0.232326827011941,0.0951497998239864,31851,13030,31942.5607619079,12782.8995067486
682,3,93660.3475823994,50989.103706853,0.20675938555736,0.112560715656906,26371,13461,26306.8346019511,13556.4087466264
683,3,94915.6142284744,50129.5950355479,0.209530442543079,0.110663312013342,29123,15861,29290.8091000989,15793.2470174661
684,3,103597.373906808,47227.8113027682,0.228695813406876,0.104257495281966,29936,14070,30029.7119918339,14101.5216349465
685,3,98324.1965810862,47812.5682951311,0.21705503978235,0.105548372366689,29421,14094,29534.4796219219,14042.4213291087
686,3,108237.589562531,48883.4591500003,0.238939295975495,0.107912411587843,31437,13809,31448.3438247012,13837.490254313
687,3,114442.561406656,47225.2566778869,0.252637047468069,0.104251855833849,33906,13417,34010.431288358,13369.6665564007
688,3,107979.791004589,49396.362937421,0.238370194185745,0.109044669524894,33187,14394,33066.6283857383,14491.8375808033
689,3,100089.140406717,49004.9915505361,0.220951231824661,0.108180699770716,28926,14213,28899.2979042108,14320.3782148905
690,3,97909.7411873755,40500.9737541088,0.21614011105577,0.0894077020214679,30211,12073,30065.612992129,12063.0177149697
691,3,94189.2344128862,41064.7783448798,0.20792692677329,0.0906523257472092,28642,12674,28665.005035467,12619.5519532076
692,3,107271.20123034,41874.3112528509,0.236805950723942,0.0924394056690866,32449,12997,32414.8918910222,13020.2345613148
693,3,92109.4021150986,46810.9513197315,0.203335604414865,0.103337258317435,30454,14863,30553.0053509651,14731.7539460022
694,3,108479.668717329,55434.1240110405,0.239473696483225,0.122373295800015,31060,15879,31078.4739878788,15977.6463367318
695,3,107934.18160783,45582.8024200904,0.238269509412594,0.100626064963819,32077,13807,32129.7912905236,13771.328101936
696,3,95954.066860569,48654.1041213344,0.211822872943825,0.107406100154825,29687,15547,29873.7969322836,15463.9827262243
697,3,108963.961021233,38055.8522562653,0.240542793297086,0.0840099874970536,31765,10718,31738.1333197786,10711.7862039754
698,3,95120.775950116,51449.39701563,0.20998334617414,0.113576833620969,29949,15542,29829.2654622898,15634.1762303752
699,3,115059.838651524,45303.2641014404,0.253999714457483,0.100008971684799,34164,13214,34327.1460051101,13125.2765402759
700,3,102738.013473551,46412.9083587857,0.226798737005403,0.102458560766605,30665,14629,30462.056060492,14485.7601702193
701,3,107197.924441334,48154.0155880816,0.236644188951094,0.106302132461681,32023,13744,32010.9895180645,13775.4695584595
702,3,111428.222636077,52093.1447403963,0.24598276048159,0.114997935372802,32446,15129,32426.4296513582,14974.0795371315
703,3,101166.863777184,50581.0670159376,0.223330354128073,0.111659956502405,27921,14547,27941.1139873256,14401.4359763131
704,3,103272.382633806,45991.0516476873,0.227978380708282,0.101527293302503,32911,14354,32875.0959444903,14348.1707719887
705,3,103757.224589037,46570.4183690308,0.229048690901908,0.102806271124061,33335,14761,33289.2267341801,14706.096225533
706,3,103232.23356542,46178.617744645,0.227889749853021,0.101941353808997,31102,13744,31182.9079508976,13780.3715492862
707,3,101019.532978448,45500.7306000021,0.223005114833039,0.100444887768442,32115,14648,32073.850754421,14629.0016915125
708,3,96580.2379786246,41874.1843262632,0.213205173554113,0.0924391254729955,30432,12800,30473.2562866867,12865.5106053733
709,3,110179.581613371,57204.9740803255,0.243226329854326,0.126282526138045,30302,16302,30375.2469403724,16235.0511349416
710,3,114457.499900514,44298.7016004332,0.252670024858087,0.0977913552566783,34435,13271,34232.681113106,13298.260324639
711,3,118204.845319421,45787.810749428,0.260942456642547,0.101078629974543,37476,14035,37243.1845083352,14092.8541860108
712,3,90376.1915619911,42177.9385819293,0.199509464983909,0.0931096765106874,28034,13107,28134.0486964817,13156.6470128056
713,3,92470.4423130583,42978.5675361336,0.204132616719629,0.0948771005583622,28896,13374,28815.0709177027,13366.8211270184
714,3,83962.3366856684,41699.4229148811,0.185350594901606,0.0920533318797708,27173,12453,27173.8501558362,12595.4874334464
715,3,93443.2905053085,44432.1696458062,0.206280222399752,0.0980859919067141,26735,12914,26678.5869758434,13005.022366692
716,3,103275.617935496,46922.5975208263,0.227985522780747,0.103583722275065,30336,14041,30251.9066722238,14041.627702969
717,3,107078.679505839,41896.474905023,0.2363809504491,0.0924883329176299,30114,11846,30047.1036862518,11926.1665291259
718,3,117877.673213781,54256.7099305667,0.260220209658848,0.119774101817619,35577,16947,35865.0392625636,16822.3926296142
719,3,99888.3894277343,41681.6277056944,0.220508065104316,0.0920140481635314,29093,12266,29070.763407556,12212.5897114185
720,3,112630.127166121,53090.8217842931,0.248636018221339,0.11720035184792,32572,15773,32476.504595657,15778.2493234291
721,3,90671.7984056485,46889.5860252669,0.200162030246999,0.103510847929471,27481,14351,27516.8098733445,14267.6196786546
722,3,99735.4196986202,45304.7094050445,0.220170377619517,0.100012162256827,30435,13646,30399.3064887086,13637.7154590543
723,3,101314.090058877,43024.244383055,0.223655362697082,0.0949779342307479,30320,12742,30361.8907528675,12787.1701489116
724,3,97078.2293827482,44114.3526373075,0.214304511741373,0.0973843967162942,28941,13463,28866.8746846673,13469.8990769452
725,3,107921.374520399,44322.4444417676,0.238241237197122,0.0978437686355777,32779,13459,32755.4893109247,13433.4202450233
726,3,93759.0223598482,38832.3139139732,0.20697721452001,0.0857240611621689,26698,10942,26618.0594992063,11089.2167682883
727,3,103636.317059411,47283.9880718674,0.228781782149379,0.104381507999849,31977,14690,32173.5691464734,14748.1976857939
728,3,98653.5402672603,44866.1072368868,0.217782080626723,0.0990439284510252,30612,13668,30478.8088743182,13742.3234058057
729,3,98253.1643462193,50870.3556742039,0.216898232962656,0.112298574090059,29547,15640,29458.5311768529,15709.6453021321
730,3,105982.662041782,42797.2507559057,0.233961443119928,0.0944768356966694,30356,13198,30559.1523101777,13009.4455712622
731,3,110125.414905082,49084.6558847244,0.243106754435137,0.108356562333826,32728,14251,32650.8370949798,14326.7033887957
732,3,107031.870165731,44946.3382372452,0.236277616747606,0.0992210419549245,32550,13547,32336.9210116728,13701.7613905389
733,3,94365.1230346576,35752.5217922363,0.208315208733615,0.0789252829900667,27754,10782,27666.7411344345,10778.357487727
734,3,101858.28509695,41678.8989316971,0.224856697462537,0.0920080242734906,31028,12802,31080.0470870637,12681.4865683468
735,3,93240.336633546,52823.7944072734,0.205832192695557,0.116610877029337,30208,17508,30282.8503280607,17610.1207515363
736,3,116348.950671201,44312.2298430281,0.256845486611686,0.0978212194542686,34584,13317,34648.6874193123,13166.0745112834
737,3,88218.8178175967,42001.0696005668,0.194746966431188,0.0927192303629354,28065,13399,27890.8456287665,13395.1636907239
738,3,109009.466756539,43899.1036524084,0.240643249232965,0.0969092250026677,32896,12701,32730.6137150265,12846.4237326898
739,3,96874.7168813765,51252.4828867961,0.213855248837455,0.113142136918083,27919,14686,27940.3215842271,14706.1601842559
740,3,90840.1301775086,45762.6512491422,0.200533630124834,0.101023089257961,29965,14439,29970.3589402561,14427.1642140631
741,3,103063.022308198,41896.5947856048,0.22751620847211,0.0924885975593495,31647,12801,31455.3320084717,12760.5104613153
742,3,77792.0393841087,39371.589067636,0.171729389004902,0.0869145350638334,23900,12109,23699.5354146752,12226.1181139656
743,3,92944.5918842557,47923.5949479109,0.205179322999646,0.105793468643841,28509,14846,28442.6555593468,14834.8590558175
744,3,95176.2037416745,38387.3356393932,0.210105705490769,0.084741751817677,27983,11865,28085.0366601291,11762.0983844211
745,3,111611.218178969,42769.7986254591,0.246386731286577,0.0944162338969763,30719,11435,31015.9587201585,11395.1840217607
746,3,109620.989972246,48071.2379556442,0.241993213946925,0.106119397154131,33845,14690,33968.8676057456,14694.2729243743
747,3,81443.2445197241,39866.6090265027,0.179789586835361,0.0880073136534481,23625,11938,23573.1965101541,11953.7731294632
748,3,91780.2492894333,45504.4546794067,0.20260898490356,0.100453108839464,27338,13631,27319.3164763494,13602.2376781144
749,3,104875.682674024,39806.5975167432,0.231517736900483,0.0878748355748959,35238,13292,35616.1428636122,13263.2031245191
750,3,83499.6635755102,33820.1373125903,0.184329223420083,0.0746594582522215,28713,11672,28721.2311579461,11732.0073578463
751,3,108220.384971381,47452.865333431,0.238901316074855,0.10475431207048,32444,15119,32684.4135075862,15024.8178843325
752,3,91391.5542427004,45749.05960981,0.201750923289375,0.100993085109251,27884,14489,28002.975915455,14355.8379597783
753,3,110852.890186475,56597.8863965357,0.244712688494443,0.12494235305819,32767,16603,32595.2031577286,16632.6938464207
754,3,99703.5336051787,43732.1072792284,0.220099987649183,0.0965405730768499,31113,14049,30997.5153988786,14021.6242862965
755,3,111539.856518919,57961.6210433228,0.24622919724613,0.127952857982752,31647,16507,31845.4518273642,16496.8868564517
756,3,103620.023416332,49619.7352922769,0.228745813207147,0.109537773939224,30416,14999,30455.5866253302,15057.5664838317
757,3,91159.8747689125,42152.9310290909,0.201239480540302,0.093054471224858,30204,13810,30236.0171330639,13901.548752151
758,3,104495.287865592,55391.3160116413,0.230677998431743,0.12227879523621,30535,16391,30466.6390117791,16327.3199246978
759,3,102274.714869445,43610.8905427015,0.225775984718152,0.0962729817363253,29730,12514,29568.3632187599,12534.1072886471
760,3,104728.873004918,53954.9692263807,0.231193648022301,0.11910799578443,30842,16052,31155.5799020716,15873.7610322793
761,3,100717.36240295,35321.5114188448,0.222338059839798,0.0779738084090774,29213,10381,29236.3118350864,10307.8109984816
762,3,101136.562678693,50700.8630991471,0.22326346310463,0.111924411687507,31008,15674,31137.6714263472,15699.0860174525
763,3,97672.6257480663,44756.4377213604,0.215616668170887,0.0988018281147579,29091,13518,29344.0032904002,13361.2203098356
764,3,95400.4408732555,44926.4186829003,0.210600718938205,0.0991770686522065,26859,13292,26798.3058494218,13323.5063003339
765,3,92257.1797332288,38119.629086856,0.203661830083597,0.0841507776889129,29183,11830,29119.2925949056,11801.4828405218
766,3,96618.3310760525,41448.9182207558,0.213289265761984,0.0915003316190039,29788,13352,29701.0432867535,13402.9674511429
767,3,112269.509198167,53622.221557441,0.247839938008104,0.118373440496611,32360,15118,32352.1302618905,15194.8288417348
768,3,96960.5380924613,47943.2814281984,0.21404470298032,0.105836927425205,31383,15419,31236.611626093,15479.3397523615
769,3,121001.728707245,42149.6438394488,0.26711670119394,0.0930472146074297,36313,12192,36268.3640941939,12100.4657242334
770,3,96315.6335637256,39671.8849970072,0.212621047532243,0.0875774516923194,29473,11475,29487.4136928196,11516.7397900075
771,3,98345.0601723368,40090.5860108146,0.217101097088551,0.08850175281421,29132,12560,29142.4212036342,12547.922732836
772,3,97176.4956532557,35464.456485912,0.21452143890677,0.0782893660062695,30080,11092,30071.8105294782,11050.1787073895
773,3,99164.7243685831,52609.2353821331,0.21891054228018,0.116137228432584,29389,15968,29505.5750485553,15776.4931426782
774,3,102091.220307411,46277.633185303,0.225370912306201,0.102159934800842,30202,13649,30050.0841783655,13642.259030565
775,3,94168.0781841484,40249.3315251138,0.207880223456813,0.0888521906018512,28608,12451,28796.2632320722,12266.3263718985
776,3,112411.347394456,44066.0904602238,0.248153052138792,0.0972778558125173,32107,12488,32068.9511046327,12342.4016163145
777,3,93243.0614121835,42939.9169016745,0.205838207765664,0.0947917775626821,28371,13145,28393.3695982101,13318.0593796473
778,3,106225.666626199,49076.7636475503,0.234497886554728,0.108339139869027,28884,13124,28810.208534676,13266.9413607
779,3,105667.53585089,44396.2319184994,0.233265788029126,0.0980066577743082,31776,13860,32047.2559338662,13940.6212698636
780,3,98953.6728058656,40930.5066111351,0.218444636562821,0.0903559149193255,30147,12315,30381.0822795975,12307.586865723
781,3,89571.8393760406,44705.4801096511,0.197733821736456,0.098689336919087,27161,13622,27102.8843060746,13626.6625393763
782,3,93381.553834447,44626.236939499,0.206143935951291,0.0985144040943306,27532,12768,27273.936619394,12846.5004404413
783,3,93211.2610050145,46063.2620636906,0.20576800695159,0.101686701009489,28443,14414,28610.2949150653,14271.1314448398
784,3,110281.742250662,44700.7785844495,0.243451854007713,0.0986789580929675,32645,13362,32805.3589787841,13259.2904263604
785,3,93510.8942726993,44026.9506015099,0.206429460724912,0.0971914528325221,27100,12763,27042.0559366564,12718.2694646104
786,3,88534.1644138213,41883.2671088682,0.195443108076569,0.092459176119817,24840,11616,24936.6750691206,11485.606405695
787,3,112184.525837005,46936.3672532959,0.247652333456231,0.103614119572301,34334,13957,34057.2151014933,14119.1721851902
788,3,92524.1973324824,43628.7715899884,0.204251283317327,0.0963124549439911,29120,13764,29054.7742683553,13705.5132884435
789,3,92473.344239677,44478.9524954525,0.204139022851788,0.0981892671293368,27034,13263,26885.018340064,13408.4955959246
790,3,88637.6934116637,45050.0083645617,0.195671652946771,0.0994498983747212,27118,13997,27182.9400083695,13936.650724576
791,3,103529.08253637,36574.9335548318,0.228545057167389,0.0807407935566893,32659,11158,32473.6023763917,11276.2693912945
792,3,96792.5212208929,40342.214430188,0.213673798258894,0.0890572337484724,29812,11865,29727.8415644079,11953.7709932539
793,3,96066.2800442836,46437.6361930617,0.212070588540821,0.102513148561259,28886,14419,29004.8373295522,14393.0200355103
794,3,98605.0067533701,50745.8933894464,0.21767494073487,0.112023818057375,27598,14632,27799.3904440736,14579.2215659692
795,3,90885.2160736432,42905.4986503257,0.200633159247058,0.0947157977410764,30112,14782,30175.990695078,14771.5621878413
796,3,93157.3702308795,52780.9683340435,0.205649040669326,0.116516336566746,28908,16149,28697.6812833558,16141.4610038573
797,3,94402.8282322945,49909.4690390811,0.208398444635434,0.110177374079633,28387,15514,28372.0650053835,15618.7394312735
798,3,95340.9838755472,37225.9395193423,0.210469464969684,0.082177918195779,27405,10256,27274.60585436,10430.7528210259
799,3,99929.0670084377,38131.4454592767,0.220597862674038,0.0841768628569085,32257,12212,32381.5103861027,12107.4512078958
800,3,96676.5274364183,47619.812775805,0.213417736817468,0.105122855979366,30492,15517,30622.5259821561,15340.4897466089
801,3,95437.6228025543,46223.2045435198,0.210682799701881,0.102039781151808,26631,13715,26637.909714389,13617.1619631974
802,3,97088.1781727536,45483.936180083,0.214326474138072,0.10040781333905,26660,12284,26569.7322499814,12341.7764975658
803,3,109480.359609847,49420.8230226387,0.241682766163304,0.109098666251587,33097,14749,32932.2348878711,14902.8685600818
804,3,104423.890357954,41156.9612208594,0.230520385256151,0.0908558235484498,33423,13311,33538.7833363794,13350.8226592804
805,3,86958.8747943916,39058.0097659197,0.191965586134836,0.086222294799731,27603,11970,27692.1029120541,11853.9828317653
806,3,100996.246211814,48050.5281239302,0.222953708259337,0.10607367927895,29098,14018,29070.3765310358,13938.5995229623
807,3,105854.95293185,49847.8295350538,0.233679519576173,0.110041302131282,30471,14142,30285.7764725246,14176.7844472719
808,3,92285.3492748665,36728.5714312568,0.203724015600422,0.0810799560064124,29494,11942,29277.5469357365,12007.9139126095
809,3,85319.9547375029,41266.6901959381,0.188347597170597,0.091098055144325,25830,12599,25690.7086160622,12754.8954418254
810,3,115029.039646858,49612.4277206171,0.253931724284,0.109521642149568,32952,14280,33142.4028463398,14128.1808389626
811,3,97102.5147854632,48745.2387284093,0.214358122848667,0.107607283855806,29707,15165,29919.7736443515,15142.1328090428
812,3,106516.753746471,38504.4603194115,0.235140474327296,0.0850003097613456,31757,11867,31874.6065417493,11736.3807438
813,3,107090.923316827,55546.5737813867,0.236407979206757,0.12262153367253,32131,16591,32159.6177358491,16545.9231812409
814,3,93185.2255399174,34643.5904139709,0.205710532503703,0.0764772676205559,30036,11291,30188.1473616851,11082.6461101461
815,3,83581.3785424519,45333.6575167439,0.184509612846258,0.100076066501713,26033,14065,25751.5794402913,14270.0644734918
816,3,99942.4133591115,42567.043063108,0.220627325337117,0.093968641969633,29535,13053,29500.4356756947,13290.4030040783
817,3,139359.786904617,41869.4023721326,0.307642931673445,0.0924285690964357,41571,12439,41540.1329961777,12427.6663519302
818,3,99636.9394508522,46588.646018693,0.219952978089795,0.102846509471896,31124,15034,30990.1138168744,15172.89925331
819,3,92938.8566405795,41098.7668254504,0.205166662193989,0.0907273568306955,27021,12173,26821.7022051202,12303.5398269775
820,3,96478.9286234594,39399.0311530973,0.212981528643904,0.0869751146887745,30139,12239,29999.4517149233,12192.1475369932
821,3,99221.7082429037,48083.2823570288,0.219036336718758,0.106145985706213,29728,14243,29637.4332208454,14310.7241928675
822,3,96304.5012576778,42731.0633369613,0.212596472471209,0.0943307240237383,28203,12653,28041.8038294028,12867.1177880701
823,3,102535.63861778,39871.5016828352,0.226351985504778,0.0880181144100451,28946,11432,29100.0502084313,11500.8303948319
824,3,107767.536041377,46814.398643723,0.237901631908238,0.103344868438566,32223,13990,32167.2978460952,14073.3485082533
825,3,90934.0595228551,45396.7503100553,0.200740983334927,0.100215346650836,28133,13661,28229.7592816437,13675.4259603416
826,3,99881.314831751,55698.8081229998,0.220492447618834,0.122957597756693,29904,15375,29813.5406601337,15399.1072731234
827,3,85511.4721713177,42862.3427900105,0.188770380429053,0.0946205292588181,24998,12276,24967.069840196,12307.42615811
828,3,90677.882509893,42452.3609731228,0.200175461177886,0.0937154761521678,27724,12434,27595.6469937072,12473.2949924325
829,3,106912.235055338,38796.4036000534,0.236013516917159,0.0856447875460348,30795,11406,30922.9746966402,11386.4398279352
830,3,99360.4206288297,39019.9155032094,0.219342550483959,0.0861382000194472,28513,11896,28637.2153960126,11798.9532498634
831,3,109214.394144315,39842.816859712,0.241095635561588,0.0879547913864086,32106,12674,32232.1532802174,12500.6227915565
832,3,85253.1559845068,47333.9127114669,0.18820013595054,0.104491718863616,24102,13373,24116.4745586566,13515.9802097954
833,3,92750.9011516053,48199.5820816247,0.204751742087289,0.106402722524073,27888,14066,27769.2585227916,14022.4140998207
834,3,76544.9875099926,32535.3714548551,0.168976466493873,0.0718232804439263,24081,10169,24111.5722263191,10189.7767587836
835,3,98602.4309178237,43396.7596774523,0.217669254463266,0.095800278321587,31305,14067,31325.0923167824,14159.7608765218
836,3,109066.989098244,42166.6287425024,0.240770232362258,0.0930847095368183,33404,13014,33774.0027001028,12797.4061834955
837,3,98156.8013753023,42158.9152939134,0.216685507415809,0.0930676817557781,30103,13076,30090.3618813095,12952.2335726208
838,3,104954.964484664,43761.5328031953,0.231692755025837,0.0966055312305632,30855,12711,30860.1267095315,12537.6326947787
839,3,100912.2215814,44599.1378639882,0.222768220148259,0.0984545816791206,28610,13016,28874.42604903,12940.9903220306
840,3,106365.59713814,46702.9771276678,0.234806789387317,0.10309890048316,31623,13374,31620.2440471877,13209.5398091489
841,3,102950.376742555,40478.1075839795,0.227267538372764,0.0893572239332693,31009,12110,30947.975241102,12139.5282173347
842,3,119847.58892722,48301.2421923386,0.264568886265586,0.106627141742765,34423,14355,34612.0647199973,14339.7152041011
843,3,108620.466956975,47647.8936514764,0.239784514863342,0.105184845762125,31161,14757,31432.1098315361,14654.5969965651
844,3,98756.1511358565,47586.7416531319,0.218008598685753,0.105049850004265,31075,15395,31142.6560963227,15363.5836844264
845,3,84858.126004045,41913.5546853438,0.187328089688217,0.0925260372928083,25932,12808,25928.4423011147,12756.1517350798
846,3,113188.27602431,49505.7208827129,0.249868156665702,0.109286082056003,32920,14496,32750.168973201,14580.463053228
847,3,107337.20260138,53440.3362414541,0.236951651687843,0.117971920566928,31723,16035,31722.7952657071,15975.1124151214
848,3,94315.5689588221,38421.1775013038,0.208205815905849,0.0848164592339463,29215,11826,29188.9495641404,11848.662756965
849,3,102228.330821583,37601.1353559122,0.225673589868216,0.083006179702759,30652,11273,30682.1285021122,11191.4409920628
850,3,97530.790605283,47009.6533444619,0.215303560780948,0.103775901880081,28389,13668,28478.6452958202,13678.1070137024
851,3,111444.255701539,52554.1003913513,0.246018154187136,0.1160155154867,32351,15189,32498.140959903,15112.2364324606
852,3,100032.757179426,48056.0814923488,0.220826763341131,0.106085938586882,29973,14631,29981.7065131474,14614.6950070937
853,3,95138.617842458,35477.51970759,0.210022732945522,0.0783182036494905,29629,10685,29644.325916472,10625.5506144963
854,3,86930.2284005353,50641.9057020263,0.191902347945516,0.111794260609517,26427,15417,26412.7483131079,15424.4167903702
855,3,94539.2797574089,34778.6104234433,0.208699667449776,0.07677533030041,28448,10854,28507.0493218984,10745.0216952459
856,3,102684.666070422,43000.9166648854,0.226680970238816,0.0949264372547095,29609,12699,29447.06837574,12746.9471294919
857,3,112200.375771195,49517.3312122485,0.247687322891343,0.10931171237516,32953,14868,33110.8257288149,14780.061515783
858,3,102936.032627782,47315.2260054117,0.227235873101031,0.104450467128364,32049,14627,32303.2663315274,14645.6890735674
859,3,102423.218546799,53822.988933579,0.226103813194933,0.118816643414407,29614,16207,29671.6173317596,16216.3340192579
860,3,107345.305779597,45963.5428092694,0.236969539814384,0.101466566317439,29369,13013,29375.4610474629,12947.5546746703
861,3,95177.1391713123,39888.236416113,0.210107770493325,0.0880550570785202,29162,12338,28991.1053529209,12467.4552244707
862,3,97427.6506369585,49310.4042938166,0.21507587471072,0.108854911993626,29818,14358,29787.8785099484,14326.229562095
863,3,94699.156759925,51808.5552707565,0.209052603048012,0.114369691453175,26693,14616,26500.3849778361,14647.4653068336
864,3,92631.2198007828,41259.4052632268,0.204487540179038,0.0910819733311555,30533,13236,30489.1489620598,13311.7755164532
865,3,107931.37202744,39651.0348927322,0.238263307138845,0.0875314241592173,33329,11986,33158.6469682523,12042.4094844732
866,3,111785.290672732,43683.0207560499,0.246771004063498,0.0964322123923821,33505,13966,33654.1892403823,13689.7075715023
867,3,106772.830705755,46207.4888309005,0.235705775611391,0.102005088016787,31979,13849,31770.2086369643,13892.6548746392
868,3,101654.103441621,40653.8144444059,0.224405957371479,0.0897451046473357,31260,12181,31191.0122613815,12344.7233282453
869,3,100895.701092936,42183.3000746644,0.222731750434745,0.0931215122445085,29814,12495,29913.777842317,12411.612291289
870,3,90394.4107068937,41965.0501745537,0.199549684557109,0.0926397158769993,28450,12963,28256.0116242982,13050.4896883726
871,3,113175.997896585,41764.0385664474,0.249841052152323,0.0921959738062646,32575,12566,32572.3809104644,12708.08826837
872,3,107865.761572523,43298.5319661036,0.238118469139682,0.095583436277249,32442,13591,32181.230480918,13660.6176290931
873,3,100647.296256748,48984.3257386172,0.222183385703827,0.108135079071192,29109,13824,29005.0514307741,13856.5745997051
874,3,94010.1855037061,48491.2392027349,0.207531668337865,0.10704656859886,27881,13776,27920.0764845124,13707.4672414782
875,3,81696.0945336741,44444.3880456815,0.180347764494018,0.0981129645682075,24386,13059,24249.3947749788,13130.673695491
876,3,93505.304482147,41713.3762021601,0.206417121013499,0.0920841343824176,29541,13087,29519.0601896632,12986.2560506839
877,3,90200.4021514982,40772.239839227,0.199121402036897,0.0900065339768186,26596,12245,26583.6885760757,12200.8194799206
878,3,102644.971635373,42381.5038379536,0.22659334300688,0.093559055872849,30722,12841,30838.0616689703,12768.5517746173
879,3,113942.474844548,41234.4518553948,0.251533084126316,0.0910268875728375,33070,11655,33021.2788179148,11748.0249957592
880,3,90891.2090010397,43900.5993531052,0.200646388900995,0.0969125268285205,27037,12829,27088.1169871098,12938.8904436013
881,3,108904.542468391,48052.6290920691,0.240411624197317,0.106078317259619,32535,13662,32362.579785372,13799.8288054387
882,3,88470.3461573202,44244.702573501,0.195302226435169,0.0976721500015474,24377,11865,24307.8361575196,11893.1371541873
883,3,106536.372616208,47230.1066797377,0.235183783855363,0.10426256242878,30975,13409,31009.2346198725,13412.9834192016
884,3,95109.6709889829,40422.250881738,0.209958831478222,0.089233917777219,30147,12626,30075.0239576352,12886.828602264
885,3,95984.1264765073,45601.1917138858,0.211889230883785,0.100666660148271,29343,14008,29445.2939141721,13859.3287053047
886,3,119903.112390688,37947.591941881,0.264691456782213,0.0837709980350227,37112,11819,37262.3985428986,11789.3901063236
887,3,97043.7783899878,38769.371645842,0.214228459641644,0.0855851133040804,30175,11683,30137.9450416921,11612.0352985719
888,3,117174.564061405,38804.4961667206,0.25866806491374,0.0856626522471049,33041,11240,33225.408692701,11134.0260535374
889,3,102581.153132655,59105.9978003045,0.226452460821947,0.130479120603243,31898,18076,31710.1531151491,18145.2565535527
890,3,88262.674809771,42204.7043416899,0.194843782693229,0.0931687631165448,27937,13764,27852.3885499363,13620.0175930183
891,3,112516.37761884,47682.4835885672,0.248384911033397,0.105261204587647,30862,13390,30772.7431718491,13311.8463493409
892,3,95332.515272005,34257.6527585492,0.210450770150477,0.0756252930704057,29542,10923,29411.3593602343,10957.5435582418
893,3,97736.9314360806,42069.7908478803,0.215758625839045,0.0928709355747569,31810,13176,31722.988573351,13300.7366148548
894,3,90398.9036326997,45195.2031962716,0.199559602890779,0.0997704224274856,27424,13644,27562.5916178469,13526.2778471606
895,3,91593.9714414086,47482.6956066041,0.202197768263918,0.104820163726079,27366,13794,27390.1764483597,13903.584911598
896,3,106108.936664641,43371.4210269656,0.234240199969626,0.0957443421229638,31440,12539,31386.0376509487,12439.430564232
897,3,92781.9828708406,51047.459186309,0.204820356365765,0.112689537974863,29871,15621,29781.1554244624,15727.9239019571
898,3,84778.3247954948,46502.8352643978,0.187151924968862,0.102657078412859,26324,14067,26072.3001506725,14195.8033844685
899,3,99252.3181553998,46694.3931499577,0.21910390946286,0.103079950970343,30245,13883,30144.2384446461,14049.6866594877
900,3,82671.0249366901,45662.087517128,0.182499966747073,0.100801090344041,24665,13870,24785.7865298905,13786.6344817374
901,3,92752.4311590466,48960.4264932696,0.204755119646807,0.108082320423472,27282,14384,27140.6371514456,14602.3379993595
902,3,99209.9386653494,41260.854082847,0.219010354852513,0.0910851716649456,31215,12353,31378.421702259,12436.2596084639
903,3,104752.571538059,34914.3846430236,0.231245963588891,0.0770750579326425,32367,10375,32187.9052075767,10403.2532447711
904,3,113945.067486343,44857.5816665596,0.251538807498461,0.099025107875105,34255,13171,34299.612760564,13189.9802482661
905,3,90298.9296674159,37596.7348447914,0.199338905913164,0.082996465378619,28360,11458,28329.3822768617,11431.3121229617
906,3,110942.059297863,45748.4607183868,0.244909533276223,0.100991763029782,36645,15075,36484.4454696039,15079.4443554572
907,3,96716.2995402322,46154.2256390394,0.213505535506658,0.101887507150324,29187,13839,28938.3749914241,13928.9756437135
908,3,86700.9908064679,34946.0406971989,0.1913962957546,0.0771449400810586,24927,10448,25054.5596443027,10418.7755112815
909,3,94417.0899190296,34339.5003978442,0.208429927943605,0.0758059753767047,30615,11128,30795.2371372159,11132.8258033081
910,3,105251.63166999,51337.2582238749,0.232347661040349,0.113329282247534,31441,15631,31493.4555524332,15561.2201468478
911,3,90718.8497327747,42891.9123154296,0.200265898145607,0.0946858053021458,25986,12870,26039.8881593952,12715.9064293853
912,3,102884.763360655,43174.1063248723,0.227122693912154,0.0953087611367802,31287,13612,31387.7416012916,13600.1110619388
913,3,108730.426576188,48290.0344485256,0.240027255616409,0.106602400149507,32227,14246,32188.5999094923,14154.8322218688
914,3,112634.878374105,45577.6607408959,0.248646506724412,0.100614714478172,35382,13086,35081.4424742052,13211.2096267455
915,3,95371.7321135833,40761.5661115179,0.210537343073571,0.0899829712478761,28155,11838,28010.499856685,11917.813670809
916,3,106666.024280982,40771.7374595401,0.23546999567538,0.0900054249513018,33110,13115,33105.9526236698,13084.94823575
917,3,112573.12672559,46200.483721504,0.248510187212113,0.101989623926038,32669,13695,32651.1166047288,13656.3142275244
918,3,115855.809147215,53177.9009117789,0.255756854750668,0.117392582897223,33083,15319,32962.1474383496,15320.2565447478
919,3,107540.577585517,52008.9655901612,0.237400611016347,0.114812106152341,31919,14894,32048.9988700363,14982.2220898109
920,3,91739.2963556796,41107.2864539378,0.202518579479725,0.0907461642897397,26527,12308,26517.4166210627,12303.5968667536
921,3,101747.526482974,44223.2016576861,0.224612192892974,0.0976246857730073,29530,12674,29802.6138773902,12650.9880011295
922,3,94867.9215812253,45815.6909103833,0.209425158901758,0.101140176670633,29650,14375,29610.0619062574,14241.3018572857
923,3,125434.696537534,50726.4093723217,0.276902674964533,0.111980806222454,35878,14313,35822.4145423977,14406.2052437302
924,3,108144.01122675,47598.3028583048,0.238732717634639,0.105075371879205,30663,13679,30770.7465122241,13616.5996371802
925,3,115265.244775481,42026.6495456064,0.254453157617532,0.0927756992300225,32218,11875,32305.5251371882,11721.8100766281
926,3,126989.539619151,45135.3616194087,0.280335060264091,0.0996383194833656,36543,12748,36699.1138533147,12631.4391285716
927,3,102652.667195151,46527.6638682884,0.226610331297574,0.102711888660922,30270,13849,30261.8665966536,13857.4391218732
928,3,94625.8159463248,49952.5244842903,0.208890699938023,0.110272420891076,28969,15296,28877.8697043934,15377.9103777449
929,3,113868.243421615,46586.4801119179,0.25136921495659,0.102841728136298,33016,13541,33001.1584262479,13553.3841967021
930,3,100005.011749084,45473.1677149192,0.220765514068866,0.10038404147296,30460,13968,30538.1994474494,13937.8936607932
931,3,107702.101622613,35347.0319333778,0.237757182516717,0.0780301460806766,32677,10171,32574.2969633691,10263.4979330082
932,3,86529.4031472303,43335.0649411,0.19101750836048,0.0956640844454206,27438,14007,27612.2529505436,13947.4691894671
933,3,118159.203966961,38451.8384858823,0.260841701325765,0.0848841447219428,34764,11241,34508.846483057,11361.1097830037
934,3,94603.1186453545,54067.0501015771,0.208840594636008,0.119355419304485,27051,15563,27160.1998319711,15640.8770340782
935,3,105834.010063321,45729.6599768402,0.233633287261851,0.100950259556107,31803,13947,31866.0697087634,13904.0629262348
936,3,80149.2369414878,41237.6465041455,0.176933007517766,0.0910339399021296,27854,14480,27795.4348829816,14547.7810828954
937,3,94781.5239553529,44366.9154362127,0.209234432297597,0.0979419403349567,28021,12782,27960.2869184128,12889.0284495903
938,3,88588.8593154952,41482.7145494441,0.195563849506162,0.0915749385186585,25670,11777,25477.7910021132,11824.5434199877
939,3,90412.5994047219,39931.2392394605,0.199589836917036,0.0881499877248615,28402,12636,28274.7282385893,12541.1028489063
940,3,92549.8783654494,41577.8166667608,0.204307975340513,0.0917848806750688,27521,12004,27418.9782266775,12029.9811193024
941,3,107845.715723811,52563.3609277713,0.238074217036528,0.116035958532979,29734,15194,29819.9747647562,15138.4358279495
942,3,113446.675325869,41993.0261749486,0.250438584623722,0.0927014741429178,34101,12436,34230.5020040803,12462.0779951067
943,3,100833.348807313,44004.0123970983,0.222594104989299,0.0971408157254395,30845,13168,31035.2514934806,13281.3524267713
944,3,108084.852825724,48801.7484245958,0.238602122831582,0.107732031525051,30073,14218,30194.7190628948,14339.0033409031
945,3,100677.823989758,46400.9800834607,0.222250777033056,0.102432228567967,28784,13646,28747.1294731589,13588.1580552214
946,3,105516.265929077,45536.4961902327,0.232931852944593,0.100523841900591,31108,14418,31184.0680784659,14386.7535170098
947,3,86300.4600908099,37936.2698149546,0.190512106374527,0.0837460039359516,27727,12005,27573.8010429133,11997.5475497502
948,3,77037.9015350139,32538.3288385774,0.170064596140801,0.071829809000109,26166,10292,26033.1371360103,10435.6636833331
949,3,76103.7553920453,39475.2578767232,0.168002426956868,0.0871433885735801,23120,12176,23142.0105501246,12277.9472839178
950,3,100137.846484744,43556.5626834332,0.221058752659526,0.0961530505691782,29970,13282,29964.9992445987,13077.9407192685
951,3,116443.570376744,48993.4507224498,0.257054363822637,0.108155222879101,32660,14000,32595.9547315528,14194.7202943731
952,3,94194.2061668555,40509.752788057,0.207937902141441,0.0894270821296116,30590,13189,30414.1513656195,13109.560494742
953,3,110271.378069228,44967.4551285682,0.24342897461595,0.0992676584323083,31970,12908,32277.6888402407,12809.072399881
954,3,107310.842024253,44255.4868951574,0.236893459540683,0.0976959568715505,31841,13541,31835.7281859564,13385.4817465224
955,3,99936.7320428497,41177.7791745089,0.220614783578628,0.0909017801076154,28940,12517,28955.5804343423,12481.8547745232
956,3,84603.6995667625,38322.5661044311,0.186766432004897,0.0845987701867387,26464,12083,26499.5616569058,12124.6596175044
957,3,104957.649179586,52080.0598234213,0.231698681609357,0.114969049836247,32207,16167,32155.8978078965,16120.1116032096
958,3,88268.4024112294,41539.7339790133,0.19485642662835,0.0917008114470307,26344,11918,26424.0111922183,11876.0778662249
959,3,91686.1160704901,36131.3222472603,0.202401181633429,0.0797615018527044,28267,11403,28294.6151939392,11389.0663769099
960,3,98177.5503740397,45090.2252053123,0.216731311753938,0.0995386788404923,28767,13431,28776.383726878,13519.0491548839
961,3,93900.4357215242,44049.39253897,0.207289390809383,0.0972409944082235,28354,13492,28407.2169397473,13485.6569324923
962,3,110091.63825367,43349.3693537326,0.243032190973946,0.095695662072912,32377,13046,32383.8530300216,13162.7796876761
963,3,88068.5125513478,44273.3501514602,0.194415160866743,0.0977353908048271,28534,14092,28476.9476960342,14112.9679392035
964,3,97872.0497932223,42588.500788665,0.216056905625756,0.0940160108537568,29120,12641,29109.8039453398,12535.3457322314
965,3,111553.874845805,46417.2576689388,0.246260143326605,0.10246816206233,33201,13888,33370.0421143331,13824.1659063904
966,3,94817.7395614464,40814.7668060417,0.209314379859791,0.0901004141486863,27490,12150,27709.5030277299,11950.7354374917
967,3,103083.115427072,43932.7546161477,0.22756056492625,0.0969835110027279,33198,13960,33046.4940944629,14000.2411404369
968,3,116180.320166159,50125.5113420711,0.256473227267058,0.110654297078251,32927,14051,32930.8227573867,14141.2848409976
969,3,94464.0561794011,50674.5732900589,0.208533608053566,0.11186637576394,26965,14869,26935.0475063901,14970.5623014716
970,3,92798.332449833,39019.0979024687,0.204856448789014,0.0861363951294254,26715,10818,26606.5570274947,11018.604128996
971,3,90631.4879836492,43444.6999100989,0.200073043196457,0.0959061085186911,27592,13715,27691.9649438022,13695.7645135875
972,3,95830.6401126083,39305.0814300221,0.211550402904705,0.0867677164939383,29805,12447,29925.1591550313,12426.0288360453
973,3,92013.2533126262,47737.569490691,0.203123351654392,0.105382809168133,30098,15467,30087.4972564319,15365.5455364686
974,3,100678.180676618,41963.0562624349,0.222251564435174,0.0926353142272599,29337,12876,29337.3784327727,12856.0837777457
975,3,96491.7116001659,36467.4709761803,0.213009747633879,0.080503565131791,29730,11147,29729.9888034473,11194.6435277003
976,3,86668.6649348797,38244.8542112323,0.191324934954436,0.0844272177240045,24872,10856,24690.8719610854,10925.831609708
977,3,107383.82262863,43968.0568936625,0.237054567472781,0.0970614423514379,31209,12919,31146.7481308722,13029.5181947111
978,3,98548.3462188035,51489.1890316487,0.217549860083188,0.113664676267238,27404,14098,27350.492712716,14113.6262499565
979,3,109504.994202516,46374.6265991045,0.241737148122961,0.102374052078413,31881,13541,31698.7936880661,13755.6114437157
980,3,105022.644588044,49298.1180898561,0.23184216186609,0.108827789651597,29813,14710,29806.2281731212,14666.5390057089
981,3,87060.7457735537,46064.9219119873,0.192190470855012,0.101690365198474,27320,13183,27119.9460899886,13223.7447924811
982,3,95910.2955362058,41867.4062632019,0.21172624579729,0.0924241625971362,28714,12792,28826.1215794015,12719.939165642
983,3,114065.093415479,50137.3958842004,0.251803770078675,0.110680532733912,32807,14479,32990.832562941,14569.8658826307
984,3,80797.2510965404,44105.2192926616,0.178363527604329,0.097364234451517,24836,13613,24747.7493143633,13724.5842630574
985,3,96865.1842953514,43917.2829503176,0.213834205229566,0.0969493566118555,30075,13854,30154.2430953052,13840.7644751102
986,3,107784.63318498,37569.8232152995,0.237939374613636,0.082937056758838,31266,11412,31286.7841612892,11336.1881097935
987,3,97680.840639093,46542.1310507455,0.215634802908424,0.102743825610045,28024,13979,28073.3093233916,13950.4791922027
988,3,108515.770643279,42465.1433819229,0.239553393091444,0.0937436938884636,32263,12769,32193.2611976957,12805.8101012732
989,3,91428.6035498415,47893.5811639508,0.201832711283735,0.105727211880013,28051,14411,28058.967759595,14360.7004412982
990,3,94015.0414086238,43127.9517973817,0.207542387964078,0.0952068729632791,30608,13709,30523.7562204212,13589.6308326447
991,3,84226.639333627,38625.9376020833,0.185934054759526,0.0852684762690805,25189,11315,25334.256615036,11239.8319185717
992,3,77079.549366421,35781.180758189,0.170156535582132,0.0789885489328486,25031,11393,25137.3676249141,11494.4503860532
993,3,103637.80706405,48292.6137692605,0.228785071400929,0.10660809411482,31211,14551,31111.1720176474,14381.883841729
994,3,91019.8325764188,44913.227419174,0.200930331167921,0.0991479483504654,26746,13748,26730.7035534167,13852.5345285517
995,3,81641.3325731629,40542.0026453645,0.180226875029058,0.0894982751248687,25032,12367,25024.2344581114,12414.9533983097
996,3,105318.589494703,44718.238283854,0.232495473418302,0.098717501156431,32872,14108,32776.7475906787,14178.9941224487
997,3,88375.9758304535,46217.2275593492,0.195093899738745,0.102026586693251,28538,15006,28518.8204407766,15053.6177051865
998,3,84312.5627058693,36797.6929092268,0.186123734427692,0.0812325447452203,28350,12712,28211.058634266,12682.5544112738
999,3,101732.8852958,48239.4138028296,0.224579871820694,0.106490652821307,31081,13460,30971.2268465418,13527.427334775
1000,3,93383.3463712717,43180.8858004413,0.206147893056106,0.095323727130813,26916,12842,27016.4848901245,12769.4458016297
1001,3,111323.274439874,48837.6400890938,0.245751082667849,0.107811263971756,33513,14751,33539.0785474268,14674.3624090814
1002,3,87463.5536299282,36319.0725173009,0.193079687124559,0.0801759689294754,25731,10936,25921.2120517194,10995.0363837516
1003,3,119271.090297437,46900.5801442081,0.263296239883788,0.103535117936317,33973,13196,34166.1098352982,13273.3010526867
1004,3,94964.3454084048,39917.9933668011,0.209638018791512,0.0881207468714704,31274,12819,31236.6796585112,12975.9105000039
1005,3,95585.6990704044,41583.2640316583,0.21100968465316,0.0917969059755101,29239,12703,29242.4162835118,12727.0749336866
1006,3,102942.704063477,47060.5365402406,0.227250600592233,0.103888228799274,31650,14856,31422.4555969762,14888.9675572676
1007,3,117305.394943725,52129.8100067253,0.258956879908972,0.115078875579978,33765,15197,33632.5124587419,15323.7631703061
1008,3,101932.159610638,46706.3934619546,0.225019778739222,0.103106442193139,29561,13066,29521.3311410022,13103.4907808703
1009,3,111767.854751103,45348.5363093055,0.246732513490531,0.10010891209846,32392,13408,32221.5365406897,13464.2591887502
1010,3,100236.165489962,46157.6775261645,0.221275796239144,0.101895127344775,29904,14150,30024.4670194316,14202.7539681443
1011,3,101256.021252587,45725.2441462355,0.223527173222898,0.100940511413525,30389,13712,30568.9181964148,13723.8827511073
1012,3,104520.50967076,47620.1261560694,0.230733676689124,0.105123547780247,29992,13911,29803.8548617443,13991.9598201837
1013,3,90426.5794869019,37670.9581306413,0.199620698570619,0.0831603165853729,27566,12183,27622.3422423113,12031.8010097166
1014,3,99761.2223536644,44489.7593459559,0.220227338128851,0.0982131237327722,27945,12418,27969.2965937616,12322.3050692454
1015,3,105486.997627951,46397.3965092128,0.232867241867298,0.102424317668331,29420,13488,29546.5898985943,13345.6825031061
1016,3,102712.691698063,40637.5259713191,0.22674283805909,0.0897091471180928,30701,12404,30628.69354237,12538.0740271916
1017,3,105513.957120809,53677.1179393836,0.232926756147591,0.118494626702864,31209,16611,31328.6907146274,16479.1378443123
1018,3,80426.6530940048,34486.203269233,0.177545416020603,0.0761298284941742,26402,10797,26526.3782669796,10802.4809546176
1019,3,99334.2310583855,50329.4090984497,0.21928473584166,0.111104410449742,29225,14541,29076.5791539915,14625.4369022436
1020,3,110187.650558507,51621.5193179444,0.243244142409816,0.113956801263476,33091,14690,33039.1969658398,14647.0044925144
1021,3,99366.88848077,43368.9913266413,0.219356828554963,0.0957389784513663,30681,13336,30755.3361049117,13203.8013771479
1022,3,106497.18043266,49014.351488172,0.235097265365966,0.108201362249603,29938,14533,29969.5704175076,14380.0100582445
1023,3,116004.26178276,39411.0717131578,0.256084570550384,0.0870016947609623,34936,11819,35154.4882454082,11727.3762426343
1024,3,95758.3386131547,53978.4678690868,0.211390794126949,0.11915987008399,27697,16579,27933.5310717864,16510.4449791931
1025,3,101682.598611403,39521.0441643763,0.224468861726926,0.0872444638412516,30678,12101,30800.9259479109,12083.3160212796
1026,3,112393.085836795,50650.2345727292,0.248112738937541,0.111812646962262,33428,15067,33501.1073331014,14924.2637198521
1027,3,119067.192957061,42497.8042503282,0.262846127430642,0.0938157942090107,34497,13081,34592.646284663,13054.5239430395
1028,3,96941.4296708833,47653.3032392944,0.214002520289284,0.105196787667982,28851,14151,28850.9354821376,13987.630636322
1029,3,110049.413356215,45277.0804747355,0.242938977633633,0.0999511701635692,32342,13539,32319.601694232,13507.9829883591
1030,3,110898.883965231,43123.533164627,0.244814221807958,0.0951971186348257,32668,12796,33009.2144868272,12643.9241468268
1031,3,111514.077130794,40561.0980315174,0.246172288099557,0.0895404290396241,34137,11543,34105.0044403168,11605.7342831703
1032,3,107640.003464235,57539.146790852,0.237620098068475,0.127020227268587,30902,15799,30836.537871043,15810.0977449826
1033,3,91759.0596980901,48414.0573230213,0.202562207937646,0.106876186164483,29329,14536,29094.2924000664,14653.8165575094
1034,3,86117.6743351508,33812.4108109231,0.190108598684195,0.0746424016559302,27573,10922,27555.4185182032,10948.4395118225
1035,3,89516.1327326604,46900.9329309863,0.19761084684202,0.10353589672883,28154,14548,28134.6877006626,14491.1729902913
1036,3,100838.154405797,48561.0302749525,0.222604713561822,0.107200635496769,28583,13947,28667.6293961003,14084.172400111
1037,3,91855.6053559386,53238.6582288317,0.202775336774024,0.117526707378567,26364,15411,26307.6104198164,15460.9507452546
1038,3,102386.168674776,49315.9939224163,0.226022023953572,0.108867251347521,29407,14497,29578.1578225675,14376.263024499
1039,3,110460.324692084,41580.6369828983,0.243846082694803,0.091791106648458,32263,11973,32234.9282484768,11933.1746822323
1040,3,107261.749618238,39535.7335963857,0.236785085869592,0.0872768914161524,30740,11054,30694.012172895,11095.3595623555
1041,3,99926.4307430495,54013.1576630734,0.220592043000869,0.119236449348053,29770,15939,29940.2190761965,15623.4979537916
1042,3,93604.8288909713,46941.9274112561,0.206636825575223,0.103626393868448,26565,13577,26513.6134433246,13562.6225346878
1043,3,107991.734046905,42745.2146163407,0.238396558983171,0.0943619636027584,31168,12311,31097.0507763463,12245.6740507604
1044,3,99034.1460073416,45736.5665575769,0.218622284736467,0.100965506140455,31313,14252,31299.9114932188,14245.7696286713
1045,3,107073.719564421,46305.0358100281,0.236370001157683,0.102220427314452,32879,13862,32974.3688227434,13813.8000264914
1046,3,103673.28152671,41287.0318816028,0.228863382856011,0.0911429603207182,32089,13190,32350.6608564726,13204.3696868858
1047,3,92979.3795438568,38190.8609345482,0.205256118306409,0.0843080251628025,28324,11521,28499.5003894297,11474.1492503589
1048,3,94010.6961261651,47277.4678492299,0.207532795559668,0.1043671143182,28329,13805,28082.9343204334,13985.0933886767
1049,3,90887.0664739902,45960.9818665495,0.200637244088174,0.101460912922413,27393,13659,27401.7838074943,13685.9096165042
1050,3,99849.6784845404,42368.0413052632,0.22042260897442,0.0935293367327971,30990,12780,30814.2622148908,12770.7671870585
1051,3,112504.001388465,48990.8607748261,0.248357589954051,0.108149505454458,33858,15092,33744.5092254624,15100.612553057
1052,3,112069.904329314,40181.4682572572,0.247399301376876,0.0887023794178644,33020,12101,33041.1920497364,11954.2387956481
1053,3,96331.8015255666,46103.1161834814,0.212656739027547,0.101774680752599,28182,13327,28254.9335654692,13482.9216723707
1054,3,113641.332623794,46236.0906073792,0.250868299271939,0.10206822771126,34432,13654,34225.336676946,13831.1405638465
1055,3,110970.010915772,42887.8130729754,0.244971237716719,0.094676756041995,34716,13510,34684.8224117202,13521.6027754861
1056,3,102607.976259737,45737.7666600701,0.22651167406872,0.100968155420118,32150,14476,32198.5749654492,14384.2962626237
1057,3,99143.9741234188,51243.1264959423,0.218864735190509,0.113121482268875,30782,15685,30750.4157440833,15705.8751331735
1058,3,94967.3008276682,48836.8842442371,0.209644543011065,0.107809595410597,27138,14209,27328.7240971577,14195.4470679252
1059,3,103910.196931239,51409.4873553451,0.229386384155215,0.113488731269747,31147,15363,31251.2177054269,15292.280631208
1060,3,111242.548575039,53128.9631751888,0.245572876728593,0.117284550665771,32892,15190,32580.4716820039,15379.872285849
1061,3,107848.575038058,43862.5587306032,0.23808052909998,0.0968285504613839,30968,12634,31177.8524765701,12560.9820073278
1062,3,108593.561070875,52190.8199006467,0.239725118922353,0.115213557635999,30644,14434,30828.6372510544,14428.0143569491
1063,3,93143.0559970531,40571.0336675196,0.205617441361113,0.0895623623982755,28646,12480,28880.8314574947,12321.0453434834
1064,3,99571.4144846879,48862.1837534593,0.219808328810857,0.107865445203137,28022,13993,28076.6999455076,14037.2719946967
1065,3,108240.214389939,43385.2023227951,0.238945090398812,0.0957747649468314,33302,13512,33196.0719835745,13577.9343642092
1066,3,99113.7859966408,41330.865617676,0.218798093557151,0.0912397252438807,29353,12682,29292.4343956513,12677.2882184352
1067,3,95728.6083337915,48669.9764832459,0.211325163212135,0.10744113910013,28556,14601,28564.6041624643,14557.1741257542
1068,3,116447.216525016,44408.6029416368,0.257062412857217,0.0980339673584452,34913,12761,34966.0209304043,12824.8106023456
1069,3,115962.37581083,57402.9080695165,0.255992105403252,0.126719474228058,33557,15959,33617.0107911356,15917.9928841319
1070,3,94619.2877075106,46684.6241080578,0.208876288560307,0.103058385375587,29171,14359,28871.5371298744,14537.2545017104
1071,3,88257.4808241257,40641.4325323117,0.194832316738763,0.089717771025342,25872,11888,25948.0146686192,11874.9923254218
1072,3,103551.338281966,45025.0542307455,0.228594187716263,0.0993948110137606,30651,13770,30639.6042656741,13767.6713672192
1073,3,108876.941991732,51482.097771254,0.240350694916758,0.113649021994327,31252,14148,31169.6163537681,14105.8138416451
1074,3,81501.4218275372,43185.4139866449,0.179918015831488,0.0953337233033804,25144,12736,25030.1320340256,12955.6804952822
1075,3,96694.029266838,44396.7237892724,0.213456372887022,0.0980077436009298,30955,14745,31060.5849747194,14483.9434637756
1076,3,93653.2744187133,52652.155960906,0.206743771233738,0.116231977520367,28452,15057,28492.0707726202,15040.9694066355
1077,3,95991.1932480709,40950.3941253212,0.211904831096511,0.0903998174919672,28909,12841,28953.7550733969,12822.4179471049
1078,3,90614.1344193013,46634.5402900537,0.200034734430854,0.102947823118408,28186,14587,28179.6362692072,14534.1741802365
1079,3,111900.683241112,36754.157079428,0.247025738293638,0.0811364374634165,33749,11445,33788.0612275895,11334.7121498267
1080,3,111407.224072983,46867.4044587181,0.24593640521904,0.103461881134144,33196,13521,33047.6981798746,13504.1900635749
1081,3,106406.250451637,53971.6395171081,0.234896533386101,0.119144796193107,31252,15602,31110.4370982134,15628.8677786379
1082,3,105273.067696176,48012.1367944067,0.232394982022147,0.105988928710456,29045,13208,28980.9465474297,13406.7671193773
1083,3,93188.13450398,53032.0268981664,0.205716954171332,0.117070559520182,28093,15730,27889.4048657342,15842.3044657532
1084,3,84074.2705541776,39582.069688322,0.185597693897856,0.0873791804012478,27891,12439,27767.6151220271,12386.3175133072
1085,3,93985.358455772,38603.3064611143,0.207476861524645,0.0852185170182129,30730,12460,30714.3897573554,12439.5803475132
1086,3,107011.795093906,46206.5106539414,0.236233300133128,0.102002928647617,31206,13257,31002.7753454716,13460.5393154158
1087,3,98367.7061456564,51376.5213402104,0.217151089082492,0.113415957324214,28426,14640,28721.4588742665,14612.6616032381
1088,3,106877.992426368,48796.5415293211,0.23593792478977,0.107720537072004,32760,15071,32702.7628964493,15044.2601784928
1089,3,93814.777628391,37359.1421078839,0.207100296756656,0.0824719688380455,28438,11442,28606.9874546025,11315.1743901066
1090,3,99951.8519662756,45890.3742939702,0.220648161482489,0.101305043563617,31186,14092,31039.825467644,14148.367358907
1091,3,90597.3422505915,43737.4459220439,0.199997664971107,0.0965523583684567,28210,14244,28008.8602812405,14479.17958125
1092,3,95249.9733711861,49258.8112653846,0.210268555230967,0.108741018087261,28607,14984,28818.625020662,14780.0783322911
1093,3,112908.92838619,45079.1035631868,0.249251484322439,0.0995141273205417,30640,11829,30475.7787404118,11871.3193905717
1094,3,97788.576590325,42296.0693993388,0.21587263481546,0.0933704555474242,28932,12923,29062.8807712171,12976.7978246181
1095,3,101363.689294924,47183.6078394518,0.223764855218026,0.10415991416946,31383,14845,31272.4170005668,14952.132836364
1096,3,97702.9474551142,47675.8646613778,0.215683604688635,0.105246593011307,27772,14155,27755.6929069975,13970.7808486568
1097,3,97512.9863594703,45618.7207669866,0.215264257115954,0.100705356313106,27064,13233,27159.5062575943,13097.6215031388
1098,3,100909.84492061,47945.0705412778,0.222762973563795,0.10584087697195,30059,14304,29946.448848035,14200.1750042567
1099,3,106543.265461112,54268.8665817828,0.235199000117247,0.119800938166199,31651,16203,31677.3308298417,16210.842618059
1100,3,125190.073183471,42744.8085895851,0.276362658023697,0.0943610672806256,36459,12353,36712.9434497421,12188.3628060776
1101,3,103217.127809279,43889.3200011925,0.227856403224072,0.096887627157196,30045,12909,30021.4871175614,12830.5914756917
1102,3,111453.125736828,44290.2414735484,0.24603773518479,0.0977726791500697,32593,13217,32622.8583250695,13155.5730310581
1103,3,112920.031584699,42234.7600332436,0.249275995127284,0.0932351123932512,33900,12810,33824.6583397165,12849.372609362
1104,3,95475.1708468328,45668.6129982342,0.210765688680667,0.100815495633994,27218,12768,27234.6602948209,12834.8183736748
1105,3,102708.367742989,50090.8625344809,0.226733292735829,0.110577808293482,31233,15243,31242.8290681358,15367.9357143017
1106,3,106457.869097418,47540.8309543072,0.235010483843905,0.104948500093395,32110,13929,32075.474407929,13773.6084723037
1107,3,107959.29054658,49103.1197747807,0.238324938512336,0.108397322192844,33118,14786,33012.58989409,14849.7892538868
1108,3,108615.936858485,53430.3843469069,0.239774514469317,0.117949951316816,30823,14716,30810.6505726908,14734.4277460739
1109,3,96685.6222875652,48688.0693673194,0.213437814106133,0.107481079946929,30034,15066,29852.7047618969,15120.2567937646
1110,3,81390.5764266869,43031.3992915328,0.179673319676036,0.0949937290096356,26051,13091,25839.3737524256,13045.8874218898
1111,3,102316.537264531,44809.7351459916,0.225868309516572,0.098919484551585,30684,13844,30988.2635015039,13708.7193882889
1112,3,98020.0474430642,50172.8872749654,0.216383617024284,0.110758881558538,29413,15024,29498.6923413942,15176.2857146035
1113,3,98590.6103613242,40042.8951255108,0.21764316005873,0.0883964730624621,31096,12938,31092.9158038434,13041.100805497
1114,3,99540.2011567209,57134.7155660094,0.219739424000249,0.126127427340901,29061,16508,28870.6688441971,16380.9960335467
1115,3,107997.73942478,47128.9538539762,0.238409816122096,0.104039263064196,32526,14391,32545.2224547453,14447.7565612844
1116,3,116890.71405372,52010.9794811658,0.258041453389287,0.11481655190636,30942,14476,31154.0008557533,14370.1800644633
1117,3,90222.0301974718,49734.5941908795,0.199169146910921,0.109791330069581,25765,14388,25772.9296410086,14305.8297387509
1118,3,104644.691576637,48355.8692088962,0.231007813772952,0.106747733312942,30871,14316,30920.1675248499,14200.2502606159
1119,3,110656.860981629,43131.0612009278,0.244279945300643,0.0952137371099882,31654,12220,31790.7683760035,12329.612774833
1120,3,98194.8121373958,48406.3003311626,0.216769417864765,0.106859062259737,29723,15202,29816.9078189856,15124.1382747279
1121,3,106437.301416657,46546.1810263275,0.234965079773279,0.102752766111383,33635,14511,33512.5392676212,14588.3352357976
1122,3,102465.212949357,40912.3038078525,0.226196517707503,0.0903157314209798,31786,12492,31660.2684507793,12646.1501716166
1123,3,96125.9330943278,42509.3382539804,0.212202275303599,0.0938412560353834,30051,12753,29834.6757807297,12790.0566344492
1124,3,95368.8400055268,50508.0461257076,0.210530958616326,0.111498759637494,29817,15765,29685.4407412739,15754.7012059514
1125,3,112972.107458098,44853.3556791157,0.249390954935402,0.099015778819749,32786,13515,32733.9364257112,13640.0108401992
1126,3,98395.632662082,48498.9369136317,0.217212738110346,0.107063561638245,28803,15001,28849.1179552515,14896.5205002831
1127,3,106596.090783985,40638.579600356,0.235315614368432,0.0897114730510826,33594,12771,33713.4491263821,12867.7116524603
1128,3,86655.0372256287,49930.3341479323,0.191294851179775,0.110223434736005,24761,15030,24704.086750176,15068.3926811495
1129,3,100783.42350329,46142.7457271875,0.222483892658788,0.101862164734007,31182,14489,31007.6795278437,14648.7400664286
1130,3,102494.637922893,54621.1071220052,0.226261474646115,0.120578524834887,30160,16347,29942.4272945267,16439.307529343
1131,3,98841.0711753247,50448.1943350118,0.218196063452168,0.111366634145883,29034,14144,29024.3984837434,14147.0528209025
1132,3,100830.665574823,54211.9208587563,0.222588181634164,0.1196752279483,29303,16558,29470.7724967996,16553.8453724085
1133,3,89003.1789168101,41557.5773513434,0.196478478464984,0.0917402014855524,24480,11622,24643.0233571774,11745.125444489
1134,3,95321.1984988141,45044.0721837796,0.210425787870016,0.0994367939914603,29027,14050,29089.593752632,13799.0449333037
1135,3,84739.4335913753,42286.713078555,0.187066070904951,0.0933498010528994,24669,12403,24823.5678235406,12394.8535856868
1136,3,87216.3327498818,42619.2973324077,0.192533936029514,0.0940839955946412,27244,13426,27238.281490903,13525.6304174766
1137,3,111340.617916976,54849.5781213087,0.245789369165407,0.121082884733745,31260,15171,31395.9672813415,15053.8266917373
1138,3,103178.853687857,37720.38647006,0.227771911397679,0.0832694318444034,34376,11973,34022.640633808,12311.6525712348
1139,3,88220.7816040148,39270.3617433387,0.194751301577102,0.0866910712404165,25695,11398,25906.2243773251,11337.5023778491
1140,3,81247.2203609218,46305.1343985238,0.179356854780927,0.102220644952943,25002,14241,25164.7310737672,14220.2601925654
1141,3,107369.077423309,42956.5709210793,0.237022016775812,0.0948285420516904,32165,12339,32100.0888489532,12277.7753027855
1142,3,89603.3804823414,41948.6886073319,0.197803450132323,0.0926035969892004,27650,12878,27580.7276976481,12994.0532754638
1143,3,115282.561666447,44523.7741616264,0.254491385425011,0.0982882129521634,34345,13267,34259.8835314361,13250.7668388074
1144,3,82279.9983264112,40121.5617576462,0.181636758102596,0.0885701331538884,26769,12274,26654.5694400921,12128.0677478202
1145,3,90890.1866427665,39411.7117429503,0.200644131999608,0.0870031076552132,27583,12286,27623.681124633,12143.8943801147
1146,3,110884.173236586,45496.0213097806,0.244781747219788,0.100434491800695,31919,13722,32084.5359572653,13592.2639355453
1147,3,100652.42958127,45578.1394267202,0.222194717746163,0.100615771198432,30975,14072,31112.479111618,14096.714498828
1148,3,84752.3587567642,45925.5184565414,0.187094603782769,0.101382625866553,26740,14635,26707.2804845486,14728.970183955
1149,3,102391.124599524,45451.9289474465,0.22603296437801,0.100337155948552,31392,14033,31460.6468483962,14071.1188749886
1150,3,104093.38128451,35490.1564819509,0.229790771767515,0.0783460998912804,31689,10739,31700.9372034513,10844.5614599548
1151,3,77324.3122317018,47095.5220245571,0.17069686050019,0.1039654608129,23379,14111,23380.6318263492,14036.7161942069
1152,3,117429.85686416,43892.8513710136,0.259231635137398,0.0968954228132364,34662,12608,34760.6310247466,12570.7000164526
1153,3,96498.4269421866,38522.6694750401,0.213024572050249,0.0850405072827779,29379,11740,29387.0911970339,11689.5809308743
1154,3,105740.976615501,43519.7422322407,0.233427911785421,0.0960717677845098,30762,11985,30495.2380257049,12186.3007871308
1155,3,119611.47475802,49051.898007975,0.264047653729029,0.108284247863042,36736,15424,36709.3431820637,15264.781607037
1156,3,107082.047727313,42440.7783498233,0.236388385947905,0.09368990699576,32129,12380,32120.0553065619,12421.5052059383
1157,3,89693.5565206461,37503.7499544475,0.198002517750084,0.0827911970949763,26529,11339,26418.9141008952,11346.5064438184
1158,3,84430.5307525161,38202.632655078,0.186384154140727,0.0843340117597617,25869,11786,25900.5366029437,11836.343023803
1159,3,107820.840343573,56416.8187148698,0.238019303527597,0.124542638092659,31673,16775,31589.2962892454,16943.7468988731
1160,3,81997.3421220972,36493.2862995143,0.181012781952214,0.0805605536069386,26542,11237,26505.8158996636,11273.3627298101
1161,3,79736.5217306464,37582.1306765196,0.176021920322316,0.0829642260272138,24411,11862,24412.5249821759,11816.4728189859
1162,3,105750.388314537,41466.1882408201,0.233448688529901,0.0915384559568826,31274,12378,31298.6989142177,12370.3406407631
1163,3,95265.9240220199,44943.2982715155,0.210303767002552,0.0992143310952854,27793,13073,27730.8470069392,13012.5029668847
1164,3,74516.0682654985,40513.9245334622,0.164497536966433,0.0894362914432534,23161,12686,23269.9714430343,12653.2460741954
1165,3,99009.662741612,50703.2802678136,0.218568236837763,0.111929747694912,29909,14965,29589.7368429408,15149.9618327368
1166,3,108254.479163921,46637.2099809445,0.238976580522219,0.102953716579861,30664,14227,30599.4326540228,14172.0465129082
1167,3,104424.344633522,43781.9140858052,0.230521388089683,0.0966505238189753,28886,12288,28963.1374220826,12244.2282391365
1168,3,104264.508740603,40505.0301688777,0.230168543242712,0.0894166567375974,31533,12208,31436.030541542,12409.1355491495
1169,3,114225.270206844,47762.689031157,0.252157367474137,0.105438261671634,33666,14253,33672.4208398571,14225.0112371658
1170,3,91134.2246432352,38404.7134245854,0.201182856746334,0.0847801140518716,27212,11707,26939.463089534,11728.5784925779
1171,3,92292.467885759,40578.9545159171,0.203739730250775,0.0895798480236232,28916,12851,29121.1023738035,12810.6530731209
1172,3,92045.9243207259,44813.4173861215,0.203195474358766,0.0989276132605466,27595,13961,27676.0746864226,13772.0067057343
1173,3,96544.5473314383,45062.5927593845,0.213126384862069,0.0994776789863497,30798,15218,30716.7465374904,15251.1499386095
1174,3,102717.607073671,47040.4893771539,0.226753688969498,0.103843973794579,30816,14163,30851.3022576082,14088.2465117788
1175,3,95088.009366012,49654.4595036601,0.209911012481483,0.109614429181222,27161,13152,27181.5260922452,13201.9410568724
1176,3,112967.920214557,37668.2551542525,0.249381711408937,0.0831543496447013,34119,11166,33963.313694626,11150.1007245325
1177,3,81775.6318767228,45106.0764813403,0.180523346718535,0.0995736712377708,24420,13275,24547.8561636563,13252.7630428034
1178,3,112594.771830658,44211.313541367,0.248557969744847,0.0975984422271629,32611,13255,32601.2589432129,13087.7331381913
1179,3,90986.7849991568,35804.911252579,0.200857377170362,0.0790409350553189,28427,11229,28465.8784571861,11084.0942430844
1180,3,88288.8352379633,38448.5569651868,0.194901533002709,0.0848769006189664,31311,13282,31330.6795624514,13267.8872258122
1181,3,99471.7072542957,42960.7482391926,0.219588220662386,0.0948377636673331,29002,12484,29214.4320141089,12340.9511497967
1182,3,90570.9728718722,40776.3591321146,0.199939453394038,0.0900156274991933,28339,12966,28259.7972607111,13164.0757439192
1183,3,98091.3673351544,40512.2610695937,0.2165410588601,0.0894326192727326,30066,11935,29881.9293546866,12005.8924755786
1184,3,97264.6164703651,46105.6822286622,0.214715969532277,0.101780345411535,29454,14065,29674.7465572502,13970.4385747051
1185,3,122919.889024702,50057.9352931189,0.271351125460718,0.110505119942778,36724,14775,36765.2242106101,14825.8669631327
1186,3,99702.8085475174,47217.9288623902,0.220098387052128,0.104235679355022,30423,13360,30216.4346110217,13429.9809382267
1187,3,120054.213667036,55384.996853638,0.265025019574376,0.12226484541369,34326,16101,34550.9570719183,15811.4482689134
1188,3,95742.0705646787,37733.8187542943,0.211354881685943,0.0832990842096422,31109,12308,31143.8887678316,12297.6808214688
1189,3,106617.745065801,38442.5753773763,0.235363417159245,0.0848636959976696,32643,11512,32629.1943429737,11468.570249509
1190,3,108502.097237838,55504.1903053957,0.23952320844041,0.122527970263042,32729,16179,32711.6206661444,16256.5562000585
1191,3,98806.8928169526,47496.5358012919,0.218120613204985,0.104850716571798,31351,14236,31483.7217543634,14247.8458023652
1192,3,115695.177379422,53965.4247102704,0.255402252974493,0.119131076730429,33541,16213,33366.2054702468,16238.7245157913
1193,3,103877.02448866,49584.5733450859,0.229313154511913,0.109460152375949,30809,15171,30863.5691193532,15093.3601960111
1194,3,102355.522907363,49078.8257577366,0.225954372058145,0.108343692069036,31338,15112,31358.0154921713,15219.795020265
1195,3,100484.196702142,44000.3724839305,0.221823336178436,0.0971327804551306,30528,12973,30573.2757182823,12849.9902538417
1196,3,112025.313643046,50513.4659028025,0.247300865452472,0.111510724036633,31986,14411,31935.5926287674,14361.563288659
1197,3,106891.428197322,47926.2208951695,0.2359675848521,0.10579926553928,31335,14217,31384.0337579364,14184.1357237647
1198,3,79406.4915322362,37323.7533778594,0.175293363971629,0.0823938466415729,27186,12542,27266.7510453658,12626.3110376103
1199,3,84334.7212979066,47686.1175554383,0.186172650505763,0.105269226731241,25353,14760,25565.7514326423,14712.9565306595
1200,3,98977.6348478536,45020.2630750436,0.218497533836919,0.0993842343243227,28952,13060,28896.5398406716,12974.8989475183
1201,3,96539.7590988465,34886.6960968256,0.213115814625527,0.0770139342346566,30430,10669,30178.7600398643,10797.813258078
1202,3,108068.147612933,55659.128750004,0.238565245330896,0.12287000377491,28384,15787,28422.579237764,15787.0841203284
1203,3,87013.2609437606,42243.2367623037,0.192085645979974,0.0932538251499004,26096,12945,26263.6452356168,12774.3527399295
1204,3,110864.040360274,43087.1760628644,0.244737302999333,0.0951168587146449,32305,12259,32366.257964717,12171.42338386
1205,3,111715.238001468,46477.5841206484,0.246616359674053,0.102601335389253,31888,13291,32034.1294057253,13082.071690497
1206,3,100289.917519213,47676.6595926464,0.221394456235901,0.10524834785746,29280,13903,29417.2760572898,13830.4326933148
1207,3,97421.9730322358,42466.4122655312,0.215063341145618,0.0937464950054995,26322,12089,26251.2127141308,12146.9872754767
1208,3,82493.9696239675,41255.5719266122,0.182109109264551,0.0910735110699796,24308,12296,24369.2043692311,12173.786844489
1209,3,100448.146867257,44543.8778314243,0.221743754563561,0.0983325926979379,29871,13328,29737.9182699457,13425.1054048227
1210,3,85486.1948460603,35511.8866671972,0.188714579608603,0.078394070242294,25754,10873,25543.1821164536,10976.9124272621
1211,3,102710.785838658,38879.0072244466,0.226738630789634,0.0858271387230825,30305,11587,30314.9437898335,11578.0944858573
1212,3,111606.044775366,45010.4998050725,0.246375310767886,0.0993626814713561,33752,13830,34086.3368659772,13604.7268883512
1213,3,84745.6388846402,32654.3847352695,0.187079769365994,0.0720860075570198,28128,10780,28091.0437782277,10884.0135195843
1214,3,101861.374837406,41146.3677851552,0.2248635182021,0.0908324380676817,30805,13390,30897.0848822922,13327.8071231491
1215,3,91109.22949981,44350.2749530911,0.201127678854836,0.0979052057278961,26951,14229,27076.1158608678,14233.2228558337
1216,3,94040.7895370453,44927.0944595686,0.207599228103466,0.0991785604592766,28539,13969,28654.8732929615,13873.1465610962
1217,3,106035.897090543,42682.2737964881,0.234078961859245,0.0942230189418094,31439,12929,31394.1160195014,12965.1279763688
1218,3,110427.314109109,46010.212789231,0.243773210363779,0.10156959237521,31506,13867,31556.1347492214,13973.8089194779
1219,3,98169.0979604687,44096.8835257696,0.216712652674813,0.0973458328751272,28648,12937,28386.6824557108,12858.9347412015
1220,3,103522.432062064,47467.2336394494,0.228530375949385,0.104786030745464,31704,14785,31474.1519364694,14641.0184722507
1221,3,98775.7685994305,46325.40151554,0.21805190510965,0.102265385515727,28397,13401,28475.1296131639,13351.4084372804
1222,3,101876.706005259,42378.4364408452,0.224897362437436,0.0935522844572204,30081,12902,30134.1374207021,12848.3210834931
1223,3,100129.400901423,34498.4080868126,0.221040108658481,0.0761567711721456,29664,10043,29680.8088773882,10062.6112917093
1224,3,80138.7216245112,42712.5085649295,0.176909794487565,0.0942897635387148,25265,13463,25248.1315035432,13579.6905980859
1225,3,105537.383400265,35991.1852055751,0.232978470702055,0.0794521430965118,33215,12179,33275.6047722351,12043.939458151
1226,3,92542.9471711445,40522.2970899789,0.204292674420618,0.0894547742343769,28512,12548,28625.3355784412,12322.3645422026
1227,3,104301.626645086,43498.6440225528,0.230250482668758,0.0960251925476672,30825,12571,30541.0322856345,12836.8774825117
1228,3,107619.931238623,46253.8451583038,0.237575787737142,0.102107421672577,33818,13621,33531.1100783682,13790.5590772216
1229,3,108503.642221033,41479.0205193786,0.23952661905957,0.0915667837828893,30939,12056,30989.449030485,12086.6024537582
1230,3,97162.3600938805,50589.4934680182,0.214490234030359,0.111678558270385,28279,13762,28087.5023903826,13870.7772329329
1231,3,93730.7684542062,36610.8517948177,0.20691484276589,0.0808200846699669,27884,10840,28008.9832424687,10932.9984573705
1232,3,85248.8967779896,49090.3153070079,0.188190733562601,0.108369055760384,25460,14548,25519.2227969987,14510.1461375656
1233,3,100994.207801328,47168.9574028223,0.222949208377472,0.104127572678595,27938,13534,28304.2560198792,13350.4837887142
1234,3,108223.946940623,45553.4457234889,0.23890917928048,0.100561258749578,31610,12983,31755.5784021984,12949.3924032669
1235,3,105758.647381748,54414.6090010287,0.233466920788332,0.120122671042819,29378,15061,29255.382751288,15178.3673637304
1236,3,107224.981756292,44750.1560392534,0.236703919178025,0.098787961021946,33552,13451,33450.1623184773,13459.7996314653
1237,3,107622.987744864,43868.1187042647,0.237582535110696,0.0968408243506833,31327,12708,31268.16268389,12678.8940933658
1238,3,93454.5354121969,47981.2123993765,0.206305046032153,0.105920661732164,28697,15122,28772.5499485776,15196.4125271715
1239,3,96110.7904788341,40062.8067227961,0.212168847305988,0.0884404287996171,29270,12157,29213.0168639298,12170.2437148031
1240,3,92463.9224924771,44683.1369796147,0.204118223925537,0.098640013465171,28288,13769,28223.7176853804,13737.5578203669
1241,3,81678.4490358234,39387.4290711367,0.180308811272215,0.0869495025765062,27175,12923,26899.9047741523,13075.3308712045
1242,3,115837.478251718,36496.7695131854,0.25571638848306,0.0805682429561348,35207,11421,35307.4090004396,11297.6910766232
1243,3,92277.1992325589,39399.9465450568,0.203706024019318,0.0869771354572636,28613,12676,28778.372919258,12591.3290830235
1244,3,116774.700307211,44365.1481082249,0.257785347880783,0.0979380388797704,34649,13171,34553.0751016495,13105.2162079279
1245,3,94703.6422825939,39978.1525185461,0.209062505038928,0.0882535508762762,28207,11472,28277.5277923982,11473.3684385021
1246,3,96372.3593069285,41552.1378766089,0.212746272134891,0.0917281936029971,30877,12439,30691.7155984786,12553.8552387105
1247,3,104443.155847669,42478.2460196241,0.230562914682089,0.09377261854431,30635,12456,30644.6108189161,12367.9098211277
1248,3,90605.9801892874,40744.8449872671,0.200016733605201,0.0899460586219338,26651,12195,26904.9545601211,11898.3873610657
1249,3,86931.733540863,42727.8458726196,0.191905670609775,0.0943236213280137,25404,12935,25522.083859237,12908.7372909602
1250,3,97842.0486575373,45916.8190944098,0.215990676783558,0.10136342163749,29694,13899,29669.5926718093,13911.4691872444
1251,3,104232.743570248,41947.9868581642,0.230098420215474,0.0926020478466821,30120,12030,30010.7229286241,12001.4585407867
1252,3,95907.7263131673,39226.4402730803,0.211720574123091,0.0865941126401355,29367,11733,29321.6253261857,11764.4890522155
1253,3,101635.300371293,41009.3887012229,0.224364448756916,0.0905300506437704,31534,11969,31312.9543414454,12150.8876853798
1254,3,119430.17093008,44388.8264105012,0.263647417460088,0.0979903097858268,36401,13392,36182.5624917557,13514.2449940064
1255,3,103007.832089341,52366.4778143118,0.227394373607792,0.115601330297912,30880,15278,30877.450243566,15333.9852956993
1256,3,109501.190175991,40345.0021484302,0.241728750565112,0.0890633877605569,35527,12647,35516.3199040687,12658.6795039914
1257,3,109288.48150349,36599.895668032,0.241259186704158,0.080795898532495,33715,11667,33729.5870744634,11659.8860847169
1258,3,95522.4985793268,37104.8997602876,0.210870166756426,0.0819107175409005,28856,11144,28815.8023834698,11259.3841838965
1259,3,98269.4756436434,47966.7125271948,0.216934240877639,0.105888652619019,30757,14938,30815.1509993245,14864.231824806
1260,3,88641.2932028488,42302.7930239684,0.195679599646018,0.093385298248023,26876,13123,26753.6603084751,13065.3981505054
1261,3,99902.7788976045,44330.2557853102,0.220539830499445,0.0978610125240847,30993,13813,31036.52677248,13864.9537465302
1262,3,97636.7932896215,33990.1328876348,0.215537566424179,0.0750347310496318,32281,10832,32214.9015593075,10942.0055602133
1263,3,85132.0094726208,41483.6062410803,0.187932699634035,0.0915769069676292,25159,12752,25196.9693186649,12583.0944080664
1264,3,92039.1156926874,42258.5682830131,0.203180444009359,0.093287670164182,27754,12658,27651.1345191262,12788.2113889683
1265,3,105389.758658864,37484.5244846375,0.232652582515505,0.0827487560147586,30957,11360,31225.6813259942,11234.9926315418
1266,3,93556.3475711674,50418.0930946164,0.206529800904138,0.111300184318082,28521,15304,28586.5768343021,15227.6546671667
1267,3,98267.5705048734,45614.5119253246,0.216930035199018,0.100696065107827,31356,14763,31360.2384631901,14698.9837575272
1268,3,95745.2418493625,46357.6864276894,0.211361882438018,0.102336655896107,30028,13807,30245.9783155302,13756.2516128044
1269,3,94322.1088093321,52371.175104613,0.208220252916899,0.115611699775301,27489,15364,27489.699615411,15502.1787787727
1270,3,96997.3987723282,37081.869292571,0.214126074571578,0.081859876758466,29756,11259,29743.0617319126,11220.0400868085
1271,3,100041.577740141,38765.7301919043,0.220846235121462,0.0855770746324533,32304,12743,32364.1255377443,12607.1030552151
1272,3,94968.4190622282,40524.5681357733,0.209647011563622,0.0894597876690389,28656,11887,28632.0812152432,11985.0886786511
1273,3,105263.315854771,47903.0500864126,0.232373454398247,0.105748114947753,30608,13801,30695.2803696544,13788.5821418362
1274,3,93872.7298614967,49707.0218408969,0.207228228890348,0.109730462879911,27803,14442,27736.8236843143,14643.0016212284
1275,3,85633.4133910779,46365.9947801552,0.189039571098558,0.102354996953931,26465,14162,26294.1428369539,14177.2905840379
1276,3,106463.776156928,48057.1278579713,0.235023523940661,0.106088248485561,32697,14313,32847.4394190704,14330.740078745
1277,3,91995.8137711969,45163.8477935818,0.203084853090555,0.0997012039806041,27231,12699,27092.0824192697,12940.1645417287
1278,3,86084.2337934351,43866.3060474258,0.190034777200116,0.0968368228300407,26793,13933,26805.9790215216,13939.6137393658
1279,3,96164.62578908,38303.3666843092,0.212287691149248,0.0845563866123667,28333,11035,28223.4395543702,11023.8175678398
1280,3,87001.2417046193,44902.4024476403,0.192059112974665,0.0991240517440491,29204,14527,28867.3753279204,14572.7507142877
1281,3,97419.9884835999,41270.7810674356,0.215058960166184,0.0911070859252164,31976,12569,31916.5488737809,12602.7305235104
1282,3,102007.23509354,46797.4599657982,0.225185511208894,0.103307475553207,30864,13999,30857.938703273,13998.5408157802
1283,3,85101.8625431063,40584.2355833729,0.18786614894547,0.0895915062150609,27511,13024,27542.1238417167,13132.4726915928
1284,3,100761.349808421,54344.0910541735,0.222435163994996,0.119966999536799,31541,16103,31422.4041856473,16070.251587355
1285,3,101821.999652305,47199.8932764785,0.224776595728633,0.104195864996465,31617,14281,31638.1672023654,14279.2195689635
1286,3,92964.2087015813,47077.6562260494,0.205222627996921,0.103926021267593,28363,13762,28458.8504468876,13614.7324248435
1287,3,86847.2509203815,50959.0947710153,0.191719171465239,0.112494469595523,24599,14266,24746.521904472,14187.6684295004
1288,3,99931.4549443325,36389.3432640215,0.220603134148798,0.0803310947301972,31006,11262,31109.5238441989,11121.8402170162
1289,3,101588.104270062,41812.8145543498,0.224260261263028,0.0923036489702904,29950,12553,29975.6873464959,12568.8945709485
1290,3,106922.95809987,45498.1640277494,0.236037188515184,0.100439221945971,32656,13973,32618.5047968352,14155.9302335695
1291,3,106220.198059996,46058.0976032488,0.23448581445146,0.101675300233225,33245,14068,33288.2109507487,14030.7077058692
1292,3,95074.8984753414,39190.3772433677,0.209882069606839,0.0865145018970924,29089,12213,29102.3481507776,12126.6677077732
1293,3,93001.1924715466,41020.2459042657,0.205304271315049,0.0905540184026775,28786,12824,28714.3927829363,12817.1744333882
1294,3,99599.4499988425,40266.0635839757,0.219870218456049,0.088889127366434,30531,12684,30531.1707702233,12556.6073354602
1295,3,99997.976313977,45664.1315259877,0.220749983032762,0.100805602584566,29725,12322,29728.4699187705,12294.4004876732
1296,3,104152.268245993,45092.9754671547,0.2299207673557,0.0995447501659075,31195,13481,31175.5929241348,13585.2313100392
1297,3,98180.1141696557,47982.7534830817,0.216736971446859,0.105924063743028,28962,13879,29029.3677339664,13899.5977422999
1298,3,80957.873349367,40365.9606775443,0.178718108375793,0.0891096546463167,27730,13451,27639.9305492892,13402.0714035114
1299,3,98073.5254409253,44719.4826677228,0.216501672084552,0.0987202481892016,30748,13913,30754.5715149583,13788.4464635008
1300,3,98155.8047116741,49021.7674001172,0.216683307236495,0.10821773320526,28212,14320,28195.1339119364,14230.2681889816
1301,3,94148.3944148044,44693.3702295543,0.207836770659977,0.0986626038198342,27792,13306,27925.0085291361,13330.646600539
1302,3,101370.487238873,45721.8967261205,0.223779861981829,0.100933121834647,29714,12929,29691.0937282824,12928.4124573765
1303,3,107181.873049006,49768.9230068366,0.236608754788176,0.109867112458579,31710,15195,31770.1057637438,15104.3492396948
1304,3,92384.0895993809,41918.9983132835,0.203941989261137,0.092538054343749,28004,12868,27971.0256270939,12800.3272635143
1305,3,99662.1964798434,55686.4820921974,0.220008734105334,0.122930387495138,29101,16673,29170.9756838496,16767.9299221854
1306,3,118384.751806158,42591.8969009347,0.261339608218595,0.094023507922733,34707,12699,34474.3333197798,12768.3768020862
1307,3,94003.6972618449,42012.4789334807,0.207517345255203,0.0927444169731048,29130,13061,29304.4048624108,13021.3452112374
1308,3,102586.538984449,54235.7058645319,0.226464350329474,0.11972773440708,31241,16730,31324.4046399772,16706.6041513942
1309,3,114538.897721026,42972.0657936237,0.252849714169403,0.0948627476724174,34530,13068,34750.9566278082,12915.9706285607
1310,3,101966.58468903,44978.3481643421,0.22509577363183,0.0992917052935639,30884,13426,30799.7968427457,13528.2704041016
1311,3,99471.2614586523,40522.8310070926,0.219587236548664,0.089455952880167,29609,12368,29656.4927355481,12292.6184396793
1312,3,101811.272210311,43685.147391773,0.224752914423017,0.0964369070353848,28657,13085,28699.6334239705,13013.7434933773
1313,3,103848.167655476,47207.7536689293,0.229249451768411,0.104213217162619,31963,14479,31800.2426443679,14639.545968548
1314,3,107645.632989611,49493.8528035974,0.237632525496281,0.109259882743177,30690,14263,30597.5438334611,14250.3098038358
1315,3,124107.384890832,44783.0737902591,0.273972575433633,0.0988606284222659,36955,13503,37349.2714458726,13356.0572579307
1316,3,85919.8565454015,40542.9510878238,0.189671907109621,0.0895003688538071,26559,11949,26485.3103961289,11939.0524245024
1317,3,107734.795492953,44074.432459597,0.237829355690504,0.0972962711473867,33378,14098,33394.4364861773,14194.4678500393
1318,3,94527.5088366466,49404.1047056378,0.208673682618339,0.109061759822773,30661,15065,30560.5304592673,15220.575539973
1319,3,99979.694274843,54218.1680714857,0.220709624617748,0.119689018948427,28941,15551,28922.2324615612,15465.0566761638
1320,3,102280.594775444,48046.9220749284,0.225788964872325,0.106065718765295,30425,14414,30493.5128525878,14428.2862029848
1321,3,95515.5050984861,42079.4943914714,0.210854728336231,0.0928923565790818,28204,12301,28045.9792396986,12361.0867607069
1322,3,104388.055641881,50550.0465118762,0.230441278525627,0.11159147735915,32278,16032,32461.9628626741,16135.560503731
1323,3,99262.5002011748,50919.1199375421,0.219126386782051,0.112406223371587,30154,14645,30186.9428649091,14579.7942539968
1324,3,103787.96856584,42871.5212888207,0.229116559598933,0.0946407912034224,32043,13505,32334.3563951311,13294.4424706528
1325,3,107849.242867634,42851.2773140012,0.23808200336349,0.0945961017280685,33089,12079,32970.9329471851,12198.6037735435
1326,3,103998.876490938,52811.0872775502,0.229582148229853,0.116582825474954,30730,15875,30709.3664003634,15826.516460032
1327,3,93577.7632978215,52849.5199394541,0.206577077073815,0.116667667286517,26111,14863,26055.8858408398,14759.304988213
1328,3,78649.2965006804,37895.6739711219,0.173621822241188,0.0836563868040096,25221,12469,25092.051480612,12488.2533816799
1329,3,93111.5183107282,35689.7146746268,0.205547820514994,0.0787866334827698,28156,10644,28249.8171556277,10573.2155384841
1330,3,89081.7528312155,37307.496557188,0.196651933877895,0.0823579589864457,27662,11489,27713.269267468,11505.955492059
1331,3,92710.2894518362,39921.8021162584,0.204662089952662,0.0881291548554022,26981,11862,26986.0725677913,12046.848687371
1332,3,106977.244554355,44049.827587284,0.236157028279429,0.0972419547967382,31951,13496,31926.627641854,13478.4590501611
1333,3,90831.6963132297,35312.4869271557,0.200515011994096,0.0779538864420468,27233,10957,27087.7292809139,10962.2725150217
1334,3,99800.1563383381,44215.8022593341,0.22031328663274,0.0976083512718416,29558,13278,29487.6994379901,13313.5959554629
1335,3,107238.321723019,46858.9266415637,0.236733367748258,0.103443165975478,31927,13572,31798.8168655915,13703.9592438456
1336,3,104827.728914847,44374.5424565046,0.231411876842962,0.0979587773216848,30793,13002,30854.805824115,12994.5434216157
1337,3,92701.0095269868,53683.2968247189,0.204641604105562,0.118508266867227,26890,15798,26894.8019515035,15815.9651000068
1338,3,98224.5945974847,45835.4123441475,0.216835163970853,0.101183712613352,29664,13867,29812.884920645,13772.9463701952
1339,3,113664.75319865,39511.6966298282,0.250920001233246,0.0872238287427332,33733,11723,33738.1689416393,11727.5169395986
1340,3,84348.369261887,34786.6671122923,0.18620277899364,0.0767931157995998,25666,11892,25977.648431774,11612.8102494632
1341,3,96700.3891333013,46691.6198789338,0.21347041257528,0.103073828851136,27410,13451,27501.1703223657,13347.4878243883
1342,3,101559.020473867,43157.0136117617,0.22419605748858,0.0952710282118926,31565,13128,31489.2388845077,13122.642989909
1343,3,95385.2521315885,36617.8336598311,0.210567189115014,0.0808354974477057,29684,11371,29649.9018573527,11415.743571509
1344,3,89621.0867007654,56107.5159326075,0.197842537397493,0.123859838435574,28020,16963,27989.8316101802,16916.3488718282
1345,3,99337.5536165631,51798.4926655898,0.219292070536705,0.114347477804442,29090,14868,29204.0047511785,14817.4008402356
1346,3,87490.6267515454,41580.6415463981,0.193139452245394,0.091791116722587,27281,13082,27191.3615649736,13058.7054034217
1347,3,96422.8155811384,44487.1344898383,0.21285765660572,0.0982073292460757,28059,13142,27815.1880443751,13249.9818724389
1348,3,85439.7849910548,48249.8322763333,0.18861212778825,0.106513652065231,26480,14674,26577.4522430453,14640.89347127
1349,3,99505.0189030036,41354.4155868717,0.219661757609414,0.0912917128489502,28025,12777,28081.9341594782,12897.0500862703
1350,3,92756.44928115,44504.4062417398,0.204763989830174,0.098245457407062,27766,13388,27714.5654274591,13352.2719973584
1351,3,90539.3965368244,41059.8357844774,0.199869747229144,0.0906414148251567,27373,11839,27313.0650502878,11777.1755027867
1352,3,94772.3291060407,47399.7978564009,0.209214134258531,0.104637163253216,29567,15083,29684.1125280615,15150.6338018114
1353,3,101983.561314481,45164.2108520236,0.225133250288043,0.0997020054482719,32008,13587,31980.5612520952,13472.8640657248
1354,3,106653.797554822,50707.3128618072,0.235443004633242,0.11193864982562,32232,15501,32143.84175789,15457.6076033698
1355,3,113770.591992925,41841.6982943387,0.251153645081867,0.0923674111117608,33415,11945,33479.0736223687,11975.6127376355
1356,3,97601.470446518,45415.0649316559,0.215459589676016,0.100255776993095,27296,12754,27343.4562687897,12771.003347888
1357,3,87825.956268411,46915.9573942569,0.193879707077412,0.10356906390015,27224,14918,27116.5343752507,14843.8019416922
1358,3,106665.461024129,49430.1132767288,0.23546875226081,0.109119174900945,31617,14358,31721.6866593443,14406.2835540386
1359,3,103565.834287198,44634.8372088224,0.228626188292946,0.0985333895716091,28708,13450,28651.8969287312,13333.1796831996
1360,3,98441.1014127894,44265.1381320073,0.217313112401079,0.0977172624064161,29175,13000,29219.8353944574,12889.7462267195
1361,3,94414.9905988881,43356.3461647826,0.208425293600964,0.0957110636938017,29045,13503,29288.58804018,13542.0869802034
1362,3,103525.293346954,51713.9819017735,0.228536692363118,0.114160916532242,29947,15026,30066.5760840798,15110.6375494888
1363,3,104001.134855908,46647.5070762383,0.229587133671031,0.102976447875985,31056,14236,31204.8208211396,14147.2093516061
1364,3,94736.0502647897,44054.5031528093,0.209134047101913,0.0972522763157171,27453,12436,27442.3129600304,12352.4143099862
1365,3,102068.304186311,46675.2390923645,0.225320323949012,0.103037667535772,30632,13878,30707.4142763263,13920.1466858661
1366,3,102815.749463824,49020.3696026706,0.2269703426635,0.108214647505189,31289,14673,31203.8252738875,14854.7442409419
1367,3,96150.4677334081,52276.2765474732,0.212256436611261,0.11540220698704,28025,14905,27969.4975357719,14995.1028829366
1368,3,116103.517410372,42497.6205425974,0.256303681765621,0.0938153886660192,32738,13103,33052.6766812341,12947.4616404684
1369,3,87101.5715715924,44038.7654014952,0.192280595621098,0.0972175345292967,26660,13636,26556.8627192617,13751.2947112915
1370,3,103019.229476217,50251.6158993663,0.227419533846552,0.11093267850065,29552,14810,29831.3023999915,14677.4005249638
1371,3,103887.920677771,41113.5398011512,0.2293372083343,0.0907599688320129,29308,11488,29221.20886628,11492.3103272305
1372,3,88054.3231584015,46816.1302896423,0.194383837150328,0.103348691123998,27296,14478,27365.2389867311,14343.5838534647
1373,3,103476.177933982,41131.9079720519,0.228428267903146,0.090800517386735,30163,11623,30006.7836486078,11793.6022030372
1374,3,104964.319360083,46058.2560815576,0.231713406329655,0.101675650081144,31858,13603,31995.6706349576,13603.1918602035
1375,3,106061.313783329,40526.1707137797,0.234135070339717,0.0894633254313094,32487,12330,32540.3898303451,12302.6823706245
1376,3,95153.6782859223,56102.7358143332,0.210055979544721,0.123849286111748,29389,16818,29144.7895598918,16854.142694161
1377,3,112177.928811274,45735.2024193493,0.247637770228335,0.100962494744608,31980,13547,32118.393593364,13487.2845032991
1378,3,106150.003899191,44305.904989327,0.234330857717557,0.0978072570582416,32666,13688,32462.3442557302,13801.501641749
1379,3,100565.062909052,36099.3563626596,0.222001851929067,0.0796909357398355,30588,10810,30601.8809624045,10767.7850356107
1380,3,109390.547208973,45997.1429169591,0.241484501291354,0.101540740050507,32625,13719,32516.8101304493,13685.9271485866
1381,3,107628.713888774,39548.956057526,0.237595175828214,0.0873060805875734,32903,12735,32980.6577659712,12665.8005358713
1382,3,78561.2967097371,46896.9917790596,0.17342755878633,0.103527196460555,23683,14812,23880.7180783689,14650.7222810388
1383,3,98765.3475068904,45602.5544292291,0.218028900084086,0.100669668403038,28842,13471,28724.8333856231,13385.181703373
1384,3,106197.722190749,43813.6506226313,0.23443619796983,0.0967205836364248,31727,13415,31706.3404029396,13288.0686935508
1385,3,105796.911104756,45888.3382493309,0.233551389659763,0.101300548904464,31184,13972,31354.8868635482,13851.3900119314
1386,3,108977.464452546,49221.0548734438,0.240572602722667,0.108657669171738,31310,14777,31355.8355277295,14709.6404885496
1387,3,89616.5874456208,43290.6120305509,0.197832605091526,0.0955659526670468,24736,11891,24790.9037109705,11999.0417491687
1388,3,105160.18377151,41897.5730355068,0.232145785734648,0.0924907570895443,29989,11801,30034.1659928046,11721.6865947672
1389,3,108644.881915068,40821.8807086246,0.239838411969897,0.0901161184052358,33147,12256,33142.7849252431,12324.4080364965
1390,3,98745.1376729104,45579.5664661792,0.217984285976155,0.100618921451547,27692,12541,27673.063901343,12569.3455318493
1391,3,89737.8300365905,41883.6866610631,0.198100253506884,0.0924601022999592,27698,12576,27669.8533378222,12513.50554899
1392,3,117129.102179293,39610.5254304598,0.258567705785738,0.087441997718414,35278,12023,35106.1408099484,12244.2221062415
1393,3,110373.384031546,42635.7415508382,0.243654157317449,0.0941202969386615,31916,13214,31917.7277662799,13173.3939402127
1394,3,84368.0992057271,42904.4117685884,0.18624633372273,0.0947133984012706,26445,13877,26562.295556754,13905.3486481332
1395,3,90863.1824642394,40215.7413979835,0.200584519073713,0.0887780389013128,27518,12235,27610.7319691341,12276.3495737487
1396,3,87712.5663283352,34845.8867105881,0.193629393738378,0.0769238456983525,27050,10911,27014.0279640978,10867.2800407001
1397,3,107437.861375428,46252.1863209436,0.237173860411284,0.102103759715279,31971,13225,32170.148591484,13281.3477556579
1398,3,108340.617465541,46105.0873019016,0.239166734656552,0.101779032084235,31105,13705,31023.5131079792,13628.3760175481
1399,3,116662.805212968,52794.1483024936,0.25753833448045,0.116545431933662,34408,16836,34544.0131125905,16547.6879196551
1400,3,103048.140974511,40447.4544099512,0.227483357265716,0.0892895556874099,31366,12110,31335.2687869694,12195.0019524342
1401,3,105535.775900919,41589.2090457845,0.232974922075707,0.0918100298587711,31549,12266,31875.8502253792,12131.0962426826
1402,3,105162.899355434,48783.5641709048,0.232151780507016,0.107691888975754,30478,14286,30437.5368954775,14365.5408780183
1403,3,95285.2479072769,48723.6955482009,0.210346425339249,0.107559726326736,28162,14475,28273.5739883293,14475.3162303436
1404,3,98396.7027907539,50155.0284792282,0.217215100467015,0.110719457472159,28882,14677,28772.3027931533,14651.2266351467
1405,3,90985.4246214721,47058.6362986676,0.200854374076081,0.103884033931433,27104,14590,27213.4185650768,14470.0036328393
1406,3,94741.7488679616,41355.9607460174,0.209146627022026,0.0912951238565304,28415,13061,28525.5979739298,13042.1199710417
1407,3,95012.3301194206,42340.1283411211,0.209743947176596,0.093467717622212,27074,12394,27192.3555691304,12312.1516372343
1408,3,108383.307471817,44685.721494806,0.239260974745287,0.0986457188974773,32826,13848,32685.5748881084,13742.8673116732
1409,3,108127.387715827,55305.7106899429,0.238696020494461,0.122089817678773,30882,15596,30877.3057726115,15620.2074209162
1410,3,106757.781566238,42726.1981762949,0.235672553966157,0.0943199839650478,32421,13305,32350.8549968326,13189.0021419056
1411,3,111633.109836178,42353.6709244337,0.246435058094133,0.0934976134775752,32263,12497,32448.0968121266,12448.0611970483
1412,3,96729.2176063116,44406.5294914193,0.213534052712436,0.098029390124813,29756,13457,29679.2600566342,13491.1129012509
1413,3,109532.049442493,42165.4195302987,0.24179687376928,0.0930820401470637,30844,12349,30911.1296885252,12298.1541830594
1414,3,105042.124355907,44038.7565157556,0.231885164320577,0.097217514913631,32896,14107,33135.3746830511,13962.5393158272
1415,3,100815.37581626,47377.3293772098,0.222554428811678,0.104587563085462,28664,13701,28758.4120469959,13652.2478545761
1416,3,103049.922196281,39969.8007625156,0.227487289392044,0.0882351140031514,30422,12035,30577.7349338492,11935.0844972657
1417,3,114991.460267939,54780.5662725567,0.2538487661326,0.120930538006315,33579,16227,33614.3170805193,16156.7645680551
1418,3,93683.9463028969,48291.423923974,0.206811480783097,0.106605467478397,24337,12988,24529.6907858923,12937.3056566144
1419,3,92819.5816064569,46506.2862311422,0.204903357247936,0.102664696575529,28198,14060,28381.0204105533,14034.1718902064
1420,3,87181.808405739,43574.6395105981,0.192457722003344,0.0961929559696376,27754,13449,27424.8945870587,13585.9430299646
1421,3,98028.919632935,43612.9731312874,0.216403202778272,0.0962775791433124,28810,13340,29022.0559391335,13311.2224976221
1422,3,97767.3102537482,41318.9747176934,0.215825688431028,0.0912134755529753,30952,13303,30930.1473633951,13279.6437357574
1423,3,106857.84058649,43115.6675812303,0.2358934387064,0.0951797550094269,30937,12636,30733.4296891115,12574.3612043155
1424,3,104116.91492006,36907.2395385959,0.229842723315335,0.0814743738048264,31106,10483,30863.1687259651,10608.8428898192
1425,3,100196.528851032,37095.5290448388,0.221188296594713,0.0818900312695119,30334,11465,30179.7528763209,11410.524733545
1426,3,109185.668171634,48417.1778526734,0.241032221698471,0.106883074872566,32008,13635,32052.0766060943,13731.6750830883
1427,3,101997.992908375,47658.814253122,0.225165108673829,0.105208953476269,29922,13520,29816.7825326038,13545.4924427775
1428,3,104391.540587362,44457.6604284798,0.230448971697871,0.0981422639439103,32543,13946,32452.5116735662,14062.3646551735
1429,3,108545.875995678,45004.686025876,0.239619851996676,0.0993498472950428,31384,13487,31448.3374770089,13479.8806706663
1430,3,107474.417503827,45451.5981784457,0.23725455969162,0.100336425761262,31219,13485,31321.371341894,13385.8394830914
1431,3,107010.582891846,38881.57560139,0.236230624143133,0.0858328085294883,31507,11268,31368.0080095553,11194.5177537741
1432,3,92260.1258578017,44868.0527273091,0.203668333784706,0.0990482232077147,25918,13018,25847.6614148386,12974.631877895
1433,3,107525.666463272,39590.6813540822,0.237367694050386,0.0873981910366679,33332,12449,33390.5853657554,12505.3048451556
1434,3,82207.2269808234,36657.2821112349,0.181476112118588,0.0809225816597973,26956,12048,26984.8542949691,12066.1767031417
1435,3,95640.7045434709,41283.3805097869,0.211131111682924,0.0911348997549337,28618,12495,28658.3738399324,12516.6008870857
1436,3,96788.9850135337,45222.5232923437,0.213665991923773,0.0998307327554211,29469,14135,29188.1619643034,14112.2644284665
1437,3,108543.393542957,49634.2311818865,0.239614371871814,0.109569774260663,30789,14463,30740.6671720795,14588.1914362868
1438,3,92817.3709636829,49637.8551629001,0.204898477155629,0.109577774360033,30434,15119,30596.4522565588,15115.3102252474
1439,3,102198.522029075,37483.4132977456,0.225607785632141,0.0827463030202423,31020,11353,31031.7240183946,11418.7064618368
1440,3,99013.5872668302,38844.3803222559,0.21857690040184,0.0857506982954575,31215,12931,31118.8338366694,13053.0463149837
1441,3,79480.6689784602,40216.7409831238,0.175457113985369,0.0887802455299957,23388,12300,23447.2476923291,12253.803724292
1442,3,87615.409239876,44958.8015395922,0.193414915141715,0.0992485552495236,27965,13498,27762.3990386125,13702.1038090409
1443,3,105335.988330376,43924.8332078391,0.232533882122368,0.0969660241413516,29852,12617,29819.3047596539,12585.1004579474
1444,3,111003.154528459,49389.5085878568,0.245044403716753,0.109029538243185,33634,14546,33452.5786443733,14690.5154616791
1445,3,104744.486290034,44113.7482131001,0.23122811504405,0.0973830624229569,28691,12493,28687.3051630987,12456.6119244559
1446,3,93623.6699562018,36390.7748499514,0.206678418065224,0.0803342550198488,29274,10910,29016.284638599,10815.2687534682
1447,3,97998.0695890143,40682.8766947127,0.216335099933364,0.0898092608582772,28763,12612,28871.7134662243,12494.6548428885
1448,3,91082.7665281388,43682.3996365376,0.201069260667161,0.0964308412434162,26862,13112,26788.1586091207,13207.6566439792
1449,3,98505.4203642102,40567.3341034917,0.217455099348797,0.0895541954460382,30621,11981,30496.1449829742,12069.2054163365
1450,3,92367.7827832135,39801.7883005728,0.203905991238727,0.0878642190161698,27499,12187,27447.2035380568,12093.6664254584
1451,3,102398.262220637,41546.3738523694,0.226048720994271,0.0917154692629658,30890,12758,30859.0115378057,12747.0679275383
1452,3,100003.928040655,47017.8718181575,0.22076312173428,0.10379404452652,27942,13627,28131.5798240398,13606.0115738497
1453,3,94251.6908445072,43519.3945366284,0.20806480212566,0.0960710002309718,28585,13020,28555.0584612082,13048.7463046867
1454,3,79179.7917355674,33098.0862231839,0.174792914081413,0.0730654983381249,26591,10934,26517.7691893622,10884.5063257445
1455,3,95725.7198548648,43020.9438376135,0.211318786766355,0.0949706481297981,29905,13783,30094.4550505028,13777.5104129956
1456,3,103739.673959431,47190.5446050495,0.229009947105977,0.104175227388231,30766,13923,30717.0190946921,13808.591851153
1457,3,106499.139489559,41507.6481979255,0.235101590071257,0.0916299806573306,30532,11951,30667.0744603255,11806.6674223953
1458,3,119087.592426043,41973.2053260909,0.26289116016628,0.0926577187369554,34764,12013,34798.3989185542,12004.1308663349
1459,3,87566.1783840362,40983.0338724045,0.193306235836474,0.0904718711862561,26576,13353,26896.8026149023,13166.9184547303
1460,3,99671.530380583,45307.5670489028,0.220029339106613,0.100018470632821,32447,14416,32412.2050117727,14504.6136715142
1461,3,95650.3599087844,33120.7105342299,0.211152426331556,0.0731154425116336,30256,10617,30216.1459515514,10580.452634233
1462,3,89701.2890586937,47408.1394354969,0.198019587671954,0.104655577660305,27145,14580,27197.5791715738,14387.7976117265
1463,3,107059.909095245,38227.0579112007,0.236339513932353,0.0843879315996767,31681,11488,31700.1995983098,11406.7708124739
1464,3,89096.5957800696,45507.2281029662,0.196684700348063,0.100459231295401,29254,15092,29459.8020797915,14877.5048963202
1465,3,109930.346103588,37706.3678474204,0.242676131374478,0.0832384851110403,32944,11505,33033.5224548434,11391.1736669369
1466,3,82867.2969759218,42443.682491553,0.182933246008587,0.0936963180178745,24296,12927,24346.589565068,12824.8263207218
1467,3,96794.1078628847,42907.8995313058,0.213677300841703,0.094721097792689,29510,12672,29643.2956827671,12707.194787845
1468,3,106535.930229987,52826.5245059324,0.235182807268091,0.116616903843627,31873,16170,31833.5686502908,16283.7074978683
1469,3,103590.479351496,40643.2710846351,0.228680593369191,0.089721829711419,31526,12311,31362.3157658428,12334.5377300127
1470,3,89065.2571779485,43993.436687986,0.196615518989184,0.0971174693769118,26685,13011,26696.5525617007,12954.8379939787
1471,3,96831.3002413629,44750.2471652399,0.213759404672407,0.0987881621866167,28457,13229,28485.7335917323,13228.652566742
1472,3,108999.586625303,42083.1806186412,0.240621438403554,0.0929004940896113,33478,12541,33369.2397546564,12523.8055678007
1473,3,118715.073854255,51399.1992143709,0.262068808840454,0.113466019740682,37211,15825,37091.0568020318,15861.7660867945
1474,3,81122.2488708352,37439.9383672886,0.179080974654818,0.0826503301764459,25260,11305,25257.8164066716,11321.4737816458
1475,3,101055.836659912,50170.3179889392,0.223085256825532,0.110753209745292,29440,14932,29478.2015030394,14811.6052465006
1476,3,100032.749203092,50034.7101063332,0.220826745733019,0.110453849309333,29087,14451,28995.772629023,14504.6967365417
1477,3,108337.800297946,46734.1172883423,0.239160515633711,0.103167643773714,31592,13388,31612.9654380953,13317.1339993331
1478,3,87205.4136827801,61783.2540236482,0.192509831702944,0.136389282865146,26307,19117,26235.5096433206,19235.8535465034
1479,3,97467.4915869453,45635.5879162878,0.215163825380901,0.100742591295846,29612,14063,29606.4461162634,14021.4149850235
1480,3,105520.320633466,51494.6740190376,0.232940803884983,0.113676784621003,31285,15421,31367.2564866878,15472.2579351584
1481,3,109710.600249718,50884.8489729792,0.24219103262247,0.112330568692116,32348,14422,32300.4815477309,14379.2766209637
1482,3,109422.839015326,44004.0687862218,0.241555786890997,0.0971409402069391,31765,12267,31786.5773948183,12222.6407089191
1483,3,116164.140937159,46270.3216469537,0.256437510898997,0.102143794254543,33186,12922,33105.8702711009,12998.6044204927
1484,3,110263.136974829,46766.0869125399,0.243410782033301,0.10323821814191,31078,13087,31038.7903170284,13189.3961295056
1485,3,101513.595126913,57483.6603600119,0.224095779013566,0.126897738503135,29889,15479,29910.5414439983,15459.0872149998
1486,3,91891.2247039446,51990.6439809756,0.202853968069954,0.114771660384677,24617,14328,24614.4267965996,14330.0640025345
1487,3,88258.6743891115,50961.7562831726,0.194834951586588,0.112500345002059,25883,15033,25738.9818554917,14966.6473007005
1488,3,95639.0625333083,39656.934397105,0.211127486872413,0.0875444475776725,30879,11985,30831.7131999991,12238.7792286916
1489,3,89357.0091549287,45488.3314995191,0.197259574462526,0.100417516202315,26268,13875,26216.1660854997,13988.3718466369
1490,3,101088.955742924,46347.1320865584,0.223158368675217,0.102313356718349,28990,13804,28927.3506414735,13756.2103876066
1491,3,108197.421213544,35245.9170977121,0.238850622557448,0.07780693058092,31965,9985,32003.2035498906,10030.9922506354
1492,3,95525.6416078041,51265.4626688905,0.210877105131667,0.11317079036471,29386,15505,29378.4777994312,15607.8209486037
1493,3,90349.9338756209,50890.3407194042,0.199451499972673,0.112342691966755,26643,15278,26779.7222625558,15298.723851474
1494,3,111292.376914385,55475.6269778024,0.245682875005264,0.122464915446194,32303,16321,32170.0934246553,16324.4943815846
1495,3,99596.7928917768,43448.6259517371,0.219864352773949,0.0959147754303324,28861,12500,28853.2698300891,12410.0825200666
1496,3,103947.676977024,49243.5543267652,0.2294691230243,0.108707337716262,30989,14486,30942.249552037,14504.828080683
1497,3,112786.783448499,48865.2552366057,0.248981843936534,0.107872225638876,34445,14517,34591.3358778107,14532.6029603928
1498,3,93580.5254114624,44421.0717229867,0.206583174562602,0.0980614927481869,29495,14065,29507.565416595,14169.2251970379
1499,3,105136.838282634,47276.5164925235,0.232094249528985,0.104365014155931,29557,13939,29660.4466767156,13910.3951237861
1500,3,100581.428814274,43100.4066784868,0.222037980393195,0.0951460658874479,31429,13094,31451.5424772421,13015.5263053939
1501,3,133637.600965312,45120.5840397187,0.29501095155171,0.0996056973185369,37422,12649,37526.8576787514,12754.0415026409
1502,3,109532.41682306,50664.8409245516,0.24179768477823,0.111844891133953,31374,14430,31230.6189878706,14475.0693159757
1503,3,95719.705855329,40766.5085337844,0.211305510594732,0.0899938818649874,28306,12128,28338.7154043195,12124.6371231109
1504,3,76300.6874163776,45356.46855344,0.168437163164863,0.100126422880404,23301,14336,23367.220841456,14375.6491182456
1505,3,110752.118522703,51508.7182800986,0.244490230561915,0.113707787952323,32294,14878,32216.8083225599,14938.4358260858
1506,3,95851.5050361084,42338.4227709065,0.211596463151906,0.0934639525000585,32584,13419,32509.2843527263,13470.2778154259
1507,3,113457.865080053,43526.473971601,0.250463286504073,0.0960866283987377,32798,12918,32967.0238302145,12829.9266306431
1508,3,110105.902144614,45709.1864094128,0.243063679148008,0.100905063244854,33076,14448,33075.0920449483,14415.658640902
1509,3,97924.991215784,42481.0104718893,0.216173776172171,0.0937787211957148,28215,12652,28389.9837278802,12640.199182967
1510,3,94837.4202677105,49217.1622787198,0.209357825894741,0.108649076095648,28060,14323,27972.9551330551,14348.4982978852
1511,3,133261.403588541,40047.8473152087,0.294180479100162,0.0884074052416128,40285,12435,40392.5947217592,12407.1702676898
1512,3,99732.3717890008,43951.0479442064,0.220163649223388,0.0970238943385455,29624,13317,29720.120183327,13284.4204491111
1513,3,112359.209335416,41539.5019329454,0.248037955053105,0.0917002991950087,34558,12584,34318.1757934402,12720.0594738845
1514,3,92951.534481319,39414.024767103,0.205194649091637,0.0870082137589692,30116,12470,29877.5511245338,12652.9230292313
1515,3,104196.659944225,33530.6213086956,0.23001876400516,0.0740203387889754,29855,9442,29854.4977389261,9446.93993475872
1516,3,108897.450443205,50211.7995318944,0.240395968236094,0.110844782097464,34036,15107,33974.0652158539,15378.29128534
1517,3,91249.6183526628,33344.7470483432,0.201437593495388,0.0736100130870814,29811,10714,29808.0431889039,10737.797476578
1518,3,104247.107396842,38129.2834267906,0.230130129001928,0.0841720900739762,31694,11748,31704.4759999891,11714.6871099755
1519,3,99337.6356567366,41198.1111869442,0.219292251644039,0.0909466639299241,28944,12532,28839.6888278233,12673.0057444666
1520,3,91895.9217964575,39464.4066792289,0.202864337110716,0.0871194340721886,28968,12469,28907.9768682954,12458.5202306832
1521,3,108323.923358745,45372.3703147219,0.239129881672845,0.100161526726127,31377,13512,31387.4739333387,13588.8716038593
1522,3,97489.7465906249,40711.8937101997,0.215212954291963,0.0898733172113409,30475,12272,30544.9863374251,12277.9034561683
1523,3,93599.4397824492,47349.5283271513,0.206624928878323,0.104526191030198,28973,14230,28843.9984284889,14131.2069750102
1524,3,112018.851334178,43723.1432258884,0.247286599618046,0.0965207845301648,32833,13067,32854.6687881971,12913.7733843965
1525,3,90147.8317906224,40447.9572330984,0.199005350625668,0.0892906656918851,28551,11418,28593.6730129123,11419.0181070127
1526,3,113277.05815335,44443.0379677263,0.250064147166727,0.0981099842110375,35912,13697,35724.6177895726,13894.7001825186
1527,3,115165.930110094,46442.8479795345,0.254233916073781,0.102524653811843,34216,13606,34208.8026127916,13621.661626267
1528,3,102679.87753539,50521.5228768698,0.226670399334624,0.111528510165455,28630,15015,28565.3027567612,14878.9269682716
1529,3,103247.109103871,44004.8936832756,0.227922588266175,0.0971427612038967,29788,12506,29753.6284100249,12421.5440088251
1530,3,104785.431299099,43351.729896098,0.231318502973782,0.0957008730752375,32001,12786,32122.3848403971,12581.2781855431
1531,3,83447.6561905198,38121.8372894091,0.184214414803175,0.084155652394323,25856,12094,25881.5361260171,12022.2015693466
1532,3,97048.351671005,48237.7834647861,0.21423855536302,0.10648705377752,29966,14523,29782.199883038,14670.9137735401
1533,3,101775.492671732,46118.7136695072,0.224673929499267,0.101809112897153,29794,13591,29743.6629911073,13527.611385985
1534,3,97160.611047265,38172.7610325416,0.214486372932116,0.084268068823603,27891,11224,27750.8258963035,11189.4861448776
1535,3,118295.304089489,49308.538707626,0.26114214840326,0.108850793629084,37385,15658,37436.9696740927,15587.5733061863
1536,3,84618.017810757,38688.0300701872,0.186798040165736,0.085405548155789,25458,11580,25409.104049532,11641.8567524199
1537,3,125191.873889979,42487.2482673822,0.276366633163454,0.0937924914068731,37330,12128,37319.3133598566,12116.7328991351
1538,3,114759.843153211,41445.5735324335,0.253337461043929,0.09149294807068,33857,12878,33883.0157307514,12876.4485555377
1539,3,109869.807418761,34674.7800273954,0.242542489533503,0.0765461200802561,31922,10469,31916.3244145282,10590.7133138402
1540,3,92226.6237508579,40918.3629716515,0.203594376392647,0.0903291072947237,29304,13199,29318.7159053538,13066.661418647
1541,3,110663.410981792,41483.9171840194,0.244294404717505,0.0915775933880055,32887,12070,32993.4931952124,12100.0260451925
1542,3,109234.582456459,44063.0562947703,0.241140202159108,0.0972711577572457,33410,13794,33613.6112033143,13681.2751958686
1543,3,118509.650063538,47890.3160983462,0.261615326680246,0.105720004102382,36554,14864,36521.3257508898,14850.7385323208
1544,3,112637.638123066,41707.5623738658,0.248652598993063,0.0920713000977186,33205,12402,33112.863808591,12429.3251658521
1545,3,103049.098898708,43036.9150782908,0.227485471926013,0.0950059053543789,32005,13191,32036.0807044611,13090.3962722604
1546,3,86051.6305131234,39231.1708403455,0.189962804007849,0.0866045555779031,27420,11646,27232.2401794957,11810.6741970653
1547,3,98333.6998136442,36718.9338224165,0.217076018591154,0.0810586805559845,29301,11353,29301.8530338735,11315.9197294567
1548,3,99641.1264199919,40046.5021596595,0.219962221010508,0.0884044357508731,31022,12298,30991.8728484133,12317.1318517604
1549,3,98439.9645378843,55105.3291711995,0.21731060269913,0.121647466558349,28722,15980,28749.4282783824,15981.8369789786
1550,3,87666.934858191,42235.9858160518,0.193528660237247,0.0932378183633526,28141,13325,28051.5323499856,13394.9668740212
1551,3,101569.913482728,42023.5360127516,0.224220104290424,0.0927688259676806,31670,12399,31720.0562324756,12449.1749933808
1552,3,117727.067435704,42626.4552850982,0.259887740701169,0.0940997970937637,32775,12357,32824.1593788729,12392.9287122999
1553,3,95392.8119004529,42589.6582600472,0.210583877641223,0.0940185660233452,29313,12571,29120.4478464949,12593.8675523104
1554,3,112053.070310774,39279.2716586949,0.247362139531767,0.0867107402750929,35059,12091,34978.1281032482,12048.6572208798
1555,3,111988.727768605,40866.6369781222,0.247220100506423,0.0902149198619892,32536,12169,32619.2411453525,12130.1879759675
1556,3,97773.808083413,46949.2205168363,0.215840032679193,0.10364249372359,29581,14508,29685.9410845232,14428.2986598444
1557,3,106310.951070401,50178.7256161983,0.234686155760811,0.11077176995664,31715,15163,31706.5572003275,15131.2654282928
1558,3,111142.246616421,43826.8795118532,0.245351455691095,0.0967497869981219,33540,13243,33646.9076203404,13177.9893743175
1559,3,99992.0248634147,53299.6315746727,0.220736844940782,0.117661308753074,29024,16095,29113.5103035126,16126.8765341752
1560,3,105199.473341395,46599.7002453082,0.232232519208717,0.102870912169107,32788,14266,32741.5034837766,14320.241559572
1561,3,108458.465409093,43248.1398339974,0.239426889236659,0.0954721934029682,33606,13502,33681.6030442126,13633.7367093053
1562,3,116837.696410643,42831.9116611198,0.257924414582692,0.0945533511874818,34457,12428,34358.9510646044,12432.981743498
1563,3,102858.552326859,56957.139593941,0.227064831888553,0.125735420479702,30568,16185,30312.361157719,16245.3006287653
1564,3,103703.919267246,42968.8231916557,0.22893101703175,0.0948555894842641,30155,13094,30156.071982153,13175.1404316096
1565,3,103584.109947169,45056.9356433524,0.228666532625674,0.099465190650944,30265,13337,30356.0520792266,13416.7497052558
1566,3,95495.1455343648,44148.0102799749,0.21080978369235,0.0974586974603855,30261,13765,30242.9447712015,13799.884905091
1567,3,100759.117615621,40614.8191670828,0.222430236330049,0.0896590208371953,31244,12302,31099.4462083142,12460.5171217979
1568,3,120553.610122837,59055.3834761969,0.266127459475747,0.130367387230231,33777,16226,33635.6123773908,16353.7818188681
1569,3,93182.0575567496,46966.5465577067,0.205703539039872,0.103680741729891,28149,14120,28156.7378542794,14053.04228249
1570,3,91514.4729428514,40296.4938576611,0.202022271790344,0.0889563035498664,28246,12193,28271.5052167498,12136.387784672
1571,3,96844.8693974279,42365.8890479167,0.213789359188303,0.0935245855289204,29401,13546,29342.1051267375,13597.5903140522
1572,3,74938.9974783515,46485.5221795793,0.165431172025889,0.102618859007619,23247,13782,23122.2070178845,13880.8974831527
1573,3,94286.4756360035,43627.2892178107,0.208141591100954,0.0963091825414372,33062,14713,32954.7712451815,14678.1390397254
1574,3,93217.1894152023,49536.5765961357,0.205781094180918,0.109354197416589,29611,15325,29525.5139779455,15230.2024008541
1575,3,85096.4547632334,50043.7656811261,0.187854211030732,0.110473839893698,24576,14440,24650.7223211108,14230.8878989712
1576,3,91036.7675271554,38358.0372752862,0.200967715825347,0.0846770743750137,29854,12286,29876.3174805747,12344.7712963643
1577,3,101976.043354354,43532.5279033125,0.225116654056481,0.0960999927224157,31009,13594,30840.0891958497,13557.8514012881
1578,3,94396.8977629348,38571.2150150484,0.208385352860392,0.0851476737228216,28930,11744,28997.3503822513,11788.4399062665
1579,3,96484.9355517203,45576.138198668,0.212994789205373,0.100611353398444,28457,13714,28668.0535783901,13753.6607370659
1580,3,89434.0462271345,38127.7985737138,0.197429637227886,0.084168812194727,30444,13209,30580.9655432061,13237.7647116525
1581,3,98029.2371156927,50239.7531492937,0.216403903635589,0.110906490951923,29297,14503,29347.2565650392,14641.2567375719
1582,3,96384.8485497116,46136.3221948003,0.212773842694157,0.101847984500389,27566,13487,27576.252122588,13432.3897053323
1583,3,106312.264954943,61762.5068435104,0.23468905621941,0.136343482541657,31055,18807,31089.297026965,18766.6788918387
1584,3,100705.329945932,49477.3423813618,0.222311497655439,0.109223435251311,30500,15638,30682.7937592682,15481.7372660916
1585,3,100310.195822814,44540.3760046445,0.221439221493566,0.0983248622594759,28387,12594,28430.9525870952,12633.9631157107
1586,3,81817.2595550954,43795.2502475858,0.180615241671145,0.0966799639896197,25963,14114,26043.4361753105,14064.6612777945
1587,3,86035.0464564356,46438.6896339692,0.189926193964652,0.102515474078944,26388,13944,26422.195113319,14008.6792366184
1588,3,85526.2506648267,50888.5767582574,0.188803004611178,0.11233879794402,26122,16025,26219.5265862227,15861.9192493748
1589,3,98978.7947445904,37538.1147486214,0.218500094360586,0.0828670589074894,30069,10505,29954.3934026361,10669.168620654
1590,3,98194.1134692809,45993.7482926336,0.216767875523808,0.101533246266233,28337,13398,28192.0554657298,13411.7399129816
1591,3,91558.5373674201,41439.7290469569,0.202119545968627,0.0914800461088869,29218,12296,29104.9971587833,12361.6457109689
1592,3,97160.9122784208,51789.5112200064,0.214487037913298,0.114327650863605,29240,15614,29253.5891738716,15556.1053604234
1593,3,80916.5413431666,41686.029801677,0.178626866132661,0.0920237659863242,23626,12522,23742.6354602982,12433.0017885541
1594,3,92858.3810778586,50522.6676834776,0.20498900880779,0.11153103737699,26546,14572,26525.8773946057,14476.4148227898
1595,3,112298.404019066,51928.6355559937,0.247903724611176,0.1146347740269,31681,15270,31741.4882709821,15199.5858100418
1596,3,97332.8286068972,49613.1249585416,0.214866550859391,0.109523181333316,28858,15183,28858.8738587701,15225.9814369446
1597,3,86870.0317268972,42628.2582644435,0.191769461109461,0.0941037772509084,27221,12705,27207.0124109325,12802.3061562564
1598,3,108949.057416378,49142.3949779506,0.240509892926097,0.108484023951749,32632,14185,32528.2871701891,14270.022556943
1599,3,83310.0999770797,34575.460357464,0.183910753340191,0.0763268674887504,24248,10573,24568.5718246874,10416.2909575047
1600,3,105272.708623085,46728.1823606433,0.232394189352319,0.10315454215669,32100,14004,32119.4415637118,14004.2523072765
1601,3,103586.096686247,52802.0305212958,0.228670918440606,0.116562832282459,30843,15717,30790.4350922802,15711.8971518511
1602,3,103374.732654223,47365.2007019586,0.228204322933347,0.10456078849507,30314,13639,30337.4118513849,13578.6348966978
1603,3,98581.0536243485,39872.8731693081,0.217622063136542,0.0880211420274709,29211,12382,29266.1703207674,12474.8356995052
1604,3,93085.4948528695,34140.5691190692,0.20549037257362,0.075366825725552,28940,10679,28880.86582987,10572.1099807236
1605,3,105150.89960177,42915.5644375778,0.232125290516765,0.0947380184144043,31466,12403,31465.6332243878,12460.7024232192
1606,3,100705.402309291,40752.3661831657,0.222311657400773,0.0899626619966042,31561,12579,31644.7508589024,12602.2332701963
1607,3,97751.5939796834,37597.3775114885,0.215790994056591,0.0829978840939542,29431,11211,29298.3533987254,11305.5508734127
1608,3,94623.8452975834,47111.2497911053,0.208886349643224,0.104000180557505,27295,13886,27251.3259704478,13856.1170333433
1609,3,102299.352890343,51192.5857583633,0.225830374245778,0.1130099113414,31524,15505,31383.112578862,15538.8203541735
1610,3,101465.096318562,46992.0381857204,0.223988715735735,0.103737015633213,28529,13290,28688.7320927959,13174.9108605881
1611,3,105366.309227322,47385.1076219897,0.232600816851781,0.104604733906978,29474,14200,29640.0204031997,14165.5125467115
1612,3,95534.725209119,39886.1420220033,0.210897157585827,0.0880504336103138,30716,12814,30872.073514088,12712.7629640749
1613,3,97632.5646048966,45287.857061184,0.215528231414454,0.0999749599577564,29226,14020,29276.837080646,13896.3405477021
1614,3,91963.923523718,39892.9283070265,0.203014453949999,0.0880654146365201,26123,11624,26105.2315360457,11757.9381163605
1615,3,96918.1524409189,46207.4569120194,0.213951134768205,0.102005017554437,29594,14374,29635.612347218,14554.7699750052
1616,3,100547.862781771,42790.3386311085,0.221963881882619,0.0944615768735617,28994,12668,29050.1893868384,12404.6252625628
1617,3,75193.237480603,39355.4099023545,0.165992418145581,0.0868788188364352,25507,12750,25501.8146689243,12753.0005219501
1618,3,93930.9408069483,35044.1715891176,0.207356732143058,0.0773615683921958,26965,9609,26941.2067481221,9724.22995482959
1619,3,111578.947199725,44225.856300995,0.246315491663704,0.0976305460162542,33271,13800,33387.4644070373,13695.8421756542
1620,3,106879.240449982,40291.3372524344,0.235940679857442,0.0889449201143384,32241,12623,32039.8390054959,12761.928576328
1621,3,86809.4635541656,42199.3937183674,0.191635754172625,0.0931570396792159,24293,12258,24380.4442376205,12295.0923791756
1622,3,106071.445714531,44428.7222473325,0.234157437028759,0.09807838162116,32012,13547,32052.9375016801,13559.781567401
1623,3,81301.3629492191,47444.200753437,0.179476376954161,0.104735184624534,22887,13574,22818.6237492122,13648.7584392443
1624,3,112160.439190534,41434.5627917,0.247599161112193,0.0914686413704877,32261,12160,32169.6234244759,12099.448663004
1625,3,93666.2153068604,37226.1724972322,0.206772338820245,0.0821784325048393,27650,11456,27528.124784414,11564.4183535179
1626,3,98220.4180152809,41645.6502251829,0.216825943979763,0.091934626274157,29481,12407,29669.2717580536,12310.3049639724
1627,3,114707.860722803,40339.4097118643,0.253222707515372,0.0890510422079513,32910,11576,32941.674396153,11384.8167324117
1628,3,118161.970898817,51862.0699060125,0.260847809450976,0.114487827392123,33063,15315,33013.1579866428,15032.3572805562
1629,3,99256.5944197724,52534.4571604814,0.219113349506774,0.115972152180351,28726,15812,28677.480958477,15950.1616768301
1630,3,99196.339759133,43411.3384317214,0.218980334661833,0.0958324615704503,29328,13095,29234.5728846008,13031.4765191047
1631,3,97333.1389835009,43859.3705982072,0.214867236029557,0.0968215125172347,29239,13136,29335.3550698591,13166.8913364569
1632,3,107832.399568101,42959.1173170704,0.238044821030176,0.0948341633341657,32464,12713,32395.198032742,12733.8220571438
1633,3,98378.7829755893,50576.9675534375,0.217175541677534,0.111650906756493,30387,15065,30391.1343023116,15045.348224671
1634,3,107365.579176034,51206.4189520417,0.237014294239267,0.113040448732078,31842,14818,31637.3243857609,14975.9781967152
1635,3,108177.211413055,40359.5159970928,0.23880600852345,0.0890954277274053,31553,12161,31615.2400182664,12100.5691501667
1636,3,96439.7340045593,43865.8368088891,0.212895004778361,0.0968357869650879,29809,14554,29901.5361242829,14482.363186199
1637,3,101153.015667312,51769.3034772699,0.223299783809233,0.114283041372187,29618,15474,29589.481941659,15484.856538704
1638,3,104380.33100475,45201.3349626492,0.230424226045383,0.0997839585746529,29441,13481,29607.9316780107,13521.2063941954
1639,3,97992.5872367243,49359.8650418174,0.216322997396696,0.108964098796044,29935,14953,29854.2341635923,14916.2703571976
1640,3,84863.5394239964,45097.9106299338,0.18734004005368,0.0995556447573772,24986,13057,24927.0487695051,13067.9349135646
1641,3,107886.460335125,43348.4662212925,0.238164162579307,0.0956936683678575,35237,14163,34991.4884168602,14172.8961038639
1642,3,85938.9457300705,37531.0877271654,0.189714047334325,0.0828515464448939,26204,11200,26115.0617143248,11228.3543712296
1643,3,105749.053174615,44854.5704615014,0.233445741149103,0.0990184605059282,32577,13153,32513.8980676013,13152.3724986956
1644,3,85192.2384037807,42125.1086740368,0.188065657680005,0.0929930521378674,25673,12555,25914.2265052166,12462.679551454
1645,3,97396.2602992784,48483.1015781562,0.215006579143292,0.107028604430445,28373,14061,28422.5823681194,14108.864989239
1646,3,95535.2222084244,48826.0527359566,0.210898254733912,0.107785684374021,29148,15206,28942.855999924,15257.1043138532
1647,3,107283.290161874,41918.1817716379,0.236832637578311,0.0925362517917269,33841,12937,33935.5665130016,13009.326133723
1648,3,109896.111408178,41668.0067141057,0.242600556760777,0.0919839792184093,31647,11925,31528.1281666173,12027.8852579535
1649,3,133481.664422156,49006.295036723,0.294666714692877,0.108183577274484,38231,14501,38209.127524772,14555.7257540875
1650,3,92260.2863725395,51289.4024631648,0.203668688128134,0.113223638525989,26175,14144,26072.0365804019,14306.2864869106
1651,3,92345.9321357173,37011.0084681784,0.203857754961936,0.0817034483350223,30454,12397,30715.5414903786,12335.2012782492
1652,3,106027.675353573,39676.5035113374,0.234060812008983,0.0875876472682462,33054,12490,33000.008964833,12461.4675026256
1653,3,95386.0960051068,44083.789323689,0.210569052003362,0.0973169268412886,28349,12773,28602.3372863874,12815.2851369334
1654,3,98227.313271779,45580.537083316,0.21684116556535,0.100621064132073,29805,13827,29781.3968853313,13832.303496264
1655,3,80964.1104056154,39471.6572799302,0.178731876955035,0.0871354400959182,25653,12309,25767.7664249123,12522.8508803319
1656,3,122106.861129192,46773.5576669482,0.269556330198308,0.103254710164745,37918,15007,38034.0244302331,14991.406828088
1657,3,99309.7840717029,35559.6599614667,0.219230768030568,0.0784995319155012,30097,10856,30048.9933514582,10905.8105303183
1658,3,84485.4019638725,36653.4106412228,0.18650528478179,0.0809140352174493,25002,11032,24885.5426584426,10970.0775050817
1659,3,96307.6212995067,39819.3695634727,0.212603360102401,0.0879030304364595,28863,11644,28777.824834407,11651.755498711
1660,3,97331.6503792581,46606.3353226167,0.214863949869442,0.102885559397554,28241,13942,28460.9851634703,13783.6880833321
1661,3,88621.9261878649,45340.7926086996,0.195636846098529,0.100091817534746,27703,14163,27748.3093581149,14040.4690711716
1662,3,77270.0398578983,33099.6469938294,0.170577051819675,0.0730689438087855,24696,10368,24726.4289102565,10408.3655791506
1663,3,107804.626198168,44352.0974812028,0.237983510080019,0.0979092290398127,34205,13587,34234.4627139812,13509.3152398445
1664,3,96503.8016018587,41905.7564107102,0.21303643685067,0.0925088222544994,28520,12560,28473.9325507084,12544.2100149159
1665,3,99341.7282401537,42098.1480282639,0.219301286204069,0.0929335353124645,30423,12787,30396.0050572551,12762.420239701
1666,3,107418.007459696,53261.1621382349,0.237130032008725,0.11757638576009,30793,15475,30818.6790068991,15500.8545694499
1667,3,105033.018210465,51625.6178599531,0.231865062099254,0.113965848977362,31994,15446,31903.3546829598,15467.39070089
1668,3,103366.584807551,38318.2757610325,0.228186336199207,0.0845892990627482,30486,10908,30530.7506584794,11038.8381512252
1669,3,106709.296823896,45375.3042380711,0.23556552173967,0.100168003492492,33847,14346,33859.3871279566,14312.8498798416
1670,3,79692.0230247986,35514.957470313,0.175923687448782,0.0784008491768353,27392,12453,27425.2935033139,12410.8979622438
1671,3,116156.92703919,50090.6319611661,0.256421585898183,0.110577299292628,32669,14402,32847.7970346717,14152.2759049571
1672,3,108182.348838708,44889.8701821965,0.238817349619217,0.0990963862103447,34405,13912,34448.7241668837,13787.9105730532
1673,3,112137.210730972,49559.9434645346,0.247547883253948,0.109405780818501,33006,14124,32805.4873480303,14190.1981142757
1674,3,107915.031824368,35642.1364674501,0.238227235413359,0.078681602473002,31850,10364,31774.0912485952,10303.8409808965
1675,3,93814.4263613041,39817.1327698186,0.207099521318929,0.0878980926149217,28328,12308,28410.6624345314,12367.5991915558
1676,3,94371.8375505984,44603.0628599279,0.208330031326378,0.0984632462823358,27397,13681,27384.9947756675,13757.3480954035
1677,3,101253.502492104,42317.2679670314,0.223521612947036,0.0934172523290287,30341,13142,30525.7244781926,13169.968198142
1678,3,104503.269341847,44558.2784058598,0.230695617895784,0.098364382606889,29841,12618,29965.0035989683,12627.0614492145
1679,3,87805.7306699975,37472.9374139499,0.193835058168792,0.0827231770405436,25303,10822,25344.9056920134,10838.793189202
1680,3,87576.4214708083,50644.3675577071,0.193328847906383,0.111799695265495,27102,15492,27031.3749888905,15709.0415792011
1681,3,116923.615864648,36572.8277626855,0.258114085601175,0.08073614492681,35760,11512,35653.3151645773,11494.6222552158
1682,3,105165.360725024,58707.7136051528,0.232157214089926,0.129599890517168,31666,17333,31478.4493614804,17298.3440448677
1683,3,87627.6666392608,45230.6446810988,0.193441973896362,0.0998486610825331,26013,13207,25943.0625695255,13142.7375357916
1684,3,82458.0035528038,39476.7506771628,0.18202971256182,0.0871466839969863,27029,11944,27014.1808149344,12144.4966756139
1685,3,87669.944740531,41106.1863713277,0.193535304686465,0.0907437358084198,26753,12572,26793.3375350766,12487.7381781623
1686,3,116413.313565578,40126.8882329951,0.256987570565436,0.0885818915852711,34820,12360,34660.8952842234,12359.8169141176
1687,3,91354.3848821308,42483.3023678919,0.201668870271729,0.0937837806581395,28233,13385,28346.7348473272,13280.4406509208
1688,3,112337.647770919,44040.4499537079,0.2479903569399,0.0972212532532757,34051,13357,33892.7602581539,13417.3724048055
1689,3,92830.000495005,44273.3966235054,0.204926357408089,0.0977354933939349,27950,13428,28030.4123513157,13334.6498331336
1690,3,99355.9886484554,47554.2536709622,0.219332766690042,0.104978131337777,29405,14119,29366.0099167817,14094.9001685868
1691,3,103223.266213505,36204.2589797269,0.227869954024585,0.079922512935608,33358,11554,33331.3159396906,11617.7205765889
1692,3,113169.639257486,48786.865120751,0.249827015173526,0.107699175969445,33628,14470,33537.548727894,14451.5104072587
1693,3,95018.0062353535,40594.0533754127,0.209756477455128,0.0896131794279209,29184,13057,29184.3835863197,12826.4097186795
1694,3,114681.707282054,51629.7079852205,0.253164972630982,0.113974878110917,31758,14736,31946.4145197362,14620.9326204958
1695,3,104278.61767025,48456.5492082759,0.230199689332814,0.106969988892245,31036,14610,31108.4136393869,14632.4211269593
1696,3,123272.817430894,46078.5220217289,0.272130230624148,0.10172038804599,35316,13375,35343.0783105057,13337.8660049662
1697,3,97419.5001198117,50788.4126968967,0.215057882081387,0.112117681320855,26981,14282,27163.4920849473,14160.2489618076
1698,3,95223.1324125919,41883.4367950469,0.210209302620337,0.0924595507096083,28494,12719,28490.2644166797,12748.1182919726
1699,3,91645.3038224913,45252.2461705816,0.202311086779659,0.099896347331921,30262,14277,30259.3072411392,14165.5230162439
1700,3,105549.354652216,37699.129407774,0.233004897773505,0.0832225059333807,33164,11415,33090.0562975628,11496.7339839134
1701,3,97692.8308050874,38547.1272991464,0.215661271733469,0.0850944990179658,29570,12301,29575.125651748,12175.7322957394
1702,3,110213.731715867,47953.2470979161,0.243301717725405,0.10585892708462,32595,14463,32627.0601618455,14567.7946739192
1703,3,100122.739052074,51676.8445477472,0.221025402329564,0.114078934170465,31845,15985,31659.0535973538,16155.9063504222
1704,3,90340.8757889372,43254.2365956395,0.199431503843196,0.095485652275624,27485,13382,27377.0666337304,13365.9348018794
1705,3,100563.539334977,43504.1528427523,0.221998488571491,0.0960373535134225,29385,13218,29495.5305046088,13236.3164167129
1706,3,94611.5798443908,40252.9933825115,0.208859273109439,0.0888602743150242,31878,12872,31757.1132610917,13005.0931453222
1707,3,95762.0407147162,45252.2070387965,0.211398966680904,0.099896260946764,28803,13472,28740.8078618149,13488.8090180723
1708,3,111643.63584276,46939.8695097009,0.246458294722115,0.10362185095918,33049,14418,33154.1233697892,14373.7469646455
1709,3,82075.8449712492,44266.143230305,0.181186080485415,0.0977194812056395,25408,14010,25387.0913380361,14008.037428148
1710,3,103592.110294398,45135.0869822207,0.22868419374823,0.0996377132095504,31273,13695,31147.2295423746,13793.6863782497
1711,3,107733.546078679,45190.2560549432,0.23782659755289,0.0997595013928353,30459,12975,30437.7794862469,12908.7515961271
1712,3,82198.1874140704,54218.3137763199,0.181456156872683,0.119689340598333,24673,16165,24402.4939595832,16399.3313308761
1713,3,112549.492164604,52185.6934334063,0.248458012866904,0.115202240731418,32808,14918,32769.3972721946,15055.2466504548
1714,3,95785.9525883826,47247.894234767,0.211451753206199,0.104301829248126,28675,14114,28701.4752615178,14012.3425245376
1715,3,106877.631588681,44152.2117198495,0.235937128224519,0.0974679723258899,33392,12754,33509.5636507488,12806.0325007389
1716,3,76435.3028321348,37724.5004862727,0.168734332686085,0.0832785137182835,24678,12060,24609.6892382862,12076.4268910894
1717,3,89866.8322745382,38824.5915082472,0.198385031688282,0.08570701360785,25422,11480,25503.9146711524,11463.0709140592
1718,3,83336.013932421,35238.628225211,0.183967959549884,0.0777908400704891,23902,10243,23968.0334116556,10311.085546756
1719,3,81479.6780701403,37039.9954414633,0.179870015519348,0.0817674383685878,27871,12254,27857.8022876636,12246.3309732197
1720,3,93570.3439769939,44596.2123101749,0.206560698592898,0.0984481233888786,30047,13529,30068.5214010091,13523.3612378214
1721,3,97121.1095826127,51338.4527881724,0.214399171690919,0.113331919301384,31013,15617,31039.6377081241,15677.0695825825
1722,3,91637.9648391272,37962.6972323513,0.202294885647268,0.0838043436359833,27005,11454,27018.5442534484,11372.4168244404
1723,3,100698.508296014,42783.3165513496,0.222296438559651,0.0944460753199826,29382,12103,29508.182066626,12111.9734113022
1724,3,112586.576879436,48156.8345622037,0.248539879025316,0.106308355472511,33567,13682,33433.7614023612,13768.0482412679
1725,3,90306.3773492364,42982.9326337532,0.199355347002235,0.0948867367056223,26672,12939,26678.2620341633,13019.4748649689
1726,3,89208.1311791491,49110.0298343421,0.196930919705313,0.108412576456851,25660,14611,25625.0094408702,14592.3388115568
1727,3,98314.1825043578,38997.050837629,0.217032933262304,0.086087725252607,29959,12184,29955.9882481594,12229.7731658001
1728,3,82977.2678899353,35617.0790291988,0.183176011695428,0.0786262870629036,25871,11922,25860.6862232473,11821.5741972744
1729,3,103009.071425533,53088.2923610165,0.227397109497592,0.117194768033467,31304,16210,31284.1887590073,16333.2377494268
1730,3,89904.6773502904,50374.8735257415,0.198468576377266,0.111204775196342,28250,16244,28288.6891431034,16294.8353251932
1731,3,108996.69940179,39213.0808778765,0.240615064729156,0.0865646211806753,31548,11637,31405.4230747405,11684.8163073201
1732,3,87155.8536636949,42011.0402683214,0.19240042575519,0.0927412410557391,24813,12172,24717.4570568989,12145.2782231328
1733,3,103178.341860808,41507.0299804767,0.227770781516689,0.0916286159147991,30793,12726,30744.5904014241,12628.4631521864
1734,3,104072.895699439,50787.859954742,0.229745548926778,0.112116461117949,29036,14183,28904.9974024302,14147.9671899966
1735,3,107756.992924776,41772.6684856215,0.23787835750913,0.0922150247369081,32581,12812,32518.5928511697,12711.9109795628
1736,3,92250.7903554267,47574.9259707435,0.203647725247745,0.105023766359546,28206,15275,28144.9552690564,15189.3117031667
1737,3,109342.221934488,52417.7264798302,0.241377821097256,0.11571446400782,33392,15750,33385.3828651528,15682.7398507106
1738,3,110398.903612226,45149.6218862589,0.243710492927525,0.0996697996570775,31168,13057,31250.9064418514,12991.2335686744
1739,3,106787.143701916,52791.7378955529,0.235737372187403,0.116540110853068,31811,15447,31649.5024109114,15339.6237055932
1740,3,100949.613103178,43120.3755701521,0.222850763596659,0.0951901481044966,32677,13414,32643.1008924375,13443.2536409091
1741,3,92172.6607324593,35476.9341204049,0.203475250627957,0.0783169109397184,29405,11395,29621.4715239441,11428.7125268209
1742,3,112717.256667345,42094.3395086261,0.24882836047291,0.0929251278358694,32939,12293,32980.9248203186,12287.5200220477
1743,3,106354.51260152,41052.1922720944,0.234782319779422,0.0906245414314037,31287,12093,31298.3413115304,12205.5196942665
1744,3,108128.667704564,52706.6425379472,0.238698846126564,0.116352259064061,33510,16348,33669.6871591806,16359.7412919198
1745,3,84357.5137551142,45461.5193201364,0.186222965869407,0.100358327123076,23511,12659,23608.091612538,12586.6585055836
1746,3,93479.4190253774,47711.6291110948,0.206359977715671,0.105325544625722,28580,14834,28637.3342354263,14836.6968679639
1747,3,97063.0002709616,38413.1252980954,0.214270892799347,0.0847986836370076,31861,12455,31855.5881173315,12541.2187883289
1748,3,108435.00458677,42248.7164094951,0.239375098427279,0.0932659217149421,31978,12302,31971.1320912541,12414.74709768
1749,3,99640.2250457838,45003.879335245,0.219960231186828,0.0993480664895737,30727,14218,30712.4089232951,14164.1077414443
1750,3,91077.0559748029,51560.8339285541,0.20105665436653,0.113822835565648,27249,15438,27213.0543288564,15414.2375272037
1751,3,98936.7482713508,58644.7951187646,0.218407274899669,0.129460995158335,29741,17489,29802.4864289974,17293.4787896278
1752,3,101129.231841385,46440.0000100538,0.223247279955021,0.102518366792468,30409,13913,30464.281441546,13825.9492960995
1753,3,82730.5656836996,41999.5779213654,0.182631405595904,0.0927159374147124,26150,13425,26087.1129974278,13389.0740684454
1754,3,90922.6166825748,45099.1204190475,0.200715722755755,0.0995583154206862,27921,13896,28014.7250391876,13805.4842889411
1755,3,104226.640783141,48725.391917786,0.230084948041336,0.107563471138091,31737,14890,31905.0505520679,14719.7565841671
1756,3,114783.794747681,55258.9450945564,0.253390335254664,0.121986580545697,32932,15630,32910.9593098622,15760.9492613141
1757,3,112304.490734292,46923.8482363604,0.247917161305922,0.103586483285269,32135,13297,32124.8696980092,13242.9814703207
1758,3,96768.9662094123,45587.7507919667,0.213621799522756,0.100636988714959,29568,13986,29619.6055303193,14001.627014382
1759,3,91869.2309475413,45810.575058593,0.202805415873881,0.101128883200129,27771,13694,27593.5936436239,13661.350120336
1760,3,112406.143167156,52212.8059701204,0.24814156357542,0.115262092862833,32020,14683,31846.241088693,14716.0990776313
1761,3,82412.8125408927,47214.0846330435,0.181929951391841,0.104227193047655,25089,13333,25368.8775397314,13291.5104628112
1762,3,105048.204527328,44253.765407135,0.231898586569583,0.0976921566101277,32024,13336,31978.7608782887,13262.3978415121
1763,3,100511.299997623,47699.6528431206,0.221883167909419,0.105299106481175,30788,15040,30844.0733934368,15013.0469597578
1764,3,102824.988068374,49079.7346006603,0.226990737294199,0.108345698380237,29748,14828,29830.3271118052,14787.0713909007
1765,3,81821.2388266279,41562.0667521497,0.180624026090147,0.0917501120376291,24761,12882,24920.6595988949,12816.2195413009
1766,3,94158.8370092504,35864.5347268991,0.207859823151955,0.0791725565283694,27701,11045,27725.4454077286,10951.9422570108
1767,3,104889.101952143,39410.3458926571,0.231547360554144,0.087000092479905,29991,11168,30179.4879459599,11193.6637511256
1768,3,96564.489038871,40326.7925650216,0.213170407068714,0.0890231892947815,30167,12530,29930.3218124497,12745.770206176
1769,3,91657.6339481659,48876.2549089054,0.202338306080827,0.107896507905008,28498,14913,28429.2426295936,14986.4004685609
1770,3,90260.5269564657,40304.1607562901,0.199254130219663,0.0889732285697983,26517,12004,26555.5446790684,11948.333384077
1771,3,107624.840477239,50750.9516620612,0.237586625099866,0.112034984419286,31728,14214,31713.7901082614,14095.6766205271
1772,3,93705.0401507075,41330.5971036675,0.206858046390902,0.0912391324872569,28439,12714,28501.7248033042,12659.5401115198
1773,3,96560.1236378462,45583.6586800504,0.213160770251674,0.100627955195788,29856,14245,29930.4406624072,14195.9488293699
1774,3,102819.950118324,45652.3204649348,0.226979615795256,0.100779529141651,31795,13948,31939.7290580534,13765.6362513742
1775,3,105045.904454125,39417.1634012848,0.231893509055623,0.0870151424336077,32135,11991,32298.8981002176,11888.3335943254
1776,3,83288.8800391866,37440.6721580012,0.183863909382918,0.0826519500521008,25086,11415,25128.5118582549,11415.3267746554
1777,3,99975.6115063435,41644.1487176875,0.220700611724586,0.0919313116295376,31898,12780,31665.8559912209,12876.4916781034
1778,3,99091.7222067479,53583.1278049529,0.218749386759033,0.118287139298162,29633,15606,29596.1434613924,15620.3655491151
1779,3,92427.2537684105,39158.1550624905,0.204037276085252,0.0864433699987869,27135,11511,27225.4261617591,11508.6826750186
1780,3,105603.128835822,43987.575872452,0.233123606676988,0.0971045313657901,30103,12588,30094.4333658265,12618.3521659552
1781,3,105295.337659594,41288.1618611774,0.232444143957496,0.091145454800918,32575,12907,32572.4106920615,12959.9771352166
1782,3,94010.9803816137,52676.637353779,0.207533423066221,0.116286021284656,27961,15289,28077.405271367,15235.3415173467
1783,3,102799.328059968,41205.5819126472,0.226934091683668,0.0909631558893914,30081,12186,30150.2003178417,12152.5154835542
1784,3,97726.1241531071,42800.8502133083,0.215734768280912,0.0944847816590763,29074,12675,29089.4313629858,12628.9095275071
1785,3,108186.219325804,51275.7245233826,0.238825893891732,0.113193443865195,33920,16275,33801.7182561381,16298.9555607403
1786,3,87446.6038352985,43469.6022211527,0.193042269698579,0.0959610814785971,26380,13323,26289.2276352673,13424.2360536085
1787,3,107923.785412412,53753.5039186215,0.238246559348536,0.11866325215152,31643,15437,31706.7164007604,15462.2977929127
1788,3,79948.7217423299,37735.4831617994,0.176490361291877,0.0833027584632828,24302,11954,24273.7412715801,11914.7039512836
1789,3,115559.272496033,42032.4525863567,0.255102236896088,0.092788509700738,33521,12399,33353.446448852,12344.60001169
1790,3,92632.7670618459,41072.1042148873,0.204490955826694,0.090668497931282,28932,12504,28926.9530390411,12587.9377573034
1791,3,91398.8076944362,46872.8157734842,0.20176693560689,0.103473826852316,26520,13900,26386.5831536393,13906.1223472167
1792,3,102773.424200423,50595.5799238131,0.226876907760894,0.111691994392424,30512,14741,30321.0000276095,14718.7458302344
1793,3,109114.423134648,44753.7788061712,0.240874945108629,0.098795958441145,32633,13493,32610.0131348228,13434.8603967561
1794,3,83746.4887800822,39543.2955722711,0.184874101043909,0.0872935848144584,25343,12064,25391.1807928591,12010.7323437391
1795,3,111160.377032626,41551.382352842,0.245391479391747,0.0917265257506579,32780,12303,32934.4592119255,12235.2781177838
1796,3,92629.1152502955,51906.1202016518,0.204482894290176,0.114585070380165,26951,14556,26903.2719143139,14623.2288489502
1797,3,104892.203711955,43378.743762375,0.231554207826971,0.0957605073872717,29495,12376,29432.5438174724,12275.4582168891
1798,3,100603.339811606,37019.7829779488,0.222086349894934,0.081722818455842,31105,11400,31165.1326337492,11283.9085739387
1799,3,96405.2285785633,36461.2452280392,0.212818832514842,0.0804898215156983,28879,10936,29062.1735103211,10734.2841846164
1800,3,92278.4854824981,37708.9182732841,0.203708863473302,0.083244115289639,25282,10760,25345.8946632392,10742.8932615377
1801,3,100232.277604141,49333.3819683688,0.221267213558167,0.108905636232801,29342,14301,29222.7634760769,14362.0942102831
1802,3,112220.518600076,48798.4417033484,0.247731789082536,0.107724731790735,31901,14193,32133.8576657814,14138.6234240652
1803,3,99450.0727149094,49782.9568993129,0.219540461453865,0.109898092900786,29839,14468,29916.82367979,14521.9413189514
1804,3,105984.734529237,51168.6491216427,0.233966018228217,0.11295707015056,30645,14801,30608.4988824568,14833.6272693272
1805,3,107554.547627882,51068.9274625302,0.237431450506591,0.112736930150047,30273,14457,30326.9767858406,14572.4688116124
1806,3,102993.445994195,33330.9836225465,0.227362615662518,0.0735796297121063,29942,9910,29903.1649108884,9911.76035810296
1807,3,94392.9229919985,53833.8320495959,0.208376578376657,0.118840580075577,25995,14923,26042.6140511845,14815.5612198486
1808,3,96553.3463441041,42089.0696276794,0.213145809074121,0.0929134943391483,29070,13016,28961.6983648854,12801.1662926117
1809,3,108647.079186296,41578.5454075355,0.239843262543921,0.0917864894027609,32164,12357,31836.3067916413,12507.8381387673
1810,3,103532.075544465,51932.99331086,0.22855166436596,0.114644393964706,29241,15686,29217.607420881,15588.2008296022
1811,3,97016.545344075,48521.7521151289,0.21416834148081,0.10711392721092,28105,14103,28131.3013531462,13912.843997341
1812,3,125983.435260608,51796.2946473081,0.278114040116841,0.114342625581264,37740,15518,37752.3675367504,15408.6153401648
1813,3,89034.1065292177,42453.4439429065,0.196546752545779,0.093717866856162,27679,12984,27538.157824543,12929.1019174121
1814,3,113189.599380265,51353.0980952513,0.249871078032868,0.113364249468537,32090,14497,31994.8835783551,14552.2761739485
1815,3,93834.349681755,38551.693474921,0.207143502935493,0.0851045790542019,28768,12342,28907.1632712252,12144.5893323488
1816,3,103039.09889177,42249.0739802166,0.227463396465655,0.0932667110682233,30941,12154,30887.8278814696,12233.6651261183
1817,3,108770.139803009,39806.8800713265,0.240114924332016,0.0878754593267133,32337,12407,32224.5466026728,12567.3987456395
1818,3,107994.834384346,46328.8054500959,0.23840340311605,0.102272899852748,32692,13791,32852.3433137853,13859.0097869501
1819,3,85654.1403506117,46788.0060785549,0.189085326784163,0.10328660567638,26507,13257,26493.7355450429,13245.0090880323
1820,3,98075.1948085399,45047.094323239,0.216505357287855,0.0994434654988145,29813,14308,30004.5979817765,14152.6436295063
1821,3,101564.212600243,41380.2599535576,0.224207519338627,0.0913487654385896,30412,13032,30582.9069022026,12969.1266283933
1822,3,106753.439863959,47056.2425775204,0.235662969465155,0.10387874968547,31197,14139,31390.465699854,14034.4066604491
1823,3,91725.3206019431,39004.0750885816,0.202487727381373,0.086103231599193,26788,11228,26728.5277119241,11263.6288779111
1824,3,100084.826295251,41739.3311678579,0.220941708231605,0.0921414311242977,29782,12474,29683.4978187827,12477.440308969
1825,3,92556.2222030889,38614.3193801759,0.204321979644428,0.0852428285271615,28630,11813,28644.5491796037,11764.4236495394
1826,3,95505.8228320074,40529.1053041926,0.210833354302079,0.0894698036702472,29565,12344,29508.6921998226,12342.3992094082
1827,3,84168.1270818759,43331.6232522717,0.18580488635975,0.0956564867641629,24775,12885,24905.4910657393,12825.3466835533
1828,3,96284.2151559966,43997.6316476717,0.212551689998933,0.0971267299371107,30250,13605,30270.5701575935,13570.4869692017
1829,3,110334.545890065,40064.0371225454,0.243568420391673,0.0884431449618213,31310,11257,31136.1806246159,11255.2199565469
1830,3,103397.920723712,44449.4197208965,0.22825551162871,0.0981240722151748,31229,13720,31316.0480345465,13726.7734180488
1831,3,82370.5476940678,43312.7420058687,0.181836649861516,0.0956148055724355,26288,13630,26010.512068446,13827.4248121638
1832,3,96278.8502871339,46447.0292008328,0.21253984681216,0.102533884043941,29635,14570,29489.4156977065,14542.4378177157
1833,3,104385.173822979,42444.7084822152,0.230434916782148,0.0936985829379222,29929,12504,29862.7125366317,12531.9784011344
1834,3,120861.15659387,40742.0028753865,0.266806381997629,0.089939784533472,36638,11990,36747.1930627938,12038.3209411855
1835,3,90937.7823765833,41442.634476148,0.200749201700214,0.0914864599731298,27617,12034,27566.7712315499,12006.9183895637
1836,3,100761.93043763,34689.6697346538,0.222436445759814,0.076578989771682,29924,11139,29907.0406551398,11154.4389289783
1837,3,104050.731156322,50795.9534641232,0.229696619711434,0.112134327900103,32653,15870,32503.2604846772,15904.9286116283
1838,3,94680.2911268242,38648.1905392271,0.209010956323344,0.0853176006181722,28568,11662,28694.5428699041,11479.8476019652
1839,3,89061.0931424977,53699.394771115,0.19660632669561,0.118543803800321,26248,15941,26356.2361449072,15916.7481024405
1840,3,108582.836045411,43254.2074179453,0.239701442951336,0.0954855878645656,32565,12802,32542.0351505241,12755.9055829477
1841,3,87494.235465467,41854.1504923399,0.193147418641978,0.0923948998930222,29982,14356,29901.0128516043,14465.1352644563
1842,3,98785.8665317733,57399.6474531004,0.218074196744696,0.126712276272209,29276,17705,29415.8170605281,17687.9492683433
1843,3,102581.107648845,43121.1731569571,0.226452360414411,0.0951919088128645,30545,12926,30609.4468460673,12971.4433127109
1844,3,96813.7382663104,40271.0696576331,0.213720635830898,0.0889001784968236,29370,12002,29403.6016261739,11924.1263436409
1845,3,92552.2199392795,33467.6643533975,0.204313144468952,0.0738813585083124,29980,10711,29867.2054939297,10672.6641102854
1846,3,114024.661588284,47250.6948048931,0.251714515020759,0.104308011631316,32813,13798,32566.5492890635,13930.1438219962
1847,3,98572.6331693017,41770.3661807028,0.217603474607282,0.0922099422963381,29523,12820,29465.7843957375,12765.3858330696
1848,3,101651.756969025,41767.6849858351,0.224400777428796,0.0922040234393435,29832,13250,30038.2962537653,13221.2666468178
1849,3,97061.5288244969,48129.7494651139,0.21426764451579,0.106248563915288,30575,15048,30411.9094141759,15127.2551752995
1850,3,101609.267702504,49989.3604342238,0.224306980482003,0.110353737889905,30599,14336,30738.9057329415,14259.441797846
1851,3,99405.8463962376,50559.1503082823,0.219442829887145,0.111611574394873,30296,15145,30060.0710430991,15131.8380880444
1852,3,73525.948041153,43962.6405875101,0.162311802506784,0.0970494856145585,22176,13069,22170.0102417757,13087.4173644418
1853,3,107438.57667832,51331.7769779863,0.23717543947425,0.113317182153297,29421,14599,29388.0887978115,14686.8829716476
1854,3,110425.786260334,42088.7905199103,0.243769837569613,0.0929128781963265,31617,12082,31671.0063753205,11989.9719614577
1855,3,114189.385060173,38984.151514793,0.252078149415825,0.086059249423374,32649,11085,32789.1666947852,10975.3213358895
1856,3,103298.570946444,41137.1416323475,0.228036192573918,0.090812070924757,30837,12430,30714.254872581,12300.9589303008
1857,3,96206.9878898591,47906.2510842385,0.212381207372005,0.105755181292911,29493,14456,29486.5456547959,14485.4888231595
1858,3,99378.0746265992,41871.7434018626,0.219381522469711,0.0924337370237501,30033,12507,29984.7896324581,12487.0193260621
1859,3,90482.3785942438,40914.9576298909,0.199743877583365,0.0903215898512356,27240,12250,27228.3355262649,12246.8944631992
1860,3,105536.985997383,43016.425923048,0.232977593417506,0.0949606746323291,31596,12602,31434.2940832198,12700.7866360914
1861,3,89440.5315798276,35444.4184354401,0.197443953932581,0.0782451311180773,28112,11282,28222.558316122,11065.9715301874
1862,3,92451.5992438948,44992.6447897072,0.204091019805857,0.0993232657303158,29594,13953,29578.5682460431,14055.3059450428
1863,3,95177.759472439,47437.7655225552,0.210109139835668,0.104720978565968,29362,14314,29327.4902408165,14466.1142904625
1864,3,108152.3880141,48723.7497829888,0.238751209765516,0.107559846052444,31045,14131,30955.1853274475,14281.9190180618
1865,3,102355.329138092,38391.494788273,0.225953944303855,0.0847509333239285,30593,11654,30635.8393428812,11673.8885786614
1866,3,103401.250878289,47570.1702847017,0.228262863093143,0.105013267970961,32280,14253,32367.2988154753,14158.7454042032
1867,3,99235.0289592895,39448.5192098826,0.219065742793006,0.0870843617765493,30757,13461,30820.9190013173,13411.1314713552
1868,3,111344.770834047,47888.0573042409,0.245798536914664,0.105715017713869,32004,13802,31981.3273127452,13813.5684512809
1869,3,111375.12687621,52331.3832708291,0.245865549228707,0.115523857531323,32339,15055,32210.14272406,15144.9273109666
1870,3,108472.202910491,45157.8758139167,0.239457215382372,0.0996880205697158,34233,13649,33982.3869736886,13700.0157398926
1871,3,116366.633500049,63101.8663340209,0.256884522243326,0.139300178223944,33899,18804,33949.3139052671,18820.0180109065
1872,3,101217.387928652,45946.0543189959,0.22344188844097,0.101427959696851,30172,14298,30346.3270470559,14257.0038636314
1873,3,84072.5110412108,43571.8646449794,0.185593809694676,0.0961868303302916,24857,13302,24706.4711005364,13327.3174303117
1874,3,76445.3297453715,41463.1763950219,0.168756467543293,0.0915318071732434,22782,12657,22852.1597604257,12589.3720566635
1875,3,98846.2077388079,46340.7091817258,0.218207402644656,0.102299177870086,30909,14519,30794.0097029014,14475.7236308624
1876,3,109044.458341035,56583.2763152804,0.240720494713009,0.124910100653611,30611,16648,30499.8108218647,16624.7107200901
1877,3,107456.630640021,49974.3706043625,0.237215294398182,0.110320647173377,31029,14645,31045.3826679976,14703.459874061
1878,3,94792.890727797,42066.3727314316,0.209259524953635,0.0928633899305762,28798,12896,28934.2764096653,12807.2006062377
1879,3,105371.669387596,48950.1044639971,0.232612649644135,0.108059534084481,30293,14531,30269.0210409614,14434.6705658157
1880,3,80627.6110286288,39011.3435469136,0.177989039604736,0.086119277044437,25645,12105,25451.6299914219,12144.1953728388
1881,3,112984.861661631,35211.8930930434,0.249419110407317,0.0777318210764063,34220,11011,34121.9340914962,10970.6430266762
1882,3,84370.7263089245,35964.5572556058,0.186252133169956,0.0793933607119018,26921,11541,27011.5521860022,11572.0153569122
1883,3,92082.1648956555,41434.6063216645,0.203275477040777,0.0914687374648217,27610,12842,27608.3832329836,12803.8973432106
1884,3,99543.8130739848,53329.3648728908,0.219747397468354,0.117726946332144,31093,16214,31098.0230931236,16256.1244518496
1885,3,90986.6199303146,42003.6612947463,0.200857012773547,0.0927249516431775,28232,12850,28146.6509006938,12808.4453811578
1886,3,112013.661902032,52357.4437025852,0.247275143715634,0.115581387094221,32266,15578,32362.4360957347,15387.8039601018
1887,3,108404.329816038,44422.2319320801,0.239307382505736,0.0980640539613946,32351,13245,32437.0780994201,13284.349328123
1888,3,112583.477246405,43647.5296519725,0.248533036447454,0.0963538642006315,31952,12711,32245.9226176654,12691.0553625109
1889,3,97189.2992342978,37931.9564901823,0.214549703381733,0.0837364820795563,28347,11538,28340.0904715681,11527.5645497022
1890,3,90972.5142109692,46139.2980692239,0.20082587377033,0.101854553875618,25314,12861,25405.2932449081,12881.7294339618
1891,3,97801.3384347573,43752.5044531674,0.215900807154999,0.096585600746078,28201,12859,28209.8668597358,12861.0092681359
1892,3,101819.454408551,42483.816445484,0.224770976989773,0.0937849155073026,29078,12183,29102.1728915367,12219.586903635
1893,3,100981.553670909,46561.6876994489,0.222921273821413,0.102786997782409,28769,13262,28745.2575750721,13292.3146496483
1894,3,106801.293946182,47534.0411426458,0.235768609481364,0.104933511281978,31080,14127,31205.2326574191,14189.2127800497
1895,3,106649.243091588,45090.136070507,0.235432950452961,0.0995384820714428,32365,13605,32088.9658008522,13743.8571908919
1896,3,93635.9560746171,39332.2067083735,0.206705540218408,0.0868275967530851,27942,12430,27810.5111563625,12484.8823108769
1897,3,84395.2201438991,48328.1242762874,0.186306204400738,0.106686485139445,23979,13541,24125.7015267501,13524.4019599368
1898,3,107320.891086614,50843.0963281289,0.23691564329307,0.112238397870446,31640,15359,31540.3752034658,15370.615176562
1899,3,114162.2048553,48286.9085508709,0.252018147903936,0.106595499591319,33563,14127,33672.446320585,14081.142016792
1900,3,90528.4117612472,34681.4243926636,0.19984549784819,0.0765607878122871,26491,10304,26355.1536041513,10256.4087318494
1901,3,106361.952600028,50297.1337710653,0.23479874390724,0.111033161228157,30890,14545,30829.3265605661,14622.3063991331
1902,3,106491.36308118,45327.9560204577,0.235084423303678,0.100063480194921,33063,13926,33150.9768617661,13963.5478246004
1903,3,94497.4248326725,55481.0446401789,0.208607270840705,0.122476875176999,28668,16637,28551.9309100764,16782.5158933346
1904,3,95211.656276533,36023.9032675875,0.210183968539252,0.0795243696744922,28185,11209,28169.0036093747,11074.1694600504
1905,3,91638.5406610276,42388.177752772,0.20229615679974,0.0935737888368272,27861,12929,27926.8887020852,12827.0580698073
1906,3,118115.076095614,43476.3650311771,0.260744287085895,0.0959760106826989,33816,12525,33892.4526158732,12614.3798087347
1907,3,91845.9816231018,54760.4229375847,0.202754091955491,0.120886070697903,28214,16436,28036.621937913,16488.4725238733
1908,3,86446.7372929132,40778.3509429216,0.190835019808105,0.0900200245101935,25485,11527,25548.3695504731,11515.4050254432
1909,3,123589.699733565,40324.2519082019,0.272829762409855,0.0890175806817823,36832,11931,36853.3219150318,11898.5606217917
1910,3,89521.0824650201,44426.9734573482,0.197621773596488,0.0980745210894414,25414,12280,25342.3918073843,12187.0727823726
1911,3,97867.8956890157,38927.5008108939,0.216047735255845,0.0859341904733281,30453,11866,30457.9449745715,11858.7888069923
1912,3,94561.4221558917,41404.710116328,0.208748547779854,0.0914027402610377,28009,12569,28013.9737642023,12429.8616719989
1913,3,103122.368988698,46440.1254086739,0.227647218910485,0.102518643615503,31851,14403,32024.4053184544,14266.943612813
1914,3,105775.260905313,43454.7146784549,0.23350359588097,0.0959282165655352,30739,12765,30795.1742848707,12709.455836709
1915,3,83085.4499855101,34772.2032676155,0.183414828485956,0.0767611862187755,24765,10353,24690.0018541181,10449.0282742006
1916,3,115411.301730836,46232.1643917082,0.254775584846611,0.102059560415434,33598,12998,33578.8042747745,13087.7878408898
1917,3,103906.18873712,44933.6414078563,0.229377535888316,0.0991930131389877,31369,13302,31413.4684944951,13332.8674926234
1918,3,111742.840881813,51623.585438493,0.246677294260854,0.113961362316538,30730,14537,30776.1988850498,14417.5271949734
1919,3,93785.0376716761,41639.4828941123,0.207034644478658,0.091921011616347,28011,12039,27980.4628047359,12090.0402168065
1920,3,98335.9210833309,43802.8494969559,0.217080922142843,0.096696739670802,31740,13165,31837.2749468581,13291.8884765703
1921,3,83316.6948058797,42459.9980347507,0.183925311718264,0.0937323353055919,24477,11703,24549.974756308,11759.1699719607
1922,3,104203.10646474,42978.9500342546,0.230032994986093,0.094877944939987,32528,13090,32385.6685517113,13434.2763672725
1923,3,100056.708813007,50400.0584865856,0.220879637638209,0.11126037211824,29320,15251,29490.6318835369,15148.3910281849
1924,3,95355.8728243424,30988.6146559226,0.210502332986769,0.0684087459732679,29736,9470,29515.172569085,9504.81119336461
1925,3,88368.9831774931,40820.4973832005,0.195078463146133,0.0901130646527984,26661,11774,26839.7496130979,11666.3224842561
1926,3,114382.881616662,39970.5102209882,0.252505301675662,0.0882366801643035,32860,11859,32867.4512459602,11932.3898281166
1927,3,104999.771552092,44043.3557402962,0.231791668621283,0.0972276679064888,30735,12535,30531.6576401732,12496.063385468
1928,3,91496.8933642639,37294.3507984623,0.201983464088249,0.0823289391390186,28608,11909,28810.871310218,11987.6167109938
1929,3,125689.325884405,45106.7157362618,0.277464780579801,0.0995750824214594,36924,13616,36996.6519946827,13595.6777715817
1930,3,113666.588546621,49929.0228357887,0.250924052845571,0.110220539956089,33029,14235,33020.3496585777,14254.2413462765
1931,3,91548.3271528706,42320.0807998367,0.202097006465612,0.0934234617826291,28439,13722,28363.6351958745,13604.7503055035
1932,3,94007.285111539,48073.3787617901,0.207525265593077,0.106124123078973,28609,15046,28763.7492259726,14962.8725570864
1933,3,110038.200138774,47821.029141816,0.242914223957099,0.105567050062288,34253,14493,34138.2107158308,14575.3152910354
1934,3,94883.9290596092,44743.0460045971,0.209460496122689,0.0987722653040166,28433,13206,28398.5624383865,13229.9754206433
1935,3,88650.5933514088,39062.546946563,0.195700130137858,0.0862323108279241,28111,12214,28297.8586920601,12325.4688680633
1936,3,92557.6746156179,40958.2375313313,0.204325185909724,0.0904171321597982,26349,11112,26338.0713121439,11141.3191550905
1937,3,104137.093085018,46586.0986965837,0.22988726751249,0.102840886144973,32167,14214,32112.8457335214,14202.8551773643
1938,3,87701.0754282107,42097.9646253918,0.193604027064961,0.0929331304424621,25544,12367,25552.7486784028,12303.4232654823
1939,3,101534.073173606,46311.9538922154,0.224140985212997,0.102235699288763,29919,14372,30065.8933157404,14296.7410198365
1940,3,90587.1035906679,43445.0946752237,0.199975062673663,0.0959069799802728,29191,13655,29089.0684187304,13770.4629597166
1941,3,95073.8212586406,48080.63715209,0.209879691603032,0.106140146298588,29209,14195,29028.7843017661,14307.003209501
1942,3,103234.56227204,49289.8929078754,0.227894890576522,0.10880963219632,30764,14196,30490.4067151853,14434.3409810742
1943,3,79502.1479777406,44321.4384133113,0.175504529832184,0.097841547782988,25663,14215,25455.5322040462,14191.8888217746
1944,3,102450.360938808,39086.6162725011,0.22616373123324,0.086285444936116,30106,11493,30125.1991150005,11582.9414130793
1945,3,110186.760795297,49238.4613604019,0.243242178217931,0.108696094766358,29616,13499,29657.8468247823,13508.1217478605
1946,3,99550.880159013,41188.2513327128,0.219762998373068,0.0909248978629045,30497,12444,30536.5614394978,12543.6945531339
1947,3,95133.823515808,45890.0658184633,0.210012149256075,0.101304362590208,27567,12973,27682.9814999528,13020.4188915156
1948,3,104072.769102347,47230.0256276705,0.229745269458064,0.104262383502734,29894,13198,29924.6569959117,13173.7223677316
1949,3,85632.0100163267,39758.1754641628,0.189036473086339,0.0877679417388448,26743,12737,26733.4071018869,12746.0665989523
1950,3,111566.426638822,51637.4728591982,0.246287851968295,0.113992019415791,32929,15426,32899.5181567404,15252.3767596212
1951,3,92721.4017797478,45136.9061670025,0.204686620911071,0.0996417291409174,26308,13111,26227.7004834699,13137.9649717759
1952,3,106034.189547717,45993.7248826045,0.234075192382464,0.101533194587552,31440,13898,31662.7129935248,13730.4536895428
1953,3,109937.640689812,44517.3414769765,0.242692234498208,0.0982740125145179,30982,12862,30966.5707974908,13010.0825244968
1954,3,101403.10823195,46965.1504143883,0.223851874275816,0.103677659681381,29024,13500,28941.0570796687,13536.0858006583
1955,3,101191.765462056,38237.328704383,0.223385325705654,0.0844106048327188,31411,12397,31408.8768655289,12277.827331514
1956,3,112099.153991107,38160.3562476008,0.247463871307015,0.0842406847087824,34579,11555,34460.7984313234,11556.0930346506
1957,3,97359.8227867957,47915.5600760905,0.214926141712868,0.105775731306713,29587,14377,29624.1419300004,14564.0509229241
1958,3,105615.992802397,41337.8673820074,0.233152004455701,0.0912551819502495,33163,13171,33051.5353666548,13301.0748909125
1959,3,102817.55318279,39409.2296697845,0.226974324453391,0.0869976283682372,31109,12193,30982.27347591,12253.1320453235
1960,3,97689.2112316749,44636.3405544712,0.215653281364075,0.0985367082740341,29614,12419,29644.5078145975,12380.6859946145
1961,3,94152.9504430876,46313.5388696862,0.207846828295174,0.102239198197068,29456,14551,29297.0955219919,14518.064267986
1962,3,108940.220409714,38036.5878892173,0.240490384840602,0.0839674605494519,32713,11699,32654.1063166378,11674.6812255765
1963,3,98512.1300878717,43131.7336509335,0.21746991136239,0.0952152215733025,29178,13221,29176.3803545805,13261.6279968967
1964,3,95512.9125595162,38087.0884272338,0.210849005191077,0.0840789427346041,29332,11828,29302.3327712794,11927.4034012358
1965,3,103164.003211953,38859.4388948762,0.227739128311212,0.0857839407646851,31609,11667,31720.6901141465,11565.6368531462
1966,3,107378.430227123,46423.1364405718,0.23704266350647,0.102481139712339,32724,14998,32638.2825489086,14992.0720863505
1967,3,109031.126175998,47075.0431667225,0.240691063365354,0.103920252822837,32888,14301,32993.5551209981,14377.520294579
1968,3,93684.0384131414,38445.7441303904,0.206811684120562,0.0848706911609705,28743,11674,28612.3974987859,11597.9728649879
1969,3,105578.768824897,41957.2189713415,0.23306983086875,0.0926224281473879,30975,12113,30777.4565942129,12108.6184094501
1970,3,89205.2505334666,43284.1495082145,0.196924560551768,0.0955516863613805,26477,12946,26439.6088858058,12972.2117979793
1971,3,108737.171956696,52252.8590066711,0.240042146344076,0.115350511723543,32537,16078,32377.9489832217,16177.2807352632
1972,3,107448.16650096,47719.1889322874,0.237196609434516,0.105342233267447,32730,14267,32834.9514361116,14177.2271325146
1973,3,84448.8416538041,44720.1233917337,0.18642457627023,0.0987216626159704,25854,13911,25869.5126222506,13935.3359249153
1974,3,102716.086361483,47178.2568229759,0.226750331929664,0.104148101562447,30163,14034,30017.8316276567,14161.4703626029
1975,3,105379.178890226,39147.0483266716,0.232629227205395,0.0864188513851715,30348,11890,30462.3583494186,11847.385061831
1976,3,103577.643281158,37088.1934104997,0.22865225717266,0.0818738375302428,32632,11621,32365.0208021441,11798.6063706949
1977,3,81815.0805862655,37171.3962628614,0.18061043150048,0.0820575115296989,27077,11995,27069.2329070461,12100.6534801901
1978,3,97828.2862776558,38988.2123125219,0.215960295717487,0.0860682138150826,31489,12806,31391.2324359149,12711.0360545755
1979,3,99000.5825534493,45045.2533277236,0.218548191918288,0.0994394014192824,28604,13471,28624.5561451838,13368.9756417176
1980,3,100575.11975866,45830.2421818978,0.222024052872149,0.101172299250092,28178,12908,28210.310149462,12997.9779695307
1981,3,92524.9732331618,51704.737867277,0.204252996152607,0.114140509914694,28364,15456,28349.4739966662,15510.4371741456
1982,3,98324.5143298463,47366.9033287522,0.217055741226879,0.10456454711949,30874,15049,30834.0219781492,15168.3129518866
1983,3,100179.229082816,43762.4382677192,0.221150106586465,0.0966075300837966,28788,13003,28919.5942876726,12954.9542188419
1984,3,111138.077102176,47339.1146693677,0.24534225130284,0.10450320241719,31458,14025,31490.0510638199,13929.9189595426
1985,3,95931.696743272,48051.452825925,0.21177348991433,0.106075720599757,28704,14038,28814.5730832869,14114.7655941592
1986,3,100490.161649046,44042.6474657543,0.221836504064192,0.0972261043589165,30842,13375,30693.2352037899,13531.865742941
1987,3,105066.976769725,42609.9522859586,0.231940027130115,0.094063365988712,32371,12571,32719.9117260393,12541.3143972967
1988,3,97203.3098503549,38668.1170155108,0.214580632440208,0.0853615892013784,28964,11929,28940.9410868669,11945.6691863686
1989,3,90090.5626987656,47386.0118277246,0.198878926556684,0.104606729981378,27653,14950,27778.4095732397,14844.1288437458
1990,3,114515.894302625,38977.2169282181,0.252798933099536,0.0860439410148924,34816,12035,34904.9120135838,12034.6796050064
1991,3,110024.220567166,42840.1831985124,0.242883363430625,0.0945716109743935,33971,12958,33955.4106733592,12956.1064133341
1992,3,90904.2050470523,43452.446590425,0.200675078250945,0.09592320966027,28321,13541,28287.9999501598,13549.8517268531
1993,3,92889.2403568029,38162.2833792587,0.205057132039424,0.0842449389376826,28811,11635,28894.878808826,11517.2191591152
1994,3,89359.3804246341,41434.0296791807,0.197264809145932,0.0914674645008757,27216,12854,27159.7931202273,12816.0969906915
1995,3,106513.107103508,48950.3637735085,0.235132424200667,0.108060106521768,32182,15437,32108.4425122468,15561.0404742388
1996,3,84439.6820943036,43383.8493918754,0.186404356134995,0.0957717782916154,25736,12840,25696.898403432,12755.4659086044
1997,3,105568.824576707,50249.679671137,0.233047878498311,0.110928404190663,30587,15860,30910.4401890387,15650.9156664232
1998,3,103099.301341537,31827.6015523408,0.227596296052772,0.0702608468854656,32654,10156,32643.6690295276,10117.454421514
1999,3,99021.095748479,44159.8621905576,0.218593475709238,0.0974848610804552,29643,12997,29552.0827629903,12969.0077677314
2000,3,105222.322549837,44196.3400291695,0.232282959853236,0.0975653875326042,30344,12825,30281.090140969,12902.6052144266
1,4,104794.957760386,42209.81779959,0.231339533061039,0.0931800513024291,31624,12845,31763.491956074,12860.3893210083
2,4,104329.959092103,58946.950358561,0.230313027806457,0.130128016297332,29025,16277,28889.7394666386,16496.2743402471
3,4,100934.448775686,48756.1314004695,0.222817287668846,0.107631329914147,31416,15658,31406.6955244913,15691.7222906937
4,4,105244.182220986,57625.8206189008,0.232331216050142,0.127211563601346,30740,16983,30663.4140874518,16874.6222778593
5,4,102217.097375812,42319.9931842324,0.225648791536743,0.0934232683672832,30225,13509,30262.9818877083,13425.1207019899
6,4,97160.4102279226,45237.4879938232,0.21448592961448,0.0998637679999277,28165,12432,28013.5157784098,12524.4089507517
7,4,102288.595653032,46468.8296304595,0.225806627165672,0.10258200946255,32615,15098,32710.2749769973,14940.7608035995
8,4,128273.854392865,51097.1470151466,0.283170242284335,0.112799226068334,38152,15114,38158.484595038,15353.8285416642
9,4,96331.8891833649,40570.6662827312,0.212656932536038,0.089561551380005,29687,12580,29712.4021696743,12558.7325579581
10,4,92116.1655096141,40333.5671530119,0.203350534909257,0.0890381444992668,26816,11360,26842.4294018021,11224.8060199133
11,4,92231.9384893231,42668.9269277127,0.203606108914336,0.0941935551349972,26904,12339,27060.9480827785,12189.5175402245
12,4,101366.064275058,41719.5342452216,0.223770098092367,0.0920977285365339,32392,13300,32601.5420372811,13169.3054046291
13,4,95750.2956846616,44082.3534840323,0.211373039004357,0.0973137571613457,30005,13426,29909.1608952023,13393.8454445248
14,4,107133.62326337,49322.965761345,0.236502241239072,0.108882641992232,29815,14036,29862.202798033,13914.2795173471
15,4,87435.2704901423,45821.784987069,0.193017250834766,0.101153629616128,25613,13601,25708.2503514178,13619.8220393172
16,4,106883.537283874,44249.7035720596,0.235950165309484,0.0976831899284305,32515,12885,32329.5525231191,13030.9392169135
17,4,92166.3716329943,46152.1633524939,0.203461367160997,0.101882954560994,28889,14776,28884.7700558158,14860.947806427
18,4,81178.3990655753,41398.5226733787,0.17920492870862,0.0913890812053607,24496,12658,24638.5224055357,12622.877722924
19,4,91120.8579246702,39716.2415308451,0.201153349120228,0.0876753707148142,27424,11705,27440.2616499624,11678.2707067904
20,4,105101.901367979,43707.4436728022,0.232017124735049,0.0964861270680325,30413,12871,30353.8611221166,12862.102966423
21,4,109413.108354387,45980.1575347753,0.241534306023919,0.101503244063417,32121,13376,32007.6366810356,13474.3279331511
22,4,113451.849175671,38282.557852161,0.250450006127417,0.0845104501893212,33752,11322,33612.1924850476,11229.3103681134
23,4,95645.8157657514,39261.471627607,0.211142394933578,0.0866714459142921,29807,12111,29629.1860832073,12162.3962917664
24,4,122121.957471373,46043.1856549309,0.269589656045522,0.10164238144367,35910,13409,35745.6106229623,13352.224452219
25,4,97696.2601491597,46600.9687043903,0.215668842163128,0.102873712348983,29017,13499,28928.1261661104,13532.0556535301
26,4,100985.124503803,40844.8717162949,0.222929156593943,0.0901668720778621,32153,13255,32130.0740526453,13283.531459209
27,4,97834.9694316,38133.7214547816,0.215975049077246,0.0841818872182768,29588,11651,29757.7458960262,11455.1743197761
28,4,98287.9326752302,37032.6730300007,0.21697498559628,0.0817512738194067,29566,11590,29633.2698257514,11551.2123071324
29,4,111058.121499868,46742.8358113896,0.245165745752393,0.103186890301351,33576,13834,33498.2826200845,13943.9813462432
30,4,92516.7945473106,36789.7876375496,0.204234941339606,0.0812150935061759,29531,11313,29499.5176596481,11303.911475981
31,4,108999.563234512,45058.2999512373,0.240621386767343,0.0994682024213173,31648,12510,31561.1283835054,12554.2151278844
32,4,125368.786347747,41467.7699820147,0.276757175287306,0.0915419477209635,37825,12392,37827.5265590701,12375.5657282393
33,4,91534.5887220299,42184.827310827,0.202066678268115,0.0931248836863058,28338,12503,28441.640447656,12526.4170685833
34,4,95119.1547552344,42715.9785408324,0.209979767314289,0.0942974236649486,26997,12313,27086.1485519397,12232.0562463831
35,4,100325.398416851,46342.895926328,0.221472781896482,0.102304005206114,31975,14323,32053.3229537329,14345.9367954383
36,4,114241.723916902,39130.6201174453,0.252193689771348,0.0863825853821819,33407,11640,33675.3886257912,11249.4972175486
37,4,112178.781717065,61652.8275404426,0.247639653055828,0.136101360598957,32297,18090,32259.5268501249,17961.6905520471
38,4,96336.4594044924,51715.4913136987,0.21266702150257,0.114164248626242,29942,16941,29871.1137416816,16842.577290289
39,4,97334.4972478953,57081.916948096,0.214870234458655,0.126010872042102,28684,17913,28748.9993737668,17849.7593039854
40,4,110964.363281296,51465.5696018919,0.24495877031227,0.113612535324889,32995,15822,32945.5703996075,15748.8820373647
41,4,101674.56368609,35549.8736281568,0.224451124271709,0.0784779281491876,31543,10980,31410.8080922366,11045.9315572253
42,4,97332.7826084332,36178.486619995,0.214866449315735,0.0798656193045243,28672,10779,28740.7185458228,10736.9125658534
43,4,112713.469251051,41711.414773895,0.248819999582887,0.0920798044422307,33200,12481,32914.6912558862,12657.6394676355
44,4,103969.17433263,47580.509805262,0.229516579393521,0.105036092922749,31951,15157,31805.202325946,15077.1442494442
45,4,101882.056021505,49286.2111108087,0.224909172836398,0.10880150446544,29463,14283,29671.0160794796,14270.9160255891
46,4,102960.582870879,49198.7834055195,0.227290068855253,0.108608503915123,29586,13843,29539.2662642029,14099.6254606643
47,4,95904.6315894251,44376.7734468279,0.211713742382702,0.0979637023321115,27258,13260,27209.1689192121,13321.1263955292
48,4,94444.3547402391,40207.2896773481,0.208490116249821,0.088759381351874,29231,12119,29256.1090490373,12298.9210447844
49,4,100797.172398602,41967.2658541126,0.222514243957072,0.0926446070882325,30600,13324,30611.3764324826,13363.6041530016
50,4,82576.2808604216,34858.1401419233,0.182290814982211,0.0769508956933529,25536,10631,25450.4188671111,10665.766780635
51,4,90711.1941233585,41700.7314333676,0.200248998047114,0.092056220492564,29236,12794,29357.1406518027,12705.1157484505
52,4,110357.235158651,48161.3862069067,0.243618507961842,0.10631840343076,32179,13958,32096.1804101049,14019.277845815
53,4,88995.5223487626,47470.8818868963,0.196461576250271,0.104794084414065,25627,12928,25557.3511406043,13065.3333845222
54,4,84231.887231246,40340.6966980204,0.185945639727072,0.089053883287167,26479,12592,26563.9591796103,12510.6069320259
55,4,85439.3293544024,40183.0901279103,0.188611121950062,0.0887059597695109,26067,12410,26045.8769261763,12325.9183275682
56,4,95284.5856280074,42421.5755838521,0.210344963328287,0.0936475160352768,28075,11924,27930.0187393326,11886.9615035848
57,4,92207.9927444536,37214.4687737346,0.203553247616853,0.0821525960143548,27535,11749,27551.366248365,12004.0023596824
58,4,116900.692360714,39252.9270625389,0.258063480946052,0.0866525834066361,34172,11721,34091.619628556,11665.9913824696
59,4,108078.382239015,47495.9881808277,0.238587838723455,0.104849507675252,31739,13736,31857.2120366334,13709.1295259884
60,4,116570.313635913,42868.3269417715,0.257334155207846,0.0946337395401497,34416,12182,34257.1010217952,12437.7033594037
61,4,110165.66468323,47187.3271840504,0.24319560761168,0.104168124788187,31809,13746,31944.0309012488,13678.8272502762
62,4,90985.953810998,55068.7009133197,0.200855542285511,0.121566608048972,27869,16685,27746.2878008423,16874.5796500476
63,4,97801.4649305744,43860.478182075,0.215901086400145,0.0968239575579149,29194,13209,29198.6329811963,13126.6987072376
64,4,98381.8362924014,40709.4446895214,0.217182282010282,0.0898679108892021,28847,12449,28953.8538668065,12458.2341084262
65,4,80384.0523451402,38092.4050128751,0.177451372971576,0.0840906793340172,25676,12183,25498.6187245243,12292.9423007356
66,4,99170.2926289762,39207.2135149441,0.218922834462808,0.0865516687158804,29787,11467,29688.7366167465,11324.4605702566
67,4,92992.573739965,32375.1423745571,0.205285245081514,0.071469567618318,29460,10092,29717.1457941712,9905.66520230746
68,4,104747.784747755,50201.0287268118,0.231235396536262,0.110821005065899,32051,15169,31994.418042125,15112.9956186457
69,4,105491.363154792,48536.2717586461,0.232876878962083,0.107145979970168,30154,14662,30266.3575064131,14473.6962084103
70,4,111401.17172618,40264.6621275905,0.245923044394118,0.0888860335890933,32739,12260,32651.8742109923,12240.4879580261
71,4,98699.1469219528,38958.198457238,0.217882759346639,0.0860019568938038,30337,11555,30369.2041405081,11689.6805569811
72,4,99184.3000509245,35982.4223058371,0.218953756470146,0.0794327986053553,32204,11393,32246.3457637587,11353.2564912766
73,4,95327.6311322258,46029.4178057306,0.21043998819455,0.101611988303835,28642,13927,28779.3044898324,13943.8787004896
74,4,100195.459548291,43363.8506600794,0.221185936061323,0.0957276302011502,29976,13465,29820.2060248126,13420.6081748311
75,4,104226.020235568,40670.6745978716,0.230083578154952,0.0897823241864572,30807,11791,30482.2706574726,12016.6174176664
76,4,91346.8240915517,49868.9684907836,0.201652179490039,0.110087967316826,27229,15310,27375.67643659,15113.0015058573
77,4,92625.5560306826,39164.3217891152,0.204475037154481,0.0864569833222556,27069,11401,27220.2557829175,11334.6397996088
78,4,95572.6397950345,43134.0263181968,0.21098085572159,0.0952202827383195,28041,12761,28124.0744653013,12831.7011952612
79,4,101233.59402459,44088.8664285792,0.223477664118991,0.0973281347762857,29513,12844,29520.5837419348,12980.4474876215
80,4,99399.097584873,50437.8348792831,0.219427931585708,0.111343765186324,30664,15618,30434.1866289018,15665.3398015946
81,4,101607.100864407,47135.9224450789,0.224302197090472,0.104054646539186,29051,14063,29101.4527077964,14162.3835856578
82,4,90301.428437787,50022.7706825325,0.199344422059963,0.110427492499939,27115,15093,27400.9801237592,14994.9139625043
83,4,102671.733791383,41645.9073669984,0.226652421657299,0.0919351939261584,31377,12943,31282.7886469693,12992.6722774721
84,4,98630.125366383,40082.6687489129,0.217730391190977,0.0884842751062114,30278,12145,30177.1218848587,12232.3551491331
85,4,116834.486031657,40732.3267659662,0.257917327528205,0.0899184240913,34451,11640,34247.1023133764,11752.5410236504
86,4,93463.1339122899,40597.9505060692,0.206324027603776,0.0896217825172834,27168,11728,27298.9649299013,11744.9478768339
87,4,94929.7127945806,42588.9524701214,0.209561565755202,0.0940170079606734,31311,14422,31410.2230017571,14306.7978933515
88,4,95215.9404628379,45754.8512871245,0.210193426071184,0.101005870494676,28183,14206,28209.1354119768,14282.6893672186
89,4,109850.797161663,50197.2675172853,0.242500523544927,0.11081270202848,32800,15234,32885.6350760896,15114.6254718674
90,4,88779.3902208833,49124.1746740586,0.195984454959212,0.108443801820029,26900,14423,26914.1080595083,14539.6040611033
91,4,93675.1824152776,41839.478340607,0.206792134111149,0.0923625104651008,26887,11635,26590.1005259684,11716.5143589181
92,4,101371.416004034,41174.1409421133,0.223781912272256,0.0908937485476859,28955,11534,28928.6635503624,11633.530573548
93,4,99675.1589380572,48351.9841663691,0.220037349308723,0.106739156908663,28650,13682,28917.1465710295,13697.3335816575
94,4,104341.66023477,59827.990791826,0.230338858599645,0.132072952263673,30203,16795,30122.5638139488,16874.825475963
95,4,98948.5412082972,45005.6813989161,0.218433308332812,0.099352044625327,30853,14162,30910.1441058393,14127.3354771466
96,4,107171.182451518,51727.8099554225,0.236585154818448,0.114191442576078,31625,15808,31765.7128066,15649.957299193
97,4,112762.919944061,46044.6418604016,0.248929164188466,0.101645596082054,34079,13348,33974.4382379131,13285.5140410903
98,4,103124.184997898,46845.7920563928,0.227651227831613,0.10341417079417,30479,13528,30266.7299876306,13572.0993259818
99,4,120743.820732705,49851.0032305816,0.266547357862181,0.110048308205402,33979,13165,33797.188832309,13086.4300066761
100,4,100256.006705779,41090.3707532828,0.221319596606075,0.0907088221277259,30128,11803,30125.0635238691,11901.6423620297
101,4,92042.9715267749,40776.8843939828,0.203188955934707,0.0900167870381437,30554,13605,30337.0558180665,13655.0119172042
102,4,94568.629990422,59790.2516765167,0.208764459395358,0.131989641487083,26358,17251,26449.2442953268,17151.8232282429
103,4,99291.2877162713,45114.8183228937,0.219189936502789,0.0995929692420477,30777,13336,30772.5803284963,13339.2146930914
104,4,107195.505975085,47704.6658052772,0.236638850079217,0.105310172818233,33152,14557,33175.2479328393,14461.2478390864
105,4,107963.660203699,43690.4222941831,0.238334584724894,0.0964485516172099,32392,12972,32599.6534951308,12783.0469652999
106,4,92336.057243411,39123.6236046512,0.203835955697697,0.0863671402688153,26331,11384,26474.5574318954,11412.9080872119
107,4,96808.8208227891,41784.8972645792,0.213709780355479,0.0922420203106881,27029,11740,26769.9502696399,11868.0770749676
108,4,99042.4555217896,46479.363479944,0.218640628359418,0.102605263404087,28488,13535,28384.2349012973,13674.6701302263
109,4,90520.2884069224,42405.9085700203,0.199827565181995,0.0936129304049968,27964,13538,27812.1827061603,13608.0340005524
110,4,100175.809490942,37715.3838309884,0.221142557685219,0.083258388296015,29047,10610,29145.7673233497,10628.5865794014
111,4,100530.542095008,56338.3474401922,0.221925645695748,0.124369409261515,28321,15216,28166.9085997717,15276.3946230388
112,4,103627.74337465,47360.3999792579,0.228762855358703,0.104550190686056,32636,14829,32506.2244772377,15068.0194108913
113,4,96284.5972718507,40510.9474252603,0.212552533536686,0.089429719344404,29837,12579,29810.9199117311,12597.0850169555
114,4,110320.668009404,41918.9380779017,0.243537784352493,0.0925379213714629,32164,12278,32283.261963989,12280.5549844959
115,4,103476.757339392,38330.5777965753,0.228429546966375,0.0846164563537,30059,11410,30170.5213286418,11467.8311875101
116,4,87932.5719940361,45402.0252916637,0.194115066036566,0.100226991407494,26418,13669,26558.4624879853,13647.2429919728
117,4,89237.708447277,43345.6122526274,0.196996212841015,0.0956873681050159,26683,12727,26601.3003173301,12740.8352913702
118,4,106086.87862972,46106.6945482183,0.234191505875864,0.101782580152008,32323,13964,32268.5326410858,14139.6078125766
119,4,91826.600424157,41927.6596509089,0.202711307096278,0.092557174632022,29063,13662,29057.852712826,13586.8250375208
120,4,97697.8581432846,48758.9952202476,0.215672369806276,0.107637651923759,30279,15113,30188.957320135,15037.1498811006
121,4,110988.090210048,42302.7547988273,0.245011148563436,0.0933852138643227,34940,13594,34995.9974426971,13566.0988958306
122,4,108546.464296564,41344.9466949973,0.239621150697063,0.0912708098487331,34373,13087,34507.9293028075,12904.6804476212
123,4,95669.644317601,42797.1386077269,0.211194997522254,0.0944765881245738,26409,11999,26635.8606511777,11960.607794618
124,4,93313.8305398147,40950.4762552772,0.205994433764426,0.0903999987975003,26739,11720,26731.6809384705,11885.9073296095
125,4,111578.297877374,46558.8327696733,0.246314058255718,0.102780695397873,34122,14050,33876.0537543595,14108.406882151
126,4,94442.07929695,48793.9944253422,0.208485093107494,0.107714914226614,28895,14946,28920.613797885,14773.9214234987
127,4,90065.9809086624,45551.5448020072,0.198824661161041,0.100557062380808,27353,14377,27245.7333258697,14423.1371157845
128,4,99560.1099970473,38790.4573893159,0.219783373651295,0.0856316610212011,31543,11876,31563.1272275774,11853.954620312
129,4,111740.935402164,41738.258255856,0.246673087829728,0.0921390626233047,33785,13207,33853.3055186374,13191.4632583653
130,4,111023.229179006,49330.5438127629,0.245088719401239,0.108899370877991,31119,13889,31091.6402637925,13816.8801283187
131,4,107619.309204305,37781.8356363621,0.237574414568701,0.0834050836137549,32585,11775,32606.2815945985,11739.0304908703
132,4,92368.94464976,48673.8906650654,0.203908556110836,0.107449779830693,28526,14513,28460.2188910397,14585.9184207078
133,4,95723.6319523945,42563.1827914776,0.211314177628732,0.0939601202482111,30259,13141,30079.6517317884,13103.8688950964
134,4,82202.3185784607,41219.0058929968,0.181465276601928,0.0909927899234352,27343,12903,27033.6572789954,13252.8045353787
135,4,92354.450477516,48130.2455579904,0.203876559580558,0.106249659062391,28513,14995,28510.6916631772,14863.1742811236
136,4,110042.54061944,39517.2949259163,0.242923805761339,0.0872361872304949,33059,11810,33051.9001201502,11782.3142882347
137,4,90054.1624772903,39026.3131448908,0.198798571447819,0.0861523230981802,27775,11764,27874.3857170922,11713.1174834418
138,4,86932.4390605434,41965.7059094933,0.191907228075868,0.0926411634410614,25808,12234,26021.9562889037,12154.6746320956
139,4,91329.948784549,43749.6163505388,0.20161492649881,0.0965792251309931,27690,13145,27700.8810909427,13012.5169302466
140,4,106229.263886771,50417.0508586143,0.234505827667533,0.111297883535723,33000,15548,33192.3108323997,15551.4472958062
141,4,101358.485173045,54191.2802806944,0.223753366887373,0.119629662953638,29203,15816,29229.9056487797,15594.3867416052
142,4,89745.5801350457,46878.7210181949,0.198117362194135,0.103486862942822,26875,15014,26899.5990106104,15031.6960125127
143,4,102814.211020999,57084.107895736,0.226966946482497,0.126015708656524,28831,16443,28873.7241926863,16246.7076896077
144,4,95071.4473021795,45265.3385304169,0.209874450988493,0.0999252492989212,28218,13237,28089.9602431545,13354.9686275999
145,4,108910.479620239,39657.7382152612,0.240424730724249,0.0875462220420255,34111,12629,34022.8431666566,12718.8482267671
146,4,86067.3226626025,41739.8097477106,0.189997445126189,0.0921424876106213,26862,12670,27017.6140967795,12643.731583894
147,4,100898.526398724,41220.9940596983,0.22273798742301,0.0909971788899105,31646,12709,31424.8357852893,12805.1076798322
148,4,76298.8154112115,45472.8671679053,0.168433030630147,0.100383378002052,23552,14060,23662.271180061,13986.4715498371
149,4,85132.6249181635,38281.3205065036,0.18793405825746,0.0845077186937156,25677,11444,25684.2920181395,11393.772166168
150,4,89084.1163820723,45475.1169008285,0.196657151521599,0.100388344387602,27858,14141,27995.7587015594,14216.5570443581
151,4,116410.931481849,51762.4835951936,0.256982312009591,0.114267986178991,34218,14777,34010.6531824172,15061.6236311337
152,4,107806.076575278,46881.9355130279,0.237986711852037,0.103493959083224,31199,13417,31230.4871879154,13621.10606395
153,4,97140.4002008381,35512.4466815547,0.214441756589163,0.0783953064989111,30321,11367,30344.8668747293,11280.4221412241
154,4,106243.114021629,38799.2796555485,0.234536402456619,0.0856511365665366,30328,11188,30301.2104315556,11301.1291600927
155,4,112664.863158586,52252.6160106828,0.2487126994706,0.115349975299084,33132,15085,32999.2052294895,15251.5141683962
156,4,88612.0336048639,39626.5209111211,0.195615007781294,0.0874773084538382,26461,11630,26479.331132968,11729.3191271091
157,4,95206.6503338992,44285.9210703095,0.210172917698103,0.0977631416676443,29385,13107,29215.7787466722,13153.3956395951
158,4,102767.978242215,39753.2541397482,0.226864885565782,0.0877570776961805,30054,12006,30158.2032920021,11901.9705238142
159,4,112727.201313213,53170.4243157422,0.248850313721242,0.117376077978733,33668,15863,33542.4205585863,15754.5959900189
160,4,104837.658378693,51614.3807817854,0.231433796576303,0.113941042627211,32628,15991,32634.086326572,16135.0803900408
161,4,101469.57492911,42740.4685622492,0.223998602467836,0.0943514864771324,30227,13025,30040.7035300732,13142.025288782
162,4,91188.2539379479,53987.6792918583,0.201302128818937,0.119180204709704,28005,16193,27994.4230922895,16139.8308937573
163,4,82311.4025185703,36296.4758771992,0.181706084254403,0.0801260858408077,25066,11090,25280.2159831639,11113.2095473224
164,4,114351.936706994,47380.0756765608,0.252436989410395,0.104593625663501,33484,13831,33606.7928481266,13798.4358804488
165,4,118626.794009925,42561.352746887,0.26187392715528,0.0939560803433329,35065,12570,35083.3879531629,12604.8859946368
166,4,99980.5366912173,42922.6649630257,0.220711484289386,0.0947536931403329,28960,12506,29065.894624713,12426.1247198343
167,4,97956.8961207039,47170.4679986408,0.216244207669681,0.104130907386092,28971,14099,28802.2485706475,14199.5819869566
168,4,93894.8460056914,46727.202692349,0.207277051262917,0.103152379495331,29541,14860,29549.3786163595,14980.2668611918
169,4,99255.4153671609,47821.1654539056,0.219110746695661,0.105567350977292,29745,14691,29940.7167926101,14623.0986768212
170,4,114925.485165295,55527.491463,0.253703123157351,0.12257940860545,35670,17297,35590.605907698,17252.138005971
171,4,94740.6545302174,54454.4209634629,0.209144211222753,0.120210557721688,27776,15946,27626.3765898938,15915.514087468
172,4,92353.0712853091,47630.4766812196,0.203873514952381,0.105146397025156,29693,15194,29545.9046284041,15281.4613871829
173,4,104162.372028479,47986.9317131919,0.229943071905196,0.105933287371945,29662,14274,29989.9522944269,14028.1406029342
174,4,100899.153502833,42026.4648304359,0.222739371783238,0.0927752914630632,29676,12288,29702.3691535422,12262.6982099128
175,4,96436.3620271962,39870.9300390656,0.212887560988265,0.0880168524809834,29371,12496,29349.0772111298,12458.2818683964
176,4,96477.9327589466,41954.8192925781,0.212979330228672,0.0926171307497221,27911,12442,27839.2607634626,12253.0874122422
177,4,100351.64746386,46750.7613820726,0.221530727835944,0.103204386351354,30264,14309,30535.8515169713,14379.4533430889
178,4,102966.939672787,46744.5609244093,0.227304101778369,0.103190698565117,28536,14044,28614.0763330881,14039.9131620159
179,4,100200.486516741,47283.455457817,0.221197033317898,0.104380332230629,30195,13496,30267.8063710859,13675.4720695369
180,4,95978.7594091096,33332.224878378,0.211877382843648,0.0735823698395954,29460,10626,29510.8314657665,10533.1521722826
181,4,97882.5325946329,39562.3311150091,0.216080046876397,0.0873356066222122,30199,11753,30254.8247714462,11710.4050292448
182,4,86016.7423600636,39143.7442293385,0.189885786857303,0.0864115574432628,26485,11905,26607.426454995,11807.2903331504
183,4,101343.081639948,39082.9037048552,0.223719362902541,0.0862772492778134,31692,11507,31751.1540877402,11504.7853579085
184,4,110073.349715986,38445.2865976968,0.242991818213094,0.0848696811371874,32371,11489,32316.2909625687,11617.860525717
185,4,100996.617076114,49429.1525935811,0.222954526958785,0.109117054150142,29662,14456,29543.7011192567,14549.3124832283
186,4,88717.5811549523,40793.9147065807,0.195848008695413,0.0900543822111222,26448,12672,26574.7727060066,12577.5236178563
187,4,100093.770578121,41114.0778052837,0.220961453134098,0.0907611565000788,28390,11956,28323.9039714089,11957.7465200884
188,4,94970.6352884923,40239.522714778,0.209651903981731,0.0888305372165027,29863,12862,29788.1908941694,12793.5490111136
189,4,93769.5604182483,48915.5729856252,0.207000477752915,0.107983304309183,29273,14607,29297.1070000704,14654.731685115
190,4,104169.604351311,44283.9146363987,0.229959037579718,0.0977587123754916,31873,14045,31948.3418087639,13985.3987101945
191,4,92579.4771344914,39357.2788644173,0.204373315940439,0.0868829446533654,28325,11857,28096.3801162904,11860.4020435227
192,4,110688.683934871,43214.3441943224,0.244350195886176,0.0953975880243413,32939,12570,32964.8370993842,12574.6463239113
193,4,100581.327491983,47218.6358158914,0.222037756719727,0.104237239986338,29630,14538,29705.8969802895,14595.9435550119
194,4,98989.1836007929,43777.977824951,0.218523028222999,0.0966418343479599,29686,12562,29700.7833797447,12633.7242978706
195,4,103578.57659213,35368.4220255304,0.228654317498168,0.0780773656610502,32707,11206,32617.6510298111,11209.6945858815
196,4,88718.8220851947,45458.9965375398,0.195850748104149,0.10035275796822,27907,14511,27746.6320450863,14542.4583359808
197,4,102810.618225697,50105.0705913835,0.226959015226973,0.110609173211411,29659,14416,29618.5379009808,14320.497414112
198,4,102637.546613374,54552.5524498322,0.226576951940375,0.120427187345102,29979,16074,29952.5255073603,16306.064086395
199,4,85463.8236384332,42501.5679974052,0.188665194172156,0.0938241028481853,27013,13482,27213.0633769893,13509.688299257
200,4,103757.27195979,47118.9911363756,0.229048795474953,0.104017269921711,29538,12946,29560.8891413212,13083.9026396179
201,4,100971.798238827,41737.7413264241,0.222899738270934,0.0921379214785781,31255,13289,31212.9921956179,13189.7308636983
202,4,89994.4749704655,35885.111925523,0.198666808620164,0.0792179816101012,28823,10761,28727.2265263652,11023.4851229286
203,4,96346.1693720154,47260.0097691972,0.212688456688011,0.104328574829571,29423,13249,29379.0764541746,13147.8909059941
204,4,104621.318188872,44018.6324781617,0.230956215979249,0.0971730902050405,30313,12264,30369.1911471634,12327.8598705738
205,4,93776.0569274594,58440.1927891047,0.207014819086119,0.129009326409969,27595,17686,27767.3540961878,17500.5849023739
206,4,88842.8679795758,44553.3526352905,0.196124584936546,0.0983535087491401,24915,12210,24952.0220633015,12082.9478133361
207,4,81894.7681761763,39179.4751465414,0.180786345401633,0.0864904350331605,25194,11685,25201.7930468,11909.5984781928
208,4,84247.9847899474,44474.4581213122,0.185981175804313,0.0981793455984039,28034,15038,27817.107535345,14995.0696300116
209,4,107192.700229152,42631.7362563395,0.236632656270203,0.0941114550728036,33306,12725,33252.8458178936,12797.0545636902
210,4,98071.9224905436,45101.0442423499,0.216498133500246,0.0995625623462442,30485,13511,30403.8832864769,13641.794237037
211,4,115941.136680685,49937.909472979,0.255945219078229,0.110240157603178,33098,14004,33101.3644491051,13917.6389837894
212,4,105086.430690663,42295.8641291174,0.231982972526366,0.0933700024042751,33743,13419,33798.9525547278,13502.0899632423
213,4,112103.689083254,44584.8074099121,0.247473882724758,0.0984229465639837,33242,14255,33111.9989230843,14258.0756689701
214,4,88028.5878443773,39331.2989052463,0.194327025299293,0.0868255927372808,27651,12868,27708.9324741117,12901.945806501
215,4,107515.72416189,50435.8100834307,0.237345745977611,0.111339295359368,30309,14122,30313.9415814003,14024.4216974617
216,4,103507.419863759,53015.8127984738,0.228497235853523,0.117034766173517,29417,15154,29516.2881825729,15267.5579778071
217,4,103580.606414712,38297.1905328865,0.228658798421854,0.0845427524832371,32053,11954,31819.0802594001,12003.2975997184
218,4,96588.4392815417,50480.6503209253,0.213223278295294,0.111438282179211,31269,15799,31367.1030170062,15746.5259652536
219,4,87448.6382261547,40985.2106757141,0.193046760706932,0.0904766765764386,26379,12610,26300.837459395,12561.8593953744
220,4,101694.952307832,52246.8307288061,0.224496133061581,0.115337204031873,26937,14163,26997.1582082749,14056.2395645717
221,4,96129.4491090656,47372.1899724698,0.21221003706261,0.104576217620774,29386,14071,29438.5340326892,13932.7715155246
222,4,86758.847532434,38797.9377622958,0.191524017052032,0.0856481742774614,27050,11070,27086.6141052142,11207.5991509492
223,4,131597.422821973,50770.5424842396,0.290507167504003,0.112078232031117,38430,15101,38586.4894269247,15027.499381777
224,4,97322.7649489699,36552.485409647,0.214844334886642,0.0806912382771594,28831,11567,28564.9457283991,11596.9804383648
225,4,105937.741170094,44877.061066096,0.233862278296514,0.0990681095164949,32909,13705,32900.7288582519,13576.2618860322
226,4,84935.8100153501,42731.527103645,0.18749958060043,0.0943317478093323,25288,12906,25453.3989552577,12727.9821312179
227,4,90764.4529186898,40368.7051601096,0.200366569208043,0.0891157132137203,27168,12203,27227.153196557,11999.2657396692
228,4,103671.91604095,44882.6515235467,0.228860368485427,0.0990804507001154,32452,13700,32643.5059704725,13667.9423810104
229,4,99452.5886783459,46604.2367640122,0.219546015555122,0.10288092673604,29723,13384,29665.1355430597,13424.4343235693
230,4,85841.6911526255,44733.2617860322,0.189499353526388,0.0987506662060968,25643,13169,25652.9415074908,13159.2518130053
231,4,90005.49359358,38904.428182469,0.198691132721064,0.0858832566192539,28626,12270,28593.4456715485,12467.0486809988
232,4,95165.6709250282,50594.6650215689,0.210082453829269,0.111689974705003,29945,16143,30068.6156221479,16011.5230909082
233,4,99721.6521514315,45807.7943817733,0.220139985146386,0.101122744732298,28377,13228,28455.9734856215,13025.2387600628
234,4,85067.2665013179,46254.7641780239,0.187789776643556,0.102109450449509,24867,13738,25053.8599121189,13726.6206480485
235,4,93657.1103275161,50086.2874229367,0.206752239173133,0.110567708531137,28926,15881,28842.8049350244,15927.187737574
236,4,111350.39820304,55683.5027669933,0.245810959582157,0.122923810502157,31082,15905,30955.573073502,15945.8493104248
237,4,81531.2868929729,39341.6328536937,0.179983944292555,0.0868484053883815,23267,11258,23330.3398543764,11237.7326955105
238,4,92520.6108331437,45743.1710474797,0.204243365960422,0.100980085845842,27946,14275,28044.9621539027,14137.676341527
239,4,96202.894880508,40105.0213234379,0.212372171871706,0.0885336194092564,29235,11984,29435.5710339255,11865.5459939027
240,4,107455.187882523,45923.8265470431,0.237212109446795,0.101378890901038,33269,14096,33074.1224891949,14114.7219032839
241,4,105669.240997545,39696.2115855455,0.233269552216253,0.0876311537191506,32926,12124,32893.0988793501,12216.7109019099
242,4,105313.865859596,40184.9975723356,0.232485045783582,0.0887101705379689,32476,11855,32161.4662386933,11898.2402233623
243,4,97167.8559043444,41772.9745569033,0.214502366276544,0.0922157004028842,31207,13053,31274.5198175162,13120.5992597639
244,4,106388.335091086,52241.9821661211,0.234856984430379,0.115326500613965,32242,14767,32327.7403345674,14829.5973448266
245,4,85580.5676267131,50631.5888537914,0.18892291172187,0.111771485707896,24358,14585,24466.2530748541,14355.3846361982
246,4,99611.318855157,43698.0999437905,0.219896419484576,0.096465500370405,28595,12921,28626.4062320184,12800.7729392714
247,4,98345.3175486446,35615.5731767052,0.217101665258205,0.0786229628265073,31109,11099,31347.5897207672,10894.9827674428
248,4,91172.8437242343,42990.6472288034,0.201268110086347,0.0949037670175266,26205,12886,26284.9786073276,12849.7944192063
249,4,102571.362636659,46549.1420994265,0.226430847866318,0.102759302812029,31073,14239,31086.4416621078,14203.1549586201
250,4,99848.6341658224,51238.6814299895,0.220420303594373,0.113111669587961,30866,15826,31067.0444276991,15693.5004266024
251,4,115283.23480376,52359.440774212,0.254492871405588,0.115585795718715,33962,15319,33781.0509407084,15552.859069133
252,4,103416.798026577,42560.7253069962,0.228297184114901,0.0939546952418503,32039,13641,32298.4749221672,13556.0369024161
253,4,96732.8015247625,52439.8670313912,0.213541964371915,0.115763340260736,28628,15532,28767.1623807701,15444.2008898492
254,4,96383.8128585018,53121.0237824835,0.212771556359719,0.117267024103038,27202,15106,27047.5314353552,15085.8325564811
255,4,96558.507361096,45662.9684910549,0.213157202248817,0.100803035133192,29125,13806,29384.1034572362,13768.0347631572
256,4,95071.7648050098,47578.989206788,0.209875151890121,0.105032736133945,28921,14704,28963.4934136101,14772.8975142309
257,4,91595.9967756698,43548.8832958818,0.202202239279435,0.0961360979793943,27040,12597,26968.4579313382,12687.7171443076
258,4,98527.8657614722,38273.9265758139,0.217504648562165,0.0844913962626579,28805,11548,28821.8394078999,11404.6526878037
259,4,111348.866203412,45551.0419204621,0.245807577624797,0.100555952247417,33066,13310,33031.8455012057,13313.587625081
260,4,99561.303913976,40186.8618524173,0.219786009276049,0.0887142860192173,31231,12456,30994.7686149507,12541.5248266567
261,4,89436.0770360342,39329.9882111291,0.197434120328911,0.0868226993216859,27483,11637,27428.0016450154,11833.5653724571
262,4,87845.4341793708,44947.9237693626,0.193922705432703,0.0992245420876364,27744,14026,27835.9638746533,13967.8744039281
263,4,100131.094508183,42787.9745271186,0.221043847370778,0.0944563580087918,32370,13536,32325.1322955495,13560.8413812484
264,4,95775.953729036,41297.6353746931,0.211429680279201,0.091166368003614,28770,12671,29182.7451057559,12727.9567771951
265,4,105812.513645655,40012.8418479416,0.233585832963176,0.088330129114734,32082,12766,32276.7287952558,12702.0627953488
266,4,113536.623650743,42386.4551914154,0.25063714955395,0.0935699862059714,33578,13157,33724.7827112506,13102.3347994987
267,4,112087.669780963,49448.4421860671,0.247438519402026,0.109159636784021,33256,15062,33256.4341967408,15073.3078447218
268,4,93613.9839129264,43007.9257166121,0.206657035693625,0.0949419100483279,27589,12552,27517.78082022,12568.2546381367
269,4,80937.838796126,53021.1391813677,0.178673881207893,0.117046524400801,26185,15877,26051.9273542938,15841.1742732535
270,4,98508.1224248069,51696.0934960022,0.217461064267817,0.114121427080395,28482,14615,28438.6502573887,14701.4572264343
271,4,91691.0377328235,39711.6455250088,0.202412046422064,0.0876652248273893,26776,11047,26722.3092295841,10991.8161917185
272,4,89448.2255280366,42265.4972076878,0.197460938665664,0.0933029660737669,27143,12603,27053.2839820303,12716.757873002
273,4,116666.914943118,53063.0834601981,0.257547406892657,0.117139118263011,34076,15327,33926.380497495,15502.9926885756
274,4,103464.071115787,43183.9241226475,0.228401541563178,0.0953304343623011,31265,12648,31200.6115369101,12707.4945889067
275,4,98658.6787027814,44925.6480821769,0.217793423951817,0.0991753675168146,29343,13272,29171.962390293,13282.581980905
276,4,91855.9659441938,40719.6778781354,0.202776132788645,0.0898905011084862,27266,11936,27362.4508405834,12013.5226392437
277,4,107852.987614925,57734.2996795786,0.238090270059791,0.127451035955555,30858,16404,30637.8623911801,16466.7000475104
278,4,85872.5416348505,43913.1212562506,0.189567457338872,0.0969401694869902,26207,13470,26228.6048763766,13353.2297396218
279,4,87710.3750239821,46527.5058219303,0.193624556336496,0.102711539766553,25899,13536,25765.2494176825,13591.0842436911
280,4,113400.964193058,48759.4812389793,0.250337675263709,0.107638724831739,33474,14447,33562.4901975577,14389.8571567875
281,4,97839.4771523397,49493.8028445956,0.215985000071391,0.109259772456458,28713,14628,28750.4763578191,14505.9187216067
282,4,102813.130170744,52390.5306022817,0.226964560457457,0.115654427897803,31562,16137,31359.468450766,16207.8760071699
283,4,110092.609698938,45518.6768850521,0.243034335482608,0.100484504991373,33358,13499,33373.2035179442,13516.0430091765
284,4,109587.308039296,44418.1644799026,0.241918859580956,0.0980550748796946,32411,13325,32395.1168789883,13304.3298590772
285,4,113186.820963171,51264.106680532,0.249864944553482,0.113167796960061,32332,14340,32401.4811730831,14374.1036288394
286,4,108509.031011607,57528.5670976425,0.239538515054586,0.126996872124988,33474,17071,33374.5997057894,17106.9049960263
287,4,119786.615332977,47198.257527162,0.264434284342718,0.104192254007051,33860,13393,33843.8522510946,13337.9791440395
288,4,110431.308562738,49134.642053114,0.243782028297934,0.108466909025135,32440,14146,32568.4589865084,14199.2574562933
289,4,97871.5140249482,41790.5610769226,0.216055722893447,0.0922545234284991,30561,13227,30766.3836037842,13086.0750339641
290,4,105548.754843169,47157.0278494889,0.233003573668341,0.104101237658698,33462,14468,33424.4730334298,14627.2734951542
291,4,110641.769453043,49494.3785987998,0.244246630079654,0.109261043459487,32274,14980,32255.8331970273,14998.8024483484
292,4,105382.130988204,50074.3140475088,0.232635744093061,0.110541276772015,30877,15026,30897.2258617187,14950.8885782908
293,4,90541.4062284375,42774.6065044407,0.199874183712819,0.0944268475037986,26947,13113,27165.7140080876,12872.6496606751
294,4,111984.42229063,41445.3701599085,0.24721059597218,0.0914924991167802,32148,11895,32299.008406336,11858.7193514865
295,4,93740.5689792079,48396.6405346491,0.206936477860995,0.106837737829033,28763,14389,28719.2241867779,14444.5145107337
296,4,112292.596960911,44708.2916299737,0.24789090527186,0.0986955434753234,34372,13141,34599.6443650885,13144.062239288
297,4,106435.336823469,49117.203895337,0.234960742846384,0.108428413515773,31104,14911,31035.8510125614,14972.2739574432
298,4,90384.1132047847,44887.46379452,0.199526952362922,0.0990910740024549,25097,12119,25051.0175365223,12213.6278579842
299,4,96319.2051169087,44804.0397831708,0.212628931894843,0.0989069117846911,27314,13191,27425.0927402617,13271.2793977626
300,4,97998.5403604847,32773.3395909776,0.216336139182336,0.0723486056949739,29703,10064,29762.9718526295,9972.83465445068
301,4,102839.071894067,46751.6026160573,0.227021827966204,0.103206243412814,30072,14138,29889.9133787554,14247.3622962021
302,4,104841.144673438,48403.8710809695,0.231441492727107,0.106853699581824,30274,13856,30253.3323459998,13838.0611464107
303,4,87771.694980199,34889.6335282874,0.193759922868834,0.0770204187453364,27555,10903,27531.83230899,11006.508782835
304,4,91224.684413455,48905.063520096,0.201382550714924,0.107960104196313,26790,14338,26802.4186971576,14392.9704503226
305,4,108721.99788965,46048.3918401566,0.240008648915764,0.101653874329252,31613,13115,31570.3249357439,13286.0868362841
306,4,91093.3552695003,39132.5825432876,0.201092635784959,0.0863869175245646,27054,11639,27080.91895638,11686.7121016051
307,4,82860.2208096256,35633.6987079393,0.18291762505657,0.0786629757433669,25924,11156,25987.4836425873,11061.1216844237
308,4,84099.5269817139,38919.1453067515,0.185653448585657,0.0859157453260798,27014,12174,26978.6925090405,12167.7324784469
309,4,103166.087242672,42563.7057309235,0.227743728901772,0.0939612746603107,30884,12600,30633.3752823558,12620.2525565834
310,4,86819.3876054566,44540.3292690603,0.19165766195751,0.098324759088594,25911,13446,26112.1997169256,13533.3294494953
311,4,86285.3505302467,42693.8212561833,0.190478751347147,0.0942485104729957,26436,12421,26360.5415026099,12444.8099697594
312,4,77423.0661743209,38422.3608907516,0.170914864223476,0.084819071618818,25832,12949,25921.4412195689,13085.4648173128
313,4,111218.628579499,48792.1324834408,0.2455200722739,0.107710803907002,30494,13408,30331.0853401584,13363.9324197596
314,4,105824.946020928,45993.3873840016,0.233613277984883,0.101532449544366,33026,14625,32999.3173139781,14537.3825866942
315,4,106907.361613872,42178.0883016787,0.236002758578235,0.0931100070236973,31293,12784,31531.5702679705,12673.1354938983
316,4,97791.012927077,46102.7613371355,0.215878013137267,0.101773897413498,28593,13257,28583.8361162628,13312.4284091876
317,4,105717.903696749,39263.7248410131,0.233376977290436,0.0866764199831632,31556,11895,31705.1649616213,11821.8659962053
318,4,102317.866060849,53967.5952749255,0.225871242893581,0.119135868348504,30325,17017,30201.8754369165,17023.7771613915
319,4,116673.896225096,45576.1790299524,0.257562818383317,0.100611443535322,35013,13583,34974.8781352514,13390.4286012855
320,4,84918.1504907828,38174.4601882244,0.187460596414027,0.0842718197853922,26824,12033,26812.7390848874,12030.0825223664
321,4,108051.645922526,45702.8343596276,0.238528817114928,0.100891040812261,32496,13927,32482.6329178867,14016.2937158157
322,4,106591.804782974,50151.8266344597,0.235306152830457,0.110712389257337,30847,14953,30801.4199288804,14922.5602027498
323,4,91617.105311788,38005.170776281,0.202248837312332,0.0838981058744547,28521,10990,28457.8035432095,11044.6441629907
324,4,86983.0143266257,41498.0577238251,0.192018875226551,0.0916088092589386,25903,12761,25899.1967792913,12802.6736866359
325,4,104520.678534256,43708.7242605801,0.230734049462807,0.0964889540225437,30997,13078,31052.7744463771,12912.1925508788
326,4,96875.845279034,41359.2392054907,0.213857739825502,0.0913023612017224,28357,11930,28265.5583782006,12057.7769449878
327,4,103084.022166144,38769.2739946711,0.227562566593106,0.0855848977347749,31267,11175,31139.5128199953,11208.0854977596
328,4,100304.563747842,43003.2409618672,0.221426788437416,0.0949315682437376,29033,12198,29095.1453590681,12169.2152332134
329,4,106313.790408643,37608.4259138398,0.234692423726341,0.0830222739338438,32164,11206,31967.3772044642,11331.5821358932
330,4,94260.9560803068,44870.1775020099,0.208085255546029,0.099052913742428,28061,13845,27834.5142970684,13942.5092846827
331,4,114493.288006601,49189.1143276115,0.252749028694991,0.108587158995328,32041,13944,31972.3347373264,13926.9066799375
332,4,103130.840072235,51305.0352008955,0.227665919204389,0.11325814849025,31160,14764,31014.4247445802,14786.8196346948
333,4,123596.519291076,53757.0371582571,0.272844816886558,0.118671051935259,36621,15838,36723.8179819181,15755.0028340734
334,4,110584.447736886,47030.1684657861,0.244120089840188,0.103821189923412,34968,14474,34841.0528691293,14516.7717466568
335,4,107849.685259606,43643.4312728924,0.238082979963455,0.0963448168464176,33332,12755,33350.1913122923,12825.3514925558
336,4,115874.207107081,42909.9713946273,0.255797469065858,0.0947256715231776,35248,12668,35018.6754173556,12711.7500609954
337,4,110134.134445903,46776.3325684865,0.243126003209556,0.103260835883385,33933,14459,34016.851062673,14457.3768376186
338,4,106354.700319162,49598.4249986234,0.234782734174472,0.109490730517588,32211,14732,31952.9861528393,14700.2920442241
339,4,96867.965288281,40185.0818998589,0.213840344395223,0.0887103566947295,30368,12373,30362.2953851833,12547.5052014651
340,4,102556.579205917,44793.8765739428,0.226398212785031,0.0988844760480158,30419,13509,30215.5521087263,13576.864514501
341,4,98372.579893793,60700.6215548738,0.217161848098406,0.133999323508746,27869,16425,27710.8179746443,16527.8478251262
342,4,95333.1393145488,47825.0833990092,0.210452147752165,0.105576000015473,30457,15121,30240.7309253213,15276.8046791013
343,4,94056.8665719357,43458.325420038,0.20763471887348,0.0959361874382727,26485,12552,26718.6542918444,12373.9813411004
344,4,104235.475998434,50240.9875716724,0.230104452172298,0.110909215994261,31665,15657,31537.2570322555,15517.3310272594
345,4,94713.4969608066,41581.9353426658,0.209084259679656,0.091793972835427,30290,13018,30526.8208819446,12981.3700779467
346,4,81597.9249356529,38582.5373355021,0.180131050737437,0.0851726682491128,26537,12371,26448.3404500173,12395.3228096421
347,4,110129.662289815,51112.5075528961,0.243116130725963,0.112833135139023,32299,15085,32343.2601546454,15037.9057040219
348,4,89556.9112564265,38195.6147199543,0.197700867248045,0.0843185193556494,28635,12321,28490.313143941,12327.2726593132
349,4,94627.826517829,43844.5418015289,0.208895138364097,0.0967887772886252,28711,12326,28714.7861702538,12204.4242645173
350,4,79952.3070832161,46527.3397106463,0.176498276091446,0.102711173068501,24523,15037,24727.9772602345,14896.1427897053
351,4,98975.4942496988,40720.6231956377,0.218492808371227,0.0898925879389431,30376,12055,30371.1874297667,12005.790301989
352,4,117181.919725686,48396.3707465755,0.258684302869998,0.106837142259853,35370,14673,35337.2990141651,14647.3871849958
353,4,108343.295326317,46501.3091781812,0.239172646153391,0.102653709509619,30635,12714,30659.7231734896,12836.1126024171
354,4,104471.331024234,51320.6455018141,0.230625112638267,0.11329260892425,29946,15694,29837.5983915497,15797.2259410635
355,4,100878.23672488,49176.8565154696,0.222693197065026,0.108560099329502,32590,15631,32478.832355963,15604.5854672231
356,4,83978.9138612567,37281.3297743976,0.18538718975447,0.0823001946489068,25413,11047,25465.4156816948,11034.2134027376
357,4,86148.9465889248,40296.5347059455,0.190177633576144,0.0889563937242721,26024,12676,26026.0494903657,12556.2290614182
358,4,91415.2787871013,43299.3944961574,0.201803296276979,0.095585340350729,28146,13459,28160.7243028883,13439.3531203691
359,4,109313.314541225,52654.70064797,0.241314006740131,0.116237595030309,32621,15182,32602.3731795566,15272.2917485119
360,4,100633.746613933,42473.5739853568,0.222153474264299,0.0937623048207403,28604,12600,28765.0249642903,12409.8204580298
361,4,95698.2796318431,43996.9964902083,0.211258211252832,0.0971253277987433,27806,12620,27590.9930514017,12709.0816746006
362,4,98042.0185677205,50265.8014508824,0.216432119259767,0.110963993736937,29306,15538,29202.7981747593,15616.4879639842
363,4,108828.035478859,47965.2944435922,0.240242731613051,0.105885522136356,31497,14329,31517.9477153205,14318.9959765427
364,4,96895.8272265742,40664.1094381614,0.213901850863976,0.0897678313042204,29161,11911,29203.6872762438,11905.2271100391
365,4,101895.931985776,36321.3528921247,0.224939804645061,0.0801810029583848,30678,11182,30644.1510384323,11203.4964963795
366,4,98136.7896106651,48791.3739094978,0.216641330554767,0.107709129321263,29169,14299,29385.0733833113,14261.0294482327
367,4,87504.0234990664,38705.4774409441,0.193169026161756,0.0854440640032144,27692,12041,27636.5680584109,12167.97791338
368,4,113350.342240721,43291.7065924107,0.250225925051041,0.0955683689610648,32283,12760,32113.0634239921,12581.9739164819
369,4,93232.8633831404,43884.5037359841,0.205815695162697,0.0968769950374048,28385,13605,28506.1865878523,13578.6952692215
370,4,85239.3640627639,44352.2581227731,0.188169689669495,0.0979095836632283,26547,13144,26562.3141985862,13104.944580035
371,4,103755.765347455,40088.7031300225,0.229045469561174,0.0884975962710654,30700,11723,30691.6897299195,11849.2027092043
372,4,78365.264569666,32691.9124313359,0.172994809112889,0.0721688516162226,23546,10059,23564.4290865464,9975.18757299874
373,4,98415.0575277258,35270.9583418603,0.217255619365741,0.0778622102418151,29517,10622,29682.8915762208,10517.8922911443
374,4,108217.755531106,49664.421831471,0.238895511468427,0.109636421463229,31094,14427,31044.8255720189,14510.2417918995
375,4,102516.932891001,52417.3663316564,0.226310691780431,0.115713668964698,32309,16154,32314.3084363937,16213.0834995818
376,4,109671.299989323,36312.6076236756,0.242104275548626,0.0801616973890832,33081,11246,33204.82065531,11241.9857010913
377,4,88167.1216621475,45774.3849462728,0.194632844867343,0.101048991916574,24501,12928,24437.4511370402,12980.0934564683
378,4,119360.294057152,48569.9882052657,0.263493161153292,0.1072204105266,36656,14757,36868.141271645,14717.7875037501
379,4,92081.0616159033,35015.504663299,0.203273041501623,0.0772982848776558,27054,10307,27078.4576903214,10336.9400909192
380,4,92330.9499342045,34946.8983031069,0.203824681085327,0.0771468332842674,29406,10727,29584.5359373125,10632.2350441476
381,4,100968.463312856,42094.9229814642,0.222892376273434,0.0929264158781264,31539,13947,31434.1506678764,13895.164989614
382,4,94450.1569560769,35923.6286899681,0.208502924899506,0.0793030090817678,29456,11302,29584.7698808134,11206.9363249365
383,4,103110.422843839,39235.6796946553,0.227620847264054,0.0866145090744545,30633,11625,30444.2184705037,11541.9141367316
384,4,115894.195434721,49349.7896037969,0.255841594188686,0.108941856818215,35228,14771,34973.9291898677,14900.4822860307
385,4,89440.509806313,42029.8378998785,0.197443905866578,0.092782737663973,27006,12840,27046.8803443615,12896.263429879
386,4,102129.128926876,47857.2446932913,0.225454597270759,0.10564699750391,30259,14187,30216.6926745461,14271.9521575763
387,4,105709.235779375,40516.9193053674,0.233357842477074,0.0894429025355137,32441,12818,32465.2181188347,12733.8029742672
388,4,99007.9742800972,40173.9196864018,0.218564509483826,0.0886857156117587,29918,12211,29898.39172694,12084.901614523
389,4,97785.4365808195,42344.1989553819,0.215865703104734,0.0934767036843518,28610,12840,28733.583720342,12833.6205291478
390,4,102085.409014053,41486.6683167635,0.225358083617488,0.0915836666359747,30131,12406,30004.2951751042,12458.025309802
391,4,106023.400532132,41633.5516289569,0.234051375150405,0.091907918084551,32475,13015,32420.4185343961,13039.5213768777
392,4,92293.1296665357,39836.4037596034,0.203741191161291,0.0879406341825096,28735,12095,28762.4032603668,12124.6582235726
393,4,105887.538298937,40533.3097070583,0.233751453224201,0.0894790850766862,31381,12172,31399.798983167,12155.268887625
394,4,94606.8255178797,41468.4533306621,0.208848777722078,0.0915434562435144,27486,12054,27590.6308186542,12052.6649323227
395,4,83957.3159900766,39106.2400602656,0.185339511492646,0.0863287653209452,24376,11632,24322.8770556236,11609.11479022
396,4,109049.127940036,39639.7297155955,0.240730803060619,0.0875064674775615,31457,11647,31383.3052711313,11560.9988933574
397,4,88619.4801549985,41905.7756034362,0.195631446372118,0.0925088646232963,27179,12697,27148.8736523846,12761.6209419007
398,4,90369.334090485,43574.0357686679,0.199494326810374,0.0961916231824577,25919,12650,25736.3044145944,12652.355210936
399,4,108346.355694345,37577.098557368,0.239179402052011,0.0829531174002366,34034,11856,34178.3139888291,11782.25514327
400,4,99529.4845197497,38232.4963830317,0.219715766547201,0.0843999372682777,29993,11592,30062.8216267303,11435.1907563705
401,4,97437.1217468616,50388.9158452977,0.215096782607334,0.111235774241703,30231,16296,30292.2159480916,16267.0373869799
402,4,105696.829651929,41019.5973148339,0.233330455398614,0.0905525866126419,30752,12334,30747.5991227628,12307.9818919226
403,4,96205.648078643,42926.3884167422,0.212378249679118,0.0947619128301211,28460,12171,28525.3679997187,12157.4963882459
404,4,106150.786436347,47534.1074713868,0.234332585203153,0.104933657705626,31950,14858,32120.7823053384,14809.200892615
405,4,117619.626178405,44795.8988927593,0.259650559344105,0.0988889404068047,35185,13261,35143.5624993754,13445.7621375369
406,4,94686.6264085302,42221.6095731905,0.209024941739656,0.0932060821674346,27986,12984,28139.0314656828,12928.7969722643
407,4,95075.1265154585,43621.5143681421,0.209882573015547,0.0962964343037894,29785,13932,29827.6452439437,13943.9977491902
408,4,111950.549819385,46773.7826259343,0.247135820984444,0.103255206771718,33273,13488,33318.8435948469,13498.3331633588
409,4,104871.786990856,41848.0042526282,0.231509137006517,0.0923813317953257,30237,12581,30254.3761917295,12538.6170302889
410,4,100448.324073125,42100.0431637963,0.221744145753403,0.0929377189084936,29636,12292,29663.9165033752,12209.4622211142
411,4,101928.535839318,43570.5321598364,0.225011779102761,0.0961838888100373,30667,13534,30652.421145099,13583.9550611842
412,4,97907.9549065555,41381.0352475323,0.216136167761363,0.0913504769345425,31698,12635,31856.9678949571,12577.1123129444
413,4,97391.6625428249,38940.1076864174,0.214996429391303,0.0859620207121039,29846,12330,29894.7998166886,12343.8349640689
414,4,92128.6010694005,42362.461414489,0.203377986960919,0.093517018875585,28913,12612,28698.4034270146,12644.4146550173
415,4,108674.510455865,45194.5859674657,0.239903818292299,0.0997690598674275,32699,13075,32513.2974710508,13025.3737339032
416,4,108784.175571125,49858.2753204526,0.240145908914783,0.11006436166743,31118,13599,31407.2968173986,13620.2596139513
417,4,105575.07527362,56389.7893073125,0.233061677189929,0.124482969472557,31132,16595,31159.2206640623,16525.1939313501
418,4,104576.917043894,38568.6828927319,0.230858198475677,0.0851420839501181,32502,12195,32393.9237552401,12325.9861204974
419,4,112718.448225749,44502.112022205,0.248830990891118,0.0982403928153366,33711,13530,33692.9554938112,13564.3411864235
420,4,115681.277353775,51906.1892831209,0.255371568049271,0.114585222880583,33275,14895,33443.6171047341,14728.5450834651
421,4,104425.565914279,41022.8991152583,0.230524084121306,0.0905598754840225,32148,12899,32136.2823787387,12835.8208118159
422,4,113701.253619161,44773.9076630968,0.25100057753594,0.098840393788625,31460,12949,31317.2021920488,13102.064061268
423,4,104773.886489078,39342.5260827272,0.231293017291869,0.0868503772312252,31104,11843,30929.8095815464,11910.1433329641
424,4,103534.479221201,48393.1695070043,0.228556970589328,0.106830075381032,32240,15177,32328.7983347236,15147.8728797722
425,4,106573.392888784,46575.4415761134,0.235265507754626,0.102817360077249,30614,13790,30443.5910302164,13761.5510284447
426,4,94209.0026745772,37920.2738825562,0.207970566090741,0.0837106922032977,30751,12480,30960.1085748316,12489.3938282072
427,4,106766.60121295,59571.2131967475,0.235692023728786,0.131506104294883,30889,17326,30934.8294592928,17503.7917051752
428,4,118440.349021663,46972.9996734799,0.261462341546128,0.10369498727015,35292,13888,35268.2503137481,13846.7867808409
429,4,104044.721510959,54299.2725172667,0.229683353151842,0.119868060621968,29748,15289,29823.6652375496,15361.1784718939
430,4,94421.505802729,44954.4295993913,0.208439676203397,0.0992389039969608,28014,13121,28106.856177079,12969.8021145863
431,4,71682.8991561392,35312.0668914162,0.158243190069889,0.0779529591944587,23014,11202,23034.2506127068,11091.8786000379
432,4,105668.600913178,41147.6254464677,0.233268139201527,0.0908352144109999,32336,13127,32357.0583792202,12924.1975037809
433,4,94026.8781550984,52952.2347824158,0.207568518108705,0.116894414873587,27045,15749,27054.4281925653,15671.2617253614
434,4,108188.023547511,42052.2801176034,0.238829876791447,0.0928322798583715,32462,12310,32383.6209598506,12372.0867353664
435,4,105823.407881068,43030.4809921349,0.233609882472689,0.0949917018228465,32126,12705,32111.2703340721,12736.2923928633
436,4,101506.218737306,44762.5962356021,0.224079495305228,0.0988154233090256,28447,12725,28609.82020879,12561.1684500902
437,4,78444.3398021149,49433.1180427053,0.173169371207692,0.109125808055562,23269,14658,23348.5334452227,14539.8270675128
438,4,103359.38056922,41051.9414164655,0.228170432522472,0.0906239876564388,33312,13352,33357.0113169751,13451.0803217601
439,4,100645.316127911,55281.6160321663,0.222179014481296,0.122036627649421,30687,17054,30819.8611769256,16758.6805169402
440,4,89171.1157908657,40024.7432847747,0.196849206588341,0.0883564020662059,29864,12564,29699.4802234928,12652.8433544183
441,4,114299.411482017,38751.320773893,0.25232103763867,0.0855452652009152,34117,11154,34088.4053151608,11118.8730162618
442,4,84380.3071850998,40092.20583412,0.186273283380501,0.0885053286462454,26092,12451,26063.2814413333,12506.9914567447
443,4,106092.539610508,41929.7414991903,0.234204002742892,0.092561770404754,32149,12318,32117.3952718911,12425.8027670485
444,4,110092.484714353,48661.7091734818,0.243034059573576,0.107422888645896,32338,14292,32147.1388520781,14439.4290311825
445,4,90919.5110107768,45221.4039677325,0.200708866847046,0.0998282617965273,29686,14433,29639.1445536059,14326.0205237555
446,4,85754.2118326709,44211.6793377277,0.1893062390344,0.0975992497389086,25060,13281,25116.0050763988,13227.5582401958
447,4,97047.7346618582,34580.9059005811,0.214237193287869,0.0763388887675303,30787,11308,30915.4865987465,11251.686241686
448,4,105213.821905878,47130.3549319279,0.232264194303384,0.104042356006128,32484,14293,32573.5482357385,14371.7656114704
449,4,91156.2761051361,51697.5558521113,0.20123153632986,0.114124655296587,26900,15205,26973.6315617548,15042.921531994
450,4,104734.948831644,45892.0911267189,0.231207060680197,0.101308833548316,31742,13754,31740.098390115,13811.1012809414
451,4,97207.6492171793,45255.8786460638,0.214590211785593,0.0999043661832081,28664,12840,28482.6243168129,12849.0028992873
452,4,97798.4441056006,38727.205747625,0.215894417794576,0.0854920302072113,28792,11508,28895.6541374113,11476.8242600258
453,4,102488.140152671,41588.5784508241,0.226247130529172,0.091808637792332,30358,12306,30500.0267084118,12142.8396466752
454,4,93541.291010062,44087.3019662529,0.20649656287542,0.0973246811560754,28508,13797,28516.1591321476,13668.2003377266
455,4,82978.852159625,38429.2928674942,0.183179509041275,0.0848343742659785,25378,12143,25460.3746555674,12146.3089012186
456,4,112684.589310625,51196.5730501931,0.24875624582912,0.113018713465565,32817,15565,32787.9044798605,15358.1526355251
457,4,99584.2070664021,48742.7254991002,0.219836569004314,0.107601735790257,28928,13871,28803.108725275,13848.0378282523
458,4,86938.7294896274,46123.9892850684,0.19192111447802,0.101820759053291,25049,13877,24808.2843895412,13770.5151456717
459,4,94085.8378811792,41941.3081693948,0.207698674327978,0.0925873043439947,28165,13206,28191.3568164042,13275.7304051493
460,4,97743.047602238,48613.5975458844,0.215772127548032,0.10731668008681,29084,14347,29108.3410110357,14417.7211168401
461,4,110835.214381894,54522.234758053,0.244673668369186,0.120360259691237,31310,15461,31433.3020219628,15431.9205667599
462,4,103682.571111741,42146.2049373822,0.22888389002839,0.0930396230780726,31341,12429,31220.1316883887,12499.3417760767
463,4,93234.5247690609,40956.1701621099,0.205819362746055,0.0904125683502356,27201,11738,27290.7898953287,11918.176966317
464,4,103441.94816768,42323.1080327956,0.22835270417067,0.0934301445341101,31630,12742,31521.7766370968,12753.8320287165
465,4,119124.491408418,45512.7207376861,0.262972616312027,0.10047135653099,36989,14179,37182.5259931929,14122.7737879407
466,4,90044.1074691306,43502.1388971573,0.198776374569817,0.0960329076388928,28540,13511,28583.1680681873,13510.9591362041
467,4,93078.9690374905,47774.5057160804,0.205475966545746,0.105464347529494,26944,13770,27061.2041335344,13774.8729384626
468,4,104014.951548633,46177.0915464928,0.229617634635121,0.101937984658654,32330,13765,32346.5399367145,13952.0280976944
469,4,106401.095717403,54145.9736440723,0.234885154080874,0.119529646536964,31479,15539,31435.9330267888,15504.6708486183
470,4,104364.604468071,39618.6102079083,0.23038950901577,0.0874598452244372,34077,12056,33868.2770909836,12202.2969979384
471,4,102018.788028269,41586.3540527072,0.225211014826463,0.0918037273344942,31439,13167,31544.7065945715,13165.6643938983
472,4,108923.637762823,42279.9134053982,0.240453777909593,0.0933347904717925,32563,12949,32591.2197629485,12966.8269787943
473,4,91540.9588806934,48778.6280044096,0.202080740676863,0.107680992168536,27792,15103,27824.9663555361,15059.1586129415
474,4,69553.8034576975,39721.9046341384,0.153543116562097,0.0876878722673655,21093,11847,21216.0823656094,11901.7558071606
475,4,92156.6793403971,43387.7821281499,0.203439970993742,0.0957804599819641,26819,12701,26613.4957027766,12889.7873888707
476,4,102261.336502708,40185.4877002758,0.225746451378189,0.0887112525172096,30261,12013,30244.6661736274,11993.3193025988
477,4,107278.618300047,45083.7547253239,0.236822324235411,0.099524394967955,32748,13521,32754.1902685606,13413.3813634143
478,4,95837.2678945992,48047.2006712999,0.211565034028414,0.106066333779183,28592,14441,28507.6731080274,14467.1782065543
479,4,129867.365135317,42899.5605720593,0.286687988166054,0.0947026891690344,39413,12912,39234.401880942,12830.5941923275
480,4,92498.5960127382,39080.116303748,0.204194767264628,0.0862710959658183,28990,13163,28840.2165952063,13177.9165215036
481,4,108492.505559907,49079.7060004579,0.239502034384508,0.108345635244017,32894,14613,32838.9334334914,14614.9562998759
482,4,79227.6026911128,43806.2728649175,0.174898458893563,0.0967042969079311,25693,13851,25818.0335225944,13912.3571451044
483,4,101067.21380246,49285.1428750299,0.223110372374037,0.108799146287418,30178,14709,30263.0698812843,14684.8092076279
484,4,101431.070975981,55409.6669677893,0.22391360327772,0.1223193057886,29580,16094,29782.812176006,16103.2635851503
485,4,91189.7988751491,44632.6530346354,0.201305539336565,0.0985285679098867,30003,14144,29984.1956099015,14171.61808793
486,4,93579.0019199819,40973.8957178563,0.206579811387358,0.0904516983034057,29809,12533,29722.1285591387,12616.8141565294
487,4,92604.1094781947,46827.1773196334,0.204427692935404,0.103373077934342,27664,14007,27709.1985763454,13883.9222741018
488,4,112819.625211342,41154.0904841519,0.249054343589605,0.0908494862694086,32673,12004,32638.259223989,11892.6284048589
489,4,102149.334917772,49804.3891583393,0.225499202894912,0.10994540556641,30826,15031,30857.5447159653,15113.4666322136
490,4,99293.1669797203,45226.4461003481,0.219194085060487,0.0998393925286718,29850,14463,29999.7343956324,14292.795251064
491,4,119205.807497625,49136.1489981576,0.263152125197851,0.108470235673384,35536,14903,35705.672571782,14757.8907452622
492,4,101184.014200041,36653.5713521532,0.223368214449795,0.0809143899939804,32174,11735,32174.1021860452,11717.7390046121
493,4,100838.882281387,42393.8412256227,0.22260632037958,0.0935862912051929,31123,13034,31331.7297591347,12958.7218673665
494,4,84592.556034508,47212.7704111848,0.186741832161513,0.104224291844414,24669,13800,24593.7966706181,13735.3564274732
495,4,107610.598528219,41248.4282279852,0.237555185363581,0.0910577410373366,33584,13413,33670.3387272757,13333.4503379676
496,4,118839.646137573,55209.8922479766,0.262343807699855,0.12187829420382,34248,16134,34142.296059013,16061.6446833995
497,4,86089.6483601609,43907.5159843286,0.190046730097134,0.0969277955997646,27386,14019,27656.7849717275,13742.5050889965
498,4,99462.9686414502,39144.1911461274,0.219568929785626,0.0864125440319639,29151,11657,29199.6623478513,11584.6497455073
499,4,96323.8387591782,41253.5588932336,0.212639160866369,0.0910690672092081,30940,13228,30810.4216985525,13279.7960190858
500,4,82903.4593389257,39076.057263068,0.183013076034291,0.0862621354528733,24270,11828,24199.6502632359,11858.3138142422
501,4,77409.3516638114,35193.078272991,0.170884588831175,0.0776902865238038,24503,11012,24435.4571113732,11090.4058364451
502,4,92524.5615357503,41512.6382623339,0.204252087312249,0.0916409964465904,27939,12495,27969.3324759253,12385.5267676223
503,4,103972.476179978,51178.2742581,0.229523868368487,0.112978318067648,33402,15767,33366.6131845403,15919.0762759968
504,4,97776.7411273795,48043.9081305136,0.215846507504282,0.106059065348866,28303,14250,28299.8395017487,14190.949034499
505,4,91354.9296814469,41013.1340032732,0.201670072940465,0.0905383185647278,27500,12320,27617.7811620823,12238.1035339375
506,4,79747.7616994893,38951.3502611822,0.176046733053761,0.085986839196238,23907,11993,23842.030551035,12066.9404231676
507,4,77208.0623913557,38362.2334223947,0.170440233804031,0.0846863375565013,23677,11695,23586.716669596,11717.9381128344
508,4,86172.8735540584,38523.1015124187,0.190230453416525,0.0850414610245184,25341,11551,25471.7702923274,11433.5139678252
509,4,103023.153592839,44469.4709578271,0.227428196508634,0.0981683362130614,30224,12813,30083.4313120072,13034.2122753407
510,4,103468.280403575,37929.7835145578,0.228410833753301,0.0837316851391588,32119,11944,32047.8305793956,11920.5835869555
511,4,109233.881021768,44721.4740070151,0.241138653710812,0.0987246441593121,33316,13702,33053.6254839107,13790.8074701765
512,4,104816.633563471,51504.9359079334,0.231387383361011,0.113699438197437,28989,14537,28958.6478093959,14510.7315196827
513,4,102438.260494546,42879.5033797329,0.226137018964012,0.0946584120243468,28399,12191,28477.9254058094,12176.3109942424
514,4,90807.6292500418,39110.9836076327,0.200461882881026,0.0863392369128653,27432,11032,27366.2635258059,11082.5923912778
515,4,88362.2870913389,39537.7348647587,0.195063681237944,0.0872813093051504,27940,12501,27799.3968962244,12525.5052365392
516,4,84273.8204526605,48836.2799345653,0.186038209179545,0.107808261370102,25127,14319,25025.860331823,14377.9955472551
517,4,105398.338680985,43124.7030148615,0.232671523296184,0.0951997011312815,31510,13016,31623.6369708271,12989.5242023941
518,4,79448.2588694559,44063.5100046502,0.175385567227359,0.0972721593419976,25983,14874,26224.2939893922,14801.1563078413
519,4,113242.242351187,43057.3823076566,0.249987289734006,0.0950510876740794,35430,13194,35291.1502656476,13262.9914279729
520,4,117059.878740901,46418.6439305354,0.25841489196476,0.102471222296498,33460,12889,33559.8042701031,13016.6715239114
521,4,95122.0397518293,47510.4680153513,0.209986136072666,0.104881472554375,29288,14427,29572.3795529064,14380.8966292606
522,4,83837.1051516998,42732.8743275671,0.185074140717054,0.0943347218660971,26663,14102,26397.0847808288,14214.4311116359
523,4,95396.3466746866,44816.9770940906,0.210591680812656,0.0989354714743098,29104,13380,29179.0336065357,13286.9868804795
524,4,93256.3050760145,40297.7227951094,0.205867443742968,0.0889590164839763,27535,12344,27662.506869176,12319.416533346
525,4,96741.8938617682,43666.1956830469,0.213562036110501,0.0963950702949431,28009,12900,28012.3005648238,12963.8321123619
526,4,108655.458671217,48915.4393224349,0.239861760629805,0.107983009241741,30422,13681,30560.2356237748,13652.5047362917
527,4,96422.7008767327,44866.653404351,0.21285740339064,0.0990451341400091,28405,12836,28301.6393862892,12874.4248700982
528,4,111005.187370342,49504.8652188002,0.24504889130568,0.109284193139835,32365,14150,32412.5267434499,14039.4296779917
529,4,102135.626468083,48499.1767360902,0.225468940882142,0.107064091056995,29282,14332,29496.4462807944,14256.1676249142
530,4,89615.0557002945,36646.7496757975,0.19782922369555,0.0808993308398327,26924,10814,26782.3539819332,10854.5503495175
531,4,93605.490416582,53390.1930521268,0.206638285922449,0.117861227244911,28843,15605,28811.3161847481,15591.7914760261
532,4,104744.007664955,41767.1558221426,0.231227058457888,0.0922028552869423,31460,12719,31698.989090992,12617.0397597678
533,4,79770.2481505069,41842.486624843,0.176096372895122,0.0923691513864328,22880,12349,23127.6301085851,12367.233063476
534,4,85921.6123775072,35008.3737697372,0.189675783187136,0.077282543112764,27815,11066,27799.4169072938,11117.1770495266
535,4,115442.621976731,50287.1443269027,0.254844725683303,0.111011109085597,33741,14876,33961.2997545053,14720.5693265911
536,4,108708.475478209,41100.0027613556,0.239978797590705,0.0907300852142104,33732,12844,33792.2465396139,12720.4286171792
537,4,111400.25040377,53186.5333267415,0.245921010533894,0.117411639337431,34154,15724,34015.2652803086,15733.2388290098
538,4,93669.8177818701,47571.9376399332,0.206780291444154,0.105017169486289,28210,14916,28509.6306774849,14807.0486921413
539,4,84629.0084582271,39388.0689617653,0.186822302509155,0.0869509151635467,25118,11980,25012.7198101888,11914.8626677238
540,4,100285.501136009,45225.778974206,0.221384706873431,0.0998379198180233,30296,13869,30291.0963908646,13891.2091261919
541,4,105685.235809918,40656.1547554101,0.233304861476401,0.0897502709880309,34536,13319,34421.1101069827,13254.6565680193
542,4,98333.5392841713,34817.8530661235,0.217075664215199,0.0768619601805848,31830,11419,31849.7650086709,11245.0206313446
543,4,97464.6011191332,48451.782289468,0.215157444544569,0.106959465706829,29740,15642,29920.3771205237,15526.1062561254
544,4,83446.385125793,43799.7100617338,0.184211608871223,0.0966898092278314,26834,14168,26831.7986912127,13948.2343861332
545,4,107422.234585256,46909.966368495,0.237139363576523,0.103555838444156,33776,14188,33627.6242922647,14081.7757554763
546,4,102618.005149792,45415.0819195838,0.226533813289841,0.100255814494702,31599,13774,31527.6016016228,13788.1797638929
547,4,100857.485569388,37277.2740679176,0.222647387965765,0.0822912414963568,29998,11068,29860.3763508268,11099.5098530327
548,4,85602.7143577554,38738.9411437131,0.188971801616266,0.0855179366163488,26718,12074,26754.2375468726,11986.6987066139
549,4,108910.491619052,41516.5851877503,0.240424757212163,0.0916497094601015,32778,11756,32615.8604957941,11838.1166143171
550,4,92595.9119117776,45101.7315345426,0.204409596442713,0.0995640795743471,27601,13337,27552.2841442548,13455.7403443023
551,4,81668.1686065366,39371.0028453039,0.180286116767044,0.086913240951946,26625,12343,26611.7596264447,12238.8937391144
552,4,111125.7816569,45742.7162774262,0.245315108560195,0.10097908192071,34385,14071,34376.3931000161,14065.9728971984
553,4,104367.202145418,47013.8516043243,0.230395243504119,0.103785169725568,30336,13486,30292.141338441,13531.4393430687
554,4,98308.8783104099,43520.6165495948,0.217021224018106,0.0960736978789797,31139,13752,31112.8578638457,13749.6254747395
555,4,95113.5450770072,47022.55223492,0.209967383699949,0.103804376754821,27124,14292,27062.2370431613,14237.8124588275
556,4,105286.349287308,44217.3366730989,0.232424301725655,0.0976117385585152,30566,13514,30446.5052775809,13449.783685837
557,4,111178.365759956,45309.0671623253,0.2454311903079,0.100021782199962,32256,13412,32330.5942065717,13486.1703328943
558,4,111882.502956762,52166.5516036909,0.246985604506839,0.115159984290431,32439,15450,32468.1616738656,15252.7411366586
559,4,107458.749942455,45510.3076579429,0.237219972852622,0.100466029550065,32711,14124,32912.6935264092,14026.065626195
560,4,98882.1918907415,44414.2376438995,0.218286839261491,0.0980464062144573,31129,13778,31089.9510556891,13802.8284181211
561,4,88895.3236337544,32740.1542863531,0.196240383127637,0.0722753476581333,28510,10296,28345.921882056,10288.7539929389
562,4,99538.6646150852,41330.9272035813,0.219736032016206,0.0912398611975076,30563,12611,30590.7191531941,12675.137934693
563,4,96158.7883916926,44346.1679418621,0.212274804834727,0.0978961393178293,30046,13639,30152.997733837,13697.3380225562
564,4,90586.1582858153,41692.4962623844,0.199972975871131,0.0920380409861198,27255,12165,27143.2525254575,12095.1941675008
565,4,104697.760155149,47118.2930986489,0.231124965021786,0.104015728972363,30810,14481,30878.6104224963,14486.5114850347
566,4,99615.4816272025,42410.6314294684,0.219905608989127,0.0936233563274151,30220,13337,30419.9273250522,13283.2046278195
567,4,100026.763395636,44075.8077721576,0.220813531796667,0.0972993072110714,30856,13363,31142.894184792,13231.8527974884
568,4,84213.2172646986,41432.5136440448,0.185904424945029,0.0914641177858435,26155,12848,26254.5439322768,12921.1899929546
569,4,103699.581352594,48571.6836570306,0.2289214408921,0.107224153311826,30358,14232,30311.8170200594,14258.5186286946
570,4,79376.518028171,40765.8268871237,0.175227196127461,0.0899923770996479,25334,13303,25362.2700710722,13456.0137757972
571,4,108289.56667298,39036.6764426854,0.239054037760004,0.086175200539271,32202,11302,32146.3643924584,11255.5490555074
572,4,104072.841919586,41832.8488683194,0.22974543020536,0.0923478756099873,32252,12151,32193.1967856311,12196.7028546922
573,4,100345.238079178,41903.4459601668,0.221516578834015,0.0925037218321003,29960,12314,29999.661654117,12272.6501271525
574,4,91941.3090903541,35214.4203845464,0.202964531581913,0.0777374001848739,26400,9728,26361.4745170112,9766.0434325715
575,4,102137.562503312,40549.8365253137,0.225473214766071,0.0895155687634962,30958,11584,30930.5955347384,11660.2950141169
576,4,94026.0718091039,42295.328307848,0.207566738064036,0.0933688195549767,27569,12911,27537.2569099815,12906.8986123081
577,4,95024.1980140149,47564.7719341144,0.209770146082083,0.105001350871791,26984,13215,26786.7090391965,13271.7064858068
578,4,92588.732282415,40395.9816735552,0.204393747091372,0.089175927331068,30869,13751,30875.8974326177,13727.1734204781
579,4,85805.1931302714,43460.3375498923,0.18941878251773,0.095940629304474,26682,13255,26616.0766011799,13283.763002127
580,4,89199.4110962438,57369.2348613708,0.19691166973422,0.126645139122481,28912,18591,28913.1273384986,18666.1561680536
581,4,94302.0637040342,44327.082887443,0.208176002454865,0.0978540082108359,27858,13338,27801.4862814963,13231.7817469739
582,4,113629.202018393,40943.917409524,0.250841520420653,0.0903855198536044,33273,11771,33221.6519577869,11763.6351601477
583,4,88618.8175202108,50369.5220053204,0.195629983576334,0.111192961476848,26284,14523,26499.0740517622,14582.8092119558
584,4,80524.6382412515,44541.2003087273,0.17776172259389,0.0983266819474236,25062,13583,25039.1736997599,13517.4256664043
585,4,96385.2647462307,50182.8707664814,0.212774761466495,0.110780920560366,27550,14556,27671.2982739978,14644.5343410497
586,4,88461.1517415626,40691.2277327066,0.195281929353195,0.0898276961463042,25962,11469,25869.9841522419,11676.1450802425
587,4,100699.139445861,50969.2196636759,0.222297831851027,0.112516820746671,30386,15118,30570.9451456326,14968.7182687814
588,4,102196.223998638,50243.2911006396,0.225602712627679,0.110914301136973,30283,14714,30300.5201756058,14555.1323768869
589,4,97114.9627817753,39060.4345496488,0.214385602354512,0.0862276476177257,28099,11645,28249.5142096379,11740.750754828
590,4,104046.495262435,48352.0262977653,0.229687268787164,0.106739249915595,30400,14316,30275.452064966,14370.1277350205
591,4,108836.342031712,42146.2388275885,0.240261068698149,0.093039697892211,32473,12686,32478.8327405927,12682.2924187565
592,4,106826.164308847,44439.8272894774,0.235823511913779,0.0981028964959146,30185,13061,30194.0070734094,13197.6589312805
593,4,76564.1103964861,48240.7185155512,0.169018681116854,0.106493533032705,22664,14175,22900.3997800449,14255.9676356409
594,4,102360.985774201,39270.713923646,0.225966431579808,0.0866918486941182,29902,11679,29889.9354422111,11708.1384641252
595,4,102753.173984382,48227.0219277139,0.226832204507766,0.1064632972055,29542,13982,29516.3836302074,13974.7525284914
596,4,90993.6072734612,39255.0367910741,0.200872437644508,0.086657240726269,27787,11714,27750.1158877097,11659.8573769928
597,4,96525.6117773832,41057.7723823476,0.213084583783783,0.0906368597731253,28549,12703,28588.0040074424,12757.0606383138
598,4,103526.153980676,45736.6353133423,0.228538592250362,0.100965657921867,31531,14193,31541.1794969109,14131.2658116869
599,4,90122.1736703488,46214.8615293232,0.198948709183272,0.102021363576671,27373,14714,27518.405229516,14572.2104176663
600,4,92377.6563784689,36681.6588838375,0.203927787639669,0.0809763944701837,27230,10928,27202.98571684,10957.2600495878
601,4,90600.9352176579,37067.0369984833,0.200005596605807,0.0818271338091695,27866,10908,27841.9485208744,11100.3876436857
602,4,94453.606716029,46689.1823778825,0.208510540398128,0.103068447959086,26387,12677,26525.549085455,12685.0885594021
603,4,81089.480334402,42129.3391404915,0.179008636652307,0.0930023910808393,25308,13164,25406.1658181726,13128.7303058081
604,4,98279.7444305026,41721.2621108212,0.216956909681634,0.0921015428767421,30455,13283,30595.0017923712,13164.3609292651
605,4,120231.515096341,45631.2445016741,0.265416420370207,0.100733003014786,35638,13166,35661.7097138838,13143.8141873627
606,4,106731.549330686,41231.4693189423,0.235614645138736,0.0910203034908835,32888,12406,32747.702218029,12457.9478894798
607,4,100217.287923859,42174.9108443308,0.221234123171843,0.093102992645192,30662,12745,30577.9984352063,12844.1870318984
608,4,90894.1189224418,38736.9389698508,0.200652812681994,0.085513516728443,28629,12393,28700.7443237487,12363.129549731
609,4,108315.696508458,37814.9721463491,0.239111720534706,0.0834782339342618,34487,12120,34489.0850313863,12198.0225373423
610,4,92321.2698520765,43607.1001821413,0.203803311873226,0.0962646143467021,28195,13601,28246.0816555997,13458.5335454291
611,4,77521.0509410185,43880.2174715702,0.171131169956685,0.0968675329179547,23856,13358,23921.244315222,13323.4419834974
612,4,94021.8844630087,46193.5133380391,0.207557494311177,0.101974236494329,27387,12780,27225.5453881542,12912.4409169253
613,4,92680.5270696621,45109.5561334953,0.204596388169465,0.0995813527247618,29205,14581,29365.4609224166,14550.7526184781
614,4,97476.2231779757,43534.4982869283,0.215183100756693,0.0961043424319377,30275,13705,30280.6906878488,13625.9389509959
615,4,101196.739289077,47290.7620246513,0.22339630565016,0.104396461802088,32140,14489,32061.614758954,14433.5902304385
616,4,105592.802941151,45951.1875331452,0.233100811804958,0.101439291495535,29699,12908,29756.6148773005,12682.0765675702
617,4,80901.393564854,45381.1400820019,0.178593426737898,0.100180886377689,24875,14373,24678.3945816428,14496.3538222297
618,4,90583.3857209343,43006.5653018756,0.199966855310765,0.094938906872253,29859,14525,29925.3675336077,14377.2757594346
619,4,130527.137991394,47100.2961148223,0.28814446610844,0.103975999829627,38932,13776,38852.0791750109,13781.0175575266
620,4,96497.7111573724,37358.0501312326,0.213022991923417,0.0824695582509902,32712,12448,32709.1578816351,12410.6905695663
621,4,99223.8183504093,49852.4349795407,0.219040994874985,0.110051468854948,29912,14645,30067.4120772139,14564.4184918338
622,4,111271.502889537,51737.1750063372,0.245636794666432,0.114212116342755,31747,14930,31837.6554303931,14903.0830976319
623,4,99964.4863258013,40763.5685185182,0.220676052393423,0.0899873916504447,30635,12016,30720.5578853352,11970.7262716721
624,4,116073.614913666,50644.8933070471,0.25623767067336,0.111800855880561,33567,14061,33361.8224809687,14231.354079996
625,4,127131.925613014,38631.8555141572,0.280649383682304,0.085281540323355,35341,11249,35438.7866995366,11162.7254368322
626,4,93100.6218318595,45722.6070479341,0.205523766052954,0.100934689901663,28473,13707,28622.4804725813,13667.780379465
627,4,100609.587790102,49122.7146286204,0.222100142585524,0.108440578704746,29415,14017,29506.6020984751,14078.4017298341
628,4,99564.7968799658,46092.620731163,0.219793720153923,0.101751511574516,29536,13310,29630.0059523504,13273.5932392649
629,4,94433.1331052954,54865.5481037478,0.208465343991275,0.121118139180709,28111,16023,28045.2271116921,16117.1382933034
630,4,96275.189656399,39285.2222423438,0.212531765806899,0.0867238764533233,29122,11789,29239.0619958164,11802.9079501032
631,4,90186.1021657518,29438.4888101951,0.199089834181954,0.0649867741818733,29355,9725,29353.240076637,9823.73941734608
632,4,100806.057740001,36617.7702587946,0.222533858743645,0.0808353574870961,30678,10988,30558.1862112122,11085.293176215
633,4,97220.0769683132,51413.054126753,0.214617646599307,0.113496605076366,29613,15023,29743.0968476782,15136.173431063
634,4,117748.845305874,41830.0191030979,0.259935816318773,0.0923416287773248,34477,12814,34478.2604478954,12662.1473563205
635,4,94631.8956365127,51680.9054449562,0.208904121124684,0.11408789878178,27815,15533,27984.8085119457,15453.3959563745
636,4,98644.7037949421,43840.222804073,0.217762573720821,0.0967792429095283,29602,13472,29379.1100845021,13594.1341862844
637,4,108045.954695647,48531.1123795043,0.23851625347831,0.107134590411098,32562,14456,32582.9446937247,14531.5558737013
638,4,111309.189378458,42295.6181230277,0.24571998926793,0.0933694593348838,33356,12976,33446.9270270746,13060.3007160221
639,4,109335.137677406,37188.7918995629,0.241362182284469,0.0820959131718946,32308,11022,32436.6558786368,10799.598819657
640,4,97805.7880279429,40798.4766330453,0.215910629829981,0.0900644528668173,28498,12371,28515.1234874638,12438.1336125983
641,4,105557.179050737,49502.0543401107,0.23302217048146,0.109277988000032,32769,15326,32731.7558383593,15287.98829709
642,4,96008.0974553555,44147.1035256973,0.211942147886399,0.0974566957599633,30725,14507,30776.5757045707,14464.7516266243
643,4,96693.58156654,46161.2225896051,0.21345538456869,0.10190295323009,28798,14219,28845.9213074998,14110.643552362
644,4,115241.583852663,49234.2270808453,0.254400925077404,0.108686747405794,34847,14464,34997.7845354829,14298.5611809657
645,4,94514.4625244552,44211.7665952629,0.208644882303562,0.0975994423638008,29325,14176,29410.545775174,14051.9700856048
646,4,86716.2860262957,42084.5428702124,0.19143006063307,0.0929035013205805,25111,12183,24937.6589742317,12246.9727432213
647,4,114445.058787734,50583.4236588832,0.252642560547944,0.111665158896588,34783,15640,34746.6708955417,15596.5228529511
648,4,106131.432571818,45060.2750532844,0.23428986068588,0.0994725625469863,33343,13926,33244.1530045452,14093.7492923709
649,4,107739.496263568,52332.2865052801,0.237839732850841,0.115525851461571,31114,15328,31235.3818285768,15293.1891153387
650,4,84636.4705834321,48859.4615064888,0.18683877548264,0.107859435721798,23275,13939,23443.7043969259,13836.8118973869
651,4,107834.057052145,47666.144775252,0.238048479999968,0.105225135930109,30483,13394,30553.0194143779,13288.3543197688
652,4,81520.1459386473,36974.3325704273,0.179959350140063,0.081622484658509,27036,12525,26966.563642634,12567.7954977966
653,4,100517.627932228,48052.2513159344,0.221897137106677,0.106077483301988,29779,14483,29910.331773795,14546.4398166898
654,4,103019.484450248,49001.6021029819,0.227420096713073,0.108173217414396,29764,13947,29882.4868825812,13983.0725356705
655,4,108259.632521286,43618.4377183162,0.238987956787947,0.0962896424623751,31690,12783,31699.6205898378,12858.9525630847
656,4,103658.751855562,52173.4960554648,0.228831307960322,0.115175314476778,33038,16502,32778.3310278943,16618.7439762399
657,4,104350.614158917,49719.7776148687,0.230358624785684,0.109758621818639,33161,14834,33141.8626611522,14925.4330991157
658,4,98517.035645916,37569.1163600917,0.21748074060009,0.0829354963445088,30569,10997,30464.6970936633,11117.3347171216
659,4,112850.13167545,40034.6139063196,0.249121687966784,0.0883781919025493,33324,12037,33563.0973875253,11937.2795799054
660,4,103552.098353907,52167.4327130547,0.2285958656089,0.115161929378565,30282,15604,30292.2061658195,15589.852079071
661,4,106194.626350498,43936.5936628511,0.234429363764699,0.0969919858691789,32443,13756,32724.0640102205,13547.8173687079
662,4,103217.843038767,43419.6707840648,0.227857982124999,0.0958508556090721,29872,12820,29897.5885884932,12837.7469810296
663,4,100284.291727222,47868.1222122702,0.22138203704971,0.10567101011115,31604,15851,31598.5917835823,15857.846253851
664,4,89109.5046736123,41182.2353583057,0.196713197305057,0.0909116173316652,28732,13855,28926.212959817,13902.1457117112
665,4,107728.946032047,40931.7663831567,0.237816442745229,0.0903586959221282,30859,11890,30704.1876796686,11924.2678126733
666,4,91213.914909016,43625.7437013468,0.201358776554588,0.0963057707450614,26503,13006,26601.858594397,13096.3021248051
667,4,101432.834037768,40898.4826553073,0.223917495315078,0.0902852206116383,31458,12312,31496.8545610854,12230.4882183894
668,4,79915.7830169991,34929.2530854412,0.176417647589801,0.0771078806809861,26183,11645,26147.9969252064,11631.6531116655
669,4,91777.4763747899,51537.4992037419,0.202602863571078,0.113771323122134,27613,15857,27515.8851992605,15942.3895899415
670,4,86657.0039268537,40118.3592119691,0.191299192760256,0.0885630633917798,26012,12178,26014.2111538972,12261.2550450928
671,4,85190.4585215094,40405.5171293675,0.188061728510679,0.0891969772741406,25392,11940,25245.2914289838,11944.2785904535
672,4,104505.191002593,41598.4885364656,0.230699860047404,0.0918305147474252,33036,13207,33153.0935412289,13269.2701715617
673,4,100146.535525489,38513.508661911,0.221077934103668,0.0850202843801016,30518,11784,30501.9187754312,11694.6325750845
674,4,92881.1526243799,63211.026919897,0.205039278010163,0.139541155075359,27489,18614,27598.4243680436,18481.094652335
675,4,96411.0331701784,53672.9427030024,0.21283164640916,0.118485409682737,27933,14831,28102.816076657,14700.041994996
676,4,104878.705114973,44888.4355058919,0.231524409073389,0.0990932190985534,30947,13174,30735.7988584038,13313.567195189
677,4,87873.5698587287,42464.804457652,0.193984816197038,0.0937429456980522,27981,13148,27864.6945598094,13189.3964466091
678,4,105928.055009851,50454.2845661759,0.233840895666703,0.111380078602218,31302,14471,31292.3667136277,14525.1586947722
679,4,100955.592758412,43480.0814100644,0.222863963951708,0.0959842147544866,29016,12829,29301.2201091373,12792.3897005755
680,4,101412.188042444,48353.8139351199,0.22387191836157,0.106743196204613,30228,14028,30040.3053141293,14037.4494196412
681,4,111683.731169906,46388.3053531617,0.246546806941196,0.102404248536755,31721,13719,31868.087442378,13611.2145464621
682,4,101319.190739402,49848.8304777916,0.223666622676343,0.110043511756922,30796,15751,30716.4593046228,15543.0302264432
683,4,85961.6488550621,53300.5720906542,0.189764165493126,0.11766338498396,27267,16128,27352.8400077859,16189.7396364258
684,4,110185.954335579,46278.2972643001,0.243240397922214,0.102161400784782,31834,13747,31812.7404137237,13846.8146163864
685,4,97824.0058597432,49896.5485015071,0.215950846504449,0.110148851417922,29965,15087,29932.0147323331,15134.3005048372
686,4,112544.334148436,36361.8323215778,0.248446626316659,0.0802703631004031,36018,11463,35856.431962059,11681.6284402829
687,4,100110.67804853,43307.0945396253,0.220998777127477,0.0956023385393677,30311,13478,30296.1214961312,13516.5908923543
688,4,95530.1803247522,43581.8829785665,0.210887124551321,0.0962089462475419,28572,13340,28380.9507950138,13412.6970173213
689,4,101146.149125314,43396.5499626869,0.223284625612182,0.095799815366909,30178,13308,30220.7790017651,13320.5160900344
690,4,103439.74069323,41877.023670433,0.228347831072579,0.0924453934516129,30522,12416,30523.5203216719,12486.5253865028
691,4,98758.2351400871,46252.7171041926,0.218013199217838,0.102104931442923,28351,12907,28211.495643841,12825.1713195551
692,4,101162.870828272,45493.7438032506,0.223321539515648,0.100429464103672,30798,14346,30927.0761869941,14315.7215967525
693,4,113199.953273325,43773.856747033,0.249893934712588,0.096632736885051,33793,13209,33778.4480294703,13265.0528424899
694,4,86530.1556989621,36062.4691129022,0.191019169651919,0.0796095054943624,25676,10958,25745.9272844131,10890.6596358236
695,4,107788.586756011,49121.2189889466,0.237948102297636,0.108437277013604,33382,15447,33408.4437847409,15274.178056064
696,4,92293.6146669121,41564.4117669828,0.203742261821207,0.091755288762236,29731,13280,29443.778020781,13364.7145995993
697,4,94108.7272060783,37384.6508877726,0.207749203531361,0.0825282806048949,30635,11902,30713.7522442823,11943.9515729832
698,4,96749.962752148,41788.2309171564,0.213579848545113,0.0922493794971134,30092,13414,30065.1341292891,13275.3578963212
699,4,106426.384643086,52952.3633955553,0.23494098050978,0.116894698792816,31154,15320,31221.8492446168,15314.0307496809
700,4,90430.3564890594,37902.2565782886,0.199629036470974,0.083670918202283,26808,11263,26935.5960821421,11172.6314624166
701,4,88901.2513595429,38829.9168844439,0.196253468846123,0.0857187696128053,28655,12758,28635.0375424219,12770.9592193039
702,4,103594.780041678,47157.0468517227,0.228690087334164,0.104101279606975,29801,13684,30027.2003960882,13548.5525495807
703,4,104173.924756031,44080.572274442,0.229968575065411,0.097309825061904,31945,13334,31952.9531363757,13481.9415620865
704,4,87510.1082155726,42008.1781735842,0.193182458444239,0.0927349228542318,29898,14361,29813.4757148158,14440.022792844
705,4,90626.4178789075,46966.2449415711,0.200061850714599,0.103680075898848,26450,13458,26414.0649597953,13600.9877593725
706,4,92914.9676500998,45434.2404958558,0.205113926184347,0.100298107904457,27288,12950,27265.5171411206,12918.3147973516
707,4,86342.4023311495,44689.5309522973,0.190604695736679,0.0986541284444257,26162,14316,26341.294353798,14281.8342535832
708,4,120049.419890647,36782.2573779958,0.265014437099654,0.0811984701230834,33422,10774,33339.2995780293,10868.8412387507
709,4,91683.3885599863,40874.9541849193,0.202395160532606,0.0902332804661436,29347,12641,29405.0469594241,12475.0905169344
710,4,94838.2954917675,41545.773439378,0.209359757990798,0.0917141438245663,29124,12810,29219.4331107145,12665.3517354103
711,4,103147.764990069,45141.4164391308,0.227703281713737,0.0996516857673663,29727,13171,29638.4301482806,13248.461843456
712,4,109952.9943921,41609.6121983607,0.242726128479311,0.091855070726107,32985,12402,33051.731471628,12441.6917190557
713,4,103926.158804974,42470.2925121586,0.229421620701853,0.0937550608226162,31367,12172,31314.8375139291,12410.0511353958
714,4,101173.626714463,36530.0626272539,0.223345283613095,0.080641738987121,32032,11986,32169.8150892406,11866.6770479219
715,4,94215.9734056898,44243.7234781224,0.207985954289899,0.0976699886049254,29703,13079,29519.7265483058,13067.9218298364
716,4,78240.1488584513,38039.0824894258,0.172718610612221,0.083972967490432,24986,12064,25012.7226394433,12089.4934816291
717,4,97427.6550617997,44115.3101430665,0.215075884478754,0.09738651045287,28457,12869,28597.8179159479,12861.4453970417
718,4,90414.4830514028,44230.090764959,0.199593995150914,0.0976398937839056,28077,14000,28109.3020957532,14021.2597291654
719,4,108075.534050947,38424.3726651119,0.238581551221538,0.0848235127002506,32403,11706,32357.9195601744,11607.7915920474
720,4,91326.1228646539,41413.7622055653,0.201606480610373,0.0914227231508841,25671,11224,25626.6347174459,11213.4909864092
721,4,96262.315793874,41547.6635277167,0.212503346182436,0.0917183162786908,28426,12609,28663.3325611836,12629.7126403119
722,4,117536.587070954,46825.9521109018,0.259467246818826,0.10337037323154,33842,13339,33741.9270062929,13464.5874498989
723,4,98857.259898284,46774.4632889638,0.218231800778566,0.103256709365648,30861,14342,30867.3380119784,14344.8197502889
724,4,89749.0167959444,46410.3822331562,0.198124948776015,0.102452984231855,27280,14395,27321.619012893,14423.0026929952
725,4,104777.724974428,49333.8495210386,0.231301490919106,0.108906668376127,30376,14115,30245.8188209469,14182.0139591989
726,4,96356.3662641994,46410.5501914275,0.212710966781311,0.102453355007213,29632,14464,29731.7000696423,14448.7444766024
727,4,99529.2217645901,46536.0514593332,0.219715186503493,0.102730404641436,28807,14057,28945.8580595507,13835.5554593575
728,4,90357.8878314629,43229.9940652776,0.199469058684177,0.0954321358109582,27869,12492,27847.6532373751,12537.7255035019
729,4,109364.572297514,41772.4043620504,0.241427160518318,0.0922144416723703,31604,11842,31931.6193182515,11673.0708697497
730,4,83696.9858716952,40026.398808992,0.184764821170562,0.088360056709593,27488,12767,27230.9742950103,12904.6619896238
731,4,124032.392802553,47333.9238980806,0.273807027061302,0.104491743558563,35486,14008,35451.2043719886,13993.2665586467
732,4,93686.5044598266,40422.0225334267,0.206817128028368,0.0892334136881594,28825,12687,28743.5059687492,12834.4151947889
733,4,104399.384452297,41453.112743136,0.2304662873788,0.0915095912138316,33131,12990,33177.3980310417,12924.3910646982
734,4,93103.5040775671,43292.7190566728,0.205530128738625,0.0955706040209823,26328,12857,26380.9573523188,12822.8231998166
735,4,97241.4898875501,40084.9650864056,0.214664916571485,0.088489344373423,29781,13102,29986.2472316312,13032.5935804856
736,4,107839.809390245,44553.7955464544,0.238061178542326,0.0983544864952459,31995,13115,31994.3813125315,13230.578308179
737,4,105107.736173333,50777.240734342,0.232030005327541,0.112093018716317,31112,14181,31031.7318696986,14212.9757770919
738,4,101409.126426752,45467.4948412846,0.223865159708674,0.100371518351946,29161,13044,29347.5594949074,13033.2654423257
739,4,99925.7702861677,42714.3485964864,0.220590585012909,0.0942938254902657,30620,13438,30746.5810313547,13315.4668036697
740,4,115078.994076507,39926.1272333178,0.254042000910627,0.0881387027437963,34260,11922,34206.2167249996,11976.014133259
741,4,109824.348774482,53968.662621554,0.242442137553163,0.119138224563688,31754,15832,31724.9468536206,15719.2554308743
742,4,88923.2446229703,37522.9779284398,0.196302019953929,0.082833643703288,28709,12048,28794.1525037752,11960.736999795
743,4,117676.638055434,49973.9416408661,0.259776415599909,0.110319700217368,35091,14661,34975.3587393385,14642.3963208313
744,4,104514.476512912,51935.557837691,0.230720358224675,0.114650055271817,30557,15247,30551.6780587489,15110.2641581061
745,4,91149.8154920835,38696.5312280589,0.201217274239023,0.0854243148401271,26820,10907,26892.431813318,10878.9305780864
746,4,88352.6196805269,41483.2844366394,0.195042339998338,0.0915761965700042,27117,12870,27047.526068426,12779.3703532608
747,4,109843.581817759,48515.8622922797,0.242484595352146,0.107100925164859,33358,15175,33670.2726741818,14783.9972696416
748,4,106938.074132795,48973.8119973364,0.236070557830591,0.10811186951941,30279,13811,30203.8308463929,13917.8096178911
749,4,92131.4969880178,36823.6705098439,0.203384379830147,0.0812898914546922,29246,12127,29209.6768721378,12123.4867673558
750,4,90817.4306845022,43683.0168462664,0.200483519983801,0.0964322037613608,26268,12761,26290.9363828304,12705.1228129837
751,4,87960.9043410512,37604.0669625579,0.194177610953507,0.0830126513548978,26414,11287,26441.7292502903,11214.8075458577
752,4,84192.4374632861,39400.2975131324,0.185858552608625,0.0869779102349101,24940,12126,25151.3360313397,12128.5916936439
753,4,96725.6198160744,42975.8265420636,0.213526110430371,0.0948710496919673,28138,12436,28034.907144892,12532.9158424424
754,4,99766.8075987039,34837.4228397229,0.220239667805842,0.0769051613267405,30941,10820,30945.3112974187,10882.4672585324
755,4,100883.695872591,50057.228714873,0.222705248376552,0.110503560139855,28790,13449,28984.8292050267,13433.880236183
756,4,102556.351208646,45710.0341664709,0.226397709470908,0.100906934706288,29843,13311,29956.5503475024,13476.7863575454
757,4,106216.443469668,45487.8268856543,0.234477526026216,0.100416402244751,32988,13472,32802.2695358915,13452.8038522164
758,4,94728.1470438835,37503.3907626998,0.209116600390037,0.0827904041632077,28519,11607,28764.0460058217,11551.9017669938
759,4,97215.5585736478,45915.2146220934,0.214607672041996,0.101359879693446,28241,13724,28139.2375964773,13794.5157522409
760,4,120403.649080742,49875.826811351,0.26579641380144,0.110103107364702,36860,14336,36603.4777075474,14312.4793472319
761,4,100263.607929851,47550.2151688926,0.2213363766465,0.104969216164728,29240,13950,29238.1332362489,14025.3855806094
762,4,87721.5142708982,51686.0469627844,0.193649146719806,0.114099248911205,25838,15284,25834.6311835472,15258.1386812339
763,4,96703.7937251667,38382.0906010764,0.213477928363341,0.084730173162167,28395,11417,28518.2494043787,11318.5588687819
764,4,108234.992767687,48641.889212607,0.238933563435308,0.107379135200196,33882,14638,34020.357526165,14595.6924549977
765,4,94941.1459686888,46524.7800883766,0.209586804995869,0.102705522588427,29096,14140,29214.6486135874,14165.3782222066
766,4,80196.4774346262,39734.8752381344,0.177037293008764,0.0877165054529316,24313,12291,24287.7571926812,12143.6680743861
767,4,82889.9459535225,38718.5152881412,0.182983244634613,0.0854728456311396,25750,12074,25558.4967622148,12148.4437554643
768,4,99958.151822369,45258.7211124867,0.220662068695184,0.0999106410543382,29021,13632,29019.1499215002,13470.0326766972
769,4,97530.9206263996,40239.8803913097,0.215303847808349,0.0888313268033644,28031,11248,27958.3798675078,11266.7798922466
770,4,99346.191959978,42377.1203491217,0.219311140064235,0.0935493791261694,30006,12593,30109.142420033,12428.4947820518
771,4,89645.9392359169,45539.1967867642,0.19789740047488,0.100529803587622,26085,13702,26162.864193694,13591.6841009649
772,4,112819.269514228,40152.6734478317,0.249053558372396,0.0886388135945706,33893,11608,33838.4246404996,11791.9853193288
773,4,106443.704415749,53941.2283983592,0.234979214678734,0.11907766229505,33557,15904,33504.9880384418,15993.8380668269
774,4,111651.300209222,44754.9414239525,0.246475214152175,0.0987985249716386,33951,13228,33723.1793070766,13445.5343564763
775,4,99555.607620208,36280.5076013908,0.219773434454048,0.0800908351613071,32279,11900,32447.6782401217,11992.5032247072
776,4,100743.537782032,46214.8442586497,0.222395843154034,0.10202132545089,28310,12690,28278.8483733685,12644.2722266048
777,4,107051.185384496,47214.2197954139,0.236320255952636,0.104227491424603,31747,13562,31713.9727946971,13473.4275413848
778,4,86143.7879301285,46156.4439406242,0.19016624560727,0.101892404149796,25995,14156,26030.0198461526,14199.1656803677
779,4,104530.799319479,43085.8836277937,0.230756391546604,0.0951140056067077,31337,13182,31140.3683508845,13147.6733710859
780,4,93769.3120686059,40053.9833955906,0.206999929510026,0.0884209509121366,28755,12002,28639.1313698579,12108.8986048619
781,4,93838.7318713128,53644.6964819508,0.207153176813968,0.118423054892693,28173,15949,28391.2744245608,15763.4302673801
782,4,93789.5258840393,47466.4724847898,0.207044552407193,0.104784350462679,29215,14536,29183.0094943899,14585.1286275236
783,4,93262.8082492541,45621.7351165851,0.205881799787312,0.100712010623996,30936,13641,30784.8491529487,13784.5096941234
784,4,75294.7860052796,40833.8738763386,0.16621659103313,0.0901425938567097,24069,12841,24188.2599423982,12586.347813901
785,4,91846.8692361231,45505.0024372809,0.202756051400738,0.100454318039349,27406,13295,27412.2102194159,13280.7576688546
786,4,101219.007057038,44342.7815852808,0.22344546273894,0.0978886637849693,28103,12514,28208.9764980045,12465.3418039765
787,4,88388.4500522236,41427.703088785,0.195121437138456,0.0914534982710181,26019,12296,26024.6906582232,12294.4865865951
788,4,109573.672639947,47430.7080663959,0.24188875883006,0.104705398917411,33614,14328,33812.0884019051,14120.0849538193
789,4,94652.5371104299,50098.2771793983,0.208949688096986,0.110594176452119,28732,14953,28739.6093494122,15049.8558204623
790,4,99428.1203266467,40662.3818670592,0.219492000579804,0.0897640176141283,27758,11135,27904.7485104844,11172.1911242692
791,4,106779.612556227,53350.2099563053,0.235720746848128,0.117772962781474,31106,15693,31256.0603233465,15707.2574596896
792,4,107539.774111623,38485.3975736995,0.237398837311967,0.0849582279018161,33648,11805,33603.8815721658,12033.7578477966
793,4,111694.842627584,44270.3919629328,0.246571335978525,0.0977288604720013,32742,13512,32867.4710343122,13370.1763066185
794,4,95803.137916215,43918.2653066069,0.211489690582207,0.096951525207083,29297,12809,29211.3610723986,12879.6979680861
795,4,103576.101961154,40362.0088337684,0.228648854640157,0.0891009307753081,33684,12901,33617.8211273682,12950.0281820501
796,4,100313.806267174,46282.6570451632,0.221447191710172,0.102171025195066,28808,13633,28910.7213762105,13605.967466756
797,4,116112.091262103,50025.7818420892,0.256322608924888,0.11043413976867,34495,15019,34562.1052981043,14797.5780676242
798,4,93964.0704528112,50375.6511749717,0.207429867310706,0.111206491891627,28434,14573,28208.9727885814,14770.4275475268
799,4,91391.3248016277,36446.1936726274,0.201750416787996,0.0804565945372709,28245,10818,28343.7471433978,10862.1671796302
800,4,107863.892748196,37955.4822087512,0.238114343626809,0.0837884161502879,31234,10797,31219.4638201269,10909.8499786615
801,4,88747.6783015979,36455.6749648297,0.195914449486079,0.0804775249117637,25875,11140,25750.8671215342,11232.3235827831
802,4,95337.8999538142,39091.210286313,0.210462657075211,0.0862955864260582,28440,10691,28409.3322723283,10817.3820474791
803,4,97817.631914243,43134.3450701584,0.21593677573609,0.0952209863974604,30514,13514,30687.8807480061,13434.1071978804
804,4,101259.870024549,39713.9902225905,0.223535669558291,0.0876704008516496,30799,12299,30882.3665607462,12283.2561649709
805,4,109902.440682898,47879.7496637547,0.2426145289164,0.105696678227772,32185,14386,32014.2091113299,14632.9652313006
806,4,120918.565043871,53291.2566716274,0.266933113705918,0.117642820781884,34723,15034,34927.5971007148,14917.5469369368
807,4,87162.212443236,45915.2894171895,0.192414463044018,0.101360044806949,27003,14103,26934.0422563949,14091.491233771
808,4,107531.387664561,45215.9034129019,0.237380323856848,0.0998161190769416,29178,12198,29123.7284176118,12278.9262096459
809,4,92163.7125648348,46170.4744527441,0.203455497149695,0.101923377129715,27578,13774,27650.5295998857,13652.6043826843
810,4,104862.218875752,47008.8819564956,0.231488014966604,0.103774199006816,30499,13819,30436.2603987149,13827.0051144419
811,4,98930.7841662474,41302.3544160928,0.218394108872226,0.0911767854975205,30152,12543,30372.9799843659,12388.9365638466
812,4,87189.4924855334,35549.8873614398,0.192474684951464,0.078477958466021,26907,10549,26857.7256601177,10673.6626477902
813,4,113926.814312333,47722.9988176319,0.251498512804494,0.105350643758901,32873,14476,32594.1194101672,14592.0186015476
814,4,108549.770507984,43653.6013472444,0.239628449305912,0.0963672677381596,32435,13036,32526.0359562075,13010.8523988258
815,4,114377.867615579,43912.5028350796,0.252494233045129,0.0969388042947328,34031,13633,34060.8410842672,13691.2133454576
816,4,96380.2208808671,41324.8902999095,0.212763626909233,0.0912265344639851,29157,12280,29199.5485142868,12429.7945564555
817,4,88626.1607998714,39507.4686022917,0.195646194192991,0.0872144951837817,28867,12211,28928.134117036,12305.1449051571
818,4,98237.9113961213,35328.4448548423,0.216864561396496,0.0779891142776082,31393,11552,31434.5102738632,11565.7470884434
819,4,84339.037738278,42472.4953258107,0.186182179239982,0.0937599236317876,25202,12383,25358.4399524909,12511.1322507373
820,4,111868.628284449,47431.655745863,0.246954975550227,0.10470749096201,33734,14207,33603.9407518034,14080.1691563467
821,4,89099.2122121447,44511.0117720576,0.19669047623831,0.0982600394092116,26182,12813,26193.4006629968,12768.7518765024
822,4,90301.971884578,37382.9866384756,0.19934562174294,0.082524606700506,25609,10772,25543.980443933,10757.5761959113
823,4,99474.9928759416,40950.0263115601,0.219595473818393,0.0903990055267203,29325,11779,29351.8369575657,11863.847188636
824,4,100494.702041498,45778.7333211188,0.221846527182595,0.101058591147567,30490,13624,30396.7035124313,13575.7160061503
825,4,108938.030466672,48074.8136509153,0.240485550443876,0.106127290660575,32089,13838,31936.1668978464,14067.918818972
826,4,92729.157082256,41734.1077616307,0.2047037410865,0.0921299002225884,28647,13708,28705.7337694675,13679.46625952
827,4,121189.566072897,43202.6674017798,0.267531360538148,0.0953718109851383,35349,12861,35471.3965443215,12819.1872232722
828,4,100499.698307748,48352.5658675197,0.221857556662697,0.106740441039841,30155,14562,30136.1922339164,14657.3753489846
829,4,92146.1902967645,52626.4773367285,0.203416815963118,0.116175290814691,26311,14786,26308.9747013838,14801.6705568459
830,4,94378.6515766061,43617.3601281332,0.208345073592042,0.0962872636340888,30123,13926,30486.43970976,13760.4844900822
831,4,95530.0254784488,46071.3720969089,0.210886782721215,0.101704604268748,31185,15139,31230.6713436375,14983.5931048357
832,4,121111.519454896,50156.7002324303,0.267359069155516,0.110723147941752,34620,14124,34751.8501010941,14070.2781438302
833,4,86741.8717524289,39139.9391354753,0.191486542262179,0.0864031575292176,24309,11574,24226.7784742548,11636.4840091694
834,4,90107.6887689816,35180.4121079583,0.198916733118867,0.0776623254007981,28356,11170,28329.4214828371,11167.8519978553
835,4,84983.3962718519,40924.8825995752,0.187604629379441,0.0903434996635154,24896,12016,24986.9542538674,12045.0651624006
836,4,104052.062718167,45404.8603268242,0.229699559193467,0.100233249873782,30235,13637,30178.5612326292,13894.4693221974
837,4,102220.85322443,45478.0863504282,0.225657082739718,0.100394899579746,31183,13875,31229.9421726405,13801.5426464569
838,4,102496.616720253,43033.2544435531,0.226265842929353,0.0949978243402823,31134,12648,31150.6826447514,12832.3247558655
839,4,108684.88513704,46475.8253059805,0.239926720862709,0.102597452727599,32772,14276,32899.9816040115,14334.3688982845
840,4,108850.531174142,44225.571707137,0.240292391861538,0.0976299177626469,30843,12199,30786.9129438753,12292.6368777171
841,4,106670.34810981,45996.2690665191,0.235479540719947,0.10153881098677,31690,13683,31780.5210424877,13706.6976168047
842,4,112248.366046484,44800.1959280485,0.247793263559806,0.0988984263034414,31160,12658,31107.4142600375,12658.9660760064
843,4,91761.8745985224,42425.1323255343,0.202568421955625,0.0936553677008299,27254,12562,27129.779655726,12509.8469595352
844,4,105896.705691496,38377.6191325343,0.233771690651262,0.0847203021963618,28937,10375,28782.0352470357,10503.7425475801
845,4,90774.1267894457,41211.8670533051,0.200387924708263,0.0909770306171082,29393,12845,29374.720379254,12869.0172307037
846,4,105662.107844016,36031.5038289484,0.233253805462383,0.0795411482519523,32588,10752,32452.1152033046,10906.5449582745
847,4,94146.0443215388,40579.2081047527,0.207831582724505,0.0895804078322634,29860,12816,29821.7287551299,12957.3727660187
848,4,109193.565695062,44078.4786265961,0.241049655832911,0.0973052032411083,31992,13126,32038.9775768613,13105.795652476
849,4,100989.495916183,44465.7807005181,0.222938806681317,0.0981601898058202,31804,13573,31856.0008149591,13406.9295027389
850,4,88019.3422114725,45731.0029828513,0.194306615153187,0.100953224301646,26343,13773,26524.6957664818,13727.7666447762
851,4,93514.8115704203,39596.4506088,0.206438108333967,0.0874109269232127,30236,13017,30148.4362383098,13136.5283000413
852,4,98403.0328518149,36420.0972132776,0.21722907435852,0.0803989854418568,29767,11159,29590.7652050791,11233.4502045266
853,4,105460.739458909,50681.2963671337,0.232809275790543,0.111881217255788,30555,14335,30552.189634069,14427.6961731172
854,4,101805.477423823,41373.6167407905,0.224740122173953,0.0913341002507562,30295,12043,30519.084047188,12092.5760765097
855,4,108286.594211683,43234.2203804318,0.239047475919405,0.0954414655897495,34317,13953,34291.487838157,14052.8348771164
856,4,115194.776080853,47207.3193922926,0.254297594837994,0.104212258477617,34374,14354,34477.6639466646,14286.3320060571
857,4,84090.0038967133,34746.960098694,0.185632425951702,0.0767054607999568,26082,10819,26180.7760427824,10911.3892307068
858,4,102155.679469471,62177.4410553225,0.225513208775147,0.137259468280505,28755,18230,28914.1994641453,18098.2410821566
859,4,108028.620494689,46362.7317274169,0.238477987458253,0.102347793619792,32009,13848,32056.1747747358,13826.572384432
860,4,118037.229865485,47599.0761217888,0.26057243806841,0.105077078892759,35364,13980,35319.7449126813,14010.8032926374
861,4,83667.3626411412,42763.2135778902,0.184699426570759,0.0944016971114063,23874,12265,23803.582544311,12102.3786352773
862,4,114972.912456712,45138.6153259134,0.253807821013863,0.0996455021852779,36818,14380,36778.9072131032,14432.1968293514
863,4,100984.870122582,48395.3594545979,0.222928595036076,0.106834909787806,31575,14852,31614.70539435,14884.275910945
864,4,123226.730253514,50038.1273949572,0.272028491129013,0.110461393126053,34487,13786,34521.4888465348,13824.8094003551
865,4,86226.1412226249,41883.1756307863,0.190348044165515,0.0924589741778802,26369,12877,26460.7349434406,12830.5946298698
866,4,112720.43976293,48283.5536782085,0.248835387298076,0.106588093560611,32351,14287,32560.6608596023,14156.8841162014
867,4,112617.158679581,50347.1020047452,0.248607389710152,0.111143468327796,31976,13819,31855.7398192659,13852.6130059513
868,4,92909.0878817455,38055.8465736943,0.205100946334031,0.0840099749525253,26394,11148,26659.3686410641,11024.713885743
869,4,97479.2117941683,37996.8567025092,0.215189698259943,0.0838797521865931,29013,11743,29123.4131428676,11779.1373210932
870,4,89587.4641057819,40731.6429003707,0.197768314022724,0.0899169144275633,26967,13003,26782.2777043826,13070.9435978376
871,4,90888.1544059555,39285.9196999211,0.200639645746405,0.0867254161219649,28811,12223,29023.0634519792,12121.7020118289
872,4,92709.0853084788,42619.0388776796,0.204659431752611,0.0940834250443267,29561,13058,29691.1491981389,12998.1106191788
873,4,91841.0497805256,41517.911396188,0.202743204693517,0.0916526371242495,28040,12479,28109.0137999695,12427.833208998
874,4,107159.81194708,49993.4558133911,0.236560053923866,0.110362778621678,32595,15511,32721.5429733846,15555.4294077769
875,4,110349.09615688,53221.8170672407,0.243600540753215,0.117489529764854,34056,15882,33817.0726448098,16106.5738844443
876,4,113433.380691985,42631.6952513426,0.250409236127758,0.0941113645524481,34298,12901,34276.8576918584,12917.0361021111
877,4,112611.871337471,41835.0149792177,0.248595717667135,0.0923526573961961,32295,11771,32270.7489654571,11821.8896467039
878,4,77894.8182016403,42934.3429949761,0.171956277818682,0.0947794729155837,23946,13253,24012.6376422609,13292.3402874577
879,4,94586.0078358877,36935.9763040774,0.208802821762609,0.0815378114935305,29522,11297,29533.2615474642,11402.6733479849
880,4,84409.1738942186,40244.656912644,0.186337007925567,0.0888418711867847,26117,12710,26166.5740529785,12757.8286644284
881,4,119835.877060205,50442.5069581674,0.264543031797925,0.111354079008387,34423,14560,34366.0406377486,14380.0360606461
882,4,105899.909581736,37981.8518609703,0.233778763381553,0.083846628331119,32649,11811,32766.3688574432,11635.865809689
883,4,111943.839823519,54677.4656307429,0.247121008369948,0.12070293875111,33099,16102,32892.102405312,16133.1396544383
884,4,105942.717544282,47215.1473240675,0.233873263864001,0.104229538985385,33088,14502,33047.6317102468,14555.6019289697
885,4,86393.6538760595,45646.2516429794,0.190717835802971,0.100766131947097,26737,13273,26634.4031700112,13423.0272067391
886,4,90895.5499260386,41563.0954425568,0.200655971686119,0.0917523829174838,27935,12399,27899.3812880339,12567.9899069339
887,4,106713.261252772,43495.2991263663,0.235574273392845,0.0960178085404739,34597,13665,34607.3555256913,13691.5618344799
888,4,88057.549457594,47616.0126475538,0.194390959349379,0.10511446702713,25178,13202,25297.0784958585,13101.2045799334
889,4,99855.3425819189,48513.7827498297,0.220435112721458,0.107096334482352,29462,14420,29258.1520062927,14377.1111255423
890,4,101041.691191314,41643.821808099,0.223054030074071,0.0919305899620722,30527,12862,30648.9165133091,12758.8956023127
891,4,107376.120398498,53790.1081299408,0.237037564456983,0.118744057577045,30469,15554,30296.9543620865,15690.048577317
892,4,100072.346199468,37247.0054394319,0.220914157864748,0.0822244221518966,30362,10653,30026.6709391079,10770.8521595012
893,4,96635.7401730359,45244.4729942165,0.213327697118351,0.0998791876991569,28204,13268,28179.9411337911,13451.1637392733
894,4,103897.399828324,44332.5056309271,0.229358133981006,0.0978659791584113,31559,13962,31604.4082758319,13885.0363029812
895,4,96378.5447543157,37247.6480987668,0.212759926785276,0.0822258408509794,30523,11586,30659.1927584892,11373.6829502636
896,4,109535.887255032,40973.5075397692,0.241805345911257,0.0904508413830028,31579,11982,31576.3591599138,12021.2772818082
897,4,95007.638782377,54776.5603437445,0.209733590841288,0.120921694740182,28352,15869,28382.833818105,15696.2573002464
898,4,105988.435723391,40964.2561174076,0.233974188779032,0.0904304184564134,31531,11682,31482.0407162163,11705.5104841535
899,4,107032.48040053,45430.2838073108,0.236278963868081,0.100289373338405,32096,13550,32019.1651994214,13609.776578787
900,4,102216.078146611,40893.6190266258,0.225646541542922,0.0902744839348726,29612,11580,29435.2590514104,11676.9483742856
901,4,107412.331498208,43272.7562646973,0.237117502071135,0.0955265352692704,32323,13267,32298.6884447308,13289.5179396543
902,4,90747.5773061861,35693.4968876891,0.200329315542407,0.0787949828864287,27456,10944,27479.3301794152,10967.1314263014
903,4,114621.036747578,47350.5577229453,0.253031039726039,0.104528463467225,31006,13755,31036.8267652801,13636.6632053815
904,4,86284.3508151922,45864.4379723681,0.190476544431673,0.101247787979408,26622,13519,26277.2046064255,13603.9660389511
905,4,93986.6329184502,40505.1598127705,0.207479674957726,0.0894169429322603,27243,12094,27059.8278125032,12066.7277155562
906,4,98747.9340768935,41283.7941733779,0.217990459162399,0.0911358129357204,31433,12932,31302.7005301602,13125.093701188
907,4,105205.912688173,43959.0536425296,0.232246734353306,0.0970415672738804,30446,12660,30400.38426508,12667.6696308943
908,4,84839.1577180002,40935.1751090672,0.187286216352607,0.0903662208362779,25391,12666,25080.7156143799,12749.395995035
909,4,110326.662850919,50602.3395095758,0.243551018231932,0.111706916478825,31203,14397,31061.8448270422,14437.8450240514
910,4,110710.309578037,45377.9309522202,0.244397935455895,0.100173802080876,32714,13203,32657.4473071144,13281.7836561431
911,4,96832.545275847,47519.2875133627,0.21376215314144,0.104900941988739,28468,13344,28588.1868652818,13418.2245279619
912,4,93838.2380389381,44510.6181801915,0.207152086657023,0.0982591705376508,27281,12938,27265.5586962084,12927.3904165348
913,4,108159.43648121,34993.9237236916,0.238766769570346,0.0772506439930321,32382,10293,32467.0078115545,10348.9567372564
914,4,109682.805641845,49060.4953059234,0.242129674788617,0.108303226780878,32651,15304,32662.0650263964,15406.7093917977
915,4,92239.1138956534,47411.5019532722,0.203621948943146,0.10466300056794,27413,14466,27436.3860657249,14395.5749031771
916,4,104363.574662774,42314.6994484023,0.230387235674745,0.0934115822098454,32114,13261,32193.8280051274,13229.7476328588
917,4,106769.406075162,50534.3258145038,0.235698215586946,0.111556773220065,31177,14748,31347.4314804255,14639.8569866158
918,4,87868.0134876143,45256.2202528654,0.193972550260522,0.0999051202954256,26562,13592,26484.0719791765,13569.7939378896
919,4,115543.995737341,47613.8085719351,0.255068512771398,0.105109601432112,33848,13703,33712.3549936021,13718.7999633293
920,4,104645.599736936,41836.2213905944,0.231009818577228,0.0923553206030004,31526,12320,31435.2549425579,12370.794574888
921,4,112663.471692643,42885.0062014899,0.248709627747606,0.0946705597482735,31663,12176,31594.4875563789,12177.2148879298
922,4,90899.1201175561,39241.1433624547,0.200663853042782,0.0866265703642773,25906,11283,25862.6215371895,11247.1501859865
923,4,100007.815493666,42653.0114196635,0.220771703459809,0.0941584209426735,29662,12491,29611.154897913,12657.1985777985
924,4,97802.7924208214,49210.8860270266,0.215904016893944,0.108635220990716,28774,14057,28951.0011017061,14040.8064763732
925,4,91210.2502966372,48983.402962235,0.201350686759672,0.108133042001261,26818,14500,26851.6493345154,14385.015176448
926,4,100415.411625028,42802.11752824,0.221671490059489,0.0944875793131887,30927,13399,31053.1297485479,13230.1760114184
927,4,92544.2968902117,48225.4318639793,0.204295653985527,0.106459787069042,27912,14538,27984.6032927018,14368.9982328025
928,4,109709.024621664,46723.7151694063,0.24218755435342,0.103144680633226,30313,12723,30063.4432525577,12863.3606242927
929,4,93179.1969555895,48509.873288857,0.205697224135502,0.107087704173268,28025,14836,28041.3060991477,14889.2193580542
930,4,103387.547683016,43477.8271533587,0.228232612679729,0.0959792383824851,31079,12605,30912.3839482164,12838.7040066139
931,4,90461.0695796052,45605.0455398226,0.199696836985212,0.100675167640538,26431,13431,26548.6810388953,13450.8026437391
932,4,88806.8378077956,46730.3715382367,0.196045046728851,0.103159374863655,28869,14765,28929.599750692,14840.1648839176
933,4,100454.556085648,50187.3649464171,0.221757903198396,0.110790841662584,30093,14593,30163.2448458146,14663.9329124945
934,4,97215.8627509615,45725.8809873273,0.214608343526953,0.100941917268577,28401,13322,28224.6957543542,13330.7584956232
935,4,89203.0207452308,41547.6010173308,0.196919638195003,0.091718178284232,27193,12730,27352.2183484876,12707.1108676806
936,4,112313.263874303,50971.0020114488,0.247936528402937,0.112520755358701,31529,15019,31629.2790440686,14986.3523228151
937,4,102506.186248974,48179.0059152118,0.226286968089886,0.106357299720992,31499,15575,31540.201397031,15512.3923817255
938,4,107911.154964351,42412.4209196401,0.238218677072334,0.0936273067066088,35106,13567,35174.2993277578,13563.1405319069
939,4,95871.5129641076,45178.4609203667,0.2116406315434,0.0997334631083257,28032,12411,27908.507379461,12427.9247974304
940,4,108504.266650307,47746.9744133661,0.239527997514983,0.105403570953496,34052,14525,34127.1518660632,14514.474820935
941,4,100597.761484441,49916.8690505563,0.222074035489458,0.110193709934295,29602,14738,29640.4279468667,14789.1410988697
942,4,97548.9927714559,52224.8718280782,0.215343742872845,0.115288728781255,28637,15548,28818.7397482377,15601.1978240675
943,4,93278.0744219944,46753.1426479453,0.205915500543044,0.103209643101744,28277,14210,28259.2819922509,14314.0834750673
944,4,99577.1557954597,47546.6786660037,0.219821003009898,0.104961409177212,30203,14423,30109.4518159899,14561.3504345309
945,4,119544.618914149,43951.9888913431,0.263900066478324,0.0970259715212259,34228,13328,34287.2433518294,13321.264711384
946,4,104436.135739862,46444.8098889885,0.230547417481683,0.102528984814276,30475,13230,30510.6590792197,13341.2149944278
947,4,106289.766837204,54463.0741482244,0.234639390623242,0.120229660012151,33441,16078,33356.8521250493,16048.928741561
948,4,121214.924661435,42296.9211066534,0.267587340750907,0.0933723357292257,34921,12362,34950.4402258388,12329.7822162409
949,4,89834.5423836251,41032.6645381341,0.198313750317059,0.090581433089622,27323,12433,27329.0485383478,12479.1493904978
950,4,83511.8396905915,45854.1523786233,0.184356102736012,0.101225082073465,25037,13838,25094.0673145169,13857.9239533565
951,4,103193.06426088,42029.4563680395,0.227803281870056,0.0927818954154589,34802,13695,34729.4852571443,13776.7677594159
952,4,90886.7610125033,38753.336974137,0.200636569768347,0.0855497160526832,27266,11541,27364.9487702798,11607.0946925276
953,4,121878.135753034,41925.5230876211,0.269051408751224,0.0925524580734784,35571,11823,35515.1046535064,11999.5739043914
954,4,94225.9144594379,35519.9365568865,0.208007899608465,0.078411840732036,29812,11467,29703.8569160238,11447.2127151706
955,4,98451.6199279825,51229.2465726518,0.217336332491484,0.113090841720498,28379,15837,28513.8317661434,15664.782579181
956,4,106089.304768952,39469.6426833135,0.234196861686193,0.0871309927842292,32311,11923,32313.4028976102,11990.8208117438
957,4,108655.874317618,43124.3269826932,0.239862678187734,0.095198871023535,33418,13375,33381.8827701277,13307.7853532118
958,4,105494.248037131,42684.5378974652,0.232883247468235,0.094228017045478,31508,13050,31332.9713402174,13090.4812385715
959,4,91521.0514515978,45514.7488216773,0.202036794141172,0.100475833616658,28098,13723,28094.8216088394,13618.764743372
960,4,106349.180544628,54811.0571476291,0.234770549026535,0.120997847970006,30742,15551,30667.0459745562,15600.1017794133
961,4,96569.3672117121,44178.0232231358,0.21318117585236,0.097524952368112,30288,13568,30213.290060468,13543.1627380494
962,4,104053.062798916,44391.3314599944,0.229701766916228,0.0979958397940679,31114,13305,31160.1682019436,13257.0524599192
963,4,90876.3505726727,52162.0680208551,0.200613588259114,0.115150086581783,26429,15046,26594.1256183765,14966.6623150278
964,4,106754.607743667,37811.8688595554,0.235665547611585,0.0834713832905556,33407,11986,33421.3715073031,12117.3119786409
965,4,92849.9308703451,46622.3418310972,0.204970354598635,0.10292089447738,28694,14660,28721.9604267011,14605.6131977196
966,4,97603.0396138598,41930.4572929676,0.215463053682758,0.0925633505513732,30003,13088,30020.5741999797,13067.3116537317
967,4,109447.01504439,41630.5276732931,0.241609156551087,0.0919012425678448,31824,12314,31796.9583397866,12271.5951952553
968,4,97485.8000397704,35576.5433306582,0.215204242105314,0.0785368027043704,28911,10647,28963.487821082,10662.6848943795
969,4,105882.626290604,47555.6127430411,0.233740609747202,0.104981131549875,30893,14242,30745.959688055,14319.2903375039
970,4,95744.1490498415,39576.4237467709,0.211359470034441,0.087366716734006,30249,12064,30131.7738595036,12123.4808561646
971,4,89780.4531270296,42921.9428196863,0.198194345875931,0.0947520989767729,26687,13311,26655.5713691144,13357.1539105804
972,4,110451.61911351,48361.3880813881,0.243826864742666,0.10675991646958,32174,14264,32043.9846505094,14163.3259404587
973,4,108488.817917296,39905.8969618911,0.23949389374933,0.088094043519292,33097,12114,32812.5548612491,12339.5610506643
974,4,108758.341046052,44795.7024246958,0.240088878050941,0.098888506694811,33795,13721,33901.1111925972,13581.2790285355
975,4,112260.99208711,33854.8678195309,0.2478211361064,0.0747361273919427,36129,10878,36098.8022363648,10820.4500723641
976,4,94538.1758288377,48622.4271958398,0.208697230478326,0.107336171932043,27829,13986,27789.2999711268,14051.1883831641
977,4,92331.3974624805,42172.5530675582,0.203825669023913,0.0930977877480358,27516,12403,27405.6389149476,12540.063772633
978,4,104915.925317018,50838.9648234996,0.231606574325856,0.112229277390108,31085,14524,31043.5228119793,14573.8777358465
979,4,103101.625733144,43376.1484096067,0.22760142725069,0.0957547780305318,31310,13701,31379.4050244757,13580.6987240361
980,4,86466.1982356956,42525.2668032844,0.190877980705389,0.0938764190168577,26095,13027,25949.8203632571,13074.0923281618
981,4,94210.7351782053,53845.2803752621,0.207974390669604,0.118865852763983,27969,15991,27876.3706864405,16088.3082677803
982,4,114218.588417476,60169.7766975331,0.25214261712674,0.132827459861395,32711,17113,33014.2934552023,16956.3888888865
983,4,117426.174425495,49822.4689298755,0.259223505990161,0.1099853174667,34382,14430,34363.3574829472,14326.639096678
984,4,105091.801448229,52304.8359891707,0.231994828712713,0.115465253225599,30998,15582,30983.4809909055,15445.7672533674
985,4,108568.981195485,46986.868869789,0.239670857753524,0.103725604138239,31696,13014,31560.8750261805,13157.0660739308
986,4,109347.279221752,40950.2236768462,0.24138898528396,0.0903994412193729,31599,11962,31522.9201552592,12036.6945363283
987,4,105266.383791833,47997.0601870233,0.232380227005848,0.105955646428686,29463,13527,29375.562780064,13523.0229000159
988,4,111604.560017301,49526.236113305,0.24637203309838,0.109331370340547,31464,14376,31485.221438037,14357.6542280618
989,4,91849.9147556038,41378.2796554127,0.20276277452053,0.0913443938423034,28662,12582,28384.5739361623,12586.7900806827
990,4,79245.2195703265,38334.6719290904,0.17493734893845,0.0846254943334328,25985,12166,25919.1241338062,12277.0963424563
991,4,96444.1619659355,41971.3296740794,0.212904779700161,0.0926535781516658,28289,12718,28319.2469940562,12742.3926148639
992,4,104718.474427025,58938.1769916307,0.231170692698823,0.130108648699383,32130,17148,32241.774157261,17200.8648470141
993,4,97553.7860618786,39352.1290202884,0.215354324274774,0.0868715761432617,30222,11970,30309.3068498284,12050.5764056483
994,4,98269.8197928361,38792.7960372409,0.216935000602298,0.0856368236905748,28501,11521,28500.621380163,11434.5713283578
995,4,103895.378970509,36435.7192355985,0.229353672847442,0.0804334717513743,32020,11085,31849.8033176784,11057.9874111123
996,4,109811.347672047,52345.3166420855,0.242413437040934,0.115554616068464,33805,16098,33879.1075599213,15961.2546933973
997,4,91902.7392079108,48097.941367654,0.202879386849902,0.106178346124554,28005,14621,28131.6888897622,14467.7298827096
998,4,92136.6494575354,42777.390787128,0.203395754135913,0.0944329939317427,25107,12408,25198.8954398114,12525.7294064568
999,4,98161.3352878853,41640.6331195067,0.216695516229614,0.0919235507900949,30536,12938,30527.6487144406,12997.7723620027
1000,4,98331.8509673505,36777.6930636889,0.21707193718068,0.0811883941961202,30957,11287,30699.9718251294,11326.9144190032
1001,4,106294.000106559,46079.5267768467,0.234648735753743,0.101722606087628,30972,13383,30951.1134474708,13415.2814586248
1002,4,109312.321140386,46902.4331749634,0.241311813763568,0.103539208584177,32243,13380,32248.9507913137,13407.6864482844
1003,4,92939.9405485282,51818.4541495896,0.205169054969024,0.114391543668739,26956,15574,26891.1505318225,15539.7974339824
1004,4,98753.1457253415,42679.9841101514,0.218001964108288,0.0942179643573208,28649,12724,28694.9149864965,12683.621791251
1005,4,86054.0663014334,34175.2090862687,0.189968181118946,0.0754432949947653,26913,10955,26971.4706998981,10967.9237302261
1006,4,97819.4508708077,46445.927422805,0.215940791163658,0.102531451819911,32072,14601,31911.8729034711,14628.6260300328
1007,4,99277.2260389416,46599.3822066837,0.219158894724281,0.102870210084689,29904,14180,30058.515339077,14207.0737967838
1008,4,98486.2869410572,44827.1042277268,0.217412861465671,0.0989578275725108,28449,13507,28299.8988356968,13611.3172524211
1009,4,100250.52518728,45911.8829294418,0.221307495910037,0.101352524833643,30955,14190,31029.4708524764,14218.0735799602
1010,4,100493.124806175,43844.3382720115,0.221843045365427,0.0967883279881576,28936,12599,28913.8531069636,12579.4366310947
1011,4,95957.4470128454,38555.8212825721,0.211830334780405,0.085113691373296,29932,11647,29950.2829986675,11601.0338810597
1012,4,113132.036725225,49483.2551713576,0.249744005910092,0.10923648799837,35429,14868,35461.0272156734,14923.2040349669
1013,4,94532.2209943458,41632.0380403609,0.20868408491617,0.0919045767703643,28519,12935,28579.7801497746,12865.662125504
1014,4,121533.152807085,45993.9564704381,0.268289843544885,0.101533705828002,36348,13876,36327.6309355025,14021.1485573001
1015,4,117284.429564364,43902.3045755507,0.258910597900986,0.0969162911829584,36250,13336,36216.7153558585,13391.8750528245
1016,4,109254.354015453,40641.7111829663,0.241183848755504,0.089718386159063,31931,12068,31943.1362917007,12018.7281373069
1017,4,97999.146341048,35485.9207553457,0.216337476911398,0.0783367493362923,28618,9851,28815.4382669142,9845.73731647295
1018,4,112324.396195208,47077.9672111595,0.247961103496768,0.103926707781063,32424,14039,32413.7170633833,13802.9091318509
1019,4,108913.311657895,51350.7710147006,0.240430982573412,0.113359112334656,31620,15044,31698.8379938927,15096.6338825751
1020,4,101792.998837263,39026.8171267536,0.224712575138774,0.0861534356605714,28800,11406,28724.1685754846,11430.1948583974
1021,4,116998.940048324,41922.620053907,0.258280367088877,0.0925460494973575,34036,12265,33925.8807036793,12480.6321824614
1022,4,103066.713411134,43648.1945709511,0.22752435674611,0.0963553320388685,31709,13090,31679.2187232617,13177.4456467564
1023,4,100733.332281433,40756.1134978545,0.222373314057275,0.0899709343605504,32108,12558,32388.7721963345,12528.8116522297
1024,4,87760.6299506106,41403.0830085199,0.193735496323579,0.0913991483481384,26475,12706,26500.4793947232,12568.9001757524
1025,4,93617.2260625434,50322.2836458218,0.206664192883193,0.111088680695954,26893,14743,27006.3346728164,14732.8663441801
1026,4,100108.69737985,49206.1638871141,0.220994404713217,0.108624796656705,28757,14476,28950.3620504403,14524.0314950806
1027,4,93029.7709934465,48593.6667009248,0.205367359674004,0.107272681859558,29931,15548,29622.4577283447,15576.7211146757
1028,4,114597.486361464,51915.3076482523,0.252979051200605,0.114605352077415,33258,15137,33045.3515637222,14972.4120976437
1029,4,96277.1628072039,38772.2087154863,0.212536121625114,0.0855913762615814,29478,12234,29549.4001506826,12211.3480299469
1030,4,103842.325808002,43803.6799164032,0.229236555630127,0.0966985728586889,29799,12603,29773.087158775,12476.7366719457
1031,4,96941.4248533732,49450.7489490513,0.214002509654416,0.109164729065969,28698,14710,28853.5595905041,14786.2792444216
1032,4,91414.8546616566,41259.9702522528,0.201802360001185,0.0910832205695747,28994,13190,29022.4000081218,12991.3025169614
1033,4,101083.200303593,44427.6037851923,0.223145663286753,0.0980759125662094,30165,13146,30232.985728662,13090.425870453
1034,4,81503.499174496,38098.2848159657,0.17992260166735,0.084103659261015,24897,11774,24880.6641339132,11758.3853424088
1035,4,98642.6203510494,41819.6314002602,0.217757974425706,0.0923186974610152,29872,12330,29847.1224138307,12400.0811464526
1036,4,87121.4659522058,46431.9195446233,0.192324513351684,0.102500528805417,26865,14602,26944.0599266761,14510.7831816963
1037,4,97357.34466433,45846.6518631279,0.214920671147239,0.101208524351706,30342,13407,30337.446038034,13463.9853036363
1038,4,104351.277639866,45879.2104355981,0.230360089449408,0.101280398849424,30956,14226,30868.4416412717,14296.0373139999
1039,4,84976.8496140991,37329.2936777193,0.187590177341099,0.0824060771000797,25904,11417,25824.2677699303,11428.2480953373
1040,4,101519.666172149,47741.6424357582,0.224109181116111,0.105391800375632,30161,14340,30295.7627292064,14174.5765243718
1041,4,94762.2519062963,45506.6115899372,0.209191888391619,0.100457870315452,29217,14000,29173.0263597456,14073.2916404735
1042,4,95846.5498784784,36982.6316008113,0.211585524420913,0.0816408051374224,28547,11395,28649.548003493,11213.1691001545
1043,4,97964.2875182242,50631.6638174947,0.216260524508654,0.111771651193608,29016,15169,29058.6205170087,15067.4113111049
1044,4,101570.699410926,43678.5801894503,0.224221839261899,0.0964224096439899,30018,13827,30108.7919568256,13686.2706491132
1045,4,124190.630689023,45817.1245402921,0.274156344237917,0.101143341472459,34989,12715,34923.4210305866,12663.7193101257
1046,4,106534.978049183,47520.7212283962,0.235180705286589,0.104904106978481,30148,13989,30366.7377063304,13838.260038767
1047,4,89626.1165190972,38130.5563434224,0.197853640945308,0.0841749000940908,26313,11779,26386.1035934784,11740.068813289
1048,4,81226.7505842355,45322.9667536003,0.179311666837903,0.100052466166291,26215,14664,26269.9939382115,14709.4997756929
1049,4,107238.759748338,47581.7332594518,0.236734334708644,0.105038793752322,31075,13776,31215.4251330492,13760.3093723258
1050,4,99812.7686462505,42415.1694133827,0.220341128863756,0.0936333741288648,30921,13161,30787.6733557399,13276.58225528
1051,4,84944.1283818182,44724.7896488178,0.18751794376461,0.0987319635861511,27116,14851,27226.7480522156,14692.6047214036
1052,4,101229.742910406,51586.2950025873,0.22346916261304,0.113879042019699,31428,15187,31508.4863446509,15199.1180784899
1053,4,99702.8800220828,41267.8240641221,0.220098544835412,0.0911005582088029,29767,12151,29734.0202589876,12192.653701663
1054,4,92146.9206607753,49244.1382796142,0.203418428274176,0.108708626818165,27034,14301,26972.765224948,14268.6102854535
1055,4,85659.2017066392,40569.7234952554,0.189096499952845,0.0895594701346943,26614,12235,26582.1442208674,12213.3345351845
1056,4,104839.208402868,49572.3608610645,0.231437218323652,0.109433192773966,31776,15145,31776.8611668949,15044.9248913992
1057,4,85467.7309400661,46663.6186284205,0.188673819714401,0.103012014844457,25590,13714,25454.5446454701,13637.8613806938
1058,4,82409.4378905108,39429.0597098294,0.181922501700937,0.0870414040641543,25521,12436,25398.2115046444,12467.4699115436
1059,4,100321.547335258,33763.6971820564,0.221464280462476,0.0745348641522509,31628,11389,31731.5074083915,11209.2800957995
1060,4,98465.7854852977,49252.5706048343,0.217367603589683,0.108727241551361,30899,14862,30975.3440347603,14829.7884252582
1061,4,101063.503330903,46944.9328436087,0.223102181342945,0.103633028494121,28793,13252,28821.7948879084,13374.959832724
1062,4,94411.450070356,41790.3105608735,0.208417477726662,0.0922539704031716,27559,12001,27265.2553935832,12225.3716612071
1063,4,90628.4922514049,40210.3818801031,0.200066429984205,0.0887662075270713,27097,11811,27024.3502210141,11832.7849026564
1064,4,88179.8965838806,43227.371754385,0.194661046075605,0.0954263469429592,26822,13520,27030.0903327691,13375.3652268303
1065,4,112070.93504728,51702.2104700166,0.247401576732658,0.114134930572762,33709,15906,33612.2303147051,15896.9551395576
1066,4,100210.398997143,39216.2120166049,0.22121891555953,0.0865715333087668,30721,12258,30787.5247667538,12202.3258488568
1067,4,91182.6956056768,42525.5400668264,0.20128985855308,0.0938770222582881,29625,13994,29705.7625275227,13961.2555746937
1068,4,98631.8921566994,52283.1479255778,0.21773429145923,0.11541737586001,28306,14435,28153.6798382535,14664.8637346385
1069,4,105450.169361932,35010.1829969753,0.232785941831051,0.0772865370624101,32619,11247,32616.5122681024,11367.5205870129
1070,4,82103.6160572774,54238.7445269311,0.18124738639375,0.119734442389559,25519,15441,25409.1095224728,15451.9053390719
1071,4,100311.145249155,50079.7476696269,0.221441317394469,0.11055327173466,30468,14529,30363.9520635024,14593.2633096943
1072,4,95108.3413434694,40427.7510771551,0.209955896226577,0.0892460597033836,28354,12409,28111.0797603142,12598.5648950172
1073,4,101505.446840541,42667.506734714,0.224077791308767,0.0941904199957483,30537,12739,30590.8401485011,12646.6646548842
1074,4,105595.503784928,54095.7309373496,0.233106774037792,0.119418733525867,31637,15680,31709.4443375022,15758.1221776673
1075,4,112553.58114343,43334.7130057333,0.248467039469637,0.0956633075324361,32923,12431,32791.0183707204,12517.2099728239
1076,4,100061.805004701,58069.8076195414,0.220890887708175,0.1281916846645,30203,16537,30119.6570531188,16577.5443074004
1077,4,89679.0270047198,41774.3928669632,0.197970443197054,0.0922188313854621,26637,12814,26834.5741624732,12789.8722669303
1078,4,95443.5817559815,37071.8131162038,0.210695954356769,0.0818376773015942,30505,11902,30520.1587408059,11884.4407866148
1079,4,92112.6073430712,41131.4517224343,0.20334268009826,0.0907995101953992,27053,12227,27192.9187506764,12169.1825868807
1080,4,93473.7746047628,40525.7641564998,0.206347517405965,0.0894624279380205,27636,12046,27691.3940747104,12075.5660789326
1081,4,82574.5486516592,43899.3937150552,0.182286991054277,0.0969098653288693,26857,14234,26806.1363353188,14319.0802223787
1082,4,102659.146647504,38494.7498052038,0.226624634977007,0.0849788733690746,33296,11849,33113.6115180147,11989.404215827
1083,4,111935.695593565,47769.4053479257,0.247103029619873,0.105453088239805,34037,14885,33930.2772604832,14950.9522203551
1084,4,117208.029581648,42813.5538321093,0.25874194153903,0.0945128254629426,35347,12989,35548.7496680915,12958.4735075946
1085,4,101952.574501929,45034.4543966839,0.225064845520293,0.0994155622984157,30617,13152,30737.2003122252,13152.4678237491
1086,4,110933.632697803,52247.3100098085,0.244890931181573,0.115338262066015,34689,14995,34586.3431085244,15049.4003235721
1087,4,98538.0302176533,42726.9987096397,0.217527087051545,0.0943217511780333,29394,13085,29444.5281571277,13139.9086330331
1088,4,92449.4893053503,47219.8647485538,0.204086362022619,0.104239952909883,27638,14836,27679.8795164526,14818.4177746572
1089,4,99099.8501809702,44069.3088677855,0.218767329623857,0.0972849605904421,31148,13457,31002.7179795536,13630.9060026824
1090,4,103920.892743682,46567.9528764277,0.22940999563719,0.102800828439415,32284,14694,32575.3508516804,14717.8723827734
1091,4,86254.5362490855,41745.2021064074,0.190410727450122,0.0921543914824266,26700,13221,26746.6382286205,13097.5540118567
1092,4,92483.0173516401,47512.2787882275,0.204160376676939,0.104885469916086,27897,14290,27953.0043687362,14259.7093972191
1093,4,92999.5100032753,45831.8154309589,0.205300557191463,0.101175772267411,25777,13140,25701.6142869545,13242.8606274552
1094,4,94631.5124881982,41520.1535967357,0.208903275307728,0.0916575868817456,29406,13444,29352.3823281215,13481.2646580597
1095,4,95984.9582260868,38635.7243152191,0.211891067007997,0.0852900808738765,28133,11694,28044.6552260283,11605.0446650577
1096,4,109086.101382082,47888.140785362,0.240812423579406,0.105715202002159,34426,15347,34575.4731620508,15378.2464187415
1097,4,92575.6736470736,42565.6372012676,0.204364919572694,0.0939655384670538,29705,13508,29460.2068023844,13503.7032216143
1098,4,97709.300829392,41457.1096195581,0.215697630045104,0.0915184144964107,28334,12051,28241.2264915717,12087.0633246378
1099,4,98587.6896850936,45468.4614504331,0.217636712535969,0.100373652184659,31889,14940,31804.8421317303,14904.2976645861
1100,4,90347.2842690615,40365.1844776624,0.199445650848274,0.0891079411505334,26207,11326,26226.0936240503,11362.1391228533
1101,4,111239.850540181,38386.2524651676,0.245566920696572,0.0847393606623685,33616,11331,33436.3743343293,11338.0615169021
1102,4,93513.6645903765,42803.5584467192,0.206435576324475,0.0944907602048583,29343,13355,29335.8674974219,13238.6091879064
1103,4,108616.368916132,48607.2261856181,0.239775468255801,0.107302615025471,32203,14257,32246.1545842802,14478.4899358454
1104,4,95508.2406236368,38368.7864715527,0.210838691684703,0.0847008037041553,28556,11325,28636.063124479,11398.2574217659
1105,4,103112.4493831,42492.8666782424,0.227625320939664,0.0938048942988891,29146,12254,29071.6249954907,12212.5398197346
1106,4,107581.514846558,51282.8677803701,0.237490981841971,0.113209212922899,31855,15222,31967.013307161,15074.8428600701
1107,4,98834.7442561725,43168.699494263,0.218182096496566,0.095296825317584,28979,12308,28898.2018282531,12348.5756214421
1108,4,99787.9387145716,51944.1732880782,0.220286315684541,0.11466907426197,29742,15048,29593.7205861373,15156.9734706687
1109,4,110143.30844661,41196.2709541976,0.243146255224396,0.0909426015342382,33219,12363,33105.4845621405,12341.9530855848
1110,4,88430.0049185013,46674.0603371487,0.195213171355126,0.103035065381174,26589,14566,26906.7812243305,14509.8909039687
1111,4,112040.121008605,45158.7126878368,0.247333553370931,0.0996898680061388,32825,13848,32780.4764430119,13770.544569259
1112,4,95081.1986500236,42585.7910578213,0.209895977522834,0.0940100290023253,29626,13406,29871.4612536299,13198.7385970262
1113,4,93785.6163842486,46079.1492328216,0.207035922012416,0.10172177264239,27451,13143,27274.8693584648,13220.7026596156
1114,4,99530.0067892698,44015.9619885415,0.21971691948041,0.0971671949803562,28924,12785,29058.9055049892,12739.6770135796
1115,4,102401.015320235,41949.9019131732,0.226054798584158,0.0926062754158423,31568,13159,31608.525412355,12999.0535027074
1116,4,110380.78890011,53413.9674358184,0.243670503894352,0.117913710254968,32218,15589,32273.3445916129,15573.5855728633
1117,4,101712.149386806,38432.2258835826,0.224534096378757,0.0848408490295249,30619,11708,30651.8725703648,11632.6983805253
1118,4,108234.835462503,45907.4821498571,0.238933216177113,0.101342809916857,33027,13764,32921.8201110274,13741.3981971284
1119,4,102059.68937608,40500.5049688519,0.225301306372033,0.0894066671571504,30738,12722,30756.2338216911,12658.5530438593
1120,4,105002.493060476,45883.6200080694,0.231797676472157,0.101290133176898,29788,13329,29682.7284442988,13384.505643998
1121,4,94190.8288808418,40692.0213227906,0.207930446632262,0.0898294480317327,28746,12986,28774.0291661513,13014.8422119546
1122,4,81620.0203243111,40295.9495814309,0.180179827291235,0.0889551020358658,27482,13273,27429.3692118455,13169.6781487785
1123,4,118315.524577165,47925.0320783041,0.261186786029698,0.105796641173142,34559,13852,34604.6216221171,13800.4851951262
1124,4,87944.6210945428,43295.6755538434,0.194141664962169,0.0955771306200626,28022,14075,27812.80839747,14233.7903983783
1125,4,93589.2613208538,39279.9728182809,0.206602459471368,0.0867122881160834,28661,12302,28725.7501648549,12238.785157106
1126,4,107581.09703403,45155.6259213791,0.23749005950222,0.0996830538318097,33592,13848,33542.2529999903,13858.9757760524
1127,4,106860.957829586,50861.5646407888,0.235900320159265,0.112279167492558,31599,15080,31467.8410395549,15134.5804629546
1128,4,100271.793555665,41163.4434463878,0.221354446779777,0.0908701333497895,32435,12705,32519.1805599727,12765.2268550883
1129,4,99923.4294586562,49239.0850241515,0.220585417532001,0.10869747153184,28472,14764,28464.9654354068,14576.1617451614
1130,4,94544.0428098982,45229.6168948327,0.208710182100121,0.09984639219861,28915,13225,28787.5228223455,13182.3531000302
1131,4,104133.846922979,50707.8172833105,0.229880101465321,0.111939763358537,30234,14974,30349.0054956665,14800.9185494898
1132,4,95774.5635266356,46075.7152337375,0.211426611345533,0.101714191936585,29095,13420,29051.0053857041,13439.1140602095
1133,4,94487.7613675164,39658.520657805,0.208585938311309,0.0875479493187628,28559,12018,28510.8774894813,11941.7000603226
1134,4,91207.1453005814,41510.9955043266,0.201343832342694,0.0916373699851799,28634,13123,28648.5013294054,13102.5299954623
1135,4,97198.0061390245,43051.7569893407,0.21456892426141,0.0950386695335474,30328,13142,30416.1302529382,12888.9041207365
1136,4,102868.591839804,33427.2670656875,0.227086994560179,0.0737921796978479,29854,9909,30059.3312536912,9849.38247803544
1137,4,109291.326430669,57590.1489262128,0.241265467007517,0.127132816752201,33017,16911,33010.1779648338,16891.3267516325
1138,4,84820.1112223194,40179.2236200624,0.187244170365745,0.0886974242813612,25187,11847,25258.0219191287,11810.3735635098
1139,4,109572.850284222,40878.3501221817,0.2418869434432,0.0902407771487835,31668,12231,31760.0598886197,12197.574431964
1140,4,113931.08750825,37967.2344877981,0.251507946074655,0.0838143598293084,32171,10604,32133.8227232542,10721.6411605789
1141,4,99206.7742895728,39353.8590847888,0.219003369352158,0.0868753953376412,30862,12172,30847.5704476275,12271.3425086355
1142,4,104838.605487188,49228.9695895382,0.231435887360458,0.108675141259753,30569,14318,30491.3668065485,14468.4624126723
1143,4,107704.444824567,42723.7820948811,0.237762355239314,0.0943146503578011,31166,12379,31028.1436773778,12377.0792808976
1144,4,97718.3768535855,48194.8061711607,0.215717665772432,0.106392179489176,29414,14566,29132.6363289164,14667.4890210658
1145,4,97827.2389355271,40893.5710888852,0.215957983663127,0.0902743781101768,30070,12015,30087.8393325044,12014.4189578287
1146,4,107258.504448595,45398.0349123848,0.236777922013181,0.100218182467648,30597,13008,30492.19798056,13229.3607039595
1147,4,104044.731796178,51289.7773487153,0.22968337585692,0.113224466102526,29924,13921,29894.1852353985,13829.9066355318
1148,4,102664.667701056,40266.0003093018,0.226636822948433,0.0888889876847754,30457,12113,30195.7023573375,12143.3675569233
1149,4,88201.1933481559,34401.7309928737,0.194708059630536,0.0759433521847487,26094,10551,25911.0070127465,10682.0719892119
1150,4,98056.473200555,53936.0710300049,0.21646402850504,0.119066277174884,29431,15162,29461.1712490848,15148.6661984171
1151,4,80076.2040538035,38214.4735603859,0.17677178416794,0.0843601510851977,26744,12703,26486.8113012143,12831.5817617041
1152,4,111580.931741502,49205.9783982211,0.246319872627997,0.108624387181719,32147,13958,32200.7862608504,14150.6303088108
1153,4,95119.403253012,43139.7215803792,0.209980315884192,0.0952328552830495,26925,12528,26911.9761663813,12396.5506019569
1154,4,92753.9316867844,40356.7284140327,0.204758432128568,0.0890892740137413,28628,12290,28697.1999144536,12288.0364637993
1155,4,106644.18479104,37996.2328002864,0.235421784029388,0.08387837489467,31733,11449,31823.4424661098,11337.4923846515
1156,4,86561.5006465416,34673.2670499475,0.191088365018679,0.0765427801152062,27457,10544,27534.7260386768,10589.1320944871
1157,4,102956.899996351,41429.0145447192,0.227281938745829,0.091456393368358,31616,13221,31740.548794081,13150.6787308279
1158,4,94236.3021114854,42271.4671464513,0.208030830812653,0.093316144979274,30423,13415,30344.5866461586,13421.8075305944
1159,4,99567.4866399219,52235.5678711271,0.219799657918731,0.115312340772303,27954,14748,27801.2977804981,14677.9067716282
1160,4,97421.1100902398,40941.3267086655,0.215061436162757,0.0903798007661624,28803,12210,28615.707461064,12297.1458317652
1161,4,109884.157594371,51924.7288294787,0.242574168184805,0.114626149754253,31821,15164,31826.0041461532,15226.3435406034
1162,4,104642.826122973,38487.554122868,0.231003695700968,0.0849629885800808,33398,11857,33605.7774199648,11727.9178633375
1163,4,95233.5223509891,50144.7953492417,0.210232238871744,0.110696867382298,28791,15331,28939.9717578623,15160.3777538289
1164,4,97568.0905924749,31933.5985377426,0.215385902162676,0.0704948399480401,30001,10300,30093.6057393524,10339.0949939246
1165,4,89546.7009119098,39526.0591831205,0.197678327458122,0.0872555347183185,26810,11859,26859.42793732,11818.8030244908
1166,4,104816.875083094,35898.1666209482,0.231387916526328,0.0792468004312399,33559,11376,33466.8075007966,11558.4289879347
1167,4,107244.697001754,48703.8116614291,0.236747441459791,0.107515831761773,31410,14638,31499.8721743076,14606.2832594192
1168,4,101628.287608234,51199.7671499455,0.224348967770366,0.113025764582919,28014,14056,27949.3955361925,14171.1860259322
1169,4,79505.470056033,44261.7034540081,0.17551186346786,0.0977096802018756,24287,13508,24356.0833564163,13528.7646182817
1170,4,98536.5671389208,43677.9586620297,0.21752385724013,0.0964210375945484,28816,12880,28644.1509917389,13006.5517053099
1171,4,98481.1400578583,43432.9157631273,0.217401499491952,0.0958800944898085,31009,14033,30851.6699054244,14016.677098571
1172,4,108655.953797628,40927.4063250273,0.239862853643394,0.0903490708997672,33381,12211,33181.9601673432,12330.742632841
1173,4,83924.3938901991,36986.0269242499,0.185266834491998,0.081648300465019,27110,12349,27094.0095573704,12397.0621990478
1174,4,112131.614589479,49272.4193454523,0.24753552952255,0.108771058529626,35365,15271,35194.033055364,15367.5353288406
1175,4,108783.257377746,37923.240548689,0.240143881962035,0.0837172412508145,33685,11090,33751.83133829,11065.0249340378
1176,4,90741.3553452855,33468.3241751308,0.200315580286816,0.0738828150941535,27096,10345,27166.4178953487,10292.4656540848
1177,4,99198.4206349548,47947.4440147062,0.218984928287817,0.105846116520173,31798,15303,32072.2729121627,15203.3230669599
1178,4,91800.0292402599,42398.8932689756,0.202652650025298,0.093597443815731,27417,12786,27423.1138479084,12855.9870387153
1179,4,105612.783236789,53052.283649701,0.233144919196783,0.117115277200703,29753,14899,29401.8674856049,14871.9017209294
1180,4,103972.923771357,46133.495433939,0.229524856446377,0.101841744299986,31497,14263,31536.7400226595,14344.1344521428
1181,4,98380.4925541252,38425.4421681431,0.217179315648235,0.0848258736757893,31300,11558,31157.4622499414,11570.4866195681
1182,4,98729.0073574632,40919.376690842,0.21794867758694,0.0903313451249514,31593,13078,31733.8935657308,12964.0878567354
1183,4,93818.2601435239,48382.2279320156,0.207107984563798,0.106805921367299,28549,14635,28767.8346167187,14516.9946787816
1184,4,102172.688968813,36938.4779737963,0.225550758001937,0.0815433340407696,29753,10457,29755.0914450298,10540.2709280143
1185,4,104970.828033936,45767.4323559006,0.231727774516849,0.101033643763909,30533,13419,30444.9757743771,13382.6982256258
1186,4,110869.693422003,43476.9022388158,0.244749782384685,0.0959771965924693,33311,12782,33192.7113367149,12830.8800398683
1187,4,110468.664923809,47707.7135903427,0.243864494127509,0.105316900939405,33316,13884,33299.1111664683,13988.3862760173
1188,4,91543.9727423571,43833.4139909665,0.202087393910615,0.0967642121515756,26081,12913,26009.4647279218,12864.3459679813
1189,4,95975.8801169594,45986.2116501994,0.211871026678086,0.101516608792648,29333,14286,29557.7546456088,14217.5306787429
1190,4,92318.7707416919,38846.3847481562,0.203797794975832,0.0857551231548375,28809,12084,28816.9169512023,12079.4336285145
1191,4,84632.3848341414,46464.1038635485,0.186829756009248,0.102571577121778,25193,13873,25349.729314399,13675.7321901887
1192,4,93812.5890579227,42309.43979183,0.207095465389947,0.0933999712838858,27921,12344,27838.1279398022,12306.0267736479
1193,4,103192.957184463,41260.4051636242,0.227803045494098,0.0910841806557825,30878,12642,31170.8908199247,12531.3589230606
1194,4,101734.93361325,39406.6944311766,0.224584393572624,0.0869920317161817,33394,13414,33284.5425982424,13451.8831707834
1195,4,97628.0163660621,51656.4399284098,0.215518190974812,0.114033890065188,28177,14876,28233.2849165894,14600.6957918048
1196,4,102018.302862747,49339.732667159,0.225209943801982,0.108919655683012,30706,14839,30834.7905525295,14694.0840939387
1197,4,102449.144920854,51026.8580217434,0.226161046819489,0.112644059987248,30781,15697,30947.8786796915,15750.3745023358
1198,4,88556.1949340844,35653.680610968,0.195491741430498,0.0787070866835794,26949,10968,26931.4102585071,10896.0186404698
1199,4,97599.3413573971,54288.7319501113,0.215454889617029,0.119844791850874,30015,16610,29988.0574113856,16651.2098885307
1200,4,103578.657916252,47607.8070504669,0.228654497024787,0.105096352806378,31099,14037,30870.6876235027,14023.53250687
1201,4,95393.0862250384,54413.0524803704,0.210584483224954,0.120119234954194,27839,16081,27658.7792536499,16146.9741867454
1202,4,98229.9972954288,51293.2758282862,0.216847090667007,0.113232189151875,28428,14736,28488.5517936937,14766.6328697256
1203,4,90320.8644618439,34863.1263779497,0.199387327948052,0.0769619030312891,26250,9526,26141.586132309,9620.65064369187
1204,4,98309.2745224216,37568.8186307366,0.217022098673755,0.0829348390937071,28650,11584,28658.6017569066,11609.9687191985
1205,4,119454.719349479,45842.4876098748,0.263701609188415,0.101199331577323,34110,13313,34222.8681404614,13301.5180715995
1206,4,103989.556251018,54620.9861289028,0.229561573385441,0.120578257737229,30603,16219,30461.7375931718,16337.2617320097
1207,4,100524.164713309,47546.6411273935,0.221911567341827,0.10496132630906,29791,13466,29577.0056239197,13613.2124340686
1208,4,91296.9877416693,45608.131748253,0.201542163529752,0.100681980582997,27381,13928,27563.3380908158,13869.6412766421
1209,4,93141.8562558588,39527.7825280787,0.205614792879033,0.0872593390790097,28035,11589,28043.8610541898,11689.2871076909
1210,4,104108.545109348,46971.9602940375,0.229824246585698,0.103692692793775,32009,13960,32015.8740641504,13961.6733784693
1211,4,88382.3816084409,40354.1390661579,0.195108040778735,0.0890835579130712,27946,12637,27783.9881330129,12830.8208684139
1212,4,101878.906165057,51911.7957553226,0.224902219388107,0.114597599417479,30656,15907,30727.0197080361,15805.6357029254
1213,4,104065.528392699,41917.187716097,0.229729285269274,0.0925340573698806,30538,12063,30557.4213288811,11980.9894806988
1214,4,90328.4910472434,44027.8614519618,0.199404163974736,0.0971934635754313,27895,13320,27967.7731582372,13216.0707948796
1215,4,98172.1624223745,58611.7728464892,0.216719417610851,0.129388097022661,28655,17173,28724.9601957213,17128.9745375796
1216,4,102969.984773964,40467.1217195867,0.227310823974736,0.0893329721487062,31970,12520,32175.4937266501,12597.6640433913
1217,4,101329.316499769,44205.3165396165,0.223688975742992,0.0975852035789076,30479,13122,30479.8903574702,13205.6092684694
1218,4,91252.8960747254,41187.4071648571,0.201444829212713,0.090923034324794,26987,12311,26988.4189583166,12341.1409835813
1219,4,99962.0939844965,45029.4193720644,0.220670771193523,0.0994044472574889,30737,14311,30873.3229849636,14259.7360985323
1220,4,115618.449189531,35864.1016815085,0.255232872080591,0.0791716005613973,34246,10778,34327.8050277304,10648.0439356077
1221,4,107484.90719436,48835.3115378193,0.237277716150307,0.107806123591188,31585,13660,31464.2335723608,13713.7118848343
1222,4,119410.386717596,54656.3908231833,0.263603742930551,0.120656415175507,34300,15439,34455.8045089848,15455.1697632502
1223,4,94515.2476543169,40685.4675835606,0.208646615512673,0.0898149803607141,28746,12392,28847.2656473179,12325.4295290966
1224,4,93380.3405422948,43194.5277325613,0.206141257554868,0.0953538423030899,27901,12782,27835.3992190734,12919.9948895025
1225,4,88694.5336983033,43476.6951374065,0.195797130409154,0.0959767394068913,25338,12849,25354.4057035524,12831.3118418915
1226,4,109220.578372103,48660.3918946269,0.241109287519653,0.1074199806942,32497,14135,32299.9549526876,14123.1618002106
1227,4,103324.460967498,45817.7582801485,0.228093345947606,0.101144740481396,30282,13762,30136.5557080914,13703.0342685405
1228,4,98500.5213240812,37440.3033203688,0.217444284499685,0.0826511358266124,29745,11162,29755.3481603378,11238.9132099969
1229,4,93427.0248387238,38509.6547075916,0.206244315216878,0.0850117766044248,27583,11905,27458.4886886134,11838.5618523409
1230,4,100902.453313891,56190.8943414157,0.222746656263006,0.124043899983699,30165,16298,30426.0873560799,16267.1982113176
1231,4,116105.608560623,56828.5258709108,0.256308298072863,0.125451499962275,33274,16199,33247.2725732127,16285.8586811899
1232,4,98753.4270382373,51983.8537835652,0.218002585119025,0.114756670721702,29061,15452,29032.4102420902,15465.2825351036
1233,4,98613.5811273768,42371.5533779567,0.217693869047084,0.0935370897895696,29768,12635,29801.8522599857,12782.4562757598
1234,4,103961.768542328,49151.9746913955,0.229500230781841,0.108505171595515,29461,14233,29427.2186971609,14249.1996453352
1235,4,101895.128785629,47753.6445322966,0.224938031544992,0.105418295537883,28971,13697,28778.9472021054,13826.711259762
1236,4,108099.979154817,43294.2421598358,0.238635514876239,0.095573966338999,31160,12763,31234.2703827924,12689.8149748755
1237,4,104882.904219246,44704.2085076634,0.231533678782949,0.0986865298011077,31336,13183,31489.1704864804,13155.4997571149
1238,4,108544.525546888,45673.1756697645,0.239616870820871,0.100825567934455,32740,14067,32547.8998671895,14129.4829771621
1239,4,106070.156017978,40407.2519676377,0.234154589966221,0.0892008070068296,32395,12084,32509.8514645874,11973.231760896
1240,4,95935.9586066842,51194.0121102611,0.211782898167483,0.113013060076692,27057,14817,27093.8354522476,14868.0679095677
1241,4,91119.7783412604,44054.3899787601,0.201150965891805,0.0972520264789668,28431,13862,28501.528276933,13832.3139163919
1242,4,100470.009530123,43220.7999493078,0.221792017364816,0.0954118393907792,29738,12878,29645.2651336004,12893.4798454327
1243,4,106320.125301983,52211.6924817136,0.234706408285319,0.11525963478762,29144,14426,29375.4296294364,14407.9561644603
1244,4,94409.2742543429,48582.5001173798,0.20841267451598,0.107248031129424,27126,14340,27243.5085653595,14319.7157865154
1245,4,106356.710856662,46841.6086792683,0.234787172525479,0.103404935802991,31374,14259,31423.9227608136,14313.8945859422
1246,4,120087.057967238,54321.3578223503,0.265097524828778,0.119916814915827,35525,15673,35533.8452572112,15608.6742053659
1247,4,104926.737023297,42453.499692566,0.231630441648631,0.0937179899260163,32498,13259,32548.5752772381,13286.325753439
1248,4,99183.9706828397,51005.5433143223,0.218953029375441,0.112597006822024,30952,15906,30806.9942926086,15871.6956372265
1249,4,123707.4288886,51275.5731056238,0.273089654759025,0.113193109603754,35942,14626,35945.2902160777,14571.5933866488
1250,4,110512.409019962,47121.488837169,0.243961061166559,0.10402278370737,31949,13627,31894.3318307585,13618.5317826728
1251,4,92442.6645502321,45058.0537722651,0.204071296071966,0.0994676589702801,27642,14076,27563.8116643198,13906.0317564409
1252,4,103394.887553362,45399.7945889905,0.228248815770172,0.100222067032068,32308,14124,32419.9213730969,14110.3671343523
1253,4,81562.5275585373,41273.0980917984,0.180052909452126,0.0911122008596144,25057,12681,24960.76906868,12689.2930664486
1254,4,81067.5073518268,40008.4747263472,0.178960130315385,0.0883204884994595,26296,13027,26242.1595327063,13006.9511948794
1255,4,109726.597433507,42912.90419675,0.242226347117624,0.0947321458143851,32674,13366,32655.4188375652,13354.3374280488
1256,4,96531.2797769651,37543.9319637429,0.213097096145109,0.0828799006687599,28244,11720,28196.264044911,11516.4258440692
1257,4,98202.3597976042,42742.1036551304,0.216786079660577,0.0943550960174362,29667,12378,29470.7871155262,12410.5213948893
1258,4,105765.56305492,49252.8556867542,0.233482187444635,0.108727870882387,30331,13701,30517.3121898535,13550.6050791315
1259,4,102800.110975042,40758.3779037522,0.226935820003537,0.0899759331373451,32094,12966,32254.0565877599,12921.9345668933
1260,4,90691.7609435645,39915.4982064273,0.200206098437863,0.0881152386939003,26239,11559,26288.1102895714,11599.323986463
1261,4,101320.69842414,43198.432558731,0.2236699509575,0.0953624623806402,28615,12192,28588.7369207364,12225.7924920047
1262,4,92509.5209822576,39098.7247944943,0.204218884621048,0.0863121750372949,27063,11997,27107.1255844923,12085.8517795454
1263,4,102352.229064712,40248.2978612139,0.225947100753904,0.0888499087427899,30843,12389,30916.5103464468,12288.8109755596
1264,4,102213.676648717,42718.8077264687,0.225641240129444,0.0943036692181511,29272,12939,29173.3737051791,12931.0347803435
1265,4,91479.2110195999,46587.8933187445,0.201944429525466,0.102844847853261,26440,13447,26555.0352363949,13542.7487064358
1266,4,90828.8579214176,41070.3493892838,0.200508746117851,0.0906646240756653,26844,12467,26809.1733021222,12474.4917989634
1267,4,90886.1061710923,42100.8558874015,0.20063512417679,0.0929395130320216,27050,12709,27205.1018957935,12814.344128482
1268,4,97821.1645910806,50325.7458658326,0.215944574277428,0.111096323700711,28990,14960,29017.3513280581,14981.1930080967
1269,4,106340.799271973,44251.0828339065,0.234752046994147,0.0976862347103403,29016,12121,29086.9928216983,12175.4709095688
1270,4,98500.1337500315,41711.921769093,0.217443428912721,0.0920809236566938,29276,11909,29071.3674606887,12034.84570091
1271,4,90823.2363790117,44785.9600867731,0.200496336312808,0.0988670000502727,27248,13238,27199.5614529223,13215.1946104525
1272,4,89192.1406136967,36972.8571037773,0.196895619820431,0.0816192275002147,29033,11576,28897.7815257658,11594.6027444463
1273,4,95704.9454572131,38891.6197077674,0.211272926358993,0.0858549813413204,28973,11782,28969.2735737677,11780.9329441926
1274,4,90972.3339860645,41544.0533934701,0.200825475915832,0.0917103467466756,28588,13177,28648.9421428884,13222.6369775823
1275,4,89297.4123242381,42437.6203032464,0.197128011806474,0.0936829354673954,27619,12759,27492.9491879007,12852.8363447363
1276,4,100271.008659626,35549.3519297145,0.22135271408684,0.0784767764766586,31669,11482,31874.6036993131,11450.4413775596
1277,4,101542.764348009,42285.9378392355,0.224160171367285,0.0933480896776003,28570,11980,28239.2421952282,12094.3951110461
1278,4,108501.05519235,40780.982533349,0.239520908078619,0.0900258338631786,31058,11856,31075.2050667141,11912.0155508443
1279,4,97323.9234761351,33414.3923384721,0.214846892386919,0.0737637581645417,29407,10336,29629.4703824853,10260.0862384207
1280,4,103369.44906797,47861.6993528147,0.228192659181552,0.105656831363059,30670,15087,30688.7935627174,14982.279555057
1281,4,98515.8819946734,45943.8601796761,0.21747819386363,0.101423116036654,25736,12228,25657.9295916914,12203.7636998889
1282,4,109711.582403579,41589.1403540839,0.242193200770827,0.0918098782187852,33522,13301,33711.0958711209,13159.3745620432
1283,4,105518.626320986,46075.4554715267,0.232937063614779,0.101713618499944,30984,13215,30910.4075220269,13316.1675858084
1284,4,86244.316010918,36077.3117415403,0.190388165819524,0.0796422712576389,27511,11172,27624.8927234016,11103.644231517
1285,4,102802.671621794,49175.7472880746,0.2269414727452,0.108557650660662,29961,14276,30021.6716809008,14147.8859382913
1286,4,100358.970748514,43970.2230329897,0.221546894312734,0.0970662242004047,29979,13361,29954.9685302105,13346.7786980856
1287,4,82977.4468342195,33274.4351268911,0.183176406722899,0.0734547963913073,25623,10500,25639.483775306,10524.3759337652
1288,4,98029.6023404773,40070.0085943139,0.216404709885555,0.0884563272515052,30652,12757,30688.7653643489,12935.661146518
1289,4,101243.204342151,50862.1186355109,0.223498879322705,0.112280390460562,31172,14764,31134.7333326901,14833.9296716378
1290,4,112352.824784648,46600.2983714471,0.248023860873145,0.102872232559178,31855,12788,31872.6766722638,12841.8005594117
1291,4,112461.84756232,47708.6336100728,0.248264533506817,0.105318931923903,35230,14645,34979.138225653,14677.1657094167
1292,4,120011.458172063,45602.8140015091,0.264930634916429,0.100670241420398,34594,13063,34254.568724281,13039.9055057476
1293,4,96670.3504639938,45112.3244919901,0.21340410087594,0.0995874639993424,29416,13375,29369.384284127,13359.2131165377
1294,4,97839.094355959,44305.1361400234,0.215984155031345,0.0978055597891869,30394,13226,30279.6510759971,13125.7797616733
1295,4,94518.3561249363,43032.2053582794,0.208653477599905,0.0949955084378518,30625,13938,30557.942118395,14155.1672179917
1296,4,72196.1129159496,44355.3058921794,0.159376132284786,0.097916311749831,22913,13878,22916.599515979,13834.122825252
1297,4,106721.833585071,43342.5760586858,0.2355931971979,0.0956806655717669,32853,13300,32777.3742244018,13343.4267528064
1298,4,93391.2393919249,39368.3950480664,0.20616531725047,0.0869074841234866,27906,12137,27929.945553774,11985.1356145874
1299,4,97282.8438638447,45403.1320912474,0.214756207314577,0.100229434716832,28258,13037,28320.8572373195,12982.9664223949
1300,4,101462.827603275,40947.8554989453,0.223983707445771,0.0903942133612631,31476,12569,31340.4266953193,12499.0701568407
1301,4,120691.168567583,51496.2941615233,0.266431125864437,0.113680361157644,36097,15121,36146.6789347427,14961.1657487041
1302,4,102916.203462459,40924.2188490316,0.2271920993361,0.090342034404651,29351,12097,29188.0848212664,12179.9162179744
1303,4,105230.747300721,54562.9122138677,0.232301557865749,0.120450056985262,29420,14801,29512.8223760893,14753.3887071119
1304,4,90692.8233528023,42117.9415090861,0.200208443753537,0.0929772303022705,27780,12695,27829.9922122306,12758.8069722739
1305,4,97144.9160641906,41869.5043381602,0.214451725558488,0.0924287941909794,28853,12752,28829.54653891,12722.7856278356
1306,4,88092.0959338123,43598.605843488,0.194467222233091,0.0962458627160921,25731,12839,25946.5892719732,12873.0879845839
1307,4,82936.3377141078,40624.482114662,0.183085656510728,0.0896803522240173,24650,11697,24667.6735500452,11682.4701724269
1308,4,107730.393461489,44017.8148421867,0.237819638010139,0.0971712852372376,32872,13257,32664.7734807465,13325.4760738019
1309,4,81846.5089568704,40818.2696538621,0.180679811027282,0.090108146841141,26535,12917,26624.9840196698,12874.0193208351
1310,4,104432.642156298,39459.3014071397,0.230539705240485,0.0871081639568462,31278,11770,31040.193477965,11858.759036163
1311,4,129481.258681467,43976.433677943,0.285835640985861,0.0970799344755382,38259,12883,38286.5378527849,12848.5608206025
1312,4,106406.55040485,46711.424369723,0.234897195546168,0.103117548145934,32920,13974,32786.6189417622,14087.8664910946
1313,4,102632.436969137,46704.5065489415,0.226565672173321,0.103102276748688,31455,14593,31486.0100240246,14577.3528882324
1314,4,106211.226371918,51327.7163314699,0.234466009050752,0.113308218095397,30604,15049,30618.5020957178,14974.0836424039
1315,4,95239.4063077835,44396.33062,0.210245227968228,0.0980068756622633,30330,13670,30450.9739979711,13671.4772852019
1316,4,113237.618833691,42282.0634101252,0.249977083113368,0.0933395367029114,31588,11891,31483.7822397267,11808.269314037
1317,4,101878.560943427,43407.9906749377,0.224901457295995,0.0958250712483613,30043,12834,29895.9803851656,12857.6793957167
1318,4,107292.4578955,39390.8166186644,0.236852875758292,0.0869569807384334,32591,12254,32626.7337709735,12277.7537793141
1319,4,110268.3054354,40443.1799946141,0.24342219164003,0.0892801197253242,30738,11532,30859.615058931,11569.2859579906
1320,4,90562.27043526,47598.6579480544,0.199920242377923,0.10507615575563,28155,15094,28147.2357522556,15199.2421873274
1321,4,110500.000867798,49664.101044789,0.243933669618443,0.109635713312352,33261,14363,33441.6395239813,14343.1449942112
1322,4,93735.7635372987,37214.0100906992,0.206925869634119,0.0821515834511408,30952,12322,30925.1459202284,12405.9325097565
1323,4,108727.720577708,43105.7134210937,0.240021282004335,0.0951577807579245,30682,12314,30648.5995855179,12288.9172811431
1324,4,107290.512995378,42270.6561608848,0.236848582304716,0.0933143546925439,30946,12339,30986.7140142025,12387.0898596871
1325,4,107865.892056641,49324.5491669964,0.238118757189179,0.108886137430675,31590,14517,31609.6809795411,14576.2832917528
1326,4,100158.998827279,41332.2123132236,0.221105447397039,0.0912426981342356,29841,13748,29844.6659570602,13718.3071742999
1327,4,99649.0977323639,38761.2823849992,0.219979818037325,0.0855672559007647,31229,11741,31112.9519224524,11840.6917630302
1328,4,88954.0176160399,45677.028757392,0.196369952705655,0.100834073796871,25865,12987,25818.939055803,12977.7255067111
1329,4,101668.119445952,39997.4674848607,0.224436898324808,0.0882961895240107,30187,12765,30227.6368120057,12770.1397484045
1330,4,93168.008176352,46470.7452289938,0.205672524407389,0.102586238231566,27637,14027,27564.1916932063,13977.5633674759
1331,4,115615.013570751,42643.541388718,0.255225287799235,0.0941375154279059,32782,12148,32657.053784792,12118.9934243206
1332,4,94549.918781902,39222.3316736845,0.208723153569825,0.0865850427241198,29056,11746,28982.2654852646,11865.7089294634
1333,4,119001.074631513,46780.040454419,0.262700168284458,0.103269021206598,36518,14307,36545.7634123268,14308.4803075215
1334,4,114449.835949393,42654.2915443212,0.252653106344908,0.0941612468748261,35937,13191,35845.8084308396,13175.543315756
1335,4,101510.374387919,41730.4240207884,0.224088669088899,0.0921217682007374,29830,12494,29947.9475075523,12480.6971901352
1336,4,103753.309190625,43426.5000099054,0.229040047485662,0.0958659314290438,31503,13601,31452.4804329642,13625.9198356324
1337,4,99523.6884026326,49329.0317250314,0.219702971360714,0.10889603287703,28611,13900,28565.3702175554,13828.4399401991
1338,4,100291.707122309,48487.4440071718,0.22139840686438,0.107038190535753,29860,14278,29906.9913762529,14186.2896162411
1339,4,108289.83845295,56670.8741978596,0.239054637726383,0.125103476877869,31767,16665,31799.0411445575,16600.3204062104
1340,4,89794.4850804369,38608.9866284827,0.198225322037557,0.0852310562404694,28883,12158,28670.7026350673,12248.3181361274
1341,4,93673.8419632749,41616.8603998463,0.206789175003697,0.0918710714534612,26677,10988,26544.7104504152,11134.8824098293
1342,4,103295.638024566,40051.3808214393,0.228029718018345,0.0884152056138724,33303,12588,33150.9526313658,12506.8235467036
1343,4,115567.227228815,42463.5260545729,0.255119797322722,0.0937401235663608,34751,12360,34597.3603583332,12478.3604382629
1344,4,119639.683073915,50524.924169068,0.264109924841751,0.111536018669354,35634,15023,35647.8184656075,15017.8259962016
1345,4,93982.3840081667,42976.0430322772,0.207470295299181,0.0948715276037485,26633,12302,26622.7563878069,12257.3135638342
1346,4,87026.0394267139,42321.1147608404,0.192113855049789,0.0934257442975601,24999,12234,24888.0212137799,12333.3107614787
1347,4,103637.624694354,42850.389744071,0.228784668811709,0.0945941423779472,32127,13102,32108.0405092038,13154.8679212169
1348,4,124095.147171575,45939.1588560425,0.273945560123745,0.101412737655505,35596,14344,35459.7175387631,14242.7114645298
1349,4,111899.512118821,49525.0421142071,0.247023152989062,0.1093287345344,31629,13778,31477.9667245074,13775.8827312936
1350,4,113442.047487661,47371.3070624561,0.25042836846492,0.104574268557626,33267,14490,33129.5266581161,14406.4876520736
1351,4,96815.6521710588,50032.4180654053,0.213724860860807,0.110448789526979,30533,14999,30580.3756038678,14861.2490169837
1352,4,110518.838351614,43981.7229956886,0.243975254202312,0.097091610879858,34447,13495,34247.5185579006,13563.895886839
1353,4,93799.1867697846,47677.6740721291,0.207065879242425,0.105250587366066,28183,13921,28118.5711185117,13928.5844432442
1354,4,103735.185352641,38293.2133400716,0.229000038306728,0.0845339726530968,29912,11522,30055.5341013372,11452.8055316581
1355,4,103946.064610886,42786.6019413266,0.229465563654295,0.0944533279645703,31096,13189,31092.703990062,13197.15104449
1356,4,87166.687797127,35302.4935402746,0.192424342586904,0.0779318255957602,27126,11067,26809.0689769499,11142.4651686415
1357,4,114109.626104797,45462.1284101952,0.251902077972232,0.100359671716488,34086,13658,34231.1688388971,13626.2410547292
1358,4,82449.2906429902,49599.9187162261,0.182010478425646,0.109494027965673,25350,14798,25402.9984648009,14972.40633745
1359,4,112585.875185382,59216.8272704009,0.248538330004464,0.130723781590847,31882,16816,31903.3853789238,16670.2557810742
1360,4,90821.816932764,38655.787013051,0.200493202822045,0.0853343701722128,27307,11298,27138.1160713119,11414.7134259178
1361,4,118389.632668568,47165.2280137333,0.261350382939583,0.104119339886208,35873,14466,36039.8991461684,14319.0419923118
1362,4,92253.1636882191,44103.056026241,0.203652964485508,0.0973594589446194,28701,13645,28797.7737847487,13713.120550336
1363,4,90292.9343208455,42003.8916343454,0.199325670918792,0.0927254601280936,28461,13288,28670.3764568343,13218.6995739473
1364,4,117818.542844573,43335.3089276578,0.260089676737278,0.0956646230566055,34269,12941,34091.5370104375,12926.606693513
1365,4,117650.088856031,45545.7715280851,0.25971780706068,0.100544317621691,35256,14185,35099.7657741573,14133.7217629719
1366,4,99207.4536240661,41641.0350685616,0.219004869013285,0.091924438110522,29655,12925,29734.5031802759,12889.9066522061
1367,4,90734.5675111902,48616.8818978693,0.200300595840965,0.107323930439984,25119,13398,25071.5468677773,13375.7774341905
1368,4,102746.187648663,42690.8831598583,0.226816781860747,0.094242024494601,30102,12143,30156.3897496135,12091.8882241544
1369,4,114281.807681071,40947.2489276892,0.252282176464642,0.0903928743282204,33187,11870,33260.2868344765,11884.6726334024
1370,4,115921.695496311,55673.2997626052,0.25590230179851,0.122901286915895,32178,15631,32217.8407622396,15696.9882798605
1371,4,101584.248828283,46497.5568672308,0.224251750203718,0.102645426116203,30566,14043,30575.3418519728,14061.0821176157
1372,4,96151.8593108851,43450.0270627558,0.212259508580472,0.0959178684452613,28935,12829,28947.6726745407,12807.9602223884
1373,4,95089.1408145717,44037.1550251565,0.209913510204533,0.0972139795518608,30576,12839,30326.6209045461,13091.8006391915
1374,4,107381.599893661,44717.5802117509,0.237049660686416,0.0987160484329766,31156,12472,31229.2105364963,12432.7817140475
1375,4,103363.713152008,42062.0267393279,0.228179996891795,0.0928537959595928,30334,12261,30123.5599634586,12291.453894822
1376,4,113936.845172112,51090.1399516034,0.25152065637387,0.112783757663719,32947,14781,32697.7715410461,14884.2761571686
1377,4,101263.09834453,44987.7455121456,0.223542796218321,0.0993124503570607,30368,13326,30259.5445980476,13437.3737779133
1378,4,86688.2528785397,36198.9562481364,0.191368176211809,0.0799108069196286,27808,11559,27878.9617804181,11467.8368445509
1379,4,107336.283864031,33098.454254351,0.23694962353426,0.0730663107833053,32629,10114,32562.2539145358,10057.1806102877
1380,4,118381.457109472,47297.7809410684,0.261332335029033,0.104411956372449,36492,14311,36474.3023921626,14294.2755210289
1381,4,92791.7403470572,48650.8879790224,0.204841896428761,0.10739900037754,28623,14920,28760.1759830808,14931.3786333529
1382,4,94076.2635933658,46312.6881567261,0.207677538661534,0.102237320210348,30901,14222,30879.8204054467,14325.9119289901
1383,4,100395.94388533,42709.4772510186,0.221628514157711,0.0942830717783506,30570,12944,30440.9871956476,13105.8186293621
1384,4,105957.939929937,41855.6040571841,0.233906867957793,0.0923981087021053,32815,12657,32837.5266105432,12910.4150453868
1385,4,107413.031656412,46735.7964906575,0.237119047701531,0.103171350687556,31530,13784,31626.4364221038,13763.9617788644
1386,4,99202.0614692964,40727.2131377205,0.218992965591658,0.0899071355293702,29183,12667,29135.6551157864,12566.9527534685
1387,4,102802.935736918,40434.4597092285,0.226942055791091,0.089260869307247,33256,12875,33324.3393576229,12890.8766569701
1388,4,93798.1334846152,39882.0130734488,0.207063554068538,0.0880413187726246,27723,11830,27743.2259255903,11842.4858555926
1389,4,99253.1530080135,39890.1962309813,0.219105752437159,0.0880593834570616,31481,12193,31424.6921458368,12279.8057134239
1390,4,101726.069459525,46384.654965255,0.224564825558785,0.102396190142994,29455,13897,29681.4338697234,13737.7867978054
1391,4,97113.7995180936,44280.4339484007,0.214383034398165,0.0977510286018312,30658,14518,30593.4182794001,14455.1939724725
1392,4,89606.0610711159,37266.0707262652,0.19780936765134,0.0822665096210644,26973,11310,27166.8211870328,11439.7733907234
1393,4,85419.9149673554,48074.9641551851,0.188568263826636,0.106127622905449,27162,15174,27216.9986719429,15173.4545227368
1394,4,104513.367324049,54657.3393890572,0.230717909640896,0.120658509176889,31204,15744,31198.388159965,15798.7923297738
1395,4,113659.035929581,45472.4430826393,0.250907380107334,0.100382441814953,34613,14069,34393.8402360207,14082.050700006
1396,4,112656.6000928,45879.063831771,0.248694458385136,0.101280075214951,30024,12730,30013.5424293437,12620.0012146892
1397,4,89406.460425542,47503.2578599038,0.197368740343189,0.104865555815343,27059,14724,27051.6395991699,14657.3220799579
1398,4,107614.276536556,50552.3671220084,0.237563304730671,0.111596600209294,32697,15135,32742.9504035226,15212.9168573354
1399,4,93355.4421737581,46833.6291572477,0.206086293298244,0.103387320653009,28234,13992,28192.6851685988,13985.4056482237
1400,4,99036.0346945036,45607.443239058,0.218626454097431,0.100680460668308,30200,13445,30070.4012391936,13483.0191859041
1401,4,77639.9690071813,37086.2204407316,0.17139368688008,0.0818694821116745,23620,11036,23623.1012151323,11059.7668716212
1402,4,107858.979851974,51335.7931433651,0.238103498189755,0.113326048017107,29926,14795,29919.533079262,14872.5173771125
1403,4,100533.177945814,46641.0998970853,0.221931464453709,0.102962303742859,29777,14235,29909.2684103865,14116.7213226798
1404,4,91811.8297439126,46484.0830613733,0.202678700162282,0.102615682090132,26533,13652,26639.2095147047,13620.9209995465
1405,4,104876.228543063,44263.5535653438,0.231518941930681,0.0977137644049868,30659,13188,30479.1356195276,13188.0667054932
1406,4,101163.610241336,50939.4074682801,0.223323171802893,0.11245100899857,28927,15065,29052.940380988,15018.9934450588
1407,4,116613.063992728,44706.84721051,0.257428528523082,0.0986923548550748,33138,13612,33027.4016576512,13553.8115885267
1408,4,94683.009826649,43654.3334093256,0.2090169579742,0.0963688837977835,30196,14042,29997.3091321174,14132.3346067737
1409,4,104662.719331934,46629.2500841556,0.231047610845079,0.102936144753452,29613,13018,29635.1537926924,13025.4586885861
1410,4,103310.122914818,53634.2501893162,0.228061694058213,0.118399994236799,31875,15768,31936.1210984876,15806.5151931277
1411,4,100332.937243987,44025.0406618342,0.221489424192892,0.0971872365556879,30421,13475,30586.1431310708,13402.9287532337
1412,4,102726.442444391,38093.8419550722,0.226773193443574,0.0840938514478671,33663,12256,33715.1447400809,12120.5011823126
1413,4,107262.354443815,53096.5045283116,0.23678642104897,0.117212896758247,32135,15600,32173.5979865127,15467.4679454817
1414,4,107385.807379142,44725.2811659126,0.237058948897867,0.0987330486320125,30764,13134,30833.5250988394,12990.8315957727
1415,4,86320.0854645569,36865.7906191601,0.190555430260483,0.0813828734705252,25940,11205,25857.0557675504,11158.7055219983
1416,4,80813.0299802816,50978.7752177874,0.178398360192413,0.112537915057633,27502,16227,27456.3630580536,16257.9382161955
1417,4,115213.187492575,51176.4205077999,0.254338238848754,0.112974225831361,33069,14823,33215.0815860432,14721.3911162331
1418,4,108354.561726603,50309.499235152,0.239197517233424,0.111060458540442,32031,15648,31854.4932622126,15892.7242929636
1419,4,91962.8557970966,47583.3442895817,0.203012096895964,0.105042350173031,26221,13484,26327.7845608787,13354.9249904083
1420,4,100234.877784591,47212.2224970851,0.221272953572229,0.104223082299655,28867,13641,28860.2513920311,13641.356709959
1421,4,116180.234502762,39895.086552688,0.256473038161297,0.0880701790598687,34925,12345,34912.1197569392,12485.0712454584
1422,4,102486.812124967,44325.5944436591,0.226244198848913,0.0978507224049412,30134,12491,30324.2626751889,12407.8605573457
1423,4,104772.30496386,48823.3518525944,0.231289526004566,0.107779722053799,31402,14768,31448.5211383504,14798.1270579826
1424,4,94984.9296243661,43478.9534147216,0.209683459364329,0.0959817246545669,27371,12823,27272.4089661451,12869.1277441782
1425,4,107552.24245925,46829.3074142385,0.237426361744248,0.103377780212981,33617,14280,33706.8604182899,14238.9911561293
1426,4,98718.7183303754,34566.3074546929,0.21792596410174,0.0763066620485415,30950,10732,30963.6086800387,10859.004091534
1427,4,95145.9038712356,38516.7254700702,0.210038817178307,0.0850273856272742,28096,12312,28278.7536437971,12261.4394334566
1428,4,108229.621173229,42585.3568834074,0.238921705401483,0.094009070542984,32060,12493,31863.8945855447,12565.6891093238
1429,4,87600.1328180802,42251.9769013695,0.193381191760738,0.0932731193958602,24593,11793,24699.2169665149,11805.9002963815
1430,4,92826.0974241153,43621.8451160609,0.204917741205397,0.0962971644445397,27800,13885,27771.0313709249,13881.6132415208
1431,4,100273.880143354,49390.4378519787,0.221359053014962,0.10903158963509,31118,15439,31107.2476548258,15464.9784880173
1432,4,111533.153805971,49755.3549336004,0.246214400708999,0.109837160333075,33520,14350,33730.9361082183,14274.679626866
1433,4,94169.4278293849,40598.3060757402,0.207883202858737,0.0896225674531562,30074,13177,29925.1360178386,13140.9121213262
1434,4,90838.7115145187,42050.3429879957,0.200530498363147,0.0928280035585523,27435,13242,27261.5615372169,13261.4783995527
1435,4,95669.8881332625,40710.0780928672,0.211195535756178,0.0898693091552769,30534,13275,30433.5884197882,13325.6018658058
1436,4,95587.8467662176,45498.0016676706,0.211014425787249,0.100438863528872,30045,14312,29976.2843084506,14293.6301242815
1437,4,107630.394259901,43973.3234942759,0.23759888532226,0.0970730686066773,32441,12737,32352.7114403804,12812.3142534561
1438,4,85551.1798177768,43243.3974423605,0.188858036825765,0.0954617243623739,27243,13526,27141.7374263701,13559.2503073038
1439,4,100807.81319211,36537.2082520385,0.222537733982299,0.0806575132718426,28697,10856,28704.2961880664,10784.859179428
1440,4,99515.5077601596,45374.3370118932,0.219684912228383,0.100165868297659,29877,14402,30091.2263136041,14216.9463619516
1441,4,86789.0055546756,40834.9102879887,0.191590592228286,0.0901448817815518,27383,13001,27250.3482200056,13069.8840379039
1442,4,97473.1424979587,37273.1214780241,0.215176300018452,0.0822820744693595,30397,11161,30477.6833975046,11202.3679897525
1443,4,120676.949967053,45407.2914730079,0.266399737670981,0.100238616737178,33868,12891,33791.7828071617,12792.7010366048
1444,4,95571.9646026858,44738.7624110311,0.210979365204431,0.0987628090805823,27574,12797,27677.0141008349,12790.8611936414
1445,4,98974.5440997785,37616.6854030757,0.218490710872992,0.0830405071239133,28687,11116,28703.9007159656,11006.1759813528
1446,4,96409.3786682987,46350.7394765886,0.212827994022629,0.102321320192385,30473,14166,30390.169343251,14131.1429444604
1447,4,114127.022426602,47001.1451922597,0.251940481126824,0.103757119755448,33120,14492,33064.5851670873,14611.3730916061
1448,4,97352.8103597961,46239.8505547011,0.214910661468185,0.102076527962306,29065,14214,28958.9313702315,14240.8381686726
1449,4,95775.6186574356,45054.7316968219,0.211428940593731,0.0994603253408932,27951,12957,27907.8125393323,12920.1713691698
1450,4,95871.5672860438,45520.8093751358,0.211640751461491,0.100489212558137,28252,13343,28289.0833808783,13219.0165641714
1451,4,119873.53705958,45281.9350508508,0.264626167922567,0.0999618868563922,35561,12880,35319.5510538585,13109.1308048497
1452,4,102299.542839729,51696.1885048576,0.225830793567499,0.114121636816671,31225,15608,31197.149868312,15511.2743925038
1453,4,116375.002251688,45978.3011924976,0.256902996635014,0.101499146105224,33400,13573,33360.8790837355,13461.1278502776
1454,4,106140.298282123,44632.7510307842,0.234309432135939,0.0985287842407463,30256,13072,30168.6105046194,13093.9683057414
1455,4,94146.5397629777,39175.3077559532,0.20783267643353,0.0864812353329709,28308,11853,28173.5155321731,11864.0178295453
1456,4,113553.999707899,40332.0347236206,0.250675507973427,0.0890347615931862,35252,11987,35204.4423913805,12120.183075385
1457,4,89218.8153013022,49678.9186764923,0.196954505380453,0.109668423893782,26258,14909,26166.9673870953,15024.0585318098
1458,4,95313.3396123349,50779.7115157567,0.21040843902836,0.11209847307625,29337,14918,29283.0421364528,14981.5626200326
1459,4,103725.283907825,36914.5503490723,0.22897818042664,0.0814905127443141,31399,11496,31614.8470641868,11403.4417953456
1460,4,87900.8095635598,37944.5129983561,0.194044949057731,0.083764201130166,28328,12321,28467.3119558845,12300.0280417929
1461,4,111091.817502012,42344.7816143638,0.245240131176736,0.0934779899299851,32902,12663,32783.9806600542,12706.0891641966
1462,4,99251.4013841482,45882.2758932398,0.219101885649522,0.101287165983593,28886,13859,29044.9057368309,13840.3409268925
1463,4,82937.7479187537,40876.1451324609,0.183088769600244,0.0902359095358437,25569,12844,25468.4791349261,12700.9589850301
1464,4,99599.9377835328,44393.0260418665,0.219871295262461,0.0979995806589664,30573,13477,30659.9338559017,13275.1221744427
1465,4,92283.4427092498,47064.1416832636,0.203719806771973,0.103896187312941,26807,13394,26750.9943647925,13560.7178753858
1466,4,107318.899521576,46697.5828090424,0.236911246824616,0.103086992284726,33777,15050,33733.126306176,14984.4501115454
1467,4,105172.37606388,49406.281277561,0.232172700762663,0.10906656470216,31111,13728,30915.2453522991,13746.512605735
1468,4,108609.089590382,48554.7439955809,0.239759398820248,0.107186758255291,31246,14333,31269.760396086,14187.2088752686
1469,4,109221.895268283,44128.8926273837,0.241112194626578,0.0974164943914764,33267,12958,33277.4412371043,12921.740077107
1470,4,119648.339708086,46221.5554425441,0.264129034746939,0.102036140688012,33758,13185,33659.532645296,13258.0493054648
1471,4,109456.597590469,41248.2765243342,0.241630310448018,0.0910574061447756,33314,12442,33166.8691609459,12562.4088881848
1472,4,116696.60345814,41003.8179987068,0.257612945610827,0.0905177530700472,35827,13188,35871.9158176019,13070.5767910801
1473,4,99578.9334838954,45690.9093015007,0.219824927336234,0.100864715715732,30060,13965,30071.2405411142,13890.4860964285
1474,4,81806.1809521416,37080.0382994513,0.180590785162081,0.0818558347596675,26979,11930,27028.6320718298,11888.7817060855
1475,4,97366.3935826428,46610.9371462458,0.214940647037128,0.102895718128015,28640,13964,28612.3108536946,14045.3321391876
1476,4,89338.9146002287,50458.7212080521,0.197219629927744,0.111389872686608,28504,15853,28550.8308011889,15820.6579196265
1477,4,100065.649542993,47094.244662738,0.22089937469755,0.103962640979836,29098,13647,28996.3732847863,13681.6003000035
1478,4,104487.595126935,50263.4197126328,0.230661016368799,0.110958735943753,31333,15048,31223.3813966222,15289.4271629586
1479,4,104853.282070112,44494.2210122168,0.23146828657043,0.0982229730596055,32029,13702,32002.2418930802,13582.7814040059
1480,4,106074.71178667,47098.0620470796,0.234164647028358,0.10397106802566,31060,13608,31136.9714172633,13656.8215141407
1481,4,86110.8327194844,41589.6160478222,0.190093495513131,0.0918109283338827,27985,13621,28107.5106192241,13410.88101864
1482,4,107279.140615591,49772.2691401679,0.236823477270218,0.109874499196824,34067,15676,34092.4227857849,15655.0037141422
1483,4,108423.038251571,45483.1605155709,0.239348682209776,0.100406101025119,31247,13422,31345.5436199557,13366.259474412
1484,4,99279.0219626027,43977.8266233816,0.219162859305689,0.0970830094645858,29186,13593,29300.8892828225,13395.9867864623
1485,4,90604.1528135162,41502.7070359999,0.200012699591861,0.0916190728224778,29343,13310,29408.3355033272,13328.3508498984
1486,4,106695.101308927,53786.9679163597,0.235534184508616,0.118737125415813,31107,15975,31210.0980226012,15899.4691651915
1487,4,92115.5438059229,40735.4937362924,0.20334916247069,0.0899254153192384,30198,12360,30275.700740643,12359.6487051512
1488,4,98442.201833514,49250.9787731921,0.217315541628801,0.108723727512168,30261,15062,30434.3744935994,15110.2821317465
1489,4,106960.082193245,49030.6311400439,0.236119141603484,0.108237300305621,31490,14387,31244.3045547694,14586.6460559116
1490,4,109947.182316122,41538.2211571252,0.242713298062929,0.0916974718253858,32519,12330,32440.5558320738,12278.4175192298
1491,4,97968.065885675,41765.6697124172,0.216268865422955,0.0921995746335856,32144,13333,32186.4955567231,13459.1924778637
1492,4,93175.0680632334,38481.5028022676,0.205688109421874,0.0849496300205468,28874,12431,28879.8651558065,12417.5955066949
1493,4,116048.367827279,45282.3064965094,0.25618193660656,0.0999627068392143,35034,13470,35128.5783356038,13578.9233127083
1494,4,92831.9652948362,41815.5580478799,0.204930694791158,0.0923097053543549,28926,13716,29164.7624648006,13604.0411406728
1495,4,109542.399333697,43121.2903564076,0.241819721614724,0.0951921675358674,31633,12879,31674.2083206353,12875.5602286818
1496,4,92587.8989929943,44309.5225425008,0.204391907567892,0.0978152429678688,26837,12994,26970.189465293,13066.6951330965
1497,4,100325.849777426,41197.3373716787,0.221473778295039,0.0909449556982877,30159,12481,30313.5249964868,12232.2431982548
1498,4,91328.958112081,39082.2863049568,0.201612739545248,0.0862758863400608,28814,12372,28986.6316223541,12249.8840818083
1499,4,102236.63086098,48753.8586824346,0.22569191257457,0.10762631278794,31578,14754,31443.2352515742,14791.2249098329
1500,4,107195.969246433,53069.882778708,0.236639872771336,0.11715412806122,32868,16441,33065.2756942346,16180.1516576526
1501,4,106567.736714673,45175.9515334545,0.235253021498553,0.0997279235250391,30653,13266,30850.4546491694,13042.481430746
1502,4,105284.424956986,38471.274347768,0.232420053680829,0.0849270502520309,33375,12133,33222.2244181582,12185.1121734081
1503,4,106511.700736342,32131.0190812833,0.235129319582558,0.0709306545839294,31365,9676,31132.2243937821,9674.77705691391
1504,4,110806.003655721,44366.857789761,0.244609184391162,0.0979418130778492,33655,13207,33664.8078788135,13193.5004130803
1505,4,106663.330477233,48334.8934201957,0.23546404898372,0.106701428325877,30059,14086,30078.4494068769,14062.9597112054
1506,4,100942.557379713,48478.9557248172,0.222835187773102,0.107019452274692,30567,13958,30450.4271402753,13954.0817499281
1507,4,107938.858363775,63045.7238171233,0.238279833559479,0.139176241119321,32024,18765,32079.3338916657,18814.651809915
1508,4,109949.564091096,43567.9408027088,0.242718555937181,0.0961781682738521,31593,12372,31493.1846075606,12383.9377022278
1509,4,105190.096240922,49169.1450320795,0.232211818842102,0.108543075886725,31888,15019,32015.4846664699,14921.4842061405
1510,4,112376.817463024,42740.9139724149,0.248076825778434,0.0943524697398959,34918,13344,34973.5469560056,13251.1713999805
1511,4,93162.0641947551,42585.632589909,0.205659402803483,0.0940096791773564,28688,13357,28450.3108944826,13464.8178261858
1512,4,92016.3911254345,40482.9962056067,0.203130278515812,0.0893680157830749,27632,11965,27874.4590109391,11877.5539441682
1513,4,104213.008846892,48155.2948603073,0.230054854935389,0.106304956512052,31069,14524,31095.7678646739,14490.6269623707
1514,4,93443.6302848389,47113.3099182609,0.206280972478187,0.104004728379885,26561,13897,26575.3716019608,13882.4149159914
1515,4,107002.57359779,40568.0774264394,0.236212943270059,0.0895558363645261,33562,12596,33459.2128840624,12536.1254583002
1516,4,103171.688895655,52846.1387075974,0.227756094800029,0.116660203066715,29990,14967,29949.1792670981,14961.0421290385
1517,4,112699.533783871,48748.4218502297,0.248789236418902,0.107614310738887,32222,13837,32287.0336349109,13739.6073955894
1518,4,111817.067572478,42299.9077667851,0.246841152983889,0.0933789289143849,33980,12636,34063.1369605982,12578.5250598916
1519,4,83768.1455460927,38327.3201577588,0.184921909318691,0.0846092649710344,27666,11814,27781.352619545,11683.3307540887
1520,4,110014.325180529,41287.6315978502,0.24286151892424,0.0911442842210242,33108,12480,33047.5463541252,12300.710623578
1521,4,92498.9983942044,39213.3250672305,0.204195655539622,0.0865651602395417,27883,11568,27876.2505461817,11588.2418276248
1522,4,106985.276922021,47418.7755569127,0.236174760088525,0.104679057371681,32445,14326,32397.0403623809,14247.7789592094
1523,4,99553.6966874276,44756.2992643092,0.219769215984891,0.0988015224646554,27613,12785,27636.6892912803,12889.3385075753
1524,4,88569.7588245809,48346.473038506,0.195521684322418,0.106726990848637,26667,14121,26481.448064239,14289.3279365163
1525,4,97711.1967137118,46959.2277035686,0.215701815294115,0.103664585033662,30369,14279,30290.0248191633,14322.6411522562
1526,4,95485.5311033866,44221.3193559621,0.210788559408084,0.0976205305081814,26974,12871,27082.949636037,12755.8316126562
1527,4,103552.651845086,42696.3027875869,0.228597087465311,0.0942539885640074,31538,13768,31708.4093655835,13706.429094027
1528,4,99968.4165878629,45520.7959928098,0.220684728621836,0.100489183016057,30624,14142,30592.8346344322,14107.9371472195
1529,4,98980.3536985452,44733.6848538424,0.218503535820821,0.098751600147116,28824,13215,28817.4654550669,13136.3156752042
1530,4,106666.311142357,52787.7832706551,0.235470628934633,0.116531380842609,31568,15569,31630.2691208765,15587.5795901029
1531,4,108691.424421937,43010.1251131665,0.239941156625143,0.0949467653141039,32260,12962,32422.9006046142,12909.0180575465
1532,4,93347.2449121955,36031.0224117043,0.206068197478533,0.0795400855019609,30640,11700,30794.5173708962,11577.3255656107
1533,4,95312.2341218562,38421.7610909196,0.21040599860893,0.0848177475339953,28711,11987,28770.7728600825,11966.5370545156
1534,4,102888.237535979,41299.1480193441,0.227130363308797,0.0911697072339999,31059,13052,31167.737295945,13022.3480794767
1535,4,92841.8622773343,42781.4272425286,0.204952542820479,0.0944419045866784,29451,13991,29534.3203910324,13961.4250594671
1536,4,119499.73630091,43221.3130256958,0.26380098611214,0.0954129720297396,34598,12643,34818.9881973562,12606.3528079954
1537,4,115140.283896619,50568.1958145712,0.254177300916172,0.111631542752568,34100,14734,34117.717306658,14644.8755351163
1538,4,93373.6121581644,35527.2748304359,0.20612640434746,0.0784280402974797,30045,11917,29993.66675917,12004.3390820239
1539,4,96147.472558106,40905.2429777707,0.212249824628484,0.0903001443243385,26102,11467,26063.2345121244,11547.4188281707
1540,4,96174.8705124652,44798.8758425173,0.212310306832053,0.0988955121558819,28016,13488,28009.6532602933,13418.0488649227
1541,4,83197.1585522312,37435.6667326405,0.183661430118482,0.082640900352855,25868,11455,25856.7580364777,11472.7852627541
1542,4,98517.129000533,38092.7428432957,0.217480946684562,0.0840914251097056,31389,12093,31317.5123098767,12066.2234862888
1543,4,91373.8893525625,39441.4942337948,0.201711927258235,0.0870688538291953,29073,12375,29031.4694653473,12476.1371067738
1544,4,100997.289463618,44820.4997422737,0.222956011284124,0.0989432478769464,31280,13518,31152.3298692482,13580.3077513779
1545,4,100732.643240729,43617.0370594958,0.222371792969256,0.096286550445694,31027,14087,31108.1502862118,13966.6144571926
1546,4,111421.467183284,56077.4027310725,0.245967847518906,0.123793362203025,32478,16314,32496.0412920423,16344.6607626323
1547,4,104719.502606122,50235.3212476083,0.231172962449938,0.110896707331715,30019,15070,30033.1529293008,15000.1994596371
1548,4,118332.331521965,46346.6087498463,0.261223888108322,0.102312201429267,35147,13764,35026.9386351693,13816.3988441211
1549,4,110567.034023544,50881.8650156854,0.244081648293004,0.112323981473592,32461,15403,32733.9573241861,15364.5028046878
1550,4,89593.1276271722,42274.2083061661,0.197780816498243,0.0933221962113372,29047,13949,29157.8733728131,13684.1654767872
1551,4,127370.505685,46853.4330967164,0.281176059809004,0.103431038730742,35563,13071,35551.0965663809,13055.4083035113
1552,4,94731.4847716003,45321.2339144478,0.209123968572514,0.100048640846743,29257,13757,29295.3937875896,13818.8405138226
1553,4,89130.8568789902,50508.0948367352,0.196760333248689,0.111498867169255,27252,16124,27150.4803866527,16022.2127625129
1554,4,112286.833609141,37512.4709710409,0.247878182416336,0.0828104491272272,34344,11246,34287.6482816522,11385.2191343582
1555,4,95533.3279038997,45370.3001265295,0.21089407297237,0.100156956693561,28099,13663,28165.810133853,13537.4845173876
1556,4,95277.8271716701,47645.4919959441,0.210330043735143,0.105179544000654,30921,15503,30962.1102418226,15431.1913980257
1557,4,101602.936832532,41040.4971541262,0.224293004804791,0.0905987239380081,30397,12510,30703.5694251451,12344.2055488018
1558,4,97070.2375946103,53430.7626253221,0.214286869513392,0.117950786383252,28075,15938,28175.4157200677,15831.6401158425
1559,4,82243.8049309367,45182.4531713361,0.181556859571332,0.0997422761800122,27071,14644,27003.5333409385,14780.6785808528
1560,4,117416.28684583,41286.1097314552,0.259201678718012,0.091140924633228,33954,12538,33894.42966211,12477.3655757279
1561,4,111963.684799884,45828.2488086394,0.247164817038455,0.101167898789911,33725,13969,33963.2926249996,13845.3814523866
1562,4,95240.6559085633,42094.9204172513,0.210247986517562,0.0929264102175123,29372,12990,29299.6563726364,12850.5291103504
1563,4,95071.8926400452,45487.01899311,0.209875434091651,0.100414618786005,28172,12877,27990.0386983646,13018.4092644549
1564,4,107878.996691803,45409.9365851536,0.238147686254511,0.100244455939958,30094,12745,30156.5599530518,12738.3165131352
1565,4,106334.573221403,60398.6469221024,0.23473830271043,0.133332701067795,29643,16265,29843.1994726264,16281.284351201
1566,4,76980.8620016455,36472.8150046962,0.169938678832398,0.080515362312571,24284,11374,24176.3655075424,11418.4800845905
1567,4,101781.681367479,44826.3651610821,0.224687591320551,0.0989561960500012,29288,12595,29246.9285476748,12549.4797051971
1568,4,112176.637318507,43297.7053989795,0.247634919200576,0.0955816115935371,33397,12931,33203.7773969153,12862.5208464248
1569,4,109459.416225036,49756.3640993177,0.241636532709265,0.109839388111308,30062,14179,30082.1510045834,14290.4420357181
1570,4,91574.9585086516,46533.0164822166,0.202155796368703,0.102723704794382,28469,14541,28469.1811342147,14723.1684862545
1571,4,93544.6032103515,45714.9630544039,0.206503874704965,0.100917815445756,27706,13251,27733.060516369,13185.6083034793
1572,4,120830.985606694,47772.1576864148,0.266739778200705,0.10545916414951,36790,13623,36894.4122529688,13591.0899843291
1573,4,95174.1620983493,44616.9387985076,0.210101198472267,0.0984938780342868,28954,13909,29169.069151697,13651.4459300137
1574,4,118830.175786608,46149.2884047823,0.262322901478632,0.101876607985974,33746,13855,33661.2836150362,13916.9553290021
1575,4,102016.43208903,45452.3565624566,0.225205813985743,0.100338099927718,30002,12605,29900.8988688573,12652.2856754764
1576,4,102858.965118875,47525.9936097828,0.227065743145298,0.104915745995035,30076,13701,30124.3932363811,13667.7129724222
1577,4,97525.872656848,44598.4012647014,0.215292704190909,0.0984529556034133,29780,13502,29641.7814311174,13422.9850557319
1578,4,78860.3710933733,38986.9207187567,0.174087778798242,0.0860653625643648,24949,12528,25069.2534900018,12400.9731648012
1579,4,108543.758036564,44891.7971086897,0.239615176507673,0.0991006399863346,31029,12710,31036.0981801682,12845.1069478824
1580,4,103160.134999764,44121.4505283976,0.227730589060655,0.0974000656267607,30236,13226,30302.0121068185,13220.6711861962
1581,4,99968.9342030593,39511.579131055,0.220685871280418,0.0872235693589622,32795,13249,32853.3201497012,13062.0790857589
1582,4,100248.719272842,38127.434040948,0.221303509273546,0.0841680074724234,29505,11503,29331.6535460594,11666.5649040275
1583,4,97978.3608218892,39037.1698825638,0.216291591952814,0.0861762898297626,30031,11850,29871.3931160588,11902.7658500023
1584,4,91306.0856725962,47052.4705922828,0.201562247617168,0.103870422860189,28722,13995,28724.129614713,14043.4092226698
1585,4,105278.610171313,45304.8271205157,0.232407217282673,0.100012422118968,32733,13838,32840.8173930754,13925.2464136566
1586,4,99794.4653506781,43852.6361187887,0.220300723524208,0.0968066458542064,29528,13174,29571.0879682184,13097.4460671776
1587,4,86945.4721870051,39097.1374741498,0.191935999282559,0.0863086709569922,28499,11971,28661.3062593624,11958.1632959461
1588,4,96217.4908628812,39701.3317083833,0.212404393152376,0.0876424566181815,29677,11842,29505.4459437706,11831.130444947
1589,4,90747.388450499,44740.5479671108,0.200328898635073,0.0987667507750928,28226,13889,28214.2897221746,13996.6905704858
1590,4,107403.208894358,41883.4824813608,0.237097363517144,0.0924596515641794,33209,12836,33233.9714565151,12887.8206748267
1591,4,85238.9647310484,42570.5675118391,0.188168808126961,0.0939764223470592,28886,13507,28984.3446363173,13467.0640231061
1592,4,90532.6596990642,42050.5687807483,0.199854875359971,0.0928285020061022,27679,12940,27830.1122976062,12855.8899956706
1593,4,96350.4192001625,42649.6787110453,0.21269783837278,0.0941510638400795,30335,13240,30373.022270061,13335.5992103822
1594,4,121249.770273788,42322.4695886529,0.267664263990949,0.0934287351402517,34854,11962,34854.3997388288,12095.523324058
1595,4,103084.201176313,55158.919376242,0.22756296176602,0.121765769320964,30310,16208,30245.2335897488,16426.9134716921
1596,4,99937.7372991972,39949.1983897651,0.220617002726753,0.0881896333484147,31251,12689,31375.9579292556,12599.7329935624
1597,4,101403.995945312,44279.378831909,0.223853833942569,0.0977486993852186,31227,14273,31327.5634767635,14318.3694953275
1598,4,101389.672354839,40368.507358446,0.223822213979141,0.0891152765577449,31885,12357,31864.7957683606,12494.5077478784
1599,4,91644.0476020658,38308.4476092849,0.202308313617163,0.0845676029803726,27584,11621,27731.5702913475,11554.6959632452
1600,4,94040.4556450439,41730.7777243564,0.207598491022013,0.0921225490171048,27495,12948,27554.6995826054,12786.4652701781
1601,4,91406.3738619274,48570.798248672,0.201783638258352,0.10722219873347,25928,14198,25947.7125023673,14299.6689080857
1602,4,99658.1088544104,48603.5046502038,0.219999710490275,0.10729439957042,29679,14239,29741.9326818383,14260.5125656158
1603,4,104308.703945375,45578.4888340911,0.230266106124115,0.100616542530753,31646,14175,31604.670031583,14145.9014372925
1604,4,87419.2283102944,49475.9303096002,0.192981837008809,0.109220318040054,25758,14877,25902.7719102787,14861.0260363395
1605,4,98730.2447300084,42715.343619098,0.217951409141902,0.0942960220469633,27151,11976,27301.7134931959,11870.0518127339
1606,4,110760.393124589,41142.2314377738,0.244508497113831,0.0908233068967527,32944,12528,32590.4711486769,12695.8952733578
1607,4,111905.313377354,48260.84549102,0.247035959525453,0.106537964226785,34293,14844,34364.3991026191,14961.1295709766
1608,4,105184.754123202,37945.2333706531,0.232200025879491,0.0837657913840709,32512,11826,32536.3001548933,11878.7758523688
1609,4,110468.11976662,38456.9019252168,0.243863290668755,0.0848953224896176,33287,11131,33238.2210704469,11259.897439493
1610,4,102099.33454506,42424.2333504743,0.225388824846929,0.0936533831733768,30897,12829,30859.9684368416,12715.4506992042
1611,4,97310.0646399104,51114.3608339703,0.214816298389178,0.112837226339472,27831,14534,28004.7399033262,14499.6099414047
1612,4,108843.028684708,50934.6886578444,0.240275829782222,0.112440592014526,33036,15555,33094.1758214617,15573.5180978597
1613,4,80388.6412871332,34772.3838015967,0.177461503265252,0.0767615847555734,25549,11204,25778.3898390155,11159.0491546894
1614,4,101641.095922059,35993.8056189037,0.224377242693158,0.0794579277755538,31566,11173,31583.1552157091,11011.6498033342
1615,4,98917.6558717431,48510.515031136,0.218365127577845,0.107089120847909,29442,14251,29418.8103041861,14416.6338481841
1616,4,113781.054744699,45013.8909702092,0.251176742072044,0.099370167619316,33246,12703,33165.1465967134,12619.1358698356
1617,4,114255.248561055,38535.9027896332,0.252223546025218,0.0850697204136788,34187,11380,34314.8978685995,11317.7371812604
1618,4,103723.731279364,45711.9352013009,0.228974752930216,0.100911131325279,30408,12981,30092.584498766,13301.002742705
1619,4,117614.866754205,40973.2572593297,0.25964005270337,0.0904502888777942,35801,12215,35753.9069754028,12262.2392754363
1620,4,93016.0506461423,55686.9835526658,0.205337071396718,0.122931494491439,28503,16299,28408.8588199591,16198.716319718
1621,4,109715.639900972,40372.5742237639,0.242202157876899,0.0891242543439264,31847,11628,32061.556755078,11612.6736170838
1622,4,113379.231247245,35224.1498995385,0.250289698818621,0.0777588785222223,34528,10614,34538.8411833467,10715.2357765768
1623,4,99740.9912506308,46972.3139215815,0.220182677068537,0.103693473442316,30231,14545,30109.6682026582,14633.5806465022
1624,4,103540.124385487,42562.6914407126,0.228569432540724,0.0939590355695303,31257,12757,31079.6226560402,12780.4618852112
1625,4,96166.3562182556,47723.3865672573,0.212291511148664,0.105351499733455,29123,13719,29160.2808197727,13675.9204989209
1626,4,108753.353142351,42038.951444496,0.240077867031539,0.0928028562193063,33686,12165,33602.8768836607,12339.7979412752
1627,4,110119.380282775,47360.0873338336,0.243093432737831,0.104549500507368,33884,14761,34043.8547249962,14675.7876183019
1628,4,94024.9395124101,36471.7309917872,0.207564238468693,0.0805129693058315,28777,11354,28769.6020282784,11284.752719364
1629,4,93507.9594295182,46533.327030103,0.206422981927977,0.102724390342662,28468,14260,28295.9932558785,14413.1896841978
1630,4,112551.636764106,47845.160240833,0.248462747165746,0.105620320537301,33523,13919,33621.5642847131,13942.5452122313
1631,4,98615.2638156952,41120.0639148027,0.217697583656434,0.0907743711032484,27896,12255,27790.6958772746,12303.3330121978
1632,4,88568.4873968156,44318.0384444305,0.195518877589043,0.097834042200371,29141,14318,29170.2017044575,14307.0437718196
1633,4,93025.5665518975,42792.3552598637,0.20535807818217,0.094466028671287,30550,13559,30615.830785567,13430.3191412129
1634,4,100360.684892595,45872.3410912727,0.221550678362079,0.101265234466111,30933,14101,30820.8127655433,14064.347744431
1635,4,116671.846541858,42822.9127511685,0.25755829361635,0.094533485693276,34725,12540,34601.9435194253,12528.0315441714
1636,4,75771.4823702785,34701.6472207297,0.167268919473806,0.0766054306052417,22992,11133,22866.6977722432,11102.3727361677
1637,4,91075.0034272345,35092.1112679029,0.201052123276425,0.0774673973666266,29168,11246,29172.5406065982,11176.2281114432
1638,4,100675.267748168,43566.1974915598,0.222245134015984,0.0961743198369061,31492,13099,31170.7309240726,13346.2039524607
1639,4,94465.2127056581,36554.3517634031,0.208536161136749,0.0806953583361365,27819,11369,27723.6756120972,11370.521185526
1640,4,105619.947997383,40194.9130222211,0.233160735724656,0.0887320593348694,32371,12146,32368.8998295392,12254.354761567
1641,4,99997.366970278,43946.3704862631,0.220748637879428,0.0970135686419696,31186,13308,31240.426622718,13314.4050687491
1642,4,93416.8160943386,45439.0410484868,0.206221778959316,0.100308705338034,28847,13927,28697.4441013262,13971.9957152687
1643,4,101493.289478304,53642.3171928955,0.224050953390576,0.118417802506215,29766,16037,29722.1725780256,16052.8985126677
1644,4,108250.541200556,44541.9832197697,0.238967887292835,0.0983284102583923,33298,14388,33537.330450106,14275.4803817559
1645,4,97889.5870813,52784.8603807094,0.216095619969668,0.116524928432973,30152,15948,30116.6848996801,15928.1662402185
1646,4,100746.81905797,44903.0517110775,0.222403086716696,0.0991254850219816,30575,12782,30385.999063815,12919.5418073771
1647,4,112066.404783587,52634.0857978051,0.24739157597394,0.116192086831125,32529,15019,32537.2905481113,15149.7911216653
1648,4,95529.2685758578,47976.8927417669,0.21088511182506,0.105911125895749,28795,14802,28762.609187405,14828.0834608587
1649,4,98505.3686106612,52393.4359541163,0.217454985100534,0.115660841591278,27145,14222,26972.376114592,14290.0289049745
1650,4,106825.476708074,42145.0868850927,0.235821994004472,0.0930371549278854,34326,13769,34182.1629517639,13817.6922059671
1651,4,105087.580154298,49631.9364442378,0.231985510018495,0.109564708525179,33158,14303,33387.8468599429,14324.55990206
1652,4,99227.8037178742,38306.7545980997,0.219049792751029,0.0845638655828353,31453,12504,31635.8010967822,12416.1506791746
1653,4,87179.3855606196,41245.8165071955,0.192452373464917,0.0910519755474611,27988,13049,27836.5137465562,13133.2746994983
1654,4,102304.768985234,42187.4597550853,0.225842330516288,0.0931306949241605,29881,12516,29983.8596509718,12506.5706915018
1655,4,120297.729057835,49573.5629749826,0.265562590636998,0.109435846493939,34736,14597,34698.2688612078,14578.6165001413
1656,4,93607.0332614108,48018.9141966609,0.206641691821071,0.106003890127554,29453,15228,29635.7485994461,15249.4552311745
1657,4,102937.381696381,43909.5021858021,0.227238851230002,0.0969321802279116,33018,14130,33234.0603027623,14008.4766477562
1658,4,99758.4811738383,44900.2244278347,0.220221286852391,0.0991192436683976,30367,13564,30474.5895201384,13434.0151020094
1659,4,105857.310926885,45660.90514516,0.233684724955154,0.100798480205302,31018,13828,30945.6495059473,13868.3901241167
1660,4,97717.8572416658,56719.6550137501,0.215716518705994,0.125211162699893,27432,16073,27338.2353697005,15926.6858059541
1661,4,109564.077622469,43870.6007390408,0.241867577401961,0.0968463035529122,30916,11947,31112.9924119864,11913.6209195026
1662,4,107083.822477633,45541.0022147995,0.23639230378822,0.100533789150359,34241,15230,34268.1531298859,15262.5667948637
1663,4,116016.008075875,44795.642560013,0.256110501015195,0.0988883745408595,35362,13736,35493.1142454633,13762.2474517393
1664,4,92403.0316936584,43656.8745964198,0.203983804777255,0.0963744935813872,28177,13417,28000.4377014052,13504.328220467
1665,4,96736.6746005727,50710.2941135902,0.213550514359134,0.111945231071609,27909,15629,28204.2251243821,15452.2119400688
1666,4,108061.649289876,45878.6991868345,0.238550899993544,0.101279270245025,29920,13637,29794.975564615,13689.1879229355
1667,4,98847.0496303783,42788.0261005254,0.218209261157765,0.0944564718593826,30667,13337,30730.9465231399,13203.2790418168
1668,4,106429.714067338,43296.4784736615,0.234948330361989,0.0955789031012942,32158,13104,32260.476550693,13047.6993503323
1669,4,97724.1958265333,44270.6997030328,0.215730511414182,0.0977295398219678,28680,12479,28594.5476712264,12537.4306421597
1670,4,102574.634514025,47438.8134317336,0.226438070681215,0.104723291872116,28608,13153,28655.5736947063,13269.1730710446
1671,4,99317.6492717138,42354.8724018728,0.219248130809625,0.0935002657924925,29148,12847,29180.0996641094,12879.121316624
1672,4,102990.314932691,49121.2854485527,0.227355703704901,0.108437423726142,30486,14361,30393.407411895,14346.4572553094
1673,4,100454.036336027,45194.2560221698,0.221756755827976,0.0997683314985029,30788,13681,30858.6901519241,13712.435892967
1674,4,99161.9691750203,39807.1234823281,0.218904460067772,0.0878759966673322,29752,11961,29792.9185671144,11917.5533902521
1675,4,104522.076767299,37603.2676792282,0.230737136124477,0.0830108869013763,32989,12432,33079.0893398094,12408.7347557371
1676,4,99734.9717696075,39382.6859783445,0.220169388796287,0.0869390319880804,33178,12230,33181.487544877,12363.5484079502
1677,4,97356.823561832,44053.2959688654,0.214919520790283,0.0972496114034363,29303,13103,29344.3351829387,13112.6381270658
1678,4,111060.622941994,44683.2406247915,0.245171267797211,0.0986402422665113,33433,13871,33594.4893952017,13862.8230034734
1679,4,115198.802953639,42039.1105401359,0.254306484338883,0.0928032074300119,34785,12628,34881.8998991735,12590.3625076065
1680,4,92390.3472859306,46548.7252381728,0.203955803382688,0.102758382572259,26951,13706,27062.9179273338,13803.7969834981
1681,4,96984.7336746393,45961.9915169144,0.214098115804781,0.101463141770527,30004,13919,30102.544488087,13870.5325912347
1682,4,92481.3555620162,38016.660131181,0.204156708202388,0.0839234691367198,28209,12174,28321.4941115835,12066.7273656408
1683,4,102584.410114199,43520.2446720546,0.226459650753653,0.0960728769427597,31669,13285,31714.6982942611,13197.6352761168
1684,4,96135.0985540367,49605.2995105002,0.212222508463807,0.1095059063085,28567,14781,28572.9158172428,14767.0369671699
1685,4,86799.2137083094,42667.4953631366,0.191613127181737,0.0941903948924851,27314,13396,27141.8337023317,13482.5107911004
1686,4,113133.197540378,49691.0631628253,0.249746568461206,0.109695233387842,34674,15386,34468.0099457993,15460.9709648752
1687,4,80547.2889163197,38733.2877438231,0.177811724967151,0.0855054564844922,24479,12330,24554.2361768764,12225.5623625885
1688,4,84273.2914734589,45076.2291046152,0.186037041434416,0.0995077818253197,25582,13590,25515.7443198172,13606.8487494482
1689,4,103252.916279494,44665.0531671144,0.227935407864806,0.0986000926442727,29693,12802,29603.1117735478,12841.5843655709
1690,4,108423.257513823,50580.3877117651,0.239349166240955,0.111658456908213,32198,15148,32391.8123648701,15030.314606456
1691,4,91615.5304471073,35175.4441650584,0.202245360728462,0.0776513584457527,27471,11725,27544.3307308854,11712.3247315317
1692,4,98256.8858631197,49373.9276231866,0.216906448376836,0.108995142570259,30440,15418,30457.4022732046,15392.7367955239
1693,4,102294.982956086,42691.5521210938,0.225820727421424,0.0942435012562998,31334,12539,31198.7718499232,12564.2191538013
1694,4,90563.43423098,41563.2899340414,0.199922811508768,0.0917528122660917,27412,12874,27466.117889462,12849.5418733327
1695,4,119037.949067853,47944.6789477296,0.262781570243741,0.105840012511765,35560,14592,35628.7994544284,14563.7183347328
1696,4,112471.414733836,47199.3907031056,0.248285653463716,0.104194755543377,32334,13238,32157.3314185537,13343.3653465919
1697,4,105713.216404584,42693.2709619242,0.233366629884378,0.0942472956739284,32177,13028,32197.2459768125,12930.5277030419
1698,4,127565.636484236,50957.0240979255,0.281606819732438,0.112489898492524,34812,14428,34881.6533509476,14361.0655014563
1699,4,121443.563569014,47286.5026774355,0.268092071314756,0.10438705910355,35712,13905,35548.7432077938,13899.5866700445
1700,4,94896.9616549995,48213.4959109793,0.209489266157017,0.106433437921595,29152,14887,29006.2988700017,15189.4161086873
1701,4,87039.3231206411,42020.1819650587,0.192143179395312,0.0927614217581298,26372,13067,26422.2232213537,13014.3592422063
1702,4,104737.181496593,46242.6179899197,0.231211989387434,0.102082637198714,31773,13862,31542.8305537395,13963.9266528553
1703,4,94549.8285195293,45823.79618437,0.20872295431162,0.101158069423676,27289,13199,27214.2187476232,13285.4793572284
1704,4,100980.600311886,49332.1716702676,0.222919169238939,0.108902964445879,29642,14494,29712.4770731893,14451.956018371
1705,4,105925.641573352,43721.9249108633,0.233835567898223,0.0965180950455269,30384,12705,30408.408849746,12721.2836101435
1706,4,101458.040165091,39643.8071385475,0.22397313896292,0.0875154685701901,29256,11251,29138.1763440438,11274.4381622346
1707,4,102137.705610614,43695.861268086,0.225473530681809,0.0964605583941571,29523,12619,29409.1962985228,12837.7470677646
1708,4,106523.681425344,41985.7392827929,0.235155767486719,0.0926853880041875,30604,11898,30430.2307122847,11905.4165643236
1709,4,98644.9476720128,40692.7504814336,0.217763112090308,0.0898310576818875,30744,12069,30627.2189650273,12108.1816078185
1710,4,85771.6844399065,41921.6312386324,0.189344810592475,0.0925438666436326,26298,13288,26441.8541486848,13272.326705395
1711,4,100360.701100115,46055.4157650028,0.221550714140901,0.101669379955944,29441,13530,29241.6380248946,13625.9136812888
1712,4,104308.682010843,48713.1014318344,0.230266057702659,0.107536339343376,32814,15773,33040.391913375,15713.216862198
1713,4,119217.346166784,42428.8059192603,0.263177597323538,0.09366347732247,33317,11928,33521.9331406884,11842.9532594351
1714,4,86375.8455249858,40162.7899523662,0.190678523075431,0.0886611462285564,27228,12635,27093.9016169488,12530.8661130235
1715,4,107282.882753978,50474.7128748385,0.236831738207248,0.111425175002734,31014,14936,30893.8160578519,14847.7400108557
1716,4,95171.9779968467,43295.8907422844,0.210096376970999,0.095577605658123,28914,13021,29044.2479099712,12908.8721464864
1717,4,98816.087152024,53163.9424148692,0.218140910108841,0.117361768894085,29022,16482,28999.7899092599,16351.4336517148
1718,4,119156.972393144,54133.954882702,0.263044319531347,0.119503114586355,34485,15340,34516.7440036757,15397.5885201549
1719,4,100209.976153191,43885.2151193728,0.221217982112689,0.0968785654478948,29126,13397,29090.4629193464,13410.6176700713
1720,4,83711.1088679865,44639.6782846898,0.184795998313406,0.0985440764620342,25715,13869,25855.1391239983,13873.9855395199
1721,4,93916.5571011065,46074.765249492,0.207324979472279,0.101712094804085,29882,14995,29664.6577015,15039.9892229076
1722,4,96236.6353243027,43957.0257843149,0.212446655402971,0.0970370906866234,29648,13444,29590.7720639345,13278.3930343997
1723,4,80585.813175594,40212.4608256618,0.177896768983987,0.0887707968919137,25957,11812,25727.141974305,11676.4956429819
1724,4,103888.19275616,43042.2876486889,0.229337808959451,0.095017765542634,31338,12793,31414.593881834,12696.4958026373
1725,4,105195.204666083,51532.7367813852,0.232223095917992,0.113760809862835,31184,15179,31193.5839199173,15117.880417635
1726,4,113001.132939463,48914.3003019322,0.249455029977268,0.107980494803291,32670,14696,32661.7309580233,14677.3742353096
1727,4,83199.1971836392,43095.3228228887,0.183665930488042,0.0951348430499626,26180,13631,26002.5021885767,13708.7773596754
1728,4,95459.5762402507,55129.6957603807,0.210731262892613,0.121701256888379,28222,16723,28123.2151653838,16742.5085977137
1729,4,116567.540422579,42851.2273225658,0.257328033215994,0.09459599136975,35092,12519,35277.320278363,12460.5584237427
1730,4,119110.064780632,38507.2032893075,0.262940768889145,0.0850063649894644,35994,11794,36020.9793830196,11933.0642196824
1731,4,104892.403632676,42075.1808347,0.23155464916086,0.092882834210538,31055,12144,31009.2604165639,12179.2531866974
1732,4,99504.01169701,40347.3366727491,0.219659534157358,0.0890685413268868,31519,11928,31272.139608781,12210.5193030142
1733,4,108942.14130252,46251.7222245269,0.240494625296958,0.102102735201785,32392,13388,32402.1261999724,13358.7190801474
1734,4,93662.047313761,43341.5619794331,0.206763137789985,0.0956784269466858,29467,13380,29460.0025730315,13495.3635647298
1735,4,107927.964278913,51057.4534591262,0.238255784382315,0.112711600776893,35506,16159,35264.4295225558,16302.6464352543
1736,4,99826.7130399681,49102.9633638826,0.22037191173347,0.108396976908825,30199,14510,30162.4324977121,14583.0410433547
1737,4,92391.2011697108,43685.1218824091,0.203957688369134,0.0964368507223287,27764,12878,27837.2127411423,12736.1830442736
1738,4,110838.62487914,44070.5271868758,0.244681197193638,0.097287650084054,30563,11617,30437.6404949586,11861.6728650571
1739,4,94616.5755612293,41420.5077966117,0.208870301376689,0.0914376143433254,29537,13338,29416.3825251346,13308.35778526
1740,4,123639.874930945,49187.4973675265,0.272940526391072,0.108583589483979,36349,14568,36289.0219037502,14548.8386977603
1741,4,100560.678833992,43572.2581954667,0.221992173888262,0.0961876991105068,28825,12407,28698.6294144216,12349.0188611225
1742,4,87103.75520474,34880.1152924756,0.192285416088452,0.0769994068161813,26879,10851,26896.1223634321,10801.9827123776
1743,4,100312.030963763,51236.5705145024,0.221443272648883,0.113107009648079,28711,14802,28571.1490359724,14715.644166637
1744,4,115175.311164615,50918.3499963936,0.254254625169132,0.112404523692236,36466,16404,36516.3817663557,16182.0188863036
1745,4,95739.6529204531,49707.0741108169,0.21134954462872,0.109730578268086,27601,14210,27534.623164406,14264.6455523071
1746,4,114776.242171846,42607.102658722,0.253373662607389,0.094057075309767,33840,12786,33839.0331467372,12763.6337320116
1747,4,103195.411944959,45171.6849167937,0.227808464487141,0.0997185047788785,29372,12597,29627.655415905,12631.6520937663
1748,4,87962.4798143999,44886.8890111807,0.19418108888104,0.099089805142653,26474,13404,26666.2250391037,13270.8927267217
1749,4,128209.251572075,40385.1160040537,0.283027628682349,0.0891519408820766,36130,11789,36279.7777495973,11854.5043511644
1750,4,109188.660665778,52442.8974795669,0.241038827762472,0.115770030109951,31140,15562,31306.7762598085,15587.4056479468
1751,4,79135.8728740836,33017.9048026694,0.174695961240118,0.0728884942839374,25324,10546,25295.7554091829,10478.4898561749
1752,4,93617.7395568299,31847.5269109655,0.206665326444683,0.0703048330013896,29848,9912,29864.7506194919,9964.71852498417
1753,4,86961.9699879379,39785.7693854179,0.191972418912338,0.087828856548058,26136,12201,26203.5129663354,12233.5788083472
1754,4,99382.8721943921,44136.5687383194,0.219392113314125,0.0974334397479855,29590,13328,29793.2750672333,13187.9277005222
1755,4,102631.15952171,44814.5631060789,0.226562852151275,0.0989301424883417,29712,12834,29949.426509081,12811.8076323589
1756,4,101815.418076339,45223.9851819218,0.224762066606782,0.0998339599417248,29275,13070,29198.7807383772,13077.0772753981
1757,4,114217.867385792,38589.3893247471,0.252141025417208,0.0851877943203128,33529,10782,33261.2080680182,10903.7903224898
1758,4,95385.9062648413,40730.9039110863,0.210568633143281,0.0899152830758297,29262,12141,29304.9924730521,12332.5272071766
1759,4,100417.027915111,47236.3034510541,0.221675058091779,0.104276242077242,28984,13881,28822.9604877325,13924.6374778347
1760,4,114622.154252033,44483.4187368546,0.253033506666856,0.098199126555998,33356,13679,33337.8652378386,13652.2394363145
1761,4,103844.49694314,53380.0072113611,0.229241348507567,0.117838741548109,32101,15968,31997.2274640164,16121.3504242999
1762,4,117241.865661814,43778.0314003335,0.25881663619184,0.096641952618001,33475,13066,33553.2818534161,12908.1481742444
1763,4,103966.51463622,40342.617767079,0.229510707995328,0.0890581241326095,33149,12747,32931.5784096498,12764.9562651457
1764,4,89634.2154595895,30778.9244077915,0.197871519716881,0.0679458454184435,27787,9314,27689.1176337271,9370.01036517452
1765,4,116648.401430356,48096.8533412432,0.257506537489308,0.106175944257831,34144,14132,34149.1129122956,14365.5738606353
1766,4,106896.56960326,43083.2517086932,0.23597893473452,0.0951081955281622,30798,12813,30877.6040323768,12786.9603352657
1767,4,102261.19743052,38332.6900251038,0.225746144370144,0.0846211191921795,31948,11784,31840.4184584744,11731.9186651219
1768,4,91863.256664031,38080.9454911877,0.202792227377152,0.0840653819298965,27654,11720,27721.952453733,11749.7206073009
1769,4,98455.4397662605,38145.9350120941,0.217344764954481,0.0842088491895974,30949,11926,31025.2811026502,11899.2969691044
1770,4,110778.230355484,50913.0342115935,0.244547873594863,0.112392788860716,32265,14772,32291.1314671955,14758.3748101423
1771,4,100034.607610602,44337.8671049206,0.220830848250305,0.0978778148508595,28061,13120,28136.2442765319,12925.0695483891
1772,4,97521.8370316028,49858.1093295694,0.215283795368578,0.110063995235168,29437,15372,29354.1415296983,15258.2219912397
1773,4,82146.8622677141,41175.5741977555,0.181342854327922,0.0908969125233018,27215,12973,26988.5179714394,13018.8081234048
1774,4,89022.9697938326,42362.1498184556,0.196522167706786,0.0935163310134739,28538,13868,28539.7203865999,13798.279239935
1775,4,116066.697277126,47984.8202464487,0.256222399682834,0.10592862621514,34010,13640,34004.4415651506,13600.9056842715
1776,4,97575.9454720767,43456.1155290992,0.215403242158971,0.0959313090056761,28485,13011,28480.8922394024,12921.6666461548
1777,4,88275.4450311196,37969.9929482161,0.194871973525183,0.0838204492534441,27830,12363,27922.612292924,12306.7709717999
1778,4,82946.8568148563,48216.6440363635,0.183108877893774,0.106440387548485,25364,14912,25218.3809673439,15024.0791105252
1779,4,100881.505396422,53593.5685392391,0.222700412802923,0.118310187683754,31232,16772,31245.0900702467,16901.803647401
1780,4,105336.415463169,53645.6622825842,0.232534825037018,0.118425186940573,30043,14969,30114.4810747802,14943.5448774622
1781,4,85101.1949725532,35622.7569190063,0.187864675253764,0.078638821257343,25059,10159,24857.2067316647,10166.0327024607
1782,4,91031.485279,41795.1356178281,0.200956055027462,0.0922646219311338,25744,12350,25831.7696461279,12267.1846053443
1783,4,98717.9883375932,51056.0668236708,0.217924352610186,0.112708539717414,29165,14923,29225.1603817991,14871.9979086568
1784,4,94491.5919861624,45661.6630232098,0.208594394572448,0.100800153254825,28029,13829,28000.4808632203,14018.8073563052
1785,4,113556.738895224,46108.9279415777,0.250681554851353,0.101787510467244,33586,13892,33753.466852775,13928.5608482583
1786,4,121380.480865639,51958.3279102111,0.267952813439618,0.114700321220267,34834,14941,34541.5197831783,15093.7750635482
1787,4,84477.9051526739,40124.4110438764,0.18648873523743,0.0885764230800464,26490,12277,26628.9762634693,12353.3332086663
1788,4,97925.7386202965,53738.3460793522,0.216175426100895,0.118629790546747,27909,16262,28068.7544664554,16179.8731677514
1789,4,117677.481575337,39030.517070881,0.259778277707634,0.0861616034518953,34906,11430,34808.2197810071,11489.2267225783
1790,4,103876.697400816,44000.1267741227,0.22931243245094,0.0971322380397947,30909,12250,30788.8095340466,12379.5148736644
1791,4,84648.5268143584,37987.8425076979,0.186865390148961,0.0838598529503786,26788,12325,26719.452245967,12346.3394168549
1792,4,89885.701556242,36324.5310383086,0.198426686467403,0.0801880188575265,29485,11969,29614.3606318897,11930.0189116492
1793,4,100863.758460957,43143.7198364016,0.222661235653074,0.0952416816111579,29726,13370,29930.4958043009,13336.6395510395
1794,4,91600.4664558568,43864.1584710382,0.202212106297367,0.096832081959589,29201,14347,29174.119662124,14437.919529293
1795,4,112583.40990341,44587.3875355676,0.248532887784795,0.0984286423061943,33701,13256,33866.467781542,13063.9815683268
1796,4,116069.440647788,52056.318608005,0.256228455795661,0.114916640046634,33392,14747,33396.9253502225,14833.9002349766
1797,4,97671.8241408735,48560.4178061904,0.215614898587334,0.10719928344472,29814,14489,29778.6259579332,14465.8111400912
1798,4,87460.1204978074,40498.5909853433,0.193072108332614,0.0894024419533751,26311,12217,26440.895341428,12107.4113386137
1799,4,91215.0670610984,39403.334992852,0.201361319981586,0.0869846156065713,26782,11868,26812.0365041886,11924.4293332545
1800,4,98980.9688720936,39546.6703542484,0.218504893843806,0.0873010347958649,32046,12839,32058.7396327925,12875.9897760432
1801,4,100332.001822467,51630.0114054666,0.221487359208258,0.113975547924614,30140,15118,30086.4829538612,15321.5289563112
1802,4,91872.5080158248,41456.948953247,0.20281265014796,0.0915180598183786,28248,13232,28166.1646074299,13145.6262596453
1803,4,104534.440956008,43744.1118895232,0.23076443062131,0.0965670737883301,30630,13511,30702.5446746748,13465.4568567779
1804,4,94034.1090415084,38510.6994127366,0.207584480612259,0.0850140828375261,31204,12830,31060.0623377299,12825.6342259662
1805,4,113957.271110295,45645.0866786005,0.251565747541446,0.100763560236385,34315,13548,34240.9788052978,13582.4165320494
1806,4,96895.9930765856,48129.4555345642,0.213902216985257,0.106247915050518,27931,14103,27976.1318722916,14058.6723084812
1807,4,90177.6306911729,42269.8817481197,0.199071133024806,0.0933126451419002,26767,13152,26721.9499779633,13037.7175147118
1808,4,91330.8097968269,37740.2538555104,0.201616827221732,0.0833132899819654,27624,11079,27517.0308472177,10965.3538015518
1809,4,93689.5627877092,45588.7689726921,0.206823879423277,0.100639236394223,27551,12834,27552.1167059953,12970.4510433868
1810,4,107212.315908203,39891.7633411709,0.236675958754687,0.0880628429225481,30381,11875,30570.5694796104,11821.5413322805
1811,4,104888.113231791,48701.9884077572,0.231545177909965,0.10751180684815,30396,14337,30506.3757606829,14319.2667362763
1812,4,86281.5779528549,42861.2305773066,0.190470423214659,0.0946180739997761,27232,13115,27095.2993565319,13057.7260530341
1813,4,96793.5680968728,39158.7576253153,0.21367610928421,0.0864447001830392,30937,12404,30853.3202193825,12233.3885175842
1814,4,103440.365694165,43817.3764466307,0.22834921078996,0.0967288085587177,31307,12753,31025.9359156298,12907.6002157773
1815,4,119123.680858946,48753.2451088966,0.262970826987995,0.107624958297049,35960,14591,36095.318588742,14625.6635614012
1816,4,89032.6899984258,41546.5159970408,0.196543625491015,0.0917157830536538,27730,13382,27744.6619604025,13273.4694259633
1817,4,94381.4517198157,44616.4052531993,0.208351255032795,0.0984927002092736,30110,13848,30128.3796760639,13774.1140848726
1818,4,89026.1112125638,46226.1197636656,0.196529102528442,0.102046216630019,26707,14367,26662.0785924965,14432.1727775147
1819,4,93940.0567137475,37080.3689564586,0.207376855913013,0.0818565646997268,29343,11920,29405.6629516061,11892.7364927454
1820,4,110096.375503058,45974.2980817001,0.243042648662799,0.101490309059984,31830,13399,31687.0852515177,13508.7980262711
1821,4,103860.134244806,44428.3986586935,0.229275868546918,0.0980776672848385,29846,13102,29802.6056305865,13045.7207525872
1822,4,102659.749553831,46382.6528991633,0.226625965919555,0.102391770492996,29078,13502,29069.1900707035,13476.2825657446
1823,4,107217.436392981,47712.4111606242,0.236687262452716,0.105327271034862,31184,13451,31218.01098729,13587.6104239701
1824,4,102650.136997643,38814.4761540339,0.226604745773971,0.0856846835132495,33342,12097,33182.63578485,12195.2878658198
1825,4,102169.474045652,47274.3166086573,0.225543660915981,0.104360157814393,29333,13237,29303.852496695,13309.2610187219
1826,4,87152.7901527916,40968.3652174015,0.192393662918532,0.0904394894775218,27156,12484,27128.3579318341,12548.7675645322
1827,4,116894.521453113,47055.1083107132,0.258049858392893,0.103876245741014,35536,14178,35537.3659083162,14231.3999406024
1828,4,96892.7957094765,40359.5327115528,0.213895158655068,0.0890954646253197,28526,11969,28387.303770572,12031.7252083997
1829,4,104527.98693357,49259.2063517232,0.230750183079546,0.108741890257936,30152,14494,30263.7292662205,14233.4730243226
1830,4,92912.0300064282,32366.0575048993,0.205107441205205,0.0714495123642344,27341,9384,27279.2799738836,9391.02841901655
1831,4,84799.5603818371,39579.8449828593,0.187198803470783,0.0873742692649304,25837,11870,26032.6186006396,11931.0859815968
1832,4,115620.874018694,45551.1529011105,0.255238224998883,0.100556197242138,32447,12935,32603.5868471225,12850.1593993396
1833,4,78568.0127506546,44576.4485491643,0.173442384745547,0.0984044940068794,24172,13405,24270.0260284986,13311.2002205483
1834,4,98292.9711646542,43420.3367590045,0.216986108285917,0.0958523257783901,29777,12631,29767.188878687,12636.6103252214
1835,4,95270.5996154113,47689.9324337229,0.210314088583046,0.105277648244832,28827,14631,28818.1160233257,14706.1749311012
1836,4,109096.383730681,36516.2634611427,0.240835122321544,0.0806112767138112,34959,11899,34986.0433482193,11979.90574682
1837,4,94013.7395090295,38988.2329349879,0.207539513962784,0.086068259340094,27794,11729,27564.7849557735,11816.3762440297
1838,4,97393.0083982396,45803.1181819878,0.214999400427027,0.101112421813162,27966,13191,27721.3433547593,13283.4770809559
1839,4,87759.5976971584,40755.3168069823,0.193733217578144,0.089969175629994,26802,12588,26824.7243477447,12482.1003108355
1840,4,99262.5994380276,43797.3287815196,0.21912660585182,0.0966845524457819,30320,13221,30321.1260114758,13223.1224361244
1841,4,110889.682054112,51050.90951235,0.244793908179641,0.112697154723152,32523,15566,32647.3142350344,15626.2837470465
1842,4,97449.9074011627,40769.7125838407,0.215125007508218,0.09000095494808,29417,12501,29421.7565136368,12380.8544012303
1843,4,106648.524278229,41163.0010368763,0.235431363640481,0.0908691567111037,31053,12017,31099.7690579203,12009.7587265606
1844,4,125695.206440043,45692.9509554625,0.27747776216808,0.100869222757714,37120,13559,37045.7354925807,13475.9464869849
1845,4,101621.208338003,45698.760388569,0.224333339966276,0.10088204733984,30861,13422,30770.9655830618,13452.9014345567
1846,4,115279.778419748,43964.9852988936,0.254485241284058,0.0970546616692868,35389,13134,35227.6922305602,13359.8379882577
1847,4,96385.7660425176,53941.6225778302,0.212775868100358,0.119078532463775,28509,15391,28214.6296280836,15394.2764063918
1848,4,98326.2217614652,47795.4020336202,0.217059510458165,0.105510477080434,29106,13594,29067.3553236124,13613.2398341821
1849,4,91923.9394989481,38039.4247951813,0.202926187435867,0.0839737231456213,28166,11636,28206.1936085173,11581.1758560673
1850,4,80138.5005421004,40159.2319420223,0.176909306438304,0.0886532917623762,25316,13191,25468.0736341776,13051.5422044411
1851,4,97958.5297861554,45590.7717287738,0.216247814058869,0.100643657567405,30108,13762,30013.4709227339,13835.1297317562
1852,4,103809.958799809,46621.4775260928,0.229165104019076,0.102918986485617,31043,14308,30956.6517135094,14326.3185880291
1853,4,99214.4104882616,51132.0034869608,0.219020226600606,0.112876173281119,29883,15080,29836.2463419584,15187.0369100734
1854,4,103524.968016386,49633.5627095337,0.228535974181412,0.109568298578195,29155,13766,29122.1856122179,13830.3957028324
1855,4,104745.914203288,33539.9768932475,0.231231267226105,0.0740409916582356,33102,10948,33304.7455209904,10898.247799166
1856,4,96845.2998507831,46920.2657959787,0.213790309433242,0.103578574888693,28953,13783,28809.8022600149,13861.3376845435
1857,4,88532.6163285462,49488.4292764409,0.195439690609428,0.10924791006561,27241,15815,27213.2889244862,15736.3448756673
1858,4,99812.7838663379,41955.1184936025,0.220341162462776,0.0926177912492991,30775,13026,30532.6965699666,13059.2648463001
1859,4,114832.735394255,45877.9473742828,0.253498373910036,0.101277610585359,35506,14328,35409.4794679391,14428.4350921292
1860,4,89583.8917744088,42558.9337514559,0.197760427942235,0.0939507403032634,28069,13570,27984.2494138544,13676.1365253441
1861,4,107423.326214691,44443.7437140093,0.237141773397083,0.0981115421773659,30994,13527,31021.7680559576,13471.7577414607
1862,4,82390.3867589837,47422.7451042382,0.181880445480237,0.104687820324064,25845,14666,25908.483499266,14468.8118577919
1863,4,105447.305354341,39736.5623253909,0.232779619406834,0.0877202297731327,32065,12096,31953.7614568974,12172.8296594995
1864,4,114003.751405363,46843.3983318194,0.251668354861372,0.103408886540644,34765,14648,34625.7373433867,14739.0254560365
1865,4,117702.090702665,43812.0048856518,0.259832603451418,0.0967169505988005,34634,12967,34687.6863692538,13067.5234988526
1866,4,92842.4437417643,39274.86632623,0.204953826429085,0.0867010153076213,28511,12749,28705.5834653697,12620.9012746679
1867,4,105015.967999353,41061.9843574209,0.231827422999419,0.0906461578955499,31072,12497,31306.1451089671,12370.0228019614
1868,4,103065.030478481,52896.3906557928,0.227520641597381,0.116771136478774,29942,15716,29920.1273315284,15851.1910196334
1869,4,94466.4306294986,41822.4508900823,0.208538849757829,0.0923249216102764,30110,13194,30023.2130227422,13256.8606605146
1870,4,94531.7486547449,38809.8493053874,0.20868304220548,0.0856744695389487,30012,12787,30124.6207335079,12873.7793004853
1871,4,97375.3693029435,41785.9453205028,0.214960461339148,0.0922443339407822,30302,13517,30491.9350941559,13409.2247425551
1872,4,87426.001455455,39964.5498719524,0.192996789028184,0.0882235224285472,28145,12461,27935.082631024,12509.2876437416
1873,4,113256.63900377,37060.4541717958,0.250019070985293,0.081812601926294,34520,11400,34624.8742367496,11364.3070868246
1874,4,97409.365319548,42224.8818579206,0.215035509058765,0.0932133058816062,29179,12607,29103.5205956908,12726.8234046018
1875,4,107993.935535684,42765.6326599782,0.238401418867626,0.0944070373427747,30950,12194,31074.2462118395,12181.683591482
1876,4,92524.6070543304,48137.0388021724,0.20425218779654,0.106264655451249,28430,14482,28310.15589392,14600.7996739685
1877,4,106806.016327243,40981.4042947607,0.235779034347721,0.0904682738210846,32942,12333,33052.46107789,12439.4822027598
1878,4,86786.4848259328,39637.4231076065,0.191585027607403,0.0875013755377722,25750,11686,25575.8201945351,11650.6054662733
1879,4,87455.2308694277,50103.9994188071,0.193061314260357,0.110606808550277,25502,15291,25532.1394383778,15308.7594779654
1880,4,109051.851006275,43047.2873106123,0.240736814350529,0.0950288025188354,31174,12823,31153.8281265328,12788.2695901929
1881,4,91960.7820615544,46092.513404141,0.203007519032465,0.101751274645338,27781,13854,27723.713297246,13872.1927814633
1882,4,97955.7787394242,41451.9817288273,0.216241741000777,0.0915070944494105,30492,12959,30504.5618074976,13034.5629398563
1883,4,86925.0410475023,48799.4294967775,0.191890896632837,0.10772691238869,25507,14371,25320.2770512785,14456.444520391
1884,4,111475.854223495,54144.2667149574,0.246087909330617,0.119525878414977,33056,16553,33097.2130833632,16424.3035622413
1885,4,103700.672775091,44618.3859832305,0.228923850255834,0.0984970727589681,30149,13441,30179.4978790319,13476.3815371497
1886,4,105960.360185644,45579.4490947511,0.233912210779978,0.100618662348896,32810,14424,32853.297328303,14375.4192140818
1887,4,92486.9262147128,49367.1622360641,0.204169005666133,0.108980207677098,28632,15467,28633.1863320246,15474.1744898161
1888,4,102448.711762703,34924.6004888062,0.226160090603594,0.0770976098668546,29890,10328,29889.5639305065,10251.7825602607
1889,4,117045.961682454,46573.1803903665,0.258384169438873,0.102812368409081,35268,13922,35232.9305668865,13854.0441474576
1890,4,107189.186412134,49026.3071302799,0.236624899362758,0.108227754861631,30922,14460,30951.3953649265,14566.4870081991
1891,4,87216.6674768399,38926.474087743,0.192534674954171,0.0859319239362791,27328,12396,27260.476163666,12425.8340764999
1892,4,93999.9765587824,45425.9134317864,0.207509131637606,0.100279725539935,28249,13115,28255.0136533018,13227.9817494403
1893,4,91797.0706763025,37222.8974963935,0.202646118863694,0.0821712027947369,29222,11802,29213.4287513186,11717.7826760099
1894,4,117893.211051588,38373.6835056022,0.260254510127304,0.0847116141247576,35062,11647,35132.0792028413,11581.418986249
1895,4,116436.125852587,50411.5664906311,0.257037929704248,0.111285776549323,33626,14153,33505.0458388368,14195.6295818583
1896,4,87470.5837318159,43295.2958979584,0.193095206387344,0.0955762925128001,25301,12902,25697.752695763,12641.2191103694
1897,4,96015.3036355839,39992.1409706597,0.211958055849957,0.0882844310068603,28824,11925,28824.2311116773,11849.6563068492
1898,4,95698.1451140564,40553.324960368,0.211257914298832,0.0895232696391283,29837,12369,29834.6352960956,12434.6381854512
1899,4,104804.47848836,38183.039252792,0.231360550491752,0.0842907584522287,31849,11267,31730.0958563134,11292.2896053386
1900,4,107548.652398142,47815.5272858812,0.237418436524578,0.105554904470457,31933,13780,31940.2412852356,13891.8693247039
1901,4,99285.0063761499,51615.5668674227,0.219176070164925,0.113943660964041,28744,15253,28674.3173680072,15273.377757627
1902,4,95742.272684725,40248.515976371,0.21135532787494,0.0888503902417062,29836,12059,29720.4174778966,12158.9362261989
1903,4,110085.476937797,61251.8865841207,0.243018589594953,0.135216265594361,32349,17671,32263.9726764041,17738.2598006917
1904,4,99056.9644529032,49929.2705004236,0.218672657470558,0.110221086686793,28601,14293,28464.9648210029,14460.7942972338
1905,4,106132.04237253,40671.3171764623,0.234291206848091,0.0897837427072934,28657,11200,28716.5942437356,11169.6497230799
1906,4,88877.4976345349,49114.5157145535,0.19620103144103,0.108422479237058,25396,13963,25224.1744048491,13991.7204136141
1907,4,92661.6602182368,53344.6842367117,0.204554738755291,0.117760764509554,26512,15025,26802.785741195,14990.3626432972
1908,4,91178.4412831251,39502.9451086139,0.201280466946712,0.0872045093701741,27077,12395,27046.2206302257,12338.1369922382
1909,4,85709.7759603819,39855.6346269813,0.189208144868744,0.0879830871780988,29790,13405,29841.939520797,13432.8022427229
1910,4,90839.6416476815,39098.8350168207,0.200532551673499,0.0863124183579857,27527,12262,27481.8282201617,12171.4235825569
1911,4,101368.845828051,43866.5634421596,0.22377623849439,0.0968373910403706,30048,13039,30172.0192431377,13140.5495437491
1912,4,129896.145736434,53643.063591412,0.286751522623874,0.118419450214158,38662,16146,38536.6025114677,16272.7510528181
1913,4,108754.251598796,39104.3066664251,0.240079850414126,0.0863244972679983,31944,11739,32022.9247253247,11819.5324135214
1914,4,103634.81165805,44668.181957055,0.228778458908877,0.0986069995873105,30943,13221,31138.0330268202,13288.2110402236
1915,4,113389.049176771,47031.2859005055,0.250311372334988,0.103823656710285,32073,12838,32062.9204746767,12909.0836617124
1916,4,108574.318774766,47182.8002546128,0.239682640697332,0.104158131389987,30431,13380,30408.1001957395,13395.2170052321
1917,4,94536.5859489118,55585.0708663303,0.208693720747633,0.122706517700821,27208,16309,27219.3838122072,16204.9321416784
1918,4,89495.2844549013,35816.6010288873,0.197564823341033,0.0790667407567624,27886,10844,27754.922715955,11063.9687653381
1919,4,108051.175833981,47086.0529126569,0.238527779373546,0.103944557326966,31271,13583,31221.741768563,13675.7495865366
1920,4,90591.4136931218,44156.1229359904,0.199984577416647,0.0974766065095861,26853,13768,26865.3953592659,13782.8070861288
1921,4,92929.3589248525,43696.2077679973,0.205145695563835,0.0964613233081319,30087,14479,30212.3181197399,14429.5890729644
1922,4,97912.8949411449,39237.307108557,0.216147073107571,0.0866181016630691,29056,11405,29064.5910006045,11350.3595346053
1923,4,89996.2737690266,36390.6856379135,0.198670779548042,0.0803340580803049,28072,11624,28225.0182470708,11511.7642883715
1924,4,97440.5617848417,43408.6154863456,0.215104376644271,0.0958264505473509,29482,13050,29702.566872957,13091.6711463858
1925,4,93873.2193385958,41709.1827947253,0.207229309432828,0.0920748772488813,28713,12647,28775.0884926657,12569.4675643568
1926,4,87476.3512492522,42816.8248727815,0.193107938438763,0.0945200464308012,26011,12416,25864.2015240127,12467.5101506281
1927,4,116906.482903984,54417.9843051789,0.258076263828022,0.120130122176946,33684,15854,33848.9612236911,15741.5772248753
1928,4,89716.3660381162,39489.197331259,0.198052870775016,0.0871741605398308,26233,11804,26008.3578303732,11978.5747580591
1929,4,97014.2894551282,49877.9461851651,0.214163361505563,0.110107785976717,28719,14931,28646.0214348622,14823.8308557476
1930,4,126746.132967367,48890.0789905863,0.279797729247684,0.107927025180547,35800,13756,35852.3139129572,13552.2445676979
1931,4,98288.438427778,40413.6374296139,0.216976102067538,0.0892149031983212,29784,12943,29789.65474845,12938.6110963035
1932,4,116163.741360862,35431.9237697047,0.256436628816541,0.0782175485874026,35319,10771,35197.720641371,10712.8577835818
1933,4,100132.714315784,41015.7247949738,0.221047423168144,0.0905440378527078,29261,12269,29277.8095532528,12250.5786356028
1934,4,114038.023135536,40171.244683917,0.251744011230962,0.088679810424725,34113,11726,33915.4519426335,11707.8127538314
1935,4,104807.065120014,52902.3266999112,0.231366260596245,0.116784240560344,29495,14232,29631.7372414454,14221.0887578052
1936,4,113042.522316501,45199.7125431982,0.249546398869078,0.0997803770115107,34499,14223,34868.8714663368,14167.9700839528
1937,4,101047.796106917,43208.3336374574,0.223067506946959,0.0953843194525673,31205,13428,31167.9362979405,13485.6022666046
1938,4,102669.535706997,42652.7350838856,0.226647569288192,0.0941578109191456,29879,12194,29903.9885944446,12081.5359430069
1939,4,80328.182473585,39902.7997034453,0.17732803774368,0.0880872061834321,25083,13105,24970.9111098226,13098.4933574924
1940,4,111705.325509433,45828.8483048242,0.246594477406738,0.101169222204419,34389,14351,34379.2065714522,14277.4568572217
1941,4,108208.4591689,38014.292194449,0.238874989335131,0.083918241811001,32332,11027,32478.3164174113,10975.3867362306
1942,4,102484.602931804,50528.9174240477,0.226239321956689,0.111544833957438,30429,14087,30382.3266223729,14068.7274121593
1943,4,107652.970774056,44617.9654559657,0.237648723982005,0.0984961444263158,33029,13044,32916.4019778639,13164.5040059231
1944,4,81176.1683743622,42842.9912980264,0.179200004358492,0.0945778099790425,25248,14240,25283.1973840945,14062.638252763
1945,4,105631.478189441,44201.9137626154,0.233186189136764,0.0975776917972401,31279,12920,31496.415135439,12846.8526810758
1946,4,92604.0245243579,31019.8495967502,0.204427505396029,0.0684776984952277,27434,9441,27516.7826192583,9367.70834777497
1947,4,97023.0895236296,40548.5144878426,0.214182788048419,0.0895126503069427,28512,12045,28571.7829234449,11872.4507144779
1948,4,104026.470529173,37216.3096231642,0.229643063297306,0.0821566597713959,29761,10486,29837.5994933336,10595.9658025878
1949,4,90991.8710499876,48186.337634436,0.200868604853921,0.106373484817471,24863,13245,24981.101883745,13398.3476844792
1950,4,104438.127198022,48638.724250983,0.230551813714198,0.107372148406557,31981,15301,32007.0855184521,15359.3849155892
1951,4,98919.9281056522,47495.7402672384,0.218370143635323,0.10484896039497,28352,13218,28357.3364158642,13378.3122562896
1952,4,101519.894119182,48892.0001529441,0.224109684319329,0.107931266231951,29651,14251,29583.4395695432,14180.6875053897
1953,4,87389.3080305104,31676.3216654599,0.192915786659611,0.0699268898026011,28103,10633,28175.1258011703,10739.5489219611
1954,4,78637.382308029,44706.8442292751,0.17359552113068,0.098692348273866,23825,14099,23918.3947143987,14116.1632896009
1955,4,104859.227016687,39042.5539183026,0.231481410304567,0.0861881753282676,29794,11570,29648.8943576652,11724.9716023722
1956,4,95580.6127926823,43902.6550264867,0.210998456468729,0.0969170648189961,29304,13177,29338.2482838277,13211.7299532697
1957,4,102904.378562669,42450.4565682562,0.227165995343558,0.093711272093671,30816,13446,30917.5458749734,13311.1727964776
1958,4,91625.5514879401,42770.6550675318,0.202267482622077,0.094418124530967,27238,12765,27425.6782122247,12634.5994018978
1959,4,91691.1589683391,41222.9412835171,0.20241231405486,0.0910014774731498,27940,12403,27873.2051028702,12357.7115182735
1960,4,76916.3158732613,45438.5386824679,0.169796190381422,0.10030759634269,26032,13885,26064.9706153267,13867.6550413922
1961,4,104149.318522589,42742.0703335585,0.229914255710011,0.0943550224585832,32263,12756,32003.1200962332,12789.9028673259
1962,4,103056.400346763,47323.9973635771,0.227501590197539,0.104469830291875,31121,14527,31281.8976188205,14548.9058930744
1963,4,89519.2327432814,42807.8532919982,0.197617690253429,0.0945002412669501,28810,13845,28847.1653629407,13917.8937870065
1964,4,105017.83711181,48772.3122866268,0.231831549148352,0.107667049940455,30861,14287,31122.2377512148,14226.3365880919
1965,4,105365.964591073,44502.779544329,0.232600056051923,0.0982418664001328,32733,13525,32799.1689548863,13483.4885109867
1966,4,102309.028380677,37669.3569326984,0.225851733321288,0.0831567818696541,30778,11288,30630.03794638,11240.8156739943
1967,4,81743.5815578315,38438.6641646801,0.180452594213212,0.0848550618215777,24223,11096,24509.9621103017,11032.2722820519
1968,4,114126.97072041,42473.4759695931,0.251940366983103,0.0937620884465799,32215,12226,32360.2267303961,12184.9987134614
1969,4,91992.8496109437,46013.2275240298,0.203078309574879,0.101576247536446,26743,13893,26960.2258262049,13864.3443036677
1970,4,106982.27247304,43765.0047996434,0.236168127633689,0.0966131958172405,32813,13797,32735.7447873649,13655.849324465
1971,4,101128.546580904,36956.8376322253,0.223245767212012,0.0815838638038316,30191,11723,29952.1629240916,11808.2909672518
1972,4,112301.674803916,48119.1186486019,0.247910945014296,0.106225095914722,31912,14129,32036.5067641129,14167.0954926184
1973,4,86665.3097322222,41285.8898453491,0.191317528195249,0.0911404392248629,26359,12757,26393.4533916101,12603.9663620833
1974,4,98856.6222453039,46895.9408635107,0.218230393131234,0.103524876517711,30313,14591,30509.9069764067,14485.3498186468
1975,4,110387.266920079,46214.9673279132,0.24368480441173,0.102021597131766,33482,14141,33354.3607388215,14191.5321795506
1976,4,109122.069535735,41061.1849949304,0.240891824879325,0.090644393267277,32232,11621,31881.2538674872,11652.5502253141
1977,4,107499.122468183,51472.8569227074,0.23730909699991,0.113628622409904,31472,15167,31644.6207865087,15158.1528414717
1978,4,109024.661263032,48634.3584606191,0.240676791782265,0.107362510730033,33193,14601,33296.6769404818,14681.3379606867
1979,4,88375.7554274575,36564.6903629341,0.195093413189322,0.0807181812547112,26536,11342,26644.368936496,11226.4783349897
1980,4,117338.335445884,40768.8123983289,0.259029597533474,0.0899989677485008,33462,11309,33591.0397147914,11226.8606414326
1981,4,97533.4566415176,41023.0682709146,0.215309446174585,0.0905602489026618,28541,12528,28517.7023914305,12466.3699037969
1982,4,95377.3420072181,37630.185955466,0.210549727163434,0.0830703101941447,28722,10774,28681.2744488159,10817.563312151
1983,4,96908.5167875993,49772.1542828405,0.213929863634676,0.109874245644163,27917,14305,28043.6466281261,14332.1974565049
1984,4,85616.8637444612,34734.7656340327,0.189003037017124,0.0766785409765134,25553,10324,25536.2581171171,10469.9738924703
1985,4,111161.974215175,40446.7102940047,0.245395005243304,0.0892879130183419,33821,12783,33817.1574145671,12725.4718913521
1986,4,94187.1001586801,39894.4502090307,0.207922215312147,0.0880687743029252,28130,11576,28173.634032412,11460.3655324897
1987,4,105606.085922045,45871.5669179977,0.233130134576428,0.101263525444153,30309,13195,30293.0668651343,13185.398888816
1988,4,108424.157639205,45608.7924479995,0.239351153307796,0.100683439107091,34243,13939,34145.3397880996,14169.312109451
1989,4,95263.1147587914,45484.5570705651,0.210297565428951,0.100409183982422,28848,14209,28780.796365003,14342.8766190119
1990,4,95380.878583355,41160.530373232,0.210557534312648,0.0908637026111542,30026,12863,30176.4344634432,12827.4686874644
1991,4,108028.384869128,44209.4052221798,0.238477467304342,0.0975942295276292,32291,13537,32389.4661555201,13485.9684221525
1992,4,89772.879669228,37180.1159396448,0.198177627130784,0.0820767606042597,26384,10958,26367.2840081739,11037.1647670228
1993,4,98550.189470822,47681.3355825465,0.217553929144051,0.105258670313265,30224,14248,30174.2761177242,14473.9524678542
1994,4,98927.2797409663,57724.3727456141,0.218386372697457,0.127429121807039,27707,15970,27627.1825563788,15885.5341944415
1995,4,107423.556773784,49565.4798235628,0.23714228236654,0.109418002577447,34491,15053,34409.1691916337,14991.1538826208
1996,4,85508.8554252408,40757.5049681123,0.188764603845633,0.0899740060930709,26143,12729,26234.7309843846,12736.2075866018
1997,4,101417.467902569,41929.3625112753,0.223883573887771,0.0925609337720651,30143,12035,29962.6450607851,12081.941383852
1998,4,98939.5543368889,51905.3790585318,0.218413469414226,0.114583434273744,29369,15070,29434.7062926566,14937.047234639
1999,4,89231.5046277761,50982.8387878914,0.196982517633371,0.112546885569483,27122,15301,27174.2786725725,15452.4797448133
2000,4,103169.012210481,39539.8104528227,0.227750185898385,0.0872858912581738,30853,11950,30917.1163326078,11908.8043855054
