"target","group","mandatory","mean","sd","q025","q50","q975","rhat","ess_bulk","ess_tail","mcse_mean","chain1","chain2","chain3","chain4","chain_mean_range","range_limit","sampled_constant","analytic_constant","diagnostic_pass","precision_label"
"z[1,1]","Stan_internal",TRUE,-1.23432140889508,0.279138186926863,-1.8117111576689,-1.21539204100898,-0.741053351089997,1.19143337580873,15.1347537225668,189.780759363286,0.0698396715804189,-1.035358060314,-1.33444698504745,-1.17139685783813,-1.39608373238072,0.360725672066725,NA,FALSE,FALSE,FALSE,"inconclusive"
"z[2,1]","Stan_internal",TRUE,-2.53744639656251,0.353622590849276,-3.26645317402679,-2.53035603609204,-1.87118807856198,1.0301315440455,101.533125305907,2094.45838807305,0.0354949367648148,-2.53650398359814,-2.52836601199183,-2.65210283000992,-2.43281276065018,0.219290069359742,NA,FALSE,FALSE,FALSE,"inconclusive"
"z[3,1]","Stan_internal",TRUE,-0.10112597987835,0.245283905572689,-0.69657174821206,-0.0757835039336525,0.276069738850118,1.0487628788078,67.0793431466588,34.7721333314614,0.0372770998768266,-0.0917411591171602,-0.0579743468279576,-0.236089781578965,-0.0186986319893154,0.21739114958965,NA,FALSE,FALSE,FALSE,"inconclusive"
"z[4,1]","Stan_internal",TRUE,-0.415007867617546,0.222169512820292,-0.927516202792747,-0.394860887406828,-0.0504603684100105,1.04931875843673,94.403394718753,73.526937009835,0.0267708489011693,-0.416200989117072,-0.388294436817674,-0.520445420565211,-0.335090623970228,0.185354796594983,NA,FALSE,FALSE,FALSE,"inconclusive"
"z[5,1]","Stan_internal",TRUE,-0.326697901464347,0.205746474388967,-0.81926606699777,-0.310686228415654,0.0127944000808373,1.03445719827132,190.877896554534,111.232947057404,0.017204760586854,-0.334610729615975,-0.305796918599134,-0.410029886570326,-0.256354071071953,0.153675815498373,NA,FALSE,FALSE,FALSE,"inconclusive"
"z[6,1]","Stan_internal",TRUE,-2.34475652507601,0.261284801167495,-2.87864500703112,-2.33415759613898,-1.85886095043034,1.08028540744131,43.9264669406971,141.772913115277,0.0403308757252762,-2.33722526772029,-2.32795440746096,-2.48050759693558,-2.23333882818721,0.247168768748373,NA,FALSE,FALSE,FALSE,"inconclusive"
"z[7,1]","Stan_internal",TRUE,0.155390539912464,0.197998166995616,-0.254096886747478,0.161671267453531,0.525130666200133,1.02049280958776,494.52522650875,456.342348286648,0.0089252994365047,0.124839210212942,0.158852292921402,0.139610651035902,0.19826000547961,0.0734207952666672,NA,FALSE,FALSE,FALSE,"inconclusive"
"z[8,1]","Stan_internal",TRUE,0.872101466419424,0.193841973230249,0.42986445457035,0.885778956463551,1.20710722660935,1.04872480784133,390.704834668523,56.3376236593563,0.0104013606243121,0.853557091117248,0.896601198721369,0.81870760939669,0.919539966442385,0.100832357045695,NA,FALSE,FALSE,FALSE,"inconclusive"
"z[9,1]","Stan_internal",TRUE,0.861536452551559,0.204727428080956,0.444187699260599,0.870335575544624,1.23297123230523,1.02867706755025,377.117713877815,163.204432580181,0.0105882665875353,0.83127077805316,0.877446808214763,0.832061236494149,0.905366987444161,0.0740962093910017,NA,FALSE,FALSE,FALSE,"inconclusive"
"z[10,1]","Stan_internal",TRUE,0.694342723582267,0.194935565588296,0.260806396671236,0.705953825787911,1.03969937714716,1.04499688244996,253.834920384475,65.2299970190499,0.0141372905208793,0.67499597891642,0.717448051828033,0.643508553574308,0.741418310010306,0.0979097564359983,NA,FALSE,FALSE,FALSE,"inconclusive"
"z[11,1]","Stan_internal",TRUE,-0.714008155160094,0.175649567949404,-1.06700796057612,-0.707168490962103,-0.400425449279013,1.0348482112809,214.485752009795,405.774431749649,0.0117592887526404,-0.736965656252303,-0.710954099703285,-0.760002684282376,-0.648110180402412,0.111892503879965,NA,FALSE,FALSE,FALSE,"inconclusive"
"z[12,1]","Stan_internal",TRUE,0.300930470428468,0.260458507693142,-0.239331679299326,0.30944069344314,0.777579703716978,1.01286882401927,732.588775460528,240.917524684809,0.0101159577057977,0.28075451058709,0.316434581245625,0.252827516691105,0.353705273190051,0.100877756498946,NA,FALSE,FALSE,FALSE,"inconclusive"
"z[13,1]","Stan_internal",TRUE,0.179851348121308,0.226406357965764,-0.336042808113924,0.196903037826874,0.576029680114762,1.03231075561441,170.507562236411,53.9142602343098,0.0208517982280156,0.168160563541326,0.207964579405426,0.0960996365428874,0.247180612995592,0.151080976452705,NA,FALSE,FALSE,FALSE,"inconclusive"
"z[14,1]","Stan_internal",TRUE,-0.822948397094732,0.201688727456778,-1.24298228200185,-0.811390731398978,-0.475433662783269,1.04139467231664,85.9408844685437,305.276716453496,0.0215523227644227,-0.838264818571087,-0.812428585773899,-0.89638072272619,-0.744719461307748,0.151661261418442,NA,FALSE,FALSE,FALSE,"inconclusive"
"z[15,1]","Stan_internal",TRUE,0.0646140947586525,0.190418355731102,-0.367754754953965,0.0786532520630245,0.383261829128559,1.03210920888034,190.553541541418,60.5923591369302,0.0160204614853613,0.0451154673869135,0.082747183732408,0.0121022635126592,0.118491464402629,0.10638920088997,NA,FALSE,FALSE,FALSE,"inconclusive"
"z[16,1]","Stan_internal",TRUE,0.00320182408178088,0.169475709391755,-0.338244934665778,0.00860729116826471,0.314057648459226,1.01661916216319,317.8992410738,423.818526787415,0.00971458118205888,-0.0273653489977776,0.00674978817904926,-0.0127237992332224,0.0461466563790742,0.0735120053768518,NA,FALSE,FALSE,FALSE,"inconclusive"
"z[17,1]","Stan_internal",TRUE,-0.724883332109839,0.250434339957405,-1.41908676816397,-0.683400311189305,-0.370520656044195,1.12259357963175,22.4579244811947,25.8592080569504,0.0613126610262568,-0.694078691207775,-0.667358966649942,-0.930654431156964,-0.607441239424675,0.323213191732289,NA,FALSE,FALSE,FALSE,"inconclusive"
"z[18,1]","Stan_internal",TRUE,0.142946487415692,0.192945496728696,-0.325730472263822,0.15760713412467,0.459554809008265,1.0373816713176,297.280348279847,60.6957285832276,0.0119830126775456,0.13150165671083,0.165682808478036,0.0682723204252802,0.206329164048624,0.138056843623344,NA,FALSE,FALSE,FALSE,"inconclusive"
"z[19,1]","Stan_internal",TRUE,-0.21585667360506,0.248864934659532,-0.794586292981324,-0.18221684926467,0.171041307397005,1.21429132718537,13.8847550475165,42.367533954734,0.0650359386194823,-0.132522133674953,-0.357615079170943,-0.322116920010127,-0.0511725615642193,0.306442517606724,NA,FALSE,FALSE,FALSE,"inconclusive"
"z[20,1]","Stan_internal",TRUE,-2.85504221675434,0.378468711306898,-3.627701861808,-2.83688667044999,-2.17228046546678,1.23379080358592,12.314342515528,120.699188428879,0.108446374005922,-2.86577030293611,-3.12534622980206,-2.84945719689196,-2.57959513738722,0.545751092414844,NA,FALSE,FALSE,FALSE,"inconclusive"
"z[21,1]","Stan_internal",TRUE,-0.354506655478591,0.242280292117186,-0.920567154922157,-0.3371337854762,0.0480006454899441,1.03934896299848,140.642629338268,67.5593198730469,0.0239992509138522,-0.355511236353031,-0.325863579606067,-0.464065963989469,-0.272585841965799,0.19148012202367,NA,FALSE,FALSE,FALSE,"inconclusive"
"z[22,1]","Stan_internal",TRUE,0.223517686203159,0.233637918937879,-0.430312307512418,0.257177155444517,0.56358541890638,1.06732869164585,53.0331455105858,30.7094880347383,0.0410593606873008,0.23333160030621,0.273332536476639,0.076671639889919,0.310734968139866,0.234063328249947,NA,FALSE,FALSE,FALSE,"inconclusive"
"z[23,1]","Stan_internal",TRUE,-0.0401039308606627,0.262162485033686,-0.764076631175248,0.00190831218167323,0.333062169069418,1.07577295317042,43.2847051079581,29.4616498815383,0.0525552202509522,-0.0187948273822069,0.0195711489028604,-0.217771563456006,0.0565795184927014,0.274351081948707,NA,FALSE,FALSE,FALSE,"inconclusive"
"z[24,1]","Stan_internal",TRUE,-0.10024949636953,0.206088932083335,-0.593063181699955,-0.0815446174954673,0.241450447912034,1.0369445108115,178.728568847573,192.273770174031,0.0124172677938939,-0.11167028682498,-0.0807653384575011,-0.181376802943962,-0.0271855572516764,0.154191245692285,NA,FALSE,FALSE,FALSE,"inconclusive"
"z[25,1]","Stan_internal",TRUE,0.486679993488459,0.195934313466183,-0.0115585802927231,0.506711375741764,0.812695719101826,1.07598050926685,110.641689636461,22.6482187229484,0.0264261238595778,0.477517079179926,0.515050505628746,0.406436388359809,0.547716000785353,0.141279612425544,NA,FALSE,FALSE,FALSE,"inconclusive"
"z[26,1]","Stan_internal",TRUE,0.28812318610536,0.200559164717648,-0.215052243206851,0.309148290492038,0.611052079283133,1.05516103733366,109.372125103203,41.9967433148419,0.0234538954923216,0.283357511877034,0.316762070214452,0.195421310506436,0.356951851823519,0.161530541317083,NA,FALSE,FALSE,FALSE,"inconclusive"
"z[27,1]","Stan_internal",TRUE,0.837670457791937,0.201572724157079,0.376872616236389,0.852558736499041,1.17563767596531,1.04378050265335,414.893413021565,56.4656781601104,0.0113542557984846,0.822259775549395,0.867561908415915,0.773116984575637,0.887743162626805,0.114626178051168,NA,FALSE,FALSE,FALSE,"inconclusive"
"z[28,1]","Stan_internal",TRUE,0.238737174633768,0.202140527875078,-0.255123559037907,0.256286037027884,0.566183172507888,1.04136167426958,312.090697731263,62.4310974378022,0.012722314960531,0.226730448540093,0.266805151788931,0.162866415982105,0.298546682223944,0.135680266241839,NA,FALSE,FALSE,FALSE,"inconclusive"
"z[29,1]","Stan_internal",TRUE,0.0852373499896313,0.214138782946768,-0.395633081095833,0.102166214403348,0.446016010917522,1.03386051450301,102.579134318228,66.8779532282731,0.0235068805588208,0.0749953199562668,0.114218600595979,0.0026631699845502,0.14907230942173,0.14640913943718,NA,FALSE,FALSE,FALSE,"inconclusive"
"z[30,1]","Stan_internal",TRUE,1.7122083118328,0.239725507949024,1.22001067671781,1.71924115209144,2.15531286523471,1.03954776544772,686.690435992443,97.3563448141336,0.00943145688023307,1.6903242306304,1.74655226425083,1.66729922449788,1.74465752795208,0.0792530397529505,NA,FALSE,FALSE,FALSE,"inconclusive"
"z[31,1]","Stan_internal",TRUE,1.12381214090666,0.249288881963178,0.49890583132928,1.15259334912593,1.50306094830827,1.1007351061778,120.205293372859,30.2078630036917,0.035922805838203,1.13733373828601,1.18625922404506,0.976141089679038,1.19551451161652,0.219373421937486,NA,FALSE,FALSE,FALSE,"inconclusive"
"z[32,1]","Stan_internal",TRUE,0.986195096491461,0.220225378405879,0.475040903102376,1.00649958430923,1.33716183879473,1.05071600503453,290.790436054866,45.9025964590065,0.0156406751439662,0.982674060764627,1.02467449718022,0.894329544734872,1.04310228328613,0.148772738551254,NA,FALSE,FALSE,FALSE,"inconclusive"
"z[33,1]","Stan_internal",TRUE,0.722724929218993,0.213495403045215,0.189128581886562,0.74723451663687,1.06081424758105,1.0700549083733,109.761482906585,31.0430055581657,0.0283850141164904,0.723748348981948,0.76567431301661,0.612817338163419,0.788659716713997,0.175842378550578,NA,FALSE,FALSE,FALSE,"inconclusive"
"z[34,1]","Stan_internal",TRUE,0.471192127801848,0.214195818633052,-0.0878459746726711,0.49641091573099,0.806219880429751,1.06331050963581,138.159394457138,79.3392784117385,0.0206287710390686,0.463800090867925,0.505156388043348,0.378185615977543,0.537626416318578,0.159440800341035,NA,FALSE,FALSE,FALSE,"inconclusive"
"z[35,1]","Stan_internal",TRUE,0.064908677948405,0.194000424042093,-0.388924128905607,0.0823128176200887,0.378923039937546,1.0426428341779,219.149986153238,55.6191017619129,0.0155193587787765,0.0519524403778299,0.0877431770282217,-0.0101288693211948,0.130067963708763,0.140196833029958,NA,FALSE,FALSE,FALSE,"inconclusive"
"z[36,1]","Stan_internal",TRUE,-0.668561696722857,0.201274428582822,-1.14200610988888,-0.652692003618939,-0.331884378579769,1.05417550764667,60.3833120750499,65.3176000111147,0.0281355268607168,-0.671324252545283,-0.648252431329866,-0.764496017093524,-0.590174085922753,0.174321931170771,NA,FALSE,FALSE,FALSE,"inconclusive"
"z[37,1]","Stan_internal",TRUE,-0.971158945851112,0.236217335285956,-1.55870687760834,-0.949897125439561,-0.590808037671597,1.06268694490698,47.2536859597805,45.6337719074594,0.0387218105140052,-0.963010645460495,-0.94114998194849,-1.10294078185403,-0.877534374141432,0.225406407712602,NA,FALSE,FALSE,FALSE,"inconclusive"
"z[38,1]","Stan_internal",TRUE,-0.77314317137558,0.271084087711386,-1.3584630903835,-0.753891112482558,-0.309322618479011,1.15183374895456,19.7269926434656,189.785946995009,0.0555023792715925,-0.58725182256223,-0.85187653942805,-0.757563602256213,-0.895880721255831,0.308628898693601,NA,FALSE,FALSE,FALSE,"inconclusive"
"z[39,1]","Stan_internal",TRUE,-0.436403594045828,0.209323615289105,-0.968645912265282,-0.416643275753653,-0.116289274199662,1.06084168176528,68.060237850185,54.4253396518621,0.0289942141984533,-0.439265536642654,-0.408532781916544,-0.541023967167865,-0.356792090456248,0.184231876711618,NA,FALSE,FALSE,FALSE,"inconclusive"
"z[40,1]","Stan_internal",TRUE,0.0527204657688487,0.219298664814284,-0.563860357867938,0.0795721890735364,0.379726747465753,1.07693940907124,126.7884902354,25.8036301055489,0.0296603970388151,0.0559149968437902,0.0921991377064255,-0.0677027384073858,0.130470466932565,0.19817320533995,NA,FALSE,FALSE,FALSE,"inconclusive"
"z[41,1]","Stan_internal",TRUE,-0.504733775710994,0.225137195265916,-1.08256811359568,-0.480352449725574,-0.160381899700433,1.04998298374752,75.0401178548375,40.5159319987364,0.0286654201937009,-0.499215078250591,-0.474141165968449,-0.624854029909795,-0.420724828715144,0.204129201194651,NA,FALSE,FALSE,FALSE,"inconclusive"
"z[42,1]","Stan_internal",TRUE,-0.361945035589965,0.253020029661073,-1.00928444019836,-0.335538983177526,0.0350607775890738,1.05985337812208,46.6345965563022,37.9646929420413,0.0421146604131543,-0.348207244773699,-0.317692387575698,-0.512157097495877,-0.269723412514586,0.242433684981291,NA,FALSE,FALSE,FALSE,"inconclusive"
"z[43,1]","Stan_internal",TRUE,-0.0828555233570314,0.262604317910762,-0.637137592130028,-0.0741035014086867,0.417997497890455,1.04996316533061,91.135670537633,49.1141206782587,0.0206896256585414,-0.141866683168033,-0.065717750064673,0.00349412622719268,-0.127331786422613,0.145360809395225,NA,FALSE,FALSE,FALSE,"inconclusive"
"z[44,1]","Stan_internal",TRUE,-0.453721729857401,0.251088438163956,-0.983555996200851,-0.447091584981642,0.0271330297709848,1.07928116093765,60.3974224070456,40.6639670820091,0.0266320043828142,-0.518523845787175,-0.440507533168613,-0.350807676040386,-0.50504786443343,0.167716169746789,NA,FALSE,FALSE,FALSE,"inconclusive"
"z[45,1]","Stan_internal",TRUE,-0.132371150466301,0.260464944657696,-0.677402240065561,-0.112067595614238,0.309337465291231,1.12224533818688,24.4022956927854,194.433296043838,0.0463476431852394,0.0379259838276968,-0.182964501557718,-0.144183426054225,-0.24026265808096,0.278188641908656,NA,FALSE,FALSE,FALSE,"inconclusive"
"z[46,1]","Stan_internal",TRUE,-0.686295986143756,0.265993176402568,-1.27528069142473,-0.66376025359072,-0.240356151511858,1.1714916397199,16.5182771496576,116.89602810569,0.0595668708054815,-0.505611481322899,-0.768178171262254,-0.649274358015586,-0.82211993397428,0.316508452651381,NA,FALSE,FALSE,FALSE,"inconclusive"
"z[47,1]","Stan_internal",TRUE,-0.412929113619241,0.24688186365698,-0.974346263369468,-0.387209252862863,-0.0138659334630086,1.18938340630147,15.7932136103811,94.9781459727751,0.0587753518877248,-0.339761278423799,-0.574455461143574,-0.480257277094063,-0.25724243781553,0.317213023328044,NA,FALSE,FALSE,FALSE,"inconclusive"
"z[48,1]","Stan_internal",TRUE,0.454886469566734,0.246041291276623,-0.13650708238784,0.486648507837941,0.844368451163434,1.15088766271605,18.5386939983479,46.211021053446,0.0547669891360703,0.528472740753068,0.340647746487407,0.35352316857961,0.596902222446851,0.256254475959444,NA,FALSE,FALSE,FALSE,"inconclusive"
"z[49,1]","Stan_internal",TRUE,-0.496632677175299,0.307464510559432,-1.17496356428414,-0.473482623564723,0.017020285874359,1.0999644987493,26.377502498795,137.065761963037,0.0584914143155905,-0.423043522650451,-0.652094324720608,-0.566535060067481,-0.344857801262657,0.30723652345795,NA,FALSE,FALSE,FALSE,"inconclusive"
"z[50,1]","Stan_internal",TRUE,1.57752189245002,0.212394924794155,1.14729607283573,1.58297704003702,1.97756243744693,1.03861588486655,547.682755653567,191.362592901093,0.00909364259251801,1.54754734777201,1.60032059005198,1.55920643660285,1.60301319537324,0.0554658476012291,NA,FALSE,FALSE,FALSE,"inconclusive"
"z[51,1]","Stan_internal",TRUE,1.74875629281766,0.224926124332004,1.27036476199293,1.76235967509513,2.12839550552628,1.04618942672823,249.036337904558,56.3715817990046,0.0184069169111499,1.74624378217326,1.79733768640699,1.656304345126,1.79513935756442,0.141033341280989,NA,FALSE,FALSE,FALSE,"inconclusive"
"z[52,1]","Stan_internal",TRUE,1.36461708002519,0.228668915415501,0.874952247955301,1.37335244840323,1.78219041660897,1.03929289657039,773.824167418843,74.6765763293377,0.00870291261843991,1.34487028837477,1.39404278513496,1.31294212251501,1.406613124076,0.093671001560989,NA,FALSE,FALSE,FALSE,"inconclusive"
"z[53,1]","Stan_internal",TRUE,0.675862347887078,0.264130342559018,0.121278545589914,0.690792192327184,1.13230298231119,1.08213799384341,32.9662262349777,109.998988863921,0.0425425392339645,0.726660568434731,0.553969372003731,0.632114072131825,0.790705378978026,0.236736006974296,NA,FALSE,FALSE,FALSE,"inconclusive"
"z[54,1]","Stan_internal",TRUE,0.367727571652894,0.252596365182373,-0.180618096915555,0.384479117179707,0.818181572547847,1.11577467342977,23.4456823276683,124.876963764961,0.0457637711142872,0.51508959228615,0.321817264710812,0.382042146740467,0.251961282874148,0.263128309412002,NA,FALSE,FALSE,FALSE,"inconclusive"
"z[55,1]","Stan_internal",TRUE,-0.567686706418265,0.24663104278465,-1.07761342225367,-0.567037552290601,-0.0821708495608192,1.07413516334156,44.6434418954891,35.3447782411234,0.0346627693001448,-0.639115222854521,-0.56577122320439,-0.436023101344145,-0.629837278270003,0.203092121510375,NA,FALSE,FALSE,FALSE,"inconclusive"
"z[56,1]","Stan_internal",TRUE,-0.229105824664365,0.252074447933844,-0.760707239671995,-0.224035670418876,0.258031593828335,1.08300424931899,94.9987509595484,39.324424128817,0.0144160359187486,-0.281861227280044,-0.218283825425792,-0.129225459450415,-0.287052786501209,0.157827327050794,NA,FALSE,FALSE,FALSE,"inconclusive"
"z[57,1]","Stan_internal",TRUE,0.0184283995853458,0.2576831549932,-0.559943857712957,0.0400748254507749,0.445922441005743,1.13784782069367,19.6506840475138,108.050646866425,0.0525603748764449,0.188577324268257,-0.0364693974917862,0.0213353092420061,-0.0997296376770933,0.28830696194535,NA,FALSE,FALSE,FALSE,"inconclusive"
"z[58,1]","Stan_internal",TRUE,0.390132321135156,0.253792733589031,-0.144998072709882,0.397824947502688,0.887136041324515,1.0604221699482,91.4943226346694,50.1449097167298,0.0195371683173593,0.335270950348586,0.410822655925117,0.473825241991395,0.340610436275525,0.138554291642808,NA,FALSE,FALSE,FALSE,"inconclusive"
"z[59,1]","Stan_internal",TRUE,0.514038125341105,0.247059623931157,0.0122823954861438,0.516072958379291,0.993008556559962,1.0719611608098,96.7458602411576,36.6016864528571,0.0172786022444175,0.461435100907204,0.537039402836969,0.594725452600641,0.462952545019607,0.133290351693437,NA,FALSE,FALSE,FALSE,"inconclusive"
"z[60,1]","Stan_internal",TRUE,-0.613808681482272,0.270016232583234,-1.16918937509547,-0.603308520381366,-0.105334844109419,1.08240295674809,33.5942710222145,42.5033110180246,0.0413368663272885,-0.693177521302476,-0.603829049653201,-0.472279087232827,-0.685949067740586,0.220898434069649,NA,FALSE,FALSE,FALSE,"inconclusive"
"z[61,1]","Stan_internal",TRUE,1.11342621873575,0.265078431588234,0.589044762056474,1.11922707385235,1.61531049962486,1.04083277495897,137.960780751391,76.0273420122968,0.0147362895505747,1.06144504272652,1.14470473856335,1.17520407287964,1.07235102077347,0.113759030153125,NA,FALSE,FALSE,FALSE,"inconclusive"
"z[62,1]","Stan_internal",TRUE,1.97101433752261,0.266802703168458,1.43637784413067,1.97777344644357,2.46356222112465,1.03097397011467,178.25036668406,169.502500712062,0.0103115891834668,1.92168331746135,2.00737054310325,2.0318106019428,1.92319288758305,0.110127284481457,NA,FALSE,FALSE,FALSE,"inconclusive"
"z[63,1]","Stan_internal",TRUE,0.827746769301685,0.2439465907126,0.322336700249827,0.844573221593188,1.24164985805523,1.09873080032994,29.4198545986722,144.184006706714,0.0377779040329866,0.963620256312142,0.795042136523079,0.82141133238207,0.730913351989451,0.23270690432269,NA,FALSE,FALSE,FALSE,"inconclusive"
"z[64,1]","Stan_internal",TRUE,1.02481304937603,0.259612068342438,0.504875327687117,1.03316403348144,1.5155719369358,1.04206148775885,111.936306078438,67.1383148943074,0.0125221501838897,0.971121362662311,1.040732608676,1.11123590942309,0.976162316742703,0.140114546760784,NA,FALSE,FALSE,FALSE,"inconclusive"
"z[65,1]","Stan_internal",TRUE,1.20317814991707,0.256649845087869,0.66577437861001,1.2180079034605,1.64656715797497,1.08842826746046,31.8277256605874,680.461964025208,0.0399413272607112,1.33696194746965,1.17449283412452,1.20640342303889,1.09485439503521,0.242107552434444,NA,FALSE,FALSE,FALSE,"inconclusive"
"z[66,1]","Stan_internal",TRUE,1.29700242458274,0.245397805943127,0.779796253576679,1.30810885684301,1.74685335692649,1.04441065535756,216.414601406101,86.0306215621496,0.0121380793442584,1.2529644211732,1.33947335109337,1.34364241784571,1.25192950821869,0.0917129096270113,NA,FALSE,FALSE,FALSE,"inconclusive"
"z[67,1]","Stan_internal",TRUE,1.32179381337294,0.264921559555438,0.781173289311185,1.33184459320447,1.80082102258495,1.04268449194528,79.4704246045955,67.8901321087812,0.0223870696218151,1.25528897437356,1.35367245007489,1.4024107465077,1.27580308253562,0.147121772134137,NA,FALSE,FALSE,FALSE,"inconclusive"
"z[68,1]","Stan_internal",TRUE,0.922768496106385,0.241468037054314,0.439421260475039,0.925184636639476,1.39029260025869,1.04775879955839,145.115684224564,80.169509565873,0.0144421460157747,0.877290775952186,0.950601501719102,0.984212248985559,0.878969457768695,0.106921473033372,NA,FALSE,FALSE,FALSE,"inconclusive"
"z[69,1]","Stan_internal",TRUE,1.34019218043463,0.275549150122155,0.803364692555084,1.35036772637119,1.81910328356572,1.03717937861974,177.913325826507,140.959953289865,0.00876696330589839,1.30188289434379,1.3783936155511,1.3804886256205,1.30000358622312,0.0804850393973804,NA,FALSE,FALSE,FALSE,"inconclusive"
"z[70,1]","Stan_internal",TRUE,0.725924664967777,0.266012058242455,0.173454366435522,0.734074974970429,1.21914493732782,1.0391038729469,82.0170252836685,64.9745811422302,0.0245132635640221,0.676051613907162,0.75219180231722,0.805892319090904,0.669562924555824,0.13632939453508,NA,FALSE,FALSE,FALSE,"inconclusive"
"z[71,1]","Stan_internal",TRUE,0.499895109029831,0.255194656135144,-0.0454904760270931,0.506374468901267,0.99280835419209,1.0581027621484,268.681332149101,60.045777471951,0.00978850000717672,0.454227590675033,0.531484256988203,0.556059883675486,0.457808704780602,0.101832293000454,NA,FALSE,FALSE,FALSE,"inconclusive"
"z[72,1]","Stan_internal",TRUE,-0.411999638355074,0.260822973411131,-0.985767958325541,-0.40070286851745,0.0710241630851381,1.08227032867656,106.192123576222,40.0738572570701,0.0113270535923051,-0.459865398384356,-0.400487085644307,-0.324926358492474,-0.462719710899158,0.137793352406684,NA,FALSE,FALSE,FALSE,"inconclusive"
"z[73,1]","Stan_internal",TRUE,0.979558190546023,0.2509397237546,0.456493627791461,0.990446296481116,1.43116173664074,1.08816691451678,34.5070165856189,228.649657070479,0.0396389072856035,1.1052552929197,0.938443406741466,1.00449909738155,0.870034965141371,0.235220327778333,NA,FALSE,FALSE,FALSE,"inconclusive"
"z[74,1]","Stan_internal",TRUE,-0.422001586446026,0.256802047938217,-0.985007781495646,-0.400639955937845,-0.000171674302481502,1.18025220001713,16.6751553977777,190.367804605107,0.0574303054956399,-0.238139521629654,-0.487514492141537,-0.406569728689237,-0.555782603323676,0.317643081694022,NA,FALSE,FALSE,FALSE,"inconclusive"
"z[75,1]","Stan_internal",TRUE,-0.544572890966897,0.265396046801589,-1.13344134875123,-0.521912443129264,-0.0926070670995416,1.16200652221058,17.7319196338025,104.844258293477,0.058390130126487,-0.354812004932239,-0.60523374626918,-0.539229132841085,-0.679016679825085,0.324204674892846,NA,FALSE,FALSE,FALSE,"inconclusive"
"z[76,1]","Stan_internal",TRUE,-1.85447736060527,0.350518415531652,-2.56759112343495,-1.84497261584766,-1.1995038640936,1.04055444110426,75.289618662179,481.621021730927,0.0380833237931969,-1.91695921992785,-1.85392715355341,-1.71200291521151,-1.9350201537283,0.223017238516786,NA,FALSE,FALSE,FALSE,"inconclusive"
"z[77,1]","Stan_internal",TRUE,-1.00697305311805,0.274820491819806,-1.61459149130686,-0.993143457906863,-0.508359889588267,1.05772412656589,50.5072267723137,43.357412019484,0.0322276682506539,-1.06920750075287,-1.0017766434933,-0.890070037245111,-1.0668380309809,0.17913746350776,NA,FALSE,FALSE,FALSE,"inconclusive"
"z[78,1]","Stan_internal",TRUE,-0.931293254489204,0.272818160746191,-1.50123259923178,-0.922430116707106,-0.417034108955376,1.0612740492725,52.1060454059385,43.1072761924992,0.0328733508116722,-0.995478298346963,-0.921416537657934,-0.806647402743686,-1.00163077920823,0.194983376464548,NA,FALSE,FALSE,FALSE,"inconclusive"
"z[79,1]","Stan_internal",TRUE,-2.12173232074976,0.325005350930101,-2.79914711917932,-2.11212382186712,-1.52175296754395,1.1067481299162,24.1418870965597,68.138737129689,0.0640224272532363,-2.22401971787043,-2.11999910974489,-1.91817815150897,-2.22473230387475,0.306554152365787,NA,FALSE,FALSE,FALSE,"inconclusive"
"z[80,1]","Stan_internal",TRUE,0.535128050192101,0.281173808557466,-0.0649837854285136,0.545568295540241,1.02979976034077,1.058681928674,48.6486349984968,134.309579100726,0.0359276691282577,0.623312523504295,0.508740594683936,0.564819008495958,0.443640074084215,0.17967244942008,NA,FALSE,FALSE,FALSE,"inconclusive"
"z[81,1]","Stan_internal",TRUE,-0.0782510387851687,0.253222405483061,-0.699100132589178,-0.0408345707767167,0.29357564023259,1.21066734017707,13.971090062621,50.7185411395271,0.0629969969303755,-0.00232802546482681,-0.224290749374897,-0.15386509162289,0.0674797113219394,0.291770460696836,NA,FALSE,FALSE,FALSE,"inconclusive"
"z[82,1]","Stan_internal",TRUE,0.821300482704069,0.210201216544042,0.339267540175108,0.837890365929295,1.16777508795115,1.0463193940739,376.723598372673,44.8216080928671,0.0123069475225182,0.807817336164532,0.852361830145881,0.755407561019222,0.869615203486641,0.114207642467419,NA,FALSE,FALSE,FALSE,"inconclusive"
"z[83,1]","Stan_internal",TRUE,0.451167835804872,0.226979717549279,-0.0630105195644967,0.475015195470848,0.832121245930684,1.15435493122752,19.5885457428393,40.2984616834327,0.0508191742239802,0.512234531299978,0.333687227531517,0.380449495630818,0.578300088757178,0.244612861225661,NA,FALSE,FALSE,FALSE,"inconclusive"
"z[84,1]","Stan_internal",TRUE,1.00049993116489,0.202355133775189,0.54726796859774,1.01028975026612,1.37141182540064,1.04574432876352,416.174182838779,73.4545566233715,0.0106071967792537,0.984374873747801,1.02360772825517,0.950926267063009,1.04309085559358,0.092164588530573,NA,FALSE,FALSE,FALSE,"inconclusive"
"z[85,1]","Stan_internal",TRUE,0.619060112664231,0.208592129109149,0.106096522249762,0.639719339305307,0.947901316354495,1.06270794978332,133.600207882793,38.4439434617695,0.0255986851307101,0.61678084675887,0.657638158110713,0.515335886937538,0.686485558849803,0.171149671912265,NA,FALSE,FALSE,FALSE,"inconclusive"
"z[86,1]","Stan_internal",TRUE,0.410797230710115,0.211685649707829,-0.114507798860978,0.431515408792774,0.756799927150506,1.0518894432839,75.7113383762225,30.5957436392657,0.0307715704589645,0.410063542021212,0.450186854713107,0.306183794600829,0.47675473150531,0.170570936904481,NA,FALSE,FALSE,FALSE,"inconclusive"
"z[87,1]","Stan_internal",TRUE,0.529521846876876,0.232228701579247,-0.0448357619322165,0.557443992667489,0.875022656066769,1.07707562227085,62.7045069520331,32.2218617188923,0.0361709323901014,0.538976896017171,0.581336015220922,0.389728054769401,0.608046421500011,0.218318366730611,NA,FALSE,FALSE,FALSE,"inconclusive"
"z[88,1]","Stan_internal",TRUE,1.51941990635968,0.216132002659255,1.06495785555223,1.52904794662879,1.90998720726144,1.0471468417858,304.964560720091,205.164202081567,0.0129868229948741,1.49321677166544,1.54732457530976,1.48977284501875,1.54736543344478,0.0575925884260329,NA,FALSE,FALSE,FALSE,"inconclusive"
"z[89,1]","Stan_internal",TRUE,1.02884093750292,0.205552053416655,0.541731409365081,1.04665786998008,1.37489977480295,1.05627892949406,97.7061318920505,41.7509948682416,0.0240130307687966,1.01705889992827,1.06035770142639,0.961377918698305,1.0765692299587,0.115191311260392,NA,FALSE,FALSE,FALSE,"inconclusive"
"z[90,1]","Stan_internal",TRUE,1.17908794774155,0.21781770305658,0.678640959824295,1.18845676544784,1.56512973085709,1.034645414962,241.183746139262,65.4491305893264,0.0166356290747737,1.1694362710206,1.21523482064829,1.09891010005905,1.23277059923823,0.133860499179178,NA,FALSE,FALSE,FALSE,"inconclusive"
"z[91,1]","Stan_internal",TRUE,0.525460115382643,0.200071082789598,0.0116940999128501,0.546153268842214,0.840597534059299,1.05814573058511,75.5776268847901,47.4774941879252,0.0249057818688978,0.520245554849319,0.560509748319298,0.427618320883577,0.593466837478378,0.165848516594802,NA,FALSE,FALSE,FALSE,"inconclusive"
"z[92,1]","Stan_internal",TRUE,-0.286150603600382,0.287961263382519,-0.91010994620978,-0.27116587988086,0.242300389244394,1.03809048276548,100.42771796069,100.906325469707,0.0233572281711632,-0.33999534536697,-0.250382429245671,-0.209770145470846,-0.344454494318044,0.134684348847198,NA,FALSE,FALSE,FALSE,"inconclusive"
"z[93,1]","Stan_internal",TRUE,-0.195928063715959,0.304711846736535,-0.850250997442849,-0.178920465409343,0.324205465502333,1.04328747525024,91.3444999436675,98.1867280944614,0.0175496105020863,-0.244004172556229,-0.125898345816295,-0.163793531128874,-0.250016205362439,0.124117859546144,NA,FALSE,FALSE,FALSE,"inconclusive"
"z[94,1]","Stan_internal",TRUE,-0.721783887983571,0.290494501315727,-1.34809791927104,-0.710380974237722,-0.180571681749612,1.04519716294955,106.041104347764,83.9427728716339,0.021332056283804,-0.762056459107217,-0.690933640114811,-0.640021472986826,-0.79412397972543,0.154102506738604,NA,FALSE,FALSE,FALSE,"inconclusive"
"z[95,1]","Stan_internal",TRUE,-1.2088739001413,0.318866952005586,-1.89094675207636,-1.19247344435241,-0.634649406422807,1.03227684516218,130.444583090771,195.648518856636,0.0219698963165398,-1.26439452008994,-1.18205428289,-1.11659457625953,-1.27245222132574,0.155857645066217,NA,FALSE,FALSE,FALSE,"inconclusive"
"z[96,1]","Stan_internal",TRUE,-0.767642273795523,0.295714286428472,-1.4175412302591,-0.744191076867651,-0.278202246584494,1.11028143874949,24.7164806298205,151.21640097389,0.0547654797980992,-0.662633581145023,-0.779473492415016,-0.705784750133601,-0.922677271488449,0.260043690343426,NA,FALSE,FALSE,FALSE,"inconclusive"
"z[97,1]","Stan_internal",TRUE,-0.908997169569525,0.30240342347434,-1.54399934027591,-0.897528995510337,-0.342371165369496,1.04336652021911,74.6583046931538,107.769085026167,0.0309817786877509,-0.979605359175903,-0.858580728986729,-0.823665671339153,-0.974136918776319,0.15593968783675,NA,FALSE,FALSE,FALSE,"inconclusive"
"z[98,1]","Stan_internal",TRUE,0.259177474438262,0.273307696562265,-0.332481747261213,0.268630748236954,0.756278581621048,1.04393205055151,83.8722038974233,73.6516339872376,0.0233518286925761,0.198528005687746,0.315152354679213,0.31801312458165,0.205016412804438,0.119485118893904,NA,FALSE,FALSE,FALSE,"inconclusive"
"z[99,1]","Stan_internal",TRUE,-0.168476055927824,0.286550809266842,-0.765748893204871,-0.156925135898282,0.368242919969425,1.04033272330122,222.674176770477,76.4064966083627,0.0125798947618584,-0.193304049515376,-0.155865306828492,-0.099863497861821,-0.224871369505606,0.125007871643785,NA,FALSE,FALSE,FALSE,"inconclusive"
"z[100,1]","Stan_internal",TRUE,-1.08974477621323,0.298475813605086,-1.70914798807025,-1.08079069945001,-0.535665607055957,1.04837687381825,74.3574812355216,108.454712703191,0.0300878894023773,-1.11612641830055,-1.09554662275101,-0.969411354004191,-1.17789470979719,0.208483355792999,NA,FALSE,FALSE,FALSE,"inconclusive"
"z[101,1]","Stan_internal",TRUE,0.795491241504082,0.283092938941729,0.207003515129714,0.808104781299144,1.30915736530594,1.03943621500626,150.286989929418,100.583118883123,0.013101849575224,0.756892582502341,0.839335116792239,0.845966810224989,0.73977045649676,0.106196353728228,NA,FALSE,FALSE,FALSE,"inconclusive"
"z[102,1]","Stan_internal",TRUE,-0.121371645168337,0.271662235252115,-0.744934664518112,-0.102720740180323,0.360142001816228,1.0547153737242,217.19186246096,61.901801399273,0.00818975890985174,-0.165994293510081,-0.0799410345032067,-0.0733511517265524,-0.16620010093351,0.0928489492069576,NA,FALSE,FALSE,FALSE,"inconclusive"
"z[103,1]","Stan_internal",TRUE,-0.64325958719188,0.274254975047422,-1.22727101555331,-0.636108956487272,-0.137341417982065,1.10885865885775,25.9528719337829,61.1441128154714,0.0474947792217639,-0.718651376811465,-0.532393649396846,-0.603647098154539,-0.718346224404675,0.186257727414619,NA,FALSE,FALSE,FALSE,"inconclusive"
"z[104,1]","Stan_internal",TRUE,-0.724121997697384,0.275171448077793,-1.33510348409254,-0.714475501794275,-0.214505331378389,1.07437161308558,37.9328942780155,33.1234475278051,0.0384078956040701,-0.79193995820263,-0.707908411055354,-0.59271418391457,-0.803925437616984,0.211211253702414,NA,FALSE,FALSE,FALSE,"inconclusive"
"z[105,1]","Stan_internal",TRUE,-0.230869629817696,0.269070676188319,-0.822044439392193,-0.218245679383267,0.25842914485135,1.06895982015164,86.8175422079754,54.1545074200214,0.0206441198417025,-0.273593486586294,-0.203929556039577,-0.158430550948908,-0.287524925696005,0.129094374747097,NA,FALSE,FALSE,FALSE,"inconclusive"
"z[106,1]","Stan_internal",TRUE,0.0776536010254409,0.257211214435881,-0.498603205783507,0.0905353521300822,0.563007482670746,1.06352302188387,236.925414490689,43.2858930583198,0.00929666357042553,0.0305713927808233,0.108898516994249,0.140269459224028,0.0308750351026633,0.109698066443204,NA,FALSE,FALSE,FALSE,"inconclusive"
"z[107,1]","Stan_internal",TRUE,-1.22566478282785,0.30649321583562,-1.87474150956908,-1.21071634332114,-0.665420594000467,1.04632410214388,66.2529183332874,103.667478808228,0.0332033989356022,-1.26773811752166,-1.21686554491073,-1.10551921599449,-1.31253625288453,0.207017036890039,NA,FALSE,FALSE,FALSE,"inconclusive"
"z[108,1]","Stan_internal",TRUE,1.84567511130068,0.303397688713361,1.24374924948915,1.85159843677637,2.42192225604778,1.0251195693157,140.834189438659,118.212370366203,0.0182051976447574,1.79603172970029,1.87653956889162,1.91728898686485,1.79284015974599,0.124448827118857,NA,FALSE,FALSE,FALSE,"inconclusive"
"z[109,1]","Stan_internal",TRUE,1.89947704531573,0.317153991848549,1.26419709660766,1.91054319811308,2.47335532541109,1.0276887693089,276.78988046126,184.960423864471,0.0116897552066441,1.84932380493913,1.9406316423873,1.95466655699671,1.85328617693975,0.105342752057578,NA,FALSE,FALSE,FALSE,"inconclusive"
"z[110,1]","Stan_internal",TRUE,0.970366246058908,0.271079956079285,0.352459943181811,0.995132990692568,1.41586938854731,1.10859444084163,27.349158780438,116.0565084122,0.0430928351865711,1.12630918898691,0.950552925298036,0.946735649243243,0.857867220707449,0.268441968279457,NA,FALSE,FALSE,FALSE,"inconclusive"
"z[111,1]","Stan_internal",TRUE,-0.108279709495442,0.28170475616173,-0.722892722765906,-0.0955646933689215,0.410530469088364,1.05996059836999,82.2021219582577,75.8327584143325,0.0238077326817901,-0.163977302964802,-0.0435463167562016,-0.0573782493087337,-0.168216968952029,0.124670652195827,NA,FALSE,FALSE,FALSE,"inconclusive"
"z[112,1]","Stan_internal",TRUE,0.0509183786942061,0.285321152363564,-0.585968327526804,0.0667775647935897,0.553864185902068,1.04648610972182,251.714015670536,86.0385666953995,0.0139440489644831,0.0159117755342952,0.06175298073321,0.0918915149865495,0.0341172435227695,0.0759797394522543,NA,FALSE,FALSE,FALSE,"inconclusive"
"z[113,1]","Stan_internal",TRUE,1.46236441640021,0.268773027147792,0.915223197239991,1.4694269346535,1.94552427383473,1.0573934142848,51.119419131158,287.245838372656,0.0315646537865125,1.53388612501548,1.44674379097985,1.49299567983526,1.37583206977027,0.158054055245214,NA,FALSE,FALSE,FALSE,"inconclusive"
"z[114,1]","Stan_internal",TRUE,-1.48057528260848,0.303712941784241,-2.14669177700134,-1.46376723388517,-0.924462164607693,1.08335063012561,36.5567636665415,65.8024443752339,0.0445385635380203,-1.56357803468217,-1.42751180502527,-1.35408901390568,-1.57712227682079,0.223033262915108,NA,FALSE,FALSE,FALSE,"inconclusive"
"z[115,1]","Stan_internal",TRUE,-1.78979755438828,0.302546436682328,-2.415547516196,-1.77861685482843,-1.22230172503719,1.10021451969359,26.6095306775162,40.8405461018714,0.0547511727353107,-1.87325929532938,-1.79734902279978,-1.6081285135735,-1.88045338585047,0.272324872276962,NA,FALSE,FALSE,FALSE,"inconclusive"
"z[116,1]","Stan_internal",TRUE,-1.73313047357811,0.298778381244412,-2.38253931984445,-1.72097108358122,-1.1892993663339,1.09807132169471,29.3812104571727,43.0638450833346,0.0492101169928227,-1.81102514655211,-1.72868299251905,-1.56975633242377,-1.82305742281754,0.253301090393778,NA,FALSE,FALSE,FALSE,"inconclusive"
"z[117,1]","Stan_internal",TRUE,-1.54966660421403,0.311271167317226,-2.1878779335187,-1.54279501693794,-0.968786913581598,1.05706091510826,51.960448704725,133.984682642011,0.0399247273762215,-1.5972564180951,-1.54601571362077,-1.41136202436787,-1.64403226077239,0.232670236404523,NA,FALSE,FALSE,FALSE,"inconclusive"
"z[118,1]","Stan_internal",TRUE,-1.30215449884472,0.284557740741919,-1.90143442463773,-1.2939617933281,-0.765128096011834,1.09306509416696,28.4857552149612,45.5339964594302,0.0504365603018223,-1.3838462943536,-1.29932320529668,-1.13781526602054,-1.38763322970806,0.249817963687517,NA,FALSE,FALSE,FALSE,"inconclusive"
"z[119,1]","Stan_internal",TRUE,-1.69912376671809,0.298145722636058,-2.31785239019395,-1.68667192432286,-1.14666800775184,1.09053260411251,33.6738435306979,52.1471008817614,0.0482400970974269,-1.76609668451262,-1.70251770941155,-1.52637306367941,-1.8015076092688,0.27513454558939,NA,FALSE,FALSE,FALSE,"inconclusive"
"z[120,1]","Stan_internal",TRUE,-0.824440644933459,0.295497233762792,-1.45377405801821,-0.814601089017093,-0.27794516426337,1.05316761938951,56.6510652608729,68.684695859823,0.0310837248625087,-0.872873327839714,-0.814317920249814,-0.706146063880887,-0.904425267763422,0.198279203882535,NA,FALSE,FALSE,FALSE,"inconclusive"
"z[121,1]","Stan_internal",TRUE,-0.962872658625201,0.272555204555816,-1.54452341715387,-0.955413550060616,-0.460416834327624,1.0656135511482,45.4654333594927,41.9626934655009,0.0335056585720036,-1.02980300057714,-0.953448618576044,-0.839838358458443,-1.02840065688918,0.189964642118696,NA,FALSE,FALSE,FALSE,"inconclusive"
"z[122,1]","Stan_internal",TRUE,-0.807842633322914,0.290549020724575,-1.42711122195,-0.795710675519069,-0.269769910493906,1.06020551598328,49.0628674478707,57.161882587222,0.0361101174672992,-0.884541679268433,-0.795972106341154,-0.680564388707062,-0.870292358975007,0.203977290561371,NA,FALSE,FALSE,FALSE,"inconclusive"
"z[123,1]","Stan_internal",TRUE,-0.954467192097776,0.294479363194335,-1.59543209506215,-0.926731626515612,-0.471858847054105,1.16487682464321,17.3231649074221,200.673090558012,0.066685218938738,-0.759772479848011,-1.01769087863808,-0.913475575194838,-1.12692983471018,0.367157354862166,NA,FALSE,FALSE,FALSE,"inconclusive"
"z[124,1]","Stan_internal",TRUE,-0.25200021663978,0.269586668785931,-0.831420904935259,-0.238878013483702,0.24521991002083,1.06108656505627,344.932975506212,78.2956342135144,0.00802191413098419,-0.293799055452486,-0.218144690341078,-0.195523433330242,-0.300533687435313,0.10501025410507,NA,FALSE,FALSE,FALSE,"inconclusive"
"z[125,1]","Stan_internal",TRUE,-1.35757097120017,0.27920712612234,-1.94082749097431,-1.34626938429367,-0.827397074270159,1.08511809120494,35.2507391431408,47.6060478463673,0.0416179752187394,-1.44217719587402,-1.34400231756444,-1.21222342966085,-1.43188094170138,0.229953766213163,NA,FALSE,FALSE,FALSE,"inconclusive"
"z[126,1]","Stan_internal",TRUE,-1.56413244027858,0.288392034354266,-2.18590139730261,-1.55151822791833,-1.04069142294255,1.07988416016124,42.8073706121838,48.7208358033966,0.037314993784824,-1.63751695017493,-1.55791825027856,-1.41715266620628,-1.64394189445456,0.226789228248283,NA,FALSE,FALSE,FALSE,"inconclusive"
"z[127,1]","Stan_internal",TRUE,0.31761661873387,0.22940220129399,-0.183145712617691,0.332742631362413,0.707245703014027,1.13540756388469,23.4468460434111,143.147889846707,0.0426135672303678,0.46375662315819,0.262197040627973,0.330286413476411,0.214226397672907,0.249530225485283,NA,FALSE,FALSE,FALSE,"inconclusive"
"z[128,1]","Stan_internal",TRUE,-0.0887438836985124,0.243192024962802,-0.625263206873557,-0.067927198026988,0.313185533404286,1.14767913371248,19.5973622826418,122.584567399816,0.0513591092735333,-0.0346408608529135,-0.251689531547026,-0.109356740332984,0.0407115979388749,0.292401129485901,NA,FALSE,FALSE,FALSE,"inconclusive"
"z[129,1]","Stan_internal",TRUE,-0.237426398089294,0.214559026603218,-0.738700381090037,-0.219981447647524,0.11469311642596,1.03787313938926,86.7389949970721,84.2813891216095,0.0255286299517952,-0.243348504484793,-0.214609488777708,-0.325593062313759,-0.166154536780912,0.159438525532848,NA,FALSE,FALSE,FALSE,"inconclusive"
"z[130,1]","Stan_internal",TRUE,0.607544817532436,0.224886810531387,0.141647929666888,0.61527140767505,1.02898477511012,1.02249225194701,526.266194922714,136.33429883016,0.010254522880907,0.584883687202206,0.6261875598499,0.563364424656049,0.655743598421588,0.0923791737655385,NA,FALSE,FALSE,FALSE,"inconclusive"
"z[131,1]","Stan_internal",TRUE,2.09810144725115,0.250666284949507,1.59871483382128,2.10050553902727,2.58859234229767,1.02370615859271,1103.26313854022,211.567937907018,0.00751051153555689,2.07534735351414,2.13271326973859,2.0695351724759,2.11480999327598,0.0631780972626883,NA,FALSE,FALSE,FALSE,"inconclusive"
"z[132,1]","Stan_internal",TRUE,-0.330019125718428,0.275128614387658,-0.92320614458131,-0.319306980314313,0.176515780034156,1.05838530153588,88.2001226279459,86.3843733726852,0.023501766524549,-0.329121693440287,-0.326572884305917,-0.266262807459978,-0.398119117667527,0.131856310207549,NA,FALSE,FALSE,FALSE,"inconclusive"
"z[133,1]","Stan_internal",TRUE,0.433836935578032,0.280764088727791,-0.175350894484761,0.446565309915133,0.957201303497758,1.04826834057236,757.405357571274,81.7369295622575,0.00797106271665483,0.389929049115967,0.470585169208853,0.486145357105682,0.388688166881626,0.0974571902240566,NA,FALSE,FALSE,FALSE,"inconclusive"
"z[134,1]","Stan_internal",TRUE,-0.739387552122194,0.291450772790717,-1.36403896498573,-0.727337919180825,-0.206849688460799,1.0414028839501,72.9009749254943,188.722171307634,0.0298700609407394,-0.715266922003098,-0.733844008605878,-0.672835944228657,-0.835603333651146,0.162767389422489,NA,FALSE,FALSE,FALSE,"inconclusive"
"z[135,1]","Stan_internal",TRUE,0.233310363774098,0.243639677574954,-0.29440975397466,0.244611464897566,0.671481374866468,1.13335129078522,22.8297945333764,96.3498706661973,0.0455589711736564,0.373408362585761,0.167276964924868,0.276023629550065,0.116532498035696,0.256875864550066,NA,FALSE,FALSE,FALSE,"inconclusive"
"z[136,1]","Stan_internal",TRUE,0.0677127234209749,0.253067240866255,-0.482989754881788,0.0848458397771835,0.517721892269631,1.02684186562427,199.195982599795,110.008300018898,0.0212261997125644,0.0582241938927165,0.0971639500292389,-0.0184237648735333,0.133886514635477,0.152310279509011,NA,FALSE,FALSE,FALSE,"inconclusive"
"z[137,1]","Stan_internal",TRUE,0.898052822803164,0.265994555945232,0.337932738790959,0.911953733109762,1.3619541380474,1.02813892978997,193.979608943046,80.6109060366107,0.0239381956961824,0.88910544949616,0.939725380819614,0.806719429141331,0.95666103175555,0.149941602614219,NA,FALSE,FALSE,FALSE,"inconclusive"
"z[138,1]","Stan_internal",TRUE,0.843762364987966,0.20111794588731,0.380367543882204,0.858266178416532,1.19344135008441,1.05545189645273,292.762134068069,48.8630805248804,0.0134983247854647,0.828493676924097,0.870380496980225,0.78377523589571,0.892400050151831,0.108624814256121,NA,FALSE,FALSE,FALSE,"inconclusive"
"z[139,1]","Stan_internal",TRUE,1.12598019785779,0.261917682241974,0.601994888631701,1.13040258279022,1.62250051444827,1.04639843397622,142.551979586615,72.3590559999975,0.0125559334889356,1.0781594408005,1.16195320117274,1.18684380566708,1.07696434379086,0.109879461876224,NA,FALSE,FALSE,FALSE,"inconclusive"
"z[140,1]","Stan_internal",TRUE,-0.417436983081004,0.283012280773168,-1.01828743960243,-0.408115609463336,0.0964757700832841,1.06201896857424,80.0272484807331,56.7029059695358,0.0229296835294014,-0.476086779411872,-0.377408161348265,-0.339994015259845,-0.476258976304036,0.136264961044191,NA,FALSE,FALSE,FALSE,"inconclusive"
"z[141,1]","Stan_internal",TRUE,-0.175594427512136,0.211491471648667,-0.676008934853895,-0.15634199112735,0.178006259380203,1.03418117682778,182.83767169495,60.789508685562,0.0177594808435394,-0.183584182310735,-0.156106805201607,-0.260549080405083,-0.10213764213112,0.158411438273963,NA,FALSE,FALSE,FALSE,"inconclusive"
"z[142,1]","Stan_internal",TRUE,1.06332215619008,0.241098479942034,0.524909262042231,1.08003739698447,1.47092882453524,1.03749579347252,172.389326474481,45.500109362444,0.0227350348291257,1.05986028291498,1.10622537882127,0.968882094934097,1.11832086808998,0.149438773155885,NA,FALSE,FALSE,FALSE,"inconclusive"
"z[143,1]","Stan_internal",TRUE,-0.858240039248799,0.203557560639277,-1.26862078662121,-0.846545151614043,-0.502487745402037,1.03830970552533,134.641433324603,229.723980453324,0.0178182774919111,-0.872226590999105,-0.850614306607882,-0.923748771900874,-0.786370487487334,0.13737828441354,NA,FALSE,FALSE,FALSE,"inconclusive"
"z[1,2]","Stan_internal",TRUE,-0.118214490721101,0.892229452643728,-1.54729250431253,-0.185177762046238,1.33058861596876,2.41437809875865,4.86882958759162,20.8656290589121,0.428813959550144,1.07764667630821,-0.702123442672,0.271512921754268,-1.11989411827489,2.1975407945831,NA,FALSE,FALSE,FALSE,"inconclusive"
"z[2,2]","Stan_internal",TRUE,-0.0730060804516366,0.373388902899069,-0.771448368804263,-0.061487054301845,0.646184148101752,1.42454103550578,8.0381351616842,48.6110036651017,0.13318234836263,-0.140810457384837,0.157523854767721,-0.469438091891779,0.160700372702349,0.630138464594128,NA,FALSE,FALSE,FALSE,"inconclusive"
"z[3,2]","Stan_internal",TRUE,-0.592003963156785,0.325135965742686,-1.39920975887955,-0.544138641218804,-0.116893236957629,1.76686707758339,6.05060791051227,32.0483185266776,0.132370455097662,-0.672889404654307,-0.318967763035089,-0.984288835810249,-0.391869849127492,0.66532107277516,NA,FALSE,FALSE,FALSE,"inconclusive"
"z[4,2]","Stan_internal",TRUE,-0.814490475372003,0.286713695269195,-1.52464067017524,-0.79733039001092,-0.34993628125205,1.62376513243205,6.65197022835828,50.3408576642595,0.10779351468677,-0.928160515637419,-0.554567484079816,-1.10182915196499,-0.673404749805789,0.547261667885175,NA,FALSE,FALSE,FALSE,"inconclusive"
"z[5,2]","Stan_internal",TRUE,-1.33762348093089,0.27669414521095,-2.01596706707533,-1.31850223811412,-0.889102656401552,1.39322761607048,8.8884449940451,49.7178450990193,0.0823933191199806,-1.49129245351808,-1.08219113852065,-1.48968967682165,-1.28732065486317,0.409101314997436,NA,FALSE,FALSE,FALSE,"inconclusive"
"z[6,2]","Stan_internal",TRUE,-1.1823730044443,0.228004017829663,-1.60520504001548,-1.18316793509355,-0.76811798445429,1.45010386155695,8.0273975090871,45.4788541971939,0.079104990675722,-1.35115206188456,-0.954307781256017,-1.29002589570123,-1.1340062789354,0.396844280628543,NA,FALSE,FALSE,FALSE,"inconclusive"
"z[7,2]","Stan_internal",TRUE,-1.26458745106663,0.243710034239934,-1.76740483263261,-1.26264531131274,-0.823248621162947,1.39400055534663,8.67056822534397,41.5062703242445,0.0799693453483998,-1.43030628005542,-1.02535910848215,-1.38325099819403,-1.21943341753493,0.404947171573269,NA,FALSE,FALSE,FALSE,"inconclusive"
"z[8,2]","Stan_internal",TRUE,-1.25402620645912,0.281501522620952,-1.96529195904399,-1.23340930744664,-0.808148072452827,1.48387124967597,7.78184040118854,31.6103926703039,0.0932820076348532,-1.38893942099363,-0.988446955055383,-1.46485906483066,-1.17385938495683,0.476412109775274,NA,FALSE,FALSE,FALSE,"inconclusive"
"z[9,2]","Stan_internal",TRUE,-1.2903704861956,0.264343689152385,-1.89232882554794,-1.2782554974349,-0.839535108649636,1.42681745633972,8.21490626610871,45.5336463263502,0.0878758287726013,-1.4403255172614,-1.03287553339555,-1.45705290743493,-1.23122798669051,0.424177374039387,NA,FALSE,FALSE,FALSE,"inconclusive"
"z[10,2]","Stan_internal",TRUE,-0.894262915210851,0.26889699319966,-1.53795452862684,-0.877375281257123,-0.459024656212467,1.6845298456064,6.31699318260868,35.9828013260746,0.105092405846475,-1.01055138131069,-0.634755380790875,-1.16746222938508,-0.764282669356767,0.532706848594201,NA,FALSE,FALSE,FALSE,"inconclusive"
"z[11,2]","Stan_internal",TRUE,-1.10705336650963,0.216581090127587,-1.50034747219739,-1.11481273235719,-0.698871015448764,1.50671568844254,7.47928412833657,47.484296730375,0.0790633786646168,-1.27333367947725,-0.877474033944782,-1.22863264454077,-1.04877310807572,0.395859645532466,NA,FALSE,FALSE,FALSE,"inconclusive"
"z[12,2]","Stan_internal",TRUE,-1.28270308564404,0.285713048366071,-1.91155820136091,-1.27671412975409,-0.767264454286279,1.2905568762592,10.4940263346278,57.3298325537888,0.0849777807266555,-1.43449719652548,-1.03529365364792,-1.43875580580309,-1.22226568659967,0.403462152155179,NA,FALSE,FALSE,FALSE,"inconclusive"
"z[13,2]","Stan_internal",TRUE,-0.946640436494329,0.280166148424953,-1.62423687269291,-0.931566682876984,-0.484644480533836,1.565161434378,6.93071062194859,36.0768581404847,0.103582961603743,-1.06634282394495,-0.687422932770675,-1.2111757400916,-0.821620249170091,0.523752807320927,NA,FALSE,FALSE,FALSE,"inconclusive"
"z[14,2]","Stan_internal",TRUE,-0.925107258404864,0.24325243438482,-1.3706730102396,-0.927141392147748,-0.506639087433707,1.57504654516815,6.90529060332143,51.8013035881487,0.090370148069662,-1.0673404433947,-0.684872513566417,-1.12451034390586,-0.823705732752491,0.439637830339439,NA,FALSE,FALSE,FALSE,"inconclusive"
"z[15,2]","Stan_internal",TRUE,-0.90184079885448,0.264718244446805,-1.51815580932193,-0.892132865069311,-0.475193385134371,1.65647892944533,6.44277949431434,34.119702313941,0.100781875838413,-1.02896142727297,-0.647499656721699,-1.15098326868325,-0.77991884274,0.503483611961553,NA,FALSE,FALSE,FALSE,"inconclusive"
"z[16,2]","Stan_internal",TRUE,-0.998378442566043,0.220816524619529,-1.40107465026627,-1.00333108495231,-0.588704459157155,1.55068106605659,7.0827556793502,44.6165862535084,0.0835921403440808,-1.15376904212118,-0.766786711178738,-1.15569444016494,-0.917263576799323,0.388907728986197,NA,FALSE,FALSE,FALSE,"inconclusive"
"z[17,2]","Stan_internal",TRUE,-0.572196888998437,0.342313605773934,-1.45491780288401,-0.513834843599424,-0.113643656389323,1.91216072161484,5.61646073760882,25.9576027428787,0.144914465169067,-0.635712372291751,-0.283112713867407,-1.01441601613471,-0.355546453699877,0.731303302267302,NA,FALSE,FALSE,FALSE,"inconclusive"
"z[18,2]","Stan_internal",TRUE,0.219839942992968,0.374735131191427,-0.592623507023401,0.315984812017875,0.738440699680525,1.99170494400981,5.44396269080072,45.1754206004518,0.172473556375223,0.188493177512213,0.485161118680701,-0.32785628460008,0.533561760379037,0.861418044979117,NA,FALSE,FALSE,FALSE,"inconclusive"
"z[19,2]","Stan_internal",TRUE,-0.0797000501754246,0.97673266622136,-1.97647145547771,0.203656973391489,1.09987355584511,2.70189958756883,4.67177637601739,25.4700759071912,0.476228842709666,0.532997956105948,-1.58563425478865,-0.172193802956755,0.906029900937757,2.49166415572641,NA,FALSE,FALSE,FALSE,"inconclusive"
"z[20,2]","Stan_internal",TRUE,0.210771499204905,1.03833301318372,-1.77704624925092,0.34791166448188,1.72238580419153,2.10078787152766,5.21325359732024,21.8190701147907,0.469470250917369,0.0149230521655658,-0.858976461708618,0.294084488400526,1.39305491796214,2.25203137967076,NA,FALSE,FALSE,FALSE,"inconclusive"
"z[21,2]","Stan_internal",TRUE,-0.123867537820563,0.353294816095389,-0.942141227066014,-0.0590417456892578,0.396607350028223,1.83904067089368,5.77579418901896,34.2076577296439,0.152828199886167,-0.174333120163923,0.141846810981958,-0.599036190508562,0.136052348408276,0.74088300149052,NA,FALSE,FALSE,FALSE,"inconclusive"
"z[22,2]","Stan_internal",TRUE,-0.794065925797772,0.320407458616183,-1.62229025749569,-0.75141481420429,-0.335845125990269,1.80692493874378,5.94915674922781,31.1008427852731,0.126779509577492,-0.879812127326043,-0.511380928411936,-1.1659535410589,-0.619117106394207,0.654572612646966,NA,FALSE,FALSE,FALSE,"inconclusive"
"z[23,2]","Stan_internal",TRUE,0.115291962957505,0.428280397510674,-0.859798490027982,0.227596463265191,0.671493693725815,1.95452592168311,5.49316380787348,31.5367955606306,0.189741046650261,0.105531205175926,0.406935818326368,-0.49474028171142,0.443441110039147,0.938181391750567,NA,FALSE,FALSE,FALSE,"inconclusive"
"z[24,2]","Stan_internal",TRUE,-0.540187148716517,0.297885561743225,-1.26993088112149,-0.5048404113148,-0.0929960026328359,1.78789725086044,6.05095839178648,62.7251201688469,0.120559737579271,-0.632727933290977,-0.283030068572815,-0.892054682974603,-0.352935910027675,0.609024614401789,NA,FALSE,FALSE,FALSE,"inconclusive"
"z[25,2]","Stan_internal",TRUE,-0.967102079839726,0.273655613834311,-1.6584707390032,-0.949797052247645,-0.538461769856197,1.70726239344236,6.2991042896507,24.4281318035943,0.105586436995635,-1.0833408332207,-0.700912885394332,-1.23816295841515,-0.845991642328727,0.537250073020816,NA,FALSE,FALSE,FALSE,"inconclusive"
"z[26,2]","Stan_internal",TRUE,-0.666320840746711,0.295867588489941,-1.38961573946602,-0.631972764139321,-0.222825933514688,1.82228415839048,5.88413116171854,38.4536235826123,0.121415271259112,-0.759971266161248,-0.399683802700982,-1.01530189674537,-0.490326397379241,0.61561809404439,NA,FALSE,FALSE,FALSE,"inconclusive"
"z[27,2]","Stan_internal",TRUE,-0.805227144691532,0.28009423612109,-1.47679972139832,-0.784028366182477,-0.36454328452267,1.76586093367221,6.0504773217376,34.2409776848388,0.112653117754352,-0.909736737744175,-0.541493868258821,-1.1171676495304,-0.652510323232729,0.57567378127158,NA,FALSE,FALSE,FALSE,"inconclusive"
"z[28,2]","Stan_internal",TRUE,-0.865164364183183,0.273664563625798,-1.54817288636781,-0.847558317706639,-0.439512684062034,1.69809784753422,6.5011021297542,51.0709940359253,0.102993354184469,-0.981708774758581,-0.60771713089213,-1.14210176897345,-0.729129782108568,0.534384638081322,NA,FALSE,FALSE,FALSE,"inconclusive"
"z[29,2]","Stan_internal",TRUE,-0.852436831717435,0.281071290658189,-1.49899412987104,-0.838181342115456,-0.393000077217871,1.61026349207717,6.67537529324255,42.8023343245861,0.106396067424237,-0.967471830993934,-0.594233024716151,-1.1313514942553,-0.71669097690436,0.537118469539145,NA,FALSE,FALSE,FALSE,"inconclusive"
"z[30,2]","Stan_internal",TRUE,-1.06149093637485,0.293587879249131,-1.78084729560752,-1.03726259831917,-0.60103230543334,1.59509167038625,6.8826258710551,30.4016658204524,0.107866043888704,-1.17361386723128,-0.785633906424038,-1.34592291562313,-0.940793056220935,0.560289009199091,NA,FALSE,FALSE,FALSE,"inconclusive"
"z[31,2]","Stan_internal",TRUE,-0.817749702052431,0.352591824978092,-1.74436533543698,-0.757681070239644,-0.345390043322682,1.85241184997822,5.77783653396061,32.4771425944672,0.141171449451924,-0.878999351883571,-0.516580724717048,-1.25086259098603,-0.624556140623077,0.734281866268984,NA,FALSE,FALSE,FALSE,"inconclusive"
"z[32,2]","Stan_internal",TRUE,-0.872473663932996,0.296307726047341,-1.60749294171028,-0.842866927808332,-0.428355405012493,1.77062625624922,6.09666600480652,31.1385311633773,0.116259227776288,-0.973041733769806,-0.596466734830004,-1.19744168862205,-0.72294449851012,0.60097495379205,NA,FALSE,FALSE,FALSE,"inconclusive"
"z[33,2]","Stan_internal",TRUE,-0.963183356170573,0.301077764496757,-1.69760329363464,-0.934204825828794,-0.513801449479463,1.73803028702114,6.1454385299326,32.5229775288003,0.115777840959633,-1.06233732237427,-0.683282286872143,-1.2862606421483,-0.820853173287589,0.602978355276153,NA,FALSE,FALSE,FALSE,"inconclusive"
"z[34,2]","Stan_internal",TRUE,-0.484559339094775,0.321090072728568,-1.25327180038788,-0.432207867368454,-0.0406770892903057,1.91844602564366,5.63770914628734,73.2265309607645,0.133693028130669,-0.559858130419158,-0.211729156420234,-0.890049624564248,-0.276600444975459,0.678320468144014,NA,FALSE,FALSE,FALSE,"inconclusive"
"z[35,2]","Stan_internal",TRUE,-0.53796722589919,0.291611602669603,-1.24068346459908,-0.502310502322126,-0.106377408322995,1.85921225828145,5.79985627480208,34.8831445339596,0.1221634073635,-0.629974739958648,-0.279628498211911,-0.893393232047073,-0.348872433379127,0.613764733835162,NA,FALSE,FALSE,FALSE,"inconclusive"
"z[36,2]","Stan_internal",TRUE,0.104678087370039,0.361175239816235,-0.734537252146343,0.190658735974082,0.595460339294065,1.9839294579836,5.46351134549139,34.1555059723235,0.163414241679861,0.063771921197894,0.365315619940336,-0.409588874230302,0.399213682572226,0.808802556802528,NA,FALSE,FALSE,FALSE,"inconclusive"
"z[37,2]","Stan_internal",TRUE,0.411600833526239,0.412328136270963,-0.505636994327165,0.522380503966327,1.00124552397209,1.95092558977192,5.50268235411813,31.9266343172176,0.188480467556807,0.398408297659556,0.677970469775534,-0.192851402279368,0.762875968949236,0.955727371228605,NA,FALSE,FALSE,FALSE,"inconclusive"
"z[38,2]","Stan_internal",TRUE,-0.623992846900745,1.04781529256739,-2.36578504392322,-0.585151215625067,0.905932554294929,2.47810465694983,4.8141664549877,20.1573657963039,0.505495428079515,0.687048575643981,-1.30912220765538,-0.0188011015448575,-1.85509665404672,2.5421452296907,NA,FALSE,FALSE,FALSE,"inconclusive"
"z[39,2]","Stan_internal",TRUE,-0.636578545955665,0.283970990458987,-1.33371862263981,-0.609154631883148,-0.204710059277815,1.81060189990978,5.89807863256878,34.8490385835002,0.116005365341473,-0.738446505103892,-0.379554040615636,-0.96122440169263,-0.467089236410504,0.581670361076994,NA,FALSE,FALSE,FALSE,"inconclusive"
"z[40,2]","Stan_internal",TRUE,-0.419711344425499,0.325513500124463,-1.22216029475542,-0.361124323018113,0.0292928363001672,1.94045789991165,5.5754104167649,25.3274460763158,0.139297428807954,-0.490187153853408,-0.146531493121307,-0.843360313469391,-0.198766417257893,0.696828820348084,NA,FALSE,FALSE,FALSE,"inconclusive"
"z[41,2]","Stan_internal",TRUE,0.367387845038514,0.404971499843264,-0.511382873790382,0.475440880995646,0.92741762530625,1.97922581794665,5.45909111360073,35.1291837728706,0.186463058341368,0.352226903309873,0.635986978885242,-0.231318637888079,0.712656135847017,0.943974773735096,NA,FALSE,FALSE,FALSE,"inconclusive"
"z[42,2]","Stan_internal",TRUE,0.139612762836083,0.392158626019501,-0.747629982438323,0.235523127651738,0.695297035689706,1.87276538460128,5.67985429824172,27.377450111413,0.175015497827088,0.11364703692062,0.411983963803663,-0.417357746044859,0.45017779666491,0.867535542709769,NA,FALSE,FALSE,FALSE,"inconclusive"
"z[43,2]","Stan_internal",TRUE,-0.956008462351687,0.70859425974281,-2.07721527217222,-1.10610955500625,0.335070488056076,1.81946129968313,5.79846621274928,27.1050982870034,0.321020640078329,-1.55484529659776,-0.958361650655315,0.0796947616505394,-1.3905216638042,1.6345400582483,NA,FALSE,FALSE,FALSE,"inconclusive"
"z[44,2]","Stan_internal",TRUE,-0.174762882539706,0.483477017150317,-0.986652997043375,-0.250419210410034,0.738816427297878,1.86646487462936,5.68653928926115,31.900526156761,0.21332045630236,-0.641162927482255,-0.13931086049399,0.489088045620252,-0.407665787802833,1.13025097310251,NA,FALSE,FALSE,FALSE,"inconclusive"
"z[45,2]","Stan_internal",TRUE,-0.646593255483005,1.03170432643934,-2.34007686254469,-0.600519106262436,0.890172967776884,2.46277196067407,4.82890130045983,21.6488058700399,0.496799144656463,0.658219769248771,-1.31456978191947,-0.0762862368812534,-1.85373677238007,2.51195654162884,NA,FALSE,FALSE,FALSE,"inconclusive"
"z[46,2]","Stan_internal",TRUE,-0.190113882947529,0.894314838251397,-1.61806452724119,-0.272847382527234,1.24901120688443,2.43071725226412,4.853838969291,21.3540934429465,0.430196069259877,1.00841121896879,-0.777986039324818,0.203712686793608,-1.19459339822769,2.20300461719647,NA,FALSE,FALSE,FALSE,"inconclusive"
"z[47,2]","Stan_internal",TRUE,-0.201131449341875,1.02450317450261,-2.3437105860897,0.134173979845329,0.985757558043001,2.69017520834543,4.67700567886259,27.2414677912908,0.496927256306436,0.418282244150416,-1.80831692248302,-0.201266671886532,0.786775552851632,2.59509247533465,NA,FALSE,FALSE,FALSE,"inconclusive"
"z[48,2]","Stan_internal",TRUE,-0.335722524822186,1.04481312254458,-2.48618715562894,0.0285388336088656,0.849752217121534,2.71614874571271,4.66488069804696,27.7324846580479,0.508051653288993,0.306058454908682,-1.98173609149355,-0.33236264479248,0.665150182088594,2.64688627358214,NA,FALSE,FALSE,FALSE,"inconclusive"
"z[49,2]","Stan_internal",TRUE,-0.0880022399212274,0.954869975720198,-2.1233534023239,0.168344598268175,1.1516201572998,2.40577011044027,4.86864648025841,27.8071656366164,0.453162615150762,0.481241130767211,-1.52525974018987,-0.150440939871634,0.842450589609385,2.36771032979925,NA,FALSE,FALSE,FALSE,"inconclusive"
"z[50,2]","Stan_internal",TRUE,-0.775214365721579,0.284403696058044,-1.43322889351556,-0.751564162839466,-0.347899025499639,1.78808566957402,6.04508196315629,38.2454012024701,0.11453864794824,-0.876891453086968,-0.510167218252729,-1.09733935161218,-0.616459439934446,0.587172133359447,NA,FALSE,FALSE,FALSE,"inconclusive"
"z[51,2]","Stan_internal",TRUE,-1.19912468889476,0.322756620472734,-1.98659660214158,-1.15940249452423,-0.723333703789885,1.72852846074674,6.26962298342928,34.7836862972571,0.121325092862876,-1.29282107005035,-0.89449438006284,-1.54130716197787,-1.06787614348799,0.646812781915027,NA,FALSE,FALSE,FALSE,"inconclusive"
"z[52,2]","Stan_internal",TRUE,-1.09066611776299,0.295653089913544,-1.79978274099402,-1.0691418981294,-0.616649928966733,1.55597415187992,7.10822240731137,35.8338101472471,0.106145678281805,-1.20373362329824,-0.816825274867613,-1.36977509920151,-0.9723304736846,0.552949824333897,NA,FALSE,FALSE,FALSE,"inconclusive"
"z[53,2]","Stan_internal",TRUE,-0.152854494327676,0.966552001680545,-2.14948976961111,0.126494086811627,1.03850812261885,2.57967919091243,4.74468733911641,27.781755576995,0.466111828301864,0.431109579769925,-1.63826780283281,-0.205416976593803,0.801157222345985,2.4394250251788,NA,FALSE,FALSE,FALSE,"inconclusive"
"z[54,2]","Stan_internal",TRUE,-0.498874825981827,0.966304969575587,-2.03259131461271,-0.497779777234804,0.982760476376917,2.48481366430494,4.81076336950991,19.459582627154,0.466633469846179,0.755260063333546,-1.13471372509791,-0.00173477390938849,-1.61431086825355,2.3695709315871,NA,FALSE,FALSE,FALSE,"inconclusive"
"z[55,2]","Stan_internal",TRUE,-0.446074229787053,0.563779503776811,-1.34545234376129,-0.554141164402989,0.595872697651223,1.86763356170475,5.678883750994,32.1979072554642,0.254442854101783,-0.957870457054745,-0.43012076073717,0.364701333736379,-0.761007035092676,1.32257179079112,NA,FALSE,FALSE,FALSE,"inconclusive"
"z[56,2]","Stan_internal",TRUE,-0.396847375240291,0.534513271793834,-1.23651141214178,-0.492685555067306,0.604600116624068,1.90271384848352,5.60762642832785,29.4923601514385,0.241525520120897,-0.891974300853429,-0.368472131285782,0.367545552807823,-0.694488621629776,1.25951985366125,NA,FALSE,FALSE,FALSE,"inconclusive"
"z[57,2]","Stan_internal",TRUE,0.244565691820649,0.763762506109905,-0.877445652347044,0.0872283794280813,1.62937201802107,2.31852295754546,4.95556765384855,19.1385981802078,0.366266842307741,1.36274105888571,-0.25178284975266,0.403492148541631,-0.536187590392083,1.89892864927779,NA,FALSE,FALSE,FALSE,"inconclusive"
"z[58,2]","Stan_internal",TRUE,-0.153558186092993,0.461865336211452,-0.933824667716164,-0.21287320627213,0.720226104020909,1.83691275512242,5.75659494410354,29.2739244515602,0.200840589696346,-0.604486877197843,-0.113398432064937,0.464740104722714,-0.361087539831905,1.06922698192056,NA,FALSE,FALSE,FALSE,"inconclusive"
"z[59,2]","Stan_internal",TRUE,-0.33931062548519,0.503712650760332,-1.17021908719326,-0.415767446454611,0.6166586586345,1.90116542549683,5.61655650922208,27.7511056376561,0.224374181862734,-0.82695474797788,-0.302790503610701,0.361238483305646,-0.588735733657825,1.18819323128353,NA,FALSE,FALSE,FALSE,"inconclusive"
"z[60,2]","Stan_internal",TRUE,0.261964338875731,0.412258755563257,-0.502156277692412,0.243546269661936,1.00736619581262,1.65743954755717,6.40625033773696,36.1362533098512,0.166321117889219,-0.143412609473392,0.302526605329975,0.757176045818262,0.131567313828081,0.900588655291654,NA,FALSE,FALSE,FALSE,"inconclusive"
"z[61,2]","Stan_internal",TRUE,-0.582893568751671,0.562109948191393,-1.4908973899014,-0.687794886561543,0.465200466837557,1.87702282955638,5.67495734322292,28.8522723485399,0.252511433998316,-1.10226445087386,-0.557828887455229,0.217429026773152,-0.888909963450748,1.31969347764701,NA,FALSE,FALSE,FALSE,"inconclusive"
"z[62,2]","Stan_internal",TRUE,-0.991641048736066,0.664069583427418,-1.95902631525518,-1.15899024833477,0.244195475749301,1.9980944778458,5.40040250384093,30.761038391352,0.310631054865388,-1.59576455559423,-0.975695190149926,0.00523166858295918,-1.40033611778306,1.60099622417719,NA,FALSE,FALSE,FALSE,"inconclusive"
"z[63,2]","Stan_internal",TRUE,-0.84032792504012,1.09405996466182,-2.61574759068142,-0.733352000803555,0.714874981992661,2.55439219164757,4.7653618002068,19.5059254594566,0.530064014219495,0.522858819612201,-1.54091505253349,-0.193163821877764,-2.15009164536142,2.67295046497362,NA,FALSE,FALSE,FALSE,"inconclusive"
"z[64,2]","Stan_internal",TRUE,-0.0161599737946518,0.419363271284201,-0.751038327997466,-0.0585544783669633,0.756709844200845,1.82076248091543,5.81577971542674,36.3832337280882,0.180125889215185,-0.443392793336279,0.0307179647733905,0.527182678452624,-0.179147745068343,0.970575471788903,NA,FALSE,FALSE,FALSE,"inconclusive"
"z[65,2]","Stan_internal",TRUE,0.67530528121096,0.675872336528164,-0.227336041849025,0.469491222813258,2.04189354266849,2.06252844180559,5.28017283289125,18.1123009399183,0.322124009184664,1.73138324578371,0.252088737924278,0.632234673972896,0.0855144671629573,1.64586877862075,NA,FALSE,FALSE,FALSE,"inconclusive"
"z[66,2]","Stan_internal",TRUE,0.656652121639734,0.282576159468853,0.109085745883205,0.676400619291889,1.18130057147022,1.5246005499713,7.23938366292342,28.7166591476478,0.107139427413586,0.325473110180062,0.734354654784437,0.904198870477646,0.66258185111679,0.578725760297584,NA,FALSE,FALSE,FALSE,"inconclusive"
"z[67,2]","Stan_internal",TRUE,0.548775698253336,0.312989100251776,-0.0551923742485637,0.559957431187568,1.12462952747624,1.5662958770753,6.87181581958111,32.4268831487625,0.120719648905268,0.19458417796914,0.617637608918065,0.854743452746228,0.52813755337991,0.660159274777088,NA,FALSE,FALSE,FALSE,"inconclusive"
"z[68,2]","Stan_internal",TRUE,-0.944815252087298,0.671231795781251,-1.97059984228574,-1.09570917576621,0.295176342617832,1.92018899515228,5.54600908187029,28.8151539156524,0.309245840838105,-1.54457595022587,-0.925535835596166,0.0457578162269963,-1.35490703875415,1.59033376645287,NA,FALSE,FALSE,FALSE,"inconclusive"
"z[69,2]","Stan_internal",TRUE,0.776026427991279,0.296911278398241,0.176338851797085,0.794940419570529,1.30804616150157,1.3160328875304,9.72374000866349,38.6400590292779,0.0978529082860932,0.464451890720932,0.854891258076799,0.975304729515815,0.809457833651573,0.510852838794883,NA,FALSE,FALSE,FALSE,"inconclusive"
"z[70,2]","Stan_internal",TRUE,-0.0846279162570429,0.453728631633709,-0.892667717991908,-0.127666969993445,0.740293587495965,1.74975261723493,6.01968102526204,31.3662215335077,0.190993826460145,-0.523263341562415,-0.0353260594227242,0.495208272527337,-0.275130536570371,1.01847161408975,NA,FALSE,FALSE,FALSE,"inconclusive"
"z[71,2]","Stan_internal",TRUE,0.0746848928001672,0.398623530039367,-0.62075172737667,0.043752438563346,0.830184572395115,1.76291450507615,5.99842825303686,32.1600578358083,0.166904189574567,-0.331943219080061,0.127401074321478,0.570930092108649,-0.0676483761493979,0.90287331118871,NA,FALSE,FALSE,FALSE,"inconclusive"
"z[72,2]","Stan_internal",TRUE,1.10682581575398,0.284857215679702,0.525136122066527,1.12131514508606,1.62655002744315,1.24427202181691,11.6352954130605,36.2066717003185,0.0856475323303422,0.826098028410639,1.17983671229353,1.24214408146818,1.17922444084356,0.416046053057539,NA,FALSE,FALSE,FALSE,"inconclusive"
"z[73,2]","Stan_internal",TRUE,-0.344983697190648,0.899015086463195,-1.77623081898841,-0.401925036118885,1.08475383947459,2.43200971286557,4.85152495418008,19.7192561315999,0.433226476668155,0.85740437446468,-0.939918261226281,0.0597230474361708,-1.35714394943716,2.21454832390184,NA,FALSE,FALSE,FALSE,"inconclusive"
"z[74,2]","Stan_internal",TRUE,0.101027781998555,0.806126094427751,-1.09017453759946,-0.0442126021769302,1.50641141799681,2.43826949388806,4.85012580008381,18.9639575311712,0.388995005143534,1.24844269477605,-0.425981633660389,0.348588916289138,-0.766938849410585,2.01538154418664,NA,FALSE,FALSE,FALSE,"inconclusive"
"z[75,2]","Stan_internal",TRUE,-0.0749375640276749,0.854408060803755,-1.42297207044234,-0.151873626167853,1.36343462737574,2.40770680047162,4.87420669969044,18.8635521072742,0.411061284134534,1.10562665013336,-0.637455390142876,0.243594054967788,-1.01151557106897,2.11714222120233,NA,FALSE,FALSE,FALSE,"inconclusive"
"z[76,2]","Stan_internal",TRUE,1.1686720618332,0.558427612314319,0.175365354836729,1.14028007894572,2.61788903450708,1.06411138251668,46.5198003706759,122.135581987849,0.0615226021931487,0.937894961034278,1.26092620656719,1.33021478393387,1.14565229579747,0.392319822899592,NA,FALSE,FALSE,FALSE,"inconclusive"
"z[77,2]","Stan_internal",TRUE,0.280369046692992,0.405552542380028,-0.465180847222977,0.254470497728421,1.0169938280081,1.66619625673772,6.3595112776857,32.9032379093489,0.163871775594329,-0.120776781137965,0.325457147247038,0.766548527446696,0.150247293216197,0.887325308584661,NA,FALSE,FALSE,FALSE,"inconclusive"
"z[78,2]","Stan_internal",TRUE,0.752427878512765,0.343857433223293,0.0741628151884629,0.767537408177353,1.35643817825411,1.35712296819486,8.96734707570983,39.6990128051104,0.116678569002036,0.417892266554615,0.817934101191041,1.05188410127293,0.722001045032477,0.63399183471831,NA,FALSE,FALSE,FALSE,"inconclusive"
"z[79,2]","Stan_internal",TRUE,0.693664386939104,0.453193686426612,-0.174217243541561,0.699262278212413,1.49362609653291,1.33197644817786,9.48644580963746,66.083091924152,0.143037401016832,0.322788066494986,0.795502235259508,1.08280969000245,0.573557555999479,0.760021623507461,NA,FALSE,FALSE,FALSE,"inconclusive"
"z[80,2]","Stan_internal",TRUE,0.640249146041384,0.611046510828569,-0.300327821512025,0.524788794190593,2.00048814606576,1.4050372859368,8.38620504594277,18.478759718339,0.23391380845912,1.19027051392697,0.386478151983722,0.735746483760139,0.248501434494704,0.941769079432269,NA,FALSE,FALSE,FALSE,"inconclusive"
"z[81,2]","Stan_internal",TRUE,-0.17881753475757,1.00640276690658,-2.17290302437116,0.169414838464122,0.986494901084919,2.74744293503747,4.65355218005799,29.6541279333683,0.490517935600583,0.440084991977089,-1.7518804860043,-0.213995619257613,0.810520974254547,2.56240146025885,NA,FALSE,FALSE,FALSE,"inconclusive"
"z[82,2]","Stan_internal",TRUE,0.00346650294891342,0.355273409324951,-0.773833162126708,0.0841953892591385,0.508267965592868,1.9632659813849,5.4958700664037,29.2219878267178,0.161181101475647,-0.0432175059391838,0.271364931784688,-0.501325664622523,0.287044250572673,0.788369915195197,NA,FALSE,FALSE,FALSE,"inconclusive"
"z[83,2]","Stan_internal",TRUE,-0.39907130101833,1.06915993242748,-2.60107076911948,-0.006743965749891,0.781862324187256,2.72923531282923,4.66921361140228,27.8595350039101,0.520514935066034,0.253742817877912,-2.09963629501466,-0.354970212580238,0.604578485643675,2.70421478065834,NA,FALSE,FALSE,FALSE,"inconclusive"
"z[84,2]","Stan_internal",TRUE,-1.06316431352164,0.274609880183933,-1.70870917708345,-1.0501573811558,-0.619152531152902,1.61751909952259,6.75926400687276,35.8058272958764,0.102517190444333,-1.18666465728012,-0.797318459506702,-1.31851268288869,-0.950161454411038,0.521194223381985,NA,FALSE,FALSE,FALSE,"inconclusive"
"z[85,2]","Stan_internal",TRUE,-1.05979250049406,0.295064419324693,-1.8209256241789,-1.03483558829395,-0.6076276317617,1.64252800978015,6.70877466563826,33.7739305982724,0.108025568630765,-1.17147089335904,-0.780849637078045,-1.35043543784278,-0.93641403369636,0.569585800764735,NA,FALSE,FALSE,FALSE,"inconclusive"
"z[86,2]","Stan_internal",TRUE,-0.489247918618716,0.318732188175931,-1.24595920923705,-0.435110472452523,-0.0273523124516986,1.88470531942073,5.70400060658187,35.9049173180732,0.136234745184927,-0.565014853737165,-0.215803079808415,-0.898608121564455,-0.277565619364829,0.682805041756039,NA,FALSE,FALSE,FALSE,"inconclusive"
"z[87,2]","Stan_internal",TRUE,0.0980955017295482,0.401806928375001,-0.812005396914565,0.210031549588112,0.626466465708772,1.99044861032781,5.44069573782971,30.8057533784234,0.183731949968459,0.0804569744355323,0.385010478960422,-0.492104927146632,0.419019480668873,0.911124407815505,NA,FALSE,FALSE,FALSE,"inconclusive"
"z[88,2]","Stan_internal",TRUE,-1.10474460837862,0.287048058265674,-1.78126218257142,-1.08558849698003,-0.65550058167954,1.59978243617019,6.9089310941181,50.9773953086751,0.102231127702049,-1.22485757542522,-0.83189560057233,-1.36830584773993,-0.993919409776987,0.536410247167598,NA,FALSE,FALSE,FALSE,"inconclusive"
"z[89,2]","Stan_internal",TRUE,-1.2249529716822,0.29150178611251,-1.95950436924001,-1.19951554076035,-0.772284854093752,1.58324825509052,6.95843912111357,31.130126056728,0.103341564945335,-1.35160984275352,-0.946511030444887,-1.47370789031623,-1.12798312321416,0.527196859871338,NA,FALSE,FALSE,FALSE,"inconclusive"
"z[90,2]","Stan_internal",TRUE,-1.23861828879747,0.304313542175058,-1.96732063144965,-1.21143423025349,-0.762936562813744,1.53452886074636,7.38575725136467,33.5796838007968,0.104179756024704,-1.35489432414208,-0.956879212435359,-1.51097931652997,-1.13172030208246,0.554100104094606,NA,FALSE,FALSE,FALSE,"inconclusive"
"z[91,2]","Stan_internal",TRUE,-0.372955768280466,0.319807811385341,-1.12150620065978,-0.314585577104179,0.0720200988981923,1.97612741250567,5.52104434730456,34.4758242610724,0.14094721062325,-0.440897342854969,-0.104271407295396,-0.801561234243069,-0.145093088728432,0.697289826947673,NA,FALSE,FALSE,FALSE,"inconclusive"
"z[92,2]","Stan_internal",TRUE,1.56115430858769,0.415027754333743,0.828097573078942,1.53785622360953,2.53852261853419,1.08938257149676,28.4447182410497,64.0863696278729,0.0705092196949753,1.35031095148002,1.68821273999805,1.54204572717337,1.6640478156993,0.337901788518039,NA,FALSE,FALSE,FALSE,"inconclusive"
"z[93,2]","Stan_internal",TRUE,0.752909505428578,0.487635880925448,-0.0429024611336499,0.728404826928162,2.25749038368326,1.28420523211376,11.078336151287,31.2953220156317,0.134913385009867,0.366382740603595,1.01707119305907,0.96298902272164,0.66519506533001,0.650688452455474,NA,FALSE,FALSE,FALSE,"inconclusive"
"z[94,2]","Stan_internal",TRUE,1.18321173018761,0.406004574840257,0.457872854973419,1.17565027835427,2.2075522742151,1.0954433248454,26.919423007833,55.3498629833903,0.0632833274380426,0.975309964964893,1.27018098132215,1.30153709826423,1.18581887619916,0.326227133299341,NA,FALSE,FALSE,FALSE,"inconclusive"
"z[95,2]","Stan_internal",TRUE,0.955523547874692,0.554509730816225,0.0638305956149946,0.903272865903461,2.50256715917825,1.1250991735644,24.4085094655264,72.4142063299892,0.0738757381811447,0.674295507599018,1.07996311039437,1.12059493302782,0.947240640477568,0.446299425428801,NA,FALSE,FALSE,FALSE,"inconclusive"
"z[96,2]","Stan_internal",TRUE,1.40836056834363,0.637303670028599,0.514043974630504,1.22959520095658,2.8121028458866,1.29232437378873,13.9825772863863,68.2234546282897,0.207716038680258,1.94193469318627,1.38163247046453,1.23908585581247,1.07078925391127,0.871145439274996,NA,FALSE,FALSE,FALSE,"inconclusive"
"z[97,2]","Stan_internal",TRUE,0.762363134788523,0.553386417855967,-0.158491162935747,0.724089447514093,2.2932940486146,1.19966695839283,14.5349444508964,50.3236336220145,0.124104145083873,0.407153911221025,0.938684880208622,1.00025864136776,0.703355106356682,0.593104730146736,NA,FALSE,FALSE,FALSE,"inconclusive"
"z[98,2]","Stan_internal",TRUE,1.31168289825438,0.393326366752505,0.623700501962328,1.29086043424193,2.37345556725596,1.18412770138796,14.6931352571641,42.5325810428082,0.0986791803116664,1.00649451248107,1.51982090606891,1.34426186114818,1.37615431331935,0.513326393587834,NA,FALSE,FALSE,FALSE,"inconclusive"
"z[99,2]","Stan_internal",TRUE,0.887141707287752,0.4320785011613,0.0782059920079778,0.880314490531543,2.0050133822148,1.0903288280244,29.8696331261732,60.0187863497408,0.0586515931305239,0.714185092762566,0.92388569701961,1.07092730082873,0.839568738540098,0.356742208066166,NA,FALSE,FALSE,FALSE,"inconclusive"
"z[100,2]","Stan_internal",TRUE,1.12430986448544,0.463791082848428,0.325408397104931,1.10053336073273,2.42679757752849,1.07356192012999,63.3700802700922,76.3711581048741,0.0384064592378658,1.03639271367891,1.13393794793007,1.25303660595603,1.07387219037676,0.216643892277121,NA,FALSE,FALSE,FALSE,"inconclusive"
"z[101,2]","Stan_internal",TRUE,1.40037786457691,0.398037250795925,0.723771835485307,1.37629707200851,2.32400049426519,1.11416668238502,22.4400227470271,45.0043436489813,0.0709494390721971,1.19245084765637,1.52628047666691,1.39191254559648,1.49086758838788,0.333829629010533,NA,FALSE,FALSE,FALSE,"inconclusive"
"z[102,2]","Stan_internal",TRUE,1.26471618410692,0.317658985863039,0.637196516478624,1.26999379944816,1.87107477873384,1.16459482267662,15.8951768850141,43.4371429144817,0.08015056980921,0.999405293340556,1.36174088944777,1.3326731345165,1.36504541912287,0.365640125782316,NA,FALSE,FALSE,FALSE,"inconclusive"
"z[103,2]","Stan_internal",TRUE,1.43288613370882,0.524705095756069,0.694663122651856,1.34845812335791,2.93118303774537,1.41838440867134,8.13368547597204,12.1409429156487,0.208228211731512,1.03891182591867,1.9279979708393,1.36773893290108,1.39689580517621,0.889086144920634,NA,FALSE,FALSE,FALSE,"inconclusive"
"z[104,2]","Stan_internal",TRUE,0.882892280971748,0.332684062660272,0.20247251108959,0.902092761709613,1.46557009539809,1.29755957747419,10.0906519705457,41.6583187539151,0.106687440953868,0.562806453338215,0.953413160443609,1.13386592545117,0.881483584653995,0.571059472112954,NA,FALSE,FALSE,FALSE,"inconclusive"
"z[105,2]","Stan_internal",TRUE,1.06940954384491,0.317481302995534,0.418243604186348,1.08256748426189,1.64614359746551,1.19897595282475,13.6267378743492,38.6038516032224,0.0877229587154967,0.78343832215555,1.15448324527524,1.21737508777947,1.12234152016939,0.433936765623916,NA,FALSE,FALSE,FALSE,"inconclusive"
"z[106,2]","Stan_internal",TRUE,1.12407656041782,0.29505656913731,0.524408289473024,1.13367651549114,1.66513814669016,1.22368763682987,12.4832127878467,36.7617519444795,0.0852629994697675,0.840516326148715,1.21808987328359,1.23363533134861,1.20406471089038,0.393119005199894,NA,FALSE,FALSE,FALSE,"inconclusive"
"z[107,2]","Stan_internal",TRUE,1.24697236843615,0.474647431382514,0.455374397159742,1.21496804787289,2.55448147917853,1.06606826988303,42.5849883193661,64.1401670966262,0.046893475647955,1.06376921428006,1.33720482943201,1.34186568682187,1.24504974321065,0.278096472541807,NA,FALSE,FALSE,FALSE,"inconclusive"
"z[108,2]","Stan_internal",TRUE,0.753371713194499,0.333883850934131,0.0722350225655989,0.772466675933552,1.35011467504114,1.24353024863404,11.7045492451643,48.0308779856979,0.0997686641147228,0.442502547100978,0.829324960470739,0.968745645028213,0.772913700178066,0.526243097927235,NA,FALSE,FALSE,FALSE,"inconclusive"
"z[109,2]","Stan_internal",TRUE,0.810595865264733,0.409005500595761,0.0900495782586477,0.808899546927894,1.55089736223203,1.20821713526877,13.1905623114386,52.7098230361033,0.10192209007431,0.476443345913167,0.926273329107433,0.975622096216556,0.864044689821776,0.499178750303389,NA,FALSE,FALSE,FALSE,"inconclusive"
"z[110,2]","Stan_internal",TRUE,1.33005810433336,0.645878569747617,0.57489614604182,1.07569524667855,2.72675826786463,1.57296065807624,6.84361654779237,18.3166680147018,0.304216640312017,2.37458816790871,0.972576550604925,1.03740005351228,0.935667645307528,1.43892052260118,NA,FALSE,FALSE,FALSE,"inconclusive"
"z[111,2]","Stan_internal",TRUE,1.14148133582303,0.42499178166299,0.448604020801762,1.11267411927751,2.48735677140235,1.2327285702248,13.4835672091439,28.9283908685975,0.108164574413953,0.807665914643144,1.39537266323757,1.21821221366868,1.14467455174275,0.587706748594423,NA,FALSE,FALSE,FALSE,"inconclusive"
"z[112,2]","Stan_internal",TRUE,1.26235539918929,0.468771836211783,0.542836429262288,1.21602065194803,2.80429714487054,1.12311905024239,21.1446856136349,27.3848947583269,0.0953801177761166,1.03842004544572,1.26073586127007,1.27526791533957,1.47499777470179,0.436577729256064,NA,FALSE,FALSE,FALSE,"inconclusive"
"z[113,2]","Stan_internal",TRUE,1.44234624651338,0.552957655462258,0.748074563256647,1.27784153228442,2.79220427926538,1.37374534364823,12.4501660898357,20.8714728827136,0.212144944122829,2.06082299043258,1.23348329826744,1.2234079157683,1.2516707815852,0.837415074664288,NA,FALSE,FALSE,FALSE,"inconclusive"
"z[114,2]","Stan_internal",TRUE,1.18218544249361,0.462459303251019,0.431426061025966,1.15314662305373,2.5787437675786,1.28954401438359,10.974164238301,12.4954224439645,0.136588604067652,0.807326341482972,1.47303405487606,1.31380958000271,1.13457179361271,0.665707713393085,NA,FALSE,FALSE,FALSE,"inconclusive"
"z[115,2]","Stan_internal",TRUE,1.16843324892533,0.368708627781803,0.446270662663413,1.18230838148451,1.82330821238249,1.20060769704707,13.6878124675817,45.6285158947793,0.0971780178068708,0.86317509660713,1.26088787659171,1.36167462143454,1.18799540106796,0.498499524827407,NA,FALSE,FALSE,FALSE,"inconclusive"
"z[116,2]","Stan_internal",TRUE,1.30019792699201,0.347256503168801,0.629188273119747,1.31062295375965,1.91331595862388,1.19576191189523,13.8513034764868,46.2739337904749,0.0913158525554304,1.0072079686562,1.41072665603877,1.44016716831068,1.34268991496238,0.432959199654475,NA,FALSE,FALSE,FALSE,"inconclusive"
"z[117,2]","Stan_internal",TRUE,0.81535600598339,0.494070903124189,-0.0438292969328048,0.79887911975205,2.08123108992037,1.15098256825713,18.5513542582296,68.666530764558,0.0940058613101257,0.589681989570113,0.89408284579108,1.08200930194753,0.695649886624839,0.492327312377417,NA,FALSE,FALSE,FALSE,"inconclusive"
"z[118,2]","Stan_internal",TRUE,0.768538102557715,0.358045057107959,0.0622565113876037,0.783208249136142,1.40557836918277,1.36943532697745,8.74937501981917,48.9174469306394,0.122657940323068,0.427612283186413,0.82925255856352,1.09285418764036,0.724433380840572,0.665241904453944,NA,FALSE,FALSE,FALSE,"inconclusive"
"z[119,2]","Stan_internal",TRUE,1.51352143413024,0.375022815124057,0.806864549975692,1.50984616235278,2.26770837895806,1.09077440678124,27.9250589288552,57.1958128370543,0.0602893040239476,1.30908582729791,1.57922953949443,1.59121771623733,1.57455265349127,0.282131888939422,NA,FALSE,FALSE,FALSE,"inconclusive"
"z[120,2]","Stan_internal",TRUE,1.02317828417513,0.45321483510219,0.222425096257636,1.0112892802299,2.28108227734853,1.10821521495665,25.8509676568906,62.1001142654181,0.0691595011297196,0.829748006443441,1.11120727834682,1.1880400641617,0.963717787748566,0.358292057718261,NA,FALSE,FALSE,FALSE,"inconclusive"
"z[121,2]","Stan_internal",TRUE,1.18436661108506,0.307565529944687,0.56536435063769,1.2019495204236,1.74674758416668,1.21381982790421,12.9392159402237,41.78262965469,0.0875342096912452,0.897149369616448,1.26755142728908,1.32614899000698,1.24661665742776,0.428999620390529,NA,FALSE,FALSE,FALSE,"inconclusive"
"z[122,2]","Stan_internal",TRUE,1.14843830345539,0.422847143938492,0.418217811708305,1.13706461217907,2.01335439166891,1.15631984455391,16.8349833788942,50.2023957231097,0.0894075439015075,0.847492277362377,1.23032688809289,1.28836782053301,1.2275662278333,0.440875543170632,NA,FALSE,FALSE,FALSE,"inconclusive"
"z[123,2]","Stan_internal",TRUE,1.38630700022168,0.671767886470145,0.47523665409793,1.17120487268722,2.79462705324506,1.48271655888047,7.73760709196729,27.9751234903044,0.281567294482163,2.33461804833616,1.12678169608927,1.16992088732678,0.913907369134497,1.42071067920167,NA,FALSE,FALSE,FALSE,"inconclusive"
"z[124,2]","Stan_internal",TRUE,1.78730744688093,0.386776320181792,1.11029526991856,1.76072363788647,2.6356425598032,1.13768138958051,19.0918631318736,121.684792026341,0.0815199288390833,1.58672562725824,1.91551357290218,1.67782840170377,1.96916218565953,0.382436558401292,NA,FALSE,FALSE,FALSE,"inconclusive"
"z[125,2]","Stan_internal",TRUE,1.50229985942103,0.321973550169371,0.883393437046255,1.5061204796274,2.12144171734942,1.17572251768313,15.4125355741879,44.0234594360099,0.0786253978176853,1.23770262777214,1.61172621210525,1.55308894696363,1.6066816508431,0.374023584333108,NA,FALSE,FALSE,FALSE,"inconclusive"
"z[126,2]","Stan_internal",TRUE,0.981985897738649,0.323412092957703,0.325230097190773,0.999484566117838,1.56851079219346,1.31094981300688,9.9187573468687,46.6855469847204,0.104512573408069,0.666404156227246,1.05288181614222,1.22837151541339,0.980286103171742,0.561967359186143,NA,FALSE,FALSE,FALSE,"inconclusive"
"z[127,2]","Stan_internal",TRUE,-0.70481917905595,1.05263573540218,-2.39236276205868,-0.634350564951684,0.806123621012233,2.53109397960796,4.77997755266129,20.2042879386668,0.510368639296543,0.618596290854639,-1.39502961401848,-0.0920386947557128,-1.95080469830425,2.56940098915889,NA,FALSE,FALSE,FALSE,"inconclusive"
"z[128,2]","Stan_internal",TRUE,-0.344131172565329,1.05282162342313,-2.55844902274847,0.0293278353353457,0.841136119308451,2.64589124391402,4.70339836972512,27.3316129101418,0.511034830070868,0.281890938110223,-2.02135917149716,-0.271226128963136,0.634169672088753,2.65552884358591,NA,FALSE,FALSE,FALSE,"inconclusive"
"z[129,2]","Stan_internal",TRUE,-0.676209152597185,0.290623417488532,-1.40645354227044,-0.657690576239147,-0.228758989542933,1.71307447823336,6.29869797371375,39.3626725291087,0.11358967126442,-0.780351156114084,-0.420024324654977,-0.991882144758584,-0.512578984861096,0.571857820103607,NA,FALSE,FALSE,FALSE,"inconclusive"
"z[130,2]","Stan_internal",TRUE,-1.49447044190359,0.278565245599175,-2.13414400726755,-1.48316087187151,-0.997838876919871,1.30600962948467,10.1139229867695,52.1878958040018,0.0829230460173156,-1.65479282415422,-1.24020439224166,-1.6191550650558,-1.46372948616269,0.414588431912563,NA,FALSE,FALSE,FALSE,"inconclusive"
"z[131,2]","Stan_internal",TRUE,-0.667224513266237,0.316896558912042,-1.39387412939453,-0.625323411239188,-0.184439309595594,1.77433149027336,5.96525499099489,31.3567151691604,0.130680058390822,-0.745128255443141,-0.391630404011422,-1.05422810216544,-0.477911291444942,0.662597698154018,NA,FALSE,FALSE,FALSE,"inconclusive"
"z[132,2]","Stan_internal",TRUE,1.29415110558408,0.456021441802555,0.56900701315181,1.24478912589214,2.64422354966471,1.13981601156204,41.3692515436462,14.0348320345387,0.0843614870379685,1.31484653946773,1.29242022914721,1.30239444697322,1.26694320674815,0.047903332719579,NA,FALSE,FALSE,FALSE,"inconclusive"
"z[133,2]","Stan_internal",TRUE,0.565992044733687,0.390237627136874,-0.170531808780467,0.575090812908154,1.24889116119924,1.33202482200376,9.39819472632277,55.3821905274503,0.123034557246267,0.211784435796258,0.666953715416534,0.869561612167885,0.515668415554072,0.657777176371627,NA,FALSE,FALSE,FALSE,"inconclusive"
"z[134,2]","Stan_internal",TRUE,1.13088284201917,0.584819946562098,0.269400412945081,1.02692991210148,2.54942627361715,1.16774873599005,43.2836247097218,62.1753851740768,0.100904748390822,1.2329870800407,1.17326068034481,1.12499503025627,0.992288577434901,0.240698502605798,NA,FALSE,FALSE,FALSE,"inconclusive"
"z[135,2]","Stan_internal",TRUE,-0.709555520376852,1.05754452568164,-2.42860618129268,-0.676299670716801,0.820386218132009,2.50254720672303,4.79939946394438,21.6890760769361,0.511693138715195,0.610182991350614,-1.40228060132194,-0.0856312834542288,-1.96049318808186,2.57067617943248,NA,FALSE,FALSE,FALSE,"inconclusive"
"z[136,2]","Stan_internal",TRUE,-0.964141750830703,0.29689249433496,-1.65859156521987,-0.948057384794745,-0.463199029236321,1.45920379970645,7.89095057612491,46.054264859716,0.102873195299563,-1.08063828514012,-0.704854598098528,-1.23156896491554,-0.839505155168613,0.526714366817017,NA,FALSE,FALSE,FALSE,"inconclusive"
"z[137,2]","Stan_internal",TRUE,-0.317311989496668,0.357943172893209,-1.14339836641608,-0.259278455690448,0.235540919660131,1.74872804406373,6.06106962653662,29.7156643657381,0.149588857494918,-0.371344011606083,-0.0443224441862114,-0.778906332678577,-0.0746751695158001,0.734583888492365,NA,FALSE,FALSE,FALSE,"inconclusive"
"z[138,2]","Stan_internal",TRUE,-0.72521919280181,0.288964812378447,-1.3926589005245,-0.697233033623267,-0.283636936887435,1.79305366320196,5.9591271066081,32.3384329512598,0.118750652761097,-0.821604348822648,-0.458901164987447,-1.06130420501812,-0.55906705237903,0.60240304003067,NA,FALSE,FALSE,FALSE,"inconclusive"
"z[139,2]","Stan_internal",TRUE,0.680709460835852,0.310224971046857,0.0522110639221714,0.694229998326308,1.24522964619486,1.35981137746469,8.92053786465541,36.1761595505602,0.10538402431999,0.359138386429196,0.750137474723309,0.925201540645386,0.688360441545518,0.56606315421619,NA,FALSE,FALSE,FALSE,"inconclusive"
"z[140,2]","Stan_internal",TRUE,0.659426176403077,0.409050266921909,-0.0759510093725563,0.653092011365931,1.40285514938303,1.34010070603361,9.23911329365303,64.9848865034177,0.129683832020598,0.28870378244884,0.810331783822382,0.943209845609506,0.59545929373158,0.654506063160665,NA,FALSE,FALSE,FALSE,"inconclusive"
"z[141,2]","Stan_internal",TRUE,-0.53081224993831,0.298982817910503,-1.24868997679824,-0.493975927395843,-0.0691450849557441,1.80316650822185,5.95419798894697,47.4783241996916,0.123219399289841,-0.620881588328956,-0.269056969194221,-0.891340064226897,-0.341970378003169,0.622283095032676,NA,FALSE,FALSE,FALSE,"inconclusive"
"z[142,2]","Stan_internal",TRUE,0.239241590081119,0.410838459163597,-0.637802982211919,0.341862954683866,0.818835177644515,1.90642796749379,5.59149764276515,30.8648211024757,0.187399222702994,0.228177112569103,0.518954709510584,-0.362883498190769,0.572718036435557,0.935601534626326,NA,FALSE,FALSE,FALSE,"inconclusive"
"z[143,2]","Stan_internal",TRUE,-0.69202351988754,0.252731712398108,-1.15962112840436,-0.689546815309385,-0.259155677104194,1.67787267317688,6.39293111157499,38.2805674209599,0.100460127497581,-0.820365633467057,-0.453218400744537,-0.943947485843511,-0.550562559495055,0.490729085098973,NA,FALSE,FALSE,FALSE,"inconclusive"
"z[1,3]","Stan_internal",TRUE,-0.123297387827802,0.99630863692752,-2.05903606292628,-0.100336153757024,1.84284564336682,1.00831435372002,4120.82575052614,4695.61162640943,0.0153686115959733,0.0284142742998431,-0.162202881831298,-0.0620551306471851,-0.297345813132569,0.325760087432412,NA,FALSE,FALSE,TRUE,"diagnostics_met_only"
"z[2,3]","Stan_internal",TRUE,0.00569077781111453,1.01183492779425,-1.97834393950713,0.00873383334571969,1.94671503284123,1.00126304797059,13367.1615175273,5768.49787005001,0.0087433735483315,-0.0028551191634164,0.0280762280250027,-0.010601591368212,0.00814359375108392,0.0386778193932146,NA,FALSE,FALSE,TRUE,"diagnostics_met_only"
"z[3,3]","Stan_internal",TRUE,-0.0151783379092431,1.00310534229797,-1.99844896239387,-0.0188929670003772,1.92169685669012,1.00071361887961,14079.2355792441,5305.21645836266,0.00845127058383312,-0.013038326979795,0.0266498512538205,-0.0679059563462639,-0.00641891956473387,0.0945558076000844,NA,FALSE,FALSE,TRUE,"diagnostics_met_only"
"z[4,3]","Stan_internal",TRUE,-0.0109141291174547,0.98140738836014,-1.92542173573437,-0.00537704880609645,1.94944966495852,1.00042224886579,11406.6703396821,5824.92625115269,0.0091947417665379,0.00323757369549441,0.00971304123370006,-0.0675973454020237,0.0109902140030104,0.0785875594050341,NA,FALSE,FALSE,TRUE,"diagnostics_met_only"
"z[5,3]","Stan_internal",TRUE,-0.0200731159786034,1.02042944746162,-2.00376086948672,-0.0228213807933419,1.96664719385272,1.00069318516169,13817.4233234561,5320.27969262323,0.00868418434609259,0.00148947884598635,-0.0246732130871631,-0.0348153783789435,-0.0222933512942931,0.0363048572249298,NA,FALSE,FALSE,TRUE,"diagnostics_met_only"
"z[6,3]","Stan_internal",TRUE,-0.0179331699950012,0.990243311020398,-1.95220197553771,-0.0224742014880184,1.96679183548639,1.00060227189366,11259.1523295793,5328.37504402145,0.00933192021943936,-0.019555028690583,-0.00789835515089685,-0.057444748425732,0.0131654522872071,0.0706102007129391,NA,FALSE,FALSE,TRUE,"diagnostics_met_only"
"z[7,3]","Stan_internal",TRUE,0.00959424548764307,0.993770755946411,-1.93472429320806,0.00993549511028912,1.95905762002211,1.00083609364192,15682.6824418697,5712.37990799589,0.00794380640061515,-0.0129934595659103,0.00445881260199846,0.0121500962465773,0.0347615326679068,0.0477549922338171,NA,FALSE,FALSE,TRUE,"diagnostics_met_only"
"z[8,3]","Stan_internal",TRUE,-0.00706048643338867,0.986796117918292,-1.9636062472848,-0.00429397070634869,1.93492818481433,1.00034610494108,15752.3914531134,5353.33334254401,0.0078423868953429,-0.00839218164772669,-0.00765230807029363,-0.0213374856045652,0.00914002958903085,0.0304775151935961,NA,FALSE,FALSE,TRUE,"diagnostics_met_only"
"z[9,3]","Stan_internal",TRUE,-0.0231221774598164,1.00201156646452,-2.00977538135123,-0.0357599677960219,1.96144274086294,1.0002973704122,15439.3454958845,5116.23690206171,0.00805377114372774,-0.012187562918357,-0.0282716497957779,-0.025796714790883,-0.0262327823342476,0.0160840868774209,NA,FALSE,FALSE,TRUE,"diagnostics_met_only"
"z[10,3]","Stan_internal",TRUE,-0.00558502019753046,0.991303609913158,-1.93891681203804,-0.00566803514994465,1.9462003284603,1.00027591619665,14993.3866523292,6032.39144491041,0.00809347091572289,-0.00393902667056683,-0.000854193768239776,-0.000995194006162069,-0.0165516663451532,0.0156974725769134,NA,FALSE,FALSE,TRUE,"diagnostics_met_only"
"z[11,3]","Stan_internal",TRUE,-0.0209344396027838,1.02978516946512,-2.04993565447178,-0.0199895182995334,1.99816013564114,1.00022624829149,11898.1772795616,5124.86065261156,0.0094472222126444,-0.0168992287421978,0.00998394120382558,-0.0469795535925249,-0.029842917280238,0.0569634947963504,NA,FALSE,FALSE,TRUE,"diagnostics_met_only"
"z[12,3]","Stan_internal",TRUE,-0.000715379495268223,0.997174302033078,-1.92090226152761,0.0009338951189237,1.93317876439296,1.00147981592615,12870.8359805586,5448.15970809962,0.00878684563258463,0.0102509279271877,0.0062040956245803,-0.0392375121737416,0.0199209706409007,0.0591584828146423,NA,FALSE,FALSE,TRUE,"diagnostics_met_only"
"z[13,3]","Stan_internal",TRUE,-0.016115059875871,1.00538795105298,-2.00165614874075,-0.0186124291757372,1.98235485800073,1.0008097452429,14811.5548376714,5647.68565139735,0.00827664291483531,-0.0126330772711334,-0.0269943122565095,-0.0189550446871734,-0.00587780528866767,0.0211165069678418,NA,FALSE,FALSE,TRUE,"diagnostics_met_only"
"z[14,3]","Stan_internal",TRUE,0.00187012407859417,0.980842019718172,-1.93577431477875,0.00331486726985159,1.91468438457356,1.00003887564427,15189.666306566,5255.66559147776,0.00793784825383327,-0.0150606725651596,0.0247407336073948,0.00107410743994459,-0.00327367216780326,0.0398014061725544,NA,FALSE,FALSE,TRUE,"diagnostics_met_only"
"z[15,3]","Stan_internal",TRUE,0.00017142256359312,0.997446166857313,-1.98558407216922,0.00214539417211961,1.94895634707127,1.0010790654287,16028.0675719244,5150.6164990734,0.0078694787798349,0.00631231119344871,0.00389964095053164,-0.0117460959523055,0.00221983406269767,0.0180584071457542,NA,FALSE,FALSE,TRUE,"diagnostics_met_only"
"z[16,3]","Stan_internal",TRUE,-0.0179079938764121,1.00177158417494,-1.96654872828134,-0.0211040989013998,1.92212047872982,1.00084591790486,15085.8976104699,5390.71772986081,0.0081629929683978,-0.0197409600272629,-0.0102739978930033,-0.0194575129808264,-0.0221595046045558,0.0118855067115526,NA,FALSE,FALSE,TRUE,"diagnostics_met_only"
"z[17,3]","Stan_internal",TRUE,-0.0245108087870372,0.997471512168967,-2.03147593294423,-0.0310544678778359,1.99612569686776,1.00174492294359,11696.5988361832,4916.514322392,0.0092333538297359,0.00214782222668123,0.0239901557386325,-0.115870527249375,-0.00831068586408805,0.139860682988007,NA,FALSE,FALSE,TRUE,"diagnostics_met_only"
"z[18,3]","Stan_internal",TRUE,-0.00665764432013854,0.996877027662037,-1.95395736853127,-0.00499882021623113,1.97336917055905,1.00026368646409,14713.8944491767,5233.57602285368,0.00823606939875224,0.00119027817830197,-0.0301648785201452,0.000811671515251585,0.0015323515460374,0.0316972300661826,NA,FALSE,FALSE,TRUE,"diagnostics_met_only"
"z[19,3]","Stan_internal",TRUE,-0.0463513162102198,0.996913265680183,-1.98383317358922,-0.0500113801657619,1.92129355006648,1.00230880717561,10358.5055311865,5313.39608060234,0.00980543124723201,0.01876303827724,-0.156925975548331,-0.0456410913931882,-0.0016012361766003,0.175689013825571,NA,FALSE,FALSE,TRUE,"diagnostics_met_only"
"z[20,3]","Stan_internal",TRUE,-0.207738866410868,1.0066062018353,-2.14911843299314,-0.218748189801952,1.76966250128656,1.03821842931431,67.8648736674061,3898.15482786517,0.122395679622533,-0.260086574501493,-0.540862560769172,-0.0272063518865722,-0.00279997848623295,0.538062582282939,NA,FALSE,FALSE,FALSE,"inconclusive"
"z[21,3]","Stan_internal",TRUE,-0.0271494311868906,0.987167976827408,-1.96296157083974,-0.0365187883911107,1.87297057975043,1.00180534930531,14054.767651937,5388.12070386679,0.00833528397685365,-0.0202570969423737,-0.0164843362783147,-0.0741070748559186,0.00225078332904407,0.0763578581849627,NA,FALSE,FALSE,TRUE,"diagnostics_met_only"
"z[22,3]","Stan_internal",TRUE,-0.0103299573003062,0.992837701414149,-2.00623543448499,0.000239140557435882,1.92440024975892,1.00031613565589,13609.2624678246,5238.57352815042,0.00850257400985491,-0.0131245127435111,0.0355112703089171,-0.0457707537249035,-0.0179358330417274,0.0812820240338206,NA,FALSE,FALSE,TRUE,"diagnostics_met_only"
"z[23,3]","Stan_internal",TRUE,-0.0254655116540491,1.01436684962947,-2.03385603913632,-0.0244456554167372,2.01396019485252,1.00038133724939,14947.747462727,5853.69597616085,0.0083130015933636,0.00449381637458954,-0.024012706696056,-0.0692014300162716,-0.0131417262784582,0.0736952463908611,NA,FALSE,FALSE,TRUE,"diagnostics_met_only"
"z[24,3]","Stan_internal",TRUE,-0.00443058533782367,0.99915068262425,-2.01018084648869,-0.00626952087745769,1.97240084563941,1.00001731609009,14505.5083422958,5603.43084577879,0.00828611599086117,0.00747835758740429,-0.00358127508393574,-0.0301464070566178,0.00852698320185458,0.0386733902584724,NA,FALSE,FALSE,TRUE,"diagnostics_met_only"
"z[25,3]","Stan_internal",TRUE,-0.001349349990656,1.00588605941518,-1.96690287865615,-0.00604872404640863,2.01458644380307,1.00028512429913,13731.4454848607,5414.95561540949,0.00859301806738449,0.0037675983233209,0.037274577685397,-0.0516643793370699,0.00522480336572794,0.088938957022467,NA,FALSE,FALSE,TRUE,"diagnostics_met_only"
"z[26,3]","Stan_internal",TRUE,-0.00205650626087609,0.998003192320558,-1.99040662422758,0.0122278414294199,1.93765277668895,1.00094298754415,16769.1789282998,5353.63014005906,0.00770495929254586,0.011439011870827,0.00894389603545022,-0.0208672434561366,-0.00774168949364474,0.0323062553269635,NA,FALSE,FALSE,TRUE,"diagnostics_met_only"
"z[27,3]","Stan_internal",TRUE,-0.00580927924270836,0.978374795292761,-1.91167106157845,-0.0112130970299035,1.87820484360132,1.00059982815098,15091.7759045992,5473.38972085257,0.00796680204626914,-0.0185474700654762,0.0135939860952163,-0.0200872381032835,0.00180360510270997,0.0336812241984998,NA,FALSE,FALSE,TRUE,"diagnostics_met_only"
"z[28,3]","Stan_internal",TRUE,-0.00447769659497528,1.0005339733186,-1.989131051838,-0.00733365228989201,1.90077926127104,1.00163124452409,17243.1553457914,5554.46870748116,0.00760704439812495,-0.000484537437177806,0.00386748316305501,-0.00154037798001097,-0.0197533541257673,0.0236208372888224,NA,FALSE,FALSE,TRUE,"diagnostics_met_only"
"z[29,3]","Stan_internal",TRUE,-0.0235728417562778,1.01336338400113,-2.01382929460779,-0.0263989732335649,1.97992610524014,1.00118482788256,15322.9793130833,5238.50837021238,0.00817710573272035,-0.021104304876486,0.015405276312215,-0.0576850812871162,-0.0309072571737239,0.0730903575993311,NA,FALSE,FALSE,TRUE,"diagnostics_met_only"
"z[30,3]","Stan_internal",TRUE,0.0119376789477637,1.02051954584133,-2.01579653013191,0.0124077168050613,1.9969597288354,1.00081989134893,13187.9458380615,5354.91901041213,0.0088921875223009,-0.0141637850729492,0.00732050957002228,0.07196285181822,-0.0173688605242381,0.0893317123424581,NA,FALSE,FALSE,TRUE,"diagnostics_met_only"
"z[31,3]","Stan_internal",TRUE,0.00547623005808769,1.00967362783043,-1.95366633758412,0.0211095572552393,1.97251239830091,1.00049086734761,13415.5373681305,6082.62133545273,0.00871878113372912,-0.00472744512325011,-0.0323373815432721,0.0585784143345855,0.000391332564287506,0.0909157958778576,NA,FALSE,FALSE,TRUE,"diagnostics_met_only"
"z[32,3]","Stan_internal",TRUE,0.00384902527154077,0.977735895872581,-1.92248869558235,0.0154987343045716,1.89962565341911,1.00054515853014,15415.1177343821,5114.33245504929,0.0078790363559341,-0.00657016714557331,-0.0181570017790595,0.0350107852725503,0.00511248473824557,0.0531677870516097,NA,FALSE,FALSE,TRUE,"diagnostics_met_only"
"z[33,3]","Stan_internal",TRUE,0.0172524991451382,1.00241084465972,-1.96455737569783,0.0349250720406688,1.99345694234599,1.00144654642138,16454.8551414028,5466.08343638652,0.0078125153181751,0.028392260415016,0.0187549550257051,0.00340354487539341,0.0184592362644381,0.0249887155396226,NA,FALSE,FALSE,TRUE,"diagnostics_met_only"
"z[34,3]","Stan_internal",TRUE,0.00229536770320094,0.970901533953289,-1.92300929618697,0.00384475258030833,1.91163851069616,1.0004009803483,15266.4735077124,5503.63073585662,0.00784439345373803,0.00640946411497269,0.00428309915135645,-0.00612195077476355,0.0046108583212382,0.0125314148897362,NA,FALSE,FALSE,TRUE,"diagnostics_met_only"
"z[35,3]","Stan_internal",TRUE,-0.00530966251985264,1.00576094397392,-1.98155761954749,-0.00304387276206417,1.97069511012244,1.00027774166535,16122.7350875964,5672.22404891275,0.0079114416540294,0.0194663259953307,0.000636488430378477,-0.0413428423127112,1.37780759140027e-06,0.0608091683080419,NA,FALSE,FALSE,TRUE,"diagnostics_met_only"
"z[36,3]","Stan_internal",TRUE,-0.00653018369760375,0.981138844214315,-1.94183714251589,-0.0137868872249772,1.88255739283153,1.00162572259972,16305.903901773,5365.79566817318,0.00769530743771517,0.00537190242712655,0.00972627777812767,-0.0399722261279469,-0.00124668886772224,0.0496985039060746,NA,FALSE,FALSE,TRUE,"diagnostics_met_only"
"z[37,3]","Stan_internal",TRUE,-0.017311176600256,1.0099341915231,-1.98234590866613,-0.0216712330572243,1.97853338668315,1.00061000984782,15550.897175914,5487.16534782205,0.00810991220221698,-0.000850544035480262,-0.0416216429226842,-0.0302557680308833,0.00348324858802392,0.0451048915107082,NA,FALSE,FALSE,TRUE,"diagnostics_met_only"
"z[38,3]","Stan_internal",TRUE,-0.128293921825769,1.00184415674964,-2.12274995915029,-0.120007628989062,1.8599581432033,1.00734193352527,5152.07149813274,4565.8236645717,0.0135637679538156,-0.0135478463539884,-0.144417932186503,-0.0448083280483167,-0.310401580714268,0.29685373436028,NA,FALSE,FALSE,TRUE,"diagnostics_met_only"
"z[39,3]","Stan_internal",TRUE,-0.0195447336296309,0.992962195977628,-2.0282441137081,-0.0132804812467457,1.96289682639397,1.00014979407903,15152.7107842231,5893.74597066287,0.00805838817868045,-0.00779001908931007,0.0191810106621182,-0.0642068109411183,-0.0253631151502136,0.0833878216032365,NA,FALSE,FALSE,TRUE,"diagnostics_met_only"
"z[40,3]","Stan_internal",TRUE,-0.0173607764607358,1.00278279253479,-1.98943433909739,-0.0118941547797569,1.95374925230266,1.00059130087253,13965.2578484296,5330.80062769483,0.00847805425875581,-0.0110813073375749,-0.0118581127778676,-0.0448139697243046,-0.00168971600319609,0.0431242537211085,NA,FALSE,FALSE,TRUE,"diagnostics_met_only"
"z[41,3]","Stan_internal",TRUE,-0.00317404581146366,0.989207327183989,-1.93096586923158,-0.00115771920314115,1.96702061684185,1.00156510512964,14935.655381179,6003.18125273135,0.00810446250777317,0.0145789951104477,0.023639879970867,-0.0518831011874633,0.000968042860293884,0.0755229811583302,NA,FALSE,FALSE,TRUE,"diagnostics_met_only"
"z[42,3]","Stan_internal",TRUE,0.00684880768470611,1.020084487976,-1.95915074111494,0.00174168707304749,1.95448297039487,1.00107597627589,17223.8245993153,5116.5562300008,0.00777501171541218,0.020344692131209,-0.0011034754491525,-0.0301300086437846,0.0382840227005527,0.0684140313443373,NA,FALSE,FALSE,TRUE,"diagnostics_met_only"
"z[43,3]","Stan_internal",TRUE,-0.0647417402235895,0.986270999552353,-2.00662595462625,-0.0754922740843199,1.89727873475898,1.00036436334428,12515.2824184568,5272.59310140393,0.00882100687896864,-0.0877333141044127,-0.0469687644785624,-0.0238116549723121,-0.100453227339071,0.0766415723667586,NA,FALSE,FALSE,TRUE,"diagnostics_met_only"
"z[44,3]","Stan_internal",TRUE,-0.0432462534790709,0.976025450885314,-1.97069854951975,-0.0406226588287147,1.83150668928045,1.00093246640082,11993.5468149144,5273.38837017786,0.00889017245899681,-0.0521292424287419,-0.00124818285228881,-0.0347109782565619,-0.0848966103786912,0.0836484275264023,NA,FALSE,FALSE,TRUE,"diagnostics_met_only"
"z[45,3]","Stan_internal",TRUE,-0.070285364452536,0.963300641518301,-1.96576148404544,-0.0538453451352271,1.80040378331997,1.00201229029698,10659.773209513,5567.26897983244,0.00932643084436393,-0.00188698236948277,-0.0816720964577893,-0.0311815375834886,-0.166400841399384,0.164513859029901,NA,FALSE,FALSE,TRUE,"diagnostics_met_only"
"z[46,3]","Stan_internal",TRUE,-0.0783395723155153,1.00656835050459,-2.0098607335877,-0.0929339108307469,1.86836357821429,1.00232749278181,11318.1148772449,5047.60903608402,0.00948263820871787,0.00952650786745334,-0.0611807557769256,-0.0769366076636115,-0.184767433688977,0.194293941556431,NA,FALSE,FALSE,TRUE,"diagnostics_met_only"
"z[47,3]","Stan_internal",TRUE,-0.0551247664484925,0.987824930410181,-2.0060542142928,-0.0557337617875069,1.89277991705678,1.00520435081735,6779.82613958705,5814.81504232914,0.0120285354472169,0.009005617173039,-0.214215883920333,-0.0390507205092624,0.0237619214625868,0.23797780538292,NA,FALSE,FALSE,TRUE,"diagnostics_met_only"
"z[48,3]","Stan_internal",TRUE,-0.00695091092290509,0.990995079403698,-1.92677324423455,-0.0100595364170665,1.96570018532331,1.00162773451332,13202.7189507719,5361.57668903131,0.0086135514832491,0.0085933744374352,-0.0499396570960736,0.021940472172884,-0.00839783320586603,0.0718801292689576,NA,FALSE,FALSE,TRUE,"diagnostics_met_only"
"z[49,3]","Stan_internal",TRUE,-0.0589235984706405,0.980170744332032,-1.99184016038863,-0.0513644300618819,1.88289778948169,1.00241765353718,11044.6459146654,5082.03754590468,0.00934326243861159,-0.0246101624433115,-0.17454788655752,-0.041090771209815,0.00455442632808482,0.179102312885605,NA,FALSE,FALSE,TRUE,"diagnostics_met_only"
"z[50,3]","Stan_internal",TRUE,0.0173099608905116,0.997034911834642,-1.92746083134222,0.0179676299222733,1.96103429935605,1.00167177258904,14795.5801835697,5127.0628194381,0.0082091223492421,0.00951229000417277,0.00654501010989211,0.0574311788871906,-0.00424863543920904,0.0616798143263996,NA,FALSE,FALSE,TRUE,"diagnostics_met_only"
"z[51,3]","Stan_internal",TRUE,0.0341210287900366,1.0011382950468,-1.93313335742506,0.0253284815127584,1.99160819233989,1.00073694731936,13898.4434950973,5314.32546007771,0.00849124437023688,0.0153457609304985,0.0121987428579393,0.107185166357797,0.00175444501391164,0.105430721343885,NA,FALSE,FALSE,TRUE,"diagnostics_met_only"
"z[52,3]","Stan_internal",TRUE,0.00926126464729969,1.02353551017106,-1.99656952958372,0.000520206572718973,1.98964747866077,1.00070096945732,14870.8213429457,5254.75771617435,0.00838085677319835,0.0138609529614403,0.00111681476207983,0.0283707177626188,-0.00630342689694012,0.0346741446595589,NA,FALSE,FALSE,TRUE,"diagnostics_met_only"
"z[53,3]","Stan_internal",TRUE,-0.00888640598914318,0.987459836965074,-1.98673725145885,0.00344841306697943,1.91717703516914,1.00061533643,14970.9151865901,5970.15807646108,0.00806077468990586,-0.00248742271442637,-0.0472966171550316,0.0223100106276579,-0.00807159471477269,0.0696066277826896,NA,FALSE,FALSE,TRUE,"diagnostics_met_only"
"z[54,3]","Stan_internal",TRUE,-0.0192805410460898,0.984525760521619,-1.94611078829553,-0.0100430313563868,1.90742988365693,1.0001920119114,12500.4606682937,5616.45864620967,0.00881007982058785,3.03243925855163e-05,-0.0220273684958165,0.0136297838059971,-0.068754903887125,0.0823846876931222,NA,FALSE,FALSE,TRUE,"diagnostics_met_only"
"z[55,3]","Stan_internal",TRUE,-0.0727771752456506,0.942599136517366,-1.95318299634465,-0.0644207805053532,1.79952592226074,1.00032805110958,10433.8500776214,5390.24994358873,0.00921573329969018,-0.100706908158483,-0.0489762824549219,-0.0361593048289287,-0.105266205540269,0.0691069007113406,NA,FALSE,FALSE,TRUE,"diagnostics_met_only"
"z[56,3]","Stan_internal",TRUE,-0.0246459081312019,0.993533337480422,-2.00636709473577,-0.02010151196455,1.89851542631421,1.00151939923091,11047.0212892297,5993.56035399175,0.0094199663639782,-0.0448931677819838,0.000745806706942837,-0.0174858603820451,-0.0369504110677215,0.0456389744889266,NA,FALSE,FALSE,TRUE,"diagnostics_met_only"
"z[57,3]","Stan_internal",TRUE,-0.0179112974729701,0.97867169996475,-1.96998962862097,-0.0134123130270435,1.90297640307731,0.99997452353306,12020.6351578972,5486.89031006403,0.00893091419739887,-0.00861023633556488,-0.0160893400264369,-0.0178759781863507,-0.029069635343528,0.0204593990079631,NA,FALSE,FALSE,TRUE,"diagnostics_met_only"
"z[58,3]","Stan_internal",TRUE,0.0329563526445381,0.976507484079453,-1.8859056934134,0.0401817346326561,1.94260354018766,0.999883346964618,8905.30090120177,4564.08932614553,0.0103250832349858,0.0296536624213306,0.0445276493542641,0.00603749782864298,0.0516066009739149,0.0455691031452719,NA,FALSE,FALSE,TRUE,"diagnostics_met_only"
"z[59,3]","Stan_internal",TRUE,0.0430856433449133,0.97189004712946,-1.91213301590886,0.051004865704446,1.97464988917476,0.999953844396232,10760.9673277698,5883.29551076879,0.00936917779691738,0.0202806220686123,0.0553167875030616,0.029629165071638,0.0671159987363413,0.046835376667729,NA,FALSE,FALSE,TRUE,"diagnostics_met_only"
"z[60,3]","Stan_internal",TRUE,-0.0486717445147656,0.995480971818442,-2.00764750408281,-0.0422602337738389,1.87410922688348,1.00063434860245,12149.2625299822,5826.85230048381,0.00901473381173215,-0.0269366649000997,-0.0729546831414819,-0.0362421659956333,-0.0585534640218472,0.0460180182413822,NA,FALSE,FALSE,TRUE,"diagnostics_met_only"
"z[61,3]","Stan_internal",TRUE,0.0707100152892803,0.998076803860148,-1.8824203871876,0.0759314010704173,2.01771340309433,1.0012132064139,11582.863112877,5868.49038393033,0.00928652722621639,0.0495449081211874,0.0546360429708558,0.125542203364721,0.0531169067003565,0.0759972952435337,NA,FALSE,FALSE,TRUE,"diagnostics_met_only"
"z[62,3]","Stan_internal",TRUE,0.133423831978666,1.03854314932767,-1.88150668272175,0.124284043083676,2.15435457494014,1.00089966659426,8279.14838643302,4576.64913643847,0.0114049004180596,0.0822322211244477,0.135378040923127,0.203317627195564,0.112767438671525,0.121085406071116,NA,FALSE,FALSE,TRUE,"diagnostics_met_only"
"z[63,3]","Stan_internal",TRUE,-0.010601672013657,0.981942721831389,-1.92014673042265,-0.00282311898107784,1.89159816861456,1.00165597080622,10997.5955797192,5049.07872667809,0.0093522665257641,0.0132898986059428,-0.0261123199255103,0.0669945053247453,-0.0965787720598057,0.163573277384551,NA,FALSE,FALSE,TRUE,"diagnostics_met_only"
"z[64,3]","Stan_internal",TRUE,0.0997064364334553,1.00087162519994,-1.83301825757774,0.105878524654165,2.06595565144915,1.00088791979572,7963.56195639887,4273.30973918533,0.0113219383523705,0.0735365308760389,0.154050782613165,0.0609531272698843,0.110285304974733,0.093097655343281,NA,FALSE,FALSE,TRUE,"diagnostics_met_only"
"z[65,3]","Stan_internal",TRUE,0.0868835755441251,1.00235380852415,-1.87623897167535,0.0794015198257683,2.07262704552435,1.00156566329775,8099.53814095583,4717.62810691796,0.0111917152381209,-0.0102032129580796,0.105213032947992,0.109949819422667,0.142574662763921,0.152777875722001,NA,FALSE,FALSE,TRUE,"diagnostics_met_only"
"z[66,3]","Stan_internal",TRUE,0.138133112936881,1.00023240693568,-1.78372527267522,0.139885749348777,2.0578295278235,1.00130396204004,8454.36503192223,5314.99275449355,0.0108575912351419,0.0951585352895199,0.130846531140906,0.164804102938173,0.161723282378925,0.0696455676486529,NA,FALSE,FALSE,TRUE,"diagnostics_met_only"
"z[67,3]","Stan_internal",TRUE,0.142194645272287,1.03069026880655,-1.8413857940008,0.145016274373245,2.15728464347153,1.00096741396936,7783.32015887211,4738.50152672834,0.0117133305488932,0.152928294410194,0.117840041391971,0.14181533757168,0.156194907715302,0.0383548663233311,NA,FALSE,FALSE,TRUE,"diagnostics_met_only"
"z[68,3]","Stan_internal",TRUE,0.0159087572959843,0.982675370029591,-1.93666621473117,0.0222597806961485,1.92625432627869,1.0013057472967,10479.8730031885,5604.96441641051,0.00959626128047726,-0.00487501672660468,0.0219381014717171,0.0652073872536576,-0.0186354428148329,0.0838428300684905,NA,FALSE,FALSE,TRUE,"diagnostics_met_only"
"z[69,3]","Stan_internal",TRUE,0.147233571851702,1.02090808946718,-1.85347007866832,0.138920355797652,2.15949623537731,1.00007869857203,9440.55527212773,5318.38765108567,0.0105184319819756,0.128314266897685,0.114825315612985,0.17251322805766,0.173281476838479,0.0584561612254939,NA,FALSE,FALSE,TRUE,"diagnostics_met_only"
"z[70,3]","Stan_internal",TRUE,0.0694706164971801,0.996274796942931,-1.88871796558472,0.0867434097231775,2.01567729710819,1.00149304621758,11786.894292785,5360.83819893161,0.0091629671601218,0.0466920889186318,0.0822388016210328,0.0732172889618522,0.0757342864872033,0.035546712702401,NA,FALSE,FALSE,TRUE,"diagnostics_met_only"
"z[71,3]","Stan_internal",TRUE,0.0494507802487646,0.997861053625247,-1.93407212677016,0.0545759367891175,2.0476617939251,1.00024526621861,10693.2893139219,5841.61619834223,0.00962722364422315,0.0512566850591601,0.0492924008969954,0.0389810299370189,0.0582730051018837,0.0192919751648648,NA,FALSE,FALSE,TRUE,"diagnostics_met_only"
"z[72,3]","Stan_internal",TRUE,0.026494496601207,0.995377248501064,-1.92616165535622,0.0388545394382135,1.92315893637732,1.00206692758491,9075.47831530588,4324.82797622641,0.0104189714734508,0.00225906097962304,0.108436819478632,-0.0585661423076386,0.0538482482542115,0.167002961786271,NA,FALSE,FALSE,TRUE,"diagnostics_met_only"
"z[73,3]","Stan_internal",TRUE,0.0308616763898459,0.968879736066313,-1.86298478616435,0.029518160737349,1.87556035513101,1.0002714466503,11313.8094221182,5210.74677421938,0.00910879123963012,0.0121086637080455,0.0221975506450258,0.0779982944630729,0.0111421967432392,0.0668560977198337,NA,FALSE,FALSE,TRUE,"diagnostics_met_only"
"z[74,3]","Stan_internal",TRUE,-0.0668556561459838,0.987873814025716,-2.0418644609392,-0.0685810433008912,1.82437844329817,1.00104446706799,10310.4989208377,5949.53054195751,0.00974568365328367,-0.00133665891302715,-0.0679532253167206,-0.0814745013593868,-0.1166582389948,0.115321580081773,NA,FALSE,FALSE,TRUE,"diagnostics_met_only"
"z[75,3]","Stan_internal",TRUE,-0.066861231170482,0.975468338225674,-1.95866845836788,-0.0631051132530331,1.82405506469642,1.00141937810892,10341.6951466904,5525.39411853049,0.00956636010156579,0.00707823068064215,-0.0837593445071312,-0.058983582648041,-0.131780228207398,0.13885845888804,NA,FALSE,FALSE,TRUE,"diagnostics_met_only"
"z[76,3]","Stan_internal",TRUE,-0.141793185125918,0.964697532643834,-2.03700546084489,-0.145376462530396,1.76821804300327,1.00065746574139,10851.7996217386,5485.21151936953,0.00925441067066556,-0.159083822736016,-0.13770494570516,-0.0787176972738979,-0.191666274788597,0.112948577514699,NA,FALSE,FALSE,TRUE,"diagnostics_met_only"
"z[77,3]","Stan_internal",TRUE,-0.072259942551594,0.974712805660028,-2.02629202763908,-0.0641020940330183,1.81465965105231,1.00143967097802,9747.96160813355,6222.19119557867,0.00987191376280047,-0.102826747346854,-0.0347317420421298,-0.0764477028869786,-0.0750335779304137,0.0680950053047242,NA,FALSE,FALSE,TRUE,"diagnostics_met_only"
"z[78,3]","Stan_internal",TRUE,-0.0521431081291588,0.995239994269047,-1.97975264589275,-0.0532143307533261,1.89511472679278,1.00020871493075,10678.3743416103,5853.989324502,0.00962590916334561,-0.0506358876389218,-0.0554015429086535,-0.0667089590350248,-0.0358260429340351,0.0308829161009896,NA,FALSE,FALSE,TRUE,"diagnostics_met_only"
"z[79,3]","Stan_internal",TRUE,-0.211705788205643,0.994191972336377,-2.16668576915829,-0.206528509229066,1.72671004685026,1.00401954755248,7191.9451696825,4555.64887599983,0.0117490777783796,-0.265195487257641,-0.236295912496857,-0.062798974178974,-0.282532778889101,0.219733804710127,NA,FALSE,FALSE,TRUE,"diagnostics_met_only"
"z[80,3]","Stan_internal",TRUE,0.0715350947966829,1.00084231197721,-1.83560360162805,0.0667263113703304,2.02270461746097,1.00038437703885,11142.6708985176,5365.11463653685,0.00948260337539327,0.0318445642133258,0.11963715214532,0.0641824081080508,0.0704762547200354,0.0877925879319939,NA,FALSE,FALSE,TRUE,"diagnostics_met_only"
"z[81,3]","Stan_internal",TRUE,-0.0409718228080918,0.96924075193636,-1.94756321219975,-0.0299030519516882,1.84523867526352,1.00161312212873,11879.1646750777,5122.40218375708,0.00889640870549551,0.0085253785878006,-0.128008590607525,-0.0465862026847545,0.00218212347211162,0.136533969195326,NA,FALSE,FALSE,TRUE,"diagnostics_met_only"
"z[82,3]","Stan_internal",TRUE,0.0120825309598166,1.01712760420959,-1.91793323814065,0.018737984786325,1.96726242031732,1.0000848670497,15605.6966070872,5719.99207656745,0.00815175220728449,-0.00330907139620432,-0.00724609557039824,0.0234978298016395,0.0353874610042297,0.0426335565746279,NA,FALSE,FALSE,TRUE,"diagnostics_met_only"
"z[83,3]","Stan_internal",TRUE,-0.0440272766410488,0.961999889872243,-1.93088358378028,-0.0460997603101321,1.84074019532125,1.002924846507,11401.8434763286,5762.11665810574,0.00900738382832725,-4.22064780214068e-05,-0.168046281776142,-0.0193400143143504,0.0113193960043186,0.179365677780461,NA,FALSE,FALSE,TRUE,"diagnostics_met_only"
"z[84,3]","Stan_internal",TRUE,-0.0106103351844583,1.0166902306725,-2.02898528963069,-0.00724745594089508,1.99806098677202,1.00059655234434,14960.1592315618,4843.44743596773,0.00829529306058377,-0.0322232016637426,-0.0325363181648608,0.0164790644084445,0.00583911468232581,0.0490153825733053,NA,FALSE,FALSE,TRUE,"diagnostics_met_only"
"z[85,3]","Stan_internal",TRUE,-0.0091545119805202,1.00124312624185,-1.95737512306702,-0.0150699613747214,1.99458528132833,1.0009520988288,15298.2990591701,5199.11292689058,0.00808993108025274,-0.0244064498429348,-0.0181473340663483,-0.012207772909873,0.0181435088970753,0.0425499587400101,NA,FALSE,FALSE,TRUE,"diagnostics_met_only"
"z[86,3]","Stan_internal",TRUE,-0.0104243032337136,0.99120722379661,-1.97518922553728,-0.0137967380057116,1.93302729753079,1.00013876225021,13936.5873932561,5729.66140396705,0.00837870731368016,0.00225648419051079,-0.0366713836221896,0.0085675896837457,-0.0158499031869213,0.0452389733059353,NA,FALSE,FALSE,TRUE,"diagnostics_met_only"
"z[87,3]","Stan_internal",TRUE,0.0102775255301374,0.995312267884886,-1.95042012275341,0.0119891408083805,1.99075338112555,1.00013747426738,15724.1544028231,4845.38705717107,0.00793440819879828,0.0165812004080722,0.01293057931412,0.0210018783897956,-0.00940355599143825,0.0304054343812339,NA,FALSE,FALSE,TRUE,"diagnostics_met_only"
"z[88,3]","Stan_internal",TRUE,0.00213389580904055,0.975846069344448,-1.91160792113547,-0.00526015430415757,1.92340777603759,0.999993943898184,13549.7158137925,5939.08142424197,0.00837547866564142,-0.00198106848000181,-0.0140341856956386,0.0155868123182783,0.00896402509352419,0.0296209980139169,NA,FALSE,FALSE,TRUE,"diagnostics_met_only"
"z[89,3]","Stan_internal",TRUE,-0.00839702348741454,1.01348124853152,-1.98397095580562,-0.00138226387125084,2.00634678894901,1.00051905197686,15598.6129970186,6053.07172269666,0.00810618147443368,-0.00300166725546672,-0.0120251020756672,-0.0132843634215244,-0.00527696119699978,0.0102826961660577,NA,FALSE,FALSE,TRUE,"diagnostics_met_only"
"z[90,3]","Stan_internal",TRUE,0.000858882725696236,1.00682633862965,-2.00353873669488,-0.00352744101373686,1.99192610868554,1.00047951327221,14055.6405318139,4929.379028547,0.00847781472517241,0.00924875950501005,-0.0213248614919348,0.00202303351315186,0.0134885993765578,0.0348134608684926,NA,FALSE,FALSE,TRUE,"diagnostics_met_only"
"z[91,3]","Stan_internal",TRUE,0.000789260987388086,1.0122198641327,-2.00859689149666,0.0128223572127457,1.99470968736816,1.00077838052524,15918.6290636678,4854.29920264303,0.00800406743069598,0.0047402143277104,-0.0318867104242262,0.0311109685020219,-0.00080742845595371,0.0629976789262481,NA,FALSE,FALSE,TRUE,"diagnostics_met_only"
"z[92,3]","Stan_internal",TRUE,0.0381887815259423,1.01374874660489,-1.94368676250709,0.0418977171669537,2.01012726126961,1.00143336257967,10392.5006265072,5642.88495863731,0.00994367630814638,0.022034022961833,0.0602592402916786,-0.00718262536436238,0.0776444882146198,0.0848271135789822,NA,FALSE,FALSE,TRUE,"diagnostics_met_only"
"z[93,3]","Stan_internal",TRUE,0.0319824210798417,0.989123577154113,-1.91772922002328,0.0268668112510929,1.96393567101818,1.00042114312938,9386.91584356476,5128.51900329277,0.0102114790583286,0.0180828130183989,0.0431889205812717,0.0279448313399408,0.0387131193797556,0.0251061075628728,NA,FALSE,FALSE,TRUE,"diagnostics_met_only"
"z[94,3]","Stan_internal",TRUE,-0.0182309984709784,0.987990730401075,-1.93678501202076,-0.0283020060019567,1.90597765165612,1.00043487213173,10135.0397902369,5009.96377912252,0.0098083096161065,-0.0257103848645348,-0.0587512123557639,-0.0222805959852824,0.0338181993216673,0.0925694116774312,NA,FALSE,FALSE,TRUE,"diagnostics_met_only"
"z[95,3]","Stan_internal",TRUE,-0.0860415692987453,0.98549228577132,-2.01552186409043,-0.0793357652259819,1.86843751951802,1.00014573287825,11770.7572869837,5487.72123360889,0.00907843334162715,-0.100479251465627,-0.0712768501251487,-0.0853982009863591,-0.0870119746178468,0.0292024013404782,NA,FALSE,FALSE,TRUE,"diagnostics_met_only"
"z[96,3]","Stan_internal",TRUE,-0.0133936271327699,0.988344801681135,-1.95075817282209,-0.0167800803276502,1.90548728819904,1.00153519681744,12112.7121848891,5599.48477922448,0.00898729248148263,0.00101607554132296,0.0105990227911553,-0.0686102945752447,0.00342068771168698,0.0792093173664,NA,FALSE,FALSE,TRUE,"diagnostics_met_only"
"z[97,3]","Stan_internal",TRUE,-0.0753578675610052,0.988798484877377,-2.04826806311345,-0.0634239704009444,1.85363568880229,1.00057717573114,14152.6598326737,5866.94582108022,0.00830896893726222,-0.065570001002351,-0.101392687473783,-0.0834200775526116,-0.0510487042152749,0.0503439832585078,NA,FALSE,FALSE,TRUE,"diagnostics_met_only"
"z[98,3]","Stan_internal",TRUE,0.0714165107089767,0.985705178881488,-1.88530750313985,0.0723058279349777,1.99685684961104,1.0003869433529,11242.0267834469,5110.76726306867,0.00929945586942027,0.0767598499659372,0.0989054701843419,0.0247585464697551,0.085242176215873,0.0741469237145868,NA,FALSE,FALSE,TRUE,"diagnostics_met_only"
"z[99,3]","Stan_internal",TRUE,0.0159957862704455,0.976152350404943,-1.90088627243406,0.02003824382056,1.94368761915423,1.00053032351019,11428.2836322034,5477.59914466919,0.00912326293468089,0.000331604226601394,0.0341792537419625,-0.00157971042047245,0.0310519975336904,0.035758964162435,NA,FALSE,FALSE,TRUE,"diagnostics_met_only"
"z[100,3]","Stan_internal",TRUE,-0.0494527364749874,0.99352841908104,-2.00306917193149,-0.0506445295185246,1.91918637419509,1.00059634269612,11818.3752134115,5978.31324981495,0.0091387858458542,-0.052616314255529,-0.039233923535783,-0.063548888970648,-0.0424118191379896,0.024314965434865,NA,FALSE,FALSE,TRUE,"diagnostics_met_only"
"z[101,3]","Stan_internal",TRUE,0.114264134243454,1.03610555765112,-1.91410884706628,0.118547254072999,2.1242414871972,1.00014105206223,10337.1525415877,5619.23708061427,0.0101660965929546,0.119569881373651,0.103053137769411,0.0891403424659123,0.145293175364843,0.0561528328989304,NA,FALSE,FALSE,TRUE,"diagnostics_met_only"
"z[102,3]","Stan_internal",TRUE,0.0620964605704349,0.981023390452838,-1.85399964374117,0.0633563439141955,1.95610529822474,1.00154634203873,11026.6467783261,4948.17157968794,0.00931178770636255,0.0843293994055603,0.0702850981661476,0.00721244584344353,0.0865588988665883,0.0793464530231447,NA,FALSE,FALSE,TRUE,"diagnostics_met_only"
"z[103,3]","Stan_internal",TRUE,-0.0287489742664669,0.96397444972554,-1.94958672536682,-0.0230487207478779,1.83872945664594,1.00058512335948,11538.7891569587,6076.73893963292,0.00895891038572593,-0.0382427663183261,-0.0224028988255567,-0.0550153472857783,0.000665115363793216,0.0556804626495715,NA,FALSE,FALSE,TRUE,"diagnostics_met_only"
"z[104,3]","Stan_internal",TRUE,-0.0291650615040197,0.99074467447591,-1.98213539095497,-0.0431203220179979,1.91553761959314,1.00078705794013,11303.0229034166,5503.00105341768,0.00931869974579124,-0.0183525504887082,-0.0434807196852214,-0.0526308045110547,-0.00219617133109452,0.0504346331799602,NA,FALSE,FALSE,TRUE,"diagnostics_met_only"
"z[105,3]","Stan_internal",TRUE,0.0136759072900585,0.983547788931294,-1.93827523914296,0.0297905450592675,1.91515672603747,1.00060765873192,10614.0237849899,5516.8497132591,0.00953821641217493,-0.0056649756601121,0.0361579467666752,-0.0214116216705285,0.0456222797241993,0.0670339013947277,NA,FALSE,FALSE,TRUE,"diagnostics_met_only"
"z[106,3]","Stan_internal",TRUE,0.0748010442352178,1.00020958869053,-1.8799912710663,0.0763489272786818,2.03757249895434,1.00029703222479,10075.0381694839,5777.7985781443,0.00996477701339965,0.0824602457476255,0.0751089106665695,0.0242220469898257,0.117412973536851,0.0931909265470248,NA,FALSE,FALSE,TRUE,"diagnostics_met_only"
"z[107,3]","Stan_internal",TRUE,-0.0659689318423827,0.986724820181574,-1.97861214694298,-0.0815319937000113,1.872863790873,1.00168797125543,11006.0173794446,5834.4538005459,0.00940997501732994,-0.0835662604115054,-0.0558584728207934,-0.056703856782139,-0.0677471373550929,0.027707787590712,NA,FALSE,FALSE,TRUE,"diagnostics_met_only"
"z[108,3]","Stan_internal",TRUE,0.171080470256118,1.04268756327735,-1.89774732978737,0.15060589728699,2.2499540060896,1.0001020288133,8358.64701432838,4656.43987635119,0.0114386174124938,0.150895252643221,0.147261425593595,0.184948537736625,0.201216665051031,0.0539552394574356,NA,FALSE,FALSE,TRUE,"diagnostics_met_only"
"z[109,3]","Stan_internal",TRUE,0.187259093370242,1.04096269975393,-1.82796922090632,0.176343421145067,2.21804295739179,1.00051018981223,6512.24519313255,3880.89924262081,0.0129299567098779,0.167487749581331,0.186168947740263,0.231297066053158,0.164082610106213,0.067214455946945,NA,FALSE,FALSE,TRUE,"diagnostics_met_only"
"z[110,3]","Stan_internal",TRUE,0.100431822477348,1.0279672001411,-1.89513296554889,0.105006479871184,2.11225367143047,1.00226426824352,9836.02117246367,5090.31178895704,0.0103602037221136,-0.0119091587898594,0.104732990767735,0.126515161699671,0.182388296231846,0.194297455021705,NA,FALSE,FALSE,TRUE,"diagnostics_met_only"
"z[111,3]","Stan_internal",TRUE,0.0199506285795055,1.04476848286792,-2.02696700718488,0.0231348140427887,2.07638868885565,0.999917395059728,12110.4857312548,4901.25824386813,0.00948828979724256,0.0116855267132418,0.00663731131941233,0.00364467262079126,0.0578350036645767,0.0541903310437854,NA,FALSE,FALSE,TRUE,"diagnostics_met_only"
"z[112,3]","Stan_internal",TRUE,0.0561977460099635,0.999362602569243,-1.8854872301751,0.0621371817259603,2.04409054858431,1.00019393769624,8392.33749826832,5238.45575592216,0.0109323164605577,0.0559764226589066,0.0914306803009658,0.0264686028499697,0.0509152782300117,0.064962077450996,NA,FALSE,FALSE,TRUE,"diagnostics_met_only"
"z[113,3]","Stan_internal",TRUE,0.150028065240021,1.02962624226477,-1.86168175983886,0.133888522406863,2.22057256447158,1.00173824413893,7347.71979215267,4136.68836965267,0.0120362188487288,0.0634319112022863,0.232385389533521,0.139529618468896,0.16476534175538,0.168953478331235,NA,FALSE,FALSE,TRUE,"diagnostics_met_only"
"z[114,3]","Stan_internal",TRUE,-0.0964509100732601,0.991881448702887,-2.05291688317314,-0.0735210672774853,1.79509599194039,1.00045765384555,12145.4507076971,5506.35633782235,0.00898012646842432,-0.141023728205781,-0.0451383763959622,-0.096314041856924,-0.103327493834372,0.0958853518098192,NA,FALSE,FALSE,TRUE,"diagnostics_met_only"
"z[115,3]","Stan_internal",TRUE,-0.139852892937891,0.995909782382315,-2.10440407072675,-0.134147154875989,1.83605534993425,1.00180892071418,9792.82176391112,5253.18664020059,0.0100611800652986,-0.186321457890975,-0.101981432959122,-0.0897813918403482,-0.18132728906112,0.0965400660506264,NA,FALSE,FALSE,TRUE,"diagnostics_met_only"
"z[116,3]","Stan_internal",TRUE,-0.137989213383418,0.961587280844144,-2.01788592019477,-0.132961580392744,1.70354293378685,1.00124918489868,10644.5899887688,6082.46065103485,0.00931623557048213,-0.183290492119865,-0.134143653501495,-0.0697326059338238,-0.16479010197849,0.113557886186041,NA,FALSE,FALSE,TRUE,"diagnostics_met_only"
"z[117,3]","Stan_internal",TRUE,-0.122839617795875,0.953575230927533,-2.03506818916647,-0.1247618322688,1.75638386841613,1.00141926546,9964.03974774436,5491.09420731837,0.00950478806113901,-0.163274705651316,-0.0831598374809377,-0.0618169151620216,-0.183107012889226,0.121290097727205,NA,FALSE,FALSE,TRUE,"diagnostics_met_only"
"z[118,3]","Stan_internal",TRUE,-0.100639549348841,0.957143719275515,-1.99464269194738,-0.102688156034035,1.79053268803903,1.00044659818713,10272.1943819257,5533.55456480046,0.00943630226779845,-0.115106609544846,-0.121352758542479,-0.0646711529438272,-0.101427676364211,0.0566816055986519,NA,FALSE,FALSE,TRUE,"diagnostics_met_only"
"z[119,3]","Stan_internal",TRUE,-0.114982406747399,0.968993717815162,-2.06338075330034,-0.0920892735373827,1.79201796545487,1.00055223051745,11262.3893039292,5791.98606832123,0.00911645117756993,-0.14436134345323,-0.113937874484705,-0.0747506268076475,-0.126879782244015,0.0696107166455825,NA,FALSE,FALSE,TRUE,"diagnostics_met_only"
"z[120,3]","Stan_internal",TRUE,-0.0279300215504742,0.987405618244701,-1.98272580306472,-0.0333373300518632,1.9186267726097,1.00053691279847,10291.5805539838,5337.25042976154,0.00974095428543855,-0.0446050797869867,-0.0253938794220742,-0.0386911645545399,-0.00302996243829623,0.0415751173486904,NA,FALSE,FALSE,TRUE,"diagnostics_met_only"
"z[121,3]","Stan_internal",TRUE,-0.0577962706768341,0.975841902829844,-1.96314620965991,-0.0427535779785723,1.81760505629501,0.99977020025887,10474.7623885126,5885.85996851046,0.00952586520671693,-0.0690588571553423,-0.0490586756618216,-0.0511574251012418,-0.0619101247889307,0.0200001814935207,NA,FALSE,FALSE,TRUE,"diagnostics_met_only"
"z[122,3]","Stan_internal",TRUE,-0.0167599660345042,0.984579396830882,-1.92600462902535,-0.0170450580793091,1.88690114423524,1.00105567836972,11578.8503614373,5890.10015891423,0.00912498924835179,-0.0297414778670856,-0.00733191046974684,-0.030606421690286,0.000639945889101526,0.0312463675793875,NA,FALSE,FALSE,TRUE,"diagnostics_met_only"
"z[123,3]","Stan_internal",TRUE,-0.0420548305817508,0.983443180333937,-1.98122437970304,-0.0449043988847447,1.89351470391827,1.0006021668472,12407.146093801,5269.18585798371,0.0088291429602396,0.00324014524317619,-0.0438822193049595,-0.0531866457691958,-0.074390602496024,0.0776307477392002,NA,FALSE,FALSE,TRUE,"diagnostics_met_only"
"z[124,3]","Stan_internal",TRUE,0.0521956186790397,0.992680214426755,-1.92445630489673,0.0662731687135742,1.9894101768715,1.00083048050662,10473.7138797838,5728.364446719,0.00965955950294773,0.0435107732568408,0.0846282952239625,-0.0118077914781952,0.0924511977135505,0.104258989191746,NA,FALSE,FALSE,TRUE,"diagnostics_met_only"
"z[125,3]","Stan_internal",TRUE,-0.0841250446341565,0.96579811460237,-1.99514291830333,-0.0776255462264096,1.75775840094803,1.00130840818176,9102.88182638048,5895.80620708325,0.0101120916025977,-0.0790366190296283,-0.0907439602072838,-0.0744340084496413,-0.0922855908500728,0.0178515824004316,NA,FALSE,FALSE,TRUE,"diagnostics_met_only"
"z[126,3]","Stan_internal",TRUE,-0.117824120125649,0.98593280820697,-2.0419518495962,-0.116070634880529,1.79125503526239,1.00072387133125,9099.58339308541,5485.27031458675,0.0103338825645612,-0.155728909590941,-0.119769260059062,-0.061722341909179,-0.134075968943415,0.0940065676817621,NA,FALSE,FALSE,TRUE,"diagnostics_met_only"
"z[127,3]","Stan_internal",TRUE,-0.0494966607527727,0.981124516834281,-1.98111241483156,-0.0591542997148202,1.90360581059282,1.00246370055778,10642.1044117212,5455.7347704303,0.0094973996827831,-0.0102918685227443,-0.0400141397972754,0.0134525169634925,-0.161133151654563,0.174585668618056,NA,FALSE,FALSE,TRUE,"diagnostics_met_only"
"z[128,3]","Stan_internal",TRUE,-0.0434503950072094,1.0113709079587,-2.0364878954344,-0.0400285826977886,1.95520040469856,1.00259348528538,11566.6031729773,4912.34021536618,0.00937816318296652,-0.00346279941191572,-0.166766679055051,-0.0127913111300702,0.00921920956819911,0.17598588862325,NA,FALSE,FALSE,TRUE,"diagnostics_met_only"
"z[129,3]","Stan_internal",TRUE,-0.0292913802194049,0.995365831263062,-2.01767935958777,-0.0348244040547779,1.9468055533482,1.00076882692543,15214.2744699692,5399.56026525979,0.00805950551391721,-0.0198957251840712,-0.0430280683444361,-0.0428632682913146,-0.0113784590577978,0.0316496092866383,NA,FALSE,FALSE,TRUE,"diagnostics_met_only"
"z[130,3]","Stan_internal",TRUE,-0.01450539174967,1.00163508303884,-1.97138957925635,-0.0073815097894644,1.93221057052862,1.00076940329146,15209.6690248238,4957.32544270268,0.00812687592240698,0.00294227078918899,-0.00731182862871588,-0.0597448244371854,0.00609281527803255,0.0658376397152179,NA,FALSE,FALSE,TRUE,"diagnostics_met_only"
"z[131,3]","Stan_internal",TRUE,0.0456888448295632,1.00569407653083,-1.93071935682958,0.0453143129941488,2.04434765151075,1.00082736976673,12013.041423292,5312.08162326389,0.00918834236741367,0.0290105211999467,0.0115026074247259,0.124011797414196,0.0182304532793836,0.11250918998947,NA,FALSE,FALSE,TRUE,"diagnostics_met_only"
"z[132,3]","Stan_internal",TRUE,0.00932981011700531,0.986316394628364,-1.91752637502348,0.013069804363416,1.94622831574888,1.00010656629198,12288.3004076625,5705.17079975253,0.00888335680150383,0.00517642556269966,0.0301984656505198,-0.0298788364722576,0.0318231857270593,0.061702022199317,NA,FALSE,FALSE,TRUE,"diagnostics_met_only"
"z[133,3]","Stan_internal",TRUE,0.0847102412253109,1.0123009844951,-1.96945141702836,0.087930085974998,2.06046645573783,1.00021194230594,10538.0642653406,5163.28764847314,0.00985391134387028,0.0686438325180454,0.108002681653625,0.05522773709846,0.106966713631114,0.0527749445551651,NA,FALSE,FALSE,TRUE,"diagnostics_met_only"
"z[134,3]","Stan_internal",TRUE,-0.0135070729351389,0.998145183689692,-1.97702922706416,-0.0107628485463084,1.92732764203077,1.00003489764904,10533.2549606546,5074.9076499274,0.00968669394224946,-0.0113983017221751,0.00436855128824073,-0.0332342329033923,-0.013764308403229,0.037602784191633,NA,FALSE,FALSE,TRUE,"diagnostics_met_only"
"z[135,3]","Stan_internal",TRUE,-0.0577433533331109,0.983658645037053,-1.97771434939946,-0.0610924198989818,1.84261458333825,1.00222754745697,9576.87380763507,5785.73243394053,0.0100484037787876,-0.00478514293681338,-0.0619943629995797,-0.00210024977555519,-0.162093657620496,0.15999340784494,NA,FALSE,FALSE,TRUE,"diagnostics_met_only"
"z[136,3]","Stan_internal",TRUE,-0.00595540938755538,1.00005351820051,-1.9591935642078,-0.0115445453590998,1.95060751626002,1.00026746200884,15368.1973204229,5615.00378966306,0.00807277259968022,0.00832931693423036,0.0202316495943452,-0.0423785169609754,-0.0100040871178217,0.0626101665553205,NA,FALSE,FALSE,TRUE,"diagnostics_met_only"
"z[137,3]","Stan_internal",TRUE,0.0260796221585924,1.01948538274521,-1.97119819274609,0.0239861687790778,2.03649445205331,1.00227462337464,16075.1943381031,5263.20468695252,0.0080281265589056,0.00633760089188581,0.0347804728383243,0.0383078691626044,0.0248925457415554,0.0319702682707186,NA,FALSE,FALSE,TRUE,"diagnostics_met_only"
"z[138,3]","Stan_internal",TRUE,-0.00177369773253123,1.00619284002677,-1.98578708990301,-0.00667916362897537,2.01404346398481,1.00034389425083,14803.5462550261,5032.40088987776,0.00827599038529988,-0.000374471570538109,-0.00717865779454595,-0.00445600273764668,0.00491434117260576,0.0120929989671517,NA,FALSE,FALSE,TRUE,"diagnostics_met_only"
"z[139,3]","Stan_internal",TRUE,0.124137623594835,1.00759333516406,-1.85964455316534,0.131318478103537,2.0469493648285,1.00051935767156,11353.4790122965,4990.55785259708,0.00942671695680249,0.123708806209385,0.101517623756293,0.139961831520769,0.131362232892895,0.0384442077644759,NA,FALSE,FALSE,TRUE,"diagnostics_met_only"
"z[140,3]","Stan_internal",TRUE,-0.0114742546203773,1.00857476626564,-1.98859718979556,-0.0054698990178794,1.95318900670271,1.00093308195236,10239.4407008153,5998.36420819468,0.0099458961500715,-0.0350784414325247,0.0315143725208243,-0.05616502879302,0.013832079223211,0.0876794013138444,NA,FALSE,FALSE,TRUE,"diagnostics_met_only"
"z[141,3]","Stan_internal",TRUE,-0.000800925719448649,1.00650494571366,-1.94723245017333,-0.0014135776150536,1.98354122975729,1.00018529901398,14766.4332269094,5756.03068955072,0.0082765721049392,0.00296412036349455,0.0386635847505605,-0.0454335010553389,0.00060209306348932,0.0840970858058994,NA,FALSE,FALSE,TRUE,"diagnostics_met_only"
"z[142,3]","Stan_internal",TRUE,0.0160842036196353,1.00881478408174,-1.95771920772584,0.0222011718340066,1.97338920752644,1.00042053163397,15228.5159113004,5299.59001549115,0.00816824353993018,0.0114894422887475,-0.00999727211008993,0.0651015328811041,-0.00225688858122064,0.075098804991194,NA,FALSE,FALSE,TRUE,"diagnostics_met_only"
"z[143,3]","Stan_internal",TRUE,-0.000446978511439901,0.986525924095348,-1.92523636016527,-0.00362502646515694,1.95206199521896,1.00090587356316,15678.663154985,5136.85995504439,0.00787528237132732,0.0148082159801664,-0.0043145096326236,-0.0234785809568058,0.0111969605635034,0.0382867969369723,NA,FALSE,FALSE,TRUE,"diagnostics_met_only"
"z[1,4]","Stan_internal",TRUE,-0.0118584302852386,1.01070177581657,-2.01163982378025,0.00100126339264527,1.95597166429009,1.00020713170765,14922.9657929087,5661.26971193441,0.00828664782703301,0.0155185441967702,0.0010002696011515,-0.0025941538435206,-0.0613583810953556,0.0768769252921258,NA,FALSE,FALSE,TRUE,"diagnostics_met_only"
"z[2,4]","Stan_internal",TRUE,-0.00243777775116813,1.00204925593124,-1.91457697590374,-0.0156656292176672,1.9953881199395,1.00005949642253,14218.7485670979,5569.72960967236,0.00838857350692489,0.00872285408269458,0.00464061167107625,-0.0267679693053464,0.00365339254690311,0.0354908233880409,NA,FALSE,FALSE,TRUE,"diagnostics_met_only"
"z[3,4]","Stan_internal",TRUE,0.00363346904335076,0.992802692356224,-1.93495440640389,0.00031821908891386,1.97892390556987,1.00047001337494,14028.6350127631,5029.26019581381,0.00838655355603547,-0.00444563318082878,0.0112311727845559,-0.00703702686114335,0.0147853634308194,0.0218223902919627,NA,FALSE,FALSE,TRUE,"diagnostics_met_only"
"z[4,4]","Stan_internal",TRUE,-0.00218404524793221,1.00792719881354,-1.99531299462587,-0.000714429929286472,1.9550765926376,1.00012662948967,13516.9129062281,5082.97664080773,0.00867576427682102,-0.00526219520276909,0.0195152137008235,-0.0104347067702093,-0.0125544927195739,0.0320697064203974,NA,FALSE,FALSE,TRUE,"diagnostics_met_only"
"z[5,4]","Stan_internal",TRUE,-0.0170327860395191,0.989829061984667,-2.00211563898961,-0.0221158893095299,1.90227241098178,1.00110481376487,14752.2707393226,5827.10281935377,0.00815989089890805,-0.0157777697065151,0.0240222958398057,-0.0576832745453684,-0.0186923957459988,0.0817055703851741,NA,FALSE,FALSE,TRUE,"diagnostics_met_only"
"z[6,4]","Stan_internal",TRUE,-0.0089210655822084,0.986610224516377,-1.97428975380285,-0.00327289713709956,1.95415604044599,1.00121001220478,15695.9967454899,5391.37510915799,0.0078659129476964,0.0115591550264677,-0.0299050522726494,-0.0227578574818993,0.0054194923992472,0.0414642072991171,NA,FALSE,FALSE,TRUE,"diagnostics_met_only"
"z[7,4]","Stan_internal",TRUE,-0.004488647126349,0.995303238944675,-1.943213897052,-0.0138468290960577,1.97190782399567,1.00125805182178,16083.7126800862,5505.20161416413,0.00784409223607101,-0.00159803447255256,0.00264624747486955,-0.036109595820114,0.0171067943124009,0.0532163901325148,NA,FALSE,FALSE,TRUE,"diagnostics_met_only"
"z[8,4]","Stan_internal",TRUE,-0.0125908299584034,1.01496422411507,-1.96359019857637,-0.00861397202600827,1.96087576516223,1.00124163223356,14693.1199014332,5436.81513165034,0.00837662127115831,0.0128312603263891,-0.00711030953604411,-0.0649250329658195,0.00884076234186142,0.0777562932922086,NA,FALSE,FALSE,TRUE,"diagnostics_met_only"
"z[9,4]","Stan_internal",TRUE,0.00134018227842309,0.99355139826499,-1.96906576842027,0.00350869815818351,1.93476269478527,1.00070188564287,14331.974667884,5744.74603389,0.00829740023299882,-2.74446409162927e-05,0.0232486642400311,-0.0328597168775315,0.014999226392109,0.0561083811175626,NA,FALSE,FALSE,TRUE,"diagnostics_met_only"
"z[10,4]","Stan_internal",TRUE,-0.00687624564177272,0.995595995087214,-1.97373200687517,-0.0158063080277366,1.93396762812878,0.999756663074139,15552.1586271154,5375.04055480843,0.00800310330026238,0.005833714674885,-0.0146504563998181,-0.0215899707819852,0.00290172993982728,0.0274236854568702,NA,FALSE,FALSE,TRUE,"diagnostics_met_only"
"z[11,4]","Stan_internal",TRUE,-0.00576926327478419,0.979626308527325,-1.9422064714691,-0.00738999745624558,1.90294679751735,1.00033206459742,17019.5977757282,4960.47325437439,0.00752753429032877,-0.0137267340672571,-0.00839483254035985,0.00833336081551647,-0.00928884730703618,0.0220600948827735,NA,FALSE,FALSE,TRUE,"diagnostics_met_only"
"z[12,4]","Stan_internal",TRUE,0.00267036207690741,1.01833236936011,-1.97194954175202,0.00745645045774282,2.00478555173777,1.00065415111426,14151.8782513453,5746.01663817094,0.00855426717546404,0.00767792108030533,0.0172751876800202,-0.0205172150862522,0.00624555463355614,0.0377924027662724,NA,FALSE,FALSE,TRUE,"diagnostics_met_only"
"z[13,4]","Stan_internal",TRUE,-0.0029414970441749,0.991696835021978,-1.94866446214027,0.0072293966899371,1.92400753873202,1.00088912068725,14421.7301904925,5626.92458408007,0.00826424485756705,-0.0225024746551003,0.00565101131064787,-0.0107767097404562,0.0158621849082088,0.0383646595633091,NA,FALSE,FALSE,TRUE,"diagnostics_met_only"
"z[14,4]","Stan_internal",TRUE,-0.00465536316655034,0.998520029465846,-1.92969743292763,-0.00294691012614527,1.93725843299183,1.00018684159901,15901.7591376246,5879.28286462447,0.00790772979651568,-0.00654477610203498,0.0046356980404113,-0.0134502937319636,-0.003262080872614,0.0180859917723749,NA,FALSE,FALSE,TRUE,"diagnostics_met_only"
"z[15,4]","Stan_internal",TRUE,-0.00103064996812681,0.98315471638824,-1.95098354375432,0.0167275548396357,1.89536451371658,0.999858961732394,14717.0980840969,5313.86555589185,0.00809731919792719,0.00196151407153053,0.00834296631142919,-0.00816881903811495,-0.00625826121735201,0.0165117853495441,NA,FALSE,FALSE,TRUE,"diagnostics_met_only"
"z[16,4]","Stan_internal",TRUE,-0.0132467073869791,0.994396948048858,-1.96277355545257,-0.0080981964764566,1.92909346730152,1.00088576343355,17522.3165733477,5839.72741259625,0.00752415201572702,0.0117074105556966,-0.0166763919761949,-0.0209032249884122,-0.0271146231390055,0.0388220336947021,NA,FALSE,FALSE,TRUE,"diagnostics_met_only"
"z[17,4]","Stan_internal",TRUE,0.0014627734999751,0.981784441035254,-1.99130096911589,0.00900935156771396,1.92090230777506,1.00081892513959,17101.4314994141,5699.72962312127,0.00750436858276338,0.0118252153786082,0.022993632067436,-0.0370292411814982,0.00806148773535427,0.0600228732489342,NA,FALSE,FALSE,TRUE,"diagnostics_met_only"
"z[18,4]","Stan_internal",TRUE,0.00347622268609461,0.988602443339182,-1.96388660547353,0.00270986812803261,1.95101738651762,1.00044302770276,15248.1064895841,5421.06138392181,0.00800386317903373,0.00260300683156562,-0.00166583712339215,-0.00803526005666915,0.021002981092874,0.0290382411495431,NA,FALSE,FALSE,TRUE,"diagnostics_met_only"
"z[19,4]","Stan_internal",TRUE,-0.0408821869258581,1.01523756012125,-2.00755830471517,-0.0430848627613673,1.96097422590899,1.00245905328601,11071.2569858504,5333.08710836249,0.00968507757207946,-0.00661299852317865,-0.160630095585439,-0.000475134979506349,0.00418948138469119,0.16481957697013,NA,FALSE,FALSE,TRUE,"diagnostics_met_only"
"z[20,4]","Stan_internal",TRUE,-0.0179678770192256,0.992352740965663,-1.92776363871696,-0.0103100930871079,1.93021220756628,1.00095296943082,14185.701219405,5749.690980044,0.00832608662004808,-0.0367904917047316,-0.0640264237887916,0.0300224378624105,-0.00107703044578968,0.0940488616512021,NA,FALSE,FALSE,TRUE,"diagnostics_met_only"
"z[21,4]","Stan_internal",TRUE,0.00855548579256732,1.02211498365953,-1.95415600317656,0.00206436913598642,2.02279199385967,1.00014948686256,15954.2854762799,5664.41835304862,0.00809508409074012,0.0149971696507556,0.0176301286913201,0.00620914597977361,-0.00461450115157998,0.0222446298429001,NA,FALSE,FALSE,TRUE,"diagnostics_met_only"
"z[22,4]","Stan_internal",TRUE,-0.010536674349572,0.992289408461752,-1.96013059159487,-0.00999320661672762,1.91750462246277,1.0000441100826,14221.2329710527,5524.78153090308,0.00831695583131343,-0.00420658437092551,0.00253333085575428,-0.0409452858410344,0.000471841957917756,0.0434786166967887,NA,FALSE,FALSE,TRUE,"diagnostics_met_only"
"z[23,4]","Stan_internal",TRUE,-0.00288171330332337,1.00325700163565,-1.94983820001541,-0.00266002381992124,1.9707567064741,1.00002788685546,15037.2067555048,5606.31088327583,0.00819448641800122,-0.019966804384494,0.011346564906473,-0.0216344129175127,0.0187277991822401,0.0403622120997529,NA,FALSE,FALSE,TRUE,"diagnostics_met_only"
"z[24,4]","Stan_internal",TRUE,-0.0011600976563999,0.986895811951197,-1.95613905049821,0.00804815091419272,1.93738848509376,1.00082245562718,12904.0329609969,5381.25175092112,0.00867879448424811,-0.00595035304329078,0.00844489068833883,-0.0286009948824521,0.0214660666118044,0.0500670614942565,NA,FALSE,FALSE,TRUE,"diagnostics_met_only"
"z[25,4]","Stan_internal",TRUE,-0.00316241604745748,0.987371999184293,-1.9482763689467,-0.00931841359080857,1.92040255461493,1.00057851580732,16182.8219833786,5946.87236138802,0.00776270535301667,0.00455338617365176,-0.00626011874173725,0.00132608389544049,-0.012269015517185,0.0168224016908367,NA,FALSE,FALSE,TRUE,"diagnostics_met_only"
"z[26,4]","Stan_internal",TRUE,-0.00463919345503214,0.987532740076322,-1.90782196906903,-0.000486955346146283,1.95412134723236,1.00115235250237,16214.4684777519,5348.81106248198,0.00776052350956208,-0.0158069893256297,-0.000833165984959341,-0.00671751057419204,0.0048008920646526,0.0206078813902823,NA,FALSE,FALSE,TRUE,"diagnostics_met_only"
"z[27,4]","Stan_internal",TRUE,-0.0117362189538336,0.985076050591583,-1.8604858080952,-0.0171717925730119,1.90112159831585,1.00051003930279,15129.4673375517,5831.78928895946,0.00800957784753231,0.00405251353093214,-0.0102594580005584,-0.0424709489081572,0.00173301756244906,0.0465234624390894,NA,FALSE,FALSE,TRUE,"diagnostics_met_only"
"z[28,4]","Stan_internal",TRUE,-0.00582391585292696,0.989563068701187,-1.93563635334047,-0.0132452709121158,1.92952549755146,1.00061080542045,15117.2769644428,5364.36168983133,0.00805647986961976,-0.013149740547772,-0.0129273595602688,0.00340316640313902,-0.000621729706806095,0.016552906950911,NA,FALSE,FALSE,TRUE,"diagnostics_met_only"
"z[29,4]","Stan_internal",TRUE,-0.022826346624661,1.02427427990347,-2.00868538502466,-0.014643833021534,1.99772118884905,1.00017970671716,16697.7883092372,5009.80564827103,0.00790342975486577,-0.0103982906062952,-0.0356998499190138,-0.0366104377497446,-0.00859680822359035,0.0280136295261543,NA,FALSE,FALSE,TRUE,"diagnostics_met_only"
"z[30,4]","Stan_internal",TRUE,-0.00111091335935737,0.99212860142303,-1.99802470202589,0.01046713159057,1.93682098105905,1.0001150966514,16179.4211664573,5797.49718694581,0.00774080001874145,-0.00707423188651203,0.0325521445739585,-0.0446493223762893,0.0147277562514134,0.0772014669502478,NA,FALSE,FALSE,TRUE,"diagnostics_met_only"
"z[31,4]","Stan_internal",TRUE,-0.00411932975641418,1.04474338371499,-2.07474156687655,-0.0110080929211506,2.08244954544818,1.00011234442903,16098.9282592672,4942.91197203628,0.00824022282425832,0.0150313146448225,0.0216781674005786,-0.053537538263913,0.00035073719285523,0.0752157056644916,NA,FALSE,FALSE,TRUE,"diagnostics_met_only"
"z[32,4]","Stan_internal",TRUE,-0.00408042297806317,0.998779462514557,-1.96081026006927,-0.00769613767959619,1.93162310899533,0.999981884705806,15826.1369288555,5445.22583494818,0.00794657070025345,0.00277527980067897,0.0199173406666747,-0.0284706518561777,-0.0105436605234288,0.0483879925228523,NA,FALSE,FALSE,TRUE,"diagnostics_met_only"
"z[33,4]","Stan_internal",TRUE,0.00506103253288307,1.016575364651,-1.95156844881281,-0.00103153043923519,2.02756759033889,1.00001089123221,14667.0186870124,5248.07770287698,0.00840379084168952,0.0213956284875362,0.00800483899745949,-0.0179306929776556,0.00877435562419219,0.0393263214651918,NA,FALSE,FALSE,TRUE,"diagnostics_met_only"
"z[34,4]","Stan_internal",TRUE,-0.00849422944263168,1.00571703540169,-1.98020899556712,0.00473691491287135,1.96939521392329,1.00073212918729,15657.4644883805,4932.41259100156,0.00804051275699253,-0.00891127455695038,-0.0138799079536735,-0.0100954473760574,-0.00109028788384556,0.012789620069828,NA,FALSE,FALSE,TRUE,"diagnostics_met_only"
"z[35,4]","Stan_internal",TRUE,-0.00998761203543795,1.01944099214227,-2.054814676992,-0.012293854153352,2.01600350888889,1.00091540407224,13543.9049436467,5121.72757161971,0.00875490221873641,-0.00574594853252507,-0.0396360086565992,-0.00657601228427991,0.0120075213316526,0.0516435299882518,NA,FALSE,FALSE,TRUE,"diagnostics_met_only"
"z[36,4]","Stan_internal",TRUE,0.00693178037947027,0.99906731695138,-1.96033667259765,0.00154093733491915,1.93879566281942,1.00081772255301,15385.7272544363,5719.15593607272,0.00806262386877785,0.0088744196394322,0.00448319938928159,0.00188360347259195,0.0124858990165754,0.0106022955439834,NA,FALSE,FALSE,TRUE,"diagnostics_met_only"
"z[37,4]","Stan_internal",TRUE,0.00568701117611616,1.01084315512164,-1.95969714234249,0.00178615025426214,2.01327987476368,1.00046023662847,16162.7670419505,5170.48460669041,0.007945833519118,-0.00469952803217534,0.013823740018543,-0.00231868128397742,0.0159425140020742,0.0206420420342495,NA,FALSE,FALSE,TRUE,"diagnostics_met_only"
"z[38,4]","Stan_internal",TRUE,-0.0687697925606964,0.98726003088321,-2.00571856940808,-0.076363869984492,1.85609479190058,1.00388430073444,11516.13068581,6157.59309503789,0.00919687737853899,0.00539654033422596,-0.094462177952776,0.00942757527587738,-0.195441107900114,0.204868683175991,NA,FALSE,FALSE,TRUE,"diagnostics_met_only"
"z[39,4]","Stan_internal",TRUE,-0.00889564508685277,1.00884556405057,-1.98320435273864,0.00229587523002327,1.98520003085898,1.00100125126774,15518.5295072782,4979.65326371421,0.00807946909122126,-0.017152095454193,0.00663116833168101,-0.0338915001316047,0.00882984690670572,0.0427213470383104,NA,FALSE,FALSE,TRUE,"diagnostics_met_only"
"z[40,4]","Stan_internal",TRUE,-0.0183207613252518,0.980682666484244,-1.92848351360493,-0.00722800912456344,1.90786948950658,0.999919370462481,16180.6496194872,5082.6628907681,0.00772915044280489,-0.0137901147946352,-0.0350812506532816,-0.015451485194573,-0.00896019465851719,0.0261210559947644,NA,FALSE,FALSE,TRUE,"diagnostics_met_only"
"z[41,4]","Stan_internal",TRUE,0.00151359526812047,1.01819144279574,-1.98119748002552,0.00463183943758593,1.97794523893138,1.00043547423766,19266.9349290491,5306.39130889291,0.00732853044347166,-0.00734405368077818,-0.00528969908868969,0.0136018064235264,0.00508632741842331,0.0209458601043046,NA,FALSE,FALSE,TRUE,"diagnostics_met_only"
"z[42,4]","Stan_internal",TRUE,0.00629423134833238,0.987312764488836,-1.99078247706093,0.00324301639731985,1.96887267167483,1.00074082410936,17828.1330452726,6033.59208497448,0.00738773595700141,-0.00239493304022372,0.0220419304544322,-0.00365916464943,0.00918909262855111,0.0257010951038622,NA,FALSE,FALSE,TRUE,"diagnostics_met_only"
"z[43,4]","Stan_internal",TRUE,-0.0694140053055458,1.00869088145025,-2.0716999202335,-0.0704534739892656,1.93156771031722,1.00061450104489,12785.3550164465,5407.22958199534,0.00893117975950579,-0.105962328060345,-0.0423481405903491,-0.0169527198596502,-0.11239283271184,0.0954401128521895,NA,FALSE,FALSE,TRUE,"diagnostics_met_only"
"z[44,4]","Stan_internal",TRUE,-0.00467047099992043,1.0089598652382,-1.96652764197576,-0.0120332924850358,1.98180763499644,1.00114306201799,12929.5276737643,5241.49753787745,0.00884697926265388,-0.0278042928998451,0.0237553684950139,-0.00529460485680889,-0.00933835473804158,0.051559661394859,NA,FALSE,FALSE,TRUE,"diagnostics_met_only"
"z[45,4]","Stan_internal",TRUE,-0.0884196769769107,1.00935321995411,-2.0684191980313,-0.0894458341200737,1.8534240634667,1.00308454809034,11373.2121850825,5450.88140095675,0.00946359882331378,-0.0147735923018751,-0.150309807312042,-0.00881892484636546,-0.17977638344736,0.170957458600995,NA,FALSE,FALSE,TRUE,"diagnostics_met_only"
"z[46,4]","Stan_internal",TRUE,-0.0361573889189804,1.02010026319883,-1.9833717675906,-0.0523625192873811,1.95852146277878,1.00003202060461,13031.0570784494,5528.52986880819,0.00891886200825873,-0.0110080288560092,-0.041607078969027,-0.011388071837856,-0.0806263760130297,0.0696183471570205,NA,FALSE,FALSE,TRUE,"diagnostics_met_only"
"z[47,4]","Stan_internal",TRUE,-0.0442217634639571,0.998981101213716,-2.06069159192317,-0.0352484631857939,1.90721221716753,1.0050721013419,8389.04378772654,5189.88249648486,0.0108946376567615,0.00986833964748471,-0.214206670970816,0.00827837772086423,0.0191728997466382,0.233379570717454,NA,FALSE,FALSE,TRUE,"diagnostics_met_only"
"z[48,4]","Stan_internal",TRUE,-0.0809870771739506,1.01933902859151,-2.05737653802067,-0.0694786269414712,1.90638906066912,1.01209017791764,1134.69986505525,4173.57549807979,0.0309640069354663,0.014237574562796,-0.338400262626708,0.00822388299571928,-0.00800950362760938,0.352637837189504,NA,FALSE,FALSE,FALSE,"inconclusive"
"z[49,4]","Stan_internal",TRUE,-0.0486956554899761,1.0000403258625,-2.00100387935617,-0.0443116758828103,1.88763052895189,1.00355366259814,11425.4680339122,5743.25568895076,0.00937743802895272,0.0189921582244045,-0.190480400426427,-0.0197687492899999,-0.00352563046788218,0.209472558650831,NA,FALSE,FALSE,TRUE,"diagnostics_met_only"
"z[50,4]","Stan_internal",TRUE,-0.0214540439244657,0.976263376621662,-1.95490600089522,-0.0255361230836068,1.92264390287303,1.00009878146819,16827.7838425375,5587.71428928915,0.00753421038466922,-0.0256356864458738,-0.0331995253951329,-0.0529271539784948,0.025946190121639,0.0788733441001337,NA,FALSE,FALSE,TRUE,"diagnostics_met_only"
"z[51,4]","Stan_internal",TRUE,-0.027174552362128,1.00555280980924,-2.01456532176666,-0.0301396446278697,1.94467238792033,1.00009194677512,13553.4715786339,5334.58968971317,0.00862738395757032,-0.0222801776165644,-0.0206838053611156,-0.0664727059575183,0.000738479486686136,0.0672111854442045,NA,FALSE,FALSE,TRUE,"diagnostics_met_only"
"z[52,4]","Stan_internal",TRUE,-0.00294710159547378,0.983674229622042,-1.92877079917128,0.00192995490110369,1.92485827551357,1.00108936102735,14687.9177778808,4825.48255794126,0.00812801111262477,0.00229107794616486,-0.0143921792502632,-0.0159424806641181,0.0162551755863213,0.0321976562504395,NA,FALSE,FALSE,TRUE,"diagnostics_met_only"
"z[53,4]","Stan_internal",TRUE,-0.0542317301170465,1.01081000560611,-1.99818302456294,-0.0553310591841218,1.94931824859147,1.00544545633133,8413.0935832051,5280.01886913181,0.0110325080818349,0.00755550946668446,-0.23116694428074,0.00208193447071212,0.00460257987515736,0.238722453747424,NA,FALSE,FALSE,TRUE,"diagnostics_met_only"
"z[54,4]","Stan_internal",TRUE,-0.0469794170014827,1.0092698580853,-2.04585669326567,-0.0361594602297785,1.94192087280619,1.00112744227082,11898.7247695158,5468.00547109843,0.00923805449482155,-0.0132806581653501,-0.0406308688361518,-0.0073604649930505,-0.126645676011378,0.119285211018327,NA,FALSE,FALSE,TRUE,"diagnostics_met_only"
"z[55,4]","Stan_internal",TRUE,-0.0138207398408264,0.988331616129003,-1.94548099575623,0.0106534196436567,1.91893445540781,1.00066138432629,12886.6278353565,6213.82119747006,0.00870736060558246,-0.0413250487571902,0.0336689626581803,2.45301657114629e-05,-0.0476514034300073,0.0813203660881876,NA,FALSE,FALSE,TRUE,"diagnostics_met_only"
"z[56,4]","Stan_internal",TRUE,-0.0187028112910841,1.00751769847858,-1.96159750682099,-0.0285925202237796,1.97022272059241,1.00046037540531,13301.2823864542,5774.44958052615,0.0087350844473404,-0.0440176955870403,0.00459942252608917,-0.0109598454852423,-0.0244331266181428,0.0486171181131295,NA,FALSE,FALSE,TRUE,"diagnostics_met_only"
"z[57,4]","Stan_internal",TRUE,0.00650417061358506,1.00749188500049,-2.01355529831715,0.0107810689315738,1.99136024851293,1.00028145377573,14704.8483784021,5885.07854704088,0.00828404686214867,0.00669823213557949,0.0228160845844729,0.0271350436683718,-0.030632677934084,0.0577677216024558,NA,FALSE,FALSE,TRUE,"diagnostics_met_only"
"z[58,4]","Stan_internal",TRUE,-0.0174342440896112,1.00858744865843,-2.03360884673956,-0.0186651214707585,1.94225042866748,1.00136141431771,12614.5735495343,5350.58065803588,0.00898884368968835,-0.0223275805526348,-0.0332950361260838,-0.00228154232544691,-0.0118328173542794,0.0310134938006369,NA,FALSE,FALSE,TRUE,"diagnostics_met_only"
"z[59,4]","Stan_internal",TRUE,-0.00391606012021201,1.00646897662962,-1.95236307403067,-0.000268693425686616,1.96513484978346,1.00072660018938,12034.0395552297,5107.35340878302,0.00916410085320723,-0.0479026769449368,0.00478451015054436,0.0260376190411355,0.00141630727240904,0.0739402959860724,NA,FALSE,FALSE,TRUE,"diagnostics_met_only"
"z[60,4]","Stan_internal",TRUE,0.0273797946830112,1.0197693341708,-1.96382168312099,0.0384476928703613,2.001827843694,1.00075110470628,14861.1083866137,6149.10645192037,0.00836255099596808,0.0183059724943909,0.0657543766007015,-0.00800252177527326,0.0334613514122253,0.0737568983759748,NA,FALSE,FALSE,TRUE,"diagnostics_met_only"
"z[61,4]","Stan_internal",TRUE,-0.0301323384675285,0.985898359847801,-1.9605455657423,-0.0372787494336344,1.91650580073432,0.999993885853216,11887.7053246285,5689.34630007287,0.00903552462829988,-0.0541049116962252,-0.0172810979474422,-0.00230323772635422,-0.0468401065000925,0.051801673969871,NA,FALSE,FALSE,TRUE,"diagnostics_met_only"
"z[62,4]","Stan_internal",TRUE,-0.0614467466131279,0.997187300273701,-2.02508894749841,-0.0516866275738408,1.87712641464288,1.00084363929509,12005.2991479509,5760.96505985274,0.0090995587405677,-0.102061314086698,-0.0551464611967176,0.000629513901545678,-0.0892087250706412,0.102690827988244,NA,FALSE,FALSE,TRUE,"diagnostics_met_only"
"z[63,4]","Stan_internal",TRUE,-0.0935461507624158,1.01773909835689,-2.07641129030705,-0.0967722489976377,1.89195680964866,1.00496223583694,8610.01799098703,5502.14146621213,0.0109628743675285,0.00416267559230268,-0.163453255488562,0.00181619411929526,-0.216710217272699,0.220872892865001,NA,FALSE,FALSE,TRUE,"diagnostics_met_only"
"z[64,4]","Stan_internal",TRUE,0.00850854621527409,0.988288269104063,-1.92145564542176,-0.00252741731942914,1.98386737616942,1.00209156154336,12696.7866704405,5677.32683602281,0.00874667859998427,0.00480577840066887,0.00904142254175186,0.0106836921573014,0.00950329176137419,0.00587791375663254,NA,FALSE,FALSE,TRUE,"diagnostics_met_only"
"z[65,4]","Stan_internal",TRUE,0.013295211470623,0.991046037086806,-1.89074923912631,0.00684421608893481,1.96884060977728,1.00059767055174,14631.8952119228,6159.32414643689,0.00819001171458271,0.00893934247062403,0.017355087856737,0.00911405403906551,0.0177723615160652,0.00883301904544122,NA,FALSE,FALSE,TRUE,"diagnostics_met_only"
"z[66,4]","Stan_internal",TRUE,0.0394403741798883,0.99897690521926,-1.91296236156993,0.0367690195618336,1.99747279088989,1.00141055262532,13070.214106428,5829.96802216087,0.00873229965918814,0.0108475565910117,0.100599749273122,0.00838262903580213,0.0379315618196169,0.09221712023732,NA,FALSE,FALSE,TRUE,"diagnostics_met_only"
"z[67,4]","Stan_internal",TRUE,0.040105909225201,0.977187168666253,-1.83609852192479,0.0285446082205843,1.93403729099222,1.00206373556146,12476.6128752783,5088.4943617612,0.00874839841117133,0.00440916147703182,0.0815324681811641,0.0203731385193308,0.0541088687232774,0.0771233067041323,NA,FALSE,FALSE,TRUE,"diagnostics_met_only"
"z[68,4]","Stan_internal",TRUE,-0.0811588948428779,1.00857071978518,-2.02024901202108,-0.0838593567048967,1.89861812515584,1.00056281700219,12246.2979355033,5653.04416219649,0.00910235927819907,-0.105166995055167,-0.0804962382583416,-0.0183641038479358,-0.120608242210067,0.102244138362131,NA,FALSE,FALSE,TRUE,"diagnostics_met_only"
"z[69,4]","Stan_internal",TRUE,0.0394689222787098,0.977781247697774,-1.89083171051134,0.0450315593764936,1.95810137600984,1.00139041736102,13509.2426033196,6047.57789427949,0.0084154994979616,0.022150958008795,0.071087685794769,0.00371089496603389,0.0609261503452417,0.0673767908287351,NA,FALSE,FALSE,TRUE,"diagnostics_met_only"
"z[70,4]","Stan_internal",TRUE,-0.0101739374596289,1.02890111024516,-2.01135427426299,-0.0039423397436265,1.98168675120814,1.00079800520981,15338.8063474323,5813.94376626128,0.00831058415176883,-0.0220094794855249,-0.0386382816112182,0.0213460345088838,-0.00139402325065625,0.059984316120102,NA,FALSE,FALSE,TRUE,"diagnostics_met_only"
"z[71,4]","Stan_internal",TRUE,0.0194304558929954,0.996334228791676,-1.93047505807672,0.0139685744362256,1.99317582013822,0.999800305522003,13754.2929097133,5205.22746840092,0.0084941172328974,-0.00866945491787073,0.049199343594679,0.0105788017560663,0.026613133139107,0.0578687985125498,NA,FALSE,FALSE,TRUE,"diagnostics_met_only"
"z[72,4]","Stan_internal",TRUE,0.0539409606363243,0.994155673091744,-1.9196963990018,0.041225567690029,2.01358531511166,1.00088215479772,12879.0572161234,5682.80486394897,0.00876330521258153,0.0473194640707782,0.0692765500615895,0.0406475856759221,0.0585202427370078,0.0286289643856673,NA,FALSE,FALSE,TRUE,"diagnostics_met_only"
"z[73,4]","Stan_internal",TRUE,-0.0405327688776572,1.00001583894176,-1.96549393081856,-0.0425852241663262,1.91116734715625,1.00072262905128,10268.4005321123,5739.96394446845,0.0098511620744795,-0.0111931695198073,-0.0576027063300097,0.0103045940433232,-0.103639793704135,0.113944387747459,NA,FALSE,FALSE,TRUE,"diagnostics_met_only"
"z[74,4]","Stan_internal",TRUE,-0.00796066273997781,0.980037022366735,-1.90909601799729,-0.00706584362456667,1.94751264986644,1.00011834058331,14485.0612843245,5980.12440517098,0.00814929633685364,-0.00136950048952294,-0.0163479234758934,0.022067175939341,-0.036192402933836,0.0582595788731771,NA,FALSE,FALSE,TRUE,"diagnostics_met_only"
"z[75,4]","Stan_internal",TRUE,-0.00532083171728914,1.00154845227006,-1.94870076175032,-0.0212076662047989,1.96621906037487,1.00027723222818,11767.8362392687,4801.6969473332,0.0092464747547451,0.0160231582424786,-0.00821499559091414,0.0152502153076138,-0.044341704828335,0.0603648630708136,NA,FALSE,FALSE,TRUE,"diagnostics_met_only"
"z[76,4]","Stan_internal",TRUE,0.0517075008661228,0.998401001657448,-1.91677270489955,0.054261462154627,2.01568085552563,1.00026626451878,16121.3804920992,6026.71489563344,0.0078477655591406,0.0262548227560478,0.0920065754710222,0.0401771012941298,0.0483915039432915,0.0657517527149744,NA,FALSE,FALSE,TRUE,"diagnostics_met_only"
"z[77,4]","Stan_internal",TRUE,0.0336841628689669,1.01656017877503,-1.98251590429549,0.0427518117557923,2.01367123542548,1.00045767707148,12171.9244864066,4950.65516789829,0.00921396449081882,0.00819037646020377,0.0920547540932332,-0.00886049299851983,0.0433520139209503,0.100915247091753,NA,FALSE,FALSE,TRUE,"diagnostics_met_only"
"z[78,4]","Stan_internal",TRUE,0.0340113903619459,0.976811513947111,-1.88432728787371,0.0247973290431763,1.98402222050381,1.00055668132427,13895.2121158083,5718.78785540067,0.00829656715625114,0.0378796275422102,0.0477362337153328,0.00358399320954984,0.0468457069806907,0.044152240505783,NA,FALSE,FALSE,TRUE,"diagnostics_met_only"
"z[79,4]","Stan_internal",TRUE,0.0314487885430051,0.992094655634082,-1.88172799204777,0.025332392574308,1.98793625971201,1.00013681089099,13920.4233946118,5993.95068892038,0.00842720822960833,0.0261181635557021,0.0572382071125302,-0.00462129864950904,0.0470600821532968,0.0618595057620392,NA,FALSE,FALSE,TRUE,"diagnostics_met_only"
"z[80,4]","Stan_internal",TRUE,0.0179831737310822,0.98015686062523,-1.89237632100725,0.00795637899590355,1.94345895448861,1.00067574721871,16160.4491481488,6148.34818198726,0.00770976865715824,-0.00354416813889058,0.033817970597947,0.0111451063926999,0.0305137860725724,0.0373621387368376,NA,FALSE,FALSE,TRUE,"diagnostics_met_only"
"z[81,4]","Stan_internal",TRUE,-0.0660171130577309,0.997748431886416,-1.99963649011618,-0.0731024999523056,1.90473338417601,1.0083382745656,1357.81644446049,5144.56284284644,0.027813475708037,0.00824577149357719,-0.270115731212895,-0.0225395857270764,0.020341093215469,0.290456824428364,NA,FALSE,FALSE,TRUE,"diagnostics_met_only"
"z[82,4]","Stan_internal",TRUE,-0.00214320045593731,0.980831235563611,-1.92917015965808,-0.0130218151722019,1.96722957147283,1.00053209499913,15328.3299622919,5822.15459513626,0.00791580456972765,-0.00411023345576998,-0.0186008216420075,0.018156843786032,-0.00401859051200387,0.0367576654280395,NA,FALSE,FALSE,TRUE,"diagnostics_met_only"
"z[83,4]","Stan_internal",TRUE,-0.100243134447756,1.01152812527476,-2.04346184673391,-0.121305801968334,1.9219951566695,1.01714603500211,188.643163139307,5186.69367694739,0.0737174883416655,0.00332720039305277,-0.404164037381362,-0.00085975506781145,0.000724054265097218,0.407491237774415,NA,FALSE,FALSE,FALSE,"inconclusive"
"z[84,4]","Stan_internal",TRUE,-0.0157107779338817,0.999907426966201,-2.00151235665093,-0.0268323988224295,1.93275496181853,1.00087025618696,15743.4006253457,5616.84400828686,0.00796669004580568,-0.0111119006086499,-0.0226463291157866,-0.0377551734037221,0.00867029139263184,0.046425464796354,NA,FALSE,FALSE,TRUE,"diagnostics_met_only"
"z[85,4]","Stan_internal",TRUE,-0.00224108413170674,0.994065965447864,-1.90515709242724,-0.004696824030599,1.93518655270294,1.00030864813532,16510.7861326183,5634.61703127635,0.00774435675597782,0.00871856364193741,-0.012523734433753,-0.0325895942815473,0.027430428546536,0.0600200228280834,NA,FALSE,FALSE,TRUE,"diagnostics_met_only"
"z[86,4]","Stan_internal",TRUE,0.00392783282704146,0.987537608926787,-1.92283429827428,0.00378586285112685,1.92676898450962,0.99991792452326,18489.7826058212,5523.04244192056,0.00726826445057819,0.0108995395585671,0.0200819364485973,-0.00599025749143977,-0.00927988720755867,0.029361823656156,NA,FALSE,FALSE,TRUE,"diagnostics_met_only"
"z[87,4]","Stan_internal",TRUE,0.00237868323025789,0.997963635393979,-1.94724797574333,-0.00295073548311864,1.93379639683813,0.999906915313799,14716.0228664167,5502.81574317605,0.00821986185820041,0.0159318399761465,0.00456626564146235,-0.0183257413871473,0.00734236869057012,0.0342575813632938,NA,FALSE,FALSE,TRUE,"diagnostics_met_only"
"z[88,4]","Stan_internal",TRUE,-0.00832469024520734,0.996891520713888,-1.96731910051186,-0.010696372057241,1.92895080703652,1.00049376724713,14426.2400254842,5362.39290326999,0.00829337492091515,-0.00140529020183296,0.00824286082268096,-0.0423768623069642,0.00224053070528685,0.0506197231296452,NA,FALSE,FALSE,TRUE,"diagnostics_met_only"
"z[89,4]","Stan_internal",TRUE,-0.0047819553337969,1.00902138634289,-1.99161298389581,0.00377180940807849,1.94864195091363,1.00007883440196,15743.6481872826,5503.28874446087,0.00803580469969802,0.0152901002366476,0.00454786799774023,-0.0460837132912511,0.00711792372167567,0.0613738135278986,NA,FALSE,FALSE,TRUE,"diagnostics_met_only"
"z[90,4]","Stan_internal",TRUE,-0.0213619117435959,0.997999819071269,-1.96677161973522,-0.0282731398699847,1.91908994149029,1.00144020193587,15522.07309868,5118.11921677259,0.00800492880862945,-0.0138190451803003,-0.00708678062963477,-0.0592705848145728,-0.00527123634987562,0.0539993484646972,NA,FALSE,FALSE,TRUE,"diagnostics_met_only"
"z[91,4]","Stan_internal",TRUE,-0.00678754325297504,0.989995328267651,-1.97102004009873,0.0055733916094288,1.89895192269334,1.00178055556072,16760.7595389901,5578.27451890334,0.00764948065932082,-0.0041709031881303,-0.0105237315636052,-0.0301495689609291,0.0176940307007642,0.0478435996616932,NA,FALSE,FALSE,TRUE,"diagnostics_met_only"
"z[92,4]","Stan_internal",TRUE,0.0746303790768364,1.01141525734551,-1.88862236116215,0.0771693073584239,2.0236866901457,1.00220353857662,12934.326460573,5821.3011393831,0.00889715431657189,0.0449518062530756,0.128488963371376,0.0357472274909474,0.0893335191919468,0.0927417358804287,NA,FALSE,FALSE,TRUE,"diagnostics_met_only"
"z[93,4]","Stan_internal",TRUE,0.0348102385920425,1.01253801103747,-1.9377033301094,0.0426443083130305,1.98581335947696,1.00042083087166,13271.2581525755,5238.91730502465,0.00879077036176833,0.0251340505519939,0.0863831348215214,0.0194538978611978,0.00826987113345666,0.0781132636880648,NA,FALSE,FALSE,TRUE,"diagnostics_met_only"
"z[94,4]","Stan_internal",TRUE,0.0589416484739336,0.979247275307094,-1.87796707685335,0.064715256959816,1.96411618081415,1.00049633449116,14142.027220079,5419.10937384823,0.00822254397576839,0.045071970824213,0.100444403721131,0.0162897588981786,0.0739604604522121,0.0841546448229523,NA,FALSE,FALSE,TRUE,"diagnostics_met_only"
"z[95,4]","Stan_internal",TRUE,0.0600554816116865,0.977606361193037,-1.83158827951594,0.0458940440548031,2.00927236634955,1.00064360977087,16420.1780001677,5674.75425814983,0.00762141240127525,0.0273941006731413,0.128200997693882,0.0402584663284152,0.0443683617513071,0.100806897020741,NA,FALSE,FALSE,TRUE,"diagnostics_met_only"
"z[96,4]","Stan_internal",TRUE,0.0472728405882388,1.01167247116875,-1.94978023751246,0.0348769616177844,2.04423797548762,1.00125034522934,14881.9169724258,5798.88922245634,0.00828926399018528,0.0307371916756434,0.100109310693163,0.0178006031034606,0.040444256880688,0.0823087075897025,NA,FALSE,FALSE,TRUE,"diagnostics_met_only"
"z[97,4]","Stan_internal",TRUE,0.0366246054424424,0.987827812018759,-1.86851223488998,0.0384082662231584,2.0110195441894,1.00101493527536,15407.649954872,5671.00803037403,0.00794856084730953,0.0480751844421687,0.0248302125959631,0.0214105863255951,0.0521824384060428,0.0307718520804477,NA,FALSE,FALSE,TRUE,"diagnostics_met_only"
"z[98,4]","Stan_internal",TRUE,0.0610442301560585,1.00403304133203,-1.90399712885434,0.0755167118870983,2.01914329328422,1.00166108538696,12623.9441726185,5711.07704303344,0.00893159929238948,0.0625935953315818,0.0925911447657142,0.0242870276436593,0.0647051528832785,0.0683041171220549,NA,FALSE,FALSE,TRUE,"diagnostics_met_only"
"z[99,4]","Stan_internal",TRUE,0.0585909072987855,1.0043896073282,-1.87127222616989,0.0531179547401752,1.9690744470339,1.00097049938721,15749.5958536271,4872.31093396548,0.00799271864676324,0.0284410061100875,0.100157268204479,0.0269428224531611,0.0788225324274143,0.0732144457513183,NA,FALSE,FALSE,TRUE,"diagnostics_met_only"
"z[100,4]","Stan_internal",TRUE,0.0428169177065787,0.99733404204281,-1.91778395862131,0.0280075493834137,1.98683753475782,1.00017832837066,14150.4358133299,5636.96241000173,0.0083848518819891,0.0176698396649259,0.0717814743476441,0.00888140221462364,0.072934954599121,0.0640535523844973,NA,FALSE,FALSE,TRUE,"diagnostics_met_only"
"z[101,4]","Stan_internal",TRUE,0.0770199502964452,0.976792749711747,-1.84913749035154,0.0817837848895275,2.02362068421612,1.00179079956194,13999.5862070207,6004.0474587034,0.00824663401566171,0.0611404255193834,0.121648168471873,0.0343569857935547,0.0909342214009702,0.0872911826783181,NA,FALSE,FALSE,TRUE,"diagnostics_met_only"
"z[102,4]","Stan_internal",TRUE,0.0576917895696206,1.0068794036189,-1.91698624206859,0.0585164593552622,2.00150918080316,1.00319261787029,13831.7032312123,5431.84606670811,0.00856662995994856,0.0538859352709982,0.100873947080959,0.0153501041446249,0.0606571717819004,0.0855238429363339,NA,FALSE,FALSE,TRUE,"diagnostics_met_only"
"z[103,4]","Stan_internal",TRUE,0.0569400938715668,1.00223149128156,-1.90759404115205,0.0474890157227526,2.0210300579805,1.00217552510442,13756.5623179374,5505.81918265319,0.00854011300353291,0.0385165294540638,0.0632447672607724,0.0483617269013814,0.0776373518700497,0.0391208224159859,NA,FALSE,FALSE,TRUE,"diagnostics_met_only"
"z[104,4]","Stan_internal",TRUE,0.0301011033019148,0.981396219872526,-1.88291295935064,0.0244377929775679,1.93661828984649,0.999906310766258,15245.127493928,5055.17084083841,0.00795868400813822,0.0407640462784452,0.0416782061281591,-0.00729867914883552,0.0452608399498902,0.0525595190987257,NA,FALSE,FALSE,TRUE,"diagnostics_met_only"
"z[105,4]","Stan_internal",TRUE,0.0383373666228224,0.995845562985497,-1.91253659363003,0.0367412785139729,1.9770741412121,1.00212498548045,15972.2105228818,5667.43344250447,0.0078738982267266,0.0319581441370492,0.056572973871739,0.0122527034217184,0.0525656450607827,0.0443202704500206,NA,FALSE,FALSE,TRUE,"diagnostics_met_only"
"z[106,4]","Stan_internal",TRUE,0.0429662388427285,0.995698290426672,-1.89058792344252,0.0460557987652207,1.98721350790331,1.00123527162635,13192.3142495662,5882.44984767596,0.00866508129477929,0.0465974399908213,0.0338286418026715,0.0154156999055908,0.0760231736718304,0.0606074737662396,NA,FALSE,FALSE,TRUE,"diagnostics_met_only"
"z[107,4]","Stan_internal",TRUE,0.0431336778354122,0.997844831731079,-1.93008209530316,0.042381225019882,2.02930540769793,1.00035551745764,14353.9737402688,5178.35901047561,0.0083329695070956,0.0127557028961141,0.0878772307875114,0.0108096107036676,0.0610921669543557,0.0770676200838438,NA,FALSE,FALSE,TRUE,"diagnostics_met_only"
"z[108,4]","Stan_internal",TRUE,0.0634802124794241,0.997361999521648,-1.87093942935404,0.051085407689177,2.03196205992866,1.00055513950606,14110.5839585182,5723.63236133737,0.00840338253294181,0.0776757095967668,0.071047551938931,0.0417733166642122,0.0634242717177865,0.0359023929325547,NA,FALSE,FALSE,TRUE,"diagnostics_met_only"
"z[109,4]","Stan_internal",TRUE,0.0603326312559275,1.01590645707651,-1.92055829787484,0.060271312760945,2.021206555375,1.0003032472814,14545.9804060777,5994.86886212182,0.00841783307334201,0.0399864756339287,0.0957690967066518,0.0451083494570361,0.0604666032260932,0.0557826210727231,NA,FALSE,FALSE,TRUE,"diagnostics_met_only"
"z[110,4]","Stan_internal",TRUE,0.0395240585468607,0.983838482142217,-1.86654819932688,0.0442768905293031,1.99434810210793,1.00004399328426,13693.9874839651,5444.73284683,0.0084117841971672,0.0172564208770597,0.0543545044955903,0.0381164468265861,0.0483688619882064,0.0370980836185306,NA,FALSE,FALSE,TRUE,"diagnostics_met_only"
"z[111,4]","Stan_internal",TRUE,0.0503908995720894,1.00375085005355,-1.89388207838736,0.0433955224620142,2.01549253004687,1.00090404378451,14297.2089903379,5187.31160198535,0.00842833452031868,0.0373578905160248,0.0973490759001001,0.0140267208775482,0.0528299109946845,0.0833223550225518,NA,FALSE,FALSE,TRUE,"diagnostics_met_only"
"z[112,4]","Stan_internal",TRUE,0.0498828128489527,1.0138272765047,-1.95455648376593,0.0447035409628978,2.0540324774305,1.0017807990244,16115.6574641359,5530.410670775,0.00798879488170841,0.0274129214596897,0.0892428675958212,0.0421425147735267,0.0407329475667732,0.0618299461361315,NA,FALSE,FALSE,TRUE,"diagnostics_met_only"
"z[113,4]","Stan_internal",TRUE,0.0563960553178398,1.00006451985053,-1.89452129431046,0.0539966571365621,2.03104052880404,1.00093743891616,13811.1642269542,5635.85648110046,0.0085189800368337,0.0128992941413528,0.112143100314093,0.0292853417627581,0.0712564850531552,0.0992438061727401,NA,FALSE,FALSE,TRUE,"diagnostics_met_only"
"z[114,4]","Stan_internal",TRUE,0.0580748202967839,0.995286917985723,-1.88696959719373,0.0522079606810916,2.00371066391072,0.999979036283066,14484.1018776732,5901.87834669572,0.00826668197290093,0.0401356500020053,0.0958798153258517,0.0253308802000942,0.0709529356591846,0.0705489351257576,NA,FALSE,FALSE,TRUE,"diagnostics_met_only"
"z[115,4]","Stan_internal",TRUE,0.047870979710034,0.973778710881753,-1.88890434549199,0.0476057803061883,1.93922804677963,1.00088008576709,13895.3656312064,5902.54996572799,0.00826286894227772,0.0479635349992973,0.0902076071609576,0.000974994656687219,0.0523377820231943,0.0892326125042704,NA,FALSE,FALSE,TRUE,"diagnostics_met_only"
"z[116,4]","Stan_internal",TRUE,0.0673732602763538,0.973810424031839,-1.86406962049848,0.0642099793634669,2.01507094338848,1.000141357529,14830.128141149,5849.38432124243,0.00798724264919179,0.0617540013502854,0.0932132609185909,0.0162184766810971,0.0983073021554418,0.0820888254743448,NA,FALSE,FALSE,TRUE,"diagnostics_met_only"
"z[117,4]","Stan_internal",TRUE,0.0287655422016694,0.976600213978532,-1.85143741987033,0.0199873474267547,1.92418632284313,1.00043477227952,14868.830328011,5903.95359811091,0.00800189025975364,0.0235077027720806,0.0414211654049719,0.00064475417157619,0.0494885464580492,0.048843792286473,NA,FALSE,FALSE,TRUE,"diagnostics_met_only"
"z[118,4]","Stan_internal",TRUE,0.041010802919271,0.98253432874908,-1.88420692750888,0.0412289707031654,1.94223344884144,1.00016306923236,11917.149249763,5469.8191652095,0.00899273830542882,0.021450543075717,0.0706917395487474,0.00491944230832402,0.0669814867442953,0.0657722972404234,NA,FALSE,FALSE,TRUE,"diagnostics_met_only"
"z[119,4]","Stan_internal",TRUE,0.0590768351220579,0.989303184101383,-1.87224182129173,0.0738470845876515,1.94210811034875,1.0008421832963,13824.55382432,5795.75380855412,0.00840857866287576,0.080383261925028,0.0893790381292294,-0.00779570202388612,0.0743407424578605,0.0971747401531155,NA,FALSE,FALSE,TRUE,"diagnostics_met_only"
"z[120,4]","Stan_internal",TRUE,0.0573260049316852,1.01082951774089,-1.9324403192491,0.0550072823449418,2.03401033277791,1.00129469739635,14616.25289861,5900.53816286093,0.00835720428614307,0.0419473074663944,0.100232060888145,0.0264358286629317,0.0606888227092695,0.0737962322252134,NA,FALSE,FALSE,TRUE,"diagnostics_met_only"
"z[121,4]","Stan_internal",TRUE,0.0627616033382671,0.986949669696875,-1.85517966797134,0.0579537324010037,2.0471540983291,1.00013286555599,14740.7853451499,5718.27232298333,0.00824068538055159,0.0417998761547387,0.0966516729977778,0.0452323602992393,0.0673625039013128,0.054851796843039,NA,FALSE,FALSE,TRUE,"diagnostics_met_only"
"z[122,4]","Stan_internal",TRUE,0.0585523867602672,0.987126187231154,-1.8777081645433,0.0527255234849295,1.97986376074797,1.00035071583158,15847.2177283327,6004.81127567659,0.00782176902264823,0.0182038335877131,0.0793851213382603,0.0525545516622949,0.0840660404528012,0.065862206865088,NA,FALSE,FALSE,TRUE,"diagnostics_met_only"
"z[123,4]","Stan_internal",TRUE,0.0372739354514226,0.992114657797582,-1.93484655722321,0.0389678955670035,1.97400057539084,1.00058835039045,14938.1549803465,4835.39103409884,0.00812122751316951,0.00121400680239468,0.0808737695471745,0.00372057099991687,0.0632873944562043,0.0796597627447798,NA,FALSE,FALSE,TRUE,"diagnostics_met_only"
"z[124,4]","Stan_internal",TRUE,0.0808965063352196,0.966914258743904,-1.82093024978777,0.0829170265765992,1.99405466755109,1.00082101690445,14828.8214925319,6060.78015976181,0.00793336277009268,0.0857645451640072,0.133046536703552,0.0293135913034907,0.0754613521698278,0.103732945400061,NA,FALSE,FALSE,TRUE,"diagnostics_met_only"
"z[125,4]","Stan_internal",TRUE,0.0622724992268102,1.00153119220054,-1.92031920211518,0.0568749661779351,2.02937377632891,1.00042963391155,14458.6205059608,5487.15632476905,0.00833032236032855,0.0609858529318442,0.10820536604341,0.0123317409303921,0.0675670370015945,0.0958736251130177,NA,FALSE,FALSE,TRUE,"diagnostics_met_only"
"z[126,4]","Stan_internal",TRUE,0.040282083862163,0.97913014365007,-1.91417712046881,0.0536496713407176,1.96512638339144,1.00006886208882,15087.0872641066,5646.09808830895,0.00796959776103456,0.0275612158048701,0.0787659869932617,0.00129221583675927,0.0535089168137607,0.0774737711565024,NA,FALSE,FALSE,TRUE,"diagnostics_met_only"
"z[127,4]","Stan_internal",TRUE,-0.0744382518618755,1.00842011221281,-2.02068708965746,-0.0740313527711955,1.92500091497861,1.00492819327416,8468.91537943408,5323.38013828204,0.0109678660063282,0.00327103862428744,-0.0780422468297249,0.00492388026297282,-0.227905679505037,0.232829559768009,NA,FALSE,FALSE,TRUE,"diagnostics_met_only"
"z[128,4]","Stan_internal",TRUE,-0.0987920264621958,1.00782445452057,-2.10028576610615,-0.0926766176695795,1.86858142186209,1.01427218727541,306.404297719584,5212.33761703556,0.0578233077582623,-0.0154209806703023,-0.375415602495895,-0.0156730958169149,0.0113415731343294,0.386757175630224,NA,FALSE,FALSE,FALSE,"inconclusive"
"z[129,4]","Stan_internal",TRUE,0.00564533490536934,0.977386268669234,-1.90792066036015,0.0106275321741665,1.91673892150222,1.0005051009191,17695.8212105415,5757.49372269432,0.00735395101756394,0.0110719382269834,0.019841521224369,-0.00434466284351115,-0.00398745698636394,0.0241861840678802,NA,FALSE,FALSE,TRUE,"diagnostics_met_only"
"z[130,4]","Stan_internal",TRUE,-0.00167611567031258,1.01216280363739,-1.94736876293591,-0.000214317898532667,1.97154942020397,1.00062349685589,15985.4981139471,5582.9651010141,0.00800895899025234,0.0119483979302056,0.00442532911229308,-0.0197790811611509,-0.00329910856259818,0.0317274790913565,NA,FALSE,FALSE,TRUE,"diagnostics_met_only"
"z[131,4]","Stan_internal",TRUE,0.00424184401487928,1.00215720960286,-1.96879148671545,-0.00198334965431517,1.95236013768508,1.00037849289733,17724.9125213211,5516.29454773786,0.00752786574512786,0.0315424093055368,-0.00866971964355375,-0.0115876065542067,0.00568229295174064,0.0431300158597436,NA,FALSE,FALSE,TRUE,"diagnostics_met_only"
"z[132,4]","Stan_internal",TRUE,0.0606015883814019,0.989282520211108,-1.87182615420528,0.0638884731711989,1.9658371870058,1.00070327925514,15424.4840188922,5876.04706028379,0.00795937085668969,0.0391085372555042,0.101150438966426,0.0237972094245741,0.0783501678791031,0.077353229541852,NA,FALSE,FALSE,TRUE,"diagnostics_met_only"
"z[133,4]","Stan_internal",TRUE,0.026904997459574,0.997269725398097,-1.93293293571876,0.0338687860982809,1.99051557327757,1.00092384315612,13740.7067092235,5508.51187923664,0.00851331687784758,-0.012267264734395,0.0270650365205202,0.0316058216151512,0.06121639643702,0.0734836611714149,NA,FALSE,FALSE,TRUE,"diagnostics_met_only"
"z[134,4]","Stan_internal",TRUE,0.0365813187923931,1.00671709419761,-1.95708029220798,0.0544826620088375,1.96900328175957,1.00083554240662,14211.0183325753,5228.79023363613,0.00843925100412747,0.0169219270158479,0.057075297380557,0.0259504538557247,0.0463775969174426,0.0401533703647091,NA,FALSE,FALSE,TRUE,"diagnostics_met_only"
"z[135,4]","Stan_internal",TRUE,-0.083979995162064,1.02083754843223,-2.08465011785914,-0.0816782085315897,1.93164751953792,1.005016211182,8836.16596657182,5412.38446152714,0.0108600233682051,0.0238225009851208,-0.15840290011146,0.00453683137170067,-0.205876412893617,0.229698913878738,NA,FALSE,FALSE,TRUE,"diagnostics_met_only"
"z[136,4]","Stan_internal",TRUE,-0.00816248905494475,0.980380824983993,-1.94478139710392,-0.0102537699830071,1.92325608232642,0.999802571672851,17435.0888916695,5678.67576069612,0.00742196423236121,-0.00418878465387233,-0.00176101153649148,-0.0294652715814386,0.00276511155202357,0.0322303831334622,NA,FALSE,FALSE,TRUE,"diagnostics_met_only"
"z[137,4]","Stan_internal",TRUE,-0.00517579253321899,0.996550845478642,-1.90444755382535,-0.00113416755359859,1.92096784726525,1.00133396021112,15781.1275693199,5862.44259569205,0.00793031865050766,-0.0027166059967138,-0.00415774035056626,-0.0149990827877572,0.00117025900216135,0.0161693417899186,NA,FALSE,FALSE,TRUE,"diagnostics_met_only"
"z[138,4]","Stan_internal",TRUE,-0.0194126054936107,0.994140792917407,-1.95378558738956,-0.0118294402275229,1.92781273654383,1.00019786969056,15869.0422848239,5651.11975320548,0.00788077099966498,-0.0106912322720108,-0.0225248660343203,-0.0237108490767133,-0.0207234745913984,0.0130196168047026,NA,FALSE,FALSE,TRUE,"diagnostics_met_only"
"z[139,4]","Stan_internal",TRUE,0.0483409086139955,0.969583460217068,-1.85678836796906,0.0430978523184683,1.91722496578904,1.00146930273401,15604.9232051548,5812.41866042459,0.00776253576650962,-0.00437349735804346,0.109694755908916,0.037447653846617,0.0505947220584926,0.11406825326696,NA,FALSE,FALSE,TRUE,"diagnostics_met_only"
"z[140,4]","Stan_internal",TRUE,0.049111502056033,0.984911130371652,-1.88977059685504,0.0362783078724593,1.97048984153477,0.999989550877694,13778.5487391797,5719.2504043508,0.0083997791320268,0.0354940326441938,0.0825949297874195,0.0258436035739167,0.0525134422186023,0.0567513262135029,NA,FALSE,FALSE,TRUE,"diagnostics_met_only"
"z[141,4]","Stan_internal",TRUE,0.00538662684492855,0.985427543508289,-1.93490074626009,0.0123119211720018,1.89952646415954,1.00203137936316,16363.4026992923,5926.83491872998,0.00771061919284424,0.00114763703987359,0.0514569190406463,-0.0134216555404784,-0.0176363931603272,0.0690933122009735,NA,FALSE,FALSE,TRUE,"diagnostics_met_only"
"z[142,4]","Stan_internal",TRUE,0.00894618581639071,1.01714904163776,-1.98851785357273,0.0129624241960866,2.00463003460447,1.00026734960105,16448.6302264355,5388.49004377997,0.00791125314202908,-0.0260456082964579,0.0248703721727791,0.0139325968062546,0.023027382582987,0.050915980469237,NA,FALSE,FALSE,TRUE,"diagnostics_met_only"
"z[143,4]","Stan_internal",TRUE,-0.0120521545608191,0.974734661870619,-1.90536968885426,-0.00770951215259813,1.90271426958901,1.00037918486877,14121.712569312,5399.62081614404,0.00818971455371668,-0.0132075159771674,-0.0314207173532202,-0.0170178741960802,0.0134374892831912,0.0448582066364113,NA,FALSE,FALSE,TRUE,"diagnostics_met_only"
"z[1,5]","Stan_internal",TRUE,-0.00456056822933859,0.991690332025639,-1.959845388332,-0.00064578547723094,1.96229635058847,1.00101104737303,16083.9056106124,5702.20045587094,0.00782100997040913,-0.00023053632105128,-0.0282951217061408,0.00386206206460135,0.00642132304523633,0.0347164447513771,NA,FALSE,FALSE,TRUE,"diagnostics_met_only"
"z[2,5]","Stan_internal",TRUE,-0.00909644905700095,1.00047889572545,-1.93005844880214,-0.00463592328942279,1.92518525995022,1.00022540366203,14763.3995700328,5509.96536684931,0.00823844323498583,-0.0135623769900226,-0.0153753286131083,0.00934394478508065,-0.0167920354099534,0.0261359801950341,NA,FALSE,FALSE,TRUE,"diagnostics_met_only"
"z[3,5]","Stan_internal",TRUE,-0.010663805690022,1.00603566049672,-1.98030093205485,-0.00950630873344272,1.96878329933528,1.00066554239103,17816.5768814429,5772.82028619509,0.00754176858186119,-0.016533699763639,-0.0219372168522037,0.00514095260689426,-0.00932525875113927,0.027078169459098,NA,FALSE,FALSE,TRUE,"diagnostics_met_only"
"z[4,5]","Stan_internal",TRUE,-0.00672186223939428,0.984763060231264,-1.94896347332094,0.00505868346317554,1.8976032693136,1.00035608967618,15973.8551196688,5082.28506454922,0.00780517115131235,0.00631961994106962,-0.0242867442070409,0.00721324514649102,-0.0161335698380969,0.0314999893535319,NA,FALSE,FALSE,TRUE,"diagnostics_met_only"
"z[5,5]","Stan_internal",TRUE,0.00169734683438049,1.01197610687763,-1.97426022330498,0.00438645930073454,2.01171355171511,1.00236547227951,17519.8350241061,5303.05828968924,0.007645779639643,-0.00151502926940819,-0.0110979819115131,0.0309677969453062,-0.0115653984268631,0.0425331953721692,NA,FALSE,FALSE,TRUE,"diagnostics_met_only"
"z[6,5]","Stan_internal",TRUE,0.00333739306688397,1.00111492962745,-1.91599184947832,0.00145569301722426,1.95872709634229,1.00009857080295,16488.1538682342,5660.88143767958,0.00780977982874025,0.0212016984047024,-0.00752605923940464,-0.0177698363686683,0.0174437694709062,0.0389715347733707,NA,FALSE,FALSE,TRUE,"diagnostics_met_only"
"z[7,5]","Stan_internal",TRUE,0.00214385240739655,1.02100484196286,-2.0309243423877,-0.000681130871985197,1.96972374929263,0.999618183661459,14372.9943006963,4937.92609096541,0.00852004935676943,-0.00102056678536001,-0.00434368448012144,0.0143801144292559,-0.000440453534188155,0.0187237989093773,NA,FALSE,FALSE,TRUE,"diagnostics_met_only"
"z[8,5]","Stan_internal",TRUE,0.00352259401346169,0.981056981725495,-1.92281737857087,0.00364718050004402,1.9303237551316,1.00059109141016,17966.0635648861,5987.18353838675,0.00731853174277677,0.00738467299055005,-0.00599097454236018,-0.00348085570521685,0.0161775333108738,0.0221685078532339,NA,FALSE,FALSE,TRUE,"diagnostics_met_only"
"z[9,5]","Stan_internal",TRUE,-0.00184158866667226,0.981547985543826,-1.92693686742595,-0.0145046566693788,1.92900000322245,1.00012359547998,14883.5124987199,5860.56628449338,0.00803623919372256,0.000822609914225761,-0.0036029763651404,0.000880059214033288,-0.00546604742980771,0.006346106643841,NA,FALSE,FALSE,TRUE,"diagnostics_met_only"
"z[10,5]","Stan_internal",TRUE,0.00430223137246625,1.00538066748635,-1.98746969720218,0.0124850121188097,1.98927378667665,1.00023670643124,17248.130711364,5471.71555370141,0.00765752729851563,-0.00848493049122797,-0.00225339223053203,-0.00356296494132283,0.0315102131529479,0.0399951436441759,NA,FALSE,FALSE,TRUE,"diagnostics_met_only"
"z[11,5]","Stan_internal",TRUE,0.00442890258232814,1.01932919080103,-1.96705006611888,0.00995481888921121,2.03058240555879,0.99991026652569,16015.5703516771,5369.29721793398,0.00806074496158666,-0.0162614787937077,0.0271302027746697,-0.00874704521730098,0.0155939315656516,0.0433916815683775,NA,FALSE,FALSE,TRUE,"diagnostics_met_only"
"z[12,5]","Stan_internal",TRUE,0.00793568973232368,0.996752427068548,-1.98082441943131,0.0209288113710463,1.96806793841975,1.00009558421462,16066.9497030769,5744.61088899362,0.00787108007678312,0.00876551471300003,0.0422620927830635,-0.0239458593629004,0.00466101079613181,0.0662079521459639,NA,FALSE,FALSE,TRUE,"diagnostics_met_only"
"z[13,5]","Stan_internal",TRUE,-0.000488422812392017,1.00628356842746,-1.99278231298851,-0.00162573851432464,1.94612416577014,1.00049668012095,16694.7761479207,5994.59664510858,0.00778223526868404,-0.00478323557532351,-0.00102685955211647,0.00463065696556899,-0.000774253087697091,0.0094138925408925,NA,FALSE,FALSE,TRUE,"diagnostics_met_only"
"z[14,5]","Stan_internal",TRUE,0.00778292917847454,0.974450799196422,-1.93267187433821,0.0132876141573733,1.91333749123562,0.999811874982586,14429.9014925252,5298.27360499699,0.00813037343380446,-0.00677103032897805,0.00610402182032158,0.0100023236149258,0.0217964016076288,0.0285674319366069,NA,FALSE,FALSE,TRUE,"diagnostics_met_only"
"z[15,5]","Stan_internal",TRUE,-0.00217423121353491,0.989681991035631,-1.93451682915074,0.00220467898534745,1.93355386427557,1.00022548077977,16922.0339463739,5803.87289117691,0.00760080682164194,-0.00148859355158076,-0.0139189606550154,0.0018111460545535,0.00489948329790305,0.0188184439529184,NA,FALSE,FALSE,TRUE,"diagnostics_met_only"
"z[16,5]","Stan_internal",TRUE,0.000839109909663328,1.01448939097453,-2.0449931664163,0.0120640844470689,1.96383359470169,1.00033514320279,16530.4543708748,5377.21693830811,0.00788181387505393,0.00382804266756096,-0.00655141924414436,-0.00606050701416179,0.0121403232293984,0.0186917424735427,NA,FALSE,FALSE,TRUE,"diagnostics_met_only"
"z[17,5]","Stan_internal",TRUE,0.0010086095520738,1.00352791076312,-1.98004751693672,0.00399717188424922,1.99456222499878,1.00004327108027,15924.0603440893,5591.63944431975,0.00794337248054944,0.0201811114382875,-0.0165811011145395,-0.00752663691186856,0.00796106479641588,0.036762212552827,NA,FALSE,FALSE,TRUE,"diagnostics_met_only"
"z[18,5]","Stan_internal",TRUE,-0.00131497483061924,1.01475729879916,-1.99507118370873,0.00223021906368865,2.01929687254502,1.00000864516746,16946.0711809963,5335.7660356837,0.00779469326188672,-0.00139328305582653,-0.00173239769621471,-0.0164202049840196,0.014285986413584,0.0307061913976036,NA,FALSE,FALSE,TRUE,"diagnostics_met_only"
"z[19,5]","Stan_internal",TRUE,-0.0034193965722439,1.00440340683674,-1.97524300237746,-0.00382801188678274,1.98255825555495,1.00113098373197,16409.8800167174,5138.14998479439,0.00783773374866973,0.0160583079523331,-0.0215158613994915,-0.00539178269566613,-0.0028282501461512,0.0375741693518247,NA,FALSE,FALSE,TRUE,"diagnostics_met_only"
"z[20,5]","Stan_internal",TRUE,-0.00525135378822359,1.00609082186878,-1.99716943001643,-0.0125003603467592,1.97719672800751,1.00143209428162,16997.3217005057,5397.72971834131,0.00772405133412443,0.029175046274716,-0.0445268835214927,0.00562885146784915,-0.0112824293739667,0.0737019297962087,NA,FALSE,FALSE,TRUE,"diagnostics_met_only"
"z[21,5]","Stan_internal",TRUE,0.00133245428793829,0.988901238108213,-1.92715122705229,0.00325859170027081,1.96686402912791,1.0005019347123,15932.4368212701,5042.62232214908,0.00783582143584458,0.0207726559619127,-0.000161505057572165,-0.002291040952424,-0.0129902928001633,0.0337629487620761,NA,FALSE,FALSE,TRUE,"diagnostics_met_only"
"z[22,5]","Stan_internal",TRUE,-0.00329222529864722,0.98674430424191,-1.94579237868934,0.0058403966569331,1.91480135928527,1.00015316530733,13703.6553680762,5211.41140381286,0.0084242483140429,0.000817997016542556,-0.00720499044001786,-0.0118879933907839,0.00510608561967027,0.0169940790104541,NA,FALSE,FALSE,TRUE,"diagnostics_met_only"
"z[23,5]","Stan_internal",TRUE,-0.00326581184141364,0.988147539776874,-1.94400552362495,0.00653503733042718,1.93069550091481,1.00102046270689,14318.8005102308,5233.58451395578,0.00824467194361908,-0.00215464625137759,0.00335284638233154,-0.00331073092462299,-0.0109507165719856,0.0143035629543172,NA,FALSE,FALSE,TRUE,"diagnostics_met_only"
"z[24,5]","Stan_internal",TRUE,0.00795980059478599,0.996847630621277,-1.95080843606426,0.00797050441034403,1.96818271388132,1.00046089154932,15822.1135135542,5558.89334204295,0.00792302248358278,0.0110899097358911,0.0132590716568815,-0.00995390812092175,0.0174441291072932,0.0273980372282149,NA,FALSE,FALSE,TRUE,"diagnostics_met_only"
"z[25,5]","Stan_internal",TRUE,0.0165993914162406,1.01327680066069,-1.97620182685227,0.011907013374054,2.05321802146966,1.00012554819193,13227.6888238012,5562.92660189378,0.00879857695508662,-0.0116732566331771,0.0491415088288873,0.0248829508411709,0.00404636262808116,0.0608147654620644,NA,FALSE,FALSE,TRUE,"diagnostics_met_only"
"z[26,5]","Stan_internal",TRUE,0.00712917746029288,0.98701566243689,-1.92795489131739,0.0143927124173325,1.91619116747559,1.00037200569855,15312.5134251489,5546.12031621051,0.00798488328001132,-0.00211572820958618,0.0263738803018878,0.000257648833794825,0.00400090891507499,0.028489608511474,NA,FALSE,FALSE,TRUE,"diagnostics_met_only"
"z[27,5]","Stan_internal",TRUE,0.00861462038764513,0.995056766197771,-1.91960813932665,0.00951623782545784,1.95958471496728,1.00042479557725,15442.420906183,5354.00059718126,0.00802183715621716,0.00251964548533609,0.00335393766767413,0.0185087151925237,0.0100761832050466,0.0159890697071876,NA,FALSE,FALSE,TRUE,"diagnostics_met_only"
"z[28,5]","Stan_internal",TRUE,-0.00401500427012337,1.01122482193875,-2.00066857876366,-0.0122891991134945,1.96949022496934,1.00043709733474,14690.3081256788,5816.66813341494,0.00834510696574432,0.00199791070626783,-0.0128046319225444,-0.015163847602847,0.00991055173863007,0.0250743993414771,NA,FALSE,FALSE,TRUE,"diagnostics_met_only"
"z[29,5]","Stan_internal",TRUE,-0.00240213375759471,1.03049590044388,-2.0045762761819,-0.00770846475984723,2.03830593246939,1.00039561301881,16739.8013099433,5408.59300845158,0.00795204891229275,0.00451795556905208,-0.0164924154903026,0.0170549623078339,-0.0146890374169623,0.0335473777981365,NA,FALSE,FALSE,TRUE,"diagnostics_met_only"
"z[30,5]","Stan_internal",TRUE,-0.00996414615034089,1.01805415695296,-2.01979312029893,-0.0190060089214435,1.97444327307572,1.00061057371997,15572.8315896619,5625.85445565364,0.00815024610496621,-0.0248719712101138,0.0138844459447113,-0.0268637397663787,-0.00200531956958245,0.0407481857110899,NA,FALSE,FALSE,TRUE,"diagnostics_met_only"
"z[31,5]","Stan_internal",TRUE,-0.0133937476689395,0.995558125791684,-1.96007184237957,-0.018087705327315,1.92418118327416,1.00148947182387,14896.7455849554,4670.68407185055,0.0081549084977489,-0.00537777318074575,0.00375014614277234,-0.0190158406637493,-0.0329315229740353,0.0366816691168076,NA,FALSE,FALSE,TRUE,"diagnostics_met_only"
"z[32,5]","Stan_internal",TRUE,0.00978584912067631,0.979262321912722,-1.91260852487288,0.0146816878912946,1.89759784989078,1.00088974813539,15199.1427512284,6078.54941274176,0.0079443775366133,-0.00598146196980927,0.04108108985469,0.000182667474555458,0.00386110112326893,0.0470625518244993,NA,FALSE,FALSE,TRUE,"diagnostics_met_only"
"z[33,5]","Stan_internal",TRUE,0.00573772761208789,0.998001475384782,-1.9044077309844,0.00340786380190961,1.95825347407615,1.00110283769846,14298.2486061389,5147.39589380125,0.00836173346820099,-0.00975702355595603,0.0149907753124133,0.0199670916592765,-0.00224993296738204,0.0297241152152325,NA,FALSE,FALSE,TRUE,"diagnostics_met_only"
"z[34,5]","Stan_internal",TRUE,-0.00328188274383986,1.02462324935236,-1.98445797005367,-0.00544931701582152,2.06099987927305,1.00049315914181,14744.0844369174,5104.19263951797,0.00844379709463684,0.0180805467820727,-0.0161257175238047,-0.00768953278332586,-0.00739282745030161,0.0342062643058774,NA,FALSE,FALSE,TRUE,"diagnostics_met_only"
"z[35,5]","Stan_internal",TRUE,0.00176463142428332,0.99618620326138,-1.9270042321434,-0.00550156618908574,1.97355018984374,1.00132555351577,15485.4714638033,5832.15650853477,0.00800998880038311,-0.00171388064759443,0.0150358282475652,0.00167945631697451,-0.0079428782198122,0.0229787064673774,NA,FALSE,FALSE,TRUE,"diagnostics_met_only"
"z[36,5]","Stan_internal",TRUE,-0.00973303645974139,1.00795089278307,-2.00062694450607,-0.0096832114416093,1.93099527702017,1.00065219613577,16322.7458056797,5326.28998302547,0.00789588640203087,-0.0151054462185371,-0.0120073547144252,-0.0044610941818984,-0.00735825072410489,0.0106443520366387,NA,FALSE,FALSE,TRUE,"diagnostics_met_only"
"z[37,5]","Stan_internal",TRUE,-0.0151043734038865,0.980824599853421,-1.9599042175371,-0.0177424564574575,1.90348083482893,1.00131777504861,15936.5591132193,5989.60267140608,0.0077729344959602,-0.0247467131971169,-0.0498611177566129,0.0106904362715437,0.00349990106663986,0.0605515540281567,NA,FALSE,FALSE,TRUE,"diagnostics_met_only"
"z[38,5]","Stan_internal",TRUE,-0.0148659259765237,1.00807937964619,-1.98418609378397,-0.010390623004085,1.96692480045271,1.00054989417261,15701.7462559986,5561.04985631501,0.00804538572244104,-0.0278755167790129,-0.0182675143193477,-0.019887558385275,0.0065668855775408,0.0344424023565537,NA,FALSE,FALSE,TRUE,"diagnostics_met_only"
"z[39,5]","Stan_internal",TRUE,0.00329122745730551,1.01726090899546,-1.97675048050675,0.0105389641049711,1.99046294464374,1.00205871481255,15259.7062732322,5480.44627113772,0.00821977742551181,0.00815242030002682,0.0136735934003234,0.0102617068676091,-0.0189228107387374,0.0325964041390608,NA,FALSE,FALSE,TRUE,"diagnostics_met_only"
"z[40,5]","Stan_internal",TRUE,-0.00858854232493379,1.00824250747209,-2.00288404471318,-0.00203871740047146,1.97987914428924,1.00130260150538,14498.0350722783,5985.81481173185,0.00837297036064543,-0.00482035488932138,-0.0215179429661006,0.00141955118243685,-0.00943542262675004,0.0229374941485375,NA,FALSE,FALSE,TRUE,"diagnostics_met_only"
"z[41,5]","Stan_internal",TRUE,-0.00535681988364655,1.01984324125669,-2.02885526674705,-0.0130121029018493,1.98800005065822,1.00118342284959,13909.6209169171,5254.06554131214,0.00863089662847637,0.00393335014903127,-0.0224283181691449,-0.020919911016105,0.0179875995016323,0.0404159176707772,NA,FALSE,FALSE,TRUE,"diagnostics_met_only"
"z[42,5]","Stan_internal",TRUE,0.00327578474100773,0.994144645376593,-1.98557047635497,-0.00434610776343919,1.99411738916734,1.00097285241109,14955.5350609513,5431.61933140151,0.00813681161689895,0.017622136246773,-0.00809935128220847,0.0101569949013772,-0.00657664090191098,0.0257214875289815,NA,FALSE,FALSE,TRUE,"diagnostics_met_only"
"z[43,5]","Stan_internal",TRUE,0.00350862765062632,1.00855095063925,-1.95192936449213,0.0115866360479237,1.9668323390622,1.00075940562085,16351.2840641874,5806.56199429284,0.00787332673797131,0.00684940186629321,-0.00715231410927188,0.0159918949356407,-0.0016544720901568,0.0231442090449125,NA,FALSE,FALSE,TRUE,"diagnostics_met_only"
"z[44,5]","Stan_internal",TRUE,0.00622533473427984,1.00530115702018,-1.97942391038219,0.00638653911856767,2.00990976340776,1.00231170823014,17203.8153708232,5546.83622242854,0.00764535573102934,0.00752558116461816,0.00962884363373989,0.00716572939168082,0.000581184747080472,0.00904765888665942,NA,FALSE,FALSE,TRUE,"diagnostics_met_only"
"z[45,5]","Stan_internal",TRUE,-0.0103490544290364,1.04232233678691,-2.03212589997933,-0.0194839665989399,2.02179487432839,0.99990901754058,16813.4353234885,5206.17059885746,0.00804606427435789,-0.00348146910609757,-0.0140750045403739,0.000812234660470862,-0.024651978730145,0.0254642133906158,NA,FALSE,FALSE,TRUE,"diagnostics_met_only"
"z[46,5]","Stan_internal",TRUE,0.0009784503682034,0.984084928076889,-1.89007430440379,-0.00412912344124667,1.95427822339109,1.00000672087865,14963.0748716986,5478.69567599204,0.00805133624798199,-0.00929389600629749,0.00533467378635615,0.0166322383613774,-0.00875921466862241,0.0259261343676749,NA,FALSE,FALSE,TRUE,"diagnostics_met_only"
"z[47,5]","Stan_internal",TRUE,0.0021940266215402,1.00360565904003,-1.95331751092341,-0.00396276654365449,1.91556693690173,1.00229978923987,14769.6425854961,5016.09121401513,0.00824700636520691,0.00495863661309221,-0.00819002624617473,0.0271070920482532,-0.01509959592901,0.0422066879772631,NA,FALSE,FALSE,TRUE,"diagnostics_met_only"
"z[48,5]","Stan_internal",TRUE,-0.00956228242144152,0.990285284421878,-1.91421044424493,-0.0184369803471544,1.89956442809861,1.00086913538793,17399.8758584296,5847.64141933593,0.00749975935639873,-0.00242550486453311,-0.0455739076057215,0.0178582663937512,-0.00810798360926275,0.0634321739994727,NA,FALSE,FALSE,TRUE,"diagnostics_met_only"
"z[49,5]","Stan_internal",TRUE,-0.0064326682769235,0.999392329798627,-1.96027968937231,-0.0139099697519354,1.92782773054556,1.00072471140254,17574.3930076722,5759.38142806598,0.00755489541606439,0.00518011520711787,-0.0105000048421529,-0.0156742399407076,-0.00473654353195127,0.0208543551478255,NA,FALSE,FALSE,TRUE,"diagnostics_met_only"
"z[50,5]","Stan_internal",TRUE,0.00270092180277614,1.01652826620774,-1.97443836172301,0.0157084524742021,2.00528588142455,1.0003970972987,18299.0688503784,5585.87490481683,0.00751857578128926,-0.0117372140830475,0.017492075005191,-0.000910219106026847,0.00595904539498796,0.0292292890882386,NA,FALSE,FALSE,TRUE,"diagnostics_met_only"
"z[51,5]","Stan_internal",TRUE,-0.00641843836189392,1.0038338678325,-1.94847791105274,-0.00042128452226273,1.94061735656641,1.00051738248381,16955.8441690189,5474.69717550254,0.00769493669894442,0.00988254746242939,-0.012977669301218,0.00706813638339599,-0.0296467679921832,0.0395293154546126,NA,FALSE,FALSE,TRUE,"diagnostics_met_only"
"z[52,5]","Stan_internal",TRUE,-0.000981104430620222,1.00466165522913,-2.01786014405178,-0.00254495192074526,1.94715253224458,1.0010621944025,15955.7118659189,5645.11793683433,0.00795766858134381,-0.0064832980902837,0.0278754655276575,-0.0239940728359273,-0.00132251232392735,0.0518695383635848,NA,FALSE,FALSE,TRUE,"diagnostics_met_only"
"z[53,5]","Stan_internal",TRUE,-0.00141344388666394,0.989441647683703,-1.92457658922889,0.00457314393551749,1.9573785956376,1.00369349543371,14731.7686206659,5120.68786699079,0.00814510043250427,0.00196650053926007,0.00656502884921442,-0.020139335329127,0.00595403039399672,0.0267043641783414,NA,FALSE,FALSE,TRUE,"diagnostics_met_only"
"z[54,5]","Stan_internal",TRUE,0.00741221117740995,0.987006419646788,-1.91503265027429,0.00875615874729178,1.95712117825558,1.00049569942327,16632.2401732412,5497.79844926261,0.00765661731715173,0.0236039679446586,-0.0123619984114877,0.0204574707698347,-0.00205059559336583,0.0359659663561463,NA,FALSE,FALSE,TRUE,"diagnostics_met_only"
"z[55,5]","Stan_internal",TRUE,0.0109588226382018,1.00416128645862,-1.97693696244506,0.0080697882207948,1.9748551015897,1.00071733250634,15791.6428940072,5315.07506260719,0.00799221761219994,0.010598569130386,0.016945828506083,0.00230551583534292,0.0139853770809954,0.0146403126707401,NA,FALSE,FALSE,TRUE,"diagnostics_met_only"
"z[56,5]","Stan_internal",TRUE,0.0100309406488023,0.985401853347953,-1.89511898664736,0.0133459840105467,1.9602712415143,1.00182302198302,15837.0360332308,5758.03341031872,0.0078362332628972,-0.0048949605645567,0.0096609244127101,0.0160649352285243,0.0192928635185316,0.0241878240830883,NA,FALSE,FALSE,TRUE,"diagnostics_met_only"
"z[57,5]","Stan_internal",TRUE,0.0120255680828025,1.01682330598895,-1.97403624641495,0.0168418186347178,2.00202318131763,1.00069366034996,17229.6891279207,5684.83824292077,0.00774542943687072,-0.00327238126778972,0.0361448320702939,0.00148578904518406,0.0137440324835217,0.0394172133380836,NA,FALSE,FALSE,TRUE,"diagnostics_met_only"
"z[58,5]","Stan_internal",TRUE,0.0109446784842885,1.00505120487571,-1.96508390189765,0.00526411775799186,1.98404976242835,1.00060708705897,14499.8473032837,5549.67295676874,0.00834057794867149,-0.00521017162474686,0.0225497936175958,0.0263160973675789,0.000122994576726126,0.0315262689923258,NA,FALSE,FALSE,TRUE,"diagnostics_met_only"
"z[59,5]","Stan_internal",TRUE,0.0125871196405255,1.00087158091246,-1.97277843646647,0.0154626347023673,2.01077809279655,1.00062725411063,17011.2185376172,5070.18080903243,0.00765636874412934,0.00850471528922583,0.0162091598996468,0.0169569638505179,0.00867763952271139,0.00845224856129208,NA,FALSE,FALSE,TRUE,"diagnostics_met_only"
"z[60,5]","Stan_internal",TRUE,-0.00763466555712215,1.02441493628724,-2.00604136389764,-0.00227435249659439,1.94663575548287,1.00080329111769,17140.4561811366,5291.72278919909,0.00782311506292538,-0.00266077274703793,-0.00770661373956913,-0.022928268176168,0.00275699243428633,0.0256852606104543,NA,FALSE,FALSE,TRUE,"diagnostics_met_only"
"z[61,5]","Stan_internal",TRUE,0.0026009925464689,1.02324135743085,-1.9827411858194,-0.00340658348146995,2.04372682565186,1.0013871472207,16299.5975590396,4987.20019742916,0.00799471129093375,0.016546400949167,0.0210326715278674,-0.0142723504256139,-0.0129027518655448,0.0353050219534813,NA,FALSE,FALSE,TRUE,"diagnostics_met_only"
"z[62,5]","Stan_internal",TRUE,-0.0141689084131224,0.992977635155892,-1.93748633055678,-0.0138965090655435,1.93784252208516,0.999777359212643,16338.2260701846,6249.92896570986,0.0077675774846726,-0.0170334878205325,-0.00987602647428939,-0.0201500358404998,-0.00961608351716805,0.0105339523233317,NA,FALSE,FALSE,TRUE,"diagnostics_met_only"
"z[63,5]","Stan_internal",TRUE,0.0122588340737109,0.984781678706125,-1.88663415632718,0.000792012210455589,1.96639501160999,0.999868588204186,15388.5535559397,5970.1451878774,0.00793736441245041,0.00487289180415892,0.0227430692587528,0.00600354332198457,0.0154158319099473,0.0178701774545939,NA,FALSE,FALSE,TRUE,"diagnostics_met_only"
"z[64,5]","Stan_internal",TRUE,-0.000126969194555101,1.00530787104456,-2.02121712492966,-0.0045267704021222,2.03167640577733,1.00107086790755,14353.1308830062,5028.97617905376,0.0084143390837439,0.00224122512397015,-0.00152098138334929,-0.0070307885956109,0.00580266807676959,0.0128334566723805,NA,FALSE,FALSE,TRUE,"diagnostics_met_only"
"z[65,5]","Stan_internal",TRUE,0.0021570704937693,0.984593764941641,-1.93164820913768,0.00770378768297519,1.92375198944526,1.00097163646627,14373.1223526478,5262.98760951759,0.00822329354807439,-0.0199213246600179,0.0162788404413499,0.0120026189799545,0.000268147213790674,0.0362001651013678,NA,FALSE,FALSE,TRUE,"diagnostics_met_only"
"z[66,5]","Stan_internal",TRUE,-0.00297950271569523,0.987954890764667,-1.97557089363766,0.0131748375451754,1.90297675309021,1.00243235052,14512.0992627912,4881.58054617606,0.00819638735288815,0.013102300908487,-0.0402838155378455,0.00843441707928737,0.00682908668729024,0.0533861164463326,NA,FALSE,FALSE,TRUE,"diagnostics_met_only"
"z[67,5]","Stan_internal",TRUE,-0.00761459250203994,0.971119833282347,-1.93502310762418,-0.000482462163869619,1.87974369129353,1.00030176041168,16528.1705027821,4958.65625892382,0.00754602013932271,-0.00743492326003628,-0.0188787636915335,-0.0165317802042483,0.0123870971476584,0.0312658608391919,NA,FALSE,FALSE,TRUE,"diagnostics_met_only"
"z[68,5]","Stan_internal",TRUE,-0.0165322387120686,1.0146407547125,-1.96694237793426,-0.0083835845476938,1.96963192669805,1.00135391712289,14832.1746463211,4644.5945185906,0.00831772865625588,-0.00847146170617659,-0.048433256901343,0.00256442037760638,-0.0117886566183611,0.0509976772789494,NA,FALSE,FALSE,TRUE,"diagnostics_met_only"
"z[69,5]","Stan_internal",TRUE,0.0110055749225393,0.994292849893914,-1.9342471365709,0.00707784734705236,1.95764674277618,1.00005899067098,15809.2233060478,5015.70427606165,0.00790607603573327,0.00192768955235625,-0.00110576656061245,0.0301059541295523,0.0130944225688611,0.0312117206901648,NA,FALSE,FALSE,TRUE,"diagnostics_met_only"
"z[70,5]","Stan_internal",TRUE,-0.0109573708224623,0.977117666919188,-1.90167612371342,-0.0186991483772558,1.89335218250805,1.00039669504559,15940.64232807,5012.80056472711,0.00773878818376158,-0.0131379460048586,-0.0128728052427432,-0.0111713637139404,-0.00664736832830706,0.0064905776765515,NA,FALSE,FALSE,TRUE,"diagnostics_met_only"
"z[71,5]","Stan_internal",TRUE,-0.00423469954973455,1.00977923583434,-1.99131926645983,0.0033812289867816,2.03502539033728,1.00078270161956,16779.7860492314,5198.81147677294,0.00779625676736187,-0.00720734179605936,-0.0148401330622464,0.0168604850743185,-0.0117518084149509,0.0317006181365649,NA,FALSE,FALSE,TRUE,"diagnostics_met_only"
"z[72,5]","Stan_internal",TRUE,0.00281576671612528,1.02940163942719,-2.00646393214475,0.00816288063293141,2.0459482490725,1.00025401001289,18507.9888827231,5053.89672333708,0.00756914064537572,0.00545895617698534,0.0099470199244143,0.00267052247773156,-0.00681343171463004,0.0167604516390443,NA,FALSE,FALSE,TRUE,"diagnostics_met_only"
"z[73,5]","Stan_internal",TRUE,0.00293620549254297,1.02585771858238,-1.99121560802603,0.00171303838300975,2.05030041153022,1.00345012223298,17346.6661120192,6149.23473797052,0.0078069872718932,-0.00555844019962546,-0.0195022065642975,0.020219724053491,0.0165857446806039,0.0397219306177884,NA,FALSE,FALSE,TRUE,"diagnostics_met_only"
"z[74,5]","Stan_internal",TRUE,-7.69725225480674e-05,1.01915215745996,-1.99987144959748,0.00298356525386711,1.99172698782654,1.00337633214359,15123.4853658981,5404.69767255189,0.00831798287225722,-0.017750434419583,0.00285099322990337,-0.00240592829104007,0.0169974793905275,0.0347479138101105,NA,FALSE,FALSE,TRUE,"diagnostics_met_only"
"z[75,5]","Stan_internal",TRUE,0.006863728110038,1.01259997509982,-1.97526263016445,0.00789027672223553,1.98769627188369,1.00104156784345,16505.7407655382,5948.69709825765,0.007883451138521,0.0094010209458361,0.0178292769108953,-0.0139045532245943,0.0141291678080148,0.0317338301354896,NA,FALSE,FALSE,TRUE,"diagnostics_met_only"
"z[76,5]","Stan_internal",TRUE,0.0074070228992581,1.00217836747754,-1.94227174479446,0.0113394128337057,2.0020190039494,1.00079797042311,13353.2607809029,5360.22365671781,0.0086693079194103,0.00828941268443534,0.0417453590079819,-0.00347407122767715,-0.0169326088677078,0.0586779678756897,NA,FALSE,FALSE,TRUE,"diagnostics_met_only"
"z[77,5]","Stan_internal",TRUE,0.00403044278908714,1.02652073094619,-1.99229823495259,0.0175293051101869,1.98962446749788,1.0003217125392,14419.3938020485,5723.21378470377,0.0085525130416727,-0.00828001648503996,0.0396647353165374,0.000584543987887948,-0.0158474916630368,0.0555122269795742,NA,FALSE,FALSE,TRUE,"diagnostics_met_only"
"z[78,5]","Stan_internal",TRUE,0.00574421779193518,1.00259341208762,-1.97886893169828,-0.00206562756946726,2.02814772735119,1.00040670405924,14189.9668579426,5066.29505273361,0.00842571525671587,0.00233246697659224,0.00948307372057595,0.0236553787878405,-0.012494048317268,0.0361494271051086,NA,FALSE,FALSE,TRUE,"diagnostics_met_only"
"z[79,5]","Stan_internal",TRUE,-0.00244705553852936,1.01582334480159,-1.97683654314646,0.000977215214776214,1.97967895383838,1.00409780786505,20383.5299063011,5134.67557518387,0.00710499698033316,-0.0134780713623896,0.0118130926005989,0.0108534794711583,-0.0189767228634852,0.0307898154640842,NA,FALSE,FALSE,TRUE,"diagnostics_met_only"
"z[80,5]","Stan_internal",TRUE,0.00164409507355547,0.987210269440488,-1.91268395204127,-0.00848713679906366,1.93978806044781,1.00103965228485,15216.7986145779,5507.92112304027,0.00801461388788435,0.006613425536833,-0.00864714842352023,-0.0108726248160969,0.019482727997006,0.0303553528131029,NA,FALSE,FALSE,TRUE,"diagnostics_met_only"
"z[81,5]","Stan_internal",TRUE,0.00880056051046314,1.00806158085618,-1.98291179006439,0.0260479376917083,1.95370667592738,1.00118987005276,15352.3063429333,4937.64913932363,0.00814482684099039,0.0277332748727004,-0.00971409797251345,0.00849182924711559,0.00869123589455,0.0374473728452138,NA,FALSE,FALSE,TRUE,"diagnostics_met_only"
"z[82,5]","Stan_internal",TRUE,-0.000329859877215333,0.985024872710491,-1.92511815864219,-0.00806439824828572,1.9772073232908,1.00075513171896,14756.1706500039,4689.26444573031,0.00810928136602017,0.00714186939630674,0.00453022887318961,-0.00249608896491638,-0.0104954488134413,0.0176373182097481,NA,FALSE,FALSE,TRUE,"diagnostics_met_only"
"z[83,5]","Stan_internal",TRUE,-0.0123247263797958,0.992565054345019,-1.96905579068127,-0.0123393850421853,1.92881052347785,1.00078740855842,13862.2954499463,5804.25978828328,0.00842777133573952,-0.0372984903329061,0.00779058407883664,-0.0055690156571874,-0.0142219836079264,0.0450890744117427,NA,FALSE,FALSE,TRUE,"diagnostics_met_only"
"z[84,5]","Stan_internal",TRUE,-0.00156765346990463,0.991587214601772,-1.96066058390957,-0.00729800992842668,1.95988051380244,1.00015167758416,15849.8386269489,5610.43108745856,0.00788397513464684,0.00910673463808098,-0.0299901605263025,0.0115101791496018,0.00310263285900133,0.0415003396759043,NA,FALSE,FALSE,TRUE,"diagnostics_met_only"
"z[85,5]","Stan_internal",TRUE,0.00679407285355739,1.00723690734278,-1.94227960652286,0.0111450777174802,1.99184716812725,1.00022883061648,16783.0540947455,5511.00580106999,0.00777810831046547,0.0128957734588411,0.005987103805264,0.0019637694243064,0.00632964472581797,0.0109320040345347,NA,FALSE,FALSE,TRUE,"diagnostics_met_only"
"z[86,5]","Stan_internal",TRUE,0.0218008871621923,0.981810117995225,-1.88805066773358,0.0236628634895834,1.94173931170136,1.0001899410652,16232.0663446649,5379.48742982694,0.00770942178823118,0.00426459041933401,0.0649687693183226,0.011653198682012,0.00631699022910017,0.0607041788989886,NA,FALSE,FALSE,TRUE,"diagnostics_met_only"
"z[87,5]","Stan_internal",TRUE,-0.00173123723685903,0.984834802031611,-1.93533338959352,0.00464083730323282,1.95583492244448,1.00074067693087,14935.1622403265,5796.36437546405,0.00806457253561749,0.00841650474517179,0.0241586374055974,-0.0219839325885595,-0.0175161585096459,0.046142569994157,NA,FALSE,FALSE,TRUE,"diagnostics_met_only"
"z[88,5]","Stan_internal",TRUE,0.0170551248825204,1.01956712588616,-1.95270956669249,0.00147135950771236,1.98722953516931,1.00038574333938,15303.2265084482,5196.17314308681,0.00823902040390357,0.0131392706821079,0.0495933529482216,-0.00242494193108617,0.00791281783083839,0.0520182948793077,NA,FALSE,FALSE,TRUE,"diagnostics_met_only"
"z[89,5]","Stan_internal",TRUE,0.00941048500958079,0.990351491513182,-1.93383830659353,0.016026805931813,1.9602407577744,1.00113794603582,15784.105326061,5337.01591501148,0.00787978990501147,-0.00154654933132507,0.0322849469787897,0.00557987146868496,0.0013236709221737,0.0338314963101147,NA,FALSE,FALSE,TRUE,"diagnostics_met_only"
"z[90,5]","Stan_internal",TRUE,0.0149603976272064,0.993942044302187,-1.93269532929607,0.00182705751504264,1.97151489664218,1.00028387820912,16888.7035547711,5764.48250765787,0.00766936532461796,-0.00238302098055095,0.00566281979750532,0.0216430283043178,0.0349187633875533,0.0373017843681043,NA,FALSE,FALSE,TRUE,"diagnostics_met_only"
"z[91,5]","Stan_internal",TRUE,-0.00515639875997378,1.00095805816019,-2.01941545204947,-0.0075910726000387,2.01229035482142,1.00035881914064,14925.939614983,5251.46720493081,0.00820126537999631,-0.0121399446371827,-0.00179093421653487,-0.0146259747427257,0.00793125855654808,0.0225572332992738,NA,FALSE,FALSE,TRUE,"diagnostics_met_only"
"z[92,5]","Stan_internal",TRUE,-0.00177256839774486,1.01316868092164,-1.96029426723504,0.00145544765838272,1.96187854070311,1.00261535575216,15191.0150076956,4920.69829539348,0.00822019559608325,-0.00297312307857736,-0.0237870996564722,0.0236293012045323,-0.00395935206046209,0.0474164008610045,NA,FALSE,FALSE,TRUE,"diagnostics_met_only"
"z[93,5]","Stan_internal",TRUE,0.00464518045990787,1.00457600611795,-1.99297507413924,0.0112408876486209,2.00438502948117,1.00042391309537,13597.0919650051,5475.27233975585,0.00860767746028304,-0.000727760204907561,0.034552199592823,0.00363379315112544,-0.0188775106994094,0.0534297102922324,NA,FALSE,FALSE,TRUE,"diagnostics_met_only"
"z[94,5]","Stan_internal",TRUE,0.0111334963284729,0.985546487222641,-1.89522819190208,0.00755583441867635,1.92421742490901,1.00008312958075,15994.1481351713,5361.31472493759,0.00777780908677848,-3.0661159426201e-05,0.0353016870316916,0.00562883688980066,0.00363412255182541,0.0353323481911178,NA,FALSE,FALSE,TRUE,"diagnostics_met_only"
"z[95,5]","Stan_internal",TRUE,-0.00421760625488943,1.01227943196342,-1.99432295010248,0.00153260096044928,1.9906951588494,1.00136625341989,11733.1985543102,5395.91277231654,0.00937050109071829,0.0120679506727792,-0.0193077166887393,0.00554080880755971,-0.0151714678111574,0.0313756673615185,NA,FALSE,FALSE,TRUE,"diagnostics_met_only"
"z[96,5]","Stan_internal",TRUE,0.00139513634790242,1.01003654984102,-1.99365267070463,-0.00251238933042669,2.00051169787205,1.00097599112969,16377.0960164135,5274.46841015273,0.00790451289014909,0.00824075815932371,0.011688005621532,0.0133384182518486,-0.0276866366410945,0.0410250548929431,NA,FALSE,FALSE,TRUE,"diagnostics_met_only"
"z[97,5]","Stan_internal",TRUE,0.00530388762132937,1.00304323171302,-1.98715800211413,0.00757370674781529,1.96419517125281,1.000608707728,19716.0614138011,5743.24053508856,0.0071629256184164,-0.000719229943313493,0.0152281773680489,0.0174245073271378,-0.0107179042665557,0.0281424115936936,NA,FALSE,FALSE,TRUE,"diagnostics_met_only"
"z[98,5]","Stan_internal",TRUE,-0.00440779886094466,0.996323753895129,-1.96064936205461,-0.0125543078900844,1.95464776142262,1.00085925864273,15774.166096856,5241.32662151433,0.0079229265862725,0.00300779802466797,-0.0111294649509632,0.000889170678399578,-0.0103986991958831,0.0141372629756312,NA,FALSE,FALSE,TRUE,"diagnostics_met_only"
"z[99,5]","Stan_internal",TRUE,-0.00942690877322233,1.00279261847087,-1.97050681487993,-0.0228501380571942,1.95299658894408,1.00129018711068,15438.7719421971,5265.7396340249,0.00805728399004786,-0.0052786162925644,-0.00345512456746157,-0.0141165080882601,-0.0148573861446034,0.0114022615771418,NA,FALSE,FALSE,TRUE,"diagnostics_met_only"
"z[100,5]","Stan_internal",TRUE,-0.00413783765591906,1.0027269592746,-1.97946724424252,-0.0131751336831336,1.98105596328708,1.00084043804517,16411.854990345,5602.69318424148,0.00782912934469235,-0.00750535541374049,0.0147893352453402,-0.00515110573615386,-0.0186842247191221,0.0334735599644623,NA,FALSE,FALSE,TRUE,"diagnostics_met_only"
"z[101,5]","Stan_internal",TRUE,0.000656929930684312,0.993914358928358,-1.98183128029701,-0.00396019091313771,1.94170338930151,1.0001899648781,16167.34789847,5648.19976655088,0.0078054289450905,-0.0117735076979167,0.0352380438354563,-0.0229177844006342,0.00208096798583181,0.0581558282360904,NA,FALSE,FALSE,TRUE,"diagnostics_met_only"
"z[102,5]","Stan_internal",TRUE,-0.00596352303947094,0.991656731097284,-1.97450359097289,-0.00897626425201507,1.94705743489237,1.00010512825976,15990.2074871136,5129.83699136971,0.00784960382642488,-0.00623374440555777,-0.0302580714075628,0.0203260302684601,-0.00768830661322307,0.0505841016760229,NA,FALSE,FALSE,TRUE,"diagnostics_met_only"
"z[103,5]","Stan_internal",TRUE,-0.000683142305940517,0.97799907505783,-1.90750213445996,-0.0078704470522321,1.91353578206253,1.00068499702814,16475.6266527034,5720.44145495661,0.00762741806239353,0.00306358662991976,-0.0120792474477869,0.00965494612892444,-0.00337185453481929,0.0217341935767114,NA,FALSE,FALSE,TRUE,"diagnostics_met_only"
"z[104,5]","Stan_internal",TRUE,0.00530084189965276,1.00632992719363,-1.96823328569108,0.0143242860817684,1.96569420991258,0.999987151745447,15455.5010759013,5481.71059273152,0.00807426986922662,0.0161559080081759,-0.00858727645069176,0.0110189210699976,0.00261581497112927,0.0247431844588676,NA,FALSE,FALSE,TRUE,"diagnostics_met_only"
"z[105,5]","Stan_internal",TRUE,0.00385440061414032,0.994947495251822,-1.89315278976361,0.00604511446462896,1.93099466519465,1.00072806796154,14472.3275308988,5316.14012476491,0.00828214055687521,0.0248216400431156,0.0286862843159021,-0.0289842590641505,-0.00910606283830585,0.0576705433800525,NA,FALSE,FALSE,TRUE,"diagnostics_met_only"
"z[106,5]","Stan_internal",TRUE,-0.00624290263473863,1.02374058625707,-1.98278563986224,-0.00485566799376812,2.00709276137333,1.00050703569324,16610.4303545318,5945.15515456125,0.00794465405220031,0.0031473663519014,-0.00412021982195113,-0.000152966450782327,-0.0238457906181225,0.0269931569700239,NA,FALSE,FALSE,TRUE,"diagnostics_met_only"
"z[107,5]","Stan_internal",TRUE,-0.00346535210528067,1.00585179292196,-2.0085588641005,-0.0121162648007899,1.9506961808464,1.00041812877552,14037.6056967579,5438.19182930771,0.00850307977170239,0.0106716868467186,-0.0155231256204183,-0.016005980868564,0.00699601122114098,0.0266776677152826,NA,FALSE,FALSE,TRUE,"diagnostics_met_only"
"z[108,5]","Stan_internal",TRUE,-0.0124254978524473,0.994257500245622,-1.96060495843049,-0.00239919044979803,1.91864986515736,1.00081762293672,16408.2425619479,5480.77760626894,0.00777073483987552,-0.00345551794922751,-0.0285214801069458,-0.0123808590102593,-0.00534413434335678,0.0250659621577183,NA,FALSE,FALSE,TRUE,"diagnostics_met_only"
"z[109,5]","Stan_internal",TRUE,0.0136278370721692,0.985646257455206,-1.92216078551679,0.0241964078192909,1.92916348839412,1.00050810410445,17096.9164467004,5704.71631191517,0.00751994956373057,0.0132443602064315,0.00573761765122054,0.00915942069326787,0.0263699497377571,0.0206323320865365,NA,FALSE,FALSE,TRUE,"diagnostics_met_only"
"z[110,5]","Stan_internal",TRUE,-0.00669834464809451,1.01651423210302,-2.00037621640353,-0.0148832669873106,2.00151601280763,1.00079426864163,16158.153147801,4762.15423587614,0.00800007063545443,-0.00283369940883788,-0.0175196849011505,0.0140208966181819,-0.0204608909005716,0.0344817875187534,NA,FALSE,FALSE,TRUE,"diagnostics_met_only"
"z[111,5]","Stan_internal",TRUE,-0.00237864975164465,1.02442414184129,-1.98155964407848,0.00956035846704993,1.96589284722361,1.00030314567728,16037.311765458,5659.62527863535,0.00808092934264179,0.00164467900566646,0.0103530124108275,-0.0105027220466572,-0.0110095683764153,0.0213625807872428,NA,FALSE,FALSE,TRUE,"diagnostics_met_only"
"z[112,5]","Stan_internal",TRUE,0.00696955594569727,0.993359349302117,-1.93615590481256,0.0189482261599318,1.9404666717298,1.00102082854708,16081.9400270589,5687.98382197934,0.00783220391905819,0.00560935972078875,0.00651194650264696,0.0126728742110032,0.0030840433483501,0.00958883086265305,NA,FALSE,FALSE,TRUE,"diagnostics_met_only"
"z[113,5]","Stan_internal",TRUE,-0.00913167705410215,1.0095978601539,-2.0215056371559,-0.0104076021072041,1.97917295564107,0.999954768914777,16252.2327071915,5671.48107290228,0.00792162826671949,-0.00783417540494765,-0.0370212538949516,-0.00510709849593547,0.0134358195794262,0.0504570734743778,NA,FALSE,FALSE,TRUE,"diagnostics_met_only"
"z[114,5]","Stan_internal",TRUE,-0.00817872899275188,1.00098351513896,-1.9702075067581,-0.0169419023093431,1.97630883402987,1.00050168179699,15451.6230248588,5351.1301916847,0.00805972961192698,-0.0108136196055967,0.000281329793283337,-0.0172443739433927,-0.00493825221530133,0.0175257037366761,NA,FALSE,FALSE,TRUE,"diagnostics_met_only"
"z[115,5]","Stan_internal",TRUE,0.00357275448429597,0.992628165816755,-1.96060131456545,0.00815083622514014,1.95430850901709,1.00064102657573,16759.5817067309,6089.60780869963,0.00768112310697776,0.0294856840930582,-0.0236171125138523,0.00873933740689917,-0.000316891048921206,0.0531027966069105,NA,FALSE,FALSE,TRUE,"diagnostics_met_only"
"z[116,5]","Stan_internal",TRUE,-0.0046140912652623,0.996959103693084,-1.95096195424194,-0.00671628223497573,1.96604606613139,1.00089612237045,14346.2669064266,5224.74803895732,0.00832820505787006,-0.0118748428957835,-0.0387341988007985,0.00935541588022836,0.0227972607553045,0.061531459556103,NA,FALSE,FALSE,TRUE,"diagnostics_met_only"
"z[117,5]","Stan_internal",TRUE,-0.011445843441195,1.00722130827115,-1.94335030276372,-0.010267214813891,1.93383678938805,1.00042436425801,15590.4022512637,6391.56030333168,0.008067701986998,-0.0218848836501291,-0.0141355708176768,-0.0190158816098962,0.00925296231292188,0.031137845963051,NA,FALSE,FALSE,TRUE,"diagnostics_met_only"
"z[118,5]","Stan_internal",TRUE,0.0081057149078168,1.01153978152706,-1.93380729944898,0.00595492675727283,1.97686803425052,1.00014235236597,15144.5275536586,5532.05915415199,0.00821519082310293,0.0138137080364971,0.0274216716757173,-0.00507824068195875,-0.0037342793989884,0.032499912357676,NA,FALSE,FALSE,TRUE,"diagnostics_met_only"
"z[119,5]","Stan_internal",TRUE,0.00249804808928831,0.988735069289227,-1.89340383715799,-0.00142660127866154,1.93864484840973,1.00073577824825,16315.0871591251,5617.34745443087,0.00773946002640827,0.00641244924611663,-0.0212289689986335,0.0192617136741252,0.00554699843554494,0.0404906826727586,NA,FALSE,FALSE,TRUE,"diagnostics_met_only"
"z[120,5]","Stan_internal",TRUE,-0.00713221386715437,0.979953161432225,-1.94866165267136,-0.0145904961764357,1.90290810589155,1.00100718460459,16424.1520006501,5387.0680506469,0.00764037917846099,-0.0143180019274653,0.00310499884808139,-0.00695207134409567,-0.0103637810451379,0.0174230007755467,NA,FALSE,FALSE,TRUE,"diagnostics_met_only"
"z[121,5]","Stan_internal",TRUE,-0.0125826877128271,0.985731772539243,-1.97230076192457,-0.0208171195523295,1.95125821918416,1.00036522736123,16148.7820858831,5860.79592949029,0.00774816189153928,7.0995417519179e-05,-0.0170464634732737,-0.0278008133808675,-0.00555446941468644,0.0278718087983866,NA,FALSE,FALSE,TRUE,"diagnostics_met_only"
"z[122,5]","Stan_internal",TRUE,1.22064672315612e-05,0.97576339591189,-1.88750905571628,0.0123230281361685,1.89825318835563,1.00070686145206,19088.2495176408,5882.38479328173,0.00706318777682007,-0.000627982440093995,-0.0237609252751391,0.00603167217129896,0.0184060614128606,0.0421669866879997,NA,FALSE,FALSE,TRUE,"diagnostics_met_only"
"z[123,5]","Stan_internal",TRUE,0.00837607410634047,0.998647435821686,-1.94944487987859,0.0147987937069853,1.93948877640406,1.00160080706262,15891.8101292984,5394.21682701711,0.00792372155523061,0.0116917259498096,0.0101234197204995,0.0138445679157522,-0.00215541716069937,0.0159999850764515,NA,FALSE,FALSE,TRUE,"diagnostics_met_only"
"z[124,5]","Stan_internal",TRUE,0.00911225482443664,0.9977639794864,-1.89745944497695,-0.00430576368544894,2.005713147516,1.00245072123063,17840.0706574244,5297.97415946236,0.00747364434669638,0.0185711186139179,0.0370361274905221,-0.0126204456337884,-0.00653778117290498,0.0496565731243105,NA,FALSE,FALSE,TRUE,"diagnostics_met_only"
"z[125,5]","Stan_internal",TRUE,0.02237704445975,1.02485390022704,-1.97438929264226,0.0106900727627372,2.07377968603294,1.00015979825957,13471.6866708782,4869.2402123264,0.00883676334532881,0.0176791223617109,0.0237138938374952,0.00809742071452606,0.0400177409252677,0.0319203202107416,NA,FALSE,FALSE,TRUE,"diagnostics_met_only"
"z[126,5]","Stan_internal",TRUE,-0.0100982254482603,1.00749477550113,-1.97911233264407,-0.0117886722506415,1.95938818504346,1.00105479383801,15847.3594912242,5388.31598722117,0.00799660834104204,-0.0158563859213881,-0.00652799745685304,-0.0043196147462021,-0.013688903668598,0.011536771175186,NA,FALSE,FALSE,TRUE,"diagnostics_met_only"
"z[127,5]","Stan_internal",TRUE,0.00562981775073844,1.00596569828926,-1.96683511792913,0.00387302471532521,1.98111034390032,1.00151455363453,15727.3442865767,5357.9791953312,0.00803160924865525,0.0121289545669917,-0.00507280096427646,1.22729455706794e-07,0.0154629946707829,0.0205357956350593,NA,FALSE,FALSE,TRUE,"diagnostics_met_only"
"z[128,5]","Stan_internal",TRUE,-0.012694255271993,1.00641789384759,-1.98892021942945,-0.00675666956336579,1.95800731221549,1.00077138157774,15299.7430053329,5860.66963946053,0.00814711633446678,-0.0224186854526497,-0.0479378208898022,-0.00581041904146596,0.0253899042959458,0.073327725185748,NA,FALSE,FALSE,TRUE,"diagnostics_met_only"
"z[129,5]","Stan_internal",TRUE,0.0156939009219656,1.02435134302166,-2.03124788165071,0.0278468429512385,2.03540095261213,1.00061587227228,16316.1498950114,5587.57059408043,0.00801172850692803,0.0175688351942274,0.0458289511393454,0.00829045894878581,-0.00891264159449605,0.0547415927338414,NA,FALSE,FALSE,TRUE,"diagnostics_met_only"
"z[130,5]","Stan_internal",TRUE,0.0128679589320039,0.986142806681881,-1.9089910955624,0.01477640133536,1.92966553956736,1.00057011980875,15260.9211493308,5381.5020075194,0.00798700984599903,0.00507636194053237,0.0209270321557849,0.0188151204140173,0.00665332121768117,0.0158506702152525,NA,FALSE,FALSE,TRUE,"diagnostics_met_only"
"z[131,5]","Stan_internal",TRUE,-0.00129681598403445,0.997890824274038,-1.94974557530726,0.00259117910877289,1.93893117534447,1.000514674886,15233.7507317031,5140.06481545119,0.00808836505322673,0.0264950055150664,-0.0113600353824327,-0.0188861091123375,-0.00143612495643386,0.045381114627404,NA,FALSE,FALSE,TRUE,"diagnostics_met_only"
"z[132,5]","Stan_internal",TRUE,-0.00188942867003628,0.999778472264046,-1.94040714418842,-0.00604607101467346,1.94784656631922,1.00108839890722,15824.41300986,5816.11922361297,0.00795090030791792,-0.00862279923204228,0.0172697739489754,0.00535211391087678,-0.0215568033079552,0.0388265772569306,NA,FALSE,FALSE,TRUE,"diagnostics_met_only"
"z[133,5]","Stan_internal",TRUE,-0.00327494096006696,1.00065921279685,-1.95301756574617,-0.00498177937977322,1.91818530841602,1.00182620580993,17151.434689273,5409.52358486263,0.00764028532040904,-0.00659364592983597,-0.027866019566918,0.00677475575506482,0.0145851459014213,0.0424511654683393,NA,FALSE,FALSE,TRUE,"diagnostics_met_only"
"z[134,5]","Stan_internal",TRUE,0.000542071470327402,1.02027659495278,-2.0227446694085,-0.00436943027395164,2.01213672123333,1.00024821344527,15684.1079835667,5282.26485022095,0.00814092864617299,0.00381008279808553,0.0208862305490691,-0.00979790417638234,-0.0127301232894628,0.0336163538385319,NA,FALSE,FALSE,TRUE,"diagnostics_met_only"
"z[135,5]","Stan_internal",TRUE,-0.00925414657583705,1.00267260778408,-1.97023096386868,-0.012911445230717,1.97064453886387,1.0006070158752,14940.8948336705,5338.91973890049,0.00820160503465599,-0.00711496425108904,-0.00802365598543622,-0.0060883526949216,-0.0157896133719013,0.00970126067697967,NA,FALSE,FALSE,TRUE,"diagnostics_met_only"
"z[136,5]","Stan_internal",TRUE,0.00381936052052094,0.996756184723359,-1.93911311188389,-0.00794992986588398,1.96847219711774,1.00119847080629,15672.3349022679,4811.63652246211,0.0079497089973311,0.0138252627809541,-0.0330974490666979,0.0132926337534446,0.0212569946143831,0.054354443681081,NA,FALSE,FALSE,TRUE,"diagnostics_met_only"
"z[137,5]","Stan_internal",TRUE,0.00948507500986043,1.01085823303164,-2.01858461076947,0.00425706480500607,1.98024077347413,1.00090603721648,15763.5476709529,5379.53504863274,0.00803771677181274,0.00842302478988439,0.0462491023082227,-0.000323905773855107,-0.0164079212848103,0.062657023593033,NA,FALSE,FALSE,TRUE,"diagnostics_met_only"
"z[138,5]","Stan_internal",TRUE,0.00142478266648712,0.996132362346311,-1.92389508530125,0.0104948841408102,1.92213887870565,1.00248468142821,14685.1605805993,5712.01378609094,0.00819999994351669,0.00144737163627685,-0.015084881458091,-3.40869399762472e-05,0.0193707274277391,0.0344556088858301,NA,FALSE,FALSE,TRUE,"diagnostics_met_only"
"z[139,5]","Stan_internal",TRUE,0.00103578881206776,1.00030969590752,-1.96888276649948,-0.00688264378228408,1.97429350922884,1.00007370958091,15116.111484174,4689.17562653623,0.00813813697323395,0.0154711814134009,-0.00461040375378439,-0.00459960610588948,-0.00211801630545595,0.0200815851671853,NA,FALSE,FALSE,TRUE,"diagnostics_met_only"
"z[140,5]","Stan_internal",TRUE,0.0128493035165189,0.984509554469107,-1.88996146661664,0.0143014445198181,1.95501780187339,1.00092217706987,16662.7648560348,5458.84723298188,0.00762023618024503,0.0206286685402323,0.0151229741464962,0.00824681977274468,0.0073987516066022,0.0132299169336301,NA,FALSE,FALSE,TRUE,"diagnostics_met_only"
"z[141,5]","Stan_internal",TRUE,0.006922423408806,0.998866245651402,-1.93704183543552,0.0102943265062359,1.91113685796435,1.00118793566566,16359.0556974583,5086.71394177139,0.00781304086132587,0.0234322816920058,0.0204995781187259,0.0133857369749166,-0.0296279031504241,0.0530601848424299,NA,FALSE,FALSE,TRUE,"diagnostics_met_only"
"z[142,5]","Stan_internal",TRUE,-0.0155627808703847,0.976917372038047,-1.935960253949,-0.0122964111107899,1.90618983308753,1.0011431912978,15984.909935852,5360.36663425916,0.00772669382868912,-0.00848284184078052,-0.0363322876118695,-0.00192204325168608,-0.0155139507772026,0.0344102443601834,NA,FALSE,FALSE,TRUE,"diagnostics_met_only"
"z[143,5]","Stan_internal",TRUE,0.00421811764279165,1.00597280778738,-1.94919092489357,0.00350245265114491,1.96700846361576,1.00064162044565,15021.2020324822,5801.89055949107,0.00820943445758981,-0.00689068048302406,-0.00478078715397755,0.0254504103484113,0.00309352785975707,0.0323410908314354,NA,FALSE,FALSE,TRUE,"diagnostics_met_only"
"z[1,6]","Stan_internal",TRUE,-0.0119233972001591,0.985613119560227,-1.94952956289749,-0.00278368358359637,1.89961004165732,1.00165053048131,15054.644582572,5736.68979303862,0.0080483693694803,-0.0293384426669427,-0.0403356295177586,0.0177414078431179,0.00423907554094638,0.0580770373608765,NA,FALSE,FALSE,TRUE,"diagnostics_met_only"
"z[2,6]","Stan_internal",TRUE,-0.00804335053785042,0.987912518473,-1.93428415523147,-0.0152147354263468,1.94579632433937,1.00060397120099,16207.0001411821,5506.09256466609,0.0077411722939603,-0.00858737846118468,-0.0223280916193496,-0.00164833373487065,0.00039040166400324,0.0227184932833529,NA,FALSE,FALSE,TRUE,"diagnostics_met_only"
"z[3,6]","Stan_internal",TRUE,0.0080681715916464,0.992279623509066,-1.93089176580866,0.0049731642110706,1.89130072546609,1.00205080274795,13811.2151712182,5821.7651568246,0.00845323174786791,0.00849993866659137,-0.00056756098359248,-0.00299662763903815,0.0273369363226249,0.0303335639616631,NA,FALSE,FALSE,TRUE,"diagnostics_met_only"
"z[4,6]","Stan_internal",TRUE,0.00675391822231746,1.00762426597937,-1.95823721062521,-0.00306086788047175,1.98627027406003,1.00135864913101,15943.4122451017,5100.9994186046,0.00797639626281547,0.0107716117659009,0.0196202115521655,-0.00776608256675253,0.00438993213795611,0.0273862941189181,NA,FALSE,FALSE,TRUE,"diagnostics_met_only"
"z[5,6]","Stan_internal",TRUE,0.00202893093860438,1.02072124143863,-1.99126722221331,0.00017453465470648,2.03878705947863,1.00077968907068,17792.3830403585,5323.44462086054,0.00766941757320346,0.0084507978888012,0.00136273264119532,-0.0106439642194417,0.00894615744386285,0.0195901216633046,NA,FALSE,FALSE,TRUE,"diagnostics_met_only"
"z[6,6]","Stan_internal",TRUE,-5.1386111642655e-05,1.00780782786858,-1.98708495489496,0.00847402351219907,1.95578967106241,1.00172978529858,15898.8899076974,4938.55858226276,0.00798356388199283,-0.0149739401312505,0.00225332806726215,0.0245187258007468,-0.0120036581833291,0.0394926659319972,NA,FALSE,FALSE,TRUE,"diagnostics_met_only"
"z[7,6]","Stan_internal",TRUE,-0.00597009876642952,0.992640877593081,-1.96415854577802,0.000940625318603853,1.94345438944431,1.0013685912414,16233.4322127645,5878.37627101254,0.00779079486462034,-0.0183423703587044,-0.0212121095188743,-0.00951227486960055,0.0251863596814613,0.0463984692003356,NA,FALSE,FALSE,TRUE,"diagnostics_met_only"
"z[8,6]","Stan_internal",TRUE,-0.000517887043614307,0.993168144094867,-1.93725254725286,-0.00715053121834713,1.9837194661437,1.00067940128293,13757.3012481,5188.82514264994,0.00848137628419334,0.00962388006221652,-0.00560112593286176,-0.00997539729470825,0.00388109499089629,0.0195992773569248,NA,FALSE,FALSE,TRUE,"diagnostics_met_only"
"z[9,6]","Stan_internal",TRUE,0.00967113245833367,1.01450598756442,-1.97539900273378,0.0124189940864183,1.98425977045185,1.00076839578281,14658.4044192802,5683.01852155611,0.00836210600036,-0.000262570259178277,0.000722448569684364,0.0362336213956762,0.00199103012715231,0.0364961916548544,NA,FALSE,FALSE,TRUE,"diagnostics_met_only"
"z[10,6]","Stan_internal",TRUE,-0.0029577288121711,0.995954635383637,-1.96028022281036,-0.000134231377469058,1.92196074458254,1.00054085116476,17653.6533457818,5575.9425265166,0.00749072890715803,-0.007300277429881,0.00540287672108332,-0.00870415749461076,-0.00122935704527597,0.0141070342156941,NA,FALSE,FALSE,TRUE,"diagnostics_met_only"
"z[11,6]","Stan_internal",TRUE,-0.00755262051065549,0.986397513356831,-1.95886096643023,-0.00249937202839945,1.94382781799582,1.0001599961155,14674.2691990221,5602.94280423376,0.00813013197048162,-0.00304968995450753,-0.0110362712961826,0.0035351643714278,-0.0196596851633595,0.0231948495347873,NA,FALSE,FALSE,TRUE,"diagnostics_met_only"
"z[12,6]","Stan_internal",TRUE,0.00474161203988183,1.01719940003021,-2.00159012598966,0.00450105828120516,1.98883489551254,1.00025044601828,13723.6133270646,5373.57098599612,0.00867385242268755,0.0119259001538163,0.0246306327119045,-0.0110646144609936,-0.00652547024519971,0.0356952471728981,NA,FALSE,FALSE,TRUE,"diagnostics_met_only"
"z[13,6]","Stan_internal",TRUE,-0.0138839839258299,0.993937023943913,-1.94965765781003,-0.0262010417511572,1.91744279273837,1.00064574334198,14583.3125798403,5982.98696978918,0.00824159793681556,-0.0282866510802867,-0.00859651670744974,-0.00630149630583294,-0.01235127160975,0.0219851547744538,NA,FALSE,FALSE,TRUE,"diagnostics_met_only"
"z[14,6]","Stan_internal",TRUE,-0.00267399549616379,0.998028584214906,-1.94643761441021,0.00429401329705016,1.91774520305858,0.999841080134203,15283.0816163637,5421.86739887458,0.00807018734053497,-0.0176063707437911,-0.008158865961149,0.013025057283112,0.00204419743717289,0.030631428026903,NA,FALSE,FALSE,TRUE,"diagnostics_met_only"
"z[15,6]","Stan_internal",TRUE,0.00270847280255192,0.993440214089927,-1.93004774757448,0.00298842774009981,1.96239451569491,1.00089365617314,15874.5459198672,5591.41991449373,0.00787140516890007,0.00875694425462928,0.0128619395258042,0.0050366794026473,-0.0158216719728731,0.0286836114986773,NA,FALSE,FALSE,TRUE,"diagnostics_met_only"
"z[16,6]","Stan_internal",TRUE,0.00793475173768571,0.991085701500584,-1.95876026044201,0.0153458636579888,1.93283242911878,1.00052618725476,14969.7841615951,5425.75946665555,0.00810235829947222,0.02071683852319,0.0175900157125259,-0.00775523941476688,0.00118739212979386,0.0284720779379569,NA,FALSE,FALSE,TRUE,"diagnostics_met_only"
"z[17,6]","Stan_internal",TRUE,0.00196647826077271,0.976816762827097,-1.90620544026605,0.00649280024106849,1.91835460808149,1.00068738047798,16173.1387756796,5986.47368006555,0.00771029837095701,-0.0107306345290553,0.0127167241616419,0.0190758638206792,-0.013196040410175,0.0322719042308542,NA,FALSE,FALSE,TRUE,"diagnostics_met_only"
"z[18,6]","Stan_internal",TRUE,0.00264809362603602,1.0056143326484,-1.97530590138591,0.00709419682070195,1.95415074925432,1.00030855588558,15835.173670151,5473.30447984558,0.00799548834500513,0.00121240350123261,-0.0291135897996444,0.0119722356309919,0.0265213251715641,0.0556349149712084,NA,FALSE,FALSE,TRUE,"diagnostics_met_only"
"z[19,6]","Stan_internal",TRUE,0.00372537131464149,0.97897376319605,-1.88347586225284,-0.00215070495939522,1.90138517612028,1.00038138848372,17683.8185375911,5933.92843601487,0.0073648676823725,0.00215063550061942,-0.00654878994950843,0.0264546007413985,-0.00715496103394367,0.0336095617753422,NA,FALSE,FALSE,TRUE,"diagnostics_met_only"
"z[20,6]","Stan_internal",TRUE,-0.00278213539333602,1.01002519326902,-1.9339446221953,-0.00532109852596965,1.98064460696013,1.00056488855905,17970.7866523259,5296.89854507986,0.0075371522551602,0.0047724151194089,-0.0135130865402485,-5.53119897793723e-05,-0.00233255816272514,0.0182855016596574,NA,FALSE,FALSE,TRUE,"diagnostics_met_only"
"z[21,6]","Stan_internal",TRUE,0.00348687110469594,0.999002409309739,-1.95179526665092,-0.0165484064826156,1.96862267363076,0.999979118843235,16729.7299899129,5358.38010492331,0.00771928474475258,0.019255287300292,-0.000620617972667818,-0.00378432027748711,-0.000902864631353229,0.0230396075777792,NA,FALSE,FALSE,TRUE,"diagnostics_met_only"
"z[22,6]","Stan_internal",TRUE,0.010123938624222,0.994183677812178,-1.92837088854283,0.014609629192725,1.93335301323011,1.00045722041983,16696.2584104226,5445.17406983728,0.00769600295942064,0.0156058214176416,0.0422532454516154,0.00228811878983008,-0.0196514311621992,0.0619046766138146,NA,FALSE,FALSE,TRUE,"diagnostics_met_only"
"z[23,6]","Stan_internal",TRUE,6.82703051143141e-05,1.017354795789,-1.99980852382607,0.015489390342399,1.93481024594614,1.00095554843978,15788.0091678018,5523.62239096635,0.0080867081589988,-0.0179243204802514,0.00943531343914557,-0.00180701824902857,0.0105691065105916,0.028493426990843,NA,FALSE,FALSE,TRUE,"diagnostics_met_only"
"z[24,6]","Stan_internal",TRUE,0.00185483194472077,0.98745130636911,-1.9431245635093,0.00514933620621357,1.90812377634975,1.00059199944043,16558.9171061099,5558.11176358445,0.00767452535950242,-0.00366735869501538,0.000538179333460056,-0.00374980305234413,0.0142983101927824,0.0180481132451265,NA,FALSE,FALSE,TRUE,"diagnostics_met_only"
"z[25,6]","Stan_internal",TRUE,0.0027828857932382,1.00742754955355,-1.9599120524616,0.00560514008059141,1.9705685160289,1.00038329193355,15684.5877151822,5678.59736346701,0.00805693350692345,-0.0154512442373008,0.0180300685793732,0.00478657718474948,0.00376614164613102,0.033481312816674,NA,FALSE,FALSE,TRUE,"diagnostics_met_only"
"z[26,6]","Stan_internal",TRUE,0.00131943883223727,0.986751710902589,-1.91851447006937,-0.00628853010288038,1.92898837315106,1.00058138067178,14972.3536148981,5607.74277785053,0.00807631921302695,-0.00376454410996447,0.0243747548084209,-0.0245261934166546,0.0091937380471472,0.0489009482250755,NA,FALSE,FALSE,TRUE,"diagnostics_met_only"
"z[27,6]","Stan_internal",TRUE,0.0169016718883476,0.99167732639982,-1.92686421898344,0.00826793456186148,2.01509652960933,1.00240667729577,14989.1016924913,5234.33061545734,0.00810441918071748,0.00844166413651188,0.0366193474376267,0.000343663655219313,0.0222020123240324,0.0362756837824074,NA,FALSE,FALSE,TRUE,"diagnostics_met_only"
"z[28,6]","Stan_internal",TRUE,-0.00828791395075972,0.991704862174351,-1.97683662685702,0.00118611883203427,1.90912022417313,1.00107472798923,17237.0496271828,5827.21951654295,0.00754818176371406,0.00850688353834596,-0.008918341624537,-0.00573521330031479,-0.027004984416533,0.0355118679548789,NA,FALSE,FALSE,TRUE,"diagnostics_met_only"
"z[29,6]","Stan_internal",TRUE,0.00546739215471647,0.997995191708915,-1.92714546890343,0.0224849427515408,1.95744166826349,1.00052179462363,16469.7218270182,5352.38290482644,0.00777647608263122,0.0131544096860768,0.00159334515477187,0.0174259156569469,-0.0103041018789298,0.0277300175358767,NA,FALSE,FALSE,TRUE,"diagnostics_met_only"
"z[30,6]","Stan_internal",TRUE,0.00964419531464393,0.990590438525308,-1.94893029765798,0.0227563168258675,1.93235645788843,1.00012669306502,14624.5360067412,5710.78676607756,0.008186160985395,0.0301268067115762,0.0124758746318477,-0.00761852320949688,0.00359262312464865,0.0377453299210731,NA,FALSE,FALSE,TRUE,"diagnostics_met_only"
"z[31,6]","Stan_internal",TRUE,-0.00783342274498434,1.01830795220693,-2.02199493581631,-0.0171497688374293,1.97495078506841,1.00095522557843,15498.194090467,5034.29180151535,0.00817785587789918,-0.0356614723461143,-0.00828287980049819,-0.010106078660758,0.0227167398274333,0.0583782121735476,NA,FALSE,FALSE,TRUE,"diagnostics_met_only"
"z[32,6]","Stan_internal",TRUE,0.00477346245336978,0.992621947776685,-1.91512068470057,0.00295876591519864,1.94063512189048,1.00052448614361,15380.6952147224,5447.85502798878,0.00800745021825978,0.037819930078304,-0.0249529927555483,0.00107222862637683,0.00515468386434682,0.0627729228338523,NA,FALSE,FALSE,TRUE,"diagnostics_met_only"
"z[33,6]","Stan_internal",TRUE,0.0148578369066742,0.974782162195237,-1.89002625532987,0.0172129838906616,1.87967630115254,1.00011462485352,15666.6895994913,6484.77506434042,0.00778456940027115,-0.000958196664915799,0.0355903077195114,0.00367611076329097,0.0211231258088104,0.0365485043844272,NA,FALSE,FALSE,TRUE,"diagnostics_met_only"
"z[34,6]","Stan_internal",TRUE,-0.0072658418606203,1.0027391306625,-1.99020758829133,-0.00100384076924161,1.95500283416503,1.00001986254466,14620.1214046738,5286.38647167018,0.00828718548820964,0.00523253778717054,-0.0337161520347611,0.00292620804276682,-0.00350596123765746,0.0389486898219316,NA,FALSE,FALSE,TRUE,"diagnostics_met_only"
"z[35,6]","Stan_internal",TRUE,0.000201290435257367,0.989523177536471,-1.95316182857186,-0.00273687634782888,1.95326017734025,1.00011571498051,16538.3909726171,5392.42705252722,0.00769234554032389,-0.0191371372251269,-0.00306776164217256,0.012476747094733,0.010533313513596,0.0316138843198599,NA,FALSE,FALSE,TRUE,"diagnostics_met_only"
"z[36,6]","Stan_internal",TRUE,-0.00474318781134716,0.983543065713176,-1.93671998786054,0.00617364495851615,1.89381983675556,1.00071575311144,16624.8653898606,5655.51919746615,0.00765195965722366,0.00257868012743274,-0.0189622691519973,-0.000349935593455407,-0.00223922662736866,0.02154094927943,NA,FALSE,FALSE,TRUE,"diagnostics_met_only"
"z[37,6]","Stan_internal",TRUE,0.0111022407334781,0.982278170395592,-1.9071843230838,0.0193390938344501,1.93319496678161,1.00053150997258,14298.629573771,5211.67773089479,0.0082060739509602,0.0216313777043923,0.0107947385054107,0.00734481816254812,0.00463802856156138,0.016993349142831,NA,FALSE,FALSE,TRUE,"diagnostics_met_only"
"z[38,6]","Stan_internal",TRUE,0.00211056438621515,0.999803212675873,-1.93738054957162,-0.00219798529445157,1.95964125369562,1.0007523864388,15405.3923545424,5958.10822056454,0.00805910071627033,-7.41309717883462e-06,0.00794345607576565,0.00424140062436128,-0.00373518605808748,0.0116786421338531,NA,FALSE,FALSE,TRUE,"diagnostics_met_only"
"z[39,6]","Stan_internal",TRUE,-0.0106578724794793,1.00142509333636,-1.9832546351784,-0.00641415105383859,1.9471656426293,1.00076270997298,15627.5034063031,5654.25082230554,0.00800662553552828,-0.00581685639505263,-0.0229049211598365,-0.00084469397323178,-0.0130650183897963,0.0220602271866047,NA,FALSE,FALSE,TRUE,"diagnostics_met_only"
"z[40,6]","Stan_internal",TRUE,-0.00793990917111226,0.997248399509161,-1.97107429129196,-0.0145937577865009,1.94699160908907,1.00152037986368,16845.2608155158,5314.85823609262,0.00767708505504399,0.00356539497720339,-0.0108206694671389,-0.0151914239045861,-0.00931293828992738,0.0187568188817895,NA,FALSE,FALSE,TRUE,"diagnostics_met_only"
"z[41,6]","Stan_internal",TRUE,-0.000189443783333567,1.02486269621925,-1.99921953406641,-0.00345586291909216,2.06026240896555,1.00044990854602,14793.4507494268,5691.1601432625,0.00842987042452081,-0.00855063672586939,0.00787680224080341,0.00344033713846185,-0.0035242777867302,0.0164274389666728,NA,FALSE,FALSE,TRUE,"diagnostics_met_only"
"z[42,6]","Stan_internal",TRUE,0.000192232458238032,1.01187895153902,-2.01197336425704,0.00073552060097545,2.00042398826456,1.00263728784956,17278.0074972316,4807.68094898585,0.0077062410662369,0.00126273429840124,0.0222211265792553,-0.000384753426715024,-0.0223301776179895,0.0445513041972449,NA,FALSE,FALSE,TRUE,"diagnostics_met_only"
"z[43,6]","Stan_internal",TRUE,-0.00246222739441818,1.00467611274541,-1.98236750695717,0.000610077198867869,1.96424585569088,1.00187266475888,16415.1778062451,5694.88395071112,0.00782368310975212,-0.00978606322227351,0.0148401455537987,-0.00930645897408924,-0.00559653293510855,0.0246262087760722,NA,FALSE,FALSE,TRUE,"diagnostics_met_only"
"z[44,6]","Stan_internal",TRUE,-0.00727920406070806,0.980783902820525,-1.94028696930094,-0.00688160121134719,1.92293667413594,1.00048658171445,14999.0217980082,5878.52828448524,0.00798694940756502,0.00740292233556144,-0.0190086241666316,-0.0107446692763681,-0.00676644513539402,0.0264115465021931,NA,FALSE,FALSE,TRUE,"diagnostics_met_only"
"z[45,6]","Stan_internal",TRUE,0.00149162462483787,1.01291753626112,-1.95984696028732,-0.00171912216376884,1.99158388277375,1.0001702674262,16448.4091472381,5448.24652260798,0.00788905986129975,-0.00209091987176719,0.00933510391501232,0.000211340353834608,-0.00148902589772818,0.0114260237867795,NA,FALSE,FALSE,TRUE,"diagnostics_met_only"
"z[46,6]","Stan_internal",TRUE,-0.00645974502877508,0.988161899561092,-1.92066211857878,-0.00233948744909347,1.92581878252141,1.00216589599138,16123.9030514841,5506.24171292092,0.00778721732683481,-0.0206214355787001,0.00746257627809846,0.0115924631819289,-0.0242725839964275,0.0358650471783564,NA,FALSE,FALSE,TRUE,"diagnostics_met_only"
"z[47,6]","Stan_internal",TRUE,0.0112954992471268,1.00605661480901,-1.98947525560188,0.00968260474585647,1.99196336104416,1.00077757411726,14659.2212185601,5438.64603093572,0.00832277834273297,-0.00278952819373264,0.0130787393492544,0.0124760951264591,0.0224166907065263,0.0252062189002589,NA,FALSE,FALSE,TRUE,"diagnostics_met_only"
"z[48,6]","Stan_internal",TRUE,0.006376536095755,1.04235700031291,-2.06222372757692,0.0140518144064718,2.02628163460446,1.00147795112051,17856.7634790261,4920.75749209792,0.00778860523454687,0.0187741175348196,0.0302545726074951,0.0018386096535944,-0.0253611554128892,0.0556157280203843,NA,FALSE,FALSE,TRUE,"diagnostics_met_only"
"z[49,6]","Stan_internal",TRUE,-0.0107625090976777,0.996149032105057,-1.98207134195685,-0.00697300436108524,1.97079918089201,1.00047635749424,16361.6392733481,5500.54030103646,0.00779164098226796,-0.00560340977130673,0.0114034876813757,-0.0224741117839229,-0.026376002516857,0.0377794901982327,NA,FALSE,FALSE,TRUE,"diagnostics_met_only"
"z[50,6]","Stan_internal",TRUE,-0.00181844488834246,1.00446134869287,-1.94146454840888,-0.0023169932211494,1.95888209087285,1.00032149469097,16426.0977952973,5340.87956548635,0.00785946779881272,-0.0173023607141317,0.0238991862902767,0.00329585148235016,-0.017166456611865,0.0412015470044083,NA,FALSE,FALSE,TRUE,"diagnostics_met_only"
"z[51,6]","Stan_internal",TRUE,-0.00339548310027502,1.00482520470374,-1.96006460777718,-0.00680102225654798,1.94574806221841,1.00172362705804,16523.5085957207,5906.4949149186,0.00782843061750894,0.00842754016540701,-0.0211955778440209,0.000428485987602518,-0.00124238071008866,0.029623118009428,NA,FALSE,FALSE,TRUE,"diagnostics_met_only"
"z[52,6]","Stan_internal",TRUE,0.00291389792637,1.01639465080867,-1.97491884762272,0.00512305244380967,1.99466865714497,1.00082443197332,16350.8259415243,4822.31364846972,0.00789847112175803,0.0285529820689834,-0.00302821259056567,-0.00301308678187657,-0.0108560909910609,0.0394090730600442,NA,FALSE,FALSE,TRUE,"diagnostics_met_only"
"z[53,6]","Stan_internal",TRUE,0.00511139650150852,0.992172804657467,-1.98056736938786,-0.00811523344587966,1.94354901750516,0.999966638056726,17829.23394172,5498.65089380693,0.00742191512972963,0.0048410689408455,0.00194900410770089,0.0121271129992275,0.00152839995826024,0.0105987130409673,NA,FALSE,FALSE,TRUE,"diagnostics_met_only"
"z[54,6]","Stan_internal",TRUE,0.0108491670261232,1.00940114508909,-1.99113347436212,0.0177590431417807,1.98080787227484,1.00072140761643,17198.6300920848,5153.07429163284,0.00769903036392221,0.0118596399280331,0.00534745281229984,0.00735257980443923,0.0188369955597209,0.013489542747421,NA,FALSE,FALSE,TRUE,"diagnostics_met_only"
"z[55,6]","Stan_internal",TRUE,0.00272956862738345,1.00459825273531,-1.94779851770618,0.00628453835662037,1.9752919469485,1.00066057304795,14425.4554475238,5601.81128810532,0.00836645977588341,0.003507496527202,-0.00142982341832115,-0.00638048568655086,0.0152210870872036,0.0216015727737545,NA,FALSE,FALSE,TRUE,"diagnostics_met_only"
"z[56,6]","Stan_internal",TRUE,0.0117786211349765,1.00197767186829,-1.99612737480356,0.0205705574147043,1.97453873375932,1.0017285305156,15224.6397911316,5728.49893628365,0.00811503985852001,-0.00434356632252353,0.0309117866560613,0.00125186907199732,0.0192943951343707,0.0352553529785848,NA,FALSE,FALSE,TRUE,"diagnostics_met_only"
"z[57,6]","Stan_internal",TRUE,0.0104812146936118,1.01346583602455,-1.95299137304046,0.00817377545406929,2.00194145782166,1.00016088302977,16101.3024581266,5158.00479664714,0.00800069264545394,-0.00708407144562215,0.0220063908004464,0.0364343900450822,-0.0094318506254591,0.0458662406705413,NA,FALSE,FALSE,TRUE,"diagnostics_met_only"
"z[58,6]","Stan_internal",TRUE,-0.00246079525099484,1.01160772371163,-1.96342805306072,-0.00361036649304593,1.97357976736736,0.99974227591109,13658.5585276973,5375.18621221234,0.0086698303060682,0.00879333159117234,-0.0145728073969519,0.00258641877668999,-0.00665012397488981,0.0233661389881243,NA,FALSE,FALSE,TRUE,"diagnostics_met_only"
"z[59,6]","Stan_internal",TRUE,0.000316035873656034,1.00700407625193,-1.9400365612591,-0.013541335169285,1.97331834024883,1.00006564276104,15081.3376984279,5911.10263497658,0.00821444820555682,-0.000910628749856671,0.00203128704044283,0.00463981999252371,-0.00449633478848572,0.00913615478100943,NA,FALSE,FALSE,TRUE,"diagnostics_met_only"
"z[60,6]","Stan_internal",TRUE,0.00198482582030451,1.02019265817596,-1.95729077224027,0.00141816847543737,1.99398404626173,1.00276777188284,17006.3677668659,5622.07652786924,0.00781965571956692,0.00369641959256685,-0.0147346779179751,0.00634584473056807,0.0126317168760583,0.0273663947940333,NA,FALSE,FALSE,TRUE,"diagnostics_met_only"
"z[61,6]","Stan_internal",TRUE,0.00345563279402265,0.979417231017251,-1.92135794006189,0.00514507966266964,1.93205405385907,1.00074542889905,16421.7727750391,5328.86108330443,0.00765706224069765,0.0103790092060699,0.015886254421109,-0.0178674164140475,0.00542468396295921,0.0337536708351565,NA,FALSE,FALSE,TRUE,"diagnostics_met_only"
"z[62,6]","Stan_internal",TRUE,-0.0192594069202148,1.00293779991796,-1.97572725809969,-0.0153988622103264,1.92716421085818,1.00251040348933,14371.8074436218,5027.62057046988,0.00834879949419152,-0.0397752854348199,-0.0435112455550124,0.00360765284064808,0.00264125046832496,0.0471188983956605,NA,FALSE,FALSE,TRUE,"diagnostics_met_only"
"z[63,6]","Stan_internal",TRUE,0.00490784929413953,1.01742455522087,-1.97048988244376,0.0062230320085023,1.99838423128919,1.00018249538507,16675.6505271378,5731.47639488949,0.00787375801312406,-0.02123271956366,0.0254295648269306,0.00233915890991231,0.0130953930033752,0.0466622843905906,NA,FALSE,FALSE,TRUE,"diagnostics_met_only"
"z[64,6]","Stan_internal",TRUE,0.00880572762075457,1.0053503463001,-1.93811249119884,0.0219611509509919,1.98071987894772,1.00020504971225,13263.8126929378,5225.51535576597,0.00873122665956715,0.0156851086444896,0.00416319947578504,0.0233839003078944,-0.00800929794515082,0.0313931982530452,NA,FALSE,FALSE,TRUE,"diagnostics_met_only"
"z[65,6]","Stan_internal",TRUE,0.00673881842740813,1.00745445206497,-1.95315005076589,0.00717333413853527,1.98302054886425,1.00019391916573,15292.8328383944,5371.43871437246,0.00814585206219585,-0.00272424083317452,0.00730944292493793,0.0149796518041765,0.00739041981369261,0.017703892637351,NA,FALSE,FALSE,TRUE,"diagnostics_met_only"
"z[66,6]","Stan_internal",TRUE,-0.00752702807087858,1.00902030455806,-1.99194055500795,-0.00273465658938668,1.97601236234752,1.00219554722716,15661.340299118,5299.19889392461,0.00805836980495261,-0.00137916203753466,0.00584829185129096,-0.0320102864369227,-0.00256695566034802,0.0378585782882136,NA,FALSE,FALSE,TRUE,"diagnostics_met_only"
"z[67,6]","Stan_internal",TRUE,-0.0034859743478422,1.01588180762544,-1.98446799742398,-0.0131651692141361,1.96982446640935,0.999808214174013,16972.3938256454,5460.67020912536,0.0078038381396995,-0.0172349275459535,0.0140579009519801,0.0141497934901922,-0.0249166642875877,0.0390664577777799,NA,FALSE,FALSE,TRUE,"diagnostics_met_only"
"z[68,6]","Stan_internal",TRUE,-0.00219667002009391,1.00528834360608,-1.97192828811768,-0.0142455079209186,1.95890436968784,1.00064940875025,17632.7758992397,5627.27142951735,0.00757254567432754,0.00630191905847954,0.00300520114163559,-0.0162077932026088,-0.00188600707788202,0.0225097122610883,NA,FALSE,FALSE,TRUE,"diagnostics_met_only"
"z[69,6]","Stan_internal",TRUE,0.00124004402108131,0.987642887313151,-1.96586463392733,-0.00199301573237242,1.99394273418931,1.00008400226008,14216.2842773817,5932.96416935181,0.00827090375474905,-0.0366230526623152,0.0263484007218222,0.0145669807944003,0.000667847230417969,0.0629714533841373,NA,FALSE,FALSE,TRUE,"diagnostics_met_only"
"z[70,6]","Stan_internal",TRUE,-0.0076427309392971,0.998138723541899,-2.01068133431384,-0.0079264192215784,1.95193602268934,1.00087264020426,17131.9563953871,6122.03406262438,0.00762262562288849,0.00591322252769192,-0.0253353737960341,0.02153267377939,-0.0326814462682362,0.0542141200476263,NA,FALSE,FALSE,TRUE,"diagnostics_met_only"
"z[71,6]","Stan_internal",TRUE,0.00188351512773356,1.00540092985475,-2.01083365538457,0.00891115358594967,1.94373997779607,1.0005059862082,14493.9213804238,5548.93045361918,0.00834227725692221,0.0203998465371801,0.00518065730821787,-0.00434969125966698,-0.0136967520747969,0.0340965986119771,NA,FALSE,FALSE,TRUE,"diagnostics_met_only"
"z[72,6]","Stan_internal",TRUE,0.00734469793696166,1.0284515602403,-2.03291918118765,0.016329924174041,2.01005252516837,1.0009192385886,15782.6811851652,5595.05327090958,0.00818850646142509,0.0116986684032788,0.0294207800182817,0.00852241593134373,-0.0202630726050577,0.0496838526233394,NA,FALSE,FALSE,TRUE,"diagnostics_met_only"
"z[73,6]","Stan_internal",TRUE,-0.0150397401605157,0.99408222971668,-1.98590474965493,-0.00735053227178798,1.95801056680048,1.00063155201153,15112.8137646339,5435.15325737108,0.00808949589741164,-0.0122412546839788,-0.000653533716487286,-0.0230923573223433,-0.0241718149192537,0.0235182812027664,NA,FALSE,FALSE,TRUE,"diagnostics_met_only"
"z[74,6]","Stan_internal",TRUE,-0.00912344931076048,0.996076066981421,-1.95567185020394,0.00790390103882336,1.93619180002442,1.00079170756664,13869.2023244819,5442.45664976622,0.00846618416362772,-0.00303193086816126,-0.0421244546880994,0.00842540561659495,0.000237182696623879,0.0505498603046944,NA,FALSE,FALSE,TRUE,"diagnostics_met_only"
"z[75,6]","Stan_internal",TRUE,0.00828669731420161,0.980864341491551,-1.91807563730439,0.00883296451569658,1.93247506886369,1.00123818885613,15870.7977408221,4811.03333557945,0.00779056274823092,0.0163181634662741,0.0110334281575231,-0.000798976856754671,0.00659417448976394,0.0171171403230287,NA,FALSE,FALSE,TRUE,"diagnostics_met_only"
"z[76,6]","Stan_internal",TRUE,-0.00321589448786342,1.0153043539478,-1.96205462663783,-0.0166585397829272,1.97697721847347,0.999953414901269,14362.8162911344,5471.47889453317,0.00846387752127418,0.00900427274413203,-0.0239581676617606,-0.00639799522349244,0.00848831218966731,0.0329624404058927,NA,FALSE,FALSE,TRUE,"diagnostics_met_only"
"z[77,6]","Stan_internal",TRUE,-0.0148228978412166,1.00635082311499,-1.98433545786142,-0.0100905185084914,1.92353962579132,1.00009629068748,15479.6310819368,6060.15853037718,0.00805775017543521,-0.0320531926741146,-0.0129473917671298,-0.00604143932208162,-0.00824956760154046,0.026011753352033,NA,FALSE,FALSE,TRUE,"diagnostics_met_only"
"z[78,6]","Stan_internal",TRUE,-0.00142927527187915,0.996851187573932,-1.97415702033082,-0.000651122187996751,1.90580469647453,1.00042537393653,15142.0917091897,5477.05151911035,0.00810540636457104,0.00502648880559747,0.0144347946235086,-0.0174889610036667,-0.00768942351295614,0.0319237556271753,NA,FALSE,FALSE,TRUE,"diagnostics_met_only"
"z[79,6]","Stan_internal",TRUE,0.000729563329954712,0.990419685001292,-1.94532181483253,0.0023625739825443,1.91084204471554,1.00063863803453,16165.7995581199,5832.83225681476,0.00779681839847189,-0.0110104534170209,0.00324701474630858,0.00655084127050942,0.00413085072002168,0.0175612946875303,NA,FALSE,FALSE,TRUE,"diagnostics_met_only"
"z[80,6]","Stan_internal",TRUE,0.00256137374532858,0.991243342046935,-1.93667495594584,-0.00727321574605216,1.96863946048253,1.00148518418536,16439.0825360306,6054.9124086995,0.00771627874012805,0.0125168204272883,-0.00710555501239031,0.000444926817437479,0.00438930274897866,0.0196223754396787,NA,FALSE,FALSE,TRUE,"diagnostics_met_only"
"z[81,6]","Stan_internal",TRUE,-0.0138010915703807,1.02012998821618,-2.06927577202992,-0.0167487758736769,1.95493818517859,1.00090459568837,16413.0732037782,5734.65870532381,0.00796479165976625,-0.0269271572250378,-0.00953198486188739,0.0173584180978666,-0.0361036422924645,0.0534620603903312,NA,FALSE,FALSE,TRUE,"diagnostics_met_only"
"z[82,6]","Stan_internal",TRUE,-0.00681172891144609,0.992816904611835,-1.95339613311955,-0.00770329344827202,1.9725046384295,1.00080779743324,15770.1239392657,5842.17112547642,0.00792509848822062,0.0130029524232513,-0.0150808953491505,-0.0195198477981438,-0.00564912492174143,0.0325228002213951,NA,FALSE,FALSE,TRUE,"diagnostics_met_only"
"z[83,6]","Stan_internal",TRUE,0.005638100427623,1.00678352067237,-1.95505950236112,0.0132186203522515,1.96445522346465,1.0005558321301,13970.9323079115,5939.14865597632,0.00852314704955917,0.0159444897958625,0.0362570100018125,-0.0171115657752234,-0.0125375323119598,0.0533685757770358,NA,FALSE,FALSE,TRUE,"diagnostics_met_only"
"z[84,6]","Stan_internal",TRUE,0.00497560139235604,1.0119906598025,-1.95457021011409,0.0144587451536119,1.995534243867,1.00093429311731,15664.6991589218,5563.3524897141,0.0080908061000851,-0.00135541935033714,0.00695914985697938,-0.00595431070559845,0.0202529857683804,0.0262072964739789,NA,FALSE,FALSE,TRUE,"diagnostics_met_only"
"z[85,6]","Stan_internal",TRUE,-0.00222457187630041,0.99041920919737,-1.93881686742,0.00753918517578372,1.9247999361551,1.00467002067902,17364.2808645919,5826.65270136552,0.00750189240530367,0.0141892003539937,-0.018072422085719,-0.00655227821984349,0.00153721244636715,0.0322616224397127,NA,FALSE,FALSE,TRUE,"diagnostics_met_only"
"z[86,6]","Stan_internal",TRUE,0.0057364059089571,0.987323078733402,-1.92450782431954,0.0071789454741564,1.94717566490852,0.999830664162283,16309.3033364706,5868.28998112174,0.00772948755345931,0.0179690487168754,0.0181956612013578,0.00139519940729693,-0.0146142856897018,0.0328099468910596,NA,FALSE,FALSE,TRUE,"diagnostics_met_only"
"z[87,6]","Stan_internal",TRUE,0.00985655678702603,1.0264584229779,-1.97812998832373,0.0198868606918026,2.0128775866559,0.99993813322955,15692.1925434331,5849.84697065579,0.00820293674781336,-0.00219874281580722,0.0166443972151044,0.018317238685479,0.0066633340633278,0.0205159815012862,NA,FALSE,FALSE,TRUE,"diagnostics_met_only"
"z[88,6]","Stan_internal",TRUE,0.00641983841088953,1.00169379747169,-2.02514852449645,0.00416640425658195,1.97340011776665,1.00073602137714,16372.5310287513,4574.56930949208,0.00785354587669318,-0.0107822449788223,0.019298155630317,0.0195097370704385,-0.0023462940783751,0.0302919820492608,NA,FALSE,FALSE,TRUE,"diagnostics_met_only"
"z[89,6]","Stan_internal",TRUE,-0.00163368423643983,0.995822294861749,-1.9110539371383,-0.00026973261331267,1.9783181284535,1.00127086777893,16478.9148927243,5207.21272952313,0.00776003004855484,-0.00281608806178894,-0.0139051320980541,0.0191110021728395,-0.00892451895875576,0.0330161342708937,NA,FALSE,FALSE,TRUE,"diagnostics_met_only"
"z[90,6]","Stan_internal",TRUE,-0.012007674906592,1.01113299056658,-2.01173071400018,-0.00893607767955938,1.98351470181266,1.00051095269479,14838.8477162276,5291.89719885902,0.00831023505940765,-0.00987647544085762,-0.0371359801027516,0.00694792301530466,-0.00796616709806351,0.0440839031180563,NA,FALSE,FALSE,TRUE,"diagnostics_met_only"
"z[91,6]","Stan_internal",TRUE,-0.00255199472020494,0.995522643034545,-1.92532953717766,-0.00500695863267054,1.94796186713945,0.999763044806716,17670.5444061498,5613.44060339515,0.00750126233610065,-0.00680931779296786,-0.00137216397712578,0.00805533626256731,-0.0100818333732932,0.0181371696358605,NA,FALSE,FALSE,TRUE,"diagnostics_met_only"
"z[92,6]","Stan_internal",TRUE,-0.00444388249063601,0.9852133645606,-1.9297678846577,0.0114854867695588,1.93164910458154,1.0009845679965,15442.7134501867,5731.03579129679,0.00793905981518537,0.00537805715017046,-0.00347482566033735,-0.00952099828567738,-0.0101577631666997,0.0155358203168701,NA,FALSE,FALSE,TRUE,"diagnostics_met_only"
"z[93,6]","Stan_internal",TRUE,-0.0149386845647601,1.00713299396818,-1.96159196053092,-0.010368005974564,1.95506972888337,1.00043837711432,15748.04011401,5669.79135721421,0.00801065937118078,-0.0325606771911289,-0.00507556066202265,0.00163209150398046,-0.0237505919098696,0.0341927686951094,NA,FALSE,FALSE,TRUE,"diagnostics_met_only"
"z[94,6]","Stan_internal",TRUE,-0.0132865737122667,0.978605861690793,-1.9046008265159,-0.0113852520135648,1.921358267621,1.00045015182859,15565.3296827585,5074.7232501566,0.00783600366877591,-0.0109555563392854,-0.00843835227260916,-0.0156410459810222,-0.0181113402561503,0.00967298798354113,NA,FALSE,FALSE,TRUE,"diagnostics_met_only"
"z[95,6]","Stan_internal",TRUE,0.00199824140473894,1.0026078516555,-1.95068235555227,0.00498411114891132,1.98450948588392,1.0013537872335,15716.5078283405,5447.97777179956,0.0080078728658115,0.0119121058411289,0.00391970348420499,0.000653540023294006,-0.00849238372967216,0.0204044895708011,NA,FALSE,FALSE,TRUE,"diagnostics_met_only"
"z[96,6]","Stan_internal",TRUE,0.00460979838876464,0.990118399249508,-1.95786701048184,0.0156037559006117,1.95595179042319,0.999712941138287,14672.2168201651,4890.92729820058,0.00816855771737438,0.0140786771680247,-0.00120003766129807,0.0103135180037058,-0.00475296395537379,0.0188316411233985,NA,FALSE,FALSE,TRUE,"diagnostics_met_only"
"z[97,6]","Stan_internal",TRUE,0.0062225451418731,1.00595312234782,-1.93415834121955,0.00179015998356764,1.95519106386765,1.00005948032799,14980.3845749092,5207.81066320111,0.00823719929822063,0.0148344503059539,-0.0146638606053297,0.00995170266192411,0.0147678882049442,0.0294983109112836,NA,FALSE,FALSE,TRUE,"diagnostics_met_only"
"z[98,6]","Stan_internal",TRUE,0.0158296907188503,0.966653271315928,-1.85606522820973,-0.00103715851558348,1.9004188158885,0.999992079275003,14861.5873397701,5660.23675488795,0.00793571069728116,0.0109914319839014,0.0493328269656623,-0.00719773055823241,0.0101922344840696,0.0565305575238947,NA,FALSE,FALSE,TRUE,"diagnostics_met_only"
"z[99,6]","Stan_internal",TRUE,0.0167937233429203,1.00655768400159,-1.98083950180557,0.0199941103668456,1.98695596837654,1.00060409004095,14917.8843011404,5487.34314328927,0.00826175420462601,0.013781806521596,0.0230652591684128,0.0314216939216472,-0.00109386623997467,0.0325155601616218,NA,FALSE,FALSE,TRUE,"diagnostics_met_only"
"z[100,6]","Stan_internal",TRUE,-0.00608639053640288,0.980349028751723,-1.93229395550229,-0.00635329686147355,1.91942626779635,1.00060101669686,17188.96898032,5408.96272639726,0.00747502073556431,0.0106202471234916,-0.029093609296822,0.0103410805605815,-0.0162132805328627,0.0397138564203136,NA,FALSE,FALSE,TRUE,"diagnostics_met_only"
"z[101,6]","Stan_internal",TRUE,0.00251524215320395,1.01007933021248,-1.95504207967868,0.00713643761870645,1.96014039489828,1.00103425755848,17226.6531746334,5303.83789629547,0.00770244729338508,-0.023302229646443,-0.00434876784843519,0.0223595018995513,0.0153524642081429,0.0456617315459942,NA,FALSE,FALSE,TRUE,"diagnostics_met_only"
"z[102,6]","Stan_internal",TRUE,0.00922883358885365,1.00991437442672,-1.91092172430368,-0.00304367355467015,1.9869500103301,1.0000347054737,13716.2068214554,5503.55045871976,0.00864831134792592,0.00840168436910176,0.0321962866717635,0.0094548690702594,-0.0131375057557098,0.0453337924274733,NA,FALSE,FALSE,TRUE,"diagnostics_met_only"
"z[103,6]","Stan_internal",TRUE,0.0035200693158513,1.02364512022009,-2.04382842877311,0.0132262625048734,1.99796509478865,1.0007611904999,15512.0500489854,4962.59989562642,0.00821605836053263,-0.00851409197222804,-0.00228009062980419,0.0146555596153397,0.0102189002500976,0.0231696515875678,NA,FALSE,FALSE,TRUE,"diagnostics_met_only"
"z[104,6]","Stan_internal",TRUE,-0.00872631887724806,1.00252193378926,-1.99165464284018,-0.00977277151229265,2.01751310088089,1.00057146013758,13188.4601941184,5462.08485543448,0.00874944815935766,0.00771205244851695,-0.0305793406653396,0.00279167814773428,-0.0148296654399039,0.0382913931138565,NA,FALSE,FALSE,TRUE,"diagnostics_met_only"
"z[105,6]","Stan_internal",TRUE,0.0231533651330844,0.988611909744147,-1.89140517726603,0.0236729066321135,1.96744609260968,1.00049641075641,15585.7642322391,5262.31145567811,0.0079083000737435,0.0099854947067766,0.0502914228440819,0.0230642301666148,0.00927231281486444,0.0410191100292174,NA,FALSE,FALSE,TRUE,"diagnostics_met_only"
"z[106,6]","Stan_internal",TRUE,-0.00125818311735254,1.01447268003093,-2.00489200548091,-0.00766530310026993,2.00704077127659,1.00014163180906,15938.0158163797,5599.28226432839,0.00803485016172,-0.0083275654029534,-0.0106717896538613,0.0150625193184345,-0.00109589673103008,0.0257343089722959,NA,FALSE,FALSE,TRUE,"diagnostics_met_only"
"z[107,6]","Stan_internal",TRUE,-0.00170765900532876,0.985142397269288,-1.94704072650858,0.00489375019510382,1.95278955340085,1.00038687947315,14466.0756033543,4934.68739379312,0.00818462041698273,-0.0140338633310039,-0.00954119528669124,0.0283097967593501,-0.0115653741629698,0.042343660090354,NA,FALSE,FALSE,TRUE,"diagnostics_met_only"
"z[108,6]","Stan_internal",TRUE,-0.00794968714170634,0.98554764334828,-1.90526227371525,-0.00547595860698041,1.9319397092662,0.999755589261235,15157.0079266694,5810.82551866813,0.0080015793607403,-0.0142673980103583,-0.00470431455712683,-0.00872082381932447,-0.00410621218001583,0.0101611858303425,NA,FALSE,FALSE,TRUE,"diagnostics_met_only"
"z[109,6]","Stan_internal",TRUE,-0.00822339023884528,1.02309776385369,-2.09050645404745,-0.000998193105437666,1.98583725714093,0.999929455253504,14720.3572379969,5363.75529938426,0.00842545809050726,-0.00606214477368329,-0.00258817521434761,-0.0275960965162488,0.00335285554889865,0.0309489520651475,NA,FALSE,FALSE,TRUE,"diagnostics_met_only"
"z[110,6]","Stan_internal",TRUE,-0.00643056390722746,0.99604968761406,-1.96801022166719,-0.0143493178386178,1.92253494461414,1.0007655139986,14599.7757572555,5190.42955285304,0.00824336166296798,0.00804176257413628,0.000876866853037508,-0.0131112669037828,-0.0215296181523008,0.0295713807264371,NA,FALSE,FALSE,TRUE,"diagnostics_met_only"
"z[111,6]","Stan_internal",TRUE,-0.0055055338230278,1.01058350083659,-1.97283935491804,-0.00468838303446742,2.01955410481172,1.00082900758605,14491.0476167719,5508.38790048615,0.00839112734012428,-0.0300350606232393,-0.023854756480032,0.0134184048657889,0.0184492769453712,0.0484843375686105,NA,FALSE,FALSE,TRUE,"diagnostics_met_only"
"z[112,6]","Stan_internal",TRUE,-0.00522869165913103,1.00278562440126,-1.96560779203037,-0.00413250488725896,1.97203048185446,1.00046633882868,16379.5167344534,5809.46852852071,0.00785239240948581,-0.00269269350597768,0.00602304401764421,-0.0067983100963923,-0.0174468070517984,0.0234698510694427,NA,FALSE,FALSE,TRUE,"diagnostics_met_only"
"z[113,6]","Stan_internal",TRUE,-0.000933541024368606,0.974470049879266,-1.9343708700883,0.00412188194970038,1.92706435443537,1.00017590101959,16417.4371585322,6124.94960624244,0.0076049006873749,-0.00556007849109073,0.0113288348662074,0.00029129288995166,-0.00979421336254276,0.0211230482287502,NA,FALSE,FALSE,TRUE,"diagnostics_met_only"
"z[114,6]","Stan_internal",TRUE,7.24987316701243e-05,1.01162542752024,-1.96391286394918,-0.00996997406029347,1.95986397225251,1.00071713681933,15725.523752856,5427.61797849943,0.00804546223800752,0.0223424053467738,-0.00948562331397304,-0.0121861904523376,-0.000380596653782683,0.0345285957991114,NA,FALSE,FALSE,TRUE,"diagnostics_met_only"
"z[115,6]","Stan_internal",TRUE,-0.00119417439720529,1.00741653635889,-1.96888339969245,0.00260621090419968,1.98097209280322,1.00053705986336,17339.6089959,5589.99296386912,0.00764228260848714,0.00151775787519606,-0.0177100381050915,0.000586646821368168,0.0108289358197062,0.0285389739247977,NA,FALSE,FALSE,TRUE,"diagnostics_met_only"
"z[116,6]","Stan_internal",TRUE,-0.000474973351575746,1.01321181442447,-1.98311331992715,-0.0109832198186624,2.00357085467882,1.00003910656433,18614.2519250012,5114.63134420472,0.0074153442207088,-0.00751325219479172,-0.00109576944438195,-0.000690335643114843,0.0073994638759856,0.0149127160707773,NA,FALSE,FALSE,TRUE,"diagnostics_met_only"
"z[117,6]","Stan_internal",TRUE,0.00419960510955094,0.991542538947919,-1.95473103086166,0.000915397590313692,1.95829018441143,1.00023413055324,13840.7925665311,5791.16982333666,0.00842096953986459,0.017782805076969,-0.00242938381999587,-0.0113443471300602,0.0127893463112908,0.0291271522070293,NA,FALSE,FALSE,TRUE,"diagnostics_met_only"
"z[118,6]","Stan_internal",TRUE,0.00238125991527421,0.97438247677187,-1.90425450308913,0.00526226843464044,1.97565705315489,1.00051694281816,16076.7163773981,5568.94214316144,0.00767207837356103,-0.00630638588228176,0.00416094161730374,0.0134207232736666,-0.00175023934759179,0.0197271091559484,NA,FALSE,FALSE,TRUE,"diagnostics_met_only"
"z[119,6]","Stan_internal",TRUE,-0.00350880482904853,0.98186817827995,-1.9438299906617,-0.00173370783735115,1.92447220257923,1.00021300018833,16249.5706206148,5389.89811586935,0.00769825146581358,0.0101321437504727,-0.00522294883202043,-0.00900603947090178,-0.00993837476374461,0.0200705185142173,NA,FALSE,FALSE,TRUE,"diagnostics_met_only"
"z[120,6]","Stan_internal",TRUE,0.0120427329475028,1.00847468015733,-1.98125736354439,0.0148007085393739,2.01096679320803,1.00027895804724,16709.1965903341,4670.54675096867,0.00780042330252527,0.00714820966637208,0.0199715645009725,0.0213300379374342,-0.000278880314767415,0.0216089182522017,NA,FALSE,FALSE,TRUE,"diagnostics_met_only"
"z[121,6]","Stan_internal",TRUE,0.0102055158302045,0.987982000569717,-1.9574981199295,0.0171986533435855,1.94878129217934,1.00042930825441,15382.9398601223,6000.08769199161,0.00795000795028092,0.0123415046499312,-0.001023255775216,0.0218622409789556,0.00764157346714734,0.0228854967541716,NA,FALSE,FALSE,TRUE,"diagnostics_met_only"
"z[122,6]","Stan_internal",TRUE,0.00189160955859378,1.01435062897274,-2.00314788302161,-0.00920810615261108,1.98220991526911,0.999853737346237,16355.317659559,5422.66699082332,0.00794476392804897,-0.00420782618696957,0.0238389215855011,-0.0036500981315149,-0.00841455903264132,0.0322534806181424,NA,FALSE,FALSE,TRUE,"diagnostics_met_only"
"z[123,6]","Stan_internal",TRUE,-0.0188176657161584,1.00839036513146,-2.04082432029161,-0.013022421843571,1.97379170188454,1.0012224943568,17239.4169218788,4513.34241860169,0.00767122961342356,-0.0190447865585775,-0.0249657474884824,-0.0237675295386188,-0.00749259927895509,0.0174731482095273,NA,FALSE,FALSE,TRUE,"diagnostics_met_only"
"z[124,6]","Stan_internal",TRUE,0.0149679046779495,1.01328713090332,-1.99529936565478,0.00937203232588781,2.04319181438179,1.00062337820362,16513.7952687689,5373.75577021257,0.00789037497480483,0.0111505407492679,0.0311855825241858,0.0155597690847353,0.00197572635360896,0.0292098561705769,NA,FALSE,FALSE,TRUE,"diagnostics_met_only"
"z[125,6]","Stan_internal",TRUE,0.00186405236949562,0.98877061184702,-1.9307101420975,0.00275009777761271,1.92412426614964,1.0006277857283,16583.422265507,5831.01154484883,0.0076782422383674,0.0114780767130089,0.00369049785371941,-0.00278301168915844,-0.00492935339958733,0.0164074301125962,NA,FALSE,FALSE,TRUE,"diagnostics_met_only"
"z[126,6]","Stan_internal",TRUE,-0.00658085009080719,1.01766921723552,-1.98714574999793,-0.0113130726345015,1.95662711517433,1.00031443648723,14835.4137140445,5835.71741600744,0.00835017869021322,0.00852266654240117,-0.00125799493072124,-0.0209282379030097,-0.0126598340718987,0.0294509044454109,NA,FALSE,FALSE,TRUE,"diagnostics_met_only"
"z[127,6]","Stan_internal",TRUE,0.0152663159511141,1.0080496308599,-1.95933977189102,0.0219481559610497,2.0104968899799,0.999945463431108,16590.1134748951,5100.47271442042,0.00781760601664671,0.00984767630653365,0.0371294080967301,0.00728764203419853,0.00680053736699427,0.0303288707297359,NA,FALSE,FALSE,TRUE,"diagnostics_met_only"
"z[128,6]","Stan_internal",TRUE,0.019014635806675,0.983406845392682,-1.87989382334856,0.027263251088461,1.91802941558317,1.0010484079093,15048.0431541574,5228.17787045599,0.00802795560144506,0.0089600807551439,0.0565363802381924,-0.00560221187168504,0.0161642941050488,0.0621385921098774,NA,FALSE,FALSE,TRUE,"diagnostics_met_only"
"z[129,6]","Stan_internal",TRUE,-0.000662844131014105,1.00195787209132,-1.94654636513273,-0.00197414356960384,1.95057514923274,1.00088547685685,16158.8782887581,5786.85091718159,0.00787830641878432,-0.0249267995129417,0.0227165851358295,0.0078646272774025,-0.0083057894243468,0.0476433846487712,NA,FALSE,FALSE,TRUE,"diagnostics_met_only"
"z[130,6]","Stan_internal",TRUE,-0.00260771156119718,1.01461841141173,-2.0174196256957,0.00681254804488261,1.98315715205036,1.00169657788841,15522.3529096774,4854.79283613486,0.00812953701295429,-0.0147851989066499,-0.0076387718043578,0.0232432652591527,-0.0112501407929338,0.0380284641658026,NA,FALSE,FALSE,TRUE,"diagnostics_met_only"
"z[131,6]","Stan_internal",TRUE,-0.00636212443944394,0.981922511686211,-1.92722201462459,-0.00316739087306567,1.91120689271932,0.999731571910429,15135.4028650884,5297.79986853206,0.0079771893814512,-0.00642073523822719,-0.0241577084361933,-0.0112775413583499,0.0164074872749945,0.0405651957111878,NA,FALSE,FALSE,TRUE,"diagnostics_met_only"
"z[132,6]","Stan_internal",TRUE,-0.00842342326579692,0.975820968147326,-1.93607698520132,0.000848580891079224,1.9246495908297,0.999792779698361,16843.9073596133,5675.83723229233,0.00721855561583841,-0.00509534777507027,-0.00324958656678178,-0.0254350118150452,8.62530937095854e-05,0.0255212649087548,NA,FALSE,FALSE,TRUE,"diagnostics_met_only"
"z[133,6]","Stan_internal",TRUE,0.00375131139099528,0.996412228295671,-2.00864493038775,0.00470147924777325,1.97262674804794,1.00071679034112,14409.9045703794,4989.56853841988,0.00831058759951164,-0.00197475185473867,0.020687059294346,-0.00598598756137655,0.0022789256857503,0.0266730468557226,NA,FALSE,FALSE,TRUE,"diagnostics_met_only"
"z[134,6]","Stan_internal",TRUE,0.0249390156011433,0.988007775674587,-1.89606266667714,0.0287168918549511,1.94205118600513,1.00049059547598,19168.5103570735,6079.18720098122,0.00714348426357214,0.0203564028520985,0.0520495656417385,0.0180838371578595,0.00926625675287672,0.0427833088888618,NA,FALSE,FALSE,TRUE,"diagnostics_met_only"
"z[135,6]","Stan_internal",TRUE,0.000939416784862661,0.998329111893942,-1.99895873677104,0.0099149486071808,1.94950101632275,1.00146966188933,15119.3681355054,5468.95036306153,0.00807960861051433,0.0101804449596568,-0.026946693978084,0.00812924381966731,0.0123946723382103,0.0393413663162943,NA,FALSE,FALSE,TRUE,"diagnostics_met_only"
"z[136,6]","Stan_internal",TRUE,0.00809318438212441,1.00648659843996,-1.96133624279288,0.000603155821263113,1.95509125686187,1.00264386770457,14736.1539563702,5811.68581336265,0.00830350504091207,-0.0170467334704471,0.024624414942725,0.0232529091642676,0.00154214689195204,0.0416711484131721,NA,FALSE,FALSE,TRUE,"diagnostics_met_only"
"z[137,6]","Stan_internal",TRUE,0.00888087033097336,0.993603729079823,-1.95747077303575,0.0112511120752181,1.98401035277213,1.00117239242941,16722.2446741069,5560.61449902843,0.00767394811645317,0.0062789512986281,0.0311524356482693,-0.00648394245488201,0.00457603683187804,0.0376363781031513,NA,FALSE,FALSE,TRUE,"diagnostics_met_only"
"z[138,6]","Stan_internal",TRUE,-0.000346208689403348,1.00959541546101,-1.9606489505781,-0.015687488127787,1.96054107862185,1.0006312993279,16834.2389628876,5952.17435161792,0.00777085579180546,-0.0190982986897382,0.0204629235572933,0.00126245838931596,-0.00401191801448442,0.0395612222470315,NA,FALSE,FALSE,TRUE,"diagnostics_met_only"
"z[139,6]","Stan_internal",TRUE,0.0039354709688823,1.00637744106901,-1.95558660076426,0.00618330723172254,1.96458086567493,1.00042623368453,15314.0591903144,5380.39142624094,0.00810933460037392,-0.0119636594073026,0.032658545651397,-0.0140856326364022,0.00913263026783716,0.0467441782877992,NA,FALSE,FALSE,TRUE,"diagnostics_met_only"
"z[140,6]","Stan_internal",TRUE,0.0108388433314846,1.00313848557668,-1.96741420195078,0.0184730942391792,1.97015529496561,1.00035029125097,15825.5864181211,5310.1264761265,0.00797336065865849,0.00566285975574938,0.0188922498493073,0.0312206177729541,-0.0124203540520723,0.0436409718250264,NA,FALSE,FALSE,TRUE,"diagnostics_met_only"
"z[141,6]","Stan_internal",TRUE,-0.00252209051276023,1.00730844262169,-1.98548112546119,0.00983532611803068,2.00312267558187,1.00012708366724,14833.6548566542,4927.73197808605,0.00828193908179495,-0.0219998585403406,0.022309144575905,-0.010743817533896,0.000346169447290577,0.0443090031162456,NA,FALSE,FALSE,TRUE,"diagnostics_met_only"
"z[142,6]","Stan_internal",TRUE,0.00182433860568698,1.0099137423904,-1.99377161255473,-0.00669322162090892,1.95400364390572,1.00241191511581,17484.2415410236,5197.69260227037,0.00764584023201861,0.00468849913245387,0.0196733705504259,-0.00258149091056932,-0.0144830243495625,0.0341563948999884,NA,FALSE,FALSE,TRUE,"diagnostics_met_only"
"z[143,6]","Stan_internal",TRUE,0.00133138795612553,0.994677576752876,-1.95561809789245,-0.00692832918690632,1.92806408743438,1.00071185275548,14639.4950650801,5145.07401096611,0.00820810633656478,0.0023078116136408,-0.0204408628468082,0.001851229635195,0.0216073734224746,0.0420482362692828,NA,FALSE,FALSE,TRUE,"diagnostics_met_only"
"r[1]","Stan_internal",TRUE,0.777938083607778,0.22772332565454,0.0998926347238529,0.861106942027045,0.995343518472537,1.47651129130722,7.71952976587183,18.0773887137568,0.0807522111311191,0.687152979173375,0.939813755755392,0.574045561691068,0.91074003781128,0.365768194064324,NA,FALSE,FALSE,FALSE,"inconclusive"
"r[2]","Stan_internal",TRUE,0.0125050557263463,0.012715161177211,0.000354097946373666,0.00845876320158605,0.0461979954720057,1.00552912478279,4929.76742021902,4059.56417648267,0.000181368703603732,0.0117318207972626,0.0136809050029776,0.0109667889873885,0.0136407081177566,0.00271411601558916,NA,FALSE,FALSE,TRUE,"diagnostics_met_only"
